"Time","input"
0,0
0.002,0
0.004,0
0.006,0
0.008,0
0.01,0
0.012,0
0.014,0
0.016,0
0.018,0
0.02,0
0.022,0
0.024,0
0.026,0
0.028,0
0.03,0
0.032,0
0.034,0
0.036,0
0.038,0
0.04,0
0.042,0
0.044,0
0.046,0
0.048,0
0.05,0
0.052,0
0.054,0
0.056,0
0.058,0
0.06,0
0.062,0
0.064,0
0.066,0
0.068,0
0.07,0
0.072,0
0.074,0
0.076,0
0.078,0
0.08,0
0.082,0
0.084,0
0.086,0
0.088,0
0.09,0
0.092,0
0.094,0
0.096,0
0.098,0
0.1,0
0.102,0
0.104,0
0.106,0
0.108,0
0.11,0
0.112,0
0.114,0
0.116,0
0.118,0
0.12,0
0.122,0
0.124,0
0.126,0
0.128,0
0.13,0
0.132,0
0.134,0
0.136,0
0.138,0
0.14,0
0.142,0
0.144,0
0.146,0
0.148,0
0.15,0
0.152,0
0.154,0
0.156,0
0.158,0
0.16,0
0.162,0
0.164,0
0.166,0
0.168,0
0.17,0
0.172,0
0.174,0
0.176,0
0.178,0
0.18,0
0.182,0
0.184,0
0.186,0
0.188,0
0.19,0
0.192,0
0.194,0
0.196,0
0.198,0
0.2,0
0.202,0
0.204,0
0.206,0
0.208,0
0.21,0
0.212,0
0.214,0
0.216,0
0.218,0
0.22,0
0.222,0
0.224,0
0.226,0
0.228,0
0.23,0
0.232,0
0.234,0
0.236,0
0.238,0
0.24,0
0.242,0
0.244,0
0.246,0
0.248,0
0.25,0
0.252,0
0.254,0
0.256,0
0.258,0
0.26,0
0.262,0
0.264,0
0.266,0
0.268,0
0.27,0
0.272,0
0.274,0
0.276,0
0.278,0
0.28,0
0.282,0
0.284,0
0.286,0
0.288,0
0.29,0
0.292,0
0.294,0
0.296,0
0.298,0
0.3,0
0.302,0
0.304,0
0.306,0
0.308,0
0.31,0
0.312,0
0.314,0
0.316,0
0.318,0
0.32,0
0.322,0
0.324,0
0.326,0
0.328,0
0.33,0
0.332,0
0.334,0
0.336,0
0.338,0
0.34,0
0.342,0
0.344,0
0.346,0
0.348,0
0.35,0
0.352,0
0.354,0
0.356,0
0.358,0
0.36,0
0.362,0
0.364,0
0.366,0
0.368,0
0.37,0
0.372,0
0.374,0
0.376,0
0.378,0
0.38,0
0.382,0
0.384,0
0.386,0
0.388,0
0.39,0
0.392,0
0.394,0
0.396,0
0.398,0
0.4,0
0.402,0
0.404,0
0.406,0
0.408,0
0.41,0
0.412,0
0.414,0
0.416,0
0.418,0
0.42,0
0.422,0
0.424,0
0.426,0
0.428,0
0.43,0
0.432,0
0.434,0
0.436,0
0.438,0
0.44,0
0.442,0
0.444,0
0.446,0
0.448,0
0.45,0
0.452,0
0.454,0
0.456,0
0.458,0
0.46,0
0.462,0
0.464,0
0.466,0
0.468,0
0.47,0
0.472,0
0.474,0
0.476,0
0.478,0
0.48,0
0.482,0
0.484,0
0.486,0
0.488,0
0.49,0
0.492,0
0.494,0
0.496,0
0.498,0
0.5,0
0.502,0
0.504,0
0.506,0
0.508,0
0.51,0
0.512,0
0.514,0
0.516,0
0.518,0
0.52,0
0.522,0
0.524,0
0.526,0
0.528,0
0.53,0
0.532,0
0.534,0
0.536,0
0.538,0
0.54,0
0.542,0
0.544,0
0.546,0
0.548,0
0.55,0
0.552,0
0.554,0
0.556,0
0.558,0
0.56,0
0.562,0
0.564,0
0.566,0
0.568,0
0.57,0
0.572,0
0.574,0
0.576,0
0.578,0
0.58,0
0.582,0
0.584,0
0.586,0
0.588,0
0.59,0
0.592,0
0.594,0
0.596,0
0.598,0
0.6,0
0.602,0
0.604,0
0.606,0
0.608,0
0.61,0
0.612,0
0.614,0
0.616,0
0.618,0
0.62,0
0.622,0
0.624,0
0.626,0
0.628,0
0.63,0
0.632,0
0.634,0
0.636,0
0.638,0
0.64,0
0.642,0
0.644,0
0.646,0
0.648,0
0.65,0
0.652,0
0.654,0
0.656,0
0.658,0
0.66,0
0.662,0
0.664,0
0.666,0
0.668,0
0.67,0
0.672,0
0.674,0
0.676,0
0.678,0
0.68,0
0.682,0
0.684,0
0.686,0
0.688,0
0.69,0
0.692,0
0.694,0
0.696,0
0.698,0
0.7,0
0.702,0
0.704,0
0.706,0
0.708,0
0.71,0
0.712,0
0.714,0
0.716,0
0.718,0
0.72,0
0.722,0
0.724,0
0.726,0
0.728,0
0.73,0
0.732,0
0.734,0
0.736,0
0.738,0
0.74,0
0.742,0
0.744,0
0.746,0
0.748,0
0.75,0
0.752,0
0.754,0
0.756,0
0.758,0
0.76,0
0.762,0
0.764,0
0.766,0
0.768,0
0.77,0
0.772,0
0.774,0
0.776,0
0.778,0
0.78,0
0.782,0
0.784,0
0.786,0
0.788,0
0.79,0
0.792,0
0.794,0
0.796,0
0.798,0
0.8,0
0.802,0
0.804,0
0.806,0
0.808,0
0.81,0
0.812,0
0.814,0
0.816,0
0.818,0
0.82,0
0.822,0
0.824,0
0.826,0
0.828,0
0.83,0
0.832,0
0.834,0
0.836,0
0.838,0
0.84,0
0.842,0
0.844,0
0.846,0
0.848,0
0.85,0
0.852,0
0.854,0
0.856,0
0.858,0
0.86,0
0.862,0
0.864,0
0.866,0
0.868,0
0.87,0
0.872,0
0.874,0
0.876,0
0.878,0
0.88,0
0.882,0
0.884,0
0.886,0
0.888,0
0.89,0
0.892,0
0.894,0
0.896,0
0.898,0
0.9,0
0.902,0
0.904,0
0.906,0
0.908,0
0.91,0
0.912,0
0.914,0
0.916,0
0.918,0
0.92,0
0.922,0
0.924,0
0.926,0
0.928,0
0.93,0
0.932,0
0.934,0
0.936,0
0.938,0
0.94,0
0.942,0
0.944,0
0.946,0
0.948,0
0.95,0
0.952,0
0.954,0
0.956,0
0.958,0
0.96,0
0.962,0
0.964,0
0.966,0
0.968,0
0.97,0
0.972,0
0.974,0
0.976,0
0.978,0
0.98,0
0.982,0
0.984,0
0.986,0
0.988,0
0.99,0
0.992,0
0.994,0
0.996,0
0.998,0
1,0.2
1.002,0.2
1.004,0.2
1.006,0.2
1.008,0.2
1.01,0.2
1.012,0.2
1.014,0.2
1.016,0.2
1.018,0.2
1.02,0.2
1.022,0.2
1.024,0.2
1.026,0.2
1.028,0.2
1.03,0.2
1.032,0.2
1.034,0.2
1.036,0.2
1.038,0.2
1.04,0.2
1.042,0.2
1.044,0.2
1.046,0.2
1.048,0.2
1.05,0.2
1.052,0.2
1.054,0.2
1.056,0.2
1.058,0.2
1.06,0.2
1.062,0.2
1.064,0.2
1.066,0.2
1.068,0.2
1.07,0.2
1.072,0.2
1.074,0.2
1.076,0.2
1.078,0.2
1.08,0.2
1.082,0.2
1.084,0.2
1.086,0.2
1.088,4.12762
1.09,4.12763
1.092,4.12764
1.094,4.12764
1.096,4.1275
1.098,4.12728
1.1,3.92734
1.102,3.92707
1.104,3.92622
1.106,3.92584
1.108,3.92543
1.11,3.92417
1.112,3.92275
1.114,3.92122
1.116,3.92091
1.118,3.9178
1.12,3.91608
1.122,3.91433
1.124,3.91064
1.126,3.9089
1.128,3.90494
1.13,3.90087
1.132,3.89672
1.134,3.89251
1.136,3.88825
1.138,3.88395
1.14,3.8796
1.142,3.87183
1.144,3.86754
1.146,3.85948
1.148,3.85525
1.15,3.84693
1.152,3.83853
1.154,3.83446
1.156,3.82579
1.158,3.81706
1.16,3.80826
1.162,3.79938
1.164,3.79043
1.166,3.78138
1.168,3.77755
1.17,3.76806
1.172,3.75846
1.174,3.74875
1.176,3.73892
1.178,3.72895
1.18,3.71883
1.182,3.70857
1.184,3.69813
1.186,3.68753
1.188,3.68304
1.19,3.67178
1.192,3.66037
1.194,3.64879
1.196,3.64358
1.198,3.63135
1.2,3.62558
1.202,3.61275
1.204,3.60648
1.206,3.59308
1.208,3.58633
1.21,3.57916
1.212,3.56485
1.214,3.5573
1.216,3.54937
1.218,3.54109
1.22,3.53249
1.222,3.52359
1.224,3.51441
1.226,3.50497
1.228,3.50207
1.23,3.49186
1.232,3.48146
1.234,3.47765
1.236,3.47332
1.238,3.46192
1.24,3.45709
1.242,3.45186
1.244,3.44629
1.246,3.43387
1.248,3.43451
1.25,3.42808
1.252,3.42143
1.254,3.41459
1.256,3.40757
1.258,3.40669
1.26,3.39914
1.262,3.39767
1.264,3.38972
1.266,3.38781
1.268,3.38558
1.27,3.38306
1.272,3.38031
1.274,3.37736
1.276,3.37423
1.278,3.37096
1.28,3.36755
1.282,3.3696
1.284,3.36583
1.286,3.3674
1.288,3.36339
1.29,3.36463
1.292,3.36564
1.294,3.36646
1.296,3.3621
1.298,3.36279
1.3,3.36335
1.302,3.36859
1.304,3.36884
1.306,3.36905
1.308,3.37375
1.31,3.37382
1.312,3.37824
1.314,3.37826
1.316,3.38249
1.318,-3.3866
1.32,-3.39061
1.322,-3.39455
1.324,-3.39844
1.326,-3.40592
1.328,-3.40973
1.33,-3.41693
1.332,-3.42398
1.334,-3.43093
1.336,-3.44064
1.338,-3.44748
1.34,-3.45681
1.342,-3.46597
1.344,-3.47504
1.346,-3.48585
1.348,-3.49641
1.35,-3.50548
1.352,-3.51573
1.354,-3.52674
1.356,-3.53747
1.358,-3.54774
1.36,-3.55807
1.362,-3.5684
1.364,-3.57869
1.366,-3.58808
1.368,-3.59731
1.37,-3.60486
1.372,-3.61212
1.374,-3.61917
1.376,-3.62606
1.378,-3.6328
1.38,-3.63604
1.382,-3.63517
1.384,-3.63819
1.386,-3.63633
1.388,-3.63413
1.39,-3.62603
1.392,-3.62355
1.394,-3.61428
1.396,-3.59759
1.398,-3.58034
1.4,-3.57058
1.402,-3.54338
1.404,-3.52456
1.406,-3.5051
1.408,-3.47509
1.41,-3.4444
1.412,-3.41299
1.414,-3.39198
1.416,-3.35826
1.418,-3.32362
1.42,-3.28799
1.422,-3.26392
1.424,-3.28848
1.426,-3.41164
1.428,-3.46924
1.43,-3.55455
1.432,-3.62245
1.434,-3.68381
1.436,-3.71877
1.438,-3.74684
1.44,-3.76937
1.442,-3.77718
1.444,-3.78338
1.446,-3.78826
1.448,-3.79665
1.45,-3.80344
1.452,-3.81291
1.454,-3.82061
1.456,-3.8269
1.458,-3.82898
1.46,-3.83067
1.462,-3.82909
1.464,-3.82747
1.466,-3.82581
1.468,-3.82411
1.47,-3.82533
1.472,-3.82632
1.474,-3.82712
1.476,-3.82777
1.478,-3.82829
1.48,-3.82618
1.482,-3.82407
1.484,-3.82195
1.486,-3.81704
1.488,-3.81497
1.49,-3.81573
1.492,-3.81358
1.494,-3.81143
1.496,-3.80928
1.498,-3.80712
1.5,-3.80495
1.502,-3.79973
1.504,-3.79762
1.506,-3.79229
1.508,-3.79024
1.51,-3.78816
1.512,-3.78271
1.514,-3.78068
1.516,-3.77157
1.518,-3.75833
1.52,-3.74025
1.522,-3.7261
1.524,-3.71174
1.526,-3.69723
1.528,-3.68796
1.53,-3.67323
1.532,-3.66405
1.534,-3.6548
1.536,-3.64548
1.538,-3.6418
1.54,-3.64881
1.542,-3.65449
1.544,-3.66395
1.546,-3.67187
1.548,-3.67428
1.55,-3.67622
1.552,-3.67367
1.554,-3.67518
1.556,-3.6724
1.558,-3.6736
1.56,-3.67835
1.562,-3.67897
1.564,-3.68299
1.566,-3.68329
1.568,-3.68352
1.57,-3.68371
1.572,-3.68708
1.574,-3.68714
1.576,-3.6872
1.578,-3.69026
1.58,-3.69027
1.582,-3.69027
1.584,-3.69028
1.586,-3.69028
1.588,-3.69029
1.59,-3.68731
1.592,-3.68733
1.594,-3.68735
1.596,-3.68736
1.598,-3.68737
1.6,-3.68738
1.602,-3.68739
1.604,-3.6874
1.606,-3.6874
1.608,-3.68741
1.61,-3.68741
1.612,-3.68741
1.614,-3.68741
1.616,-3.68443
1.618,-3.68445
1.62,-3.68446
1.622,-3.68448
1.624,-3.68449
1.626,-3.68449
1.628,-3.6845
1.63,-3.68148
1.632,-3.6815
1.634,-3.68153
1.636,-3.68154
1.638,-3.68156
1.64,-3.68157
1.642,-3.68158
1.644,-3.68159
1.646,-3.68159
1.648,-3.6816
1.65,-3.6816
1.652,-3.67857
1.654,-3.6786
1.656,-3.67861
1.658,-3.67863
1.66,-3.67864
1.662,-3.67865
1.664,-3.67866
1.666,-3.67866
1.668,-3.67867
1.67,-3.67867
1.672,-3.67868
1.674,-3.67868
1.676,-3.67868
1.678,-3.67868
1.68,-3.67868
1.682,-3.67869
1.684,-3.67869
1.686,-3.67869
1.688,-3.67869
1.69,-3.67869
1.692,-3.67869
1.694,-3.67869
1.696,-3.67869
1.698,-3.67869
1.7,-3.67869
1.702,-3.67869
1.704,-3.67869
1.706,-3.67869
1.708,-3.67869
1.71,-3.67869
1.712,-3.67869
1.714,-3.67869
1.716,3.68157
1.718,3.68158
1.72,3.68159
1.722,3.68159
1.724,3.68439
1.726,3.68712
1.728,3.68717
1.73,3.68985
1.732,3.68993
1.734,3.69257
1.736,3.69516
1.738,3.69533
1.74,3.6979
1.742,3.70045
1.744,3.70298
1.746,3.7055
1.748,3.71007
1.75,3.7126
1.752,3.71512
1.754,3.71946
1.756,3.72371
1.758,3.7279
1.76,3.73204
1.762,3.73734
1.764,3.74244
1.766,3.74662
1.768,3.75149
1.77,3.75628
1.772,3.76123
1.774,3.76597
1.776,3.77051
1.778,3.77491
1.78,3.77919
1.782,3.78245
1.784,3.78671
1.786,3.78948
1.788,3.7921
1.79,3.7946
1.792,3.79699
1.794,3.79677
1.796,3.79916
1.798,3.79841
1.8,3.79749
1.802,3.79643
1.804,3.79521
1.806,3.78963
1.808,3.78835
1.81,3.78211
1.812,3.77565
1.814,3.76897
1.816,3.76205
1.818,3.75486
1.82,3.74738
1.822,3.73957
1.824,3.72469
1.826,3.71654
1.828,3.7007
1.83,3.69204
1.832,3.68279
1.834,3.66508
1.836,3.65511
1.838,3.64443
1.84,3.6246
1.842,3.61302
1.844,3.60063
1.846,3.58744
1.848,3.57344
1.85,3.55863
1.852,3.54302
1.854,3.53593
1.856,3.54584
1.858,3.56163
1.86,3.58227
1.862,3.59875
1.864,3.62691
1.866,3.64972
1.868,3.66162
1.87,3.67735
1.872,3.69009
1.874,3.69483
1.876,3.70377
1.878,3.71101
1.88,3.71687
1.882,3.72614
1.884,3.73383
1.886,3.73632
1.888,3.73834
1.89,3.74363
1.892,3.74816
1.894,3.74889
1.896,3.75261
1.898,3.75592
1.9,3.75611
1.902,3.75902
1.904,3.7617
1.906,3.7642
1.908,-3.76657
1.91,-3.76883
1.912,-3.77304
1.914,-3.77512
1.916,-3.77893
1.918,-3.78399
1.92,-3.78738
1.922,-3.79173
1.924,-3.79497
1.926,-3.79887
1.928,-3.80295
1.93,-3.80657
1.932,-3.81009
1.934,-3.81269
1.936,-3.81558
1.938,-3.81728
1.94,-3.81864
1.942,-3.81976
1.944,-3.81862
1.946,-3.81708
1.948,-3.81525
1.95,-3.81319
1.952,-3.80743
1.954,-3.80129
1.956,-3.79488
1.958,-3.78822
1.96,-3.77628
1.962,-3.76398
1.964,-3.75137
1.966,-3.73847
1.968,-3.72528
1.97,-3.7048
1.972,-3.69135
1.974,-3.66983
1.976,-3.64795
1.978,-3.6257
1.98,-3.61177
1.982,-3.58819
1.984,-3.56415
1.986,-3.53959
1.988,-3.51447
1.99,-3.53798
1.992,-3.584
1.994,-3.61311
1.996,-3.67545
1.998,-3.71774
2,-3.75127
2.002,-3.77784
2.004,-3.80353
2.006,-3.8153
2.008,-3.82093
2.01,-3.82915
2.012,-3.83247
2.014,-3.83187
2.016,-3.8405
2.018,-3.84476
2.02,-3.84831
2.022,-3.85131
2.024,-3.85386
2.026,-3.85607
2.028,-3.85617
2.03,-3.85432
2.032,-3.85445
2.034,-3.85455
2.036,-3.85464
2.038,-3.8547
2.04,-3.85476
2.042,-3.8548
2.044,-3.85658
2.046,-3.85485
2.048,-3.85488
2.05,-3.85308
2.052,-3.85122
2.054,-3.85131
2.056,-3.84942
2.058,-3.84748
2.06,-3.84765
2.062,-3.84778
2.064,-3.84583
2.066,-3.84385
2.068,-3.83951
2.07,-3.83749
2.072,-3.83291
2.074,-3.83091
2.076,-3.82891
2.078,-3.82412
2.08,-3.82217
2.082,-3.82021
2.084,-3.81526
2.086,-3.81026
2.088,-3.80521
2.09,-3.80014
2.092,-3.79505
2.094,-3.78993
2.096,-3.78481
2.098,-3.77967
2.1,-3.77452
2.102,-3.76936
2.104,-3.76012
2.106,-3.75503
2.108,-3.74563
2.11,-3.74062
2.112,-3.73556
2.114,-3.72592
2.116,-3.72092
2.118,-3.71585
2.12,-3.70596
2.122,-3.69605
2.124,-3.68612
2.126,-3.67616
2.128,-3.67142
2.13,-3.66128
2.132,-3.65111
2.134,-3.64636
2.136,-3.63598
2.138,-3.62557
2.14,-3.61513
2.142,-3.60464
2.144,-3.59412
2.146,-3.58354
2.148,-3.5729
2.15,-3.56221
2.152,-3.55144
2.154,-3.54061
2.156,-3.52969
2.158,-3.5187
2.16,-3.50762
2.162,-3.49645
2.164,-3.48519
2.166,-3.47383
2.168,-3.46238
2.17,-3.44405
2.172,-3.43265
2.174,-3.42112
2.176,-3.40946
2.178,-3.39767
2.18,-3.38575
2.182,-3.3737
2.184,-3.36153
2.186,-3.34924
2.188,-3.33682
2.19,-3.32429
2.192,-3.31163
2.194,-3.29885
2.196,-3.28595
2.198,-3.27294
2.2,-3.25981
2.202,-3.25399
2.204,-3.24038
2.206,-3.22668
2.208,-3.2129
2.21,-3.19903
2.212,-3.1926
2.214,-3.17831
2.216,-3.16396
2.218,-3.1571
2.22,-3.14238
2.222,-3.13517
2.224,-3.12012
2.226,-3.11261
2.228,-3.09728
2.23,-3.08951
2.232,-3.07392
2.234,-3.06592
2.236,-3.05766
2.238,-3.04917
2.24,-3.04048
2.242,-3.03159
2.244,-3.02254
2.246,-3.01334
2.248,-3.004
2.25,-2.99454
2.252,-2.98497
2.254,-2.97529
2.256,-2.96551
2.258,-2.96294
2.26,-2.95278
2.262,-2.94978
2.264,-2.93933
2.266,-2.936
2.268,-2.93239
2.27,-2.92155
2.272,-2.91775
2.274,-2.91374
2.276,-2.90955
2.278,-2.90521
2.28,-2.90074
2.282,-2.89615
2.284,-2.89147
2.286,-2.8867
2.288,-2.88844
2.29,-2.88339
2.292,-2.87831
2.294,-2.87962
2.296,-2.88069
2.298,-2.87532
2.3,-2.87619
2.302,-2.8769
2.304,-2.87139
2.306,-2.872
2.308,-2.87249
2.31,-2.87289
2.312,-2.87321
2.314,-2.87923
2.316,-2.87936
2.318,-2.87946
2.32,-2.88509
2.322,-2.88512
2.324,-2.88514
2.326,-2.89055
2.328,2.89582
2.33,2.89583
2.332,2.90609
2.334,2.90615
2.336,2.91612
2.338,2.92112
2.34,2.9261
2.342,2.93108
2.344,2.94061
2.346,2.94561
2.348,2.95499
2.35,2.96429
2.352,2.97355
2.354,2.98279
2.356,2.99581
2.358,3.01554
2.36,3.0477
2.362,3.07466
2.364,3.08689
2.366,3.09978
2.368,3.1247
2.37,3.14479
2.372,3.16428
2.374,3.18239
2.376,3.19784
2.378,3.21561
2.38,3.23545
2.382,3.2502
2.384,3.26147
2.386,3.27978
2.388,3.28125
2.39,3.28669
2.392,3.29729
2.394,3.30765
2.396,3.30477
2.398,3.3085
2.4,3.31179
2.402,3.29834
2.404,3.28418
2.406,3.26931
2.408,3.24357
2.41,3.21693
2.412,3.1893
2.414,3.14853
2.416,3.11932
2.418,3.07545
2.42,3.03023
2.422,2.98353
2.424,2.95014
2.426,2.89913
2.428,2.86211
2.43,2.8225
2.432,2.76368
2.434,2.71984
2.436,2.69033
2.438,2.6396
2.44,2.60383
2.442,2.56434
2.444,2.53922
2.446,2.50948
2.448,2.47544
2.45,2.43739
2.452,2.39559
2.454,2.36851
2.456,2.33686
2.458,2.30104
2.46,2.27951
2.462,2.2351
2.464,2.20569
2.466,2.17218
2.468,2.13498
2.47,2.1122
2.472,2.06743
2.474,2.0377
2.476,2.00435
2.478,1.9678
2.48,1.9284
2.482,1.90356
2.484,1.85822
2.486,1.82788
2.488,1.79463
2.49,1.75883
2.492,1.73713
2.494,1.69602
2.496,1.66938
2.498,1.64012
2.5,1.60858
2.502,1.57509
2.504,1.5399
2.506,-1.50325
2.508,-1.48041
2.51,-1.45529
2.512,-1.42823
2.514,-1.39949
2.516,-1.36933
2.518,-1.35207
2.52,-1.31871
2.522,-1.29838
2.524,-1.27633
2.526,-1.25282
2.528,-1.22807
2.53,-1.20227
2.532,-1.18843
2.534,-1.16019
2.536,-1.14392
2.538,-1.12626
2.54,-1.10742
2.542,-1.08759
2.544,-1.07863
2.546,-1.05651
2.548,-1.04526
2.55,-1.03271
2.552,-1.01908
2.554,-1.00452
2.556,-0.989184
2.558,-0.973198
2.56,-0.966949
2.562,-0.959435
2.564,-0.940977
2.566,-0.932128
2.568,-0.931972
2.57,-0.921018
2.572,-0.909546
2.574,-0.906677
2.576,-0.902764
2.578,-0.889314
2.58,-0.884299
2.582,-0.886932
2.584,-0.880205
2.586,-0.873057
2.588,-0.87343
2.59,-0.872952
2.592,-0.871767
2.594,-0.869997
2.596,-0.867741
2.598,-0.865081
2.6,-0.86899
2.602,-0.872157
2.604,-0.874722
2.606,-0.87039
2.608,-0.878603
2.61,-0.879943
2.612,-0.881029
2.614,-0.887759
2.616,-0.893998
2.618,-0.899859
2.62,-0.905432
2.622,-0.910788
2.624,-0.915983
2.626,0.926045
2.628,0.930981
2.63,0.940635
2.632,0.950122
2.634,0.959512
2.636,0.96886
2.638,0.978205
2.64,0.991679
2.642,1.00115
2.644,1.01459
2.646,1.03174
2.648,1.0454
2.65,1.05922
2.652,1.07322
2.654,1.09062
2.656,1.10824
2.658,1.12612
2.66,1.14432
2.662,1.16283
2.664,1.18422
2.666,1.20601
2.668,1.22604
2.67,1.24856
2.672,1.27157
2.674,1.29693
2.676,1.32123
2.678,1.3476
2.68,1.37319
2.682,1.40058
2.684,1.42864
2.686,1.45734
2.688,1.48761
2.69,1.51795
2.692,1.54951
2.694,1.58189
2.696,1.61506
2.698,1.64897
2.7,1.68359
2.702,1.71886
2.704,1.75455
2.706,-1.79114
2.708,-1.82859
2.71,-1.86859
2.712,-1.90777
2.714,-1.944
2.716,-1.9783
2.718,-2.01084
2.72,-2.04157
2.722,-2.06948
2.724,-2.09492
2.726,-2.11831
2.728,-2.13998
2.73,-2.15811
2.732,-2.1742
2.734,-2.18588
2.736,-2.19534
2.738,-2.203
2.74,-2.20921
2.742,-2.21424
2.744,-2.21417
2.746,-2.21713
2.748,-2.21494
2.75,-2.21661
2.752,-2.21797
2.754,-2.21907
2.756,-2.21996
2.758,-2.22068
2.76,-2.22126
2.762,-2.22173
2.764,-2.22212
2.766,-2.22782
2.768,-2.22818
2.77,-2.22847
2.772,-2.23417
2.774,-2.23987
2.776,-2.24021
2.778,-2.2459
2.78,-2.2516
2.782,-2.25197
2.784,-2.25767
2.786,-2.25802
2.788,-2.2637
2.79,-2.26404
2.792,-2.26431
2.794,-2.25896
2.796,-2.25906
2.798,-2.25341
2.8,-2.24758
2.802,2.24162
2.804,2.2294
2.806,2.21687
2.808,2.20412
2.81,2.19123
2.812,2.17136
2.814,2.15121
2.816,2.1309
2.818,2.10294
2.82,2.07474
2.822,2.04645
2.824,2.01816
2.826,1.98996
2.828,1.95322
2.83,-1.91656
2.832,-1.8801
2.834,-1.84391
2.836,-1.80804
2.838,-1.7628
2.84,-1.71797
2.842,-1.67363
2.844,-1.62984
2.846,-1.57606
2.848,-1.5338
2.85,-1.48123
2.852,-1.4295
2.854,-1.37863
2.856,-1.31718
2.858,-1.26857
2.86,-1.20906
2.862,-1.16272
2.864,-1.10522
2.866,-1.049
2.868,-0.994059
2.87,-0.940384
2.872,-0.87552
2.874,-0.824998
2.876,-0.763052
2.878,-0.715588
2.88,-0.656525
2.882,-0.599251
2.884,-0.556536
2.886,-0.50201
2.888,-0.449245
2.89,-0.398212
2.892,-0.361635
2.894,-0.313143
2.896,-0.266361
2.898,-0.221264
2.9,-0.177829
2.902,-0.136034
2.904,-0.0833658
2.906,-0.0457488
2.908,-0.00965077
2.91,0.0372327
2.912,0.0693098
2.914,0.112106
2.916,0.152388
2.918,0.190197
2.92,0.225576
2.922,0.258563
2.924,0.301043
2.926,0.328283
2.928,0.365001
2.93,0.39836
2.932,0.428426
2.934,0.455265
2.936,0.467578
2.938,28.7286
2.94,26.4788
2.942,24.3791
2.944,22.6685
2.946,21.5167
2.948,20.4396
2.95,19.5
2.952,18.7032
2.954,18.0161
2.956,17.3803
2.958,16.941
2.96,16.5977
2.962,16.2468
2.964,16.0605
2.966,15.9321
2.968,15.7837
2.97,15.7243
2.972,15.6614
2.974,15.5023
2.976,15.3764
2.978,15.2075
2.98,14.9164
2.982,14.6422
2.984,14.344
2.986,14.048
2.988,13.7434
2.99,13.4498
2.992,13.07
2.994,12.7575
2.996,12.397
2.998,12.1007
3,11.7519
3.002,11.3805
3.004,11.1165
3.006,10.8274
3.008,-0.0240921
3.01,-0.0258933
3.012,-0.0272362
3.014,-0.0285639
3.016,-0.0298807
3.018,-0.0311902
3.02,-0.0324416
3.022,-0.0339006
3.024,-0.0352884
3.026,-0.0368853
3.028,-0.0384092
3.03,-0.0400552
3.032,-0.0418273
3.034,-0.043727
3.036,-0.0457547
3.038,-0.0476852
3.04,-0.0501375
3.042,-0.0524129
3.044,-0.0552944
3.046,-0.0579411
3.048,-0.0608582
3.05,-0.0644733
3.052,-0.0677647
3.054,-0.0713396
3.056,-0.0751988
3.058,-0.0793406
3.06,-0.0837612
3.062,-0.0889096
3.064,-0.0936186
3.066,-0.098599
3.068,-0.103844
3.07,-0.109348
3.072,-0.115102
3.074,-0.121439
3.076,-0.127389
3.078,-0.133585
3.08,-0.140238
3.082,-0.14662
3.084,-0.153353
3.086,-0.159934
3.088,-0.166765
3.09,-0.173552
3.092,-0.180494
3.094,-0.187314
3.096,-0.194037
3.098,-0.200684
3.1,-0.207273
3.102,-0.213819
3.104,-0.220335
3.106,-0.226833
3.108,-0.233322
3.11,-0.239004
3.112,-0.245235
3.114,-0.251506
3.116,-0.256801
3.118,-0.262918
3.12,-0.269102
3.122,-0.274161
3.124,-0.280257
3.126,-0.285119
3.128,-0.289758
3.13,-0.295717
3.132,-0.30178
3.134,-0.306425
3.136,-0.310895
3.138,-0.316906
3.14,-0.321346
3.142,-0.32741
3.144,-0.333587
3.146,-0.338124
3.148,-0.344351
3.15,-0.35069
3.152,-0.355319
3.154,-0.361704
3.156,-0.366309
3.158,-0.372751
3.16,-0.379304
3.162,-0.384013
3.164,-0.390617
3.166,-0.39531
3.168,-0.401973
3.17,-0.406662
3.172,-0.411233
3.174,-0.417927
3.176,-0.422529
3.178,-0.427035
3.18,-0.431461
3.182,-0.435819
3.184,-0.440122
3.186,-0.444378
3.188,-0.448596
3.19,-0.452784
3.192,-0.456946
3.194,-0.461088
3.196,-0.462454
3.198,-0.466429
3.2,-0.467521
3.202,-0.471392
3.204,-0.472283
3.206,-0.473005
3.208,-0.47359
3.21,-0.474064
3.212,-0.474448
3.214,-0.474759
3.216,-0.47501
3.218,-0.475214
3.22,-0.471796
3.222,-0.471868
3.224,-0.468202
3.226,-0.464394
3.228,-0.464394
3.23,0.460482
3.232,0.456501
3.234,0.452476
3.236,0.444221
3.238,0.440159
3.24,0.43174
3.242,0.427747
3.244,0.419286
3.246,0.410832
3.248,0.407085
3.25,0.393957
3.252,0.385698
3.254,0.377538
3.256,0.369486
3.258,0.361545
3.26,0.348683
3.262,0.341119
3.264,0.328528
3.266,0.321366
3.268,0.309094
3.27,0.297062
3.272,0.290607
3.274,0.278919
3.276,0.267495
3.278,0.256337
3.28,0.245449
3.282,0.234827
3.284,0.224469
3.286,0.21437
3.288,0.204525
3.29,0.194929
3.292,0.185575
3.294,0.176457
3.296,0.167571
3.298,0.15891
3.3,0.150468
3.302,0.136861
3.304,0.129169
3.306,0.121658
3.308,0.114325
3.31,0.101873
3.312,0.0952445
3.314,0.0834889
3.316,0.0775205
3.318,0.0716664
3.32,0.0607673
3.322,0.0555393
3.324,0.0504037
3.326,0.0403306
3.328,0.0357945
3.33,0.0263654
3.332,0.0223939
3.334,0.0184771
3.336,0.00981658
3.338,0.00645303
3.34,-0.00158887
3.342,-0.00442756
3.344,-0.00723488
3.346,-0.00999535
3.348,-0.0171644
3.35,-0.0193797
3.352,-5.11458
3.354,-4.688
3.356,-4.38013
3.358,-4.10073
3.36,-3.86613
3.362,-3.68448
3.364,-3.47637
3.366,-3.32262
3.368,-3.16744
3.37,-3.02585
3.372,-2.87945
3.374,-2.76965
3.376,-2.69592
3.378,-2.65592
3.38,-2.64628
3.382,-2.5539
3.384,-2.52145
3.386,-2.45452
3.388,-2.37037
3.39,-2.28132
3.392,-2.19573
3.394,-2.11896
3.396,-2.05405
3.398,-2.0024
3.4,-1.88249
3.402,-1.80365
3.404,-1.67639
3.406,-1.52196
3.408,-1.4376
3.41,-1.32426
3.412,-1.19588
3.414,-1.06249
3.416,-0.930978
3.418,-0.805816
3.42,-0.607885
3.422,-0.475847
3.424,-0.36658
3.426,-0.276288
3.428,-0.201496
3.43,-0.139132
3.432,-0.0865565
3.434,-0.0415621
3.436,-0.00234193
3.438,0.00506127
3.44,0.0184925
3.442,0.036694
3.444,0.0585193
3.446,0.0829624
3.448,0.109167
3.45,0.136426
3.452,0.164171
3.454,0.191958
3.456,0.191962
3.458,0.200656
3.46,0.215748
3.462,0.235342
3.464,0.257904
3.466,0.282227
3.468,0.307388
3.47,0.3327
3.472,0.357671
3.474,0.381966
3.476,0.323621
3.478,0.292407
3.48,0.281535
3.482,0.257914
3.484,0.253744
3.486,0.263356
3.488,0.282247
3.49,0.388678
3.492,0.470129
3.494,0.531416
3.496,0.576795
3.498,0.609914
3.5,0.63382
3.502,0.623511
3.504,0.617682
3.506,0.6975
3.508,0.752451
3.51,0.788655
3.512,0.811142
3.514,0.823946
3.516,0.911976
3.518,0.967748
3.52,0.999784
3.522,1.01496
3.524,1.01871
3.526,1.09694
3.528,1.14287
3.53,1.16548
3.532,1.17195
3.534,1.16784
3.536,1.15736
3.538,1.19788
3.54,1.21842
3.542,1.22506
3.544,1.22257
3.546,1.21453
3.548,1.2036
3.55,1.19166
3.552,1.17997
3.554,1.16935
3.556,1.242
3.558,1.28824
3.56,1.31482
3.562,1.32726
3.564,1.32995
3.566,1.32629
3.568,1.31886
3.57,1.30953
3.572,1.29964
3.574,1.29007
3.576,1.30888
3.578,1.31966
3.58,1.32465
3.582,1.32565
3.584,1.32405
3.586,1.32091
3.588,1.31699
3.59,1.31284
3.592,1.30883
3.594,1.30518
3.596,1.30204
3.598,1.29944
3.6,1.2974
3.602,1.29588
3.604,1.29482
3.606,1.29418
3.608,1.21212
3.61,1.18598
3.612,1.17223
3.614,1.16735
3.616,1.16853
3.618,1.11933
3.62,1.0913
3.622,1.10613
3.624,1.04068
3.626,1.03082
3.628,1.03213
3.63,0.986276
3.632,0.963394
3.634,0.902397
3.636,0.87111
3.638,0.80656
3.64,0.802552
3.642,0.730744
3.644,0.722894
3.646,0.731428
3.648,0.695685
3.65,0.711607
3.652,0.652744
3.654,0.652489
3.656,0.610372
3.658,0.594294
3.66,0.541543
3.662,0.546301
3.664,0.508128
3.666,0.495008
3.668,0.444345
3.67,0.422958
3.672,0.367252
3.674,0.370696
3.676,0.332302
3.678,0.319632
3.68,0.26978
3.682,0.249345
3.684,0.276333
3.686,0.252476
3.688,0.275109
3.69,0.21899
3.692,0.218535
3.694,0.146625
3.696,0.136037
3.698,0.167504
3.7,0.116807
3.702,0.11922
3.704,0.130082
3.706,0.0910897
3.708,0.0725583
3.71,0.0954261
3.712,0.117943
3.714,0.0841992
3.716,0.0939198
3.718,0.105346
3.72,0.116714
3.722,0.0726329
3.724,0.0456349
3.726,0.0308053
3.728,0.0517607
3.73,0.0688121
3.732,0.109345
3.734,0.136825
3.736,0.0994593
3.738,0.0726539
3.74,0.0537381
3.742,0.0405456
3.744,0.0588472
3.746,0.0705998
3.748,0.0769237
3.75,0.0788759
3.752,0.104898
3.754,0.119106
3.756,0.124325
3.758,0.122922
3.76,0.116834
3.762,0.135091
3.764,0.142175
3.766,0.141111
3.768,0.134352
3.77,0.123831
3.772,0.11104
3.774,0.12458
3.776,0.128541
3.778,0.1256
3.78,0.11791
3.782,0.107157
3.784,0.176381
3.786,0.216644
3.788,0.235362
3.79,0.238601
3.792,0.231205
3.794,0.216942
3.796,0.198669
3.798,0.260238
3.8,0.293245
3.802,0.30543
3.804,0.303026
3.806,0.290932
3.808,0.354651
3.81,0.387081
3.812,0.396965
3.814,0.391285
3.816,0.375484
3.818,0.353689
3.82,0.410691
3.822,0.438755
3.824,0.446076
3.826,0.439177
3.828,0.423125
3.83,0.401747
3.832,0.377848
3.834,0.435156
3.836,0.46511
3.838,0.475275
3.84,0.471709
3.842,0.459145
3.844,0.441186
3.846,0.420492
3.848,0.398958
3.85,0.377876
3.852,0.358067
3.854,0.340003
3.856,0.323899
3.858,0.391543
3.86,0.432961
3.862,0.454733
3.864,0.462265
3.866,0.459894
3.868,0.451013
3.87,0.438205
3.872,0.423384
3.874,0.407915
3.876,0.392732
3.878,0.460184
3.88,0.500722
3.882,0.521244
3.884,0.527383
3.886,0.523628
3.888,0.513472
3.89,0.499557
3.892,0.483822
3.894,0.46764
3.896,0.451935
3.898,0.51904
3.9,0.559384
3.902,0.579842
3.904,0.586024
3.906,0.582397
3.908,0.59992
3.91,0.604502
3.912,0.600189
3.914,0.590127
3.916,0.5767
3.918,0.561658
3.92,0.54624
3.922,0.53128
3.924,0.517303
3.926,0.504601
3.928,0.493296
3.93,0.483396
3.932,0.474831
3.934,0.494971
3.936,0.506961
3.938,0.512773
3.94,0.514048
3.942,0.512121
3.944,0.589802
3.946,0.638015
3.948,0.664109
3.95,0.70162
3.952,0.718687
3.954,0.721234
3.956,0.713952
3.958,0.700462
3.96,0.683484
3.962,0.692481
3.964,0.692116
3.966,0.603671
3.968,0.539383
3.97,0.494277
3.972,0.491522
3.974,0.490754
3.976,0.491087
3.978,0.491892
3.98,0.492743
3.982,0.493368
3.984,0.521097
3.986,0.539142
3.988,0.549607
3.99,0.554305
3.992,0.582238
3.994,0.597927
3.996,0.522724
3.998,0.49656
4,0.478027
4.002,0.465243
4.004,0.456668
4.006,0.45107
4.008,0.474976
4.01,0.49094
4.012,0.500541
4.014,0.50518
4.016,0.506062
4.018,0.531682
4.02,0.464394
4.022,0.416862
4.024,0.384643
4.026,0.391473
4.028,0.397546
4.03,0.402498
4.032,0.433654
4.034,0.454276
4.036,0.466554
4.038,0.472399
4.04,0.473435
4.042,0.498487
4.044,0.51192
4.046,0.516704
4.048,0.515273
4.05,0.427828
4.052,0.393271
4.054,0.369309
4.056,0.353313
4.058,0.343131
4.06,0.337046
4.062,0.361201
4.064,0.377861
4.066,0.388391
4.068,0.394043
4.07,0.423403
4.072,0.440699
4.074,0.448834
4.076,0.450233
4.078,0.446867
4.08,0.440303
4.082,0.45924
4.084,0.467874
4.086,0.468988
4.088,0.464835
4.09,0.457193
4.092,0.447428
4.094,0.43656
4.096,0.452815
4.098,0.459987
4.1,0.460528
4.102,0.456424
4.104,0.449243
4.106,0.467678
4.108,0.475916
4.11,0.476727
4.112,0.47235
4.114,0.464549
4.116,0.482165
4.118,0.489492
4.12,0.489377
4.122,0.484109
4.124,0.475484
4.126,0.464873
4.128,0.453291
4.13,0.468954
4.132,0.475642
4.134,0.475793
4.136,0.471378
4.138,0.463951
4.14,0.454707
4.142,0.444535
4.144,0.461567
4.146,0.469529
4.148,0.470829
4.15,0.467427
4.152,0.460875
4.154,0.452375
4.156,0.470315
4.158,0.478636
4.16,0.479916
4.162,0.476246
4.164,0.469279
4.166,0.46029
4.168,0.47772
4.17,0.485545
4.172,0.486366
4.174,0.400533
4.176,0.339597
4.178,0.298098
4.18,0.271384
4.182,0.283087
4.184,0.293364
4.186,0.301867
4.188,0.308478
4.19,0.313239
4.192,0.316292
4.194,0.317834
4.196,0.318087
4.198,0.317279
4.2,0.397375
4.202,0.44868
4.204,0.478099
4.206,0.518868
4.208,0.538935
4.21,0.544115
4.212,0.539049
4.214,0.527352
4.216,0.511761
4.218,0.49429
4.22,0.476364
4.222,0.458947
4.224,0.442643
4.226,0.45528
4.228,0.460285
4.23,0.459788
4.232,0.4555
4.234,0.448758
4.236,0.44058
4.238,0.43172
4.24,0.422715
4.242,0.441418
4.244,0.451345
4.246,0.454748
4.248,0.453473
4.25,0.448998
4.252,0.442474
4.254,0.434777
4.256,0.426551
4.258,0.418252
4.26,0.410189
4.262,0.402557
4.264,0.422951
4.266,0.434702
4.268,0.439932
4.27,0.440401
4.272,0.437536
4.274,0.432461
4.276,0.426042
4.278,0.418926
4.28,0.411582
4.282,0.404334
4.284,0.397392
4.286,0.390885
4.288,0.384875
4.29,0.406868
4.292,0.420136
4.294,0.426767
4.296,0.428504
4.298,0.426771
4.3,0.422695
4.302,0.417152
4.304,0.410803
4.306,0.404128
4.308,0.397466
4.31,0.391041
4.312,0.384992
4.314,0.379392
4.316,0.401757
4.318,0.415365
4.32,0.422311
4.322,0.424343
4.324,0.422888
4.326,0.419077
4.328,0.413788
4.33,0.407683
4.332,0.401244
4.334,0.39481
4.336,0.388607
4.338,0.382773
4.34,0.377382
4.342,0.454215
4.344,0.503375
4.346,0.531573
4.348,0.544374
4.35,0.546279
4.352,0.540843
4.354,0.530802
4.356,0.518203
4.358,0.504528
4.36,0.490809
4.362,0.477723
4.364,0.493168
4.366,0.500639
4.368,0.502324
4.37,0.499986
4.372,0.495006
4.374,0.48844
4.376,0.481071
4.378,0.47346
4.38,0.465992
4.382,0.458914
4.384,0.452369
4.386,0.446426
4.388,0.522849
4.39,0.571727
4.392,0.599751
4.394,0.612468
4.396,0.61436
4.398,0.608969
4.4,0.599014
4.402,0.586533
4.404,0.572997
4.406,0.559431
4.408,0.546506
4.41,0.534628
4.412,0.524004
4.414,0.514702
4.416,0.506696
4.418,0.499898
4.42,0.494184
4.422,0.489418
4.424,0.512944
4.426,0.527913
4.428,0.536319
4.43,0.539843
4.432,0.539859
4.434,0.537467
4.436,0.533524
4.438,0.528682
4.44,0.523421
4.442,0.518079
4.444,0.512887
4.446,0.50799
4.448,0.503469
4.45,0.49936
4.452,0.495663
4.454,0.492362
4.456,0.489425
4.458,0.486813
4.46,0.484485
4.462,0.482403
4.464,0.508014
4.466,0.52457
4.468,0.53416
4.47,0.538545
4.472,0.539174
4.474,0.537207
4.476,0.533552
4.478,0.528899
4.48,0.52376
4.482,0.518498
4.484,0.513361
4.486,0.508506
4.488,0.53151
4.49,0.545698
4.492,0.553195
4.494,0.55577
4.496,0.554862
4.498,0.551609
4.5,0.546891
4.502,0.541369
4.504,0.535523
4.506,0.52969
4.508,0.551577
4.51,0.564603
4.512,0.570959
4.514,0.572456
4.516,0.570555
4.518,0.566407
4.52,0.560895
4.522,0.554676
4.524,0.548222
4.526,0.54186
4.528,0.535801
4.53,0.557659
4.532,0.570776
4.534,0.577289
4.536,0.57897
4.538,0.577253
4.54,0.573273
4.542,0.5679
4.544,0.561789
4.546,0.55541
4.548,0.549091
4.55,0.570534
4.552,0.583151
4.554,0.589126
4.556,0.508515
4.558,0.452666
4.56,0.415992
4.562,0.39377
4.564,0.38211
4.566,0.405371
4.568,0.424382
4.57,0.439386
4.572,0.450776
4.574,0.459017
4.576,0.464599
4.578,0.467995
4.58,0.497131
4.582,0.515681
4.584,0.526098
4.586,0.530449
4.588,0.530433
4.59,0.52741
4.592,0.522441
4.594,0.516336
4.596,0.509691
4.598,0.50293
4.6,0.496342
4.602,0.517596
4.604,0.53008
4.606,0.535958
4.608,0.537024
4.61,0.534724
4.612,0.5302
4.614,0.524325
4.616,0.517752
4.618,0.510952
4.62,0.504249
4.622,0.497854
4.624,0.491891
4.626,0.51391
4.628,0.52721
4.63,0.533896
4.632,0.453971
4.634,0.398751
4.636,0.362629
4.638,0.340875
4.64,0.3296
4.642,0.32568
4.644,0.354156
4.646,0.376443
4.648,0.393276
4.65,0.405448
4.652,0.413748
4.654,0.418915
4.656,0.421612
4.658,0.422417
4.66,0.421819
4.662,0.420219
4.664,0.417942
4.666,0.496992
4.668,0.547669
4.67,0.576854
4.672,0.590248
4.674,0.592467
4.676,0.587154
4.678,0.577113
4.68,0.564442
4.682,0.55066
4.684,0.536826
4.686,0.523634
4.688,0.511503
4.69,0.500652
4.692,0.518639
4.694,0.528722
4.696,0.532932
4.698,0.53293
4.7,0.530044
4.702,0.525308
4.704,0.519504
4.706,0.51321
4.708,0.506832
4.71,0.500645
4.712,0.494821
4.714,0.489457
4.716,0.484592
4.718,0.480229
4.72,0.476343
4.722,0.472896
4.724,0.46984
4.726,0.467125
4.728,0.464704
4.73,0.46253
4.732,0.460563
4.734,0.458768
4.736,0.538865
4.738,0.590939
4.74,0.621704
4.742,0.636745
4.744,0.640596
4.746,0.636845
4.748,0.628264
4.75,0.616936
4.752,0.604375
4.754,0.619127
4.756,0.625178
4.758,0.625079
4.76,0.620844
4.762,0.614027
4.764,0.60579
4.766,0.596977
4.768,0.588173
4.77,0.579764
4.772,0.571984
4.774,0.564953
4.776,0.558709
4.778,0.553239
4.78,0.548491
4.782,0.544395
4.784,0.540872
4.786,0.53784
4.788,0.562708
4.79,0.496937
4.792,0.452474
4.794,0.424316
4.796,0.408283
4.798,0.400971
4.8,0.399672
4.802,0.402284
4.804,0.407219
4.806,0.413317
4.808,0.419756
4.81,0.425986
4.812,0.45915
4.814,0.482339
4.816,0.497594
4.818,0.506697
4.82,0.511166
4.822,0.512253
4.824,0.510972
4.826,0.50812
4.828,0.504311
4.83,0.500001
4.832,0.495519
4.834,0.491094
4.836,0.486872
4.838,0.482943
4.84,0.479349
4.842,0.476103
4.844,0.473196
4.846,0.470605
4.848,0.468299
4.85,0.466245
4.852,0.491897
4.854,0.508505
4.856,0.51816
4.858,0.522621
4.86,0.523336
4.862,0.603215
4.864,0.653272
4.866,0.680932
4.868,0.692307
4.87,0.692303
4.872,0.684767
4.874,0.672635
4.876,0.658084
4.878,0.642672
4.88,0.627468
4.882,0.613159
4.884,0.600145
4.886,0.588619
4.888,0.578623
4.89,0.570103
4.892,0.48119
4.894,0.421626
4.896,0.411998
4.898,0.409827
4.9,0.412532
4.902,0.418162
4.904,0.425286
4.906,0.432889
4.908,0.440289
4.91,0.447055
4.912,0.452947
4.914,0.45786
4.916,0.461784
4.918,0.464772
4.92,0.466914
4.922,0.468318
4.924,0.469099
4.926,0.469369
4.928,0.469234
4.93,0.468784
4.932,0.468102
4.934,0.467254
4.936,0.466295
4.938,0.465269
4.94,0.46421
4.942,0.463143
4.944,0.462088
4.946,0.461058
4.948,0.46006
4.95,0.459101
4.952,0.458182
4.954,0.457305
4.956,0.456468
4.958,0.537422
4.96,0.590274
4.962,0.621757
4.964,0.63747
4.966,0.641957
4.968,0.638814
4.97,0.63082
4.972,0.62006
4.974,0.608051
4.976,0.595854
4.978,0.61166
4.98,0.619183
4.982,0.620771
4.984,0.618295
4.986,0.613208
4.988,0.606611
4.99,0.599309
4.992,0.59187
4.994,0.584675
4.996,0.577964
4.998,0.571866
5,0.566437
5.002,0.561675
5.004,0.557545
5.006,0.553992
5.008,0.550948
5.01,0.548345
5.012,0.5736
5.014,0.589935
5.016,0.599411
5.018,0.603767
5.02,0.60443
5.022,0.52079
5.024,0.463635
5.026,0.426906
5.028,0.405505
5.03,0.395244
5.032,0.392765
5.034,0.395445
5.036,0.428769
5.038,0.454543
5.04,0.473827
5.042,0.487687
5.044,0.497129
5.046,0.503061
5.048,0.50628
5.05,0.507461
5.052,0.507162
5.054,0.505834
5.056,0.503833
5.058,0.50143
5.06,0.498829
5.062,0.496176
5.064,0.493571
5.066,0.491079
5.068,0.488739
5.07,0.486569
5.072,0.484573
5.074,0.482748
5.076,0.481082
5.078,0.479561
5.08,0.478169
5.082,0.476892
5.084,0.475712
5.086,0.474618
5.088,0.473597
5.09,0.472638
5.092,0.471733
5.094,0.470873
5.096,0.470054
5.098,0.469269
5.1,0.468516
5.102,0.467791
5.104,0.467092
5.106,0.466416
5.108,0.465763
5.11,0.465131
5.112,0.46452
5.114,0.463928
5.116,0.545107
5.118,0.598164
5.12,0.629836
5.122,0.645723
5.124,0.650371
5.126,0.647377
5.128,0.639522
5.13,0.628892
5.132,0.617006
5.134,0.604926
5.136,0.593356
5.138,0.610214
5.14,0.619015
5.142,0.62196
5.144,0.620823
5.146,0.616995
5.148,0.611536
5.15,0.605236
5.152,0.598659
5.154,0.592192
5.156,0.504333
5.158,0.445117
5.16,0.407877
5.162,0.387027
5.164,0.378001
5.166,0.377155
5.168,0.381656
5.17,0.389354
5.172,0.398672
5.174,0.408489
5.176,0.418049
5.178,0.426875
5.18,0.4347
5.182,0.441405
5.184,0.446978
5.186,0.451477
5.188,0.455
5.19,0.457667
5.192,0.459606
5.194,0.460941
5.196,0.461789
5.198,0.462253
5.2,0.462424
5.202,0.462376
5.204,0.462173
5.206,0.461865
5.208,0.461489
5.21,0.461077
5.212,0.460649
5.214,0.460221
5.216,0.459805
5.218,0.459407
5.22,0.45903
5.222,0.540428
5.224,0.59371
5.226,0.625611
5.228,0.641731
5.23,0.646614
5.232,0.643857
5.234,0.636238
5.236,0.625843
5.238,0.614189
5.24,0.602336
5.242,0.590989
5.244,0.498827
5.246,0.463456
5.248,0.441509
5.25,0.429489
5.252,0.424559
5.254,0.424472
5.256,0.427494
5.258,0.432321
5.26,0.438005
5.262,0.44388
5.264,0.449505
5.266,0.454609
5.268,0.459044
5.27,0.462757
5.272,0.465751
5.274,0.468075
5.276,0.469796
5.278,0.470996
5.28,0.471756
5.282,0.472158
5.284,0.472275
5.286,0.472171
5.288,0.471903
5.29,0.471516
5.292,0.47105
5.294,0.470533
5.296,0.46999
5.298,0.469437
5.3,0.468888
5.302,0.468351
5.304,0.467832
5.306,0.467334
5.308,0.466859
5.31,0.466408
5.312,0.46598
5.314,0.465574
5.316,0.465188
5.318,0.464823
5.32,0.464475
5.322,0.464143
5.324,0.463826
5.326,0.463523
5.328,0.463233
5.33,0.462955
5.332,0.462687
5.334,0.462429
5.336,0.462181
5.338,0.461942
5.34,0.461711
5.342,0.461488
5.344,0.461273
5.346,0.461064
5.348,0.460863
5.35,0.460669
5.352,0.460481
5.354,0.4603
5.356,0.460125
5.358,0.459955
5.36,0.459791
5.362,0.459633
5.364,0.45948
5.366,0.459333
5.368,0.45919
5.37,0.459052
5.372,0.458919
5.374,0.45879
5.376,0.458666
5.378,0.458546
5.38,0.45843
5.382,0.458318
5.384,0.458209
5.386,0.458105
5.388,0.458004
5.39,0.457906
5.392,0.457812
5.394,0.457721
5.396,0.457633
5.398,0.457548
5.4,0.457466
5.402,0.457387
5.404,0.457311
5.406,0.457237
5.408,0.457165
5.41,0.457096
5.412,0.45703
5.414,0.456966
5.416,0.456903
5.418,0.456843
5.42,0.456785
5.422,0.456729
5.424,0.456675
5.426,0.456623
5.428,0.456573
5.43,0.456524
5.432,0.456477
5.434,0.456431
5.436,0.456387
5.438,0.456345
5.44,0.456304
5.442,0.456264
5.444,0.456226
5.446,0.456189
5.448,0.456153
5.45,0.456119
5.452,0.456086
5.454,0.456054
5.456,0.456022
5.458,0.374241
5.46,0.3206
5.462,0.288363
5.464,0.27193
5.466,0.266754
5.468,0.269236
5.47,0.276598
5.472,0.28675
5.474,0.298174
5.476,0.309808
5.478,0.320947
5.48,0.331159
5.482,0.340214
5.484,0.348027
5.486,0.354612
5.488,0.360047
5.49,0.364447
5.492,0.367944
5.494,0.370676
5.496,0.372774
5.498,0.428624
5.5,0.465158
5.502,0.487084
5.504,0.498295
5.506,0.501931
5.508,0.500464
5.51,0.49579
5.512,0.489326
5.514,0.482093
5.516,0.4748
5.518,0.467908
5.52,0.461696
5.522,0.456305
5.524,0.45178
5.526,0.448099
5.528,0.363448
5.53,0.307633
5.532,0.273822
5.534,0.256316
5.536,0.250476
5.538,0.25262
5.54,0.259894
5.542,0.270148
5.544,0.281808
5.546,0.293772
5.548,0.305301
5.55,0.315936
5.552,0.325429
5.554,0.33368
5.556,0.340695
5.558,0.346544
5.56,0.351339
5.562,0.35521
5.564,0.358295
5.566,0.360724
5.568,0.362621
5.57,0.364093
5.572,0.365235
5.574,0.338637
5.576,0.321082
5.578,0.3105
5.58,0.305147
5.582,0.303585
5.584,0.304658
5.586,0.307461
5.588,0.311305
5.59,0.315678
5.592,0.320214
5.594,0.324662
5.596,0.328863
5.598,0.332723
5.6,0.3362
5.602,0.339285
5.604,0.341992
5.606,0.344351
5.608,0.318912
5.61,0.30243
5.612,0.292826
5.614,0.288351
5.616,0.287571
5.618,0.289336
5.62,0.292751
5.622,0.297136
5.624,0.301989
5.626,0.306952
5.628,0.284298
5.63,0.27059
5.632,0.263622
5.634,0.26157
5.636,0.262961
5.638,0.266636
5.64,0.271705
5.642,0.277505
5.644,0.256072
5.646,0.243793
5.648,0.238334
5.65,0.237783
5.652,0.240608
5.654,0.245614
5.656,0.251895
5.658,0.340533
5.66,0.401163
5.662,0.412712
5.664,0.417294
5.666,0.417222
5.668,0.414259
5.67,0.40971
5.672,0.40451
5.674,0.399301
5.676,0.394495
5.678,0.362848
5.68,0.341192
5.682,0.327437
5.684,0.319767
5.686,0.316646
5.688,0.316813
5.69,0.319251
5.692,0.295679
5.694,0.282207
5.696,0.276265
5.698,0.275747
5.7,0.278964
5.702,0.284599
5.704,0.291649
5.706,0.27189
5.708,0.261512
5.71,0.258039
5.712,0.259459
5.714,0.264175
5.716,0.270955
5.718,0.278869
5.72,0.368994
5.722,0.430968
5.724,0.443725
5.726,0.449393
5.728,0.450297
5.73,0.448215
5.732,0.444465
5.734,0.439995
5.736,0.435456
5.738,0.431272
5.74,0.427691
5.742,0.397351
5.744,0.377003
5.746,0.364501
5.748,0.357997
5.75,0.355939
5.752,0.357057
5.754,0.360338
5.756,0.364995
5.758,0.37043
5.76,0.376204
5.762,0.382009
5.764,0.360148
5.766,0.265456
5.768,0.205633
5.77,0.172128
5.772,0.157869
5.774,0.157153
5.776,0.165489
5.778,0.179435
5.78,0.19642
5.782,0.214596
5.784,0.205194
5.786,0.204097
5.788,0.208691
5.79,0.216938
5.792,0.227299
5.794,0.238641
5.796,0.250165
5.798,0.261333
5.8,0.271807
5.802,0.335666
5.804,0.379657
5.806,0.408394
5.808,0.42574
5.81,0.434849
5.812,0.438235
5.814,0.437854
5.816,0.4077
5.818,0.385578
5.82,0.370141
5.822,0.360124
5.824,0.354387
5.826,0.35194
5.828,0.351942
5.83,0.353703
5.832,0.329179
5.834,0.314651
5.836,0.307666
5.838,0.30619
5.84,0.30858
5.842,0.313538
5.844,0.320065
5.846,0.327416
5.848,0.335052
5.85,0.315113
5.852,0.304072
5.854,0.299665
5.856,0.30003
5.858,0.303679
5.86,0.309446
5.862,0.316448
5.864,0.324029
5.866,0.331726
5.868,0.25747
5.87,0.210953
5.872,0.185327
5.874,0.17494
5.876,0.17524
5.878,0.155165
5.88,0.148693
5.882,0.151669
5.884,0.160841
5.886,0.173732
5.888,0.188511
5.89,0.20387
5.892,0.218917
5.894,0.233083
5.896,0.218553
5.898,0.211892
5.9,0.210955
5.902,0.21401
5.904,0.219693
5.906,0.281227
5.908,0.324658
5.91,0.354043
5.912,0.372813
5.914,0.383794
5.916,0.389263
5.918,0.363519
5.92,0.344646
5.922,0.331544
5.924,0.323158
5.926,0.318528
5.928,0.316804
5.93,0.317262
5.932,0.319299
5.934,0.322426
5.936,0.298771
5.938,0.28475
5.94,0.278022
5.942,0.276638
5.944,0.27902
5.946,0.283916
5.948,0.290361
5.95,0.297634
5.952,0.305208
5.954,0.285232
5.956,0.274183
5.958,0.269795
5.96,0.270207
5.962,0.273926
5.964,0.279785
5.966,0.286893
5.968,0.294594
5.97,0.274933
5.972,0.264307
5.974,0.260395
5.976,0.261294
5.978,0.265485
5.98,0.271782
5.982,0.279288
5.984,0.28734
5.986,0.29547
5.988,0.303363
5.99,0.310819
5.992,0.317729
5.994,0.296558
5.996,0.28402
5.998,0.196271
6,0.141462
6.002,0.11144
6.004,0.0994853
6.006,0.100186
6.008,0.109293
6.01,0.123557
6.012,0.140559
6.014,0.158564
6.016,0.176379
6.018,0.193229
6.02,0.208661
6.022,0.222452
6.024,0.207058
6.026,0.19925
6.028,0.19703
6.03,0.198774
6.032,0.20319
6.034,0.209279
6.036,0.216286
6.038,0.223664
6.04,0.231027
6.042,0.210633
6.044,0.19904
6.046,0.194046
6.048,0.193835
6.05,0.196942
6.052,0.20222
6.054,0.208791
6.056,0.188515
6.058,0.177643
6.06,0.173734
6.062,0.174795
6.064,0.179239
6.066,0.185831
6.068,0.193639
6.07,0.17449
6.072,0.16462
6.074,0.161586
6.076,0.1634
6.078,0.168482
6.08,0.175613
6.082,0.183871
6.084,0.192586
6.086,0.173802
6.088,0.163924
6.09,0.16064
6.092,0.243814
6.094,0.302049
6.096,0.34091
6.098,0.337628
6.1,0.332815
6.102,0.327493
6.104,0.322347
6.106,0.317805
6.108,0.286617
6.11,0.265598
6.112,0.252634
6.114,0.245879
6.116,0.243772
6.118,0.245024
6.12,0.221108
6.122,0.207927
6.124,0.202736
6.126,0.203286
6.128,0.207777
6.13,0.214804
6.132,0.223299
6.134,0.232477
6.136,0.214291
6.138,0.20508
6.14,0.202486
6.142,0.204587
6.144,0.209858
6.146,0.217114
6.148,0.225466
6.15,0.234261
6.152,0.215558
6.154,0.205767
6.156,0.202584
6.158,0.204122
6.16,0.208875
6.162,0.215672
6.164,0.223624
6.166,0.204595
6.168,0.19484
6.17,0.191931
6.172,0.275638
6.174,0.334497
6.176,0.37402
6.178,0.39889
6.18,0.38549
6.182,0.373665
6.184,0.363758
6.186,0.355876
6.188,0.349965
6.19,0.34587
6.192,0.261627
6.194,0.206892
6.196,0.174692
6.198,0.159198
6.2,0.155662
6.202,0.160305
6.204,0.170197
6.206,0.183126
6.208,0.197471
6.21,0.212091
6.212,0.198737
6.214,0.193647
6.216,0.194443
6.218,0.199231
6.22,0.206545
6.222,0.215278
6.224,0.224624
6.226,0.234012
6.228,0.243066
6.23,0.251551
6.232,0.25934
6.234,0.266387
6.236,0.272695
6.238,0.278304
6.24,0.25579
6.242,0.160187
6.244,0.0993402
6.246,0.0647996
6.248,0.0495607
6.25,0.0479597
6.252,0.0555272
6.254,0.0688257
6.256,0.0852845
6.258,0.103044
6.26,0.120812
6.262,0.137742
6.264,0.125836
6.266,0.121549
6.268,0.122678
6.27,0.127471
6.272,0.134572
6.274,0.142959
6.276,0.151888
6.278,0.160834
6.28,0.16945
6.282,0.150035
6.284,0.139192
6.286,0.134757
6.288,0.13495
6.29,0.138342
6.292,0.143813
6.294,0.150507
6.296,0.157792
6.298,0.165216
6.3,0.172471
6.302,0.151871
6.304,0.140022
6.306,0.13475
6.308,0.134261
6.31,0.137107
6.312,0.142147
6.314,0.148507
6.316,0.12805
6.318,0.117025
6.32,0.112989
6.322,0.113948
6.324,0.20006
6.326,0.232712
6.328,0.254419
6.33,0.267976
6.332,0.275658
6.334,0.279271
6.336,0.252725
6.338,0.233793
6.34,0.221127
6.342,0.213484
6.344,0.209762
6.346,0.20901
6.348,0.210434
6.35,0.213386
6.352,0.189862
6.354,0.17618
6.356,0.169917
6.358,0.169068
6.36,0.172008
6.362,0.177458
6.364,0.184434
6.366,0.192202
6.368,0.172742
6.37,0.162406
6.372,0.158833
6.374,0.160096
6.376,0.164653
6.378,0.25306
6.38,0.28703
6.382,0.30935
6.384,0.323032
6.386,0.330518
6.388,0.333741
6.39,0.334195
6.392,0.333
6.394,0.303488
6.396,0.282946
6.398,0.269638
6.4,0.262012
6.402,0.258727
6.404,0.258655
6.406,0.260872
6.408,0.264639
6.41,0.269381
6.412,0.192909
6.414,0.144792
6.416,0.118069
6.418,0.106984
6.42,0.106895
6.422,0.114152
6.424,0.125951
6.426,0.140206
6.428,0.155412
6.43,0.170529
6.432,0.157394
6.434,0.15232
6.436,0.152986
6.438,0.157548
6.44,0.164575
6.442,0.172988
6.444,0.182
6.446,0.191057
6.448,0.19979
6.45,0.207971
6.452,0.215476
6.454,0.222259
6.456,0.146573
6.458,0.0983492
6.46,0.0709096
6.462,0.0587221
6.464,0.0573131
6.466,0.0356662
6.468,0.0277827
6.47,0.0295133
6.472,0.0376024
6.474,0.0495614
6.476,0.0635431
6.478,0.0782226
6.48,0.0926913
6.482,0.106363
6.484,0.118895
6.486,0.130123
6.488,0.112521
6.49,0.102853
6.492,0.099097
6.494,0.0995933
6.496,0.103012
6.498,0.108316
6.5,0.114713
6.502,0.121621
6.504,0.128625
6.506,0.135445
6.508,0.114415
6.51,0.10215
6.512,0.0964874
6.514,0.0956354
6.516,0.0981469
6.518,0.102881
6.52,0.108963
6.522,0.11574
6.524,0.122741
6.526,0.129641
6.528,0.136228
6.53,0.114891
6.532,0.102284
6.534,0.0962715
6.536,0.0950801
6.538,0.0972743
6.54,0.10172
6.542,0.107545
6.544,0.114097
6.546,0.120903
6.548,0.100148
6.55,0.0883347
6.552,0.0832153
6.554,0.0829378
6.556,0.0860139
6.558,0.0912771
6.56,0.0978367
6.562,0.0775459
6.564,0.0666489
6.566,0.0627038
6.568,0.0637173
6.57,0.0681016
6.572,0.0746237
6.574,0.0823519
6.576,0.144869
6.578,0.18852
6.58,0.217599
6.582,0.235721
6.584,0.245855
6.586,0.25038
6.588,0.251155
6.59,0.249598
6.592,0.24676
6.594,0.215904
6.596,0.19426
6.598,0.180041
6.6,0.171651
6.602,0.167714
6.604,0.167075
6.606,0.168788
6.608,0.172096
6.61,0.176411
6.612,0.181287
6.614,0.186395
6.616,0.191505
6.618,0.19646
6.62,0.173675
6.622,0.0780619
6.624,0.0173705
6.626,-0.016922
6.628,-0.0318713
6.63,-0.033177
6.632,-0.0253318
6.634,-0.0117876
6.636,0.0048778
6.638,0.0228022
6.64,0.0406953
6.642,0.0302256
6.644,0.0276035
6.646,0.0304527
6.648,0.0369069
6.65,0.0455381
6.652,0.0552849
6.654,0.0653859
6.656,0.075318
6.658,0.0847437
6.66,0.0934657
6.662,0.10139
6.664,0.0810065
6.666,0.0690597
6.668,0.0634869
6.67,0.0625757
6.672,0.0649384
6.674,0.0694786
6.676,0.0753517
6.678,0.0819258
6.68,0.0887432
6.682,0.0954862
6.684,0.101947
6.686,0.108
6.688,0.113582
6.69,0.118673
6.692,0.123285
6.694,0.0999588
6.696,0.0854521
6.698,0.0776907
6.7,0.0749341
6.702,-0.00599377
6.704,-0.0563383
6.706,-0.0837207
6.708,-0.0944132
6.71,-0.0934537
6.712,-0.0847898
6.714,-0.0714355
6.716,-0.0556254
6.718,-0.0389594
6.72,-0.0225338
6.722,-0.0345406
6.724,-0.0386746
6.726,-0.0372505
6.728,-0.0320992
6.73,-0.0246321
6.732,-0.0159066
6.734,-0.0066896
6.736,0.00248521
6.738,0.0112667
6.74,0.0194427
6.742,0.0269038
6.744,0.0336143
6.746,0.0121014
6.748,-0.000872421
6.75,-0.00736166
6.752,-0.0908318
6.754,-0.142785
6.756,-0.171063
6.758,-0.182124
6.76,-0.181155
6.762,-0.172226
6.764,-0.158442
6.766,-0.14211
6.768,-0.124881
6.77,-0.107887
6.772,-0.0918578
6.774,-0.07722
6.776,-0.0641771
6.778,-0.0802633
6.78,-0.170457
6.782,-0.226863
6.784,-0.257845
6.786,-0.270303
6.788,-0.269785
6.79,-0.260651
6.792,-0.246234
6.794,-0.229012
6.796,-0.210764
6.798,-0.192713
6.8,-0.175652
6.802,-0.160045
6.804,-0.227871
6.806,-0.269296
6.808,-0.290999
6.81,-0.298456
6.812,-0.323534
6.814,-0.332932
6.816,-0.331368
6.818,-0.322542
6.82,-0.309286
6.822,-0.293702
6.824,-0.277299
6.826,-0.261112
6.828,-0.273299
6.83,-0.277534
6.832,-0.276125
6.834,-0.270906
6.836,-0.263295
6.838,-0.281845
6.84,-0.290619
6.842,-0.292281
6.844,-0.288979
6.846,-0.30989
6.848,-0.319595
6.85,-0.321176
6.852,-0.317113
6.854,-0.309353
6.856,-0.299382
6.858,-0.315791
6.86,-0.322652
6.862,-0.322628
6.864,-0.317851
6.866,-0.337478
6.868,-0.346067
6.87,-0.346677
6.872,-0.369253
6.874,-0.297252
6.876,-0.244153
6.878,-0.233581
6.88,-0.225463
6.882,-0.219082
6.884,-0.213884
6.886,-0.236943
6.888,-0.25124
6.89,-0.258684
6.892,-0.288405
6.894,-0.223315
6.896,-0.204039
6.898,-0.18981
6.9,-0.179314
6.902,-0.198984
6.904,-0.21128
6.906,-0.217693
6.908,-0.247031
6.91,-0.26371
6.912,-0.189045
6.914,-0.135484
6.916,-0.125858
6.918,-0.119497
6.92,-0.142738
6.922,-0.158011
6.924,-0.166822
6.926,-0.19802
6.928,-0.216084
6.93,-0.224144
6.932,-0.252313
6.934,-0.266016
6.936,-0.18733
6.938,-0.156746
6.94,-0.133283
6.942,-0.115368
6.944,-0.129169
6.946,-0.136884
6.948,-0.139764
6.95,-0.166402
6.952,-0.181029
6.954,-0.186554
6.956,-0.185408
6.958,-0.207054
6.96,-0.216345
6.962,-0.216615
6.964,-0.156299
6.966,-0.110707
6.968,-0.0768628
6.97,-0.0796683
6.972,-0.0802195
6.974,-0.0788303
6.976,-0.10332
6.978,-0.117297
6.98,-0.123179
6.982,-0.12302
6.984,-0.146001
6.986,-0.156775
6.988,-0.158534
6.99,-0.153888
6.992,-0.172402
6.994,-0.178974
6.996,-0.176945
6.998,-0.168996
7,-0.18471
7.002,-0.18897
7.004,-0.185078
7.006,-0.175665
7.008,-0.190258
7.01,-0.193686
7.012,-0.189198
7.014,-0.179375
7.016,-0.166219
7.018,-0.178724
7.02,-0.181274
7.022,-0.176761
7.024,-0.249236
7.026,-0.290593
7.028,-0.336401
7.03,-0.356527
7.032,-0.358329
7.034,-0.347652
7.036,-0.356515
7.038,-0.351621
7.04,-0.337586
7.042,-0.317952
7.044,-0.32285
7.046,-0.317465
7.048,-0.305232
7.05,-0.288794
7.052,-0.270127
7.054,-0.278147
7.056,-0.277131
7.058,-0.269845
7.06,-0.258467
7.062,-0.272148
7.064,-0.275408
7.066,-0.271256
7.068,-0.289575
7.07,-0.295509
7.072,-0.292584
7.074,-0.311103
7.076,-0.316544
7.078,-0.31269
7.08,-0.302548
7.082,-0.234188
7.084,-0.182545
7.086,-0.144289
7.088,-0.116509
7.09,-0.124219
7.092,-0.128652
7.094,-0.13027
7.096,-0.157037
7.098,-0.172697
7.1,-0.179788
7.102,-0.207956
7.104,-0.22227
7.106,-0.226289
7.108,-0.222934
7.11,-0.214541
7.112,-0.230422
7.114,-0.235244
7.116,-0.232149
7.118,-0.223645
7.12,-0.23918
7.122,-0.243521
7.124,-0.239883
7.126,-0.258315
7.128,-0.264092
7.13,-0.260842
7.132,-0.278941
7.134,-0.283924
7.136,-0.279608
7.138,-0.187277
7.14,-0.11917
7.142,-0.0978054
7.144,-0.0821549
7.146,-0.0706952
7.148,-0.0622137
7.15,-0.0832539
7.152,-0.0963848
7.154,-0.103199
7.156,-0.132595
7.158,-0.149071
7.16,-0.15576
7.162,-0.155273
7.164,-0.149737
7.166,-0.168324
7.168,-0.17562
7.17,-0.174723
7.172,-0.168132
7.174,-0.157814
7.176,-0.145275
7.178,-0.159123
7.18,-0.245198
7.182,-0.296284
7.184,-0.321261
7.186,-0.327409
7.188,-0.320553
7.19,-0.332723
7.192,-0.330657
7.194,-0.31902
7.196,-0.301408
7.198,-0.280518
7.2,-0.285793
7.202,-0.28188
7.204,-0.271796
7.206,-0.257872
7.208,-0.241859
7.21,-0.252518
7.212,-0.254019
7.214,-0.249072
7.216,-0.239819
7.218,-0.227916
7.22,-0.214606
7.222,-0.228277
7.224,-0.232843
7.226,-0.230837
7.228,-0.224297
7.23,-0.21482
7.232,-0.203629
7.234,-0.219114
7.236,-0.306959
7.238,-0.359832
7.24,-0.386541
7.242,-0.421806
7.244,-0.434708
7.246,-0.431899
7.248,-0.418621
7.25,-0.398895
7.252,-0.403205
7.254,-0.396998
7.256,-0.383888
7.258,-0.366635
7.26,-0.347288
7.262,-0.354799
7.264,-0.271705
7.266,-0.210662
7.268,-0.167097
7.27,-0.137052
7.272,-0.144683
7.274,-0.150541
7.276,-0.154552
7.278,-0.184275
7.28,-0.203153
7.282,-0.213517
7.284,-0.217379
7.286,-0.243922
7.288,-0.257819
7.29,-0.262301
7.292,-0.260021
7.294,-0.253106
7.296,-0.243217
7.298,-0.259104
7.3,-0.264982
7.302,-0.263635
7.304,-0.257298
7.306,-0.247725
7.308,-0.236254
7.31,-0.251364
7.312,-0.257046
7.314,-0.255905
7.316,-0.250037
7.318,-0.268576
7.32,-0.276065
7.322,-0.275559
7.324,-0.269515
7.326,-0.287349
7.328,-0.293819
7.33,-0.292136
7.332,-0.284871
7.334,-0.274027
7.336,-0.261127
7.338,-0.274778
7.34,-0.279059
7.342,-0.276625
7.344,-0.269603
7.346,-0.25965
7.348,-0.248026
7.35,-0.263143
7.352,-0.268943
7.354,-0.267989
7.356,-0.262349
7.358,-0.281132
7.36,-0.288869
7.362,-0.288602
7.364,-0.282783
7.366,-0.300823
7.368,-0.30748
7.37,-0.305965
7.372,-0.217097
7.374,-0.152774
7.376,-0.107783
7.378,-0.105132
7.38,-0.104356
7.382,-0.104514
7.384,-0.104953
7.386,-0.105245
7.388,-0.132619
7.39,-0.150222
7.392,-0.160128
7.394,-0.164137
7.396,-0.163767
7.398,-0.160267
7.4,-0.182127
7.402,-0.193414
7.404,-0.196844
7.406,-0.276397
7.408,-0.323962
7.41,-0.347666
7.412,-0.354166
7.414,-0.348786
7.416,-0.363162
7.418,-0.363732
7.42,-0.354936
7.422,-0.340212
7.424,-0.322147
7.426,-0.302627
7.428,-0.282974
7.43,-0.264068
7.432,-0.246449
7.434,-0.257892
7.436,-0.261791
7.438,-0.260248
7.44,-0.254954
7.442,-0.247234
7.444,-0.238099
7.446,-0.228298
7.448,-0.218366
7.45,-0.236156
7.452,-0.245184
7.454,-0.247704
7.456,-0.245563
7.458,-0.240241
7.46,-0.23289
7.462,-0.251873
7.464,-0.261119
7.466,-0.263205
7.468,-0.260227
7.47,-0.253848
7.472,-0.245353
7.474,-0.235712
7.476,-0.253114
7.478,-0.261337
7.48,-0.262827
7.482,-0.259569
7.484,-0.334889
7.486,-0.380111
7.488,-0.402882
7.49,-0.409466
7.492,-0.404871
7.494,-0.393002
7.496,-0.404308
7.498,-0.404258
7.5,-0.396521
7.502,-0.383935
7.504,-0.368634
7.506,-0.352172
7.508,-0.335637
7.51,-0.347237
7.512,-0.350698
7.514,-0.348374
7.516,-0.342138
7.518,-0.333441
7.52,-0.269115
7.522,-0.223135
7.524,-0.191447
7.526,-0.17061
7.528,-0.157781
7.53,-0.150661
7.532,-0.174926
7.534,-0.192469
7.536,-0.204368
7.538,-0.211657
7.54,-0.215281
7.542,-0.216072
7.544,-0.214743
7.546,-0.211886
7.548,-0.207981
7.55,-0.203409
7.552,-0.22595
7.554,-0.320858
7.556,-0.380518
7.558,-0.413564
7.56,-0.427136
7.562,-0.427
7.564,-0.417697
7.566,-0.402712
7.568,-0.384646
7.57,-0.365378
7.572,-0.346204
7.574,-0.327973
7.576,-0.338678
7.578,-0.341857
7.58,-0.339705
7.582,-0.333965
7.584,-0.325984
7.586,-0.316774
7.588,-0.307075
7.59,-0.297402
7.592,-0.315585
7.594,-0.325116
7.596,-0.328226
7.598,-0.326739
7.6,-0.322117
7.602,-0.315495
7.604,-0.307736
7.606,-0.32696
7.608,-0.336901
7.61,-0.339979
7.612,-0.338172
7.614,-0.333052
7.616,-0.325843
7.618,-0.317466
7.62,-0.308597
7.622,-0.299711
7.624,-0.291126
7.626,-0.283039
7.628,-0.303042
7.63,-0.314463
7.632,-0.319415
7.634,-0.319654
7.636,-0.316597
7.638,-0.311364
7.64,-0.304814
7.642,-0.297588
7.644,-0.29015
7.646,-0.310308
7.648,-0.321553
7.65,-0.32613
7.652,-0.325886
7.654,-0.322307
7.656,-0.316558
7.658,-0.309529
7.66,-0.329364
7.662,-0.33982
7.664,-0.343337
7.666,-0.341908
7.668,-0.337121
7.67,-0.330209
7.672,-0.322103
7.674,-0.313485
7.676,-0.332321
7.678,-0.342218
7.68,-0.345494
7.682,-0.344044
7.684,-0.339379
7.686,-0.332675
7.688,-0.32482
7.69,-0.316467
7.692,-0.308074
7.694,-0.327438
7.696,-0.338035
7.698,-0.342089
7.7,-0.341429
7.702,-0.337523
7.704,-0.331519
7.706,-0.324291
7.708,-0.316485
7.71,-0.308563
7.712,-0.328323
7.714,-0.339251
7.716,-0.343577
7.718,-0.34314
7.72,-0.339416
7.722,-0.333559
7.724,-0.353939
7.726,-0.36449
7.728,-0.367798
7.73,-0.365966
7.732,-0.360666
7.734,-0.353191
7.736,-0.344516
7.738,-0.335351
7.74,-0.35368
7.742,-0.363118
7.744,-0.365988
7.746,-0.364184
7.748,-0.359215
7.75,-0.352251
7.752,-0.344175
7.754,-0.335634
7.756,-0.354569
7.758,-0.364567
7.76,-0.367937
7.762,-0.366565
7.764,-0.361961
7.766,-0.355297
7.768,-0.347463
7.77,-0.339113
7.772,-0.358196
7.774,-0.368305
7.776,-0.371756
7.778,-0.370443
7.78,-0.365878
7.782,-0.277489
7.784,-0.243546
7.786,-0.221254
7.788,-0.207595
7.79,-0.200123
7.792,-0.196903
7.794,-0.196441
7.796,-0.225105
7.798,-0.24536
7.8,-0.258756
7.802,-0.266699
7.804,-0.270424
7.806,-0.270981
7.808,-0.269244
7.81,-0.265919
7.812,-0.261561
7.814,-0.256599
7.816,-0.278839
7.818,-0.291795
7.82,-0.297746
7.822,-0.298581
7.824,-0.29583
7.826,-0.2907
7.828,-0.28412
7.83,-0.276785
7.832,-0.269196
7.834,-0.2617
7.836,-0.254526
7.838,-0.275295
7.84,-0.287359
7.842,-0.292859
7.844,-0.293567
7.846,-0.29092
7.848,-0.28605
7.85,-0.279827
7.852,-0.272902
7.854,-0.265745
7.856,-0.258682
7.858,-0.279411
7.86,-0.291343
7.862,-0.296661
7.864,-0.297169
7.866,-0.294324
7.868,-0.289271
7.87,-0.28289
7.872,-0.275835
7.874,-0.268576
7.876,-0.261437
7.878,-0.254628
7.88,-0.248273
7.882,-0.324184
7.884,-0.399971
7.886,-0.445638
7.888,-0.468873
7.89,-0.475961
7.892,-0.471921
7.894,-0.460661
7.896,-0.445141
7.898,-0.42754
7.9,-0.409399
7.902,-0.391762
7.904,-0.375284
7.906,-0.360334
7.908,-0.34707
7.91,-0.335506
7.912,-0.32556
7.914,-0.344579
7.916,-0.355676
7.918,-0.360791
7.92,-0.361533
7.922,-0.359208
7.924,-0.273092
7.926,-0.213872
7.928,-0.175404
7.93,-0.152515
7.932,-0.140959
7.934,-0.13733
7.936,-0.166454
7.938,-0.189585
7.94,-0.207342
7.942,-0.220438
7.944,-0.229609
7.946,-0.235563
7.948,-0.238948
7.95,-0.240338
7.952,-0.321976
7.954,-0.374379
7.956,-0.404618
7.958,-0.418558
7.96,-0.420949
7.962,-0.415543
7.964,-0.405233
7.966,-0.392182
7.968,-0.377962
7.97,-0.363665
7.972,-0.350012
7.974,-0.364927
7.976,-0.37192
7.978,-0.373188
7.98,-0.370495
7.982,-0.365218
7.984,-0.35841
7.986,-0.350847
7.988,-0.343083
7.99,-0.335496
7.992,-0.328327
7.994,-0.321715
7.996,-0.31572
7.998,-0.310355
8,-0.305594
8.002,-0.301389
8.004,-0.297685
8.006,-0.294416
8.008,-0.31901
8.01,-0.33469
8.012,-0.343524
8.014,-0.347252
8.016,-0.347303
8.018,-0.344822
8.02,-0.340703
8.022,-0.335627
8.024,-0.330096
8.026,-0.324467
8.028,-0.318982
8.03,-0.313795
8.032,-0.308993
8.034,-0.304615
8.036,-0.300665
8.038,-0.297126
8.04,-0.293966
8.042,-0.291146
8.044,-0.288624
8.046,-0.286359
8.048,-0.311801
8.05,-0.328196
8.052,-0.337635
8.054,-0.341877
8.056,-0.34237
8.058,-0.340273
8.06,-0.336494
8.062,-0.331723
8.064,-0.326469
8.066,-0.321097
8.068,-0.315854
8.07,-0.310897
8.072,-0.306316
8.074,-0.302151
8.076,-0.298409
8.078,-0.295071
8.08,-0.292108
8.082,-0.28948
8.084,-0.287146
8.086,-0.285064
8.088,-0.283197
8.09,-0.308995
8.092,-0.325712
8.094,-0.335442
8.096,-0.339949
8.098,-0.340684
8.1,-0.33881
8.102,-0.335237
8.104,-0.330658
8.106,-0.325586
8.108,-0.320386
8.11,-0.315306
8.112,-0.310506
8.114,-0.306075
8.116,-0.302055
8.118,-0.298452
8.12,-0.29525
8.122,-0.292417
8.124,-0.289916
8.126,-0.287705
8.128,-0.285742
8.13,-0.311476
8.132,-0.328157
8.134,-0.419624
8.136,-0.477747
8.138,-0.510709
8.14,-0.52527
8.142,-0.526885
8.144,-0.519841
8.146,-0.507431
8.148,-0.492104
8.15,-0.475627
8.152,-0.45922
8.154,-0.443677
8.156,-0.429473
8.158,-0.335089
8.16,-0.270487
8.162,-0.256372
8.164,-0.250309
8.166,-0.249717
8.168,-0.252609
8.17,-0.257499
8.172,-0.26331
8.174,-0.269293
8.176,-0.274956
8.178,-0.279998
8.18,-0.284262
8.182,-0.287695
8.184,-0.290311
8.186,-0.292168
8.188,-0.293351
8.19,-0.321441
8.192,-0.339821
8.194,-0.350703
8.196,-0.355959
8.198,-0.357131
8.2,-0.355462
8.202,-0.351926
8.204,-0.347267
8.206,-0.342038
8.208,-0.336636
8.21,-0.331331
8.212,-0.326299
8.214,-0.321641
8.216,-0.317405
8.218,-0.313603
8.22,-0.310219
8.222,-0.307223
8.224,-0.332062
8.226,-0.266225
8.228,-0.221682
8.23,-0.193442
8.232,-0.177336
8.234,-0.169964
8.236,-0.168619
8.238,-0.171203
8.24,-0.176126
8.242,-0.182226
8.244,-0.188679
8.246,-0.194934
8.248,-0.200644
8.25,-0.205616
8.252,-0.29152
8.254,-0.34846
8.256,-0.383218
8.258,-0.401471
8.26,-0.407855
8.262,-0.406066
8.264,-0.398975
8.266,-0.388756
8.268,-0.377005
8.27,-0.364852
8.272,-0.353055
8.274,-0.342092
8.276,-0.33223
8.278,-0.323582
8.28,-0.316154
8.282,-0.309884
8.284,-0.304668
8.286,-0.300381
8.288,-0.296889
8.29,-0.294064
8.292,-0.291784
8.294,-0.289943
8.296,-0.288447
8.298,-0.287217
8.3,-0.286188
8.302,-0.285309
8.304,-0.284538
8.306,-0.283843
8.308,-0.283202
8.31,-0.282596
8.312,-0.282014
8.314,-0.281449
8.316,-0.280894
8.318,-0.280347
8.32,-0.279808
8.322,-0.279275
8.324,-0.360501
8.326,-0.413596
8.328,-0.445295
8.33,-0.461203
8.332,-0.465865
8.334,-0.462882
8.336,-0.455032
8.338,-0.444406
8.34,-0.460008
8.342,-0.466185
8.344,-0.465761
8.346,-0.460955
8.348,-0.453464
8.35,-0.444552
8.352,-0.435125
8.354,-0.425808
8.356,-0.417002
8.358,-0.408947
8.36,-0.401756
8.362,-0.39546
8.364,-0.308277
8.366,-0.250035
8.368,-0.213911
8.37,-0.19421
8.372,-0.213782
8.374,-0.23222
8.376,-0.248785
8.378,-0.263106
8.38,-0.27507
8.382,-0.284745
8.384,-0.292304
8.386,-0.297986
8.388,-0.302053
8.39,-0.304773
8.392,-0.306397
8.394,-0.307153
8.396,-0.307242
8.398,-0.306835
8.4,-0.306072
8.402,-0.305067
8.404,-0.303911
8.406,-0.302672
8.408,-0.301401
8.41,-0.300135
8.412,-0.2989
8.414,-0.297712
8.416,-0.296579
8.418,-0.295508
8.42,-0.294498
8.422,-0.293547
8.424,-0.292653
8.426,-0.291812
8.428,-0.291019
8.43,-0.29027
8.432,-0.28956
8.434,-0.316373
8.436,-0.333988
8.438,-0.344521
8.44,-0.349758
8.442,-0.351163
8.444,-0.349914
8.446,-0.346928
8.448,-0.342908
8.45,-0.33837
8.452,-0.333684
8.454,-0.329102
8.456,-0.324784
8.458,-0.320822
8.46,-0.317258
8.462,-0.314099
8.464,-0.311328
8.466,-0.308915
8.468,-0.306821
8.47,-0.305005
8.472,-0.303426
8.474,-0.302046
8.476,-0.30083
8.478,-0.299747
8.48,-0.298772
8.482,-0.297883
8.484,-0.297062
8.486,-0.296297
8.488,-0.295574
8.49,-0.294888
8.492,-0.29423
8.494,-0.293596
8.496,-0.292984
8.498,-0.29239
8.5,-0.291814
8.502,-0.291253
8.504,-0.290709
8.506,-0.290179
8.508,-0.289665
8.51,-0.289165
8.512,-0.288681
8.514,-0.288211
8.516,-0.287755
8.518,-0.287313
8.52,-0.286886
8.522,-0.286473
8.524,-0.286073
8.526,-0.285686
8.528,-0.285313
8.53,-0.284951
8.532,-0.284603
8.534,-0.284266
8.536,-0.28394
8.538,-0.283626
8.54,-0.283322
8.542,-0.283029
8.544,-0.282746
8.546,-0.282472
8.548,-0.282208
8.55,-0.281953
8.552,-0.281706
8.554,-0.281469
8.556,-0.281239
8.558,-0.281017
8.56,-0.280802
8.562,-0.280595
8.564,-0.280395
8.566,-0.280202
8.568,-0.280015
8.57,-0.279835
8.572,-0.279661
8.574,-0.279493
8.576,-0.27933
8.578,-0.279173
8.58,-0.279022
8.582,-0.278876
8.584,-0.278734
8.586,-0.278598
8.588,-0.278466
8.59,-0.278338
8.592,-0.278215
8.594,-0.278096
8.596,-0.277981
8.598,-0.27787
8.6,-0.277763
8.602,-0.27766
8.604,-0.27756
8.606,-0.277463
8.608,-0.27737
8.61,-0.27728
8.612,-0.277193
8.614,-0.277109
8.616,-0.277027
8.618,-0.276949
8.62,-0.276873
8.622,-0.2768
8.624,-0.276729
8.626,-0.276661
8.628,-0.276595
8.63,-0.276531
8.632,-0.27647
8.634,-0.27641
8.636,-0.276353
8.638,-0.276297
8.64,-0.276244
8.642,-0.276192
8.644,-0.276142
8.646,-0.276094
8.648,-0.276047
8.65,-0.276002
8.652,-0.275959
8.654,-0.275917
8.656,-0.275876
8.658,-0.275837
8.66,-0.275799
8.662,-0.275762
8.664,-0.275727
8.666,-0.275693
8.668,-0.27566
8.67,-0.275628
8.672,-0.275597
8.674,-0.275568
8.676,-0.275539
8.678,-0.275511
8.68,-0.275484
8.682,-0.275459
8.684,-0.275434
8.686,-0.275409
8.688,-0.275386
8.69,-0.275364
8.692,-0.275342
8.694,-0.275321
8.696,-0.275301
8.698,-0.275281
8.7,-0.275262
8.702,-0.275244
8.704,-0.275226
8.706,-0.275209
8.708,-0.275193
8.71,-0.275177
8.712,-0.275161
8.714,-0.275146
8.716,-0.275132
8.718,-0.275118
8.72,-0.275105
8.722,-0.275092
8.724,-0.275079
8.726,-0.275067
8.728,-0.275056
8.73,-0.275044
8.732,-0.275034
8.734,-0.275023
8.736,-0.275013
8.738,-0.275003
8.74,-0.274994
8.742,-0.274984
8.744,-0.274976
8.746,-0.274967
8.748,-0.274959
8.75,-0.274951
8.752,-0.274943
8.754,-0.274936
8.756,-0.274929
8.758,-0.274922
8.76,-0.274915
8.762,-0.274909
8.764,-0.274902
8.766,-0.274896
8.768,-0.27489
8.77,-0.274885
8.772,-0.274879
8.774,-0.274874
8.776,-0.274869
8.778,-0.274864
8.78,-0.274859
8.782,-0.274855
8.784,-0.27485
8.786,-0.274846
8.788,-0.274842
8.79,-0.274838
8.792,-0.274834
8.794,-0.274831
8.796,-0.274827
8.798,-0.274824
8.8,-0.27482
8.802,-0.274817
8.804,-0.274814
8.806,-0.274811
8.808,-0.193056
8.81,-0.139441
8.812,-0.10723
8.814,-0.090821
8.816,-0.0856688
8.818,-0.088174
8.82,-0.0955572
8.822,-0.105731
8.824,-0.117176
8.826,-0.128829
8.828,-0.139988
8.83,-0.150218
8.832,-0.241043
8.834,-0.302485
8.836,-0.341295
8.838,-0.363152
8.84,-0.372718
8.842,-0.346236
8.844,-0.323339
8.846,-0.304128
8.848,-0.288456
8.85,-0.276023
8.852,-0.266449
8.854,-0.259322
8.856,-0.254232
8.858,-0.250797
8.86,-0.24867
8.862,-0.247551
8.864,-0.247187
8.866,-0.247367
8.868,-0.247923
8.87,-0.248723
8.872,-0.249666
8.874,-0.250676
8.876,-0.2517
8.878,-0.252702
8.88,-0.171905
8.882,-0.119189
8.884,-0.0878099
8.886,-0.0721656
8.888,-0.067713
8.89,-0.0708571
8.892,-0.0788239
8.894,-0.0895318
8.896,-0.101468
8.898,-0.113576
8.9,-0.125156
8.902,-0.13578
8.904,-0.145223
8.906,-0.153404
8.908,-0.160338
8.91,-0.166107
8.912,-0.170826
8.914,-0.174631
8.916,-0.177658
8.918,-0.180041
8.92,-0.181902
8.922,-0.183347
8.924,-0.184471
8.926,-0.157862
8.928,-0.140301
8.93,-0.211471
8.932,-0.259734
8.934,-0.290386
8.936,-0.307873
8.938,-0.315836
8.94,-0.317183
8.942,-0.314181
8.944,-0.308552
8.946,-0.301564
8.948,-0.29412
8.95,-0.259344
8.952,-0.234342
8.954,-0.217215
8.956,-0.206275
8.958,-0.200071
8.96,-0.197382
8.962,-0.197213
8.964,-0.198769
8.966,-0.201431
8.968,-0.20473
8.97,-0.208325
8.972,-0.21197
8.974,-0.215504
8.976,-0.218823
8.978,-0.221871
8.98,-0.224625
8.982,-0.227083
8.984,-0.22926
8.986,-0.23118
8.988,-0.232871
8.99,-0.234362
8.992,-0.235683
8.994,-0.23686
8.996,-0.156167
8.998,-0.103515
9,-0.0721869
9.002,-0.0565955
9.004,-0.024721
9.006,-0.00968996
9.008,-0.00661124
9.01,-0.0116162
9.012,-0.0217218
9.014,-0.0346913
9.016,-0.0489008
9.018,-0.0632182
9.02,-0.076896
9.022,-0.0894795
9.024,-0.100731
9.026,-0.110568
9.028,-0.119012
9.03,-0.126156
9.032,-0.132127
9.034,-0.137074
9.036,-0.141148
9.038,-0.144495
9.04,-0.147249
9.042,-0.149526
9.044,-0.123943
9.046,-0.107299
9.048,-0.097546
9.05,-0.0929521
9.052,-0.0920925
9.054,-0.0938226
9.056,-0.097246
9.058,-0.101679
9.06,-0.106614
9.062,-0.11169
9.064,-0.116659
9.066,-0.093876
9.068,-0.161719
9.07,-0.208133
9.072,-0.238061
9.074,-0.255651
9.076,-0.264299
9.078,-0.266722
9.08,-0.237549
9.082,-0.215106
9.084,-0.19846
9.086,-0.186668
9.088,-0.178834
9.09,-0.174147
9.092,-0.171893
9.094,-0.14398
9.096,-0.126619
9.098,-0.117286
9.1,-0.113873
9.102,-0.114664
9.104,-0.118299
9.106,-0.205474
9.108,-0.265506
9.11,-0.277064
9.112,-0.282063
9.114,-0.282658
9.116,-0.280496
9.118,-0.276801
9.12,-0.272449
9.122,-0.268044
9.124,-0.263978
9.126,-0.26048
9.128,-0.230177
9.13,-0.209817
9.132,-0.197257
9.134,-0.19065
9.136,-0.188452
9.138,-0.189399
9.14,-0.192484
9.142,-0.196925
9.144,-0.202131
9.146,-0.207668
9.148,-0.185743
9.15,-0.172868
9.152,-0.166796
9.154,-0.16567
9.156,-0.167994
9.158,-0.17259
9.16,-0.178558
9.162,-0.185227
9.164,-0.192115
9.166,-0.171404
9.168,-0.159594
9.17,-0.154442
9.172,-0.1541
9.174,-0.157084
9.176,-0.162232
9.178,-0.168659
9.18,-0.257462
9.182,-0.31828
9.184,-0.35753
9.186,-0.353124
9.188,-0.346206
9.19,-0.338203
9.192,-0.330098
9.194,-0.322532
9.196,-0.315884
9.198,-0.310345
9.2,-0.30597
9.202,-0.302726
9.204,-0.300521
9.206,-0.299232
9.208,-0.298723
9.21,-0.298859
9.212,-0.299509
9.214,-0.300557
9.216,-0.3019
9.218,-0.303453
9.22,-0.223391
9.222,-0.171548
9.224,-0.141145
9.226,-0.126545
9.228,-0.123178
9.23,-0.127426
9.232,-0.1365
9.234,-0.148303
9.236,-0.161314
9.238,-0.174468
9.24,-0.187063
9.242,-0.198668
9.244,-0.209056
9.246,-0.218145
9.248,-0.225952
9.25,-0.232559
9.252,-0.238084
9.254,-0.242662
9.256,-0.246433
9.258,-0.249531
9.26,-0.170327
9.262,-0.118823
9.264,-0.0883753
9.266,-0.0734615
9.268,-0.0696009
9.27,-0.0732456
9.272,-0.0816565
9.274,-0.0927768
9.276,-0.10511
9.278,-0.117612
9.28,-0.129587
9.282,-0.140613
9.284,-0.150464
9.286,-0.159057
9.288,-0.166408
9.29,-0.172595
9.292,-0.177732
9.294,-0.181952
9.296,-0.18539
9.298,-0.160691
9.3,-0.144691
9.302,-0.135377
9.304,-0.131054
9.306,-0.0485784
9.308,0.00327233
9.31,0.0321057
9.312,0.0441858
9.314,0.0445469
9.316,0.0371365
9.318,0.0249703
9.32,0.0102859
9.322,-0.00531234
9.324,-0.0207243
9.326,-0.03524
9.328,-0.0484446
9.33,-0.0601386
9.332,-0.0702743
9.334,-0.0789059
9.336,-0.058664
9.338,-0.046417
9.34,-0.0402118
9.342,-0.0384277
9.344,-0.0397527
9.346,-0.0431511
9.348,-0.0478255
9.35,-0.0531799
9.352,-0.0587831
9.354,-0.064336
9.356,-0.042156
9.358,-0.0288419
9.36,-0.0222152
9.362,-0.102223
9.364,-0.157514
9.366,-0.193676
9.368,-0.215427
9.37,-0.226652
9.372,-0.230475
9.374,-0.229346
9.376,-0.22514
9.378,-0.219246
9.38,-0.212665
9.382,-0.178595
9.384,-0.154198
9.386,-0.137617
9.388,-0.127193
9.39,-0.121491
9.392,-0.119305
9.394,-0.119645
9.396,-0.121718
9.398,-0.124907
9.4,-0.128741
9.402,-0.132874
9.404,-0.137061
9.406,-0.141135
9.408,-0.144991
9.41,-0.148569
9.412,-0.151844
9.414,-0.154813
9.416,-0.157489
9.418,-0.132408
9.42,-0.116313
9.422,-0.107115
9.424,-0.103056
9.426,-0.102693
9.428,-0.104875
9.43,-0.1087
9.432,-0.113485
9.434,-0.118726
9.436,-0.124067
9.438,-0.101776
9.44,-0.0884187
9.442,-0.0817882
9.444,-0.0800605
9.446,-0.0817633
9.448,-0.0857376
9.45,-0.0910944
9.452,-0.0971715
9.454,-0.103492
9.456,-0.08224
9.458,-0.0699185
9.46,-0.0642819
9.462,-0.0634814
9.464,-0.0660322
9.466,-0.0707708
9.468,-0.0768096
9.47,-0.0834912
9.472,-0.0903459
9.474,-0.0970528
9.476,-0.0759198
9.478,-0.063545
9.48,-0.0577545
9.482,-0.0567518
9.484,-0.0590882
9.486,-0.0636244
9.488,-0.0694877
9.49,-0.0760285
9.492,-0.08278
9.494,-0.0894208
9.496,-0.0682564
9.498,-0.0558808
9.5,-0.0501157
9.502,-0.04916
9.504,-0.133312
9.506,-0.191538
9.508,-0.229696
9.51,-0.22525
9.512,-0.218991
9.514,-0.212077
9.516,-0.205289
9.518,-0.199125
9.52,-0.193866
9.522,-0.189636
9.524,-0.186456
9.526,-0.156783
9.528,-0.137241
9.53,-0.12559
9.532,-0.119919
9.534,-0.118635
9.536,-0.120447
9.538,-0.124332
9.54,-0.129498
9.542,-0.135354
9.544,-0.141468
9.546,-0.14754
9.548,-0.125886
9.55,-0.113102
9.552,-0.107005
9.554,-0.105788
9.556,-0.10799
9.558,-0.112458
9.56,-0.118308
9.562,-0.124878
9.564,-0.131691
9.566,-0.138418
9.568,-0.144843
9.57,-0.150839
9.572,-0.156341
9.574,-0.133846
9.576,-0.120081
9.578,-0.112962
9.58,-0.110743
9.582,-0.112005
9.584,-0.11562
9.586,-0.120712
9.588,-0.126624
9.59,-0.132873
9.592,-0.111636
9.594,-0.0994036
9.596,-0.0939185
9.598,-0.0933198
9.6,-0.0961112
9.602,-0.101119
9.604,-0.107447
9.606,-0.114431
9.608,-0.0941065
9.61,-0.0828657
9.612,-0.0783799
9.614,-0.0787413
9.616,-0.0824248
9.618,-0.0882413
9.62,-0.0952888
9.622,-0.102903
9.624,-0.110614
9.626,-0.118103
9.628,-0.0976842
9.63,-0.085961
9.632,-0.080767
9.634,-0.162064
9.636,-0.218519
9.638,-0.255734
9.64,-0.278443
9.642,-0.290546
9.644,-0.295181
9.646,-0.294807
9.648,-0.291308
9.65,-0.286082
9.652,-0.280133
9.654,-0.274155
9.656,-0.241108
9.658,-0.217974
9.66,-0.202763
9.662,-0.193725
9.664,-0.189364
9.666,-0.106682
9.668,-0.05456
9.67,-0.0254612
9.672,-0.0131662
9.674,-0.0126657
9.676,-0.0200238
9.678,-0.0322259
9.68,-0.0470296
9.682,-0.0628217
9.684,-0.0784911
9.686,-0.0933166
9.688,-0.106872
9.69,-0.118947
9.692,-0.129485
9.694,-0.138531
9.696,-0.146198
9.698,-0.152631
9.7,-0.157992
9.702,-0.162444
9.704,-0.0843893
9.706,-0.0338599
9.708,-0.00424253
9.71,0.00995935
9.712,0.0132035
9.714,0.00901803
9.716,0.00012567
9.718,-0.01143
9.72,-0.0241637
9.722,-0.0370377
9.724,-0.049365
9.726,-0.0607261
9.728,-0.0708993
9.73,-0.0798045
9.732,-0.0874585
9.734,-0.0939404
9.736,-0.0993654
9.738,-0.0221139
9.74,0.0277863
9.742,0.0569405
9.744,0.0708302
9.746,0.0738942
9.748,0.0696403
9.75,0.060771
9.752,0.0493112
9.754,0.0367293
9.756,0.0240484
9.758,0.0119431
9.76,0.000822946
9.762,-0.00909844
9.764,-0.0177473
9.766,-0.0251452
9.768,0.0503772
9.77,0.0988106
9.772,0.126757
9.774,0.139682
9.776,0.141998
9.778,0.137185
9.78,0.127917
9.782,0.116189
9.784,0.103443
9.786,0.0906807
9.788,0.0785558
9.79,0.0674616
9.792,0.0575982
9.794,0.130781
9.796,0.177087
9.798,0.203165
9.8,0.214494
9.802,0.215482
9.804,0.20959
9.806,0.199463
9.808,0.18707
9.81,0.173822
9.812,0.160689
9.814,0.148302
9.816,0.137029
9.818,0.127052
9.82,0.200168
9.822,0.246442
9.824,0.272511
9.826,0.283847
9.828,0.284851
9.83,0.278979
9.832,0.268874
9.834,0.256502
9.836,0.243272
9.838,0.230156
9.84,0.217782
9.842,0.288271
9.844,0.331912
9.846,0.355488
9.848,0.364558
9.85,0.391056
9.852,0.401733
9.854,0.401346
9.856,0.393626
9.858,0.381424
9.86,0.366858
9.862,0.351446
9.864,0.33623
9.866,0.349369
9.868,0.35454
9.87,0.354052
9.872,0.349736
9.874,0.34301
9.876,0.33494
9.878,0.35379
9.88,0.363387
9.882,0.366211
9.884,0.364272
9.886,0.359153
9.888,0.352077
9.89,0.371443
9.892,0.381194
9.894,0.383909
9.896,0.299923
9.898,0.268262
9.9,0.246743
9.902,0.232833
9.904,0.251947
9.906,0.265714
9.908,0.274965
9.91,0.280506
9.912,0.310572
9.914,0.32911
9.916,0.257059
9.918,0.206574
9.92,0.200266
9.922,0.197305
9.924,0.196426
9.926,0.224185
9.928,0.243206
9.93,0.25516
9.932,0.289035
9.934,0.309419
9.936,0.319536
9.938,0.267812
9.94,0.229621
9.942,0.202093
9.944,0.182768
9.946,0.197077
9.948,0.20663
9.95,0.239699
9.952,0.260319
9.954,0.18954
9.956,0.167129
9.958,0.151615
9.96,0.141119
9.962,0.161632
9.964,0.175282
9.966,0.183309
9.968,0.18686
9.97,0.214434
9.972,0.230185
9.974,0.155206
9.976,0.129253
9.978,0.110813
9.98,0.0979406
9.982,0.116558
9.984,0.128716
9.986,0.135588
9.988,0.138252
9.99,0.165153
9.992,0.180395
9.994,0.186782
9.996,0.18666
9.998,0.209426
10,0.219883
10.002,0.221327
10.004,0.216433
10.006,0.234802
10.008,0.241351
10.01,0.23942
10.012,0.259171
10.014,0.265972
10.016,0.263527
10.018,0.254788
10.02,0.269538
10.022,0.191045
10.024,0.132594
10.026,0.0901356
10.028,0.0876258
10.03,0.0853573
10.032,0.0829775
10.034,0.080279
10.036,0.104647
10.038,0.119336
10.04,0.126485
10.042,0.155419
10.044,0.170956
10.046,0.176464
10.048,0.174724
10.05,0.167971
10.052,0.18545
10.054,0.191785
10.056,0.190092
10.058,0.18287
10.06,0.172078
10.062,0.159205
10.064,0.172842
10.066,0.177059
10.068,0.17451
10.07,0.167323
10.072,0.238914
10.074,0.308142
10.076,0.345962
10.078,0.360758
10.08,0.359314
10.082,0.346983
10.084,0.35537
10.086,0.350838
10.088,0.337736
10.09,0.319396
10.092,0.298301
10.094,0.27624
10.096,0.281932
10.098,0.279461
10.1,0.27142
10.102,0.25983
10.104,0.246222
10.106,0.259208
10.108,0.262867
10.11,0.259857
10.112,0.2523
10.114,0.269339
10.116,0.275511
10.118,0.27386
10.12,0.266826
10.122,0.283806
10.124,0.289538
10.126,0.287215
10.128,0.279391
10.13,0.268055
10.132,0.282203
10.134,0.286228
10.136,0.283036
10.138,0.274944
10.14,0.263752
10.142,0.278312
10.144,0.282905
10.146,0.280356
10.148,0.272925
10.15,0.289861
10.152,0.295786
10.154,0.293806
10.156,0.286406
10.158,0.303016
10.16,0.308393
10.162,0.305745
10.164,0.297631
10.166,0.31353
10.168,0.318235
10.17,0.314972
10.172,0.306309
10.174,0.294243
10.176,0.307766
10.178,0.311265
10.18,0.307634
10.182,0.326666
10.184,0.333434
10.186,0.331411
10.188,0.350858
10.19,0.357223
10.192,0.272518
10.194,0.20963
10.196,0.191636
10.198,0.177975
10.2,0.167506
10.202,0.159323
10.204,0.180207
10.206,0.192908
10.208,0.199151
10.21,0.200442
10.212,0.225545
10.214,0.238797
10.216,0.243168
10.218,0.241108
10.22,0.262084
10.222,0.270933
10.224,0.270964
10.226,0.264849
10.228,0.28218
10.23,0.287854
10.232,0.285192
10.234,0.276848
10.236,0.264886
10.238,0.250872
10.24,0.263441
10.242,0.266692
10.244,0.263289
10.246,0.255364
10.248,0.27206
10.25,0.277917
10.252,0.275978
10.254,0.296167
10.256,0.303676
10.258,0.302076
10.26,0.294226
10.262,0.282358
10.264,0.295656
10.266,0.298655
10.268,0.294361
10.27,0.285164
10.272,0.272913
10.274,0.258999
10.276,0.271924
10.278,0.275681
10.28,0.272863
10.282,0.265543
10.284,0.282831
10.286,0.289243
10.288,0.287808
10.29,0.308445
10.292,0.316344
10.294,0.315079
10.296,0.307515
10.298,0.295888
10.3,0.309388
10.302,0.312557
10.304,0.308406
10.306,0.29933
10.308,0.287182
10.31,0.191606
10.312,0.150998
10.314,0.122618
10.316,0.103458
10.318,0.0910486
10.32,0.110901
10.322,0.124752
10.324,0.133544
10.326,0.138191
10.328,0.167025
10.33,0.184078
10.332,0.192116
10.334,0.193464
10.336,0.271783
10.338,0.318709
10.34,0.342168
10.342,0.348668
10.344,0.370907
10.346,0.37624
10.348,0.369885
10.35,0.355918
10.352,0.337437
10.354,0.31673
10.356,0.295425
10.358,0.274628
10.36,0.255041
10.362,0.264553
10.364,0.266625
10.366,0.263403
10.368,0.256596
10.37,0.247534
10.372,0.237221
10.374,0.253881
10.376,0.261316
10.378,0.261994
10.38,0.257918
10.382,0.250673
10.384,0.323236
10.386,0.366634
10.388,0.415755
10.39,0.439949
10.392,0.446188
10.394,0.440042
10.396,0.425854
10.398,0.406921
10.4,0.385671
10.402,0.363826
10.404,0.370041
10.406,0.368336
10.408,0.361246
10.41,0.350741
10.412,0.338308
10.414,0.325037
10.416,0.311696
10.418,0.2988
10.42,0.314155
10.422,0.321218
10.424,0.322179
10.426,0.31882
10.428,0.312559
10.43,0.331981
10.432,0.341198
10.434,0.342931
10.436,0.339393
10.438,0.332333
10.44,0.323101
10.442,0.340198
10.444,0.347642
10.446,0.348066
10.448,0.343593
10.45,0.335897
10.452,0.32626
10.454,0.31564
10.456,0.332211
10.458,0.339732
10.46,0.340629
10.462,0.336871
10.464,0.330015
10.466,0.321262
10.468,0.31151
10.47,0.328899
10.472,0.337166
10.474,0.338727
10.476,0.33555
10.478,0.329194
10.48,0.320865
10.482,0.338959
10.484,0.347419
10.486,0.348828
10.488,0.42703
10.49,0.473788
10.492,0.524602
10.494,0.549312
10.496,0.555277
10.498,0.548364
10.5,0.533137
10.502,0.513053
10.504,0.490648
10.506,0.495206
10.508,0.409466
10.51,0.346199
10.512,0.300878
10.514,0.269547
10.516,0.276335
10.518,0.281746
10.52,0.285651
10.522,0.288067
10.524,0.289099
10.526,0.316392
10.528,0.333411
10.53,0.342465
10.532,0.345519
10.534,0.371693
10.536,0.385592
10.538,0.39038
10.54,0.388646
10.542,0.382459
10.544,0.400918
10.546,0.408528
10.548,0.408306
10.55,0.402674
10.552,0.393529
10.554,0.300567
10.556,0.262235
10.558,0.235845
10.56,0.218436
10.562,0.207583
10.564,0.228831
10.566,0.243949
10.568,0.253905
10.57,0.259633
10.572,0.261994
10.574,0.289239
10.576,0.305304
10.578,0.312857
10.58,0.314129
10.582,0.310943
10.584,0.304747
10.586,0.29667
10.588,0.315046
10.59,0.323783
10.592,0.325437
10.594,0.322086
10.596,0.315381
10.598,0.306595
10.6,0.296689
10.602,0.286359
10.604,0.30358
10.606,0.311959
10.608,0.313812
10.61,0.311028
10.612,0.305113
10.614,0.297234
10.616,0.31576
10.618,0.324618
10.62,0.326382
10.622,0.323142
10.624,0.316552
10.626,0.307893
10.628,0.298123
10.63,0.315427
10.632,0.323575
10.634,0.406761
10.636,0.457073
10.638,0.482818
10.64,0.49081
10.642,0.486504
10.644,0.474159
10.646,0.457016
10.648,0.437466
10.65,0.444699
10.652,0.443157
10.654,0.435695
10.656,0.424522
10.658,0.411294
10.66,0.39722
10.662,0.383144
10.664,0.369623
10.666,0.384488
10.668,0.3912
10.67,0.391943
10.672,0.38849
10.674,0.382242
10.676,0.37428
10.678,0.392903
10.68,0.401981
10.682,0.404045
10.684,0.401148
10.686,0.394924
10.688,0.414118
10.69,0.422963
10.692,0.424269
10.694,0.338552
10.696,0.277491
10.698,0.235724
10.7,0.208673
10.702,0.220015
10.704,0.229946
10.706,0.238135
10.708,0.244479
10.71,0.249024
10.712,0.25191
10.714,0.253333
10.716,0.25351
10.718,0.252663
10.72,0.251
10.722,0.276196
10.724,0.291703
10.726,0.38153
10.728,0.43769
10.73,0.468479
10.732,0.480749
10.734,0.480023
10.736,0.470641
10.738,0.455931
10.74,0.438368
10.742,0.419734
10.744,0.428747
10.746,0.429486
10.748,0.424546
10.75,0.415944
10.752,0.405215
10.754,0.393486
10.756,0.381557
10.758,0.369967
10.76,0.386544
10.762,0.394762
10.764,0.396821
10.766,0.394514
10.768,0.389266
10.77,0.38218
10.772,0.374086
10.774,0.365592
10.776,0.357122
10.778,0.34896
10.78,0.341278
10.782,0.361656
10.784,0.373411
10.786,0.378657
10.788,0.379147
10.79,0.376304
10.792,0.453
10.794,0.500208
10.796,0.525311
10.798,0.534379
10.8,0.53228
10.802,0.522827
10.804,0.508926
10.806,0.492728
10.808,0.50326
10.81,0.504856
10.812,0.500308
10.814,0.491795
10.816,0.480968
10.818,0.46904
10.82,0.456875
10.822,0.47254
10.824,0.479687
10.826,0.480639
10.828,0.477272
10.83,0.471061
10.832,0.463137
10.834,0.481828
10.836,0.409271
10.838,0.357894
10.84,0.323018
10.842,0.300667
10.844,0.287552
10.846,0.281013
10.848,0.306439
10.85,0.325501
10.852,0.339112
10.854,0.348183
10.856,0.353576
10.858,0.356068
10.86,0.356337
10.862,0.354957
10.864,0.352404
10.866,0.376546
10.868,0.390968
10.87,0.398017
10.872,0.39965
10.874,0.397457
10.876,0.392698
10.878,0.386346
10.88,0.379134
10.882,0.399081
10.884,0.40984
10.886,0.413778
10.888,0.412831
10.89,0.408546
10.892,0.402127
10.894,0.394488
10.896,0.386299
10.898,0.378037
10.9,0.397509
10.902,0.408199
10.904,0.412338
10.906,0.411759
10.908,0.407933
10.91,0.402009
10.912,0.394862
10.914,0.38714
10.916,0.379303
10.918,0.371663
10.92,0.36442
10.922,0.385174
10.924,0.47901
10.926,0.538162
10.928,0.571132
10.93,0.584948
10.932,0.585283
10.934,0.576605
10.936,0.562342
10.938,0.54505
10.94,0.526574
10.942,0.508188
10.944,0.490724
10.946,0.502166
10.948,0.506045
10.95,0.504555
10.952,0.499437
10.954,0.49204
10.956,0.401627
10.958,0.366317
10.96,0.343178
10.962,0.329073
10.964,0.321453
10.966,0.318303
10.968,0.318062
10.97,0.347042
10.972,0.367672
10.974,0.38147
10.976,0.389821
10.978,0.393945
10.98,0.394885
10.982,0.393507
10.984,0.390514
10.986,0.386462
10.988,0.409268
10.99,0.422535
10.992,0.428616
10.994,0.429459
10.996,0.426638
10.998,0.421394
11,0.41468
11.002,0.407206
11.004,0.399486
11.006,0.391875
11.008,0.41209
11.01,0.423551
11.012,0.428445
11.014,0.428579
11.016,0.425407
11.018,0.420069
11.02,0.413441
11.022,0.406171
11.024,0.398725
11.026,0.41891
11.028,0.430215
11.03,0.434879
11.032,0.434746
11.034,0.431297
11.036,0.425693
11.038,0.418818
11.04,0.411329
11.042,0.403693
11.044,0.423716
11.046,0.434888
11.048,0.439444
11.05,0.439225
11.052,0.435709
11.054,0.430054
11.056,0.423141
11.058,0.415623
11.06,0.407966
11.062,0.400488
11.064,0.420879
11.066,0.432539
11.068,0.437639
11.07,0.437974
11.072,0.434993
11.074,0.429834
11.076,0.423368
11.078,0.416245
11.08,0.40893
11.082,0.401744
11.084,0.394895
11.086,0.388503
11.088,0.382629
11.09,0.404772
11.092,0.4182
11.094,0.424997
11.096,0.426906
11.098,0.425344
11.1,0.421439
11.102,0.416065
11.104,0.409881
11.106,0.403367
11.108,0.396861
11.11,0.418074
11.112,0.430429
11.114,0.436117
11.116,0.436954
11.118,0.434404
11.12,0.42962
11.122,0.423485
11.124,0.416659
11.126,0.409615
11.128,0.40268
11.13,0.396067
11.132,0.417387
11.134,0.429985
11.136,0.435996
11.138,0.437192
11.14,0.435007
11.142,0.430575
11.144,0.424767
11.146,0.418234
11.148,0.493201
11.15,0.540103
11.152,0.565889
11.154,0.57629
11.156,0.575915
11.158,0.568384
11.16,0.583951
11.162,0.587958
11.164,0.584
11.166,0.574879
11.168,0.562722
11.17,0.549092
11.172,0.535098
11.174,0.52149
11.176,0.426989
11.178,0.361752
11.18,0.319158
11.182,0.321101
11.184,0.326262
11.186,0.33306
11.188,0.34038
11.19,0.347472
11.192,0.353868
11.194,0.359307
11.196,0.363681
11.198,0.366983
11.2,0.396761
11.202,0.416401
11.204,0.428144
11.206,0.433907
11.208,0.435281
11.21,0.43356
11.212,0.429768
11.214,0.424694
11.216,0.418931
11.218,0.412909
11.22,0.434416
11.222,0.446931
11.224,0.452695
11.226,0.453556
11.228,0.451004
11.23,0.446208
11.232,0.440065
11.234,0.43324
11.236,0.426211
11.238,0.419306
11.24,0.412738
11.242,0.40663
11.244,0.401041
11.246,0.395986
11.248,0.391447
11.25,0.414876
11.252,0.429508
11.254,0.437412
11.256,0.440324
11.258,0.439663
11.26,0.436563
11.262,0.431906
11.264,0.42636
11.266,0.420417
11.268,0.414424
11.27,0.408614
11.272,0.403132
11.274,0.398062
11.276,0.393435
11.278,0.389252
11.28,0.467245
11.282,0.517488
11.284,0.546675
11.286,0.560366
11.288,0.590551
11.29,0.604074
11.292,0.605798
11.294,0.599566
11.296,0.58834
11.298,0.574338
11.3,0.559168
11.302,0.54395
11.304,0.529421
11.306,0.516027
11.308,0.504
11.31,0.520905
11.312,0.53
11.314,0.451557
11.316,0.397126
11.318,0.361288
11.32,0.339467
11.322,0.327893
11.324,0.323535
11.326,0.3515
11.328,0.373254
11.33,0.389563
11.332,0.401243
11.334,0.409095
11.336,0.413863
11.338,0.416212
11.34,0.416718
11.342,0.415865
11.344,0.414052
11.346,0.411594
11.348,0.408742
11.35,0.433168
11.352,0.448295
11.354,0.45634
11.356,0.459156
11.358,0.458251
11.36,0.454827
11.362,0.449813
11.364,0.44391
11.366,0.437631
11.368,0.431336
11.37,0.425265
11.372,0.419566
11.374,0.414318
11.376,0.437039
11.378,0.451008
11.38,0.458319
11.382,0.460721
11.384,0.459636
11.386,0.456195
11.388,0.451275
11.39,0.445533
11.392,0.3577
11.394,0.298005
11.396,0.287424
11.398,0.283775
11.4,0.284707
11.402,0.288435
11.404,0.293643
11.406,0.299396
11.408,0.305059
11.41,0.310228
11.412,0.314674
11.414,0.31829
11.416,0.321059
11.418,0.323022
11.42,0.324254
11.422,0.352336
11.424,0.370651
11.426,0.381418
11.428,0.386516
11.43,0.387496
11.432,0.385607
11.434,0.38183
11.436,0.376916
11.438,0.453175
11.44,0.501116
11.442,0.52775
11.444,0.538857
11.446,0.539086
11.448,0.532086
11.45,0.520648
11.452,0.506845
11.454,0.492167
11.456,0.477638
11.458,0.463918
11.46,0.451398
11.462,0.440266
11.464,0.430571
11.466,0.422266
11.468,0.415246
11.47,0.409372
11.472,0.404492
11.474,0.400454
11.476,0.397113
11.478,0.39434
11.48,0.39202
11.482,0.390055
11.484,0.388364
11.486,0.386881
11.488,0.385553
11.49,0.38434
11.492,0.38321
11.494,0.382141
11.496,0.381117
11.498,0.380126
11.5,0.379162
11.502,0.378218
11.504,0.377293
11.506,0.376387
11.508,0.402985
11.51,0.420372
11.512,0.430668
11.514,0.435661
11.516,0.436819
11.518,0.435322
11.52,0.432091
11.522,0.427828
11.524,0.423053
11.526,0.418136
11.528,0.413328
11.53,0.408792
11.532,0.404618
11.534,0.40085
11.536,0.397494
11.538,0.394533
11.54,0.391936
11.542,0.389666
11.544,0.38768
11.546,0.385937
11.548,0.384398
11.55,0.38303
11.552,0.463552
11.554,0.516047
11.556,0.54723
11.558,0.562684
11.56,0.56694
11.562,0.563587
11.564,0.555396
11.566,0.544448
11.568,0.532256
11.57,0.519881
11.572,0.508024
11.574,0.497115
11.576,0.487384
11.578,0.478914
11.58,0.471691
11.582,0.465637
11.584,0.460637
11.586,0.374805
11.588,0.317896
11.59,0.283043
11.592,0.264522
11.594,0.257681
11.596,0.258828
11.598,0.265106
11.6,0.274363
11.602,0.28503
11.604,0.296006
11.606,0.306555
11.608,0.316223
11.61,0.324763
11.612,0.33208
11.614,0.338181
11.616,0.343139
11.618,0.347067
11.62,0.350096
11.622,0.352363
11.624,0.354001
11.626,0.436884
11.628,0.491228
11.63,0.523863
11.632,0.540468
11.634,0.545653
11.636,0.543068
11.638,0.535531
11.64,0.525162
11.642,0.513501
11.644,0.501626
11.646,0.490252
11.648,0.479818
11.65,0.470558
11.652,0.462559
11.654,0.455806
11.656,0.450221
11.658,0.363936
11.66,0.306707
11.662,0.299148
11.664,0.298806
11.666,0.303132
11.668,0.310207
11.67,0.318624
11.672,0.327397
11.674,0.335863
11.676,0.343611
11.678,0.350415
11.68,0.356183
11.682,0.360917
11.684,0.364675
11.686,0.367553
11.688,0.369666
11.69,0.37113
11.692,0.372062
11.694,0.372567
11.696,0.372738
11.698,0.372658
11.7,0.372394
11.702,0.372002
11.704,0.371526
11.706,0.371
11.708,0.37045
11.71,0.369895
11.712,0.369349
11.714,0.36882
11.716,0.368314
11.718,0.367833
11.72,0.36738
11.722,0.366952
11.724,0.36655
11.726,0.366172
11.728,0.447568
11.73,0.500844
11.732,0.532734
11.734,0.548838
11.736,0.553701
11.738,0.550919
11.74,0.46152
11.742,0.397481
11.744,0.353584
11.746,0.325289
11.748,0.308756
11.75,0.300816
11.752,0.298919
11.754,0.301062
11.756,0.305711
11.758,0.311727
11.76,0.318288
11.762,0.324831
11.764,0.330989
11.766,0.336544
11.768,0.341389
11.77,0.345495
11.772,0.348885
11.774,0.351614
11.776,0.353756
11.778,0.355391
11.78,0.356603
11.782,0.357466
11.784,0.358053
11.786,0.358424
11.788,0.358631
11.79,0.358718
11.792,0.358719
11.794,0.358663
11.796,0.358571
11.798,0.358459
11.8,0.358339
11.802,0.358218
11.804,0.358102
11.806,0.357994
11.808,0.357896
11.81,0.357809
11.812,0.357732
11.814,0.357665
11.816,0.357606
11.818,0.357556
11.82,0.357512
11.822,0.357473
11.824,0.357439
11.826,0.35741
11.828,0.357383
11.83,0.357358
11.832,0.357336
11.834,0.357315
11.836,0.357296
11.838,0.357277
11.84,0.357259
11.842,0.357242
11.844,0.357226
11.846,0.35721
11.848,0.357194
11.85,0.357179
11.852,0.329678
11.854,0.311406
11.856,0.300245
11.858,0.294408
11.86,0.292426
11.862,0.293122
11.864,0.295574
11.866,0.29908
11.868,0.303122
11.87,0.307329
11.872,0.311448
11.874,0.315319
11.876,0.31885
11.878,0.321996
11.88,0.324752
11.882,0.327133
11.884,0.329169
11.886,0.330898
11.888,0.332362
11.89,0.3336
11.892,0.334651
11.894,0.33555
11.896,0.336325
11.898,0.337003
11.9,0.337606
11.902,0.338149
11.904,0.338647
11.906,0.339111
11.908,0.339548
11.91,0.339965
11.912,0.340365
11.914,0.340752
11.916,0.341129
11.918,0.341495
11.92,0.341853
11.922,0.342201
11.924,0.342542
11.926,0.342873
11.928,0.343196
11.93,0.34351
11.932,0.343816
11.934,0.344113
11.936,0.3444
11.938,0.344679
11.94,0.344949
11.942,0.345211
11.944,0.345463
11.946,0.345708
11.948,0.345944
11.95,0.346173
11.952,0.346393
11.954,0.346606
11.956,0.346812
11.958,0.347011
11.96,0.347202
11.962,0.347388
11.964,0.265815
11.966,0.212375
11.968,0.180334
11.97,0.164089
11.972,0.159095
11.974,0.161753
11.976,0.169283
11.978,0.179599
11.98,0.191182
11.982,0.202969
11.984,0.214255
11.986,0.22461
11.988,0.233802
11.99,0.241748
11.992,0.330213
11.994,0.389385
11.996,0.426113
11.998,0.446132
12,0.454126
12.002,0.453824
12.004,0.448127
12.006,0.411745
12.008,0.383003
12.01,0.360922
12.012,0.344484
12.014,0.332703
12.016,0.324669
12.018,0.319576
12.02,0.316731
12.022,0.315552
12.024,0.315565
12.026,0.316391
12.028,0.317737
12.03,0.319381
12.032,0.321159
12.034,0.322956
12.036,0.324696
12.038,0.32633
12.04,0.327832
12.042,0.329191
12.044,0.330407
12.046,0.331488
12.048,0.250692
12.05,0.197925
12.052,0.166466
12.054,0.150726
12.056,0.146173
12.058,0.14922
12.06,0.157097
12.062,0.167725
12.064,0.179592
12.066,0.191642
12.068,0.203174
12.07,0.213761
12.072,0.195688
12.074,0.185589
12.076,0.181359
12.078,0.181293
12.08,0.184035
12.082,0.188544
12.084,0.194033
12.086,0.281685
12.088,0.313724
12.09,0.33334
12.092,0.343854
12.094,0.347941
12.096,0.347703
12.098,0.344749
12.1,0.340278
12.102,0.307666
12.104,0.284225
12.106,0.268224
12.108,0.258107
12.11,0.252522
12.112,0.250327
12.114,0.25058
12.116,0.252524
12.118,0.255566
12.12,0.341007
12.122,0.398619
12.124,0.407412
12.126,0.40954
12.128,0.407326
12.13,0.40252
12.132,0.396407
12.134,0.389892
12.136,0.383583
12.138,0.377859
12.14,0.372933
12.142,0.368892
12.144,0.338254
12.146,0.317685
12.148,0.304982
12.15,0.298258
12.152,0.295941
12.154,0.296749
12.156,0.299667
12.158,0.30391
12.16,0.308887
12.162,0.314166
12.164,0.319446
12.166,0.324527
12.168,0.301799
12.17,0.287913
12.172,0.280726
12.174,0.278457
12.176,0.279659
12.178,0.283189
12.18,0.288164
12.182,0.293923
12.184,0.299985
12.186,0.306017
12.188,0.311799
12.19,0.317196
12.192,0.32214
12.194,0.326608
12.196,0.330608
12.198,0.33417
12.2,0.337333
12.202,0.340143
12.204,0.342646
12.206,0.317402
12.208,0.301166
12.21,0.210106
12.212,0.152357
12.214,0.119741
12.216,0.105502
12.218,0.104191
12.22,0.11152
12.222,0.124202
12.224,0.139788
12.226,0.156514
12.228,0.17316
12.23,0.188932
12.232,0.203359
12.234,0.216206
12.236,0.227404
12.238,0.236999
12.24,0.245108
12.242,0.251886
12.244,0.230022
12.246,0.216407
12.248,0.209087
12.25,0.206429
12.252,0.288848
12.254,0.345388
12.256,0.381961
12.258,0.403542
12.26,0.414221
12.262,0.417273
12.264,0.387775
12.266,0.364398
12.268,0.346468
12.27,0.333231
12.272,0.323925
12.274,0.317826
12.276,0.314274
12.278,0.312694
12.28,0.312592
12.282,0.31356
12.284,0.315268
12.286,0.317456
12.288,0.319924
12.29,0.295034
12.292,0.279397
12.294,0.270816
12.296,0.267459
12.298,0.186075
12.3,0.135365
12.302,0.107668
12.304,0.0966839
12.306,0.0973563
12.308,0.105726
12.31,0.118774
12.312,0.134263
12.314,0.150592
12.316,0.166667
12.318,0.181786
12.32,0.195541
12.322,0.180253
12.324,0.172596
12.326,0.170512
12.328,0.172336
12.33,0.176755
12.332,0.182763
12.334,0.189607
12.336,0.196744
12.338,0.28555
12.34,0.34589
12.342,0.356866
12.344,0.360725
12.346,0.359872
12.348,0.356133
12.35,0.350858
12.352,0.345005
12.354,0.339226
12.356,0.333938
12.358,0.32938
12.36,0.298175
12.362,0.277058
12.364,0.263873
12.366,0.256755
12.368,0.254143
12.37,0.254756
12.372,0.257573
12.374,0.261797
12.376,0.266827
12.378,0.244733
12.38,0.231916
12.382,0.226047
12.384,0.225206
12.386,0.227851
12.388,0.232774
12.39,0.239052
12.392,0.246003
12.394,0.253137
12.396,0.260121
12.398,0.266741
12.4,0.245386
12.402,0.232717
12.404,0.226602
12.406,0.225275
12.408,0.227308
12.41,0.231573
12.412,0.237202
12.414,0.243548
12.416,0.250142
12.418,0.256661
12.42,0.262892
12.422,0.26871
12.424,0.27405
12.426,0.278894
12.428,0.283253
12.43,0.28716
12.432,0.263168
12.434,0.248042
12.436,0.23971
12.438,0.23643
12.44,0.236776
12.442,0.239607
12.444,0.244034
12.446,0.249382
12.448,0.255153
12.45,0.260997
12.452,0.266674
12.454,0.272035
12.456,0.276996
12.458,0.281521
12.46,0.285608
12.462,0.289277
12.464,0.29256
12.466,0.295497
12.468,0.298131
12.47,0.300505
12.472,0.302655
12.474,0.304619
12.476,0.27894
12.478,0.262359
12.48,0.252781
12.482,0.248436
12.484,0.24787
12.486,0.249916
12.488,0.171911
12.49,0.123051
12.492,0.0960861
12.494,0.085048
12.496,0.085142
12.498,0.0926095
12.5,0.10458
12.502,0.118925
12.504,0.134119
12.506,0.149116
12.508,0.163243
12.51,0.176105
12.512,0.187515
12.514,0.19743
12.516,0.2059
12.518,0.213041
12.52,0.218997
12.522,0.19644
12.524,0.182245
12.526,0.174443
12.528,0.171383
12.53,0.171714
12.532,0.17436
12.534,0.178483
12.536,0.183449
12.538,0.188794
12.54,0.194188
12.542,0.171925
12.544,0.158583
12.546,0.151967
12.548,0.150259
12.55,0.15199
12.552,0.156003
12.554,0.16141
12.556,0.167548
12.558,0.255689
12.56,0.315613
12.562,0.326354
12.564,0.330101
12.566,0.329217
12.568,0.325497
12.57,0.320266
12.572,0.314465
12.574,0.308737
12.576,0.30349
12.578,0.29896
12.58,0.267767
12.582,0.24665
12.584,0.233448
12.586,0.226303
12.588,0.223653
12.59,0.22422
12.592,0.226983
12.594,0.23115
12.596,0.236119
12.598,0.241447
12.6,0.246823
12.602,0.22455
12.604,0.211211
12.606,0.204615
12.608,0.202944
12.61,0.20473
12.612,0.208813
12.614,0.214302
12.616,0.220532
12.618,0.227023
12.62,0.233441
12.622,0.239571
12.624,0.245282
12.626,0.25051
12.628,0.227748
12.63,0.213726
12.632,0.206356
12.634,0.203894
12.636,0.204921
12.638,0.208308
12.64,0.213179
12.642,0.218876
12.644,0.224918
12.646,0.230966
12.648,0.236797
12.65,0.24227
12.652,0.247313
12.654,0.251897
12.656,0.256027
12.658,0.259726
12.66,0.263032
12.662,0.265988
12.664,0.268639
12.666,0.271026
12.668,0.273192
12.67,0.27517
12.672,0.276993
12.674,0.278686
12.676,0.280272
12.678,0.281769
12.68,0.28319
12.682,0.202795
12.684,0.150485
12.686,0.119529
12.688,0.104332
12.69,0.100351
12.692,0.103991
12.694,0.112473
12.696,0.123712
12.698,0.136189
12.7,0.148844
12.702,0.160972
12.704,0.172141
12.706,0.154637
12.708,0.14509
12.71,0.141396
12.712,0.141848
12.714,0.145091
12.716,0.150082
12.718,0.156038
12.72,0.162387
12.722,0.168734
12.724,0.174816
12.726,0.180473
12.728,0.185622
12.73,0.190235
12.732,0.194319
12.734,0.197907
12.736,0.201047
12.738,0.203789
12.74,0.178703
12.742,0.162557
12.744,0.153279
12.746,0.149125
12.748,0.148664
12.75,0.150748
12.752,0.154483
12.754,0.159186
12.756,0.164356
12.758,0.169634
12.76,0.147291
12.762,0.13389
12.764,0.127223
12.766,0.125466
12.768,0.127145
12.77,0.1311
12.772,0.136441
12.774,0.142505
12.776,0.121328
12.778,0.109297
12.78,0.104078
12.782,0.103758
12.784,0.106806
12.786,0.112029
12.788,0.118518
12.79,0.207357
12.792,0.240694
12.794,0.26166
12.796,0.273533
12.798,0.278959
12.8,0.28002
12.802,0.278311
12.804,0.275024
12.806,0.271021
12.808,0.23941
12.81,0.217298
12.812,0.202801
12.814,0.194253
12.816,0.190223
12.818,0.18952
12.82,0.19117
12.822,0.166915
12.824,0.152873
12.826,0.228228
12.828,0.280971
12.83,0.316142
12.832,0.33801
12.834,0.350107
12.836,0.35528
12.838,0.355772
12.84,0.325816
12.842,0.303413
12.844,0.287371
12.846,0.276547
12.848,0.269892
12.85,0.266481
12.852,0.265523
12.854,0.266355
12.856,0.268443
12.858,0.271359
12.86,0.274774
12.862,0.278443
12.864,0.282185
12.866,0.285875
12.868,0.207678
12.87,0.157436
12.872,0.128388
12.874,0.114923
12.876,0.1125
12.878,0.11753
12.88,0.12725
12.882,0.13959
12.884,0.15305
12.886,0.166584
12.888,0.179505
12.89,0.191395
12.892,0.202038
12.894,0.211359
12.896,0.219382
12.898,0.226193
12.9,0.231913
12.902,0.236679
12.904,0.240633
12.906,0.162158
12.908,0.111269
12.91,0.08134
12.912,0.0668626
12.914,0.0633703
12.916,0.0673281
12.918,0.076008
12.92,0.0873625
12.922,0.0999035
12.924,0.0851044
12.926,0.0789934
12.928,0.0790307
12.93,0.0832074
12.932,0.0899748
12.934,0.0981718
12.936,0.106956
12.938,0.115742
12.94,0.124141
12.942,0.131921
12.944,0.13896
12.946,0.145216
12.948,0.150705
12.95,0.155474
12.952,0.159593
12.954,0.163142
12.956,0.166201
12.958,0.168847
12.96,0.171151
12.962,0.173176
12.964,0.147489
12.966,0.130853
12.968,0.121184
12.97,0.116727
12.972,0.116037
12.974,0.117955
12.976,0.121572
12.978,0.126197
12.98,0.131319
12.982,0.136572
12.984,0.141707
12.986,0.119078
12.988,0.105312
12.99,0.0982456
12.992,0.0960864
12.994,0.0973817
12.996,0.100984
12.998,0.106011
13,0.111801
13.002,0.117875
13.004,0.0964161
13.006,0.0839216
13.008,0.0781418
13.01,0.0772235
13.012,0.0796772
13.014,0.0843358
13.016,0.0903082
13.018,0.096934
13.02,0.185493
13.022,0.24577
13.024,0.256809
13.026,0.260807
13.028,0.260135
13.03,0.256596
13.032,0.251519
13.034,0.245852
13.036,0.240242
13.038,0.235101
13.04,0.230667
13.042,0.227051
13.044,0.224275
13.046,0.194814
13.048,0.175311
13.05,0.163557
13.052,0.157663
13.054,0.156064
13.056,0.157489
13.058,0.160935
13.06,0.165629
13.062,0.170992
13.064,0.176604
13.066,0.182173
13.068,0.187508
13.07,0.165006
13.072,0.151325
13.074,0.144326
13.076,0.142231
13.078,0.143597
13.08,0.147283
13.082,0.152408
13.084,0.158312
13.086,0.164515
13.088,0.170683
13.09,0.176597
13.092,0.182124
13.094,0.159707
13.096,0.14604
13.098,0.139013
13.1,0.136867
13.102,0.138175
13.104,0.141802
13.106,0.146877
13.108,0.15274
13.11,0.158915
13.112,0.165069
13.114,0.170979
13.116,0.176513
13.118,0.181599
13.12,0.158727
13.122,0.14462
13.124,0.218936
13.126,0.270038
13.128,0.303237
13.13,0.323003
13.132,0.333004
13.134,0.336178
13.136,0.334823
13.138,0.330685
13.14,0.32506
13.142,0.31887
13.144,0.312745
13.146,0.279603
13.148,0.256393
13.15,0.241105
13.152,0.231976
13.154,0.227502
13.156,0.144683
13.158,0.0924004
13.16,0.063119
13.162,0.0506224
13.164,0.0499051
13.166,0.0570346
13.168,0.0690001
13.17,0.0835622
13.172,0.0991106
13.174,0.114537
13.176,0.129121
13.178,0.142439
13.18,0.154281
13.182,0.164592
13.184,0.173419
13.186,0.180872
13.188,0.187098
13.19,0.192259
13.192,0.196519
13.194,0.118278
13.196,0.0675696
13.198,0.0377796
13.2,0.0234113
13.202,0.0200067
13.204,0.0240374
13.206,0.0327806
13.208,0.0441925
13.21,0.0567873
13.212,0.0695274
13.214,0.0817255
13.216,0.0929618
13.218,0.103015
13.22,0.111803
13.222,0.119345
13.224,0.125719
13.226,0.131039
13.228,0.135438
13.23,0.139052
13.232,0.142012
13.234,0.144437
13.236,0.146435
13.238,0.148096
13.24,0.149498
13.242,0.150702
13.244,0.124274
13.246,0.106967
13.248,0.0966935
13.25,0.0916885
13.252,0.0904995
13.254,0.0919602
13.256,0.0951565
13.258,0.0993913
13.26,0.104148
13.262,0.109058
13.264,0.113868
13.266,0.118417
13.268,0.122611
13.27,0.126408
13.272,0.1298
13.274,0.1328
13.276,0.135439
13.278,0.137755
13.28,0.139787
13.282,0.141577
13.284,0.143163
13.286,0.117092
13.288,0.10011
13.29,0.090125
13.292,0.0853707
13.294,0.0843966
13.296,0.0042871
13.298,-0.0459762
13.3,-0.0738227
13.302,-0.0853666
13.304,-0.0855188
13.306,-0.0781275
13.308,-0.0661309
13.31,-0.0517073
13.312,-0.0364171
13.314,-0.0213292
13.316,-0.00713185
13.318,0.0057736
13.32,0.0171957
13.322,0.0270906
13.324,0.0355131
13.326,0.0425796
13.328,0.0484395
13.33,0.0257692
13.332,0.0114476
13.334,0.00350882
13.336,0.000304625
13.338,0.000487792
13.34,0.00298383
13.342,0.00695713
13.344,0.0117753
13.346,0.0169746
13.348,0.0222272
13.35,0.0273131
13.352,0.0320946
13.354,0.0364963
13.356,0.040487
13.358,0.0440669
13.36,0.0472561
13.362,0.0500873
13.364,0.0525991
13.366,0.0548324
13.368,0.02934
13.37,0.0128754
13.372,0.00335241
13.374,-0.000986732
13.376,-0.00158596
13.378,0.000397478
13.38,0.00405898
13.382,0.00871003
13.384,0.0138421
13.386,0.0190931
13.388,0.0242166
13.39,0.0290561
13.392,0.0335225
13.394,0.0375758
13.396,0.0137234
13.398,-0.00130117
13.4,-0.00958588
13.402,-0.0128789
13.404,-0.0126072
13.406,-0.00990747
13.408,-0.0056626
13.41,-0.000539621
13.412,0.00497293
13.414,0.0105307
13.416,0.015903
13.418,-0.0608054
13.42,-0.109781
13.422,-0.137792
13.424,-0.150437
13.426,-0.152241
13.428,-0.146767
13.43,-0.136752
13.432,-0.124242
13.434,-0.138199
13.436,-0.142931
13.438,-0.141225
13.44,-0.13527
13.442,-0.126739
13.444,-0.116872
13.446,-0.106559
13.448,-0.0964097
13.45,-0.0868174
13.452,-0.159763
13.454,-0.205464
13.456,-0.230681
13.458,-0.240983
13.46,-0.24085
13.462,-0.233793
13.464,-0.222498
13.466,-0.208959
13.468,-0.194604
13.47,-0.180416
13.472,-0.167029
13.474,-0.154814
13.476,-0.225702
13.478,-0.269846
13.48,-0.293935
13.482,-0.303467
13.484,-0.302853
13.486,-0.323031
13.488,-0.329916
13.49,-0.327578
13.492,-0.319194
13.494,-0.307186
13.496,-0.293341
13.498,-0.278935
13.5,-0.264835
13.502,-0.251595
13.504,-0.239531
13.506,-0.256275
13.508,-0.265135
13.51,-0.268175
13.512,-0.267075
13.514,-0.263172
13.516,-0.284991
13.518,-0.296597
13.52,-0.300678
13.522,-0.299424
13.524,-0.322055
13.526,-0.3332
13.528,-0.335985
13.53,-0.332934
13.532,-0.326029
13.534,-0.31679
13.536,-0.333834
13.538,-0.341256
13.54,-0.341735
13.542,-0.255667
13.544,-0.222111
13.546,-0.198896
13.548,-0.183487
13.55,-0.201286
13.552,-0.213905
13.554,-0.222156
13.556,-0.254313
13.558,-0.274385
13.56,-0.285139
13.562,-0.207164
13.564,-0.179772
13.566,-0.161066
13.568,-0.148786
13.57,-0.141108
13.572,-0.164082
13.574,-0.179885
13.576,-0.189812
13.578,-0.222536
13.58,-0.242394
13.582,-0.170655
13.584,-0.147238
13.586,-0.130772
13.588,-0.119437
13.59,-0.111773
13.592,-0.134119
13.594,-0.14888
13.596,-0.157523
13.598,-0.161361
13.6,-0.189026
13.602,-0.204762
13.604,-0.211482
13.606,-0.239095
13.608,-0.252848
13.61,-0.256415
13.612,-0.280268
13.614,-0.290058
13.616,-0.289733
13.618,-0.200702
13.62,-0.162813
13.622,-0.134487
13.624,-0.113627
13.626,-0.0984568
13.628,-0.114998
13.63,-0.125356
13.632,-0.13072
13.634,-0.15965
13.636,-0.176367
13.638,-0.183782
13.64,-0.184335
13.642,-0.207504
13.644,-0.218163
13.646,-0.219663
13.648,-0.214725
13.65,-0.232986
13.652,-0.239387
13.654,-0.237291
13.656,-0.229385
13.658,-0.245251
13.66,-0.249762
13.662,-0.246206
13.664,-0.155447
13.666,-0.116892
13.668,-0.0886172
13.67,-0.0682577
13.672,-0.0813265
13.674,-0.0894996
13.676,-0.0936171
13.678,-0.0944726
13.68,-0.0927829
13.682,-0.11666
13.684,-0.129919
13.686,-0.135113
13.688,-0.134382
13.69,-0.156954
13.692,-0.167499
13.694,-0.16921
13.696,-0.164683
13.698,-0.183467
13.7,-0.190435
13.702,-0.188904
13.704,-0.181533
13.706,-0.170398
13.708,-0.184566
13.71,-0.188489
13.712,-0.185114
13.714,-0.176794
13.716,-0.165354
13.718,-0.152173
13.72,-0.165751
13.722,-0.170082
13.724,-0.249514
13.726,-0.296239
13.728,-0.318623
13.73,-0.323507
13.732,-0.316355
13.734,-0.328907
13.736,-0.327669
13.738,-0.317131
13.74,-0.300759
13.742,-0.308642
13.744,-0.305956
13.746,-0.296139
13.748,-0.281853
13.75,-0.265098
13.752,-0.274818
13.754,-0.275316
13.756,-0.269388
13.758,-0.259233
13.76,-0.24654
13.762,-0.260052
13.764,-0.263956
13.766,-0.260994
13.768,-0.253357
13.77,-0.24275
13.772,-0.257953
13.774,-0.2632
13.776,-0.261282
13.778,-0.254438
13.78,-0.271907
13.782,-0.278307
13.784,-0.276743
13.786,-0.269705
13.788,-0.286625
13.79,-0.292268
13.792,-0.289848
13.794,-0.28193
13.796,-0.297998
13.798,-0.30285
13.8,-0.299717
13.802,-0.29117
13.804,-0.279208
13.806,-0.292827
13.808,-0.296415
13.81,-0.292868
13.812,-0.31198
13.814,-0.237073
13.816,-0.181512
13.818,-0.168822
13.82,-0.158851
13.822,-0.150815
13.824,-0.144113
13.826,-0.13829
13.828,-0.160503
13.83,-0.173802
13.832,-0.18015
13.834,-0.181234
13.836,-0.205954
13.838,-0.218744
13.84,-0.222641
13.842,-0.220141
13.844,-0.240735
13.846,-0.249273
13.848,-0.24907
13.85,-0.242796
13.852,-0.260036
13.854,-0.265679
13.856,-0.263037
13.858,-0.254754
13.86,-0.242888
13.862,-0.256481
13.864,-0.25996
13.866,-0.256253
13.868,-0.247687
13.87,-0.23607
13.872,-0.250254
13.874,-0.254519
13.876,-0.251686
13.878,-0.271496
13.88,-0.278992
13.882,-0.277626
13.884,-0.188414
13.886,-0.150898
13.888,-0.123271
13.89,-0.103269
13.892,-0.0889967
13.894,-0.0789119
13.896,-0.0717859
13.898,-0.0941504
13.9,-0.108566
13.902,-0.116619
13.904,-0.11972
13.906,-0.119079
13.908,-0.143199
13.91,-0.156189
13.912,-0.160827
13.914,-0.15941
13.916,-0.15379
13.918,-0.145425
13.92,-0.24467
13.922,-0.305749
13.924,-0.338115
13.926,-0.349567
13.928,-0.346385
13.93,-0.333502
13.932,-0.314692
13.934,-0.32025
13.936,-0.315477
13.938,-0.303878
13.94,-0.288139
13.942,-0.270256
13.944,-0.251665
13.946,-0.233351
13.948,-0.215954
13.95,-0.227335
13.952,-0.23096
13.954,-0.228992
13.956,-0.223172
13.958,-0.214863
13.96,-0.205106
13.962,-0.194672
13.964,-0.2116
13.966,-0.219549
13.968,-0.220879
13.97,-0.217514
13.972,-0.292738
13.974,-0.365334
13.976,-0.406218
13.978,-0.423766
13.98,-0.42477
13.982,-0.414605
13.984,-0.397418
13.986,-0.403805
13.988,-0.39931
13.99,-0.387627
13.992,-0.371585
13.994,-0.353286
13.996,-0.334239
13.998,-0.342968
14,-0.343428
14.002,-0.256379
14.004,-0.193689
14.006,-0.150135
14.008,-0.148731
14.01,-0.149024
14.012,-0.150092
14.014,-0.151302
14.016,-0.179734
14.018,-0.198432
14.02,-0.209398
14.022,-0.214389
14.024,-0.214898
14.026,-0.239654
14.028,-0.25294
14.03,-0.257667
14.032,-0.256228
14.034,-0.250543
14.036,-0.242117
14.038,-0.232096
14.04,-0.221325
14.042,-0.237898
14.044,-0.245509
14.046,-0.246539
14.048,-0.242925
14.05,-0.236202
14.052,-0.227559
14.054,-0.245374
14.056,-0.253581
14.058,-0.254753
14.06,-0.250976
14.062,-0.243903
14.064,-0.262294
14.066,-0.270386
14.068,-0.27099
14.07,-0.266376
14.072,-0.258329
14.074,-0.248216
14.076,-0.264545
14.078,-0.271331
14.08,-0.271199
14.082,-0.266264
14.084,-0.258186
14.086,-0.248236
14.088,-0.237359
14.09,-0.226233
14.092,-0.24281
14.094,-0.250673
14.096,-0.252118
14.098,-0.249012
14.1,-0.242844
14.102,-0.234766
14.104,-0.225647
14.106,-0.243607
14.108,-0.252376
14.11,-0.254368
14.112,-0.251554
14.114,-0.245499
14.116,-0.264904
14.118,-0.273967
14.12,-0.275476
14.122,-0.271688
14.124,-0.264382
14.126,-0.25493
14.128,-0.271843
14.13,-0.279143
14.132,-0.279465
14.134,-0.27493
14.136,-0.267207
14.138,-0.257575
14.14,-0.246985
14.142,-0.263607
14.144,-0.271194
14.146,-0.272171
14.148,-0.2685
14.15,-0.261738
14.152,-0.253081
14.154,-0.243428
14.156,-0.260915
14.158,-0.269278
14.16,-0.270934
14.162,-0.267848
14.164,-0.261581
14.166,-0.253338
14.168,-0.271514
14.17,-0.280054
14.172,-0.281539
14.174,-0.278062
14.176,-0.271278
14.178,-0.262464
14.18,-0.252575
14.182,-0.269792
14.184,-0.27788
14.186,-0.279275
14.188,-0.275954
14.19,-0.269483
14.192,-0.261071
14.194,-0.251625
14.196,-0.241803
14.198,-0.232064
14.2,-0.168446
14.202,-0.124307
14.204,-0.0951252
14.206,-0.0771162
14.208,-0.0671916
14.21,-0.0628901
14.212,-0.14405
14.214,-0.199329
14.216,-0.2344
14.218,-0.254108
14.22,-0.26249
14.222,-0.262823
14.224,-0.257704
14.226,-0.24914
14.228,-0.266127
14.23,-0.273048
14.232,-0.27279
14.234,-0.267651
14.236,-0.259412
14.238,-0.249417
14.24,-0.238649
14.242,-0.309551
14.244,-0.352692
14.246,-0.375095
14.248,-0.382516
14.25,-0.37956
14.252,-0.369824
14.254,-0.356038
14.256,-0.340219
14.258,-0.323799
14.26,-0.307755
14.262,-0.292703
14.264,-0.278997
14.266,-0.266796
14.268,-0.28361
14.27,-0.292655
14.272,-0.295931
14.274,-0.376825
14.276,-0.426754
14.278,-0.453473
14.28,-0.463356
14.282,-0.461517
14.284,-0.451958
14.286,-0.43773
14.288,-0.42109
14.29,-0.403653
14.292,-0.386521
14.294,-0.3704
14.296,-0.383185
14.298,-0.388352
14.3,-0.388057
14.302,-0.384024
14.304,-0.377595
14.306,-0.369789
14.308,-0.361351
14.31,-0.352813
14.312,-0.34453
14.314,-0.336727
14.316,-0.329529
14.318,-0.322986
14.32,-0.344588
14.322,-0.357589
14.324,-0.364056
14.326,-0.365714
14.328,-0.363968
14.33,-0.359932
14.332,-0.354468
14.334,-0.348225
14.336,-0.341675
14.338,-0.362637
14.34,-0.374612
14.342,-0.379855
14.344,-0.380223
14.346,-0.377211
14.348,-0.371989
14.35,-0.365455
14.352,-0.385757
14.354,-0.396657
14.356,-0.400597
14.358,-0.399574
14.36,-0.395177
14.362,-0.388641
14.364,-0.408385
14.366,-0.418375
14.368,-0.421212
14.37,-0.419005
14.372,-0.413421
14.374,-0.405748
14.376,-0.315197
14.378,-0.25236
14.38,-0.238475
14.382,-0.231544
14.384,-0.229335
14.386,-0.230134
14.388,-0.232663
14.39,-0.236
14.392,-0.26699
14.394,-0.288499
14.396,-0.302391
14.398,-0.310324
14.4,-0.313723
14.402,-0.31378
14.404,-0.338958
14.406,-0.353314
14.408,-0.359571
14.41,-0.359969
14.412,-0.35631
14.414,-0.350005
14.416,-0.369618
14.418,-0.297479
14.42,-0.24617
14.422,-0.211132
14.424,-0.188481
14.426,-0.174994
14.428,-0.168059
14.43,-0.165611
14.432,-0.193545
14.434,-0.213948
14.436,-0.228071
14.438,-0.237094
14.44,-0.242083
14.442,-0.243968
14.444,-0.243538
14.446,-0.241446
14.448,-0.238218
14.45,-0.234266
14.452,-0.257393
14.454,-0.271118
14.456,-0.277728
14.458,-0.279125
14.46,-0.27685
14.462,-0.272125
14.464,-0.26589
14.466,-0.25885
14.468,-0.251516
14.47,-0.244244
14.472,-0.264755
14.474,-0.276474
14.476,-0.281594
14.478,-0.363675
14.48,-0.414286
14.482,-0.441307
14.484,-0.45122
14.486,-0.449221
14.488,-0.439378
14.49,-0.424792
14.492,-0.407758
14.494,-0.389917
14.496,-0.399876
14.498,-0.401637
14.5,-0.397734
14.502,-0.390148
14.504,-0.380387
14.506,-0.369563
14.508,-0.358469
14.51,-0.347645
14.512,-0.337433
14.514,-0.328028
14.516,-0.319517
14.518,-0.3394
14.52,-0.350922
14.522,-0.356135
14.524,-0.274988
14.526,-0.218752
14.528,-0.181777
14.53,-0.1593
14.532,-0.147401
14.534,-0.142934
14.536,-0.143432
14.538,-0.1745
14.54,-0.198026
14.542,-0.215127
14.544,-0.226904
14.546,-0.234383
14.548,-0.23848
14.55,-0.239992
14.552,-0.239589
14.554,-0.319574
14.556,-0.370494
14.558,-0.399432
14.56,-0.412251
14.562,-0.413688
14.564,-0.407481
14.566,-0.423987
14.568,-0.428637
14.57,-0.425102
14.572,-0.416243
14.574,-0.404236
14.576,-0.390682
14.578,-0.376718
14.58,-0.363115
14.582,-0.35036
14.584,-0.338728
14.586,-0.328342
14.588,-0.319214
14.59,-0.311288
14.592,-0.304463
14.594,-0.326102
14.596,-0.339358
14.598,-0.346222
14.6,-0.348359
14.602,-0.34713
14.604,-0.343618
14.606,-0.338664
14.608,-0.332904
14.61,-0.326803
14.612,-0.320687
14.614,-0.314777
14.616,-0.309207
14.618,-0.304053
14.62,-0.299342
14.622,-0.32256
14.624,-0.336967
14.626,-0.344649
14.628,-0.347353
14.63,-0.346503
14.632,-0.343236
14.634,-0.338437
14.636,-0.332771
14.638,-0.326729
14.64,-0.320654
14.642,-0.314779
14.644,-0.309246
14.646,-0.304135
14.648,-0.326964
14.65,-0.341014
14.652,-0.348383
14.654,-0.350822
14.656,-0.349758
14.658,-0.346324
14.66,-0.3414
14.662,-0.335647
14.664,-0.329549
14.666,-0.323445
14.668,-0.345048
14.67,-0.35778
14.672,-0.363835
14.674,-0.365029
14.676,-0.362826
14.678,-0.358377
14.68,-0.352569
14.682,-0.34606
14.684,-0.339323
14.686,-0.332685
14.688,-0.244608
14.69,-0.212594
14.692,-0.193253
14.694,-0.183119
14.696,-0.179417
14.698,-0.179983
14.7,-0.183172
14.702,-0.187767
14.704,-0.192901
14.706,-0.197984
14.708,-0.202638
14.71,-0.206646
14.712,-0.209906
14.714,-0.212398
14.716,-0.295908
14.718,-0.350612
14.72,-0.383328
14.722,-0.399751
14.724,-0.404516
14.726,-0.401305
14.728,-0.392975
14.73,-0.381677
14.732,-0.368987
14.734,-0.356011
14.736,-0.343491
14.738,-0.331886
14.74,-0.321447
14.742,-0.312275
14.744,-0.304367
14.746,-0.29765
14.748,-0.292015
14.75,-0.28733
14.752,-0.283459
14.754,-0.280269
14.756,-0.277638
14.758,-0.275457
14.76,-0.301117
14.762,-0.317824
14.764,-0.409383
14.766,-0.467637
14.768,-0.500749
14.77,-0.515466
14.772,-0.517233
14.774,-0.510333
14.776,-0.498051
14.778,-0.482839
14.78,-0.466463
14.782,-0.450142
14.784,-0.434673
14.786,-0.42053
14.788,-0.407951
14.79,-0.397004
14.792,-0.387647
14.794,-0.379765
14.796,-0.373202
14.798,-0.367785
14.8,-0.390828
14.802,-0.323695
14.804,-0.278248
14.806,-0.249404
14.808,-0.232915
14.81,-0.225322
14.812,-0.223867
14.814,-0.226412
14.816,-0.231341
14.818,-0.264955
14.82,-0.289703
14.822,-0.307138
14.824,-0.318698
14.826,-0.325652
14.828,-0.329097
14.83,-0.32995
14.832,-0.328957
14.834,-0.326716
14.836,-0.323689
14.838,-0.320226
14.84,-0.316583
14.842,-0.340427
14.844,-0.355161
14.846,-0.362981
14.848,-0.365713
14.85,-0.364842
14.852,-0.361544
14.854,-0.356729
14.856,-0.351078
14.858,-0.345089
14.86,-0.339109
14.862,-0.333367
14.864,-0.328003
14.866,-0.32309
14.868,-0.318654
14.87,-0.314689
14.872,-0.338653
14.874,-0.272038
14.876,-0.22681
14.878,-0.197971
14.88,-0.181343
14.882,-0.173517
14.884,-0.171777
14.886,-0.174013
14.888,-0.17863
14.89,-0.184456
14.892,-0.190663
14.894,-0.196692
14.896,-0.202193
14.898,-0.206971
14.9,-0.21094
14.902,-0.214093
14.904,-0.216476
14.906,-0.299914
14.908,-0.354605
14.91,-0.387381
14.912,-0.403936
14.914,-0.408901
14.916,-0.405952
14.918,-0.397935
14.92,-0.386992
14.922,-0.374689
14.924,-0.362123
14.926,-0.350028
14.928,-0.338856
14.93,-0.328853
14.932,-0.320114
14.934,-0.312632
14.936,-0.306335
14.938,-0.301108
14.94,-0.29682
14.942,-0.293333
14.944,-0.290515
14.946,-0.288242
14.948,-0.286406
14.95,-0.284912
14.952,-0.283682
14.954,-0.28265
14.956,-0.281765
14.958,-0.280986
14.96,-0.280281
14.962,-0.279627
14.964,-0.279009
14.966,-0.360165
14.968,-0.413197
14.97,-0.444836
14.972,-0.460681
14.974,-0.465276
14.976,-0.46222
14.978,-0.454295
14.98,-0.471074
14.982,-0.477362
14.984,-0.476341
14.986,-0.470504
14.988,-0.461752
14.99,-0.451493
14.992,-0.440734
14.994,-0.430164
14.996,-0.420223
14.998,-0.411166
15,-0.403114
15.002,-0.396091
15.004,-0.390056
15.006,-0.384932
15.008,-0.380618
15.01,-0.322741
15.012,-0.284368
15.014,-0.260781
15.016,-0.248073
15.018,-0.243088
15.02,-0.243335
15.022,-0.246901
15.024,-0.252352
15.026,-0.258653
15.028,-0.265083
15.03,-0.271168
15.032,-0.276621
15.034,-0.308781
15.036,-0.33088
15.038,-0.345055
15.04,-0.353151
15.042,-0.356719
15.044,-0.357031
15.046,-0.355103
15.048,-0.35173
15.05,-0.347513
15.052,-0.342895
15.054,-0.338193
15.056,-0.333618
15.058,-0.329306
15.06,-0.325332
15.062,-0.321729
15.064,-0.3185
15.066,-0.315628
15.068,-0.313086
15.07,-0.310837
15.072,-0.308845
15.074,-0.307072
15.076,-0.305486
15.078,-0.304055
15.08,-0.330239
15.082,-0.347299
15.084,-0.357335
15.086,-0.362118
15.088,-0.363104
15.09,-0.27971
15.092,-0.22274
15.094,-0.186155
15.096,-0.164867
15.098,-0.154699
15.1,-0.152301
15.102,-0.155054
15.104,-0.16096
15.106,-0.168544
15.108,-0.176749
15.11,-0.184854
15.112,-0.274149
15.114,-0.334473
15.116,-0.372436
15.118,-0.393614
15.12,-0.40259
15.122,-0.403045
15.124,-0.397861
15.126,-0.389235
15.128,-0.378797
15.13,-0.367712
15.132,-0.356778
15.134,-0.346508
15.136,-0.337201
15.138,-0.328998
15.14,-0.32193
15.142,-0.315955
15.144,-0.310986
15.146,-0.30691
15.148,-0.303604
15.15,-0.300948
15.152,-0.298825
15.154,-0.297134
15.156,-0.295782
15.158,-0.294693
15.16,-0.293804
15.162,-0.293063
15.164,-0.292428
15.166,-0.291868
15.168,-0.29136
15.17,-0.290886
15.172,-0.290434
15.174,-0.289995
15.176,-0.289564
15.178,-0.289139
15.18,-0.288717
15.182,-0.288299
15.184,-0.287884
15.186,-0.287474
15.188,-0.28707
15.19,-0.286672
15.192,-0.286282
15.194,-0.2859
15.196,-0.285528
15.198,-0.285165
15.2,-0.284812
15.202,-0.28447
15.204,-0.284138
15.206,-0.283817
15.208,-0.283506
15.21,-0.283206
15.212,-0.282916
15.214,-0.282635
15.216,-0.282365
15.218,-0.282103
15.22,-0.281851
15.222,-0.281607
15.224,-0.281372
15.226,-0.281145
15.228,-0.280926
15.23,-0.280714
15.232,-0.28051
15.234,-0.280313
15.236,-0.280122
15.238,-0.279938
15.24,-0.27976
15.242,-0.279589
15.244,-0.279423
15.246,-0.279263
15.248,-0.279108
15.25,-0.278959
15.252,-0.278815
15.254,-0.278676
15.256,-0.360293
15.258,-0.413775
15.26,-0.445858
15.262,-0.462143
15.264,-0.467175
15.266,-0.464555
15.268,-0.45706
15.27,-0.446778
15.272,-0.435229
15.274,-0.423475
15.276,-0.330467
15.278,-0.266531
15.28,-0.225159
15.282,-0.200835
15.284,-0.188999
15.286,-0.185974
15.288,-0.188865
15.29,-0.222939
15.292,-0.249823
15.294,-0.270443
15.296,-0.28576
15.298,-0.296703
15.3,-0.304127
15.302,-0.308792
15.304,-0.31135
15.306,-0.312349
15.308,-0.312233
15.31,-0.311359
15.312,-0.310002
15.314,-0.308371
15.316,-0.306618
15.318,-0.304852
15.32,-0.303143
15.322,-0.301538
15.324,-0.30006
15.326,-0.29872
15.328,-0.297517
15.33,-0.296444
15.332,-0.29549
15.334,-0.294642
15.336,-0.293887
15.338,-0.293212
15.34,-0.292603
15.342,-0.292051
15.344,-0.291545
15.346,-0.291077
15.348,-0.290641
15.35,-0.290231
15.352,-0.289843
15.354,-0.289473
15.356,-0.289118
15.358,-0.288777
15.36,-0.288448
15.362,-0.28813
15.364,-0.287822
15.366,-0.287523
15.368,-0.287234
15.37,-0.286953
15.372,-0.286681
15.374,-0.286417
15.376,-0.286161
15.378,-0.285913
15.38,-0.285673
15.382,-0.285441
15.384,-0.285216
15.386,-0.284999
15.388,-0.284789
15.39,-0.284586
15.392,-0.284389
15.394,-0.2842
15.396,-0.284017
15.398,-0.28384
15.4,-0.283669
15.402,-0.283503
15.404,-0.283344
15.406,-0.28319
15.408,-0.283041
15.41,-0.282897
15.412,-0.282759
15.414,-0.282624
15.416,-0.282495
15.418,-0.28237
15.42,-0.282249
15.422,-0.282132
15.424,-0.28202
15.426,-0.281911
15.428,-0.281806
15.43,-0.281704
15.432,-0.281606
15.434,-0.281511
15.436,-0.28142
15.438,-0.281332
15.44,-0.281246
15.442,-0.281164
15.444,-0.281084
15.446,-0.281007
15.448,-0.280933
15.45,-0.280861
15.452,-0.280792
15.454,-0.280725
15.456,-0.28066
15.458,-0.280597
15.46,-0.362289
15.462,-0.415843
15.464,-0.447995
15.466,-0.464347
15.468,-0.469444
15.47,-0.466885
15.472,-0.459451
15.474,-0.367476
15.476,-0.302371
15.478,-0.258462
15.48,-0.230853
15.482,-0.21543
15.484,-0.208823
15.486,-0.208338
15.488,-0.211873
15.49,-0.217831
15.492,-0.225036
15.494,-0.232648
15.496,-0.2401
15.498,-0.24703
15.5,-0.253232
15.502,-0.258613
15.504,-0.263159
15.506,-0.266906
15.508,-0.269926
15.51,-0.272304
15.512,-0.274133
15.514,-0.275504
15.516,-0.276503
15.518,-0.277205
15.52,-0.277677
15.522,-0.277975
15.524,-0.278146
15.526,-0.278227
15.528,-0.278247
15.53,-0.278229
15.532,-0.278188
15.534,-0.278138
15.536,-0.278087
15.538,-0.27804
15.54,-0.277999
15.542,-0.277968
15.544,-0.277946
15.546,-0.277933
15.548,-0.277928
15.55,-0.27793
15.552,-0.277939
15.554,-0.277952
15.556,-0.27797
15.558,-0.27799
15.56,-0.278013
15.562,-0.278037
15.564,-0.278062
15.566,-0.278087
15.568,-0.278112
15.57,-0.278137
15.572,-0.278161
15.574,-0.278184
15.576,-0.278207
15.578,-0.278229
15.58,-0.278251
15.582,-0.278271
15.584,-0.278291
15.586,-0.278309
15.588,-0.278327
15.59,-0.278345
15.592,-0.278362
15.594,-0.278378
15.596,-0.278393
15.598,-0.278408
15.6,-0.278422
15.602,-0.278436
15.604,-0.278449
15.606,-0.278462
15.608,-0.278475
15.61,-0.278487
15.612,-0.278498
15.614,-0.278509
15.616,-0.27852
15.618,-0.27853
15.62,-0.27854
15.622,-0.27855
15.624,-0.27856
15.626,-0.278569
15.628,-0.278577
15.63,-0.278586
15.632,-0.278594
15.634,-0.278602
15.636,-0.27861
15.638,-0.278617
15.64,-0.278624
15.642,-0.278631
15.644,-0.278638
15.646,-0.278644
15.648,-0.27865
15.65,-0.278656
15.652,-0.278662
15.654,-0.278667
15.656,-0.278673
15.658,-0.278678
15.66,-0.278683
15.662,-0.278688
15.664,-0.278693
15.666,-0.278697
15.668,-0.278702
15.67,-0.278706
15.672,-0.27871
15.674,-0.278714
15.676,-0.278718
15.678,-0.196969
15.68,-0.143361
15.682,-0.111156
15.684,-0.0947529
15.686,-0.0896064
15.688,-0.0921171
15.69,-0.0995057
15.692,-0.109684
15.694,-0.121134
15.696,-0.132793
15.698,-0.143956
15.7,-0.154191
15.702,-0.163268
15.704,-0.171102
15.706,-0.25946
15.708,-0.29104
15.71,-0.30941
15.712,-0.318186
15.714,-0.320262
15.716,-0.3179
15.718,-0.312825
15.72,-0.306309
15.722,-0.299261
15.724,-0.292302
15.726,-0.28583
15.728,-0.280074
15.73,-0.275142
15.732,-0.271057
15.734,-0.267783
15.736,-0.265252
15.738,-0.263375
15.74,-0.262056
15.742,-0.261201
15.744,-0.26072
15.746,-0.260534
15.748,-0.260573
15.75,-0.260779
15.752,-0.261102
15.754,-0.261505
15.756,-0.261955
15.758,-0.262431
15.76,-0.181163
15.762,-0.12803
15.764,-0.0962876
15.766,-0.0803292
15.768,-0.0756064
15.77,-0.0785184
15.772,-0.0862858
15.774,-0.0968216
15.776,-0.108608
15.778,-0.120584
15.78,-0.132047
15.782,-0.142566
15.784,-0.151913
15.786,-0.160004
15.788,-0.166855
15.79,-0.172544
15.792,-0.177188
15.794,-0.153432
15.796,-0.138132
15.798,-0.1293
15.8,-0.125271
15.802,-0.124683
15.804,-0.126452
15.806,-0.129733
15.808,-0.21564
15.81,-0.273813
15.812,-0.310658
15.814,-0.331552
15.816,-0.340903
15.818,-0.342234
15.82,-0.338291
15.822,-0.303676
15.824,-0.276643
15.826,-0.256169
15.828,-0.24121
15.83,-0.23077
15.832,-0.22394
15.834,-0.219921
15.836,-0.218031
15.838,-0.217701
15.84,-0.218469
15.842,-0.219972
15.844,-0.221928
15.846,-0.224125
15.848,-0.226409
15.85,-0.228675
15.852,-0.230852
15.854,-0.20541
15.856,-0.189044
15.858,-0.179626
15.86,-0.175374
15.862,-0.174827
15.864,-0.176821
15.866,-0.180449
15.868,-0.185025
15.87,-0.190044
15.872,-0.195149
15.874,-0.2001
15.876,-0.204746
15.878,-0.209003
15.88,-0.212835
15.882,-0.216243
15.884,-0.219245
15.886,-0.221877
15.888,-0.224179
15.89,-0.226194
15.892,-0.227966
15.894,-0.229532
15.896,-0.149177
15.898,-0.0968234
15.9,-0.038274
15.902,-0.00466519
15.904,0.0106498
15.906,0.0130432
15.908,0.00675194
15.91,-0.00496703
15.912,-0.0196798
15.914,-0.0356268
15.916,-0.0515875
15.918,-0.066762
15.92,-0.0806698
15.922,-0.0930657
15.924,-0.103872
15.926,-0.113125
15.928,-0.120932
15.93,-0.127441
15.932,-0.132822
15.934,-0.137243
15.936,-0.140866
15.938,-0.116353
15.94,-0.100551
15.942,-0.0914514
15.944,-0.0873619
15.946,-0.0868899
15.948,-0.0889186
15.95,-0.092574
15.952,-0.178942
15.954,-0.23764
15.956,-0.275051
15.958,-0.269052
15.96,-0.260752
15.962,-0.251545
15.964,-0.242382
15.966,-0.233877
15.968,-0.226387
15.97,-0.220084
15.972,-0.215006
15.974,-0.183621
15.976,-0.162543
15.978,-0.149523
15.98,-0.142632
15.982,-0.140262
15.984,-0.141101
15.986,-0.144111
15.988,-0.148484
15.99,-0.126128
15.992,-0.113317
15.994,-0.107622
15.996,-0.107049
15.998,-0.110003
16,-0.115239
16.002,-0.12181
16.004,-0.210771
16.006,-0.271734
16.008,-0.283613
16.01,-0.288512
16.012,-0.288737
16.014,-0.286049
16.016,-0.281752
16.018,-0.276783
16.02,-0.271783
16.022,-0.267167
16.024,-0.263179
16.026,-0.259937
16.028,-0.229987
16.03,-0.210017
16.032,-0.197842
16.034,-0.191592
16.036,-0.189706
16.038,-0.190915
16.04,-0.194208
16.042,-0.198808
16.044,-0.204127
16.046,-0.209736
16.048,-0.187849
16.05,-0.174984
16.052,-0.168899
16.054,-0.167743
16.056,-0.170024
16.058,-0.174569
16.06,-0.180478
16.062,-0.187085
16.064,-0.193909
16.066,-0.200621
16.068,-0.179518
16.07,-0.167194
16.072,-0.161468
16.074,-0.160539
16.076,-0.162955
16.078,-0.167573
16.08,-0.173519
16.082,-0.180142
16.084,-0.186973
16.086,-0.193691
16.088,-0.200088
16.09,-0.178554
16.092,-0.165746
16.094,-0.159531
16.096,-0.23989
16.098,-0.295497
16.1,-0.331955
16.102,-0.353995
16.104,-0.365509
16.106,-0.369625
16.108,-0.368796
16.11,-0.364894
16.112,-0.35931
16.114,-0.353042
16.116,-0.319287
16.118,-0.295205
16.12,-0.278937
16.122,-0.268822
16.124,-0.263424
16.126,-0.261537
16.128,-0.180416
16.13,-0.129162
16.132,-0.100418
16.134,-0.0881139
16.136,-0.0873574
16.138,-0.0943032
16.14,-0.106005
16.142,-0.120271
16.144,-0.135523
16.146,-0.150672
16.148,-0.165012
16.15,-0.178124
16.152,-0.189801
16.154,-0.199985
16.156,-0.208721
16.158,-0.216115
16.16,-0.222308
16.162,-0.22746
16.164,-0.231727
16.166,-0.235261
16.168,-0.238197
16.17,-0.240656
16.172,-0.242739
16.174,-0.244533
16.176,-0.246107
16.178,-0.247515
16.18,-0.16705
16.182,-0.114635
16.184,-0.0835589
16.186,-0.0682369
16.188,-0.0641359
16.19,-0.0676642
16.192,-0.0760475
16.194,-0.0872006
16.196,-0.0996057
16.198,-0.112201
16.2,-0.12428
16.202,-0.135411
16.204,-0.145364
16.206,-0.154052
16.208,-0.161488
16.21,-0.167751
16.212,-0.172954
16.214,-0.177231
16.216,-0.180717
16.218,-0.183545
16.22,-0.185837
16.222,-0.160212
16.224,-0.143481
16.226,-0.1336
16.228,-0.128848
16.23,-0.127806
16.232,-0.129337
16.234,-0.132549
16.236,-0.0550124
16.238,-0.00611524
16.24,0.0212374
16.242,0.0328921
16.244,0.0335508
16.246,0.0269029
16.248,0.0157692
16.25,0.00224478
16.252,-0.0121668
16.254,-0.0264327
16.256,-0.0123982
16.258,-0.00638766
16.26,-0.00609166
16.262,-0.00967574
16.264,-0.0157192
16.266,-0.0231517
16.268,-0.0311923
16.27,-0.039293
16.272,-0.0470888
16.274,-0.054355
16.276,-0.142723
16.278,-0.202255
16.28,-0.239693
16.282,-0.260679
16.284,-0.24233
16.286,-0.225031
16.288,-0.209512
16.29,-0.196143
16.292,-0.185039
16.294,-0.176142
16.296,-0.169283
16.298,-0.164234
16.3,-0.16074
16.302,-0.158545
16.304,-0.157402
16.306,-0.157091
16.308,-0.157417
16.31,-0.158214
16.312,-0.159345
16.314,-0.0789477
16.316,-0.0268261
16.318,0.00382268
16.32,0.01865
16.322,0.0497235
16.324,0.0639508
16.326,0.0662461
16.328,0.0604928
16.33,0.0496824
16.332,0.0360555
16.334,0.0212361
16.336,0.0063549
16.338,-0.00784367
16.34,-0.0209088
16.342,-0.0326068
16.344,-0.0428588
16.346,-0.0242045
16.348,-0.0134542
16.35,-0.00862129
16.352,-0.00806959
16.354,-0.0104843
16.356,-0.014835
16.358,-0.0203352
16.36,-0.0264024
16.362,-0.03262
16.364,-0.0112167
16.366,-0.0804785
16.368,-0.128289
16.37,-0.15955
16.372,-0.178385
16.374,-0.18818
16.376,-0.191646
16.378,-0.190904
16.38,-0.187569
16.382,-0.182837
16.384,-0.17756
16.386,-0.172322
16.388,-0.14001
16.39,-0.117557
16.392,-0.102948
16.394,-0.0944164
16.396,-0.090464
16.398,-0.0898487
16.4,-0.0915676
16.402,-0.0948305
16.404,-0.0990304
16.406,-0.103715
16.408,-0.108558
16.41,-0.113333
16.412,-0.0904078
16.414,-0.0764109
16.416,-0.0691802
16.418,-0.0669169
16.42,-0.0681619
16.422,-0.07176
16.424,-0.0768202
16.426,-0.082674
16.428,-0.0888363
16.43,-0.0674823
16.432,-0.0551053
16.434,-0.049451
16.436,-0.0486626
16.438,-0.0512483
16.44,-0.0560384
16.442,-0.0621406
16.444,-0.0688932
16.446,-0.0483366
16.448,-0.0368638
16.45,-0.0321484
16.452,-0.0322842
16.454,-0.035747
16.456,-0.0413487
16.458,-0.0481877
16.46,-0.0556004
16.462,-0.0631162
16.464,-0.0704173
16.466,-0.0773034
16.468,-0.0561759
16.47,-0.0437032
16.472,-0.0377627
16.474,-0.036594
16.476,-0.0387725
16.478,-0.043174
16.48,-0.0489337
16.482,-0.0554054
16.484,-0.0621222
16.486,-0.0687605
16.488,-0.0751088
16.49,-0.0535541
16.492,-0.0407492
16.494,-0.0345561
16.496,-0.0331998
16.498,-0.0352428
16.5,-0.0395493
16.502,-0.0452449
16.504,-0.0516755
16.506,-0.0308806
16.508,-0.0192479
16.51,-0.0144428
16.512,-0.0145493
16.514,-0.0180333
16.516,-0.0236969
16.518,-0.0306294
16.52,-0.0106727
16.522,-6.56903e-05
16.524,0.00363448
16.526,0.00241931
16.528,-0.00212712
16.53,-0.00877641
16.532,-0.016602
16.534,-0.0249266
16.536,-0.0332745
16.538,-0.041328
16.54,-0.0214042
16.542,-0.0101136
16.544,-0.00529656
16.546,-0.00517071
16.548,-0.00830122
16.55,-0.0135615
16.552,-0.0200897
16.554,-0.0272463
16.556,-0.0345723
16.558,-0.0417534
16.56,-0.0485871
16.562,-0.0274689
16.564,-0.0150594
16.566,-0.00922763
16.568,-0.00820432
16.57,-0.0105569
16.572,-0.0151537
16.574,-0.0211236
16.576,-0.0278149
16.578,-0.0347562
16.58,-0.0141337
16.582,-0.00244923
16.584,0.00254469
16.586,0.00269979
16.588,-0.000495681
16.59,-0.00587505
16.592,-0.0125477
16.594,-0.0198535
16.596,0.000166329
16.598,0.0111181
16.6,0.0153278
16.602,0.0147012
16.604,0.0107624
16.606,0.00469909
16.608,-0.00258715
16.61,-0.010433
16.612,-0.0183682
16.614,-0.026075
16.616,-0.0333537
16.618,-0.0400925
16.62,-0.0187571
16.622,-0.00606097
16.624,8.86533e-05
16.626,0.00143409
16.628,-0.000609882
16.63,-0.00492251
16.632,-0.0106385
16.634,-0.0171083
16.636,-0.0238601
16.638,-0.0305647
16.64,-0.0370052
16.642,-0.0430496
16.644,-0.0486296
16.646,-0.053722
16.648,-0.0583349
16.65,-0.0350093
16.652,-0.0205009
16.654,-0.0127355
16.656,-0.00997239
16.658,-0.0107875
16.66,-0.014044
16.662,-0.0188571
16.664,-0.0245566
16.666,0.0511016
16.668,0.0985737
16.67,0.12483
16.672,0.135619
16.674,0.135567
16.676,0.128307
16.678,0.116618
16.68,0.130055
16.682,0.133385
16.684,0.129748
16.686,0.121595
16.688,0.110781
16.69,0.0986765
16.692,0.0862513
16.694,0.0741623
16.696,0.0628242
16.698,0.134222
16.7,0.178566
16.702,0.202602
16.704,0.21188
16.706,0.21086
16.708,0.203032
16.71,0.191064
16.712,0.176932
16.714,0.16205
16.716,0.147389
16.718,0.13357
16.72,0.148443
16.722,0.237218
16.724,0.292159
16.726,0.321738
16.728,0.33292
16.73,0.33129
16.732,0.321219
16.734,0.306041
16.736,0.288223
16.738,0.269525
16.74,0.251153
16.742,0.233878
16.744,0.218146
16.746,0.204165
16.748,0.191977
16.75,0.181513
16.752,0.200121
16.754,0.21091
16.756,0.297562
16.758,0.351783
16.76,0.381601
16.762,0.393636
16.764,0.393214
16.766,0.384517
16.768,0.370747
16.77,0.35428
16.772,0.364311
16.774,0.365298
16.776,0.36012
16.778,0.351012
16.78,0.339659
16.782,0.35478
16.784,0.360529
16.786,0.359604
16.788,0.354153
16.79,0.373326
16.792,0.381662
16.794,0.382198
16.796,0.377364
16.798,0.287306
16.8,0.250847
16.802,0.225596
16.804,0.20883
16.806,0.198301
16.808,0.192203
16.81,0.216605
16.812,0.233705
16.814,0.244813
16.816,0.278621
16.818,0.299479
16.82,0.310421
16.822,0.341484
16.824,0.358043
16.826,0.363888
16.828,0.362108
16.83,0.300896
16.832,0.255332
16.834,0.222236
16.836,0.198844
16.838,0.210302
16.84,0.217966
16.842,0.222399
16.844,0.251654
16.846,0.269546
16.848,0.278672
16.85,0.308722
16.852,0.24305
16.854,0.195131
16.856,0.188659
16.858,0.183664
16.86,0.179554
16.862,0.175908
16.864,0.199926
16.866,0.214709
16.868,0.222268
16.87,0.251826
16.872,0.186368
16.874,0.139097
16.876,0.133498
16.878,0.129457
16.88,0.126284
16.882,0.123495
16.884,0.148253
16.886,0.163643
16.888,0.171674
16.89,0.174088
16.892,0.199839
16.894,0.213415
16.896,0.217898
16.898,0.21583
16.9,0.236736
16.902,0.245497
16.904,0.245453
16.906,0.26678
16.908,0.274873
16.91,0.273471
16.912,0.26556
16.914,0.280959
16.916,0.284722
16.918,0.198518
16.92,0.134952
16.922,0.0893789
16.924,0.0852572
16.926,0.0824666
16.928,0.0803234
16.93,0.105848
16.932,0.122023
16.934,0.130793
16.936,0.133861
16.938,0.160158
16.94,0.174168
16.942,0.178975
16.944,0.177127
16.946,0.170676
16.948,0.188719
16.95,0.195773
16.952,0.194873
16.954,0.188461
16.956,0.178454
16.958,0.166321
16.96,0.180637
16.962,0.185465
16.964,0.183462
16.966,0.258508
16.968,0.302381
16.97,0.350575
16.972,0.372917
16.974,0.376742
16.976,0.367893
16.978,0.350909
16.98,0.356709
16.982,0.351092
16.984,0.337951
16.986,0.320266
16.988,0.300249
16.99,0.279486
16.992,0.286556
16.994,0.285443
16.996,0.278678
16.998,0.268245
17,0.255657
17.002,0.269522
17.004,0.273926
17.006,0.271537
17.008,0.26449
17.01,0.254457
17.012,0.270194
17.014,0.275922
17.016,0.274427
17.018,0.267949
17.02,0.285728
17.022,0.292388
17.024,0.291039
17.026,0.284177
17.028,0.273755
17.03,0.288747
17.032,0.293535
17.034,0.291021
17.036,0.283525
17.038,0.272854
17.04,0.287866
17.042,0.292852
17.044,0.290644
17.046,0.283511
17.048,0.30071
17.05,0.306868
17.052,0.305098
17.054,0.29789
17.056,0.314675
17.058,0.320215
17.06,0.317721
17.062,0.309754
17.064,0.325794
17.066,0.330633
17.068,0.3275
17.07,0.318963
17.072,0.307019
17.074,0.320661
17.076,0.324275
17.078,0.320756
17.08,0.312411
17.082,0.328515
17.084,0.333704
17.086,0.331087
17.088,0.350634
17.09,0.357562
17.092,0.355456
17.094,0.34718
17.096,0.362451
17.098,0.284493
17.1,0.22656
17.102,0.184581
17.104,0.182504
17.106,0.180616
17.108,0.178565
17.11,0.176146
17.112,0.200749
17.114,0.215634
17.116,0.222947
17.118,0.252015
17.12,0.267663
17.122,0.273263
17.124,0.271601
17.126,0.264914
17.128,0.28245
17.13,0.288836
17.132,0.287188
17.134,0.280009
17.136,0.269256
17.138,0.283908
17.14,0.288352
17.142,0.285494
17.144,0.277656
17.146,0.294135
17.148,0.299587
17.15,0.297139
17.152,0.316781
17.154,0.323746
17.156,0.321633
17.158,0.313318
17.16,0.30104
17.162,0.313986
17.164,0.316688
17.166,0.312149
17.168,0.302754
17.17,0.290344
17.172,0.303792
17.174,0.30739
17.176,0.303963
17.178,0.214011
17.18,0.176668
17.182,0.149807
17.184,0.130921
17.186,0.117937
17.188,0.136675
17.19,0.149103
17.192,0.156333
17.194,0.159398
17.196,0.159222
17.198,0.18409
17.2,0.197957
17.202,0.203493
17.204,0.202923
17.206,0.198058
17.208,0.190331
17.21,0.262606
17.212,0.305823
17.214,0.354813
17.216,0.378884
17.218,0.384981
17.22,0.37866
17.222,0.364256
17.224,0.345066
17.226,0.32352
17.228,0.328832
17.23,0.325458
17.232,0.316262
17.234,0.303451
17.236,0.288683
17.238,0.27316
17.24,0.285205
17.242,0.288656
17.244,0.285966
17.246,0.279094
17.248,0.269567
17.25,0.258542
17.252,0.246868
17.254,0.316899
17.256,0.386635
17.258,0.426349
17.26,0.443902
17.262,0.445682
17.264,0.43676
17.266,0.421055
17.268,0.401516
17.27,0.380292
17.272,0.358889
17.274,0.365795
17.276,0.36491
17.278,0.358681
17.28,0.349018
17.282,0.337371
17.284,0.352295
17.286,0.357833
17.288,0.356616
17.29,0.350754
17.292,0.341898
17.294,0.358789
17.296,0.36564
17.298,0.36523
17.3,0.359794
17.302,0.351086
17.304,0.340444
17.306,0.328861
17.308,0.344535
17.31,0.351236
17.312,0.351394
17.314,0.346975
17.316,0.339533
17.318,0.33026
17.32,0.320049
17.322,0.337029
17.324,0.344931
17.326,0.346165
17.328,0.34269
17.33,0.336061
17.332,0.327481
17.334,0.34534
17.336,0.35358
17.338,0.35478
17.34,0.35103
17.342,0.343985
17.344,0.362407
17.346,0.370534
17.348,0.371177
17.35,0.366605
17.352,0.358602
17.354,0.348537
17.356,0.364915
17.358,0.371752
17.36,0.371671
17.362,0.366787
17.364,0.35876
17.366,0.348861
17.368,0.338034
17.37,0.354444
17.372,0.361839
17.374,0.362638
17.376,0.358804
17.378,0.351887
17.38,0.343083
17.382,0.360777
17.384,0.3689
17.386,0.370023
17.388,0.366229
17.39,0.359166
17.392,0.37759
17.394,0.385733
17.396,0.386403
17.398,0.381865
17.4,0.373901
17.402,0.363876
17.404,0.380295
17.406,0.387173
17.408,0.387133
17.41,0.382288
17.412,0.374297
17.414,0.364433
17.416,0.353639
17.418,0.370079
17.42,0.377504
17.422,0.378331
17.424,0.374522
17.426,0.36763
17.428,0.358851
17.43,0.376566
17.432,0.38471
17.434,0.385854
17.436,0.38208
17.438,0.375036
17.44,0.393478
17.442,0.401638
17.444,0.402326
17.446,0.397804
17.448,0.389855
17.45,0.379846
17.452,0.396279
17.454,0.403171
17.456,0.403145
17.458,0.316561
17.46,0.254971
17.462,0.212911
17.464,0.185722
17.466,0.197025
17.468,0.206968
17.47,0.215191
17.472,0.221569
17.474,0.226134
17.476,0.22902
17.478,0.257905
17.48,0.276291
17.482,0.286518
17.484,0.290585
17.486,0.371904
17.488,0.421932
17.49,0.448468
17.492,0.457936
17.494,0.482982
17.496,0.490935
17.498,0.487002
17.5,0.475261
17.502,0.458821
17.504,0.439984
17.506,0.420396
17.508,0.401179
17.51,0.383054
17.512,0.393924
17.514,0.397264
17.516,0.395234
17.518,0.389552
17.52,0.381558
17.522,0.372263
17.524,0.36241
17.526,0.352523
17.528,0.37044
17.53,0.379664
17.532,0.382434
17.534,0.380586
17.536,0.375587
17.538,0.368579
17.54,0.360431
17.542,0.379268
17.544,0.388826
17.546,0.391529
17.548,0.389355
17.55,0.383881
17.552,0.376327
17.554,0.395105
17.556,0.404173
17.558,0.406125
17.56,0.403067
17.562,0.396662
17.564,0.388195
17.566,0.378629
17.568,0.368661
17.57,0.386263
17.572,0.395041
17.574,0.397304
17.576,0.39494
17.578,0.389449
17.58,0.381995
17.582,0.373457
17.584,0.364477
17.586,0.355505
17.588,0.374331
17.59,0.384423
17.592,0.388001
17.594,0.38689
17.596,0.382554
17.598,0.376138
17.6,0.368514
17.602,0.360326
17.604,0.379522
17.606,0.389698
17.608,0.39317
17.61,0.391839
17.612,0.387224
17.614,0.38051
17.616,0.372594
17.618,0.391626
17.62,0.401358
17.622,0.404226
17.624,0.402215
17.626,0.396907
17.628,0.389525
17.63,0.380993
17.632,0.371986
17.634,0.362979
17.636,0.381775
17.638,0.391852
17.64,0.395435
17.642,0.39435
17.644,0.390061
17.646,0.383712
17.648,0.376171
17.65,0.368082
17.652,0.359899
17.654,0.351934
17.656,0.344382
17.658,0.36484
17.66,0.458394
17.662,0.517275
17.664,0.549982
17.666,0.563546
17.668,0.563637
17.67,0.554723
17.672,0.540231
17.674,0.522718
17.676,0.531514
17.678,0.531178
17.68,0.52466
17.682,0.514244
17.684,0.501647
17.686,0.488119
17.688,0.502024
17.69,0.507227
17.692,0.506203
17.694,0.50093
17.696,0.411193
17.698,0.348049
17.7,0.305618
17.702,0.306389
17.704,0.309507
17.706,0.313747
17.708,0.318256
17.71,0.322474
17.712,0.326059
17.714,0.328834
17.716,0.358222
17.718,0.377524
17.72,0.388923
17.722,0.3943
17.724,0.395231
17.726,0.393002
17.728,0.388638
17.73,0.410421
17.732,0.422238
17.734,0.426648
17.736,0.425747
17.738,0.421212
17.74,0.41435
17.742,0.433639
17.744,0.44309
17.746,0.44534
17.748,0.442525
17.75,0.436332
17.752,0.428062
17.754,0.418687
17.756,0.408912
17.758,0.426714
17.76,0.435698
17.762,0.438175
17.764,0.436031
17.766,0.430765
17.768,0.42354
17.77,0.415232
17.772,0.406482
17.774,0.343474
17.776,0.299685
17.778,0.270681
17.78,0.252747
17.782,0.242844
17.784,0.238545
17.786,0.23796
17.788,0.267139
17.79,0.28831
17.792,0.30284
17.794,0.312005
17.796,0.31695
17.798,0.318668
17.8,0.317994
17.802,0.315617
17.804,0.312087
17.806,0.335324
17.808,0.348937
17.81,0.437039
17.812,0.491698
17.814,0.521233
17.816,0.532498
17.818,0.531
17.82,0.521056
17.822,0.505967
17.824,0.48818
17.826,0.46945
17.828,0.450979
17.83,0.433543
17.832,0.417595
17.834,0.430839
17.836,0.436608
17.838,0.436961
17.84,0.433556
17.842,0.427692
17.844,0.420364
17.846,0.41231
17.848,0.404058
17.85,0.395972
17.852,0.388283
17.854,0.381128
17.856,0.374571
17.858,0.368623
17.86,0.390753
17.862,0.4042
17.864,0.411033
17.866,0.412979
17.868,0.411449
17.87,0.407565
17.872,0.4022
17.874,0.39601
17.876,0.389478
17.878,0.382942
17.88,0.404114
17.882,0.416419
17.884,0.422052
17.886,0.422829
17.888,0.420215
17.89,0.415364
17.892,0.409162
17.894,0.402268
17.896,0.395157
17.898,0.388156
17.9,0.381478
17.902,0.402735
17.904,0.415272
17.906,0.421224
17.908,0.422363
17.91,0.420123
17.912,0.415638
17.914,0.409779
17.916,0.403197
17.918,0.396365
17.92,0.389609
17.922,0.383143
17.924,0.377095
17.926,0.37153
17.928,0.366467
17.93,0.361896
17.932,0.357784
17.934,0.435843
17.936,0.486133
17.938,0.515342
17.94,0.556514
17.942,0.577436
17.944,0.583789
17.946,0.580106
17.948,0.569917
17.95,0.555897
17.952,0.54001
17.954,0.523648
17.956,0.507751
17.958,0.49291
17.96,0.479456
17.962,0.467531
17.964,0.457145
17.966,0.448223
17.968,0.440638
17.97,0.434234
17.972,0.456337
17.974,0.470068
17.976,0.477399
17.978,0.479983
17.98,0.479173
17.982,0.476047
17.984,0.471446
17.986,0.466006
17.988,0.460195
17.99,0.454342
17.992,0.476157
17.994,0.489063
17.996,0.495254
17.998,0.496551
18,0.49442
18.002,0.490021
18.004,0.484241
18.006,0.50523
18.008,0.434997
18.01,0.385884
18.012,0.353157
18.014,0.332809
18.016,0.321535
18.018,0.316676
18.02,0.31614
18.022,0.318324
18.024,0.322037
18.026,0.326419
18.028,0.358365
18.03,0.38077
18.032,0.395525
18.034,0.404299
18.036,0.408528
18.038,0.409408
18.04,0.407915
18.042,0.404825
18.044,0.400737
18.046,0.396105
18.048,0.391258
18.05,0.386428
18.052,0.381769
18.054,0.377376
18.056,0.373299
18.058,0.369558
18.06,0.366148
18.062,0.444804
18.064,0.495609
18.066,0.525269
18.068,0.566841
18.07,0.588124
18.072,0.594808
18.074,0.591435
18.076,0.58154
18.078,0.567799
18.08,0.552181
18.082,0.536081
18.084,0.520439
18.086,0.505847
18.088,0.492635
18.09,0.480946
18.092,0.470791
18.094,0.462095
18.096,0.482216
18.098,0.494283
18.1,0.500254
18.102,0.501753
18.104,0.500102
18.106,0.496343
18.108,0.491283
18.11,0.485525
18.112,0.479507
18.114,0.50102
18.116,0.51355
18.118,0.519336
18.12,0.520228
18.122,0.517715
18.124,0.512966
18.126,0.506875
18.128,0.500109
18.13,0.493142
18.132,0.486303
18.134,0.425537
18.136,0.384142
18.138,0.357561
18.14,0.341991
18.142,0.334339
18.144,0.332145
18.146,0.333506
18.148,0.336984
18.15,0.341527
18.152,0.346394
18.154,0.35109
18.156,0.355303
18.158,0.386351
18.16,0.407446
18.162,0.420706
18.164,0.427961
18.166,0.430749
18.168,0.430331
18.17,0.427715
18.172,0.423688
18.174,0.418847
18.176,0.413631
18.178,0.408351
18.18,0.403219
18.182,0.398368
18.184,0.393872
18.186,0.417249
18.188,0.431787
18.19,0.439586
18.192,0.442406
18.194,0.441678
18.196,0.438544
18.198,0.433888
18.2,0.428377
18.202,0.4225
18.204,0.416598
18.206,0.492654
18.208,0.540918
18.21,0.568201
18.212,0.580136
18.214,0.581265
18.216,0.575164
18.218,0.564575
18.22,0.551544
18.222,0.565032
18.224,0.569342
18.226,0.567258
18.228,0.560963
18.23,0.552124
18.232,0.541978
18.234,0.531409
18.236,0.521024
18.238,0.511212
18.24,0.502201
18.242,0.494096
18.244,0.405169
18.246,0.372765
18.248,0.353363
18.25,0.343394
18.252,0.340002
18.254,0.340964
18.256,0.344588
18.258,0.349627
18.26,0.355192
18.262,0.36068
18.264,0.365705
18.266,0.370047
18.268,0.373604
18.27,0.376357
18.272,0.378345
18.274,0.407123
18.276,0.426064
18.278,0.437382
18.28,0.442956
18.282,0.444344
18.284,0.4428
18.286,0.439314
18.288,0.434644
18.29,0.429357
18.292,0.423859
18.294,0.418432
18.296,0.41326
18.298,0.408449
18.3,0.404055
18.302,0.427578
18.304,0.442291
18.306,0.450284
18.308,0.453306
18.31,0.452785
18.312,0.449855
18.314,0.445398
18.316,0.44008
18.318,0.434387
18.32,0.428662
18.322,0.423133
18.324,0.417943
18.326,0.413169
18.328,0.436327
18.33,0.450699
18.332,0.458382
18.334,0.461125
18.336,0.460356
18.338,0.457207
18.34,0.452559
18.342,0.447073
18.344,0.441232
18.346,0.435376
18.348,0.429732
18.35,0.424438
18.352,0.419569
18.354,0.415154
18.356,0.41119
18.358,0.435137
18.36,0.450244
18.362,0.458587
18.364,0.461907
18.366,0.46163
18.368,0.458895
18.37,0.454586
18.372,0.367623
18.374,0.30839
18.376,0.270499
18.378,0.248583
18.38,0.238244
18.382,0.235965
18.384,0.238998
18.386,0.245258
18.388,0.253205
18.39,0.261743
18.392,0.270126
18.394,0.277879
18.396,0.28473
18.398,0.290556
18.4,0.295336
18.402,0.299116
18.404,0.383738
18.406,0.43942
18.408,0.473018
18.41,0.490251
18.412,0.495773
18.414,0.493284
18.416,0.485648
18.418,0.475024
18.42,0.462991
18.422,0.450659
18.424,0.43877
18.426,0.427785
18.428,0.417953
18.43,0.409375
18.432,0.402047
18.434,0.395897
18.436,0.390814
18.438,0.386666
18.44,0.383317
18.442,0.380634
18.444,0.40598
18.446,0.422531
18.448,0.432312
18.45,0.43703
18.452,0.438088
18.454,0.436613
18.456,0.433485
18.458,0.429373
18.46,0.424775
18.462,0.420044
18.464,0.41542
18.466,0.411057
18.468,0.407042
18.47,0.403417
18.472,0.400186
18.474,0.397335
18.476,0.394833
18.478,0.392643
18.48,0.390726
18.482,0.389043
18.484,0.387556
18.486,0.386231
18.488,0.38504
18.49,0.383958
18.492,0.382963
18.494,0.382039
18.496,0.381172
18.498,0.380351
18.5,0.379569
18.502,0.378819
18.504,0.459848
18.506,0.512761
18.508,0.544292
18.51,0.560042
18.512,0.564554
18.514,0.561427
18.516,0.553441
18.518,0.542681
18.52,0.530668
18.522,0.518462
18.524,0.50677
18.526,0.496022
18.528,0.486448
18.53,0.478133
18.532,0.38931
18.534,0.329793
18.536,0.292731
18.538,0.272388
18.54,0.264082
18.542,0.264082
18.544,0.269487
18.546,0.278102
18.548,0.288314
18.55,0.298985
18.552,0.309346
18.554,0.318914
18.556,0.32742
18.558,0.334748
18.56,0.340891
18.562,0.34591
18.564,0.34991
18.566,0.353015
18.568,0.355358
18.57,0.35707
18.572,0.358269
18.574,0.359064
18.576,0.359546
18.578,0.359796
18.58,0.441628
18.582,0.495202
18.584,0.527295
18.586,0.54354
18.588,0.548504
18.59,0.545802
18.592,0.538226
18.594,0.527871
18.596,0.516258
18.598,0.504453
18.6,0.493161
18.602,0.482813
18.604,0.473638
18.606,0.383967
18.608,0.323675
18.61,0.285949
18.612,0.292555
18.614,0.302098
18.616,0.31296
18.618,0.324016
18.62,0.334524
18.622,0.344035
18.624,0.352316
18.626,0.359286
18.628,0.364969
18.63,0.369454
18.632,0.37287
18.634,0.375361
18.636,0.377077
18.638,0.378159
18.64,0.378736
18.642,0.378922
18.644,0.378816
18.646,0.378497
18.648,0.378031
18.65,0.377471
18.652,0.376857
18.654,0.376218
18.656,0.375577
18.658,0.374949
18.66,0.374343
18.662,0.373766
18.664,0.37322
18.666,0.372706
18.668,0.372223
18.67,0.371771
18.672,0.371346
18.674,0.370947
18.676,0.370571
18.678,0.370216
18.68,0.369879
18.682,0.369559
18.684,0.369254
18.686,0.368962
18.688,0.368683
18.69,0.368415
18.692,0.368157
18.694,0.367908
18.696,0.367668
18.698,0.367437
18.7,0.367213
18.702,0.366998
18.704,0.366789
18.706,0.366587
18.708,0.366392
18.71,0.366204
18.712,0.366021
18.714,0.365845
18.716,0.365675
18.718,0.36551
18.72,0.365351
18.722,0.365197
18.724,0.365049
18.726,0.364905
18.728,0.364766
18.73,0.364632
18.732,0.364503
18.734,0.364378
18.736,0.364257
18.738,0.36414
18.74,0.364028
18.742,0.363919
18.744,0.363814
18.746,0.363712
18.748,0.363614
18.75,0.363519
18.752,0.363428
18.754,0.363339
18.756,0.363254
18.758,0.363171
18.76,0.363092
18.762,0.363015
18.764,0.36294
18.766,0.362869
18.768,0.362799
18.77,0.362732
18.772,0.362668
18.774,0.362605
18.776,0.280793
18.778,0.227122
18.78,0.194858
18.782,0.178397
18.784,0.173195
18.786,0.175651
18.788,0.182988
18.79,0.193116
18.792,0.204518
18.794,0.21613
18.796,0.19976
18.798,0.191694
18.8,0.189582
18.802,0.273304
18.804,0.331513
18.806,0.369847
18.808,0.3931
18.81,0.405249
18.812,0.40951
18.814,0.408424
18.816,0.403949
18.818,0.370061
18.82,0.344539
18.822,0.326003
18.824,0.313154
18.826,0.304819
18.828,0.299975
18.83,0.297755
18.832,0.297442
18.834,0.298458
18.836,0.300348
18.838,0.302765
18.84,0.305449
18.842,0.308215
18.844,0.310935
18.846,0.313525
18.848,0.315938
18.85,0.31815
18.852,0.320154
18.854,0.294471
18.856,0.277831
18.858,0.268132
18.86,0.263607
18.862,0.344559
18.864,0.399939
18.866,0.435576
18.868,0.456388
18.87,0.466412
18.872,0.46889
18.874,0.466356
18.876,0.460745
18.878,0.453489
18.88,0.445612
18.882,0.437816
18.884,0.430551
18.886,0.342327
18.888,0.28316
18.89,0.246342
18.892,0.226236
18.894,0.218218
18.896,0.218593
18.898,0.224474
18.9,0.233668
18.902,0.244556
18.904,0.255987
18.906,0.267177
18.908,0.277628
18.91,0.287056
18.912,0.295333
18.914,0.302436
18.916,0.308419
18.918,0.313375
18.92,0.317425
18.922,0.320695
18.924,0.323311
18.926,0.325389
18.928,0.245285
18.93,0.192982
18.932,0.16182
18.934,0.146264
18.936,0.141819
18.938,0.144927
18.94,0.152841
18.942,0.163495
18.944,0.147902
18.946,0.141728
18.948,0.142157
18.95,0.146974
18.952,0.154485
18.954,0.163428
18.956,0.172896
18.958,0.182264
18.96,0.191127
18.962,0.171761
18.964,0.242516
18.966,0.291352
18.968,0.323244
18.97,0.34239
18.972,0.352242
18.974,0.328084
18.976,0.308802
18.978,0.293934
18.98,0.282923
18.982,0.27518
18.984,0.27013
18.986,0.267243
18.988,0.347796
18.99,0.40149
18.992,0.40723
18.994,0.407054
18.996,0.403165
18.998,0.3972
19,0.390341
19.002,0.383399
19.004,0.376906
19.006,0.371177
19.008,0.366371
19.01,0.335046
19.012,0.313893
19.014,0.300716
19.016,0.293628
19.018,0.291048
19.02,0.291685
19.022,0.294512
19.024,0.298728
19.026,0.276245
19.028,0.263334
19.03,0.257567
19.032,0.256947
19.034,0.259875
19.036,0.265102
19.038,0.27168
19.04,0.278907
19.042,0.286285
19.044,0.293475
19.046,0.300263
19.048,0.279039
19.05,0.348219
19.052,0.395785
19.054,0.42671
19.056,0.445172
19.058,0.454593
19.06,0.457708
19.062,0.456652
19.064,0.453048
19.066,0.448091
19.068,0.442635
19.07,0.437259
19.072,0.432333
19.074,0.346316
19.076,0.289198
19.078,0.25426
19.08,0.235865
19.082,0.2294
19.084,0.23118
19.086,0.238334
19.088,0.248685
19.09,0.260631
19.092,0.273032
19.094,0.28512
19.096,0.296407
19.098,0.306619
19.1,0.315634
19.102,0.323438
19.104,0.330089
19.106,0.253933
19.108,0.204985
19.11,0.176639
19.112,0.163419
19.114,0.1609
19.116,0.16559
19.118,0.174801
19.12,0.186525
19.122,0.199307
19.124,0.18465
19.126,0.178609
19.128,0.178662
19.13,0.182818
19.132,0.18954
19.134,0.197678
19.136,0.206396
19.138,0.215113
19.14,0.223445
19.142,0.231162
19.144,0.238142
19.146,0.244345
19.148,0.249786
19.15,0.254513
19.152,0.258596
19.154,0.234625
19.156,0.219398
19.158,0.210871
19.16,0.207329
19.162,0.207365
19.164,0.209855
19.166,0.213923
19.168,0.218905
19.17,0.224311
19.172,0.202307
19.174,0.189376
19.176,0.183251
19.178,0.182063
19.18,0.184307
19.182,0.188804
19.184,0.194653
19.186,0.201182
19.188,0.262179
19.19,0.304138
19.192,0.331466
19.194,0.347854
19.196,0.356322
19.198,0.359277
19.2,0.358597
19.202,0.355706
19.204,0.351649
19.206,0.319686
19.208,0.297036
19.21,0.2819
19.212,0.272673
19.214,0.267969
19.216,0.266622
19.218,0.267677
19.22,0.27037
19.222,0.274106
19.224,0.278435
19.226,0.283023
19.228,0.260149
19.23,0.246369
19.232,0.239466
19.234,0.237597
19.236,0.239269
19.238,0.243305
19.24,0.248796
19.242,0.255064
19.244,0.261617
19.246,0.240626
19.248,0.228585
19.25,0.223239
19.252,0.222734
19.254,0.22558
19.256,0.230608
19.258,0.236931
19.26,0.325639
19.262,0.386371
19.264,0.425542
19.266,0.448548
19.268,0.432328
19.27,0.417145
19.272,0.403649
19.274,0.392162
19.276,0.382773
19.278,0.293663
19.28,0.23456
19.282,0.198512
19.284,0.179677
19.286,0.173268
19.288,0.17546
19.29,0.183268
19.292,0.194425
19.294,0.207259
19.296,0.220584
19.298,0.233593
19.3,0.245776
19.302,0.256841
19.304,0.26666
19.306,0.275215
19.308,0.282562
19.31,0.288804
19.312,0.294065
19.314,0.29848
19.316,0.30218
19.318,0.30529
19.32,0.30792
19.322,0.310166
19.324,0.312111
19.326,0.313823
19.328,0.233604
19.33,0.181389
19.332,0.150476
19.334,0.13529
19.336,0.131302
19.338,0.134928
19.34,0.143396
19.342,0.127138
19.344,0.121356
19.346,0.12287
19.348,0.129189
19.35,0.138413
19.352,0.149133
19.354,0.160344
19.356,0.171356
19.358,0.181729
19.36,0.191206
19.362,0.199668
19.364,0.20709
19.366,0.213511
19.368,0.219011
19.37,0.223689
19.372,0.200167
19.374,0.185268
19.376,0.176977
19.378,0.173597
19.38,0.17374
19.382,0.176298
19.384,0.180406
19.386,0.185408
19.388,0.190822
19.39,0.16882
19.392,0.155888
19.394,0.149761
19.396,0.148572
19.398,0.23257
19.4,0.290684
19.402,0.328747
19.404,0.324205
19.406,0.317841
19.408,0.310804
19.41,0.303876
19.412,0.297553
19.414,0.292118
19.416,0.287699
19.418,0.284316
19.42,0.281921
19.422,0.280419
19.424,0.25221
19.426,0.233885
19.428,0.223204
19.43,0.218267
19.432,0.217506
19.434,0.219654
19.436,0.223718
19.438,0.228936
19.44,0.23474
19.442,0.240725
19.444,0.24661
19.446,0.252213
19.448,0.229942
19.45,0.216462
19.452,0.209641
19.454,0.207705
19.456,0.209218
19.458,0.213039
19.46,0.218292
19.462,0.224317
19.464,0.230637
19.466,0.236918
19.468,0.242941
19.47,0.248575
19.472,0.226262
19.474,0.212697
19.476,0.20577
19.478,0.20372
19.48,0.205122
19.482,0.208841
19.484,0.214005
19.486,0.219955
19.488,0.226214
19.49,0.232449
19.492,0.238439
19.494,0.244049
19.496,0.249209
19.498,0.253895
19.5,0.258114
19.502,0.261893
19.504,0.237784
19.506,0.222549
19.508,0.214113
19.51,0.210734
19.512,0.210985
19.514,0.213724
19.516,0.218061
19.518,0.223322
19.52,0.229008
19.522,0.234769
19.524,0.240365
19.526,0.245647
19.528,0.250531
19.53,0.254982
19.532,0.258996
19.534,0.262595
19.536,0.265809
19.538,0.268681
19.54,0.271251
19.542,0.273562
19.544,0.275653
19.546,0.195807
19.548,0.143946
19.55,0.11336
19.552,0.0984705
19.554,0.0947488
19.556,0.0986103
19.558,0.107287
19.56,0.1187
19.562,0.131337
19.564,0.14414
19.566,0.15641
19.568,0.167716
19.57,0.177831
19.572,0.186671
19.574,0.194252
19.576,0.200652
19.578,0.1785
19.58,0.164646
19.582,0.157108
19.584,0.154232
19.586,0.154669
19.588,0.157352
19.59,0.16145
19.592,0.166341
19.594,0.171568
19.596,0.176812
19.598,0.181861
19.6,0.186584
19.602,0.190911
19.604,0.194817
19.606,0.198304
19.608,0.17391
19.61,0.158386
19.612,0.149654
19.614,0.145968
19.616,0.1459
19.618,0.148311
19.62,0.152313
19.622,0.157233
19.624,0.135089
19.626,0.122249
19.628,0.116357
19.63,0.115478
19.632,0.118062
19.634,0.122896
19.636,0.129057
19.638,0.19013
19.64,0.232453
19.642,0.260313
19.644,0.277315
19.646,0.286417
19.648,0.289986
19.65,0.289873
19.652,0.287488
19.654,0.283871
19.656,0.252279
19.658,0.229938
19.66,0.215054
19.662,0.206028
19.664,0.201482
19.666,0.200257
19.668,0.201405
19.67,0.204168
19.672,0.207956
19.674,0.212322
19.676,0.189452
19.678,0.257579
19.68,0.304538
19.682,0.335178
19.684,0.35358
19.686,0.363088
19.688,0.36638
19.69,0.365548
19.692,0.362184
19.694,0.357463
19.696,0.324738
19.698,0.301297
19.7,0.285387
19.702,0.275433
19.704,0.270065
19.706,0.186374
19.708,0.133296
19.71,0.10333
19.712,0.0902735
19.714,0.0891223
19.716,0.0959376
19.718,0.107697
19.72,0.122147
19.722,0.137663
19.724,0.153121
19.726,0.167789
19.728,0.181229
19.73,0.193222
19.732,0.203704
19.734,0.212714
19.736,0.220357
19.738,0.226776
19.74,0.23213
19.742,0.236578
19.744,0.240274
19.746,0.243355
19.748,0.245945
19.75,0.248148
19.752,0.250051
19.754,0.224239
19.756,0.207484
19.758,0.197711
19.76,0.193167
19.762,0.19241
19.764,0.112526
19.766,0.0624989
19.768,0.0348991
19.77,0.0236108
19.772,0.0237214
19.774,0.0313803
19.776,0.0436471
19.778,0.0583414
19.78,0.073901
19.782,0.0892553
19.784,0.103715
19.786,0.116877
19.788,0.12855
19.79,0.138688
19.792,0.147348
19.794,0.154644
19.796,0.160726
19.798,0.165757
19.8,0.1699
19.802,0.173308
19.804,0.176121
19.806,0.178459
19.808,0.180426
19.81,0.182109
19.812,0.183576
19.814,0.184883
19.816,0.186073
19.818,0.187179
19.82,0.160737
19.822,0.143481
19.824,0.133303
19.826,0.128425
19.828,0.127381
19.83,0.128998
19.832,0.132354
19.834,0.136747
19.836,0.141658
19.838,0.146716
19.84,0.151667
19.842,0.156349
19.844,0.160669
19.846,0.137097
19.848,0.122341
19.85,0.114298
19.852,0.111212
19.854,0.111651
19.856,0.114479
19.858,0.118817
19.86,0.124
19.862,0.102058
19.864,0.0893666
19.866,0.083581
19.868,0.082775
19.87,0.167157
19.872,0.22563
19.874,0.264012
19.876,0.287228
19.878,0.271854
19.88,0.257878
19.882,0.245753
19.884,0.235661
19.886,0.2276
19.888,0.221449
19.89,0.217013
19.892,0.214065
19.894,0.212368
19.896,0.211692
19.898,0.211826
19.9,0.212581
19.902,0.213798
19.904,0.215341
19.906,0.189615
19.908,0.173248
19.91,0.164054
19.912,0.160197
19.914,0.160171
19.916,0.162775
19.918,0.167069
19.92,0.172343
19.922,0.178074
19.924,0.183891
19.926,0.189542
19.928,0.194869
19.93,0.199786
19.932,0.204252
19.934,0.208267
19.936,0.184364
19.938,0.169293
19.94,0.160978
19.942,0.157676
19.944,0.157962
19.946,0.160699
19.948,0.165003
19.95,0.170205
19.952,0.175812
19.954,0.181477
19.956,0.186967
19.958,0.192134
19.96,0.169412
19.962,0.155484
19.964,0.148229
19.966,0.145882
19.968,0.147009
19.97,0.150473
19.972,0.155395
19.974,0.161115
19.976,0.167155
19.978,0.173178
19.98,0.178962
19.982,0.156887
19.984,0.143596
19.986,0.136948
19.988,0.13516
19.99,0.136793
19.992,0.140707
19.994,0.146025
19.996,0.233844
19.998,0.293796
20,0.332289
20.002,0.354709
20.004,0.365469
20.006,0.368105
20.008,0.365375
20.01,0.359377
20.012,0.324173
20.014,0.297584
20.016,0.278241
20.018,0.264838
20.02,0.256181
20.022,0.251219
20.024,0.249053
20.026,0.248936
20.028,0.168509
20.03,0.117183
20.032,0.0878501
20.034,0.0746304
20.036,0.0727764
20.038,0.0785476
20.04,0.0890718
20.042,0.102205
20.044,0.116399
20.046,0.130582
20.048,0.144052
20.05,0.15639
20.052,0.167384
20.054,0.176967
20.056,0.185174
20.058,0.192103
20.06,0.197885
20.062,0.20267
20.064,0.206607
20.066,0.209842
20.068,0.212504
20.07,0.214708
20.072,0.216554
20.074,0.136371
20.076,0.0841188
20.078,0.0531145
20.08,0.0377982
20.082,0.0336561
20.084,0.0371125
20.086,0.0454046
20.088,0.0564565
20.09,0.0687569
20.092,0.0812481
20.094,0.0932278
20.096,0.104265
20.098,0.11413
20.1,0.122738
20.102,0.130101
20.104,0.136297
20.106,0.141439
20.108,0.14566
20.11,0.149095
20.112,0.151877
20.114,0.154125
20.116,0.155946
20.118,0.157434
20.12,0.158665
20.122,0.159702
20.124,0.160597
20.126,0.161389
20.128,0.162107
20.13,0.162776
20.132,0.16341
20.134,0.164021
20.136,0.164616
20.138,0.165201
20.14,0.13829
20.142,0.120601
20.144,0.110015
20.146,0.104744
20.148,0.103319
20.15,0.104562
20.152,0.107549
20.154,0.111578
20.156,0.11613
20.158,0.120833
20.16,0.125435
20.162,0.129773
20.164,0.133757
20.166,0.137342
20.168,0.140523
20.17,0.143314
20.172,0.145747
20.174,0.120373
20.176,0.103949
20.178,0.0943978
20.18,0.0899705
20.182,0.0892332
20.184,0.0910389
20.186,0.094492
20.188,0.0989123
20.19,0.103798
20.192,0.108794
20.194,0.113658
20.196,0.118237
20.198,0.122446
20.2,0.126246
20.202,0.129633
20.204,0.10514
20.206,0.0895126
20.208,0.0806723
20.21,0.0768735
20.212,0.0766885
20.214,0.0789781
20.216,0.0828553
20.218,0.0876484
20.22,0.0928643
20.222,0.0981537
20.224,0.103282
20.226,0.108102
20.228,0.112531
20.23,0.116536
20.232,0.120116
20.234,0.123291
20.236,0.126095
20.238,0.101082
20.24,0.0850094
20.242,0.0758011
20.244,0.0717086
20.246,0.0712984
20.248,0.0734229
20.25,0.0771869
20.252,0.0819099
20.254,0.0870904
20.256,0.0923721
20.258,0.0975134
20.26,0.102362
20.262,0.106831
20.264,0.110883
20.266,0.114514
20.268,0.0902565
20.27,0.0748575
20.272,0.0662376
20.274,0.0626516
20.276,0.0626723
20.278,0.0651604
20.28,0.0692294
20.282,0.0742077
20.284,0.0796024
20.286,0.0850645
20.288,0.0903595
20.29,0.0678533
20.292,0.0541809
20.294,0.0471891
20.296,0.0450902
20.298,0.0464366
20.3,0.0500843
20.302,0.0551526
20.304,0.0609823
20.306,0.0670964
20.308,0.0731634
20.31,0.078966
20.312,0.0843737
20.314,0.0618328
20.316,0.048039
20.318,0.0408832
20.32,0.0386085
20.322,0.0397879
20.324,0.0432902
20.326,0.0482414
20.328,0.0539851
20.33,0.060044
20.332,0.0660845
20.334,0.0718862
20.336,0.0773147
20.338,0.0822997
20.34,0.0868166
20.342,0.0908722
20.344,0.0944937
20.346,0.0977197
20.348,0.0731081
20.35,0.0574206
20.352,-0.0331698
20.354,-0.0905175
20.356,-0.122791
20.358,-0.136739
20.36,-0.1378
20.362,-0.130256
20.364,-0.117385
20.366,-0.101632
20.368,-0.0847564
20.37,-0.0679741
20.372,-0.0520755
20.374,-0.0375301
20.376,-0.0245715
20.378,-0.0132663
20.38,-0.0310548
20.382,-0.0411037
20.384,-0.0453751
20.386,-0.0454817
20.388,-0.0427166
20.39,-0.0380908
20.392,-0.032374
20.394,-0.0261349
20.396,-0.0197785
20.398,-0.0135802
20.4,-0.00771502
20.402,-0.00228244
20.404,0.00267296
20.406,0.00714517
20.408,0.0111538
20.41,-0.0127527
20.412,-0.0278143
20.414,-0.0361035
20.416,-0.121112
20.418,-0.174375
20.42,-0.203764
20.422,-0.21577
20.424,-0.21561
20.426,-0.207376
20.428,-0.1942
20.43,-0.178405
20.432,-0.161657
20.434,-0.145102
20.436,-0.129479
20.438,-0.115221
20.44,-0.10254
20.442,-0.0914846
20.444,-0.082002
20.446,-0.0739714
20.448,-0.148988
20.45,-0.224474
20.452,-0.270279
20.454,-0.293961
20.456,-0.301704
20.458,-0.298448
20.46,-0.28804
20.462,-0.273396
20.464,-0.256665
20.466,-0.239367
20.468,-0.222532
20.47,-0.20681
20.472,-0.192566
20.474,-0.179958
20.476,-0.169003
20.478,-0.159622
20.48,-0.151679
20.482,-0.254246
20.484,-0.32054
20.486,-0.359243
20.488,-0.377583
20.49,-0.381428
20.492,-0.375431
20.494,-0.363186
20.496,-0.347395
20.498,-0.357511
20.5,-0.358194
20.502,-0.352478
20.504,-0.342709
20.506,-0.330656
20.508,-0.345092
20.51,-0.350205
20.512,-0.348713
20.514,-0.342774
20.516,-0.334052
20.518,-0.351287
20.52,-0.358671
20.522,-0.277208
20.524,-0.218996
20.526,-0.179026
20.528,-0.180494
20.53,-0.183107
20.532,-0.186074
20.534,-0.18887
20.536,-0.21866
20.538,-0.238555
20.54,-0.250606
20.542,-0.284094
20.544,-0.303823
20.546,-0.313171
20.548,-0.314936
20.55,-0.25712
20.552,-0.214685
20.554,-0.18439
20.556,-0.163446
20.558,-0.177006
20.56,-0.186445
20.562,-0.192361
20.564,-0.195355
20.566,-0.223482
20.568,-0.240542
20.57,-0.249103
20.572,-0.278822
20.574,-0.294764
20.576,-0.218729
20.578,-0.191
20.58,-0.170446
20.582,-0.155392
20.584,-0.144451
20.586,-0.163983
20.588,-0.176385
20.59,-0.183088
20.592,-0.185363
20.594,-0.211789
20.596,-0.226563
20.598,-0.232547
20.6,-0.259606
20.602,-0.272948
20.604,-0.276215
20.606,-0.2181
20.608,-0.174121
20.61,-0.141474
20.612,-0.117703
20.614,-0.128209
20.616,-0.134543
20.618,-0.137423
20.62,-0.137529
20.622,-0.162959
20.624,-0.177535
20.626,-0.183827
20.628,-0.211486
20.63,-0.225561
20.632,-0.229586
20.634,-0.226445
20.636,-0.245928
20.638,-0.253107
20.64,-0.251453
20.642,-0.243745
20.644,-0.259639
20.646,-0.182312
20.648,-0.124988
20.65,-0.08358
20.652,-0.0820239
20.654,-0.0806035
20.656,-0.0789662
20.658,-0.0769101
20.66,-0.101829
20.662,-0.116989
20.664,-0.12454
20.666,-0.153816
20.668,-0.169647
20.67,-0.17541
20.672,-0.173892
20.674,-0.167336
20.676,-0.157505
20.678,-0.173231
20.68,-0.178798
20.682,-0.17704
20.684,-0.170236
20.686,-0.160168
20.688,-0.175683
20.69,-0.181073
20.692,-0.179175
20.694,-0.172265
20.696,-0.189612
20.698,-0.195857
20.7,-0.19412
20.702,-0.186904
20.704,-0.257914
20.706,-0.298746
20.708,-0.344719
20.71,-0.365499
20.712,-0.368279
20.714,-0.358782
20.716,-0.341444
20.718,-0.319614
20.72,-0.323228
20.722,-0.317293
20.724,-0.305083
20.726,-0.289099
20.728,-0.271199
20.73,-0.280203
20.732,-0.280309
20.734,-0.274224
20.736,-0.26408
20.738,-0.278993
20.74,-0.283463
20.742,-0.28048
20.744,-0.272433
20.746,-0.288662
20.748,-0.293858
20.75,-0.29117
20.752,-0.283112
20.754,-0.271641
20.756,-0.285726
20.758,-0.289739
20.76,-0.286569
20.762,-0.278519
20.764,-0.294868
20.766,-0.300257
20.768,-0.297798
20.77,-0.235715
20.772,-0.189123
20.774,-0.154877
20.776,-0.130243
20.778,-0.140399
20.78,-0.146722
20.782,-0.1498
20.784,-0.150213
20.786,-0.148506
20.788,-0.172654
20.79,-0.186364
20.792,-0.192114
20.794,-0.191982
20.796,-0.215157
20.798,-0.226281
20.8,-0.228532
20.802,-0.224497
20.804,-0.243718
20.806,-0.251074
20.808,-0.249882
20.81,-0.242805
20.812,-0.231926
20.814,-0.246316
20.816,-0.250432
20.818,-0.247227
20.82,-0.239057
20.822,-0.227752
20.824,-0.24218
20.826,-0.24664
20.828,-0.243964
20.83,-0.236419
20.832,-0.225769
20.834,-0.240841
20.836,-0.245906
20.838,-0.243779
20.84,-0.236719
20.842,-0.253976
20.844,-0.260178
20.846,-0.258434
20.848,-0.251234
20.85,-0.268013
20.852,-0.273534
20.854,-0.271009
20.856,-0.263002
20.858,-0.251508
20.86,-0.238038
20.862,-0.251189
20.864,-0.255029
20.866,-0.252204
20.868,-0.244832
20.87,-0.26205
20.872,-0.268394
20.874,-0.266904
20.876,-0.178269
20.878,-0.141777
20.88,-0.11543
20.882,-0.0968218
20.884,-0.0839598
20.886,-0.102722
20.888,-0.115123
20.89,-0.122305
20.892,-0.125321
20.894,-0.12511
20.896,-0.122478
20.898,-0.145587
20.9,-0.15827
20.902,-0.163084
20.904,-0.162155
20.906,-0.157205
20.908,-0.149597
20.91,-0.140382
20.912,-0.212097
20.914,-0.282907
20.916,-0.323227
20.918,-0.341037
20.92,-0.342825
20.922,-0.333738
20.924,-0.317756
20.926,-0.297874
20.928,-0.303764
20.93,-0.300239
20.932,-0.290436
20.934,-0.276767
20.936,-0.261035
20.938,-0.244544
20.94,-0.228196
20.942,-0.240071
20.944,-0.243805
20.946,-0.241697
20.948,-0.317339
20.95,-0.362277
20.952,-0.384341
20.954,-0.389939
20.956,-0.384189
20.958,-0.398567
20.96,-0.39938
20.962,-0.390974
20.964,-0.376715
20.966,-0.359139
20.968,-0.340097
20.97,-0.348377
20.972,-0.348129
20.974,-0.342007
20.976,-0.332087
20.978,-0.319947
20.98,-0.334241
20.982,-0.339082
20.984,-0.337154
20.986,-0.24885
20.988,-0.213219
20.99,-0.188077
20.992,-0.170876
20.994,-0.159516
20.996,-0.152314
20.998,-0.147947
21,-0.172891
21.002,-0.189679
21.004,-0.19989
21.006,-0.204936
21.008,-0.206044
21.01,-0.204245
21.012,-0.227873
21.014,-0.240892
21.016,-0.245949
21.018,-0.245234
21.02,-0.240511
21.022,-0.233168
21.024,-0.251753
21.026,-0.260341
21.028,-0.261619
21.03,-0.257763
21.032,-0.250493
21.034,-0.241134
21.036,-0.258166
21.038,-0.265589
21.04,-0.266022
21.042,-0.261577
21.044,-0.253921
21.046,-0.244329
21.048,-0.233754
21.05,-0.250369
21.052,-0.257929
21.054,-0.258862
21.056,-0.255134
21.058,-0.248304
21.06,-0.239572
21.062,-0.229837
21.064,-0.219753
21.066,-0.237259
21.068,-0.245939
21.07,-0.24809
21.072,-0.245593
21.074,-0.239944
21.076,-0.259796
21.078,-0.269312
21.08,-0.271256
21.082,-0.267871
21.084,-0.260929
21.086,-0.251799
21.088,-0.241504
21.09,-0.258275
21.092,-0.265912
21.094,-0.266873
21.096,-0.263152
21.098,-0.25632
21.1,-0.247591
21.102,-0.23787
21.104,-0.227813
21.106,-0.245362
21.108,-0.254099
21.11,-0.256321
21.112,-0.253906
21.114,-0.248349
21.116,-0.240813
21.118,-0.232176
21.12,-0.223081
21.122,-0.241469
21.124,-0.250926
21.126,-0.253762
21.128,-0.251864
21.13,-0.246742
21.132,-0.23957
21.134,-0.23124
21.136,-0.249891
21.138,-0.259272
21.14,-0.261812
21.142,-0.259493
21.144,-0.335644
21.146,-0.381595
21.148,-0.405004
21.15,-0.412147
21.152,-0.408042
21.154,-0.42409
21.156,-0.426549
21.158,-0.419731
21.16,-0.406981
21.162,-0.390824
21.164,-0.373109
21.166,-0.355137
21.168,-0.33778
21.17,-0.321578
21.172,-0.334315
21.174,-0.339392
21.176,-0.338924
21.178,-0.334614
21.18,-0.327798
21.182,-0.319499
21.184,-0.310475
21.186,-0.328757
21.188,-0.338001
21.19,-0.340567
21.192,-0.338379
21.194,-0.251219
21.196,-0.190171
21.198,-0.176885
21.2,-0.169701
21.202,-0.166656
21.204,-0.166249
21.206,-0.167361
21.208,-0.169185
21.21,-0.171165
21.212,-0.200423
21.214,-0.220027
21.216,-0.231983
21.218,-0.238044
21.22,-0.239694
21.222,-0.319911
21.224,-0.36979
21.226,-0.396842
21.228,-0.407262
21.23,-0.406035
21.232,-0.397077
21.234,-0.383384
21.236,-0.367181
21.238,-0.377556
21.24,-0.378892
21.242,-0.37402
21.244,-0.365147
21.246,-0.353945
21.248,-0.341644
21.25,-0.329115
21.252,-0.316948
21.254,-0.305512
21.256,-0.295014
21.258,-0.285542
21.26,-0.304589
21.262,-0.31539
21.264,-0.319984
21.266,-0.320057
21.268,-0.316976
21.27,-0.311815
21.272,-0.305399
21.274,-0.325833
21.276,-0.336845
21.278,-0.340859
21.28,-0.339863
21.282,-0.335443
21.284,-0.328835
21.286,-0.320977
21.288,-0.312556
21.29,-0.331548
21.292,-0.341564
21.294,-0.344929
21.296,-0.343546
21.298,-0.33893
21.3,-0.332261
21.302,-0.324431
21.304,-0.316095
21.306,-0.307715
21.308,-0.299602
21.31,-0.319435
21.312,-0.330605
21.314,-0.335275
21.316,-0.335229
21.318,-0.331908
21.32,-0.326442
21.322,-0.319697
21.324,-0.312317
21.326,-0.33225
21.328,-0.343097
21.33,-0.347183
21.332,-0.346413
21.334,-0.342313
21.336,-0.336073
21.338,-0.356086
21.34,-0.3663
21.342,-0.287556
21.344,-0.231854
21.346,-0.194127
21.348,-0.170066
21.35,-0.156095
21.352,-0.176808
21.354,-0.193203
21.356,-0.205637
21.358,-0.214577
21.36,-0.220535
21.362,-0.22402
21.364,-0.225511
21.366,-0.22544
21.368,-0.224185
21.37,-0.222064
21.372,-0.219339
21.374,-0.216222
21.376,-0.212877
21.378,-0.209431
21.38,-0.233462
21.382,-0.330072
21.384,-0.391534
21.386,-0.426396
21.388,-0.441744
21.39,-0.443308
21.392,-0.435607
21.394,-0.422117
21.396,-0.405437
21.398,-0.387448
21.4,-0.369455
21.402,-0.352314
21.404,-0.33654
21.406,-0.322397
21.408,-0.337457
21.41,-0.344967
21.412,-0.346932
21.414,-0.344982
21.416,-0.340405
21.418,-0.3342
21.42,-0.327114
21.422,-0.319691
21.424,-0.339798
21.426,-0.350968
21.428,-0.355473
21.43,-0.355179
21.432,-0.351582
21.434,-0.34585
21.436,-0.338873
21.438,-0.331308
21.44,-0.323622
21.442,-0.343619
21.444,-0.354785
21.446,-0.359353
21.448,-0.359161
21.45,-0.355683
21.452,-0.350074
21.454,-0.343214
21.456,-0.254001
21.458,-0.192792
21.46,-0.153168
21.462,-0.129727
21.464,-0.145527
21.466,-0.160305
21.468,-0.173409
21.47,-0.184515
21.472,-0.193535
21.474,-0.200534
21.476,-0.205676
21.478,-0.209177
21.48,-0.211278
21.482,-0.29397
21.484,-0.347589
21.486,-0.379076
21.488,-0.394212
21.49,-0.397694
21.492,-0.393246
21.494,-0.383749
21.496,-0.37137
21.498,-0.357687
21.5,-0.343807
21.502,-0.330467
21.504,-0.318119
21.506,-0.307007
21.508,-0.297221
21.51,-0.288752
21.512,-0.28152
21.514,-0.302894
21.516,-0.316022
21.518,-0.322881
21.52,-0.325121
21.522,-0.405837
21.524,-0.456203
21.526,-0.483779
21.528,-0.494789
21.53,-0.494229
21.532,-0.486016
21.534,-0.47314
21.536,-0.457817
21.538,-0.441635
21.54,-0.425681
21.542,-0.410654
21.544,-0.42445
21.546,-0.430546
21.548,-0.431105
21.55,-0.427858
21.552,-0.422153
21.554,-0.415016
21.556,-0.407202
21.558,-0.399246
21.56,-0.39151
21.562,-0.41171
21.564,-0.341507
21.566,-0.292966
21.568,-0.261143
21.57,-0.241876
21.572,-0.231749
21.574,-0.228023
21.576,-0.228558
21.578,-0.231723
21.58,-0.236309
21.582,-0.268943
21.584,-0.292316
21.586,-0.308172
21.588,-0.318075
21.59,-0.323391
21.592,-0.325274
21.594,-0.324676
21.596,-0.322363
21.598,-0.318936
21.6,-0.314855
21.602,-0.337947
21.604,-0.351739
21.606,-0.358518
21.608,-0.360178
21.61,-0.358249
21.612,-0.353938
21.614,-0.348171
21.616,-0.341642
21.618,-0.362335
21.62,-0.373879
21.622,-0.37862
21.624,-0.296725
21.626,-0.239621
21.628,-0.201769
21.63,-0.178476
21.632,-0.165864
21.634,-0.160807
21.636,-0.188332
21.638,-0.209837
21.64,-0.226035
21.642,-0.237697
21.644,-0.245591
21.646,-0.250436
21.648,-0.252878
21.65,-0.253481
21.652,-0.252721
21.654,-0.25099
21.656,-0.248602
21.658,-0.245805
21.66,-0.242786
21.662,-0.239685
21.664,-0.236601
21.666,-0.315353
21.668,-0.366091
21.67,-0.395576
21.672,-0.40942
21.674,-0.412169
21.676,-0.407417
21.678,-0.397934
21.68,-0.385795
21.682,-0.372508
21.684,-0.359121
21.686,-0.346328
21.688,-0.334551
21.69,-0.351496
21.692,-0.360523
21.694,-0.36373
21.696,-0.362822
21.698,-0.359144
21.7,-0.35374
21.702,-0.347389
21.704,-0.340659
21.706,-0.333945
21.708,-0.32751
21.71,-0.32151
21.712,-0.31603
21.714,-0.311096
21.716,-0.306701
21.718,-0.302811
21.72,-0.29938
21.722,-0.296354
21.724,-0.29368
21.726,-0.291304
21.728,-0.289178
21.73,-0.287261
21.732,-0.313
21.734,-0.329649
21.736,-0.339302
21.738,-0.343724
21.74,-0.344367
21.742,-0.342397
21.744,-0.338723
21.746,-0.334042
21.748,-0.328866
21.75,-0.323561
21.752,-0.318378
21.754,-0.313476
21.756,-0.308945
21.758,-0.304827
21.76,-0.301129
21.762,-0.297835
21.764,-0.294913
21.766,-0.319812
21.768,-0.335775
21.77,-0.344879
21.772,-0.348872
21.774,-0.34919
21.776,-0.346977
21.778,-0.343131
21.78,-0.33833
21.782,-0.333075
21.784,-0.327724
21.786,-0.322516
21.788,-0.317605
21.79,-0.313075
21.792,-0.308965
21.794,-0.305279
21.796,-0.301997
21.798,-0.299087
21.8,-0.296511
21.802,-0.294225
21.804,-0.319677
21.806,-0.33611
21.808,-0.34561
21.81,-0.349932
21.812,-0.35052
21.814,-0.348529
21.816,-0.344862
21.818,-0.340209
21.82,-0.335076
21.822,-0.329825
21.824,-0.324702
21.826,-0.319864
21.828,-0.315399
21.83,-0.311347
21.832,-0.307714
21.834,-0.304482
21.836,-0.301621
21.838,-0.299091
21.84,-0.296851
21.842,-0.29486
21.844,-0.29308
21.846,-0.291475
21.848,-0.290016
21.85,-0.288676
21.852,-0.287434
21.854,-0.286272
21.856,-0.285176
21.858,-0.284134
21.86,-0.283138
21.862,-0.309669
21.864,-0.327004
21.866,-0.33726
21.868,-0.342221
21.87,-0.343353
21.872,-0.341834
21.874,-0.338582
21.876,-0.334301
21.878,-0.329507
21.88,-0.324571
21.882,-0.319745
21.884,-0.315189
21.886,-0.310997
21.888,-0.307209
21.89,-0.303833
21.892,-0.300853
21.894,-0.298237
21.896,-0.295947
21.898,-0.293942
21.9,-0.29218
21.902,-0.290623
21.904,-0.289237
21.906,-0.287989
21.908,-0.286855
21.91,-0.285813
21.912,-0.284845
21.914,-0.283936
21.916,-0.283076
21.918,-0.282256
21.92,-0.363222
21.922,-0.416076
21.924,-0.447552
21.926,-0.463249
21.928,-0.46771
21.93,-0.464535
21.932,-0.4565
21.934,-0.445694
21.936,-0.433635
21.938,-0.421386
21.94,-0.40965
21.942,-0.39886
21.944,-0.389245
21.946,-0.380889
21.948,-0.373779
21.95,-0.367837
21.952,-0.390433
21.954,-0.404718
21.956,-0.412675
21.958,-0.415958
21.96,-0.415914
21.962,-0.413613
21.964,-0.328132
21.966,-0.269987
21.968,-0.232898
21.97,-0.211582
21.972,-0.201706
21.974,-0.199803
21.976,-0.23065
21.978,-0.25547
21.98,-0.274859
21.982,-0.289518
21.984,-0.300176
21.986,-0.307539
21.988,-0.312258
21.99,-0.314907
21.992,-0.315983
21.994,-0.315902
21.996,-0.315
21.998,-0.313549
22,-0.311756
22.002,-0.309781
22.004,-0.307738
22.006,-0.305709
22.008,-0.303747
22.01,-0.301887
22.012,-0.300145
22.014,-0.298529
22.016,-0.297038
22.018,-0.295666
22.02,-0.32189
22.022,-0.338984
22.024,-0.349056
22.026,-0.353882
22.028,-0.354921
22.03,-0.353341
22.032,-0.350056
22.034,-0.345761
22.036,-0.34097
22.038,-0.336047
22.04,-0.331242
22.042,-0.326713
22.044,-0.322549
22.046,-0.318792
22.048,-0.315447
22.05,-0.312496
22.052,-0.309909
22.054,-0.307646
22.056,-0.305667
22.058,-0.30393
22.06,-0.302396
22.062,-0.30103
22.064,-0.299803
22.066,-0.298688
22.068,-0.297663
22.07,-0.296711
22.072,-0.295818
22.074,-0.294973
22.076,-0.294167
22.078,-0.293394
22.08,-0.29265
22.082,-0.29193
22.084,-0.291232
22.086,-0.290555
22.088,-0.289898
22.09,-0.28926
22.092,-0.28864
22.094,-0.288038
22.096,-0.287455
22.098,-0.286888
22.1,-0.286339
22.102,-0.285808
22.104,-0.285293
22.106,-0.284795
22.108,-0.284313
22.11,-0.283847
22.112,-0.283396
22.114,-0.282961
22.116,-0.28254
22.118,-0.282134
22.12,-0.363493
22.122,-0.416726
22.124,-0.448568
22.126,-0.464621
22.128,-0.469429
22.13,-0.466591
22.132,-0.458887
22.134,-0.448404
22.136,-0.436659
22.138,-0.424716
22.14,-0.413279
22.142,-0.402779
22.144,-0.393445
22.146,-0.385363
22.148,-0.406005
22.15,-0.418577
22.152,-0.425082
22.154,-0.427174
22.156,-0.426185
22.158,-0.341408
22.16,-0.283536
22.162,-0.246426
22.164,-0.224905
22.166,-0.214718
22.168,-0.212457
22.17,-0.215451
22.172,-0.221668
22.174,-0.2296
22.176,-0.23817
22.178,-0.246642
22.18,-0.254542
22.182,-0.261596
22.184,-0.267673
22.186,-0.272746
22.188,-0.276853
22.19,-0.280074
22.192,-0.282515
22.194,-0.311774
22.196,-0.331247
22.198,-0.343157
22.2,-0.349387
22.202,-0.351488
22.204,-0.350706
22.206,-0.348022
22.208,-0.344183
22.21,-0.339745
22.212,-0.335107
22.214,-0.330541
22.216,-0.326224
22.218,-0.322258
22.22,-0.318693
22.222,-0.315539
22.224,-0.312783
22.226,-0.310394
22.228,-0.308334
22.23,-0.306561
22.232,-0.305033
22.234,-0.303709
22.236,-0.302555
22.238,-0.301537
22.24,-0.300629
22.242,-0.299809
22.244,-0.299058
22.246,-0.298361
22.248,-0.297707
22.25,-0.297087
22.252,-0.296494
22.254,-0.295924
22.256,-0.295373
22.258,-0.294839
22.26,-0.29432
22.262,-0.293815
22.264,-0.293324
22.266,-0.292846
22.268,-0.374134
22.27,-0.427294
22.272,-0.459063
22.274,-0.475044
22.276,-0.479781
22.278,-0.476873
22.28,-0.4691
22.282,-0.458549
22.284,-0.446739
22.286,-0.434732
22.288,-0.423233
22.29,-0.412673
22.292,-0.403281
22.294,-0.395143
22.296,-0.388244
22.298,-0.300754
22.3,-0.242449
22.302,-0.20646
22.304,-0.187049
22.306,-0.179538
22.308,-0.207692
22.31,-0.23191
22.312,-0.25213
22.314,-0.268543
22.316,-0.281491
22.318,-0.291397
22.32,-0.29871
22.322,-0.303874
22.324,-0.307298
22.326,-0.309353
22.328,-0.310358
22.33,-0.31058
22.332,-0.310243
22.334,-0.309522
22.336,-0.308556
22.338,-0.307451
22.34,-0.306284
22.342,-0.305111
22.344,-0.303968
22.346,-0.302881
22.348,-0.301862
22.35,-0.300917
22.352,-0.300046
22.354,-0.299248
22.356,-0.298516
22.358,-0.297845
22.36,-0.297228
22.362,-0.296659
22.364,-0.29613
22.366,-0.295638
22.368,-0.376927
22.37,-0.430104
22.372,-0.461899
22.374,-0.477912
22.376,-0.482686
22.378,-0.479819
22.38,-0.472087
22.382,-0.461577
22.384,-0.449808
22.386,-0.437841
22.388,-0.42638
22.39,-0.415856
22.392,-0.324748
22.394,-0.263031
22.396,-0.223955
22.398,-0.201841
22.4,-0.192027
22.402,-0.190781
22.404,-0.195188
22.406,-0.203027
22.408,-0.212658
22.41,-0.222912
22.412,-0.232991
22.414,-0.242386
22.416,-0.250804
22.418,-0.25811
22.42,-0.264277
22.422,-0.269355
22.424,-0.273436
22.426,-0.276636
22.428,-0.279082
22.43,-0.280899
22.432,-0.282202
22.434,-0.283098
22.436,-0.283677
22.438,-0.284018
22.44,-0.284184
22.442,-0.284226
22.444,-0.284186
22.446,-0.284094
22.448,-0.283973
22.45,-0.28384
22.452,-0.283707
22.454,-0.283581
22.456,-0.365219
22.458,-0.41873
22.46,-0.450853
22.462,-0.467188
22.464,-0.472279
22.466,-0.469725
22.468,-0.462302
22.47,-0.452099
22.472,-0.468118
22.474,-0.392952
22.476,-0.339316
22.478,-0.302691
22.48,-0.279174
22.482,-0.265481
22.484,-0.258919
22.486,-0.257332
22.488,-0.259037
22.49,-0.262751
22.492,-0.267529
22.494,-0.272694
22.496,-0.277786
22.498,-0.28251
22.5,-0.286697
22.502,-0.290268
22.504,-0.293207
22.506,-0.295541
22.508,-0.297322
22.51,-0.298618
22.512,-0.299499
22.514,-0.300037
22.516,-0.300297
22.518,-0.300341
22.52,-0.30022
22.522,-0.299977
22.524,-0.29965
22.526,-0.299266
22.528,-0.298849
22.53,-0.298416
22.532,-0.29798
22.534,-0.29755
22.536,-0.297132
22.538,-0.29673
22.54,-0.296346
22.542,-0.29598
22.544,-0.295634
22.546,-0.295306
22.548,-0.294996
22.55,-0.294702
22.552,-0.294423
22.554,-0.294157
22.556,-0.293904
22.558,-0.293663
22.56,-0.293432
22.562,-0.293211
22.564,-0.292998
22.566,-0.292794
22.568,-0.292597
22.57,-0.292408
22.572,-0.292225
22.574,-0.292049
22.576,-0.291878
22.578,-0.291714
22.58,-0.291555
22.582,-0.291401
22.584,-0.291253
22.586,-0.291109
22.588,-0.29097
22.59,-0.290836
22.592,-0.290707
22.594,-0.290581
22.596,-0.29046
22.598,-0.290344
22.6,-0.290231
22.602,-0.290121
22.604,-0.290016
22.606,-0.289914
22.608,-0.289816
22.61,-0.289721
22.612,-0.289629
22.614,-0.28954
22.616,-0.289455
22.618,-0.289372
22.62,-0.289292
22.622,-0.289215
22.624,-0.28914
22.626,-0.289068
22.628,-0.288999
22.63,-0.288931
22.632,-0.288866
22.634,-0.288804
22.636,-0.288743
22.638,-0.288685
22.64,-0.288628
22.642,-0.288574
22.644,-0.288521
22.646,-0.28847
22.648,-0.288421
22.65,-0.288373
22.652,-0.288327
22.654,-0.288283
22.656,-0.206488
22.658,-0.152835
22.66,-0.120587
22.662,-0.104142
22.664,-0.0989546
22.666,-0.101426
22.668,-0.108777
22.67,-0.118919
22.672,-0.130334
22.674,-0.141959
22.676,-0.23484
22.678,-0.298655
22.68,-0.33991
22.682,-0.364122
22.684,-0.375848
22.686,-0.378768
22.688,-0.375775
22.69,-0.36909
22.692,-0.360368
22.694,-0.350803
22.696,-0.341221
22.698,-0.332162
22.7,-0.323946
22.702,-0.316737
22.704,-0.310583
22.706,-0.305457
22.708,-0.301282
22.71,-0.297956
22.712,-0.295364
22.714,-0.293391
22.716,-0.291924
22.718,-0.209113
22.72,-0.154761
22.722,-0.122057
22.724,-0.105336
22.726,-0.100002
22.728,-0.102415
22.73,-0.109766
22.732,-0.119942
22.734,-0.131408
22.736,-0.14309
22.738,-0.154274
22.74,-0.164524
22.742,-0.173607
22.744,-0.181436
22.746,-0.188027
22.748,-0.193458
22.75,-0.197844
22.752,-0.20132
22.754,-0.176538
22.756,-0.160346
22.758,-0.150747
22.76,-0.227815
22.762,-0.280283
22.764,-0.313787
22.766,-0.333071
22.768,-0.342029
22.77,-0.343782
22.772,-0.340768
22.774,-0.334844
22.776,-0.327385
22.778,-0.319371
22.78,-0.311471
22.782,-0.304113
22.784,-0.297546
22.786,-0.264398
22.788,-0.241409
22.79,-0.226421
22.792,-0.217573
22.794,-0.213298
22.796,-0.212316
22.798,-0.213602
22.8,-0.216358
22.802,-0.219978
22.804,-0.224015
22.806,-0.228153
22.808,-0.150426
22.81,-0.100591
22.812,-0.0718358
22.814,-0.0585255
22.816,-0.0561118
22.818,-0.0610121
22.82,-0.0704756
22.822,-0.0824495
22.824,-0.0954519
22.826,-0.108457
22.828,-0.120794
22.83,-0.132061
22.832,-0.142056
22.834,-0.150715
22.836,-0.158073
22.838,-0.164221
22.84,-0.169287
22.842,-0.173413
22.844,-0.149256
22.846,-0.13367
22.848,-0.124661
22.85,-0.120551
22.852,-0.119966
22.854,-0.121806
22.856,-0.125215
22.858,-0.129541
22.86,-0.216056
22.862,-0.274529
22.864,-0.311466
22.866,-0.304835
22.868,-0.295816
22.87,-0.285855
22.872,-0.27594
22.874,-0.266709
22.876,-0.258534
22.878,-0.251594
22.88,-0.245931
22.882,-0.241498
22.884,-0.238193
22.886,-0.235879
22.888,-0.234412
22.89,-0.233645
22.892,-0.233442
22.894,-0.206192
22.896,-0.188504
22.898,-0.178168
22.9,-0.173323
22.902,-0.172439
22.904,-0.174292
22.906,-0.177925
22.908,-0.18261
22.91,-0.187808
22.912,-0.193137
22.914,-0.198336
22.916,-0.203241
22.918,-0.207758
22.92,-0.184356
22.922,-0.169747
22.924,-0.16183
22.926,-0.158851
22.928,-0.159381
22.93,-0.162288
22.932,-0.166693
22.934,-0.171935
22.936,-0.177532
22.938,-0.183144
22.94,-0.161061
22.942,-0.14786
22.944,-0.141349
22.946,-0.139711
22.948,-0.141485
22.95,-0.227268
22.952,-0.286284
22.954,-0.324611
22.956,-0.347377
22.958,-0.331312
22.96,-0.31652
22.962,-0.303535
22.964,-0.292596
22.966,-0.283738
22.968,-0.27686
22.97,-0.271778
22.972,-0.268267
22.974,-0.266086
22.976,-0.265001
22.978,-0.26479
22.98,-0.265258
22.982,-0.266235
22.984,-0.267579
22.986,-0.269172
22.988,-0.270922
22.99,-0.272755
22.992,-0.24713
22.994,-0.230723
22.996,-0.221387
22.998,-0.217317
23,-0.217032
23.002,-0.21935
23.004,-0.223348
23.006,-0.146572
23.008,-0.0983981
23.01,-0.0717239
23.012,-0.0606999
23.014,-0.0606242
23.016,-0.0678096
23.018,-0.0794385
23.02,-0.0934198
23.022,-0.108254
23.024,-0.122913
23.026,-0.136732
23.028,-0.149322
23.03,-0.160497
23.032,-0.170211
23.034,-0.178515
23.036,-0.185518
23.038,-0.191361
23.04,-0.196199
23.042,-0.200188
23.044,-0.203474
23.046,-0.206189
23.048,-0.180962
23.05,-0.164609
23.052,-0.155093
23.054,-0.150693
23.056,-0.149994
23.058,-0.151859
23.06,-0.155398
23.062,-0.159933
23.064,-0.164959
23.066,-0.17012
23.068,-0.175169
23.07,-0.179949
23.072,-0.156884
23.074,-0.142649
23.076,-0.135116
23.078,-0.132514
23.08,-0.133405
23.082,-0.136647
23.084,-0.14136
23.086,-0.14688
23.088,-0.152728
23.09,-0.158566
23.092,-0.136685
23.094,-0.123665
23.096,-0.117317
23.098,-0.115828
23.1,-0.117736
23.102,-0.121891
23.104,-0.127411
23.106,-0.133637
23.108,-0.140098
23.11,-0.200731
23.112,-0.24215
23.114,-0.268846
23.116,-0.284574
23.118,-0.292394
23.12,-0.294743
23.122,-0.293511
23.124,-0.262643
23.126,-0.239904
23.128,-0.223916
23.13,-0.213392
23.132,-0.207176
23.134,-0.204267
23.136,-0.203818
23.138,-0.205132
23.14,-0.180166
23.142,-0.165197
23.144,-0.157775
23.146,-0.155866
23.148,-0.157827
23.15,-0.162362
23.152,-0.168473
23.154,-0.175416
23.156,-0.182654
23.158,-0.189813
23.16,-0.169165
23.162,-0.15728
23.164,-0.151965
23.166,-0.233166
23.168,-0.289534
23.17,-0.326665
23.172,-0.349286
23.174,-0.361295
23.176,-0.365828
23.178,-0.365344
23.18,-0.361728
23.182,-0.356379
23.184,-0.350303
23.186,-0.316707
23.188,-0.292757
23.19,-0.2766
23.192,-0.26658
23.194,-0.261265
23.196,-0.259452
23.198,-0.260151
23.2,-0.262571
23.202,-0.266095
23.204,-0.188503
23.206,-0.139339
23.208,-0.111623
23.21,-0.0995859
23.212,-0.0985782
23.214,-0.104941
23.216,-0.11587
23.218,-0.129275
23.22,-0.143649
23.222,-0.157954
23.224,-0.171513
23.226,-0.183922
23.228,-0.19498
23.23,-0.204631
23.232,-0.212913
23.234,-0.219925
23.236,-0.225801
23.238,-0.230688
23.24,-0.234737
23.242,-0.238089
23.244,-0.240874
23.246,-0.243205
23.248,-0.24518
23.25,-0.165127
23.252,-0.113004
23.254,-0.082128
23.256,-0.0669378
23.258,-0.0629193
23.26,-0.0664961
23.262,-0.0749055
23.264,-0.0860711
23.266,-0.0984815
23.268,-0.111079
23.27,-0.123161
23.272,-0.134298
23.274,-0.144259
23.276,-0.152958
23.278,-0.16041
23.28,-0.166692
23.282,-0.171916
23.284,-0.176217
23.286,-0.179729
23.288,-0.182585
23.29,-0.184905
23.292,-0.186795
23.294,-0.18835
23.296,-0.189645
23.298,-0.190744
23.3,-0.164212
23.302,-0.0650525
23.304,-0.00106794
23.306,0.0362418
23.308,0.0539307
23.31,0.0577104
23.312,0.0520941
23.314,0.0405586
23.316,0.025708
23.318,0.00943047
23.32,-0.00695929
23.322,-0.0225948
23.324,-0.0369508
23.326,-0.0497539
23.328,-0.060911
23.33,-0.070451
23.332,-0.0784814
23.334,-0.0576679
23.336,-0.0448999
23.338,-0.0382354
23.34,-0.0360573
23.342,-0.0370523
23.344,-0.0401801
23.346,-0.0446374
23.348,-0.0498208
23.35,-0.055292
23.352,-0.0607452
23.354,-0.065978
23.356,-0.0708678
23.358,-0.0753504
23.36,-0.0794036
23.362,-0.0830343
23.364,-0.0587808
23.366,-0.0433953
23.368,-0.0347997
23.37,-0.0312494
23.372,-0.0313164
23.374,-0.115612
23.376,-0.173357
23.378,-0.210614
23.38,-0.232491
23.382,-0.243181
23.384,-0.246049
23.386,-0.243726
23.388,-0.238217
23.39,-0.231006
23.392,-0.195668
23.394,-0.169644
23.396,-0.151281
23.398,-0.13906
23.4,-0.131642
23.402,-0.127877
23.404,-0.126805
23.406,-0.127643
23.408,-0.12977
23.41,-0.132706
23.412,-0.0543361
23.414,-0.00428748
23.416,0.0243614
23.418,0.0373358
23.42,0.0392568
23.422,0.0612511
23.424,0.0693971
23.426,0.0678991
23.428,0.0600493
23.43,0.0483579
23.432,0.0346837
23.434,0.0203554
23.436,0.0062805
23.438,-0.00695895
23.44,-0.0190265
23.442,-0.0297649
23.444,-0.0116558
23.446,-0.00146789
23.448,0.00281388
23.45,0.00284394
23.452,-5.23958e-05
23.454,-0.0048398
23.456,-0.0107309
23.458,-0.0171448
23.46,-0.0236682
23.462,-0.0300209
23.464,-0.0360252
23.466,-0.0415807
23.468,-0.0466431
23.47,-0.0237206
23.472,-0.00955057
23.474,-0.00205062
23.476,0.000520586
23.478,-0.000416858
23.48,-0.00373308
23.482,-0.00855165
23.484,-0.0142112
23.486,-0.0202282
23.488,-0.0262627
23.49,-0.0320876
23.492,-0.0375625
23.494,-0.0151248
23.496,-0.00146135
23.498,0.0055441
23.5,0.00765458
23.502,0.0063024
23.504,0.0026229
23.506,-0.00250679
23.508,-0.00842774
23.51,-0.0146607
23.512,-0.0208711
23.514,0.000649334
23.516,0.0133192
23.518,0.0193282
23.52,0.0204879
23.522,0.0182598
23.524,0.0137944
23.526,0.00797395
23.528,0.00145564
23.53,0.0221993
23.532,0.0338147
23.534,0.0386327
23.536,0.0385647
23.538,0.0351403
23.54,0.029553
23.542,0.0227093
23.544,0.0152772
23.546,0.00773106
23.548,0.000391819
23.55,-0.00653774
23.552,0.0145432
23.554,0.0269677
23.556,0.0328596
23.558,0.0339802
23.56,0.0317546
23.562,0.0273076
23.564,0.021504
23.566,0.0149902
23.568,0.00823332
23.57,0.00155674
23.572,-0.00482808
23.574,-0.010795
23.576,0.0112062
23.578,0.0244777
23.58,0.0311271
23.582,0.0329099
23.584,0.0312527
23.586,0.0272862
23.588,0.021884
23.59,0.0157023
23.592,0.00921847
23.594,0.0302525
23.596,0.0423087
23.598,0.0476402
23.6,0.0481042
23.602,0.0451935
23.604,0.0400787
23.606,0.0336538
23.608,0.0265816
23.61,0.0193363
23.612,0.0122422
23.614,0.0329942
23.616,0.0449963
23.618,0.0504238
23.62,0.0510742
23.622,0.0483968
23.624,0.0435311
23.626,0.0373499
23.628,0.0305026
23.63,0.105208
23.632,0.151894
23.634,0.177506
23.636,0.187767
23.638,0.18728
23.64,0.207146
23.642,0.213413
23.644,0.210251
23.646,0.200922
23.648,0.187907
23.65,0.173038
23.652,0.157622
23.654,0.142547
23.656,0.128378
23.658,0.11544
23.66,0.103879
23.662,0.0937182
23.664,0.0848997
23.666,0.0773143
23.668,0.180065
23.67,0.246397
23.672,0.285023
23.674,0.303196
23.676,0.306807
23.678,0.300527
23.68,0.287967
23.682,0.271841
23.684,0.254125
23.686,0.236204
23.688,0.246484
23.69,0.248814
23.692,0.245613
23.694,0.23878
23.696,0.229766
23.698,0.219649
23.7,0.236686
23.702,0.244688
23.704,0.246116
23.706,0.242953
23.708,0.236761
23.71,0.228738
23.712,0.219774
23.714,0.237999
23.716,0.247139
23.718,0.249599
23.72,0.247335
23.722,0.241898
23.724,0.234487
23.726,0.25349
23.728,0.262845
23.73,0.265129
23.732,0.262434
23.734,0.283898
23.736,0.29408
23.738,0.296055
23.74,0.292301
23.742,0.312256
23.744,0.320698
23.746,0.320859
23.748,0.315325
23.75,0.333603
23.752,0.34051
23.754,0.339298
23.756,0.332556
23.758,0.240545
23.76,0.202166
23.762,0.175083
23.764,0.156597
23.766,0.171967
23.768,0.182672
23.77,0.216897
23.772,0.238617
23.774,0.250602
23.776,0.255221
23.778,0.281936
23.78,0.213884
23.782,0.164348
23.784,0.129362
23.786,0.133016
23.788,0.135764
23.79,0.13742
23.792,0.165425
23.794,0.183113
23.796,0.192708
23.798,0.22362
23.8,0.240749
23.802,0.247539
23.804,0.246834
23.806,0.186662
23.808,0.141998
23.81,0.109607
23.812,0.0866984
23.814,0.0984185
23.816,0.106135
23.818,0.110435
23.82,0.111909
23.822,0.138605
23.824,0.154311
23.826,0.161588
23.828,0.190084
23.83,0.20486
23.832,0.209461
23.834,0.206787
23.836,0.199155
23.838,0.215858
23.84,0.221545
23.842,0.219341
23.844,0.211743
23.846,0.200698
23.848,0.21517
23.85,0.219529
23.852,0.216665
23.854,0.208885
23.856,0.225472
23.858,0.231068
23.86,0.228791
23.862,0.248622
23.864,0.255785
23.866,0.253876
23.868,0.245766
23.87,0.233691
23.872,0.246835
23.874,0.24973
23.876,0.245378
23.878,0.236161
23.88,0.223923
23.882,0.237535
23.884,0.24129
23.886,0.238013
23.888,0.257444
23.89,0.264621
23.892,0.26299
23.894,0.2828
23.896,0.28949
23.898,0.28682
23.9,0.196034
23.902,0.156838
23.904,0.127543
23.906,0.105954
23.908,0.0902235
23.91,0.0788312
23.912,0.0980414
23.914,0.110179
23.916,0.116629
23.918,0.118632
23.92,0.144748
23.922,0.159167
23.924,0.164749
23.926,0.191362
23.928,0.204221
23.93,0.206972
23.932,0.202581
23.934,0.193401
23.936,0.181247
23.938,0.194975
23.94,0.198861
23.942,0.19572
23.944,0.187799
23.946,0.176846
23.948,0.164186
23.95,0.178278
23.952,0.264846
23.954,0.31658
23.956,0.342291
23.958,0.349209
23.96,0.370609
23.962,0.374294
23.964,0.365823
23.966,0.34952
23.968,0.32866
23.97,0.333136
23.972,0.327933
23.974,0.316319
23.976,0.3008
23.978,0.283244
23.98,0.292485
23.982,0.292737
23.984,0.286723
23.986,0.276588
23.988,0.263977
23.99,0.250117
23.992,0.263375
23.994,0.267644
23.996,0.265438
23.998,0.258775
24,0.276724
24.002,0.283775
24.004,0.282939
24.006,0.276642
24.008,0.294271
24.01,0.300567
24.012,0.298727
24.014,0.291313
24.016,0.307808
24.018,0.313016
24.02,0.310173
24.022,0.301862
24.024,0.290087
24.026,0.303853
24.028,0.307555
24.03,0.304098
24.032,0.295792
24.034,0.31192
24.036,0.317124
24.038,0.314513
24.04,0.306574
24.042,0.32273
24.044,0.327732
24.046,0.324777
24.048,0.316414
24.05,0.332112
24.052,0.336656
24.054,0.251512
24.056,0.189133
24.058,0.17226
24.06,0.160076
24.062,0.151254
24.064,0.144755
24.066,0.16727
24.068,0.181494
24.07,0.18912
24.072,0.191643
24.074,0.217825
24.076,0.232012
24.078,0.237184
24.08,0.235811
24.082,0.229884
24.084,0.248461
24.086,0.256031
24.088,0.255611
24.09,0.249634
24.092,0.240015
24.094,0.22822
24.096,0.242829
24.098,0.247909
24.1,0.24612
24.102,0.239597
24.104,0.230014
24.106,0.246134
24.108,0.252186
24.11,0.250962
24.112,0.244711
24.114,0.262681
24.116,0.269501
24.118,0.268289
24.12,0.343297
24.122,0.38659
24.124,0.406394
24.126,0.4369
24.128,0.446722
24.13,0.442113
24.132,0.427978
24.134,0.408069
24.136,0.385168
24.138,0.388759
24.14,0.383492
24.142,0.372372
24.144,0.357698
24.146,0.341187
24.148,0.35156
24.15,0.352951
24.152,0.348031
24.154,0.366402
24.156,0.372973
24.158,0.289333
24.16,0.228042
24.162,0.184448
24.164,0.182015
24.166,0.180646
24.168,0.179686
24.17,0.1787
24.172,0.177419
24.174,0.203185
24.176,0.219224
24.178,0.227657
24.18,0.230313
24.182,0.228721
24.184,0.251619
24.186,0.263287
24.188,0.266618
24.19,0.263982
24.192,0.257276
24.194,0.275464
24.196,0.282952
24.198,0.282683
24.2,0.277031
24.202,0.267857
24.204,0.256589
24.206,0.353523
24.208,0.412812
24.21,0.443833
24.212,0.454311
24.214,0.450455
24.216,0.437136
24.218,0.418074
24.22,0.423518
24.222,0.418729
24.224,0.407185
24.226,0.391546
24.228,0.373791
24.23,0.382828
24.232,0.382917
24.234,0.37681
24.236,0.366665
24.238,0.381615
24.24,0.386166
24.242,0.383311
24.244,0.375434
24.246,0.282635
24.248,0.243691
24.25,0.216174
24.252,0.197323
24.254,0.184861
24.256,0.176957
24.258,0.199658
24.26,0.215146
24.262,0.224717
24.264,0.229567
24.266,0.230752
24.268,0.256669
24.27,0.27136
24.272,0.277564
24.274,0.277558
24.276,0.273191
24.278,0.293412
24.28,0.302633
24.282,0.30382
24.284,0.299374
24.286,0.291189
24.288,0.280726
24.29,0.269075
24.292,0.28451
24.294,0.290864
24.296,0.290612
24.298,0.367508
24.3,0.413235
24.302,0.43574
24.304,0.441527
24.306,0.435791
24.308,0.450065
24.31,0.450704
24.312,0.442088
24.314,0.427605
24.316,0.409808
24.318,0.418047
24.32,0.416912
24.322,0.409391
24.324,0.397807
24.326,0.383915
24.328,0.396489
24.33,0.39972
24.332,0.396335
24.334,0.388499
24.336,0.296137
24.338,0.257888
24.34,0.231217
24.342,0.213286
24.344,0.201762
24.346,0.194776
24.348,0.190864
24.35,0.216395
24.352,0.233825
24.354,0.24468
24.356,0.250338
24.358,0.252003
24.36,0.250697
24.362,0.274751
24.364,0.288128
24.366,0.293482
24.368,0.293008
24.37,0.288478
24.372,0.281287
24.374,0.299992
24.376,0.308672
24.378,0.31002
24.38,0.306217
24.382,0.298988
24.384,0.289662
24.386,0.360984
24.388,0.403783
24.39,0.452781
24.392,0.477192
24.394,0.483878
24.396,0.478325
24.398,0.464812
24.4,0.446587
24.402,0.426047
24.404,0.40489
24.406,0.38427
24.408,0.392404
24.41,0.392987
24.412,0.388321
24.414,0.380214
24.416,0.370051
24.418,0.358859
24.42,0.374864
24.422,0.381856
24.424,0.382281
24.426,0.378116
24.428,0.37092
24.43,0.389379
24.432,0.39767
24.434,0.398557
24.436,0.394273
24.438,0.386578
24.44,0.37682
24.442,0.366007
24.444,0.382351
24.446,0.389636
24.448,0.390306
24.45,0.386341
24.452,0.379303
24.454,0.370396
24.456,0.360518
24.458,0.377807
24.46,0.385998
24.462,0.387504
24.464,0.384289
24.466,0.377909
24.468,0.369569
24.47,0.387659
24.472,0.314372
24.474,0.262177
24.476,0.226431
24.478,0.203185
24.48,0.216657
24.482,0.227486
24.484,0.235703
24.486,0.24149
24.488,0.245111
24.49,0.246874
24.492,0.247092
24.494,0.246065
24.496,0.271554
24.498,0.287087
24.5,0.294987
24.502,0.378966
24.504,0.430737
24.506,0.458324
24.508,0.468332
24.51,0.46607
24.512,0.455699
24.514,0.440399
24.516,0.422528
24.518,0.403776
24.52,0.412786
24.522,0.41359
24.524,0.408742
24.526,0.400236
24.528,0.389588
24.53,0.377916
24.532,0.366017
24.534,0.354427
24.536,0.370977
24.538,0.379142
24.54,0.381127
24.542,0.378727
24.544,0.373373
24.546,0.366169
24.548,0.385437
24.55,0.395071
24.552,0.397616
24.554,0.395144
24.556,0.389298
24.558,0.38135
24.56,0.372256
24.562,0.362712
24.564,0.353205
24.566,0.344057
24.568,0.362954
24.57,0.373282
24.572,0.377197
24.574,0.376478
24.576,0.372554
24.578,0.366547
24.58,0.359314
24.582,0.35149
24.584,0.34353
24.586,0.335745
24.588,0.328334
24.59,0.348899
24.592,0.360778
24.594,0.366099
24.596,0.36663
24.598,0.445555
24.6,0.494113
24.602,0.519909
24.604,0.529197
24.606,0.526992
24.608,0.517221
24.61,0.530363
24.612,0.531918
24.614,0.525589
24.616,0.514244
24.618,0.500044
24.62,0.484569
24.622,0.468928
24.624,0.481346
24.626,0.485565
24.628,0.48395
24.63,0.478383
24.632,0.470324
24.634,0.460873
24.636,0.450834
24.638,0.468261
24.64,0.476814
24.642,0.397093
24.644,0.340902
24.646,0.303022
24.648,0.279023
24.65,0.265241
24.652,0.286203
24.654,0.302864
24.656,0.315549
24.658,0.324709
24.66,0.330843
24.662,0.334457
24.664,0.363518
24.666,0.381746
24.668,0.391641
24.67,0.395313
24.672,0.394501
24.674,0.390598
24.676,0.384695
24.678,0.405112
24.68,0.415747
24.682,0.419158
24.684,0.417432
24.686,0.412228
24.688,0.404832
24.69,0.396216
24.692,0.387087
24.694,0.405433
24.696,0.414869
24.698,0.417719
24.7,0.415882
24.702,0.410869
24.704,0.403851
24.706,0.395715
24.708,0.387109
24.71,0.37849
24.712,0.370162
24.714,0.389801
24.716,0.400794
24.718,0.4053
24.72,0.405101
24.722,0.401635
24.724,0.396032
24.726,0.389156
24.728,0.381649
24.73,0.401461
24.732,0.41219
24.734,0.416161
24.736,0.41528
24.738,0.411072
24.74,0.404728
24.742,0.397152
24.744,0.38901
24.746,0.408262
24.748,0.418513
24.75,0.422083
24.752,0.420874
24.754,0.416401
24.756,0.409848
24.758,0.40211
24.76,0.393845
24.762,0.385518
24.764,0.377443
24.766,0.397304
24.768,0.408492
24.77,0.413173
24.772,0.413134
24.774,0.409816
24.776,0.404351
24.778,0.397605
24.78,0.390222
24.782,0.382666
24.784,0.375254
24.786,0.36819
24.788,0.361594
24.79,0.38301
24.792,0.395735
24.794,0.40187
24.796,0.403168
24.798,0.401051
24.8,0.396647
24.802,0.390826
24.804,0.384243
24.806,0.377373
24.808,0.370548
24.81,0.363988
24.812,0.385313
24.814,0.479628
24.816,0.539184
24.818,0.572496
24.82,0.586607
24.822,0.587201
24.824,0.578754
24.826,0.564699
24.828,0.5476
24.83,0.529304
24.832,0.538577
24.834,0.539536
24.836,0.534797
24.838,0.526398
24.84,0.515881
24.842,0.504379
24.844,0.492693
24.846,0.481363
24.848,0.498215
24.85,0.506719
24.852,0.427322
24.854,0.371705
24.856,0.334553
24.858,0.311365
24.86,0.298426
24.862,0.292739
24.864,0.291949
24.866,0.321737
24.868,0.34404
24.87,0.360007
24.872,0.370754
24.874,0.37731
24.876,0.380591
24.878,0.381386
24.88,0.407842
24.882,0.423782
24.884,0.431757
24.886,0.433886
24.888,0.431891
24.89,0.427133
24.892,0.420665
24.894,0.413273
24.896,0.433018
24.898,0.443581
24.9,0.447346
24.902,0.446257
24.904,0.441865
24.906,0.435377
24.908,0.427704
24.91,0.419512
24.912,0.411274
24.914,0.403305
24.916,0.395801
24.918,0.416358
24.92,0.428301
24.922,0.433748
24.924,0.434456
24.926,0.431845
24.928,0.427036
24.93,0.420889
24.932,0.41405
24.934,0.406982
24.936,0.400007
24.938,0.393336
24.94,0.387093
24.942,0.381341
24.944,0.403584
24.946,0.417094
24.948,0.42396
24.95,0.425924
24.952,0.424408
24.954,0.420543
24.956,0.415204
24.958,0.40905
24.96,0.402563
24.962,0.396082
24.964,0.389832
24.966,0.411439
24.968,0.424259
24.97,0.430441
24.972,0.431767
24.974,0.42968
24.976,0.425322
24.978,0.419569
24.98,0.41308
24.982,0.406329
24.984,0.399647
24.986,0.393249
24.988,0.414753
24.99,0.427508
24.992,0.433653
24.994,0.434964
24.996,0.43288
24.998,0.428536
25,0.504558
25.002,0.551709
25.004,0.577197
25.006,0.586954
25.008,0.585739
25.01,0.577281
25.012,0.564424
25.014,0.549275
25.016,0.533344
25.018,0.545147
25.02,0.548633
25.022,0.546306
25.024,0.540133
25.026,0.531624
25.028,0.521899
25.03,0.511765
25.032,0.420026
25.034,0.356931
25.036,0.315955
25.038,0.2916
25.04,0.306833
25.042,0.321311
25.044,0.334316
25.046,0.345471
25.048,0.354641
25.05,0.361857
25.052,0.367255
25.054,0.371033
25.056,0.373416
25.058,0.402121
25.06,0.420651
25.062,0.431328
25.064,0.436116
25.066,0.436633
25.068,0.434185
25.07,0.429793
25.072,0.42424
25.074,0.418107
25.076,0.41181
25.078,0.405633
25.08,0.399761
25.082,0.421788
25.084,0.435046
25.086,0.441667
25.088,0.443422
25.09,0.441746
25.092,0.437776
25.094,0.432388
25.096,0.426238
25.098,0.419803
25.1,0.413413
25.102,0.407288
25.104,0.401559
25.106,0.396294
25.108,0.391515
25.11,0.387212
25.112,0.383357
25.114,0.461661
25.116,0.539674
25.118,0.587368
25.12,0.61242
25.122,0.621119
25.124,0.618498
25.126,0.608481
25.128,0.594051
25.13,0.577406
25.132,0.560109
25.134,0.543221
25.136,0.527415
25.138,0.513073
25.14,0.500366
25.142,0.489318
25.144,0.479854
25.146,0.471841
25.148,0.410848
25.15,0.369874
25.152,0.34413
25.154,0.329636
25.156,0.323172
25.158,0.322188
25.16,0.324717
25.162,0.329286
25.164,0.334821
25.166,0.36806
25.168,0.391791
25.17,0.407828
25.172,0.417797
25.174,0.423106
25.176,0.424942
25.178,0.424281
25.18,0.421905
25.182,0.418424
25.184,0.414304
25.186,0.409888
25.188,0.405421
25.19,0.401069
25.192,0.396937
25.194,0.393085
25.196,0.389539
25.198,0.41379
25.2,0.510861
25.202,0.572958
25.204,0.608576
25.206,0.624757
25.208,0.627196
25.21,0.620387
25.212,0.607785
25.214,0.591978
25.216,0.574836
25.218,0.557659
25.22,0.541298
25.222,0.52627
25.224,0.512838
25.226,0.501087
25.228,0.490984
25.23,0.482415
25.232,0.502712
25.234,0.514982
25.236,0.439414
25.238,0.387516
25.24,0.353862
25.242,0.333891
25.244,0.323861
25.246,0.320774
25.248,0.322291
25.25,0.326627
25.252,0.332468
25.254,0.338872
25.256,0.372686
25.258,0.396783
25.26,0.413046
25.262,0.423152
25.264,0.428545
25.266,0.430442
25.268,0.429835
25.27,0.427518
25.272,0.424109
25.274,0.420078
25.276,0.415767
25.278,0.411422
25.28,0.407205
25.282,0.430708
25.284,0.44527
25.286,0.453035
25.288,0.455791
25.29,0.454992
25.292,0.451791
25.294,0.447083
25.296,0.441538
25.298,0.435646
25.3,0.42975
25.302,0.424079
25.304,0.41877
25.306,0.441386
25.308,0.455237
25.31,0.462437
25.312,0.464747
25.314,0.463597
25.316,0.460119
25.318,0.455191
25.32,0.449469
25.322,0.443431
25.324,0.437411
25.326,0.431631
25.328,0.344472
25.33,0.285897
25.332,0.249194
25.334,0.256242
25.336,0.26575
25.338,0.276201
25.34,0.286558
25.342,0.296154
25.344,0.304606
25.346,0.311731
25.348,0.317489
25.35,0.321938
25.352,0.32519
25.354,0.327392
25.356,0.3287
25.358,0.329271
25.36,0.329251
25.362,0.410524
25.364,0.463311
25.366,0.494447
25.368,0.509611
25.37,0.513414
25.372,0.509503
25.374,0.500696
25.376,0.489108
25.378,0.476279
25.38,0.463282
25.382,0.450832
25.384,0.439363
25.386,0.429108
25.388,0.42015
25.39,0.412475
25.392,0.406
25.394,0.400609
25.396,0.396166
25.398,0.392529
25.4,0.389566
25.402,0.387151
25.404,0.385176
25.406,0.383545
25.408,0.38218
25.41,0.381016
25.412,0.380001
25.414,0.379094
25.416,0.378265
25.418,0.37749
25.42,0.376752
25.422,0.376042
25.424,0.375349
25.426,0.374671
25.428,0.374004
25.43,0.373347
25.432,0.372701
25.434,0.372065
25.436,0.371441
25.438,0.37083
25.44,0.370232
25.442,0.369648
25.444,0.36908
25.446,0.450278
25.448,0.503353
25.45,0.535041
25.452,0.550943
25.454,0.555604
25.456,0.552623
25.458,0.544781
25.46,0.534164
25.462,0.52229
25.464,0.510222
25.466,0.498665
25.468,0.488048
25.47,0.478603
25.472,0.388661
25.474,0.3281
25.476,0.290105
25.478,0.268959
25.48,0.259984
25.482,0.259443
25.484,0.264425
25.486,0.272721
25.488,0.310191
25.49,0.338964
25.492,0.360376
25.494,0.37572
25.496,0.386184
25.498,0.39282
25.5,0.396535
25.502,0.398085
25.504,0.398088
25.506,0.397038
25.508,0.395315
25.51,0.393208
25.512,0.39093
25.514,0.388628
25.516,0.386403
25.518,0.384316
25.52,0.382402
25.522,0.380675
25.524,0.379132
25.526,0.377766
25.528,0.376561
25.53,0.375499
25.532,0.456313
25.534,0.509093
25.536,0.54056
25.538,0.556298
25.54,0.56084
25.542,0.557775
25.544,0.549873
25.546,0.539213
25.548,0.52731
25.55,0.433468
25.552,0.36828
25.554,0.32544
25.556,0.299574
25.558,0.286219
25.56,0.281763
25.562,0.283345
25.564,0.288764
25.566,0.296367
25.568,0.304956
25.57,0.313692
25.572,0.322024
25.574,0.329613
25.576,0.336284
25.578,0.341971
25.58,0.346691
25.582,0.350508
25.584,0.353515
25.586,0.355818
25.588,0.357528
25.59,0.358749
25.592,0.359577
25.594,0.360099
25.596,0.360386
25.598,0.3605
25.6,0.360489
25.602,0.360395
25.604,0.360246
25.606,0.360067
25.608,0.359875
25.61,0.35968
25.612,0.359491
25.614,0.359314
25.616,0.35915
25.618,0.359002
25.62,0.358868
25.622,0.358749
25.624,0.358642
25.626,0.358547
25.628,0.358462
25.63,0.358386
25.632,0.358318
25.634,0.358255
25.636,0.358197
25.638,0.358144
25.64,0.358094
25.642,0.358047
25.644,0.358003
25.646,0.35796
25.648,0.357919
25.65,0.35788
25.652,0.357842
25.654,0.357805
25.656,0.35777
25.658,0.357735
25.66,0.357702
25.662,0.35767
25.664,0.357638
25.666,0.357608
25.668,0.357578
25.67,0.35755
25.672,0.357522
25.674,0.357495
25.676,0.357469
25.678,0.357444
25.68,0.35742
25.682,0.32991
25.684,0.31163
25.686,0.300461
25.688,0.294616
25.69,0.292627
25.692,0.293316
25.694,0.295761
25.696,0.299261
25.698,0.303296
25.7,0.307497
25.702,0.311611
25.704,0.315477
25.706,0.319001
25.708,0.322143
25.71,0.324893
25.712,0.327269
25.714,0.329301
25.716,0.331026
25.718,0.332485
25.72,0.333719
25.722,0.334766
25.724,0.335661
25.726,0.336432
25.728,0.337107
25.73,0.337706
25.732,0.338246
25.734,0.338741
25.736,0.339201
25.738,0.339635
25.74,0.340049
25.742,0.340446
25.744,0.340831
25.746,0.341205
25.748,0.341569
25.75,0.341924
25.752,0.34227
25.754,0.342608
25.756,0.342937
25.758,0.343258
25.76,0.34357
25.762,0.343873
25.764,0.344168
25.766,0.344454
25.768,0.344731
25.77,0.344999
25.772,0.345259
25.774,0.34551
25.776,0.345753
25.778,0.345988
25.78,0.264463
25.782,0.21107
25.784,0.179073
25.786,0.162871
25.788,0.157919
25.79,0.160617
25.792,0.168187
25.794,0.17854
25.796,0.190159
25.798,0.201981
25.8,0.213301
25.802,0.223688
25.804,0.232912
25.806,0.240888
25.808,0.329383
25.81,0.388583
25.812,0.425338
25.814,0.445384
25.816,0.453403
25.818,0.453126
25.82,0.447453
25.822,0.411093
25.824,0.382374
25.826,0.360315
25.828,0.343897
25.83,0.332136
25.832,0.324121
25.834,0.319047
25.836,0.31622
25.838,0.315058
25.84,0.315088
25.842,0.315931
25.844,0.317292
25.846,0.318951
25.848,0.320744
25.85,0.322555
25.852,0.324309
25.854,0.325956
25.856,0.327471
25.858,0.328842
25.86,0.33007
25.862,0.331162
25.864,0.332129
25.866,0.332985
25.868,0.333744
25.87,0.252669
25.872,0.199664
25.874,0.168004
25.876,0.152098
25.878,0.147409
25.88,0.150345
25.882,0.158133
25.884,0.168689
25.886,0.180497
25.888,0.165013
25.89,0.158249
25.892,0.157655
25.894,0.161217
25.896,0.167381
25.898,0.174985
25.9,0.183185
25.902,0.191395
25.904,0.280981
25.906,0.31433
25.908,0.334775
25.91,0.345758
25.912,0.350053
25.914,0.34984
25.916,0.34679
25.918,0.314662
25.92,0.291071
25.922,0.274518
25.924,0.263621
25.926,0.257155
25.928,0.254064
25.93,0.253464
25.932,0.336387
25.934,0.392365
25.936,0.427689
25.938,0.420137
25.94,0.410724
25.942,0.400756
25.944,0.39111
25.946,0.382334
25.948,0.37473
25.95,0.368424
25.952,0.36342
25.954,0.359644
25.956,0.329486
25.958,0.309519
25.96,0.29747
25.962,0.291404
25.964,0.289715
25.966,0.291106
25.968,0.294549
25.97,0.299256
25.972,0.304636
25.974,0.310263
25.976,0.288352
25.978,0.275427
25.98,0.269251
25.982,0.267979
25.984,0.270125
25.986,0.27452
25.988,0.280271
25.99,0.286712
25.992,0.293367
25.994,0.299909
25.996,0.306126
25.998,0.311894
26,0.317153
26.002,0.294404
26.004,0.280379
26.006,0.272995
26.008,0.270511
26.01,0.27151
26.012,0.274865
26.014,0.279703
26.016,0.285366
26.018,0.291374
26.02,0.297389
26.022,0.303187
26.024,0.308629
26.026,0.313643
26.028,0.318199
26.03,0.322302
26.032,0.325976
26.034,0.329258
26.036,0.332191
26.038,0.307333
26.04,0.291443
26.042,0.282442
26.044,0.278578
26.046,0.278414
26.048,0.280799
26.05,0.284832
26.052,0.289831
26.054,0.29529
26.056,0.300851
26.058,0.306268
26.06,0.311389
26.062,0.316125
26.064,0.320438
26.066,0.324323
26.068,0.327797
26.07,0.330893
26.072,0.33365
26.074,0.33611
26.076,0.338313
26.078,0.340299
26.08,0.342103
26.082,0.343755
26.084,0.345281
26.086,0.264951
26.088,0.212676
26.09,0.181732
26.092,0.16653
26.094,0.162534
26.096,0.16615
26.098,0.174605
26.1,0.185814
26.102,0.198261
26.104,0.210886
26.106,0.222986
26.108,0.206642
26.11,0.198342
26.112,0.195883
26.114,0.197492
26.116,0.20178
26.118,0.207683
26.12,0.214414
26.122,0.221409
26.124,0.22828
26.126,0.234779
26.128,0.240762
26.13,0.246159
26.132,0.250956
26.134,0.227688
26.136,0.213114
26.138,0.205171
26.14,0.202133
26.142,0.202592
26.144,0.205427
26.146,0.209769
26.148,0.214961
26.15,0.220524
26.152,0.226119
26.154,0.204034
26.156,0.190845
26.158,0.184358
26.16,0.182755
26.162,0.184571
26.164,0.18865
26.166,0.194108
26.168,0.200282
26.17,0.206699
26.172,0.21303
26.174,0.219061
26.176,0.278931
26.178,0.319403
26.18,0.345078
26.182,0.359783
26.184,0.366629
26.186,0.368083
26.188,0.366051
26.19,0.361968
26.192,0.356881
26.194,0.324038
26.196,0.300646
26.198,0.284889
26.2,0.275145
26.202,0.27001
26.204,0.268303
26.206,0.269056
26.208,0.271493
26.21,0.247522
26.212,0.2334
26.214,0.226668
26.216,0.2253
26.218,0.227664
26.22,0.23248
26.222,0.238768
26.224,0.245802
26.226,0.253061
26.228,0.260188
26.23,0.266952
26.232,0.273219
26.234,0.25144
26.236,0.238316
26.238,0.231748
26.24,0.229989
26.242,0.231622
26.244,0.235525
26.246,0.240834
26.248,0.246899
26.25,0.25325
26.252,0.25956
26.254,0.265611
26.256,0.271273
26.258,0.276479
26.26,0.281207
26.262,0.285465
26.264,0.289281
26.266,0.292695
26.268,0.268265
26.27,0.252754
26.272,0.244087
26.274,0.240518
26.276,0.240614
26.278,0.24323
26.28,0.24747
26.282,0.252655
26.284,0.258283
26.286,0.263999
26.288,0.269561
26.29,0.274817
26.292,0.279681
26.294,0.284116
26.296,0.288117
26.298,0.291704
26.3,0.294908
26.302,0.29777
26.304,0.300331
26.306,0.302633
26.308,0.304714
26.31,0.224859
26.312,0.172988
26.314,0.142393
26.316,0.127494
26.318,0.123762
26.32,0.127614
26.322,0.136281
26.324,0.120198
26.326,0.114568
26.328,0.116215
26.33,0.122652
26.332,0.131981
26.334,0.142796
26.336,0.154092
26.338,0.165183
26.34,0.175629
26.342,0.185175
26.344,0.193702
26.346,0.201185
26.348,0.207666
26.35,0.185736
26.352,0.172212
26.354,0.165082
26.356,0.16267
26.358,0.163607
26.36,0.166808
26.362,0.171432
26.364,0.176846
26.366,0.1551
26.368,0.142588
26.37,0.136975
26.372,0.13634
26.374,0.220898
26.376,0.279551
26.378,0.31812
26.38,0.341529
26.382,0.353839
26.384,0.330835
26.386,0.311802
26.388,0.29659
26.39,0.284877
26.392,0.276248
26.394,0.270253
26.396,0.266445
26.398,0.264402
26.4,0.263745
26.402,0.236658
26.404,0.219578
26.406,0.210157
26.408,0.206422
26.41,0.206761
26.412,0.209887
26.414,0.214795
26.416,0.220728
26.418,0.19964
26.42,0.187852
26.422,0.182979
26.424,0.26482
26.426,0.321922
26.428,0.359805
26.43,0.383147
26.432,0.395816
26.434,0.40093
26.436,0.400944
26.438,0.370256
26.44,0.346985
26.442,0.330028
26.444,0.3183
26.446,0.31079
26.448,0.306597
26.45,0.30494
26.452,0.30516
26.454,0.224967
26.456,0.173818
26.458,0.144642
26.46,0.131581
26.462,0.1299
26.464,0.135867
26.466,0.146611
26.468,0.159989
26.47,0.17445
26.472,0.188919
26.474,0.20269
26.476,0.215339
26.478,0.22665
26.48,0.236555
26.482,0.245083
26.484,0.25233
26.486,0.258427
26.488,0.26352
26.49,0.267759
26.492,0.271286
26.494,0.274232
26.496,0.249225
26.498,0.23308
26.5,0.223759
26.502,0.219544
26.504,0.219018
26.506,0.221047
26.508,0.224742
26.51,0.229423
26.512,0.23459
26.514,0.239884
26.516,0.163308
26.518,0.114598
26.52,0.0869283
26.522,0.074656
26.524,0.0732287
26.526,0.0790626
26.528,0.0894081
26.53,0.102215
26.532,0.116004
26.534,0.129753
26.536,0.142794
26.538,0.154731
26.54,0.165363
26.542,0.17463
26.544,0.182569
26.546,0.189274
26.548,0.194874
26.55,0.199514
26.552,0.203339
26.554,0.206488
26.556,0.181598
26.558,0.165498
26.56,0.156163
26.562,0.151886
26.564,0.151262
26.566,0.153164
26.568,0.156713
26.57,0.161235
26.572,0.166235
26.574,0.171359
26.576,0.176364
26.578,0.153611
26.58,0.139728
26.582,0.132555
26.584,0.130299
26.586,0.131508
26.588,0.135034
26.59,0.139993
26.592,0.145723
26.594,0.124257
26.596,0.11198
26.598,0.188304
26.6,0.241421
26.602,0.27653
26.604,0.298035
26.606,0.309568
26.608,0.314058
26.61,0.313806
26.612,0.283089
26.614,0.259938
26.616,0.243179
26.618,0.231679
26.62,0.224398
26.622,0.22041
26.624,0.218923
26.626,0.219273
26.628,0.22092
26.63,0.223432
26.632,0.226477
26.634,0.229803
26.636,0.20574
26.638,0.190876
26.64,0.183005
26.642,0.180288
26.644,0.181229
26.646,0.184641
26.648,0.189603
26.65,0.195425
26.652,0.201602
26.654,0.20778
26.656,0.213726
26.658,0.219296
26.66,0.196926
26.662,0.183305
26.664,0.176319
26.666,0.174207
26.668,0.175541
26.67,0.179189
26.672,0.184276
26.674,0.190147
26.676,0.196324
26.678,0.202474
26.68,0.208379
26.682,0.213903
26.684,0.218978
26.686,0.196094
26.688,0.181972
26.69,0.174523
26.692,0.171999
26.694,0.172975
26.696,0.258072
26.698,0.316521
26.7,0.354398
26.702,0.376821
26.704,0.387996
26.706,0.391299
26.708,0.389367
26.71,0.384216
26.712,0.377334
26.714,0.36979
26.716,0.362311
26.718,0.355368
26.72,0.26748
26.722,0.208668
26.724,0.172227
26.726,0.152517
26.728,0.144912
26.73,0.145712
26.732,0.152028
26.734,0.161661
26.736,0.172989
26.738,0.184858
26.74,0.196482
26.742,0.20736
26.744,0.217207
26.746,0.225891
26.748,0.233392
26.75,0.239759
26.752,0.245089
26.754,0.2495
26.756,0.253119
26.758,0.174319
26.76,0.123111
26.762,0.0928643
26.764,0.0780689
26.766,0.0742581
26.768,0.0778972
26.77,0.0862591
26.772,0.0972975
26.774,0.109525
26.776,0.121904
26.778,0.133747
26.78,0.117147
26.782,0.108599
26.784,0.105905
26.786,0.107294
26.788,0.111378
26.79,0.117095
26.792,0.123654
26.794,0.130492
26.796,0.137219
26.798,0.143585
26.8,0.149445
26.802,0.154729
26.804,0.159419
26.806,0.163538
26.808,0.167127
26.81,0.170242
26.812,0.172942
26.814,0.175288
26.816,0.177336
26.818,0.179138
26.82,0.180739
26.822,0.182179
26.824,0.156001
26.826,0.13895
26.828,0.128926
26.83,0.12416
26.832,0.123197
26.834,0.124867
26.836,0.128256
26.838,0.132669
26.84,0.137589
26.842,0.142648
26.844,0.120109
26.846,0.106528
26.848,0.0996931
26.85,0.0977763
26.852,0.0993016
26.854,0.103107
26.856,0.108303
26.858,0.114224
26.86,0.120394
26.862,0.098995
26.864,0.0865305
26.866,0.0807546
26.868,0.16157
26.87,0.217601
26.872,0.254419
26.874,0.276738
26.876,0.288448
26.878,0.292676
26.88,0.291883
26.882,0.287949
26.884,0.282277
26.886,0.248386
26.888,0.223689
26.89,0.206516
26.892,0.195351
26.894,0.188858
26.896,0.185897
26.898,0.185522
26.9,0.186963
26.902,0.189615
26.904,0.193009
26.906,0.196793
26.908,0.200715
26.91,0.204597
26.912,0.208322
26.914,0.211822
26.916,0.215059
26.918,0.218023
26.92,0.193232
26.922,0.177418
26.924,0.168484
26.926,0.164668
26.928,0.164526
26.93,0.166907
26.932,0.170909
26.934,0.175853
26.936,0.181236
26.938,0.186703
26.94,0.192013
26.942,0.197016
26.944,0.201626
26.946,0.205809
26.948,0.20956
26.95,0.2129
26.952,0.215863
26.954,0.218489
26.956,0.220819
26.958,0.19541
26.96,0.179017
26.962,0.169556
26.964,0.16527
26.966,0.164717
26.968,0.0849901
26.97,0.0350768
26.972,0.00755345
26.974,-0.00368939
26.976,-0.00355864
26.978,0.00410045
26.98,0.0163523
26.982,0.0310202
26.984,0.0465454
26.986,0.06186
26.988,0.0762765
26.99,0.0893941
26.992,0.101022
26.994,0.111116
26.996,0.119732
26.998,0.126986
27,0.133028
27.002,0.138021
27.004,0.142127
27.006,0.145501
27.008,0.120793
27.01,0.104843
27.012,0.0956331
27.014,0.0914632
27.016,0.0909342
27.018,0.0929238
27.02,0.0965533
27.022,0.101153
27.024,0.106229
27.026,0.111426
27.028,0.116505
27.03,0.121311
27.032,0.125756
27.034,0.129802
27.036,0.13344
27.038,0.136687
27.04,0.139572
27.042,0.142133
27.044,0.116923
27.046,0.100697
27.048,0.0913732
27.05,0.0871991
27.052,0.0867355
27.054,0.0888299
27.056,0.0925822
27.058,0.0973078
27.06,0.184254
27.062,0.243168
27.064,0.280545
27.066,0.301829
27.068,0.31148
27.07,0.28557
27.072,0.263591
27.074,0.245529
27.076,0.231147
27.078,0.220079
27.08,0.211893
27.082,0.206142
27.084,0.20239
27.086,0.200241
27.088,0.199338
27.09,0.199379
27.092,0.200108
27.094,0.201318
27.096,0.121093
27.098,0.0691952
27.1,0.038793
27.102,0.0242142
27.104,0.0208643
27.106,0.0251113
27.108,0.0341559
27.11,0.0459
27.112,0.0588211
27.114,0.071858
27.116,0.0843103
27.118,0.095752
27.12,0.10596
27.122,0.0873707
27.124,0.0767205
27.126,0.0719749
27.128,0.0714682
27.13,0.0738698
27.132,0.0781432
27.134,0.0835029
27.136,0.0893711
27.138,0.0953389
27.14,0.10113
27.142,0.106572
27.144,0.111567
27.146,0.116075
27.148,0.120093
27.15,0.123646
27.152,0.126771
27.154,0.129515
27.156,0.131928
27.158,0.134057
27.16,0.135949
27.162,0.137643
27.164,0.139175
27.166,0.140574
27.168,0.141867
27.17,0.115585
27.172,0.0984629
27.174,0.0883926
27.176,0.00184563
27.178,-0.0527475
27.18,-0.0832952
27.182,-0.0963166
27.184,-0.0970559
27.186,-0.0896297
27.188,-0.0771863
27.19,-0.0620649
27.192,-0.045945
27.194,-0.029981
27.196,-0.0149197
27.198,-0.00120031
27.2,0.0109638
27.202,0.0215182
27.204,0.0305154
27.206,0.0380744
27.208,0.0443515
27.21,0.0495178
27.212,0.0537449
27.214,0.0571953
27.216,0.032529
27.218,0.0165913
27.22,0.0073729
27.222,0.00317839
27.224,0.0026135
27.226,0.00455948
27.228,0.00814076
27.23,0.0126901
27.232,0.0177141
27.234,0.0228604
27.236,0.0278892
27.238,0.0326474
27.24,0.0370473
27.242,0.0410488
27.244,0.0446456
27.246,0.0478534
27.248,0.0507017
27.25,0.0532275
27.252,0.0554705
27.254,0.0574702
27.256,0.0317769
27.258,0.0151404
27.26,0.00547099
27.262,0.00100696
27.264,0.000300869
27.266,0.00219223
27.268,0.00577361
27.27,0.0103541
27.272,0.0154231
27.274,0.0206168
27.276,0.0256876
27.278,0.030478
27.28,-0.0468539
27.282,-0.096457
27.284,-0.125073
27.286,-0.138288
27.288,-0.140615
27.29,-0.163102
27.292,-0.171772
27.294,-0.170788
27.296,-0.16342
27.298,-0.152163
27.3,-0.138869
27.302,-0.124866
27.304,-0.111063
27.306,-0.098047
27.308,-0.0861595
27.31,-0.0755641
27.312,-0.0662982
27.314,-0.0583151
27.316,-0.0515156
27.318,-0.127524
27.32,-0.176308
27.322,-0.204466
27.324,-0.217467
27.326,-0.219738
27.328,-0.214775
27.33,-0.232753
27.332,-0.238971
27.334,-0.237007
27.336,-0.229663
27.338,-0.219073
27.34,-0.20682
27.342,-0.194034
27.344,-0.181486
27.346,-0.169671
27.348,-0.158875
27.35,-0.230982
27.352,-0.276127
27.354,-0.301
27.356,-0.311113
27.358,-0.310899
27.36,-0.33132
27.362,-0.338319
27.364,-0.335986
27.366,-0.327525
27.368,-0.315376
27.37,-0.301343
27.372,-0.286717
27.374,-0.272376
27.376,-0.28637
27.378,-0.292306
27.38,-0.292455
27.382,-0.288629
27.384,-0.309731
27.386,-0.32012
27.388,-0.322705
27.39,-0.319833
27.392,-0.313354
27.394,-0.250417
27.396,-0.205254
27.398,-0.174007
27.4,-0.153384
27.402,-0.140649
27.404,-0.161066
27.406,-0.176159
27.408,-0.186687
27.41,-0.193412
27.412,-0.224545
27.414,-0.244021
27.416,-0.254534
27.418,-0.28584
27.42,-0.303094
27.422,-0.309915
27.424,-0.227513
27.426,-0.195631
27.428,-0.172657
27.43,-0.156501
27.432,-0.14543
27.434,-0.165524
27.436,-0.178951
27.438,-0.186971
27.44,-0.190721
27.442,-0.191198
27.444,-0.216732
27.446,-0.231307
27.448,-0.237603
27.45,-0.265337
27.452,-0.197847
27.454,-0.148571
27.456,-0.141148
27.458,-0.135551
27.46,-0.131129
27.462,-0.127404
27.464,-0.151527
27.466,-0.166552
27.468,-0.174455
27.47,-0.176938
27.472,-0.175434
27.474,-0.198597
27.476,-0.210646
27.478,-0.214424
27.48,-0.239756
27.482,-0.251794
27.484,-0.25412
27.486,-0.24963
27.488,-0.268099
27.49,-0.27457
27.492,-0.272478
27.494,-0.26456
27.496,-0.280431
27.498,-0.284984
27.5,-0.281517
27.502,-0.190897
27.504,-0.152527
27.506,-0.124481
27.508,-0.104387
27.51,-0.11775
27.512,-0.126242
27.514,-0.130694
27.516,-0.159382
27.518,-0.176301
27.52,-0.184191
27.522,-0.185367
27.524,-0.181729
27.526,-0.202292
27.528,-0.211533
27.53,-0.212479
27.532,-0.20759
27.534,-0.226298
27.536,-0.233389
27.538,-0.232109
27.54,-0.252549
27.542,-0.260031
27.544,-0.258228
27.546,-0.250074
27.548,-0.265343
27.55,-0.187303
27.552,-0.129239
27.554,-0.0871061
27.556,-0.0848689
27.558,-0.0828265
27.56,-0.0806332
27.562,-0.0780887
27.564,-0.102584
27.566,-0.117379
27.568,-0.124618
27.57,-0.126142
27.572,-0.150975
27.574,-0.163654
27.576,-0.167292
27.578,-0.164445
27.58,-0.184648
27.582,-0.192785
27.584,-0.19219
27.586,-0.185547
27.588,-0.174961
27.59,-0.162043
27.592,-0.175471
27.594,-0.179387
27.596,-0.176493
27.598,-0.168953
27.6,-0.158454
27.602,-0.173762
27.604,-0.260853
27.606,-0.312624
27.608,-0.338046
27.61,-0.344474
27.612,-0.365275
27.614,-0.368319
27.616,-0.35921
27.618,-0.342302
27.62,-0.320889
27.622,-0.324872
27.624,-0.31924
27.626,-0.307257
27.628,-0.291425
27.63,-0.273608
27.632,-0.282631
27.634,-0.282703
27.636,-0.27654
27.638,-0.266282
27.64,-0.253568
27.642,-0.267107
27.644,-0.271061
27.646,-0.268155
27.648,-0.288054
27.65,-0.29574
27.652,-0.294623
27.654,-0.287437
27.656,-0.303812
27.658,-0.308661
27.66,-0.305311
27.662,-0.29641
27.664,-0.20226
27.666,-0.16179
27.668,-0.132683
27.67,-0.112254
27.672,-0.0982782
27.674,-0.11644
27.676,-0.128601
27.678,-0.135783
27.68,-0.166434
27.682,-0.184709
27.684,-0.193483
27.686,-0.195187
27.688,-0.219303
27.69,-0.230719
27.692,-0.232808
27.694,-0.228312
27.696,-0.219405
27.698,-0.207767
27.7,-0.222149
27.702,-0.226751
27.704,-0.224336
27.706,-0.217114
27.708,-0.206811
27.71,-0.222229
27.712,-0.227618
27.714,-0.225785
27.716,-0.246471
27.718,-0.254721
27.72,-0.253999
27.722,-0.247084
27.724,-0.26364
27.726,-0.268611
27.728,-0.265343
27.73,-0.2565
27.732,-0.244148
27.734,-0.229846
27.736,-0.24222
27.738,-0.245355
27.74,-0.241905
27.742,-0.233987
27.744,-0.223247
27.746,-0.238418
27.748,-0.243698
27.75,-0.241851
27.752,-0.262582
27.754,-0.270914
27.756,-0.270291
27.758,-0.26348
27.76,-0.280135
27.762,-0.285196
27.764,-0.282006
27.766,-0.273228
27.768,-0.260927
27.77,-0.27415
27.772,-0.19557
27.774,-0.138
27.776,-0.0970273
27.778,-0.0688504
27.78,-0.077768
27.782,-0.084455
27.784,-0.0889465
27.786,-0.0914045
27.788,-0.11955
27.79,-0.136935
27.792,-0.14595
27.794,-0.148644
27.796,-0.146722
27.798,-0.169057
27.8,-0.18003
27.802,-0.182609
27.804,-0.179216
27.806,-0.171781
27.808,-0.161805
27.81,-0.15042
27.812,-0.165941
27.814,-0.25399
27.816,-0.307183
27.818,-0.334288
27.82,-0.342505
27.822,-0.337609
27.824,-0.324117
27.826,-0.305469
27.828,-0.284211
27.83,-0.289646
27.832,-0.286295
27.834,-0.277071
27.836,-0.264216
27.838,-0.249407
27.84,-0.233862
27.842,-0.245912
27.844,-0.249396
27.846,-0.246766
27.848,-0.239982
27.85,-0.230566
27.852,-0.21967
27.854,-0.289893
27.856,-0.359428
27.858,-0.398695
27.86,-0.415666
27.862,-0.416809
27.864,-0.40725
27.866,-0.390943
27.868,-0.370859
27.87,-0.376645
27.872,-0.373094
27.874,-0.363324
27.876,-0.349732
27.878,-0.334109
27.88,-0.317748
27.882,-0.32903
27.884,-0.331824
27.886,-0.328599
27.888,-0.321317
27.89,-0.257233
27.892,-0.210668
27.894,-0.177841
27.896,-0.155524
27.898,-0.141031
27.9,-0.159666
27.902,-0.172983
27.904,-0.181764
27.906,-0.186785
27.908,-0.188781
27.91,-0.188409
27.912,-0.213733
27.914,-0.228521
27.916,-0.235293
27.918,-0.236156
27.92,-0.23283
27.922,-0.226684
27.924,-0.218778
27.926,-0.237401
27.928,-0.246423
27.93,-0.248373
27.932,-0.245314
27.934,-0.238882
27.936,-0.257834
27.938,-0.266408
27.94,-0.267421
27.942,-0.263149
27.944,-0.255385
27.946,-0.245506
27.948,-0.262027
27.95,-0.268971
27.952,-0.26897
27.954,-0.264144
27.956,-0.256158
27.958,-0.246288
27.96,-0.235482
27.962,-0.224419
27.964,-0.241054
27.966,-0.248972
27.968,-0.250468
27.97,-0.247413
27.972,-0.241293
27.974,-0.233262
27.976,-0.224189
27.978,-0.242195
27.98,-0.251008
27.982,-0.253045
27.984,-0.250273
27.986,-0.24426
27.988,-0.236219
27.99,-0.254552
27.992,-0.26321
27.994,-0.264782
27.996,-0.261368
27.998,-0.254629
28,-0.245845
28.002,-0.263462
28.004,-0.271462
28.006,-0.272446
28.008,-0.26852
28.01,-0.261345
28.012,-0.252198
28.014,-0.24203
28.016,-0.23153
28.018,-0.248661
28.02,-0.257016
28.022,-0.2589
28.024,-0.25619
28.026,-0.332134
28.028,-0.377999
28.03,-0.401394
28.032,-0.408561
28.034,-0.43198
28.036,-0.438833
28.038,-0.434203
28.04,-0.422064
28.042,-0.40544
28.044,-0.386566
28.046,-0.394523
28.048,-0.393677
28.05,-0.386841
28.052,-0.294445
28.054,-0.228028
28.056,-0.209549
28.058,-0.197541
28.06,-0.190147
28.062,-0.185907
28.064,-0.183704
28.066,-0.182705
28.068,-0.182308
28.07,-0.209583
28.072,-0.227539
28.074,-0.238133
28.076,-0.243064
28.078,-0.243772
28.08,-0.241445
28.082,-0.237035
28.084,-0.231292
28.086,-0.224786
28.088,-0.245428
28.09,-0.256803
28.092,-0.261238
28.094,-0.26065
28.096,-0.256583
28.098,-0.250251
28.1,-0.242578
28.102,-0.261739
28.104,-0.271511
28.106,-0.274351
28.108,-0.272261
28.11,-0.266837
28.112,-0.341067
28.114,-0.385992
28.116,-0.409031
28.118,-0.416265
28.12,-0.440046
28.122,-0.447456
28.124,-0.443498
28.126,-0.43209
28.128,-0.416213
28.13,-0.398073
28.132,-0.379246
28.134,-0.360803
28.136,-0.343433
28.138,-0.327527
28.14,-0.340755
28.142,-0.346434
28.144,-0.346614
28.146,-0.342956
28.148,-0.336767
28.15,-0.329052
28.152,-0.320559
28.154,-0.257563
28.156,-0.213615
28.158,-0.184338
28.16,-0.166063
28.162,-0.155784
28.164,-0.151096
28.166,-0.177614
28.168,-0.197197
28.17,-0.210914
28.172,-0.219802
28.174,-0.224821
28.176,-0.226824
28.178,-0.226545
28.18,-0.2246
28.182,-0.248977
28.184,-0.26336
28.186,-0.27018
28.188,-0.271456
28.19,-0.350581
28.192,-0.39896
28.194,-0.42433
28.196,-0.433043
28.198,-0.43019
28.2,-0.419748
28.202,-0.404747
28.204,-0.387424
28.206,-0.369377
28.208,-0.351694
28.21,-0.362555
28.212,-0.365643
28.214,-0.363262
28.216,-0.357229
28.218,-0.348945
28.22,-0.339459
28.222,-0.32953
28.224,-0.319683
28.226,-0.310264
28.228,-0.328968
28.23,-0.339184
28.232,-0.343063
28.234,-0.342377
28.236,-0.338545
28.238,-0.332679
28.24,-0.325626
28.242,-0.3455
28.244,-0.35603
28.246,-0.359639
28.248,-0.358309
28.25,-0.353617
28.252,-0.346792
28.254,-0.338761
28.256,-0.357692
28.258,-0.285597
28.26,-0.234809
28.262,-0.200579
28.264,-0.178885
28.266,-0.166403
28.268,-0.160453
28.27,-0.158928
28.272,-0.160208
28.274,-0.163089
28.276,-0.194185
28.278,-0.216178
28.28,-0.230792
28.282,-0.239577
28.284,-0.24388
28.286,-0.326593
28.288,-0.378761
28.29,-0.407874
28.292,-0.420126
28.294,-0.420511
28.296,-0.412962
28.298,-0.400498
28.3,-0.385367
28.302,-0.369194
28.304,-0.353099
28.306,-0.337813
28.308,-0.323774
28.31,-0.338686
28.312,-0.345898
28.314,-0.347488
28.316,-0.345138
28.318,-0.340174
28.32,-0.333615
28.322,-0.32622
28.324,-0.31854
28.326,-0.310954
28.328,-0.30371
28.33,-0.324442
28.332,-0.336507
28.334,-0.342046
28.336,-0.342831
28.338,-0.340293
28.34,-0.33556
28.342,-0.329497
28.344,-0.322749
28.346,-0.315784
28.348,-0.30892
28.35,-0.329854
28.352,-0.341994
28.354,-0.347519
28.356,-0.348233
28.358,-0.34559
28.36,-0.340735
28.362,-0.334546
28.364,-0.327677
28.366,-0.320598
28.368,-0.313633
28.37,-0.306992
28.372,-0.300799
28.374,-0.295114
28.376,-0.317439
28.378,-0.331042
28.38,-0.338009
28.382,-0.340082
28.384,-0.338679
28.386,-0.334929
28.388,-0.329705
28.39,-0.323667
28.392,-0.317294
28.394,-0.310925
28.396,-0.304783
28.398,-0.299009
28.4,-0.321161
28.402,-0.334552
28.404,-0.341297
28.406,-0.343157
28.408,-0.341564
28.41,-0.337653
28.412,-0.3323
28.414,-0.326163
28.416,-0.319722
28.418,-0.340797
28.42,-0.352893
28.422,-0.358264
28.424,-0.358768
28.426,-0.355896
28.428,-0.350821
28.43,-0.344435
28.432,-0.337401
28.434,-0.330194
28.436,-0.323137
28.438,-0.343926
28.44,-0.355964
28.442,-0.361427
28.444,-0.362112
28.446,-0.359467
28.448,-0.354634
28.45,-0.348484
28.452,-0.341667
28.454,-0.334649
28.456,-0.327752
28.458,-0.321183
28.46,-0.315064
28.462,-0.33694
28.464,-0.350108
28.466,-0.356674
28.468,-0.358387
28.47,-0.356672
28.472,-0.352657
28.474,-0.347214
28.476,-0.340996
28.478,-0.334479
28.48,-0.327996
28.482,-0.321767
28.484,-0.315925
28.486,-0.338027
28.488,-0.35138
28.49,-0.358096
28.492,-0.359935
28.494,-0.358327
28.496,-0.354403
28.498,-0.34904
28.5,-0.342895
28.502,-0.363933
28.504,-0.375772
28.506,-0.380751
28.508,-0.380792
28.51,-0.377433
28.512,-0.371877
28.514,-0.365038
28.516,-0.357591
28.518,-0.350014
28.52,-0.342634
28.522,-0.363145
28.524,-0.374945
28.526,-0.380206
28.528,-0.380722
28.53,-0.377935
28.532,-0.372982
28.534,-0.36673
28.536,-0.359826
28.538,-0.352733
28.54,-0.34577
28.542,-0.284877
28.544,-0.243349
28.546,-0.216627
28.548,-0.200909
28.55,-0.193101
28.552,-0.190748
28.554,-0.191944
28.556,-0.195255
28.558,-0.19963
28.56,-0.20433
28.562,-0.208859
28.564,-0.212909
28.566,-0.243796
28.568,-0.264734
28.57,-0.277841
28.572,-0.284946
28.574,-0.28759
28.576,-0.287032
28.578,-0.284281
28.58,-0.280124
28.582,-0.275157
28.584,-0.269819
28.586,-0.264422
28.588,-0.340929
28.59,-0.38958
28.592,-0.417187
28.594,-0.429383
28.596,-0.430715
28.598,-0.424765
28.6,-0.414284
28.602,-0.401324
28.604,-0.414853
28.606,-0.41918
28.608,-0.417095
28.61,-0.410785
28.612,-0.401922
28.614,-0.391745
28.616,-0.381141
28.618,-0.370719
28.62,-0.360869
28.622,-0.351819
28.624,-0.343677
28.626,-0.336466
28.628,-0.330152
28.63,-0.352155
28.632,-0.365671
28.634,-0.372723
28.636,-0.375004
28.638,-0.373893
28.64,-0.370487
28.642,-0.365635
28.644,-0.359979
28.646,-0.353987
28.648,-0.347988
28.65,-0.26045
28.652,-0.201399
28.654,-0.164172
28.656,-0.143196
28.658,-0.161407
28.66,-0.178468
28.662,-0.193681
28.664,-0.206704
28.666,-0.217445
28.668,-0.225975
28.67,-0.232474
28.672,-0.237175
28.674,-0.240338
28.676,-0.242223
28.678,-0.243074
28.68,-0.324865
28.682,-0.377898
28.684,-0.409073
28.686,-0.424127
28.688,-0.427715
28.69,-0.423523
28.692,-0.414394
28.694,-0.402465
28.696,-0.389289
28.698,-0.375953
28.7,-0.363176
28.702,-0.351398
28.704,-0.340852
28.706,-0.331623
28.708,-0.323696
28.71,-0.316988
28.712,-0.31138
28.714,-0.306735
28.716,-0.30291
28.718,-0.299771
28.72,-0.29719
28.722,-0.295059
28.724,-0.29328
28.726,-0.291774
28.728,-0.290475
28.73,-0.316818
28.732,-0.334044
28.734,-0.344243
28.736,-0.349177
28.738,-0.350298
28.74,-0.348771
28.742,-0.345511
28.744,-0.341215
28.746,-0.336398
28.748,-0.33143
28.75,-0.326563
28.752,-0.321958
28.754,-0.31771
28.756,-0.31386
28.758,-0.310418
28.76,-0.307368
28.762,-0.304681
28.764,-0.302318
28.766,-0.30024
28.768,-0.298407
28.77,-0.296779
28.772,-0.295322
28.774,-0.294007
28.776,-0.292807
28.778,-0.2917
28.78,-0.29067
28.782,-0.289701
28.784,-0.288784
28.786,-0.287908
28.788,-0.287068
28.79,-0.286258
28.792,-0.285476
28.794,-0.284718
28.796,-0.283984
28.798,-0.365023
28.8,-0.417943
28.802,-0.44948
28.804,-0.465234
28.806,-0.469752
28.808,-0.466631
28.81,-0.486139
28.812,-0.493645
28.814,-0.492788
28.816,-0.486417
28.818,-0.476705
28.82,-0.46526
28.822,-0.453234
28.824,-0.441413
28.826,-0.430301
28.828,-0.420191
28.83,-0.411219
28.832,-0.403413
28.834,-0.396729
28.836,-0.391077
28.838,-0.386343
28.84,-0.300651
28.842,-0.24377
28.844,-0.236336
28.846,-0.235925
28.848,-0.240022
28.85,-0.246734
28.852,-0.254688
28.854,-0.262921
28.856,-0.270793
28.858,-0.277912
28.86,-0.284068
28.862,-0.289181
28.864,-0.293261
28.866,-0.296375
28.868,-0.298624
28.87,-0.300125
28.872,-0.300997
28.874,-0.301358
28.876,-0.301313
28.878,-0.300957
28.88,-0.300371
28.882,-0.29962
28.884,-0.326248
28.886,-0.34358
28.888,-0.35377
28.89,-0.35863
28.892,-0.359645
28.894,-0.358006
28.896,-0.354643
28.898,-0.350262
28.9,-0.345385
28.902,-0.340382
28.904,-0.335504
28.906,-0.330912
28.908,-0.326695
28.91,-0.322895
28.912,-0.319515
28.914,-0.316538
28.916,-0.313932
28.918,-0.311656
28.92,-0.309668
28.922,-0.307926
28.924,-0.30639
28.926,-0.305024
28.928,-0.303798
28.93,-0.302686
28.932,-0.301664
28.934,-0.300717
28.936,-0.299828
28.938,-0.298986
28.94,-0.298184
28.942,-0.297415
28.944,-0.296674
28.946,-0.295957
28.948,-0.295263
28.95,-0.294589
28.952,-0.293935
28.954,-0.320786
28.956,-0.338426
28.958,-0.348974
28.96,-0.354215
28.962,-0.35562
28.964,-0.354365
28.966,-0.35137
28.968,-0.347339
28.97,-0.342789
28.972,-0.338091
28.974,-0.333496
28.976,-0.329165
28.978,-0.325191
28.98,-0.321615
28.982,-0.318445
28.984,-0.315664
28.986,-0.313241
28.988,-0.311138
28.99,-0.309314
28.992,-0.307727
28.994,-0.306339
28.996,-0.305116
28.998,-0.304026
29,-0.303045
29.002,-0.30215
29.004,-0.301324
29.006,-0.300552
29.008,-0.299825
29.01,-0.299133
29.012,-0.29847
29.014,-0.297832
29.016,-0.297215
29.018,-0.296617
29.02,-0.296036
29.022,-0.295472
29.024,-0.294923
29.026,-0.29439
29.028,-0.293872
29.03,-0.293369
29.032,-0.29288
29.034,-0.292407
29.036,-0.291948
29.038,-0.291503
29.04,-0.291073
29.042,-0.290657
29.044,-0.290254
29.046,-0.289864
29.048,-0.289488
29.05,-0.289125
29.052,-0.288773
29.054,-0.288434
29.056,-0.288106
29.058,-0.287789
29.06,-0.287484
29.062,-0.287188
29.064,-0.286903
29.066,-0.286628
29.068,-0.286362
29.07,-0.286105
29.072,-0.285856
29.074,-0.285617
29.076,-0.285385
29.078,-0.285162
29.08,-0.284946
29.082,-0.284737
29.084,-0.284536
29.086,-0.284341
29.088,-0.284153
29.09,-0.283972
29.092,-0.283796
29.094,-0.283627
29.096,-0.283464
29.098,-0.283305
29.1,-0.283153
29.102,-0.283005
29.104,-0.282863
29.106,-0.282725
29.108,-0.282593
29.11,-0.282464
29.112,-0.28234
29.114,-0.28222
29.116,-0.282105
29.118,-0.281993
29.12,-0.281885
29.122,-0.281781
29.124,-0.28168
29.126,-0.281583
29.128,-0.281489
29.13,-0.281398
29.132,-0.281311
29.134,-0.281226
29.136,-0.281144
29.138,-0.281065
29.14,-0.280989
29.142,-0.280915
29.144,-0.280844
29.146,-0.280775
29.148,-0.280709
29.15,-0.280645
29.152,-0.280583
29.154,-0.280523
29.156,-0.280465
29.158,-0.280409
29.16,-0.280355
29.162,-0.280303
29.164,-0.280253
29.166,-0.280204
29.168,-0.280157
29.17,-0.280112
29.172,-0.280068
29.174,-0.280026
29.176,-0.279985
29.178,-0.279945
29.18,-0.279907
29.182,-0.27987
29.184,-0.279835
29.186,-0.2798
29.188,-0.279767
29.19,-0.279735
29.192,-0.279704
29.194,-0.279674
29.196,-0.279645
29.198,-0.279617
29.2,-0.27959
29.202,-0.279564
29.204,-0.279539
29.206,-0.279515
29.208,-0.279491
29.21,-0.279469
29.212,-0.279447
29.214,-0.279425
29.216,-0.279405
29.218,-0.279385
29.22,-0.279366
29.222,-0.279348
29.224,-0.27933
29.226,-0.279313
29.228,-0.279296
29.23,-0.27928
29.232,-0.279265
29.234,-0.27925
29.236,-0.279235
29.238,-0.279221
29.24,-0.279208
29.242,-0.279195
29.244,-0.279182
29.246,-0.27917
29.248,-0.279158
29.25,-0.279147
29.252,-0.279136
29.254,-0.279126
29.256,-0.279115
29.258,-0.279105
29.26,-0.279096
29.262,-0.279087
29.264,-0.279078
29.266,-0.279069
29.268,-0.279061
29.27,-0.279053
29.272,-0.279045
29.274,-0.279038
29.276,-0.27903
29.278,-0.279023
29.28,-0.279017
29.282,-0.27901
29.284,-0.279004
29.286,-0.278998
29.288,-0.278992
29.29,-0.278986
29.292,-0.278981
29.294,-0.197224
29.296,-0.143607
29.298,-0.111393
29.3,-0.094982
29.302,-0.0898278
29.304,-0.0923309
29.306,-0.0997122
29.308,-0.109884
29.31,-0.121327
29.312,-0.132979
29.314,-0.144135
29.316,-0.154364
29.318,-0.163435
29.32,-0.253016
29.322,-0.285742
29.324,-0.305142
29.326,-0.314816
29.328,-0.317653
29.33,-0.315921
29.332,-0.311355
29.334,-0.305241
29.336,-0.298503
29.338,-0.291777
29.34,-0.285475
29.342,-0.279838
29.344,-0.274987
29.346,-0.270953
29.348,-0.267709
29.35,-0.265192
29.352,-0.263318
29.354,-0.261995
29.356,-0.261133
29.358,-0.260643
29.36,-0.260447
29.362,-0.260478
29.364,-0.260675
29.366,-0.260992
29.368,-0.26139
29.37,-0.261837
29.372,-0.262311
29.374,-0.262794
29.376,-0.263273
29.378,-0.263741
29.38,-0.264191
29.382,-0.26462
29.384,-0.265027
29.386,-0.265412
29.388,-0.265776
29.39,-0.184367
29.392,-0.131078
29.394,-0.0991758
29.396,-0.0830594
29.398,-0.0781851
29.4,-0.0809549
29.402,-0.0885907
29.404,-0.0990059
29.406,-0.110682
29.408,-0.122559
29.41,-0.133931
29.412,-0.144367
29.414,-0.126152
29.416,-0.115916
29.418,-0.111556
29.42,-0.111362
29.422,-0.113982
29.424,-0.118369
29.426,-0.123741
29.428,-0.129528
29.43,-0.13533
29.432,-0.140886
29.434,-0.146035
29.436,-0.232445
29.438,-0.290196
29.44,-0.326031
29.442,-0.345584
29.444,-0.32596
29.446,-0.307525
29.448,-0.290995
29.45,-0.276722
29.452,-0.264804
29.454,-0.255168
29.456,-0.247633
29.458,-0.241961
29.46,-0.237886
29.462,-0.235145
29.464,-0.233487
29.466,-0.205198
29.468,-0.186796
29.47,-0.175994
29.472,-0.170866
29.474,-0.16983
29.476,-0.171621
29.478,-0.17525
29.48,-0.179964
29.482,-0.185209
29.484,-0.19059
29.486,-0.195837
29.488,-0.200782
29.49,-0.177839
29.492,-0.163684
29.494,-0.156189
29.496,-0.153589
29.498,-0.2362
29.5,-0.292995
29.502,-0.329835
29.504,-0.351664
29.506,-0.362551
29.508,-0.365761
29.51,-0.363856
29.512,-0.358789
29.514,-0.352011
29.516,-0.344561
29.518,-0.309665
29.52,-0.284498
29.522,-0.267211
29.524,-0.256147
29.526,-0.249869
29.528,-0.247167
29.53,-0.247043
29.532,-0.248701
29.534,-0.251515
29.536,-0.25501
29.538,-0.258834
29.54,-0.262737
29.542,-0.266547
29.544,-0.188404
29.546,-0.138138
29.548,-0.108984
29.55,-0.0953374
29.552,-0.0926632
29.554,-0.0973838
29.556,-0.106746
29.558,-0.118692
29.56,-0.131729
29.562,-0.144824
29.564,-0.157294
29.566,-0.168729
29.568,-0.178918
29.57,-0.18779
29.572,-0.195372
29.574,-0.201752
29.576,-0.207052
29.578,-0.211413
29.58,-0.214974
29.582,-0.217872
29.584,-0.22023
29.586,-0.194671
29.588,-0.178003
29.59,-0.168187
29.592,-0.163499
29.594,-0.162522
29.596,-0.164118
29.598,-0.167395
29.6,-0.171674
29.602,-0.176453
29.604,-0.181371
29.606,-0.186184
29.608,-0.190735
29.61,-0.194934
29.612,-0.198739
29.614,-0.174656
29.616,-0.159417
29.618,-0.150931
29.62,-0.14745
29.622,-0.147544
29.624,-0.150076
29.626,-0.235914
29.628,-0.294496
29.63,-0.332072
29.632,-0.32641
29.634,-0.31854
29.636,-0.309799
29.638,-0.301102
29.64,-0.293034
29.642,-0.28594
29.644,-0.279982
29.646,-0.275198
29.648,-0.271542
29.65,-0.268918
29.652,-0.2672
29.654,-0.266253
29.656,-0.265941
29.658,-0.266137
29.66,-0.266728
29.662,-0.267613
29.664,-0.268709
29.666,-0.269947
29.668,-0.271272
29.67,-0.272641
29.672,-0.274021
29.674,-0.275387
29.676,-0.276724
29.678,-0.196267
29.68,-0.143902
29.682,-0.11289
29.684,-0.0976264
29.686,-0.0935679
29.688,-0.0971165
29.69,-0.105495
29.692,-0.116619
29.694,-0.128972
29.696,-0.141495
29.698,-0.153485
29.7,-0.137027
29.702,-0.128609
29.704,-0.126029
29.706,-0.127517
29.708,-0.131682
29.71,-0.137465
29.712,-0.144077
29.714,-0.150955
29.716,-0.157712
29.718,-0.164101
29.72,-0.169975
29.722,-0.175268
29.724,-0.179965
29.726,-0.184086
29.728,-0.187676
29.73,-0.190789
29.732,-0.193488
29.734,-0.195831
29.736,-0.197876
29.738,-0.199675
29.74,-0.201274
29.742,-0.175224
29.744,-0.158273
29.746,-0.14833
29.748,-0.143628
29.75,-0.142716
29.752,-0.144428
29.754,-0.147853
29.756,-0.152295
29.758,-0.157242
29.76,-0.162326
29.762,-0.167296
29.764,-0.144508
29.766,-0.130585
29.768,-0.123366
29.77,-0.121057
29.772,-0.122207
29.774,-0.125667
29.776,-0.130555
29.778,-0.13621
29.78,-0.196418
29.782,-0.237674
29.784,-0.264374
29.786,-0.280205
29.788,-0.288175
29.79,-0.290686
29.792,-0.289607
29.794,-0.286353
29.796,-0.281965
29.798,-0.249696
29.8,-0.226762
29.802,-0.21136
29.804,-0.201881
29.806,-0.196937
29.808,-0.19536
29.81,-0.196194
29.812,-0.198675
29.814,-0.202206
29.816,-0.206335
29.818,-0.210731
29.82,-0.215156
29.822,-0.219453
29.824,-0.223521
29.826,-0.227305
29.828,-0.230782
29.83,-0.233949
29.832,-0.209334
29.834,-0.193677
29.836,-0.184884
29.838,-0.181198
29.84,-0.18118
29.842,-0.183677
29.844,-0.187793
29.846,-0.192846
29.848,-0.198337
29.85,-0.203909
29.852,-0.209322
29.854,-0.214426
29.856,-0.219136
29.858,-0.223415
29.86,-0.227261
29.862,-0.230694
29.864,-0.233747
29.866,-0.236461
29.868,-0.238877
29.87,-0.241037
29.872,-0.242982
29.874,-0.244745
29.876,-0.246358
29.878,-0.247847
29.88,-0.249233
29.882,-0.168784
29.884,-0.116404
29.886,-0.0853693
29.888,-0.0700864
29.89,-0.0660168
29.892,-0.0695662
29.894,-0.0779587
29.896,-0.0891094
29.898,-0.101501
29.9,-0.114073
29.902,-0.126122
29.904,-0.137216
29.906,-0.147125
29.908,-0.155767
29.91,-0.163154
29.912,-0.169366
29.914,-0.174518
29.916,-0.178743
29.918,-0.182178
29.92,-0.184957
29.922,-0.187199
29.924,-0.161527
29.926,-0.144749
29.928,-0.134824
29.93,-0.130029
29.932,-0.128945
29.934,-0.130436
29.936,-0.133611
29.938,-0.137789
29.94,-0.142468
29.942,-0.14729
29.944,-0.152009
29.946,-0.156468
29.948,-0.160578
29.95,-0.164297
29.952,-0.167617
29.954,-0.143067
29.956,-0.127393
29.958,-0.118513
29.96,-0.114679
29.962,-0.114463
29.964,-0.116724
29.966,-0.120575
29.968,-0.125343
29.97,-0.130535
29.972,-0.135801
29.974,-0.140907
29.976,-0.145704
29.978,-0.150112
29.98,-0.126609
29.982,-0.111911
29.984,-0.103918
29.986,-0.100878
29.988,-0.101363
29.99,-0.104238
29.992,-0.108622
29.994,-0.113854
29.996,-0.119448
29.998,-0.125065
30,-0.130479
30.002,-0.189814
30.004,-0.229821
30.006,-0.255087
30.008,-0.269432
30.01,-0.275955
30.012,-0.277116
30.014,-0.274816
30.016,-0.270484
30.018,-0.237676
30.02,-0.213842
30.022,-0.197349
30.024,-0.186712
30.026,-0.180626
30.028,-0.177978
30.03,-0.177843
30.032,-0.179471
30.034,-0.182268
30.036,-0.18578
30.038,-0.189662
30.04,-0.166182
30.042,-0.151884
30.044,-0.144535
30.046,-0.142282
30.048,-0.14362
30.05,-0.147362
30.052,-0.152592
30.054,-0.158624
30.056,-0.164961
30.058,-0.171258
30.06,-0.177287
30.062,-0.18291
30.064,-0.188059
30.066,-0.192709
30.068,-0.169384
30.07,-0.154831
30.072,-0.146972
30.074,-0.144069
30.076,-0.144703
30.078,-0.147741
30.08,-0.152307
30.082,-0.239489
30.084,-0.298907
30.086,-0.336957
30.088,-0.359011
30.09,-0.369471
30.092,-0.371859
30.094,-0.368923
30.096,-0.362753
30.098,-0.354891
30.1,-0.318946
30.102,-0.292382
30.104,-0.273555
30.106,-0.260951
30.108,-0.253225
30.11,-0.249221
30.112,-0.24797
30.114,-0.166931
30.116,-0.115365
30.118,-0.0860455
30.12,-0.073002
30.122,-0.0714181
30.124,-0.0775034
30.126,-0.0883504
30.128,-0.101792
30.13,-0.116266
30.132,-0.130692
30.134,-0.144366
30.136,-0.15687
30.138,-0.167992
30.14,-0.177672
30.142,-0.185948
30.144,-0.19292
30.146,-0.198728
30.148,-0.203522
30.15,-0.207457
30.152,-0.21068
30.154,-0.213324
30.156,-0.215506
30.158,-0.217326
30.16,-0.218868
30.162,-0.220201
30.164,-0.221377
30.166,-0.22244
30.168,-0.223422
30.17,-0.224345
30.172,-0.225228
30.174,-0.226081
30.176,-0.226913
30.178,-0.227728
30.18,-0.146776
30.182,-0.0939507
30.184,-0.0625153
30.186,-0.0468677
30.188,-0.0424617
30.19,-0.045697
30.192,-0.0537931
30.194,-0.0646616
30.196,-0.0767829
30.198,-0.089094
30.2,-0.10089
30.202,-0.111738
30.204,-0.12141
30.206,-0.12982
30.208,-0.136982
30.21,-0.142974
30.212,-0.147913
30.214,-0.151931
30.216,-0.155165
30.218,-0.157748
30.22,-0.159802
30.222,-0.161433
30.224,-0.162736
30.226,-0.163786
30.228,-0.164649
30.23,-0.165374
30.232,-0.166001
30.234,-0.166561
30.236,-0.167077
30.238,-0.167563
30.24,-0.168031
30.242,-0.168489
30.244,-0.168941
30.246,-0.169389
30.248,-0.169834
30.25,-0.142789
30.252,-0.124969
30.254,-0.114255
30.256,-0.108858
30.258,-0.107308
30.26,-0.108427
30.262,-0.111293
30.264,-0.115204
30.266,-0.119638
30.268,-0.124227
30.27,-0.128716
30.272,-0.132946
30.274,-0.136823
30.276,-0.140305
30.278,-0.143385
30.28,-0.146079
30.282,-0.120931
30.284,-0.104695
30.286,-0.0952935
30.288,-0.0909804
30.29,-0.0903256
30.292,-0.0921861
30.294,-0.0956709
30.296,-0.100104
30.298,-0.18674
30.3,-0.245333
30.302,-0.282383
30.304,-0.30334
30.306,-0.312666
30.308,-0.313923
30.31,-0.309888
30.312,-0.302669
30.314,-0.293815
30.316,-0.284431
30.318,-0.275261
30.32,-0.266779
30.322,-0.259254
30.324,-0.252804
30.326,-0.247447
30.328,-0.161377
30.33,-0.104393
30.332,-0.0696433
30.334,-0.0514032
30.336,-0.0450066
30.338,-0.0467413
30.34,-0.0537271
30.342,-0.0637887
30.344,-0.0753334
30.346,-0.0872382
30.348,-0.0987494
30.35,-0.109397
30.352,-0.118922
30.354,-0.127219
30.356,-0.134285
30.358,-0.140189
30.36,-0.145038
30.362,-0.148962
30.364,-0.152096
30.366,-0.154571
30.368,-0.156509
30.37,-0.158019
30.372,-0.159195
30.374,-0.132628
30.376,-0.1151
30.378,-0.104544
30.38,-0.0992135
30.382,-0.0976717
30.384,-0.0987638
30.386,-0.101585
30.388,-0.105446
30.39,-0.109834
30.392,-0.114385
30.394,-0.118847
30.396,-0.123062
30.398,-0.126935
30.4,-0.130425
30.402,-0.133522
30.404,-0.136241
30.406,-0.138611
30.408,-0.14067
30.41,-0.142456
30.412,-0.14401
30.414,-0.145369
30.416,-0.146567
30.418,-0.147633
30.42,-0.148594
30.422,-0.149469
30.424,-0.150276
30.426,-0.123543
30.428,-0.105996
30.43,-0.0955245
30.432,-0.0903476
30.434,-0.0890014
30.436,-0.0903116
30.438,-0.0933592
30.44,-0.0974437
30.442,-0.102047
30.444,-0.1068
30.446,-0.11145
30.448,-0.115837
30.45,-0.119868
30.452,-0.1235
30.454,-0.126727
30.456,-0.102077
30.458,-0.0862979
30.46,-0.0773082
30.462,-0.0733622
30.464,-0.0730323
30.466,-0.0751792
30.468,-0.0789161
30.47,-0.0835717
30.472,-0.0886528
30.474,-0.0938106
30.476,-0.0988103
30.478,-0.185257
30.48,-0.21569
30.482,-0.233528
30.484,-0.242253
30.486,-0.244643
30.488,-0.242864
30.49,-0.238556
30.492,-0.23293
30.494,-0.226843
30.496,-0.220878
30.498,-0.215404
30.5,-0.210632
30.502,-0.206654
30.504,-0.203486
30.506,-0.201087
30.508,-0.117635
30.51,-0.062934
30.512,-0.0301526
30.514,-0.013597
30.516,-0.00863575
30.518,-0.0115925
30.52,-0.0196211
30.522,-0.0305777
30.524,-0.0428974
30.526,-0.0554811
30.528,-0.0675954
30.53,-0.0787869
30.532,-0.0888099
30.534,-0.0975685
30.536,-0.105069
30.538,-0.111386
30.54,-0.116631
30.542,-0.120938
30.544,-0.124442
30.546,-0.127277
30.548,-0.129566
30.55,-0.131418
30.552,-0.132926
30.554,-0.13417
30.556,-0.135216
30.558,-0.0543621
30.56,-0.00154194
30.562,0.0299496
30.564,0.0456911
30.566,0.050211
30.568,0.047097
30.57,0.0391209
30.572,0.0283656
30.574,0.0163473
30.576,0.00412745
30.578,-0.00758933
30.58,-0.0183705
30.582,-0.0279854
30.584,-0.036348
30.586,-0.0434713
30.588,-0.0494322
30.59,-0.054345
30.592,-0.0583417
30.594,-0.0615587
30.596,-0.0641274
30.598,-0.0661686
30.6,-0.0677895
30.602,-0.0690822
30.604,-0.0701242
30.606,-0.0709787
30.608,-0.0716963
30.61,-0.0723167
30.612,-0.0728699
30.614,-0.0733783
30.616,0.00789398
30.618,0.0610441
30.62,0.0928009
30.622,0.108762
30.624,0.11347
30.626,0.110524
30.628,0.102702
30.63,0.0920946
30.632,0.0802205
30.634,0.0681434
30.636,0.0565693
30.638,0.0459312
30.64,0.0639466
30.642,0.0739849
30.644,0.078152
30.646,0.0781571
30.648,0.0753539
30.65,0.0707876
30.652,0.0652427
30.654,0.0592892
30.656,0.135077
30.658,0.182977
30.66,0.209886
30.662,0.221488
30.664,0.222359
30.666,0.21609
30.668,0.205427
30.67,0.192413
30.672,0.178514
30.674,0.164738
30.676,0.151738
30.678,0.139899
30.68,0.129408
30.682,0.120313
30.684,0.11257
30.686,0.106075
30.688,0.100694
30.69,0.178029
30.692,0.228038
30.694,0.257319
30.696,0.271343
30.698,0.274544
30.7,0.270426
30.702,0.261689
30.704,0.250355
30.706,0.237893
30.708,0.225325
30.71,0.213326
30.712,0.229792
30.714,0.238221
30.716,0.240807
30.718,0.239314
30.72,0.235131
30.722,0.311069
30.724,0.358025
30.726,0.383299
30.728,0.392882
30.73,0.419056
30.732,0.42885
30.734,0.427234
30.736,0.418097
30.738,0.404408
30.74,0.388363
30.742,0.399022
30.744,0.400742
30.746,0.396331
30.748,0.387974
30.75,0.295575
30.752,0.257729
30.754,0.231843
30.756,0.215013
30.758,0.204845
30.76,0.199409
30.762,0.224675
30.764,0.242763
30.766,0.254925
30.768,0.289809
30.77,0.311735
30.772,0.323714
30.774,0.27402
30.776,0.237912
30.778,0.212439
30.78,0.195091
30.782,0.211267
30.784,0.22256
30.786,0.229751
30.788,0.233593
30.79,0.262263
30.792,0.279656
30.794,0.288416
30.796,0.236502
30.798,0.19891
30.8,0.172484
30.802,0.182032
30.804,0.188624
30.806,0.192594
30.808,0.19432
30.81,0.221677
30.812,0.156565
30.814,0.111331
30.816,0.108807
30.818,0.108394
30.82,0.109049
30.822,0.110048
30.824,0.138399
30.826,0.157093
30.828,0.195581
30.83,0.218877
30.832,0.230577
30.834,0.233696
30.836,0.176436
30.838,0.133936
30.84,0.103108
30.842,0.0812932
30.844,0.0662628
30.846,0.0836798
30.848,0.0953707
30.85,0.102319
30.852,0.132934
30.854,0.151331
30.856,0.160352
30.858,0.189882
30.86,0.205176
30.862,0.209934
30.864,0.20718
30.866,0.199323
30.868,0.215722
30.87,0.221078
30.872,0.218548
30.874,0.21065
30.876,0.199344
30.878,0.213598
30.88,0.217785
30.882,0.214793
30.884,0.206923
30.886,0.223454
30.888,0.147273
30.89,0.0913821
30.892,0.0790211
30.894,0.0698105
30.896,0.0627947
30.898,0.0572425
30.9,0.0526092
30.902,0.0759885
30.904,0.0903908
30.906,0.0977553
30.908,0.0997588
30.91,0.0978114
30.912,0.120555
30.914,0.132197
30.916,0.135576
30.918,0.133024
30.92,0.126409
30.922,0.22643
30.924,0.287591
30.926,0.319566
30.928,0.330328
30.93,0.326285
30.932,0.339952
30.934,0.338454
30.936,0.326762
30.938,0.308707
30.94,0.28716
30.942,0.291688
30.944,0.287025
30.946,0.276243
30.948,0.261708
30.95,0.245185
30.952,0.227954
30.954,0.238386
30.956,0.240343
30.958,0.236292
30.96,0.228194
30.962,0.245056
30.964,0.25131
30.966,0.249911
30.968,0.243236
30.97,0.260631
30.972,0.266799
30.974,0.264909
30.976,0.257498
30.978,0.274033
30.98,0.279301
30.982,0.276531
30.984,0.268296
30.986,0.256596
30.988,0.270433
30.99,0.2742
30.992,0.270799
30.994,0.262543
30.996,0.196962
30.998,0.14859
31,0.113801
31.002,0.116968
31.004,0.118766
31.006,0.119183
31.008,0.118304
31.01,0.116274
31.012,0.140754
31.014,0.155207
31.016,0.161928
31.018,0.162866
31.02,0.159632
31.022,0.153523
31.024,0.173049
31.026,0.182276
31.028,0.183904
31.03,0.180137
31.032,0.172731
31.034,0.190534
31.036,0.279611
31.038,0.33294
31.04,0.359574
31.042,0.366936
31.044,0.360967
31.046,0.373793
31.048,0.372223
31.05,0.360979
31.052,0.343698
31.054,0.323106
31.056,0.30118
31.058,0.306782
31.06,0.304102
31.062,0.295807
31.064,0.283967
31.066,0.270145
31.068,0.255484
31.07,0.24079
31.072,0.254086
31.074,0.258989
31.076,0.257798
31.078,0.252371
31.08,0.244169
31.082,0.261802
31.084,0.269388
31.086,0.269649
31.088,0.264786
31.09,0.284023
31.092,0.29198
31.094,0.291773
31.096,0.285911
31.098,0.358112
31.1,0.399988
31.102,0.446877
31.104,0.468463
31.106,0.471957
31.108,0.463096
31.11,0.446331
31.112,0.425022
31.114,0.429116
31.116,0.423627
31.118,0.411834
31.12,0.341981
31.122,0.289104
31.124,0.249922
31.126,0.221536
31.128,0.228947
31.13,0.233361
31.132,0.235204
31.134,0.234913
31.136,0.260395
31.138,0.275318
31.14,0.28214
31.142,0.282933
31.144,0.279407
31.146,0.300418
31.148,0.310321
31.15,0.312052
31.152,0.33549
31.154,0.345815
31.156,0.346617
31.158,0.368275
31.16,0.376349
31.162,0.292948
31.164,0.231048
31.166,0.213798
31.168,0.2007
31.17,0.190662
31.172,0.182816
31.174,0.176488
31.176,0.198652
31.178,0.212215
31.18,0.219027
31.182,0.220691
31.184,0.246043
31.186,0.259475
31.188,0.263992
31.19,0.262074
31.192,0.2832
31.194,0.292218
31.196,0.292441
31.198,0.286543
31.2,0.276625
31.202,0.291786
31.204,0.296507
31.206,0.29377
31.208,0.285955
31.21,0.274915
31.212,0.289538
31.214,0.294139
31.216,0.291565
31.218,0.284092
31.22,0.273495
31.222,0.288608
31.224,0.293703
31.226,0.291603
31.228,0.284568
31.23,0.301851
31.232,0.308078
31.234,0.30636
31.236,0.299189
31.238,0.288511
31.24,0.303293
31.242,0.30791
31.244,0.30526
31.246,0.297654
31.248,0.286894
31.25,0.274348
31.252,0.288504
31.254,0.293357
31.256,0.291506
31.258,0.285035
31.26,0.303067
31.262,0.310131
31.264,0.309271
31.266,0.221179
31.268,0.185151
31.27,0.1592
31.272,0.140928
31.274,0.128353
31.276,0.119874
31.278,0.11423
31.28,0.137937
31.282,0.153552
31.284,0.162668
31.286,0.166704
31.288,0.166884
31.29,0.164237
31.292,0.241357
31.294,0.289024
31.296,0.314494
31.298,0.323765
31.3,0.349158
31.302,0.357759
31.304,0.354602
31.306,0.343646
31.308,0.327923
31.31,0.309688
31.312,0.290565
31.314,0.271672
31.316,0.253734
31.318,0.264665
31.32,0.267958
31.322,0.265787
31.324,0.341642
31.326,0.386986
31.328,0.409582
31.33,0.415786
31.332,0.410679
31.334,0.425707
31.336,0.427159
31.338,0.419369
31.34,0.405693
31.342,0.388665
31.344,0.370135
31.346,0.351404
31.348,0.333341
31.35,0.316483
31.352,0.328608
31.354,0.333114
31.356,0.332111
31.358,0.327297
31.36,0.320006
31.362,0.311256
31.364,0.383555
31.366,0.427552
31.368,0.450356
31.37,0.485291
31.372,0.500325
31.374,0.50124
31.376,0.492614
31.378,0.477982
31.38,0.459996
31.382,0.468071
31.384,0.466837
31.386,0.459302
31.388,0.447798
31.39,0.434076
31.392,0.446904
31.394,0.450461
31.396,0.447461
31.398,0.440059
31.4,0.429917
31.402,0.336534
31.404,0.298197
31.406,0.272089
31.408,0.255147
31.41,0.24487
31.412,0.23926
31.414,0.264249
31.416,0.281941
31.418,0.293587
31.42,0.300354
31.422,0.303292
31.424,0.330799
31.426,0.346926
31.428,0.354425
31.43,0.355587
31.432,0.352278
31.434,0.373461
31.436,0.383563
31.438,0.385562
31.44,0.38187
31.442,0.374391
31.444,0.392079
31.446,0.399314
31.448,0.39901
31.45,0.393503
31.452,0.384624
31.454,0.373767
31.456,0.361962
31.458,0.295679
31.46,0.248595
31.462,0.216412
31.464,0.195497
31.466,0.182856
31.468,0.203566
31.47,0.219019
31.472,0.229885
31.474,0.236873
31.476,0.240674
31.478,0.269417
31.48,0.286958
31.482,0.295909
31.484,0.298471
31.486,0.29645
31.488,0.291294
31.49,0.284131
31.492,0.275823
31.494,0.267002
31.496,0.285605
31.498,0.295221
31.5,0.379915
31.502,0.431689
31.504,0.458795
31.506,0.468017
31.508,0.464797
31.51,0.453395
31.512,0.437057
31.514,0.418188
31.516,0.425992
31.518,0.424926
31.52,0.41786
31.522,0.407017
31.524,0.394067
31.526,0.380228
31.528,0.366353
31.53,0.380495
31.532,0.386287
31.534,0.386031
31.536,0.381582
31.538,0.374397
31.54,0.365589
31.542,0.383471
31.544,0.391919
31.546,0.393458
31.548,0.390137
31.55,0.383575
31.552,0.375021
31.554,0.365412
31.556,0.355424
31.558,0.373018
31.56,0.381788
31.562,0.384038
31.564,0.381653
31.566,0.376131
31.568,0.368636
31.57,0.360048
31.572,0.351008
31.574,0.369458
31.576,0.378982
31.578,0.381889
31.58,0.380065
31.582,0.375019
31.584,0.367925
31.586,0.359672
31.588,0.378401
31.59,0.387858
31.592,0.390473
31.594,0.388227
31.596,0.382698
31.598,0.375106
31.6,0.393861
31.602,0.40292
31.604,0.404875
31.606,0.401828
31.608,0.395443
31.61,0.387001
31.612,0.377465
31.614,0.367529
31.616,0.385166
31.618,0.393979
31.62,0.396278
31.622,0.39395
31.624,0.388494
31.626,0.381074
31.628,0.372569
31.63,0.363621
31.632,0.35468
31.634,0.346048
31.636,0.365398
31.638,0.376114
31.64,0.380353
31.642,0.379896
31.644,0.376181
31.646,0.370336
31.648,0.363225
31.65,0.382977
31.652,0.393338
31.654,0.396742
31.656,0.395182
31.658,0.390244
31.66,0.383163
31.662,0.374874
31.664,0.36606
31.666,0.384692
31.668,0.394379
31.67,0.397441
31.672,0.395776
31.674,0.390897
31.676,0.383982
31.678,0.375919
31.68,0.367362
31.682,0.358771
31.684,0.350456
31.686,0.370096
31.688,0.38108
31.69,0.385569
31.692,0.38535
31.694,0.381861
31.696,0.376232
31.698,0.36933
31.7,0.361797
31.702,0.354096
31.704,0.346543
31.706,0.339343
31.708,0.332616
31.71,0.353904
31.712,0.366505
31.714,0.372521
31.716,0.373703
31.718,0.371473
31.72,0.36696
31.722,0.361033
31.724,0.4361
31.726,0.482743
31.728,0.508032
31.73,0.517786
31.732,0.544171
31.734,0.55414
31.736,0.552615
31.738,0.543462
31.74,0.529642
31.742,0.513355
31.744,0.496182
31.746,0.479211
31.748,0.463145
31.75,0.475886
31.752,0.480918
31.754,0.480413
31.756,0.476108
31.758,0.469357
31.76,0.461192
31.762,0.452371
31.764,0.443433
31.766,0.462229
31.768,0.472274
31.77,0.475815
31.772,0.474696
31.774,0.470389
31.776,0.464045
31.778,0.374781
31.78,0.340617
31.782,0.318557
31.784,0.305424
31.786,0.298653
31.788,0.296221
31.79,0.296571
31.792,0.298539
31.794,0.328769
31.796,0.349958
31.798,0.363839
31.8,0.371962
31.802,0.375674
31.804,0.376108
31.806,0.374197
31.808,0.398174
31.81,0.411906
31.812,0.417957
31.814,0.41844
31.816,0.415058
31.818,0.409146
31.82,0.401724
31.822,0.393551
31.824,0.38517
31.826,0.376954
31.828,0.396627
31.83,0.407614
31.832,0.412099
31.834,0.411884
31.836,0.408415
31.838,0.402828
31.84,0.39599
31.842,0.388543
31.844,0.380947
31.846,0.373516
31.848,0.366452
31.85,0.359871
31.852,0.381314
31.854,0.394074
31.856,0.400252
31.858,0.401596
31.86,0.48128
31.862,0.530537
31.864,0.556975
31.866,0.566849
31.868,0.565178
31.87,0.555894
31.872,0.541994
31.874,0.553188
31.876,0.554347
31.878,0.548675
31.88,0.538659
31.882,0.526169
31.884,0.512575
31.886,0.498837
31.888,0.513085
31.89,0.518998
31.892,0.51891
31.894,0.514691
31.896,0.507802
31.898,0.417602
31.9,0.354804
31.902,0.340743
31.904,0.333495
31.906,0.330887
31.908,0.331249
31.91,0.333331
31.912,0.336233
31.914,0.339326
31.916,0.342199
31.918,0.344602
31.92,0.37389
31.922,0.393304
31.924,0.404976
31.926,0.410741
31.928,0.412138
31.93,0.410425
31.932,0.406603
31.934,0.401453
31.936,0.423048
31.938,0.435106
31.94,0.440049
31.942,0.439869
31.944,0.43616
31.946,0.43017
31.948,0.422847
31.95,0.44238
31.952,0.452549
31.954,0.455814
31.956,0.454176
31.958,0.449225
31.96,0.442193
31.962,0.434009
31.964,0.42535
31.966,0.416691
31.968,0.408347
31.97,0.428
31.972,0.439038
31.974,0.443618
31.976,0.443521
31.978,0.44018
31.98,0.43472
31.982,0.428001
31.984,0.420663
31.986,0.413163
31.988,0.405815
31.99,0.426308
31.992,0.438042
31.994,0.443192
31.996,0.443557
31.998,0.358834
32,0.300058
32.002,0.261367
32.004,0.237811
32.006,0.2528
32.008,0.266342
32.01,0.277984
32.012,0.28755
32.014,0.295047
32.016,0.300607
32.018,0.304431
32.02,0.306753
32.022,0.307819
32.024,0.307862
32.026,0.388853
32.028,0.441091
32.03,0.498963
32.032,0.53149
32.034,0.54545
32.036,0.546316
32.038,0.538403
32.04,0.525028
32.042,0.508667
32.044,0.491109
32.046,0.473594
32.048,0.456933
32.05,0.441612
32.052,0.427877
32.054,0.415805
32.056,0.405357
32.058,0.396419
32.06,0.388839
32.062,0.382444
32.064,0.377058
32.066,0.372516
32.068,0.396151
32.07,0.411115
32.072,0.419409
32.074,0.422726
32.076,0.422455
32.078,0.419711
32.08,0.415365
32.082,0.410083
32.084,0.404356
32.086,0.398532
32.088,0.392851
32.09,0.387464
32.092,0.464209
32.094,0.513234
32.096,0.54128
32.098,0.553931
32.1,0.555704
32.102,0.55016
32.104,0.540038
32.106,0.527385
32.108,0.513683
32.11,0.49996
32.112,0.486892
32.114,0.474883
32.116,0.464144
32.118,0.45474
32.12,0.474131
32.122,0.48551
32.124,0.490874
32.126,0.49187
32.128,0.489823
32.13,0.485776
32.132,0.480527
32.134,0.474668
32.136,0.468624
32.138,0.462687
32.14,0.457045
32.142,0.451808
32.144,0.474516
32.146,0.488465
32.148,0.495757
32.15,0.498149
32.152,0.497066
32.154,0.49364
32.156,0.488749
32.158,0.483049
32.16,0.477021
32.162,0.471
32.164,0.492696
32.166,0.505529
32.168,0.51169
32.17,0.512992
32.172,0.510897
32.174,0.506558
32.176,0.500857
32.178,0.494452
32.18,0.487817
32.182,0.399527
32.184,0.339686
32.186,0.329168
32.188,0.325719
32.19,0.326926
32.192,0.330965
32.194,0.336489
32.196,0.342544
32.198,0.348483
32.2,0.353897
32.202,0.358553
32.204,0.362345
32.206,0.365259
32.208,0.367337
32.21,0.36866
32.212,0.369324
32.214,0.369434
32.216,0.396579
32.218,0.414138
32.22,0.424315
32.222,0.42897
32.224,0.429634
32.226,0.427534
32.228,0.423632
32.23,0.418662
32.232,0.413165
32.234,0.48928
32.236,0.537381
32.238,0.564371
32.24,0.57595
32.242,0.576707
32.244,0.570249
32.246,0.559339
32.248,0.546032
32.25,0.531806
32.252,0.517682
32.254,0.50432
32.256,0.492112
32.258,0.508739
32.26,0.517535
32.262,0.520579
32.264,0.519557
32.266,0.515804
32.268,0.510349
32.27,0.503965
32.272,0.497212
32.274,0.490482
32.276,0.484033
32.278,0.47802
32.28,0.500012
32.282,0.51332
32.284,0.520054
32.286,0.521968
32.288,0.520484
32.29,0.516726
32.292,0.42981
32.294,0.370278
32.296,0.331864
32.298,0.309294
32.3,0.29824
32.302,0.322718
32.304,0.343299
32.306,0.360038
32.308,0.373192
32.31,0.38314
32.312,0.390313
32.314,0.395156
32.316,0.398096
32.318,0.39952
32.32,0.399772
32.322,0.399147
32.324,0.39789
32.326,0.396198
32.328,0.39423
32.33,0.392106
32.332,0.389918
32.334,0.38773
32.336,0.413077
32.338,0.42927
32.34,0.438447
32.342,0.442403
32.344,0.44261
32.346,0.440242
32.348,0.436216
32.35,0.431227
32.352,0.425787
32.354,0.420259
32.356,0.414887
32.358,0.409827
32.36,0.405163
32.362,0.400935
32.364,0.397143
32.366,0.393769
32.368,0.390778
32.37,0.415616
32.372,0.431525
32.374,0.44058
32.376,0.444528
32.378,0.444802
32.38,0.442549
32.382,0.438663
32.384,0.433824
32.386,0.428533
32.388,0.423145
32.39,0.417902
32.392,0.412956
32.394,0.408393
32.396,0.40425
32.398,0.400532
32.4,0.397218
32.402,0.421765
32.404,0.437416
32.406,0.446249
32.408,0.45001
32.41,0.450128
32.412,0.447746
32.414,0.443755
32.416,0.438831
32.418,0.433471
32.42,0.428028
32.422,0.42274
32.424,0.417758
32.426,0.413164
32.428,0.408996
32.43,0.405255
32.432,0.401921
32.434,0.398963
32.436,0.39634
32.438,0.394009
32.44,0.39193
32.442,0.390064
32.444,0.415862
32.446,0.432577
32.448,0.442304
32.45,0.446806
32.452,0.447536
32.454,0.445656
32.456,0.442077
32.458,0.437491
32.46,0.432412
32.462,0.427205
32.464,0.422119
32.466,0.417311
32.468,0.412874
32.47,0.408847
32.472,0.405238
32.474,0.40203
32.476,0.399191
32.478,0.396684
32.48,0.394467
32.482,0.392499
32.484,0.390742
32.486,0.38916
32.488,0.387723
32.49,0.386406
32.492,0.385186
32.494,0.384045
32.496,0.38297
32.498,0.381949
32.5,0.380973
32.502,0.380036
32.504,0.379133
32.506,0.405747
32.508,0.423159
32.51,0.433487
32.512,0.438516
32.514,0.439714
32.516,0.438257
32.518,0.435068
32.52,0.430846
32.522,0.426111
32.524,0.421232
32.526,0.416462
32.528,0.411962
32.53,0.407823
32.532,0.404087
32.534,0.400763
32.536,0.397832
32.538,0.395264
32.54,0.393021
32.542,0.391061
32.544,0.389343
32.546,0.387829
32.548,0.386483
32.55,0.385275
32.552,0.38418
32.554,0.383175
32.556,0.382242
32.558,0.381368
32.56,0.380542
32.562,0.379754
32.564,0.378999
32.566,0.378271
32.568,0.377568
32.57,0.376886
32.572,0.376225
32.574,0.375583
32.576,0.374959
32.578,0.374353
32.58,0.373765
32.582,0.373194
32.584,0.372641
32.586,0.372104
32.588,0.453336
32.59,0.506445
32.592,0.538166
32.594,0.554101
32.596,0.558795
32.598,0.555846
32.6,0.548035
32.602,0.537448
32.604,0.525603
32.606,0.431811
32.608,0.366668
32.61,0.323869
32.612,0.298042
32.614,0.284726
32.616,0.280307
32.618,0.281928
32.62,0.287386
32.622,0.295028
32.624,0.303655
32.626,0.312431
32.628,0.320801
32.63,0.32843
32.632,0.335138
32.634,0.340863
32.636,0.34562
32.638,0.349472
32.64,0.352514
32.642,0.354851
32.644,0.356594
32.646,0.357847
32.648,0.358706
32.65,0.359258
32.652,0.359574
32.654,0.359715
32.656,0.359732
32.658,0.359663
32.66,0.35954
32.662,0.359385
32.664,0.359216
32.666,0.440795
32.668,0.494241
32.67,0.526293
32.672,0.542556
32.674,0.547576
32.676,0.544954
32.678,0.537467
32.68,0.527203
32.682,0.515678
32.684,0.503953
32.686,0.492733
32.688,0.400695
32.69,0.33796
32.692,0.297877
32.694,0.274827
32.696,0.264188
32.698,0.262245
32.7,0.266084
32.702,0.273481
32.704,0.282786
32.706,0.292814
32.708,0.302753
32.71,0.31208
32.712,0.320487
32.714,0.327827
32.716,0.334062
32.718,0.339232
32.72,0.343421
32.722,0.346741
32.724,0.349312
32.726,0.351256
32.728,0.352687
32.73,0.353708
32.732,0.354408
32.734,0.354866
32.736,0.355144
32.738,0.355293
32.74,0.355355
32.742,0.35536
32.744,0.355331
32.746,0.355287
32.748,0.355238
32.75,0.355192
32.752,0.355155
32.754,0.355128
32.756,0.355113
32.758,0.355109
32.76,0.355116
32.762,0.355132
32.764,0.355156
32.766,0.355187
32.768,0.355222
32.77,0.355262
32.772,0.437055
32.774,0.490711
32.776,0.522963
32.778,0.539414
32.78,0.544607
32.782,0.542143
32.784,0.5348
32.786,0.442913
32.788,0.377893
32.79,0.334067
32.792,0.306538
32.794,0.291191
32.796,0.284659
32.798,0.284245
32.8,0.287849
32.802,0.293874
32.804,0.301142
32.806,0.308816
32.808,0.316328
32.81,0.323315
32.812,0.329573
32.814,0.335007
32.816,0.339604
32.818,0.343402
32.82,0.346469
32.822,0.348894
32.824,0.350768
32.826,0.352182
32.828,0.353222
32.83,0.353965
32.832,0.354476
32.834,0.354812
32.836,0.35502
32.838,0.355136
32.84,0.35519
32.842,0.355204
32.844,0.355196
32.846,0.355176
32.848,0.355155
32.85,0.355136
32.852,0.355123
32.854,0.355118
32.856,0.355122
32.858,0.355134
32.86,0.327666
32.862,0.309435
32.864,0.298318
32.866,0.29253
32.868,0.2906
32.87,0.291349
32.872,0.212103
32.874,0.162052
32.876,0.13394
32.878,0.121795
32.88,0.120817
32.882,0.127248
32.884,0.138214
32.886,0.151585
32.888,0.165834
32.89,0.179917
32.892,0.193157
32.894,0.205161
32.896,0.21574
32.898,0.306601
32.9,0.367906
32.902,0.406502
32.904,0.428136
32.906,0.437512
32.908,0.438387
32.91,0.406202
32.912,0.379898
32.914,0.35899
32.916,0.342855
32.918,0.330812
32.92,0.322183
32.922,0.31633
32.924,0.312677
32.926,0.310722
32.928,0.31004
32.93,0.310279
32.932,0.311156
32.934,0.31245
32.936,0.313989
32.938,0.315648
32.94,0.317335
32.942,0.291501
32.944,0.274822
32.946,0.265157
32.948,0.260705
32.95,0.259998
32.952,0.26186
32.954,0.265377
32.956,0.269857
32.958,0.274789
32.96,0.279816
32.962,0.284692
32.964,0.371017
32.966,0.428816
32.968,0.437301
32.97,0.438789
32.972,0.435726
32.974,0.429959
32.976,0.42284
32.978,0.415322
32.98,0.408046
32.982,0.40141
32.984,0.395638
32.986,0.309069
32.988,0.251599
32.99,0.216437
32.992,0.197892
32.994,0.191314
32.996,0.192991
32.998,0.200036
33,0.210261
33.002,0.222057
33.004,0.234286
33.006,0.246178
33.008,0.25725
33.01,0.267229
33.012,0.275998
33.014,0.283546
33.016,0.289935
33.018,0.295267
33.02,0.299666
33.022,0.303264
33.024,0.30619
33.026,0.281079
33.028,0.264754
33.03,0.25519
33.032,0.250678
33.034,0.249816
33.036,0.251478
33.038,0.254784
33.04,0.259065
33.042,0.263824
33.044,0.26871
33.046,0.273481
33.048,0.277986
33.05,0.282136
33.052,0.285891
33.054,0.289247
33.056,0.210467
33.058,0.159474
33.06,0.129567
33.062,0.115185
33.064,0.111823
33.066,0.115919
33.068,0.124727
33.07,0.136187
33.072,0.121321
33.074,0.115802
33.076,0.116824
33.078,0.122182
33.08,0.21194
33.082,0.274951
33.084,0.317052
33.086,0.343224
33.088,0.357612
33.09,0.336093
33.092,0.31805
33.094,0.303422
33.096,0.29197
33.098,0.283355
33.1,0.277187
33.102,0.273072
33.104,0.243143
33.106,0.223772
33.108,0.212536
33.11,0.207388
33.112,0.206643
33.114,0.20895
33.116,0.295001
33.118,0.326608
33.12,0.346627
33.122,0.358112
33.124,0.363529
33.126,0.364822
33.128,0.363487
33.13,0.360639
33.132,0.357087
33.134,0.353392
33.136,0.322437
33.138,0.301162
33.14,0.287564
33.142,0.279896
33.144,0.276678
33.146,0.276687
33.148,0.278938
33.15,0.282658
33.152,0.287254
33.154,0.292285
33.156,0.297436
33.158,0.275003
33.16,0.261562
33.162,0.254913
33.164,0.253229
33.166,0.255032
33.168,0.259158
33.17,0.264708
33.172,0.271013
33.174,0.277586
33.176,0.256607
33.178,0.24457
33.18,0.239225
33.182,0.238719
33.184,0.241563
33.186,0.246592
33.188,0.252916
33.19,0.259875
33.192,0.267
33.194,0.273968
33.196,0.253088
33.198,0.240956
33.2,0.317153
33.202,0.369988
33.204,0.40475
33.206,0.425902
33.208,0.437116
33.21,0.441344
33.212,0.440896
33.214,0.437542
33.216,0.43259
33.218,0.426984
33.22,0.339615
33.222,0.280794
33.224,0.244031
33.226,0.223843
33.228,0.215715
33.23,0.216021
33.232,0.221916
33.234,0.231226
33.236,0.242339
33.238,0.254098
33.24,0.265711
33.242,0.276666
33.244,0.286663
33.246,0.29556
33.248,0.275834
33.25,0.264241
33.252,0.258746
33.254,0.257672
33.256,0.177919
33.258,0.12832
33.26,0.101331
33.262,0.0907505
33.264,0.0916044
33.266,0.0999992
33.268,0.112967
33.27,0.128309
33.272,0.144457
33.274,0.160337
33.276,0.175261
33.278,0.188831
33.28,0.20086
33.282,0.211309
33.284,0.220241
33.286,0.227776
33.288,0.234071
33.29,0.239291
33.292,0.216119
33.294,0.201427
33.296,0.193237
33.298,0.189887
33.3,0.190013
33.302,0.192524
33.304,0.196572
33.306,0.201508
33.308,0.20686
33.31,0.184801
33.312,0.17182
33.314,0.165653
33.316,0.164435
33.318,0.16666
33.32,0.171148
33.322,0.176997
33.324,0.183537
33.326,0.162798
33.328,0.232919
33.33,0.281678
33.332,0.313898
33.334,0.333654
33.336,0.3443
33.338,0.348533
33.34,0.348466
33.342,0.318229
33.344,0.295737
33.346,0.279735
33.348,0.269027
33.35,0.262529
33.352,0.259289
33.354,0.258498
33.356,0.259484
33.358,0.261703
33.36,0.23724
33.362,0.222482
33.364,0.215064
33.366,0.21302
33.368,0.296514
33.37,0.354394
33.372,0.392429
33.374,0.415495
33.376,0.400127
33.378,0.386275
33.38,0.374359
33.382,0.364537
33.384,0.356786
33.386,0.350967
33.388,0.346875
33.39,0.344272
33.392,0.342914
33.394,0.342569
33.396,0.343021
33.398,0.344081
33.4,0.263835
33.402,0.212042
33.404,0.181855
33.406,0.167587
33.408,0.164627
33.41,0.169325
33.412,0.15138
33.414,0.145397
33.416,0.147722
33.418,0.155498
33.42,0.166545
33.422,0.179256
33.424,0.192482
33.426,0.205437
33.428,0.217624
33.43,0.228753
33.432,0.238694
33.434,0.247421
33.436,0.254984
33.438,0.261477
33.44,0.267016
33.442,0.271728
33.444,0.275739
33.446,0.279166
33.448,0.282115
33.45,0.257193
33.452,0.241194
33.454,0.232065
33.456,0.228073
33.458,0.227791
33.46,0.230075
33.462,0.234028
33.464,0.238968
33.466,0.244389
33.468,0.249929
33.47,0.255344
33.472,0.260475
33.474,0.265233
33.476,0.269577
33.478,0.273499
33.48,0.277016
33.482,0.280158
33.484,0.282963
33.486,0.203719
33.488,0.152359
33.49,0.122185
33.492,0.107629
33.494,0.104177
33.496,0.108256
33.498,0.117107
33.5,0.12866
33.502,0.141412
33.504,0.154311
33.506,0.139174
33.508,0.132293
33.51,0.131323
33.512,0.134397
33.514,0.140063
33.516,0.147223
33.518,0.155073
33.52,0.163044
33.522,0.170755
33.524,0.177968
33.526,0.184552
33.528,0.190455
33.53,0.168189
33.532,0.154505
33.534,0.147341
33.536,0.144977
33.538,0.146014
33.54,0.149344
33.542,0.154107
33.544,0.15966
33.546,0.138046
33.548,0.125653
33.55,0.201895
33.552,0.254961
33.554,0.290049
33.556,0.311557
33.558,0.323115
33.56,0.327647
33.562,0.32745
33.564,0.296799
33.566,0.27372
33.568,0.257038
33.57,0.245619
33.572,0.238418
33.574,0.234512
33.576,0.233105
33.578,0.233533
33.58,0.235256
33.582,0.237842
33.584,0.240958
33.586,0.244353
33.588,0.220356
33.59,0.205554
33.592,0.197744
33.594,0.195086
33.596,0.196083
33.598,0.199548
33.6,0.204562
33.602,0.210434
33.604,0.216658
33.606,0.222883
33.608,0.228874
33.61,0.206999
33.612,0.1939
33.614,0.187429
33.616,0.185805
33.618,0.187585
33.62,0.191632
33.622,0.197071
33.624,0.203246
33.626,0.209684
33.628,0.216056
33.63,0.222149
33.632,0.227834
33.634,0.233045
33.636,0.237764
33.638,0.214514
33.64,0.200043
33.642,0.192274
33.644,0.189466
33.646,0.190199
33.648,0.19334
33.65,0.198012
33.652,0.203547
33.654,0.209461
33.656,0.215409
33.658,0.221161
33.66,0.226574
33.662,0.23157
33.664,0.236118
33.666,0.240219
33.668,0.243896
33.67,0.247183
33.672,0.250123
33.674,0.252759
33.676,0.255133
33.678,0.229799
33.68,0.213507
33.682,0.20417
33.684,0.200027
33.686,0.199632
33.688,0.201824
33.69,0.205697
33.692,0.210559
33.694,0.215902
33.696,0.22136
33.698,0.226687
33.7,0.231726
33.702,0.236386
33.704,0.240628
33.706,0.244444
33.708,0.247854
33.71,0.250886
33.712,0.253582
33.714,0.255981
33.716,0.176373
33.718,0.124689
33.72,0.0942275
33.722,0.0794174
