"Time","input"
0,0
0.002,0
0.004,0
0.006,0
0.008,0
0.01,0
0.012,0
0.014,0
0.016,0
0.018,0
0.02,0
0.022,0
0.024,0
0.026,0
0.028,0
0.03,0
0.032,0
0.034,0
0.036,0
0.038,0
0.04,0
0.042,0
0.044,0
0.046,0
0.048,0
0.05,0
0.052,0
0.054,0
0.056,0
0.058,0
0.06,0
0.062,0
0.064,0
0.066,0
0.068,0
0.07,0
0.072,0
0.074,0
0.076,0
0.078,0
0.08,0
0.082,0
0.084,0
0.086,0
0.088,0
0.09,0
0.092,0
0.094,0
0.096,0
0.098,0
0.1,0
0.102,0
0.104,0
0.106,0
0.108,0
0.11,0
0.112,0
0.114,0
0.116,0
0.118,0
0.12,0
0.122,0
0.124,0
0.126,0
0.128,0
0.13,0
0.132,0
0.134,0
0.136,0
0.138,0
0.14,0
0.142,0
0.144,0
0.146,0
0.148,0
0.15,0
0.152,0
0.154,0
0.156,0
0.158,0
0.16,0
0.162,0
0.164,0
0.166,0
0.168,0
0.17,0
0.172,0
0.174,0
0.176,0
0.178,0
0.18,0
0.182,0
0.184,0
0.186,0
0.188,0
0.19,0
0.192,0
0.194,0
0.196,0
0.198,0
0.2,0
0.202,0
0.204,0
0.206,0
0.208,0
0.21,0
0.212,0
0.214,0
0.216,0
0.218,0
0.22,0
0.222,0
0.224,0
0.226,0
0.228,0
0.23,0
0.232,0
0.234,0
0.236,0
0.238,0
0.24,0
0.242,0
0.244,0
0.246,0
0.248,0
0.25,0
0.252,0
0.254,0
0.256,0
0.258,0
0.26,0
0.262,0
0.264,0
0.266,0
0.268,0
0.27,0
0.272,0
0.274,0
0.276,0
0.278,0
0.28,0
0.282,0
0.284,0
0.286,0
0.288,0
0.29,0
0.292,0
0.294,0
0.296,0
0.298,0
0.3,0
0.302,0
0.304,0
0.306,0
0.308,0
0.31,0
0.312,0
0.314,0
0.316,0
0.318,0
0.32,0
0.322,0
0.324,0
0.326,0
0.328,0
0.33,0
0.332,0
0.334,0
0.336,0
0.338,0
0.34,0
0.342,0
0.344,0
0.346,0
0.348,0
0.35,0
0.352,0
0.354,0
0.356,0
0.358,0
0.36,0
0.362,0
0.364,0
0.366,0
0.368,0
0.37,0
0.372,0
0.374,0
0.376,0
0.378,0
0.38,0
0.382,0
0.384,0
0.386,0
0.388,0
0.39,0
0.392,0
0.394,0
0.396,0
0.398,0
0.4,0
0.402,0
0.404,0
0.406,0
0.408,0
0.41,0
0.412,0
0.414,0
0.416,0
0.418,0
0.42,0
0.422,0
0.424,0
0.426,0
0.428,0
0.43,0
0.432,0
0.434,0
0.436,0
0.438,0
0.44,0
0.442,0
0.444,0
0.446,0
0.448,0
0.45,0
0.452,0
0.454,0
0.456,0
0.458,0
0.46,0
0.462,0
0.464,0
0.466,0
0.468,0
0.47,0
0.472,0
0.474,0
0.476,0
0.478,0
0.48,0
0.482,0
0.484,0
0.486,0
0.488,0
0.49,0
0.492,0
0.494,0
0.496,0
0.498,0
0.5,0
0.502,0
0.504,0
0.506,0
0.508,0
0.51,0
0.512,0
0.514,0
0.516,0
0.518,0
0.52,0
0.522,0
0.524,0
0.526,0
0.528,0
0.53,0
0.532,0
0.534,0
0.536,0
0.538,0
0.54,0
0.542,0
0.544,0
0.546,0
0.548,0
0.55,0
0.552,0
0.554,0
0.556,0
0.558,0
0.56,0
0.562,0
0.564,0
0.566,0
0.568,0
0.57,0
0.572,0
0.574,0
0.576,0
0.578,0
0.58,0
0.582,0
0.584,0
0.586,0
0.588,0
0.59,0
0.592,0
0.594,0
0.596,0
0.598,0
0.6,0
0.602,0
0.604,0
0.606,0
0.608,0
0.61,0
0.612,0
0.614,0
0.616,0
0.618,0
0.62,0
0.622,0
0.624,0
0.626,0
0.628,0
0.63,0
0.632,0
0.634,0
0.636,0
0.638,0
0.64,0
0.642,0
0.644,0
0.646,0
0.648,0
0.65,0
0.652,0
0.654,0
0.656,0
0.658,0
0.66,0
0.662,0
0.664,0
0.666,0
0.668,0
0.67,0
0.672,0
0.674,0
0.676,0
0.678,0
0.68,0
0.682,0
0.684,0
0.686,0
0.688,0
0.69,0
0.692,0
0.694,0
0.696,0
0.698,0
0.7,0
0.702,0
0.704,0
0.706,0
0.708,0
0.71,0
0.712,0
0.714,0
0.716,0
0.718,0
0.72,0
0.722,0
0.724,0
0.726,0
0.728,0
0.73,0
0.732,0
0.734,0
0.736,0
0.738,0
0.74,0
0.742,0
0.744,0
0.746,0
0.748,0
0.75,0
0.752,0
0.754,0
0.756,0
0.758,0
0.76,0
0.762,0
0.764,0
0.766,0
0.768,0
0.77,0
0.772,0
0.774,0
0.776,0
0.778,0
0.78,0
0.782,0
0.784,0
0.786,0
0.788,0
0.79,0
0.792,0
0.794,0
0.796,0
0.798,0
0.8,0
0.802,0
0.804,0
0.806,0
0.808,0
0.81,0
0.812,0
0.814,0
0.816,0
0.818,0
0.82,0
0.822,0
0.824,0
0.826,0
0.828,0
0.83,0
0.832,0
0.834,0
0.836,0
0.838,0
0.84,0
0.842,0
0.844,0
0.846,0
0.848,0
0.85,0
0.852,0
0.854,0
0.856,0
0.858,0
0.86,0
0.862,0
0.864,0
0.866,0
0.868,0
0.87,0
0.872,0
0.874,0
0.876,0
0.878,0
0.88,0
0.882,0
0.884,0
0.886,0
0.888,0
0.89,0
0.892,0
0.894,0
0.896,0
0.898,0
0.9,0
0.902,0
0.904,0
0.906,0
0.908,0
0.91,0
0.912,0
0.914,0
0.916,0
0.918,0
0.92,0
0.922,0
0.924,0
0.926,0
0.928,0
0.93,0
0.932,0
0.934,0
0.936,0
0.938,0
0.94,0
0.942,0
0.944,0
0.946,0
0.948,0
0.95,0
0.952,0
0.954,0
0.956,0
0.958,0
0.96,0
0.962,0
0.964,0
0.966,0
0.968,0
0.97,0
0.972,0
0.974,0
0.976,0
0.978,0
0.98,0
0.982,0
0.984,0
0.986,0
0.988,0
0.99,0
0.992,0
0.994,0
0.996,0
0.998,0
1,0.2
1.002,0.2
1.004,0.2
1.006,0.2
1.008,0.2
1.01,0.2
1.012,0.2
1.014,0.2
1.016,0.2
1.018,0.2
1.02,0.2
1.022,0.2
1.024,0.2
1.026,0.2
1.028,0.2
1.03,0.2
1.032,0.2
1.034,0.2
1.036,0.2
1.038,0.2
1.04,0.2
1.042,0.2
1.044,0.2
1.046,0.2
1.048,0.2
1.05,0.2
1.052,0.2
1.054,0.2
1.056,0.2
1.058,0.2
1.06,0.2
1.062,0.2
1.064,0.2
1.066,0.2
1.068,0.2
1.07,0.2
1.072,0.2
1.074,0.2
1.076,0.2
1.078,0.2
1.08,0.2
1.082,0.2
1.084,0.2
1.086,0.2
1.088,0.2
1.09,0.2
1.092,0.2
1.094,0.2
1.096,0.2
1.098,0.2
1.1,0
1.102,0
1.104,0
1.106,0
1.108,0
1.11,0
1.112,0
1.114,0
1.116,0
1.118,0
1.12,0
1.122,0
1.124,0
1.126,0
1.128,0
1.13,0
1.132,0
1.134,0
1.136,0
1.138,0
1.14,0
1.142,0
1.144,0
1.146,0
1.148,0
1.15,0
1.152,0
1.154,0
1.156,0
1.158,0
1.16,0
1.162,0
1.164,0
1.166,0
1.168,0
1.17,0
1.172,0
1.174,0
1.176,0
1.178,0
1.18,0
1.182,0
1.184,0
1.186,0
1.188,0
1.19,0
1.192,0
1.194,0
1.196,0
1.198,0
1.2,0
1.202,0
1.204,0
1.206,0
1.208,0
1.21,0
1.212,0
1.214,0
1.216,0
1.218,0
1.22,0
1.222,0
1.224,0
1.226,0
1.228,0
1.23,0
1.232,0
1.234,0
1.236,0
1.238,0
1.24,0
1.242,0
1.244,0
1.246,0
1.248,0
1.25,0
1.252,0
1.254,0
1.256,0
1.258,0
1.26,0
1.262,0
1.264,0
1.266,0
1.268,0
1.27,0
1.272,0
1.274,0
1.276,0
1.278,0
1.28,0
1.282,0
1.284,0
1.286,0
1.288,0
1.29,0
1.292,0
1.294,0
1.296,0
1.298,0
1.3,0
1.302,0
1.304,0
1.306,0
1.308,0
1.31,0
1.312,0
1.314,0
1.316,0
1.318,0
1.32,0
1.322,0
1.324,0
1.326,0
1.328,0
1.33,0
1.332,0
1.334,0
1.336,0
1.338,0
1.34,0
1.342,0
1.344,0
1.346,0
1.348,0
1.35,0
1.352,0
1.354,0
1.356,0
1.358,0
1.36,0
1.362,0
1.364,0
1.366,0
1.368,0
1.37,0
1.372,0
1.374,0
1.376,0
1.378,0
1.38,0
1.382,0
1.384,0
1.386,0
1.388,0
1.39,0
1.392,0
1.394,0
1.396,0
1.398,0
1.4,0
1.402,0
1.404,0
1.406,0
1.408,0
1.41,0
1.412,0
1.414,0
1.416,0
1.418,0
1.42,0
1.422,0
1.424,0
1.426,0
1.428,0
1.43,0
1.432,0
1.434,0
1.436,0
1.438,0
1.44,0
1.442,0
1.444,0
1.446,0
1.448,0
1.45,0
1.452,0
1.454,0
1.456,0
1.458,0
1.46,0
1.462,0
1.464,0
1.466,0
1.468,0
1.47,0
1.472,0
1.474,0
1.476,0
1.478,0
1.48,0
1.482,0
1.484,0
1.486,0
1.488,0
1.49,0
1.492,0
1.494,0
1.496,0
1.498,0
1.5,0
1.502,0
1.504,0
1.506,0
1.508,0
1.51,0
1.512,0
1.514,0
1.516,0
1.518,0
1.52,0
1.522,0
1.524,0
1.526,0
1.528,0
1.53,0
1.532,0
1.534,0
1.536,0
1.538,0
1.54,0
1.542,0
1.544,0
1.546,0
1.548,0
1.55,0
1.552,0
1.554,0
1.556,0
1.558,0
1.56,0
1.562,0
1.564,0
1.566,0
1.568,0
1.57,0
1.572,0
1.574,0
1.576,0
1.578,0
1.58,0
1.582,0
1.584,0
1.586,0
1.588,0
1.59,0
1.592,0
1.594,0
1.596,0
1.598,0
1.6,0
1.602,0
1.604,0
1.606,0
1.608,0
1.61,0
1.612,0
1.614,0
1.616,0
1.618,0
1.62,0
1.622,0
1.624,0
1.626,0
1.628,0
1.63,0
1.632,0
1.634,0
1.636,0
1.638,0
1.64,0
1.642,0
1.644,0
1.646,0
1.648,0
1.65,0
1.652,0
1.654,0
1.656,0
1.658,0
1.66,0
1.662,0
1.664,0
1.666,0
1.668,0
1.67,0
1.672,0
1.674,0
1.676,0
1.678,0
1.68,0
1.682,0
1.684,0
1.686,0
1.688,0
1.69,0
1.692,0
1.694,0
1.696,0
1.698,0
1.7,0
1.702,0
1.704,0
1.706,0
1.708,0
1.71,0
1.712,0
1.714,0
1.716,0
1.718,0
1.72,0
1.722,0
1.724,0
1.726,0
1.728,0
1.73,0
1.732,0
1.734,0
1.736,0
1.738,0
1.74,0
1.742,0
1.744,0
1.746,0
1.748,0
1.75,0
1.752,0
1.754,0
1.756,0
1.758,0
1.76,0
1.762,0
1.764,0
1.766,0
1.768,0
1.77,0
1.772,0
1.774,0
1.776,0
1.778,0
1.78,0
1.782,0
1.784,0
1.786,0
1.788,0
1.79,0
1.792,0
1.794,0
1.796,0
1.798,0
1.8,0
1.802,0
1.804,0
1.806,0
1.808,0
1.81,0
1.812,0
1.814,0
1.816,0
1.818,0
1.82,0
1.822,0
1.824,0
1.826,0
1.828,0
1.83,0
1.832,0
1.834,0
1.836,0
1.838,0
1.84,0
1.842,0
1.844,0
1.846,0
1.848,0
1.85,0
1.852,0
1.854,0
1.856,0
1.858,0
1.86,0
1.862,0
1.864,0
1.866,0
1.868,0
1.87,0
1.872,0
1.874,0
1.876,0
1.878,0
1.88,0
1.882,0
1.884,0
1.886,0
1.888,0
1.89,0
1.892,0
1.894,0
1.896,0
1.898,0
1.9,0
1.902,0
1.904,0
1.906,0
1.908,0
1.91,0
1.912,0
1.914,0
1.916,0
1.918,0
1.92,0
1.922,0
1.924,0
1.926,0
1.928,0
1.93,0
1.932,0
1.934,0
1.936,0
1.938,0
1.94,0
1.942,0
1.944,0
1.946,0
1.948,0
1.95,0
1.952,0
1.954,0
1.956,0
1.958,0
1.96,0
1.962,0
1.964,0
1.966,0
1.968,0
1.97,0
1.972,0
1.974,0
1.976,0
1.978,0
1.98,0
1.982,0
1.984,0
1.986,0
1.988,0
1.99,0
1.992,0
1.994,0
1.996,0
1.998,0
2,0
2.002,0
2.004,0
2.006,0
2.008,0
2.01,0
2.012,0
2.014,0
2.016,0
2.018,0
2.02,0
2.022,0
2.024,0
2.026,0
2.028,0
2.03,0
2.032,0
2.034,0
2.036,0
2.038,0
2.04,0
2.042,0
2.044,0
2.046,0
2.048,0
2.05,0
2.052,0
2.054,0
2.056,0
2.058,0
2.06,0
2.062,0
2.064,0
2.066,0
2.068,0
2.07,0
2.072,0
2.074,0
2.076,0
2.078,0
2.08,0
2.082,0
2.084,0
2.086,0
2.088,0
2.09,0
2.092,0
2.094,0
2.096,0
2.098,0
2.1,0
2.102,0
2.104,0
2.106,0
2.108,0
2.11,0
2.112,0
2.114,0
2.116,0
2.118,0
2.12,0
2.122,0
2.124,0
2.126,0
2.128,0
2.13,0
2.132,0
2.134,0
2.136,0
2.138,0
2.14,0
2.142,0
2.144,0
2.146,0
2.148,0
2.15,0
2.152,0
2.154,0
2.156,0
2.158,0
2.16,0
2.162,0
2.164,0
2.166,0
2.168,0
2.17,0
2.172,0
2.174,0
2.176,0
2.178,0
2.18,0
2.182,0
2.184,0
2.186,0
2.188,0
2.19,0
2.192,0
2.194,0
2.196,0
2.198,0
2.2,0
2.202,0
2.204,0
2.206,0
2.208,0
2.21,0
2.212,0
2.214,0
2.216,0
2.218,0
2.22,0
2.222,0
2.224,0
2.226,0
2.228,0
2.23,0
2.232,0
2.234,0
2.236,0
2.238,0
2.24,0
2.242,0
2.244,0
2.246,0
2.248,0
2.25,0
2.252,0
2.254,0
2.256,0
2.258,0
2.26,0
2.262,0
2.264,0
2.266,0
2.268,0
2.27,0
2.272,0
2.274,0
2.276,0
2.278,0
2.28,0
2.282,0
2.284,0
2.286,0
2.288,0
2.29,0
2.292,0
2.294,0
2.296,0
2.298,0
2.3,0
2.302,0
2.304,0
2.306,0
2.308,0
2.31,0
2.312,0
2.314,0
2.316,0
2.318,0
2.32,0
2.322,0
2.324,0
2.326,0
2.328,0
2.33,0
2.332,0
2.334,0
2.336,0
2.338,0
2.34,0
2.342,0
2.344,0
2.346,0
2.348,0
2.35,0
2.352,0
2.354,0
2.356,0
2.358,0
2.36,0
2.362,0
2.364,0
2.366,0
2.368,0
2.37,0
2.372,0
2.374,0
2.376,0
2.378,0
2.38,0
2.382,0
2.384,0
2.386,0
2.388,0
2.39,0
2.392,0
2.394,0
2.396,0
2.398,0
2.4,0
2.402,0
2.404,0
2.406,0
2.408,0
2.41,0
2.412,0
2.414,0
2.416,0
2.418,0
2.42,0
2.422,0
2.424,0
2.426,0
2.428,0
2.43,0
2.432,0
2.434,0
2.436,0
2.438,0
2.44,0
2.442,0
2.444,0
2.446,0
2.448,0
2.45,0
2.452,0
2.454,0
2.456,0
2.458,0
2.46,0
2.462,0
2.464,0
2.466,0
2.468,0
2.47,0
2.472,0
2.474,0
2.476,0
2.478,0
2.48,0
2.482,0
2.484,0
2.486,0
2.488,0
2.49,0
2.492,0
2.494,0
2.496,0
2.498,0
2.5,0
2.502,0
2.504,0
2.506,0
2.508,0
2.51,0
2.512,0
2.514,0
2.516,0
2.518,0
2.52,0
2.522,0
2.524,0
2.526,0
2.528,0
2.53,0
2.532,0
2.534,0
2.536,0
2.538,0
2.54,0
2.542,0
2.544,0
2.546,0
2.548,0
2.55,0
2.552,0
2.554,0
2.556,0
2.558,0
2.56,0
2.562,0
2.564,0
2.566,0
2.568,0
2.57,0
2.572,0
2.574,0
2.576,0
2.578,0
2.58,0
2.582,0
2.584,0
2.586,0
2.588,0
2.59,0
2.592,0
2.594,0
2.596,0
2.598,0
2.6,0
2.602,0
2.604,0
2.606,0
2.608,0
2.61,0
2.612,0
2.614,0
2.616,0
2.618,0
2.62,0
2.622,0
2.624,0
2.626,0
2.628,0
2.63,0
2.632,0
2.634,0
2.636,0
2.638,0
2.64,0
2.642,0
2.644,0
2.646,0
2.648,0
2.65,0
2.652,0
2.654,0
2.656,0
2.658,0
2.66,0
2.662,0
2.664,0
2.666,0
2.668,0
2.67,0
2.672,0
2.674,0
2.676,0
2.678,0
2.68,0
2.682,0
2.684,0
2.686,0
2.688,0
2.69,0
2.692,0
2.694,0
2.696,0
2.698,0
2.7,0
2.702,0
2.704,0
2.706,0
2.708,0
2.71,0
2.712,0
2.714,0
2.716,0
2.718,0
2.72,0
2.722,0
2.724,3.92762
2.726,3.92763
2.728,3.92764
2.73,3.92764
2.732,3.9275
2.734,3.92753
2.736,3.92732
2.738,3.92704
2.74,3.92672
2.742,3.92636
2.744,3.92528
2.746,3.92487
2.748,3.92353
2.75,3.92205
2.752,3.92047
2.754,3.91882
2.756,3.91712
2.758,3.91537
2.76,3.91175
2.762,3.91
2.764,3.90609
2.766,3.90206
2.768,3.89794
2.77,3.89644
2.772,3.8893
2.774,3.88504
2.776,3.88073
2.778,3.87639
2.78,3.86851
2.782,3.86423
2.784,3.85608
2.786,3.84785
2.788,3.84374
2.79,3.83525
2.792,3.82669
2.794,3.81806
2.796,3.80937
2.798,3.80552
2.8,3.79647
2.802,3.78734
2.804,3.77812
2.806,3.76881
2.808,3.75938
2.81,3.74983
2.812,3.74015
2.814,3.73033
2.816,3.72035
2.818,3.71022
2.82,3.69991
2.822,3.68944
2.824,3.68505
2.826,3.67391
2.828,3.6626
2.83,3.65113
2.832,3.646
2.834,3.63387
2.836,3.62818
2.838,3.61544
2.84,3.60256
2.842,3.5963
2.844,3.58957
2.846,3.57569
2.848,3.56853
2.85,3.56097
2.852,3.54621
2.854,3.53828
2.856,3.53
2.858,3.52138
2.86,3.51244
2.862,3.51004
2.864,3.50023
2.866,3.49021
2.868,3.48676
2.87,3.47606
2.872,3.4652
2.874,3.46097
2.876,3.45626
2.878,3.45114
2.88,3.43906
2.882,3.43357
2.884,3.42775
2.886,3.42164
2.888,3.41526
2.89,3.41507
2.892,3.40799
2.894,3.40077
2.896,3.39968
2.898,3.39196
2.9,3.39034
2.902,3.38224
2.904,3.38021
2.906,3.37786
2.908,3.37525
2.91,3.37241
2.912,3.36938
2.914,3.36619
2.916,3.36285
2.918,3.36499
2.92,3.36126
2.922,3.36291
2.924,3.35891
2.926,3.3602
2.928,3.36125
2.93,3.35697
2.932,3.35783
2.934,3.35853
2.936,3.3591
2.938,3.35955
2.94,3.36466
2.942,3.36487
2.944,3.36503
2.946,3.36966
2.948,3.36971
2.95,3.3741
2.952,3.3741
2.954,-3.37832
2.956,-3.38241
2.958,-3.3903
2.96,-3.39419
2.962,-3.39805
2.964,-3.40542
2.966,-3.41261
2.968,-3.41646
2.97,-3.42655
2.972,-3.43346
2.974,-3.44302
2.976,-3.4499
2.978,-3.45916
2.98,-3.46829
2.982,-3.47924
2.984,-3.48991
2.986,-3.49901
2.988,-3.50936
2.99,-3.52052
2.992,-3.53078
2.994,-3.54142
2.996,-3.55191
2.998,-3.56229
3,-3.57211
3.002,-3.58171
3.004,-3.59115
3.006,-3.60047
3.008,-3.60789
3.01,-3.61509
3.012,-3.6221
3.014,-3.62897
3.016,-3.63245
3.018,-3.63567
3.02,-3.63454
3.022,-3.63761
3.024,-3.63553
3.026,-3.62771
3.028,-3.62534
3.03,-3.61634
3.032,-3.60009
3.034,-3.59064
3.036,-3.57295
3.038,-3.55473
3.04,-3.53595
3.042,-3.50734
3.044,-3.48784
3.046,-3.45742
3.048,-3.42631
3.05,-3.39443
3.052,-3.3617
3.054,-3.33988
3.056,-3.31664
3.058,-3.27956
3.06,-3.24142
3.062,-3.21522
3.064,-3.17399
3.066,-3.14517
3.068,-3.1145
3.07,-3.082
3.072,-3.06173
3.074,-3.02471
3.076,-3.00034
3.078,-2.97351
3.08,-2.94433
3.082,-2.91296
3.084,-2.87949
3.086,-2.85867
3.088,-2.8204
3.09,-2.79516
3.092,-2.7674
3.094,-2.73732
3.096,-2.71971
3.098,-2.68456
3.1,-2.66227
3.102,-2.63741
3.104,-2.61023
3.106,-2.58097
3.108,-2.54982
3.11,-2.53117
3.112,-2.50995
3.114,-2.48644
3.116,-2.44702
3.118,-2.4344
3.12,-2.40537
3.122,-2.3749
3.124,-2.35668
3.126,-2.33636
3.128,-2.31419
3.13,-2.2904
3.132,-2.26518
3.134,-2.25156
3.136,-2.2232
3.138,-2.20658
3.14,-2.1883
3.142,-2.16858
3.144,-2.1476
3.146,-2.12553
3.148,-2.11444
3.15,-2.10166
3.152,-2.07583
3.154,-2.06105
3.156,-2.04509
3.158,-2.0393
3.16,-2.02085
3.162,-2.01259
3.164,-2.00301
3.166,-1.98176
3.168,-1.98107
3.17,-1.96852
3.172,-1.95528
3.174,-1.95138
3.176,-1.93654
3.178,-1.931
3.18,-1.92455
3.182,-1.91732
3.184,-1.9186
3.186,1.90974
3.188,1.90933
3.19,1.90803
3.192,1.90599
3.194,1.90334
3.196,1.90018
3.198,1.90461
3.2,1.90038
3.202,1.90363
3.204,1.90627
3.206,1.90841
3.208,1.91014
3.21,1.91861
3.212,1.91954
3.214,1.92708
3.216,1.93415
3.218,1.94087
3.22,1.94732
3.222,1.95356
3.224,1.96562
3.226,1.97729
3.228,1.98307
3.23,1.99438
3.232,2.00552
3.234,2.02172
3.236,2.03269
3.238,2.0485
3.24,2.05952
3.242,2.07517
3.244,2.0908
3.246,2.11062
3.248,2.12639
3.25,2.14226
3.252,2.16196
3.254,2.18174
3.256,2.20163
3.258,2.22167
3.26,2.24486
3.262,2.26542
3.264,2.28881
3.266,2.3124
3.268,2.33623
3.27,2.3603
3.272,2.38461
3.274,2.41088
3.276,2.43744
3.278,2.463
3.28,2.49098
3.282,2.51846
3.284,2.5462
3.286,2.57467
3.288,2.60348
3.29,2.63261
3.292,2.66204
3.294,2.69174
3.296,2.72097
3.298,2.75151
3.3,2.781
3.302,2.80927
3.304,2.83968
3.306,2.86818
3.308,2.8993
3.31,2.92781
3.312,2.95353
3.314,2.98278
3.316,3.00841
3.318,3.03412
3.32,3.05985
3.322,3.08081
3.324,3.10175
3.326,3.12259
3.328,3.1432
3.33,3.15718
3.332,3.1709
3.334,3.17696
3.336,3.19039
3.338,3.18669
3.34,3.19127
3.342,3.18575
3.344,3.17946
3.346,3.1618
3.348,3.14319
3.35,3.12349
3.352,3.10253
3.354,3.06737
3.356,3.04422
3.358,3.00539
3.36,2.96493
3.362,2.92267
3.364,2.87845
3.366,2.84798
3.368,2.81459
3.37,2.77823
3.372,2.73887
3.374,2.69649
3.376,2.66842
3.378,2.63633
3.38,2.61797
3.382,2.57703
3.384,2.55054
3.386,2.53741
3.388,2.50098
3.39,2.47871
3.392,2.45167
3.394,2.43803
3.396,2.40128
3.398,2.37873
3.4,2.35161
3.402,2.33786
3.404,2.30159
3.406,2.27944
3.408,2.25303
3.41,2.22282
3.412,2.20616
3.414,2.16831
3.416,2.1446
3.418,2.1173
3.42,2.08682
3.422,2.06977
3.424,2.03286
3.426,2.00985
3.428,1.98376
3.43,1.95499
3.432,1.92387
3.434,1.90598
3.436,1.86996
3.438,1.84748
3.44,1.82257
3.442,1.79556
3.444,1.76672
3.446,1.75059
3.448,1.71785
3.45,1.69801
3.452,1.67618
3.454,-1.65263
3.456,-1.6276
3.458,-1.61454
3.46,-1.59934
3.462,-1.56946
3.464,-1.5517
3.466,-1.53248
3.468,-1.51202
3.47,-1.50265
3.472,-1.47948
3.474,-1.46744
3.476,-1.45394
3.478,-1.42774
3.48,-1.41266
3.482,-1.40771
3.484,-1.39013
3.486,-1.3827
3.488,-1.36335
3.49,-1.35411
3.492,-1.34382
3.494,-1.33265
3.496,-1.32073
3.498,-1.31796
3.5,-1.30436
3.502,-1.29985
3.504,-1.29437
3.506,-1.28808
3.508,-1.28111
3.51,-1.27356
3.512,-1.26553
3.514,-1.26561
3.516,-1.25645
3.518,-1.2553
3.52,-1.25346
3.522,-1.25104
3.524,-1.25586
3.526,-1.25225
3.528,-1.24835
3.53,-1.25155
3.532,-1.25413
3.534,-1.25623
3.536,-1.25793
3.538,-1.2593
3.54,-1.26697
3.542,-1.2677
3.544,-1.27458
3.546,-1.28107
3.548,-1.28725
3.55,-1.29321
3.552,-1.299
3.554,1.30467
3.556,1.31572
3.558,1.3265
3.56,1.33193
3.562,1.3475
3.564,1.35792
3.566,1.36833
3.568,1.37875
3.57,1.39374
3.572,1.40869
3.574,1.42366
3.576,1.43871
3.578,1.45386
3.58,1.47294
3.582,1.48851
3.584,1.50778
3.586,1.52724
3.588,1.54694
3.59,1.5669
3.592,1.58712
3.594,1.61045
3.596,1.63411
3.598,1.65814
3.6,1.68256
3.602,1.70739
3.604,1.7326
3.606,1.76011
3.608,1.7864
3.61,1.81467
3.612,1.84345
3.614,-1.87274
3.616,-1.90252
3.618,-1.93374
3.62,-1.96483
3.622,-1.99695
3.624,-2.02968
3.626,-2.06299
3.628,-2.09682
3.63,-2.13106
3.632,-2.16631
3.634,-2.20146
3.636,-2.23723
3.638,-2.27356
3.64,-2.30925
3.642,-2.34704
3.644,-2.38358
3.646,-2.4207
3.648,-2.45833
3.65,-2.49636
3.652,-2.53215
3.654,-2.57134
3.656,-2.6044
3.658,-2.64157
3.66,-2.67895
3.662,-2.71239
3.664,-2.74614
3.666,-2.78007
3.668,-2.81404
3.67,-2.84251
3.672,-2.87105
3.674,-2.89952
3.676,-2.92112
3.678,-2.9426
3.68,-2.95616
3.682,-2.97759
3.684,-2.98977
3.686,-2.99224
3.688,-2.99411
3.69,-2.9952
3.692,-2.99528
3.694,-2.98279
3.696,-2.95707
3.698,-2.94285
3.7,-2.90033
3.702,-2.87044
3.704,-2.83868
3.706,-2.7896
3.708,-2.75444
3.71,-2.70032
3.712,-2.66087
3.714,-2.61837
3.716,-2.57268
3.718,-2.52372
3.72,-2.4899
3.722,-2.4517
3.724,-2.4092
3.726,-2.3817
3.728,-2.3489
3.73,-2.3111
3.732,-2.28807
3.734,-2.25919
3.736,-2.22491
3.738,-2.18563
3.74,-2.16134
3.742,-2.1313
3.744,-2.09605
3.746,-2.05608
3.748,-2.0312
3.75,-2.0009
3.752,-1.96574
3.754,-1.92623
3.756,-1.90181
3.758,-1.85353
3.76,-1.82109
3.762,-1.78454
3.764,-1.7628
3.766,-1.71806
3.768,-1.68881
3.77,-1.63776
3.772,-1.60272
3.774,-1.58227
3.776,-1.54019
3.778,-1.49593
3.78,-1.46699
3.782,-1.43502
3.784,-1.38363
3.786,1.36468
3.788,1.32582
3.79,1.30157
3.792,1.25854
3.794,1.23038
3.796,1.20008
3.798,1.16794
3.8,1.13426
3.802,1.09928
3.804,1.07814
3.806,1.04014
3.808,1.01611
3.81,0.990397
3.812,0.96328
3.814,0.934988
3.816,0.919457
3.818,0.888442
3.82,0.87024
3.822,0.837375
3.824,0.817312
3.826,0.796062
3.828,0.773828
3.83,0.763142
3.832,0.738584
3.834,0.725564
3.836,0.699446
3.838,0.684801
3.84,0.669111
3.842,0.652554
3.844,0.635283
3.846,0.61743
3.848,0.609773
3.85,0.590364
3.852,0.581063
3.854,0.570748
3.856,0.559588
3.858,0.547727
3.86,0.535287
3.862,0.53173
3.864,0.517815
3.866,0.512678
3.868,0.497777
3.87,0.491527
3.872,0.484535
3.874,0.476927
3.876,0.476949
3.878,0.467881
3.88,0.466333
3.882,0.456275
3.884,0.453607
3.886,0.450242
3.888,0.446294
3.89,0.441859
3.892,0.443857
3.894,0.438281
3.896,0.439013
3.898,0.432669
3.9,0.432498
3.902,0.431775
3.904,0.430594
3.906,0.429034
3.908,0.432828
3.91,0.430412
3.912,0.43322
3.914,0.430247
3.916,0.432365
3.918,0.434081
3.92,0.435471
3.922,0.436597
3.924,0.442143
3.926,0.442722
3.928,0.44759
3.93,0.447859
3.932,0.452285
3.934,0.456478
3.936,0.460496
3.938,-0.464389
3.94,-0.471909
3.942,-0.475612
3.944,-0.482806
3.946,-0.489875
3.948,-0.493612
3.95,-0.500626
3.952,-0.507639
3.954,-0.517674
3.956,-0.524833
3.958,-0.53487
3.96,-0.542323
3.962,-0.552519
3.964,-0.562866
3.966,-0.5734
3.968,-0.584143
3.97,-0.597329
3.972,-0.608707
3.974,-0.622371
3.976,-0.634448
3.978,-0.648671
3.98,-0.663283
3.982,-0.678298
3.984,-0.695328
3.986,-0.711433
3.988,-0.727933
3.99,-0.746226
3.992,-0.765121
3.994,-0.784628
3.996,-0.804748
3.998,-0.82547
4,-0.846779
4.002,-0.869546
4.004,-0.892375
4.006,-0.916455
4.008,-0.94136
4.01,-0.967074
4.012,-0.993571
4.014,-1.02082
4.016,-1.04908
4.018,-1.07838
4.02,-1.10867
4.022,-1.13952
4.024,-1.17133
4.026,-1.20406
4.028,-1.23766
4.03,-1.27169
4.032,-1.3069
4.034,-1.34393
4.036,-1.38082
4.038,-1.41874
4.04,-1.45763
4.042,-1.49742
4.044,-1.53682
4.046,-1.57882
4.048,-1.61999
4.05,-1.66224
4.052,1.70548
4.054,1.7496
4.056,1.7924
4.058,1.83871
4.06,1.88311
4.062,1.9285
4.064,1.97476
4.066,2.02175
4.068,2.06609
4.07,2.11492
4.072,2.16038
4.074,2.20656
4.076,2.24908
4.078,2.29703
4.08,2.3404
4.082,2.38433
4.084,2.42863
4.086,2.47312
4.088,2.51161
4.09,2.55038
4.092,2.58242
4.094,2.62197
4.096,2.6535
4.098,2.67676
4.1,2.70856
4.102,2.73064
4.104,2.74262
4.106,2.7541
4.108,2.76483
4.11,2.76321
4.112,2.76057
4.114,2.74401
4.116,2.71271
4.118,2.69412
4.12,2.6439
4.122,2.60756
4.124,2.5526
4.126,2.47823
4.128,2.41955
4.13,2.358
4.132,2.29335
4.134,2.24505
4.136,2.17227
4.138,2.13719
4.14,2.0755
4.142,2.03063
4.144,1.98015
4.146,1.94592
4.148,1.90508
4.15,1.85801
4.152,1.82713
4.154,1.7892
4.156,1.76679
4.158,1.73673
4.16,1.69974
4.162,1.67827
4.164,1.6277
4.166,1.61542
4.168,1.57376
4.17,1.52682
4.172,1.49641
4.174,1.46006
4.176,1.4393
4.178,1.39153
4.18,1.33992
4.182,1.30532
4.184,1.26608
4.186,1.22282
4.188,1.19581
4.19,1.14455
4.192,1.11025
4.194,-1.07226
4.196,-1.0311
4.198,-0.987258
4.2,-0.959612
4.202,-0.910192
4.204,-0.877419
4.206,-0.824102
4.208,-0.787735
4.21,-0.749312
4.212,-0.726368
4.214,-0.68356
4.216,-0.639809
4.218,-0.611889
4.22,-0.581968
4.222,-0.550411
4.224,-0.501707
4.226,-0.469042
4.228,-0.435443
4.23,-0.416334
4.232,-0.380357
4.234,-0.3442
4.236,-0.322568
4.238,-0.285352
4.24,-0.262619
4.242,-0.238984
4.244,-0.214674
4.246,-0.189887
4.248,-0.164796
4.25,-0.139556
4.252,-0.114302
4.254,-0.0891552
4.256,-0.0766472
4.258,-0.0509949
4.26,-0.0378472
4.262,-0.0122534
4.264,0.0010046
4.266,0.0147019
4.268,0.0286823
4.27,0.0428094
4.272,0.0569641
4.274,0.0710417
4.276,0.08495
4.278,0.0986078
4.28,0.101966
4.282,0.115827
4.284,0.129159
4.286,0.132495
4.288,0.136325
4.29,0.149494
4.292,0.152991
4.294,0.156703
4.296,0.168985
4.298,0.171945
4.3,0.174928
4.302,0.177852
4.304,0.180646
4.306,12.9187
4.308,13.746
4.31,12.905
4.312,9.25085
4.314,9.24308
4.316,10.0116
4.318,11.5824
4.32,8.44198
4.322,6.55381
4.324,3.88278
4.326,4.12785
4.328,3.17428
4.33,4.82643
4.332,5.69902
4.334,5.22383
4.336,5.59623
4.338,3.72765
4.34,3.78528
4.342,2.33464
4.344,2.08781
4.346,4.16922
4.348,7.28678
4.35,5.04227
4.352,4.23446
4.354,4.1672
4.356,6.03608
4.358,4.80078
4.36,4.86049
4.362,1.4098
4.364,-1.11856
4.366,-2.7452
4.368,-1.41782
4.37,-1.64272
4.372,-0.831807
4.374,-0.649472
4.376,-0.315953
4.378,1.61413
4.38,1.05946
4.382,1.60353
4.384,-0.857411
4.386,-0.853399
4.388,0.0159763
4.39,0.0178514
4.392,0.0189886
4.394,0.0212821
4.396,0.0228029
4.398,0.0246068
4.4,0.0266982
4.402,0.0290777
4.404,0.0317433
4.406,0.0346912
4.408,0.0379161
4.41,0.0414117
4.412,0.0451715
4.414,0.0491884
4.416,0.0524633
4.418,0.0572785
4.42,0.0612974
4.422,0.06687
4.424,0.0716164
4.426,0.076865
4.428,0.0826107
4.43,0.0888457
4.432,0.0955593
4.434,0.10274
4.436,0.110375
4.438,0.11845
4.44,0.125856
4.442,0.135175
4.444,0.143759
4.446,0.154247
4.448,0.163961
4.45,0.174419
4.452,0.185605
4.454,0.197501
4.456,0.210086
4.458,0.223337
4.46,0.236041
4.462,0.251047
4.464,0.265407
4.466,0.282048
4.468,0.297976
4.47,0.314899
4.472,0.332788
4.474,0.35161
4.476,0.371331
4.478,0.391916
4.48,0.413331
4.482,0.434247
4.484,0.457811
4.486,0.480745
4.488,0.504919
4.49,0.530285
4.492,0.556796
4.494,0.584399
4.496,0.613044
4.498,0.641165
4.5,0.672402
4.502,0.702907
4.504,0.736476
4.506,0.769137
4.508,0.803129
4.51,0.838379
4.512,0.874814
4.514,0.910519
4.516,0.949833
4.518,0.990058
4.52,1.02917
4.522,1.06974
4.524,1.11168
4.526,1.15489
4.528,1.19927
4.53,1.24472
4.532,1.28867
4.534,1.33416
4.536,1.3838
4.538,1.43124
4.54,1.47989
4.542,1.52653
4.544,-1.57804
4.546,-1.62692
4.548,-1.68068
4.55,-1.73124
4.552,-1.78285
4.554,-1.83126
4.556,-1.88534
4.558,-1.93543
4.56,-1.98651
4.562,-2.03839
4.564,-2.09088
4.566,-2.13827
4.568,-2.19228
4.57,-2.24023
4.572,-2.28219
4.574,-2.33163
4.576,-2.37389
4.578,-2.41638
4.58,-2.45096
4.582,-2.48572
4.584,-2.52038
4.586,-2.55463
4.588,-2.57849
4.59,-2.59154
4.592,-2.61501
4.594,-2.61443
4.596,-2.62518
4.598,-2.60903
4.6,-2.5917
4.602,-2.57286
4.604,-2.53722
4.606,-2.49967
4.608,-2.44336
4.61,-2.38477
4.612,-2.30541
4.614,-2.24246
4.616,-2.17622
4.618,-2.10644
4.62,-2.05364
4.622,-1.99599
4.624,-1.95499
4.626,-1.90787
4.628,-1.85478
4.63,-1.81828
4.632,-1.75218
4.634,-1.7265
4.636,-1.69272
4.638,-1.67426
4.64,-1.64714
4.642,-1.61215
4.644,-1.57004
4.646,-1.52145
4.648,-1.48963
4.65,-1.4507
4.652,-1.42778
4.654,-1.39728
4.656,-1.3601
4.658,-1.31702
4.66,-1.26874
4.662,-1.23746
4.664,-1.20032
4.666,-1.15809
4.668,-1.11142
4.67,-1.08168
4.672,-1.02627
4.674,-0.988607
4.676,0.946951
4.678,0.901886
4.68,0.853932
4.682,0.823042
4.684,0.769141
4.686,0.732833
4.688,0.674839
4.69,0.634806
4.692,0.592649
4.694,0.566914
4.696,0.520233
4.698,0.49032
4.7,0.440733
4.702,0.40812
4.704,0.356893
4.706,0.322745
4.708,0.287464
4.71,0.251348
4.712,0.214656
4.714,0.177624
4.716,0.140459
4.718,0.103347
4.72,0.0816692
4.722,0.0438957
4.724,0.0215086
4.726,-0.0161163
4.728,-0.0384603
4.73,-0.0752924
4.732,-0.0969935
4.734,-0.118842
4.736,-0.140656
4.738,-0.162277
4.74,-0.183562
4.742,-0.204387
4.744,-0.224637
4.746,-0.244214
4.748,-0.250942
4.75,-0.270051
4.752,-0.288139
4.754,-0.29371
4.756,-0.310709
4.758,-0.326447
4.76,-0.330052
4.762,-0.33367
4.764,-0.347517
4.766,-0.349626
4.768,-0.351482
4.77,-17.7328
4.772,-15.4391
4.774,-15.5429
4.776,-13.3124
4.778,-12.393
4.78,-14.8083
4.782,-14.0322
4.784,-13.5944
4.786,-13.5167
4.788,-12.4687
4.79,-13.5031
4.792,-10.2913
4.794,-10.2288
4.796,-11.1425
4.798,-9.22084
4.8,-9.35661
4.802,-7.40354
4.804,-4.41595
4.806,-3.79888
4.808,-3.22985
4.81,-3.93233
4.812,-4.38377
4.814,-8.10006
4.816,-5.53592
4.818,-3.28205
4.82,-1.79561
4.822,-0.831508
4.824,-3.02302
4.826,-4.61585
4.828,-4.00694
4.83,-2.58427
4.832,-1.77639
4.834,-3.09446
4.836,-2.10801
4.838,-3.89922
4.84,-0.850836
4.842,0.164508
4.844,-1.0631
4.846,-1.44519
4.848,0.00407733
4.85,0.00502798
4.852,0.00336686
4.854,0.00119399
4.856,0.000486237
4.858,-0.00303327
4.86,-0.00499005
4.862,-0.009824
4.864,-0.0130251
4.866,-0.0170191
4.868,-0.0239156
4.87,-0.0290805
4.872,-0.0350177
4.874,-0.0417112
4.876,-0.0491425
4.878,-0.055152
4.88,-0.0644733
4.882,-0.0744409
4.884,-0.082913
4.886,-0.094635
4.888,-0.104808
4.89,-0.116047
4.892,-0.128326
4.894,-0.141615
4.896,-0.155883
4.898,-0.171095
4.9,-0.18722
4.902,-0.2021
4.904,-0.218388
4.906,-0.238242
4.908,-0.256659
4.91,-0.276389
4.912,-0.297386
4.914,-0.319603
4.916,-0.342991
4.918,-0.365286
4.92,-0.391546
4.922,-0.416549
4.924,-0.445431
4.926,-0.472925
4.928,-0.501929
4.93,-0.532377
4.932,-0.564198
4.934,-0.597321
4.936,-0.629308
4.938,-0.66559
4.94,-0.700486
4.942,-0.737094
4.944,-0.777856
4.946,-0.816848
4.948,-0.857319
4.95,-0.896504
4.952,-0.940447
4.954,-0.985516
4.956,-1.02881
4.958,-1.0738
4.96,-1.12038
4.962,-1.1684
4.964,-1.21775
4.966,-1.26829
4.968,-1.31651
4.97,-1.36642
4.972,-1.42153
4.974,-1.47347
4.976,1.52667
4.978,1.57687
4.98,1.62869
4.982,1.68645
4.984,1.74005
4.986,1.79473
4.988,1.8503
4.99,1.90656
4.992,1.95784
4.994,2.01583
4.996,2.06796
4.998,2.12066
5,2.16718
5.002,2.22128
5.004,2.26807
5.006,2.30755
5.008,2.3555
5.01,2.39477
5.012,2.43399
5.014,2.47285
5.016,2.50148
5.018,2.52969
5.02,2.54651
5.022,2.56269
5.024,2.56604
5.026,2.56842
5.028,2.56947
5.03,2.55507
5.032,2.52449
5.034,2.49215
5.036,2.4416
5.038,2.38888
5.04,2.31589
5.042,2.25895
5.044,2.17948
5.046,2.11701
5.048,2.05062
5.05,1.98009
5.052,1.90527
5.054,1.87024
5.056,1.80599
5.058,1.75912
5.06,1.70568
5.062,1.66906
5.064,1.62489
5.066,1.5737
5.068,1.53937
5.07,1.52056
5.072,1.49275
5.074,1.45684
5.076,1.41363
5.078,1.38688
5.08,1.32942
5.082,1.31255
5.084,1.26472
5.086,1.23394
5.088,1.19645
5.09,1.15308
5.092,1.10457
5.094,1.05158
5.096,1.01632
5.098,0.975831
5.1,0.930829
5.102,0.881961
5.104,-0.8298
5.106,-0.795409
5.108,-0.756845
5.11,-0.714751
5.112,-0.649864
5.114,-0.603939
5.116,-0.575212
5.118,-0.523786
5.12,-0.490046
5.122,-0.43501
5.124,-0.397983
5.126,-0.359044
5.128,-0.318598
5.13,-0.277003
5.132,-0.234581
5.134,-0.191615
5.136,-0.165351
5.138,-0.120652
5.14,-0.0762441
5.142,-0.0486112
5.144,-0.0199815
5.146,0.0251198
5.148,0.0534815
5.15,0.0821698
5.152,0.110954
5.154,0.139629
5.156,0.168012
5.158,0.19594
5.16,0.223267
5.162,0.235965
5.164,0.262975
5.166,0.288911
5.168,0.313689
5.17,0.324229
5.172,0.347702
5.174,0.357159
5.176,0.378852
5.178,0.386781
5.18,0.406319
5.182,0.412369
5.184,0.41802
5.186,0.423143
5.188,0.43858
5.19,16.5669
5.192,19.0401
5.194,16.9378
5.196,12.9204
5.198,10.9135
5.2,12.1431
5.202,14.2139
5.204,12.7879
5.206,11.8297
5.208,11.7572
5.21,9.78489
5.212,9.89905
5.214,11.3391
5.216,10.3233
5.218,9.81542
5.22,9.48207
5.222,8.96729
5.224,8.07827
5.226,7.21535
5.228,6.16385
5.23,5.09148
5.232,4.73562
5.234,4.20056
5.236,1.75721
5.238,0.915328
5.24,2.1705
5.242,3.53467
5.244,3.67428
5.246,1.90717
5.248,1.10331
5.25,1.1684
5.252,1.27556
5.254,2.08421
5.256,3.41646
5.258,1.96112
5.26,2.3121
5.262,3.68128
5.264,1.04861
5.266,0.400541
5.268,0.261535
5.27,1.30259
5.272,1.8941
5.274,1.34763
5.276,1.99545
5.278,0.515078
5.28,-0.587529
5.282,-0.776245
5.284,-2.11485
5.286,-3.66331
5.288,-4.30215
5.29,-1.54368
5.292,-0.904813
5.294,-1.71464
5.296,-1.96779
5.298,1.30771e-06
5.3,0.00240453
5.302,0.00505369
5.304,0.00943604
5.306,0.0107823
5.308,0.0155996
5.31,0.0174634
5.312,0.0212973
5.314,0.0253374
5.316,0.0281931
5.318,0.0329761
5.32,0.037925
5.322,0.0417235
5.324,0.0460272
5.326,0.0508296
5.328,0.057477
5.33,0.0629112
5.332,0.0688265
5.334,0.0738537
5.336,0.0810705
5.338,0.0887086
5.34,0.0967553
5.342,0.10387
5.344,0.113121
5.346,0.121397
5.348,0.130431
5.35,0.140208
5.352,0.152074
5.354,0.161486
5.356,0.173417
5.358,0.186009
5.36,0.199239
5.362,0.211708
5.364,0.226656
5.366,0.240763
5.368,0.257307
5.37,0.27296
5.372,0.289605
5.374,0.30721
5.376,0.325741
5.378,0.343707
5.38,0.364557
5.382,0.384697
5.384,0.407689
5.386,0.42986
5.388,0.453281
5.39,0.477906
5.392,0.503686
5.394,0.530571
5.396,0.556846
5.398,0.586445
5.4,0.615232
5.402,0.647289
5.404,0.678364
5.406,0.710837
5.408,0.744635
5.41,0.779688
5.412,0.81396
5.414,0.852036
5.416,0.891094
5.418,0.929005
5.42,0.968462
5.422,1.00937
5.424,1.05163
5.426,1.09515
5.428,1.13982
5.43,1.18302
5.432,1.23053
5.434,1.27615
5.436,1.32321
5.438,1.37159
5.44,1.42416
5.442,1.47085
5.444,1.52248
5.446,-1.57152
5.448,-1.62192
5.45,-1.67354
5.452,-1.7262
5.454,-1.77974
5.456,-1.82971
5.458,-1.8809
5.46,-1.93311
5.462,-1.98614
5.464,-2.03978
5.466,-2.08836
5.468,-2.1378
5.47,-2.18787
5.472,-2.23831
5.474,-2.28891
5.476,-2.33245
5.478,-2.37628
5.48,-2.41234
5.482,-2.44866
5.484,-2.48495
5.486,-2.52089
5.488,-2.54661
5.49,-2.5719
5.492,-2.58576
5.494,-2.59894
5.496,-2.61111
5.498,-2.6095
5.5,-2.59344
5.502,-2.57603
5.504,-2.54227
5.506,-2.50673
5.508,-2.45284
5.51,-2.41377
5.512,-2.33635
5.514,-2.27507
5.516,-2.21066
5.518,-2.14282
5.52,-2.09178
5.522,-2.03601
5.524,-1.97542
5.526,-1.93169
5.528,-1.88189
5.53,-1.82619
5.532,-1.78731
5.534,-1.74147
5.536,-1.71186
5.538,-1.67446
5.54,-1.6527
5.542,-1.62256
5.544,-1.5848
5.546,-1.56281
5.548,-1.51015
5.55,-1.47462
5.552,-1.45476
5.554,-1.40477
5.556,-1.39387
5.558,-1.35275
5.56,-1.30619
5.562,-1.25485
5.564,-1.2208
5.566,-1.18124
5.568,-1.1369
5.57,-1.10926
5.572,-1.05557
5.574,-0.998983
5.576,-0.960276
5.578,0.917748
5.58,0.891783
5.582,0.841706
5.584,0.808866
5.586,0.753435
5.588,0.715717
5.59,0.675371
5.592,0.632852
5.594,0.588562
5.596,0.542858
5.598,0.496059
5.6,0.466049
5.602,0.416512
5.604,0.383956
5.606,0.349826
5.608,0.297802
5.61,0.262892
5.612,0.227183
5.614,0.206908
5.616,0.169039
5.618,0.131202
5.62,0.0935634
5.622,0.0713669
5.624,0.0333225
5.626,0.0106551
5.628,-0.012651
5.63,-0.0505054
5.632,-0.073159
5.634,-0.0959555
5.636,-0.118716
5.638,-0.141284
5.64,-0.163517
5.642,-0.185291
5.644,-0.206495
5.646,-0.227028
5.648,-0.246802
5.65,-0.253754
5.652,-0.272906
5.654,-0.279447
5.656,-0.297499
5.658,-0.314285
5.66,-0.31884
5.662,-0.323402
5.664,-0.338288
5.666,-0.341334
5.668,-0.344123
5.67,-0.346545
5.672,-16.7258
5.674,-13.0852
5.676,-10.9539
5.678,-10.8843
5.68,-10.3277
5.682,-9.70332
5.684,-9.7732
5.686,-11.1114
5.688,-12.7164
5.69,-14.63
5.692,-13.524
5.694,-15.9866
5.696,-14.5658
5.698,-12.6575
5.7,-10.191
5.702,-7.34057
5.704,-9.28403
5.706,-6.83129
5.708,-6.5831
5.71,-6.21269
5.712,-3.67119
5.714,-5.352
5.716,-3.04933
5.718,-3.94861
5.72,-4.61604
5.722,-4.13453
5.724,-3.6462
5.726,-4.01124
5.728,-4.6032
5.73,-4.218
5.732,-3.91136
5.734,-5.77636
5.736,-5.82545
5.738,-4.33121
5.74,-4.88551
5.742,-2.5628
5.744,-0.354626
5.746,1.13948
5.748,0.946457
5.75,1.99701
5.752,1.7574
5.754,0.0186958
5.756,0.0169481
5.758,0.0147048
5.76,0.0142216
5.762,0.010645
5.764,0.00890469
5.766,0.0040511
5.768,0.00108114
5.77,-0.00268104
5.772,-0.00953391
5.774,-0.0144355
5.776,-0.0201016
5.778,-0.0265145
5.78,-0.0336545
5.782,-0.041501
5.784,-0.0500331
5.786,-0.0569912
5.788,-0.0673387
5.79,-0.0760463
5.792,-0.0880927
5.794,-0.0984641
5.796,-0.112089
5.798,-0.124033
5.8,-0.136996
5.802,-0.150948
5.804,-0.165855
5.806,-0.179521
5.808,-0.196829
5.81,-0.214954
5.812,-0.231742
5.814,-0.249893
5.816,-0.271532
5.818,-0.29168
5.82,-0.313088
5.822,-0.335706
5.824,-0.359486
5.826,-0.382215
5.828,-0.408849
5.83,-0.43645
5.832,-0.462827
5.834,-0.492951
5.836,-0.521724
5.838,-0.551963
5.84,-0.583598
5.842,-0.616559
5.844,-0.650775
5.846,-0.683891
5.848,-0.721171
5.85,-0.759441
5.852,-0.796314
5.854,-0.834797
5.856,-0.874793
5.858,-0.916204
5.86,-0.958934
5.862,-1.00289
5.864,-1.04528
5.866,-1.08944
5.868,-1.13811
5.87,-1.1846
5.872,-1.23252
5.874,-1.28174
5.876,-1.32888
5.878,-1.38118
5.88,-1.43084
5.882,-1.48198
5.884,1.53822
5.886,1.60214
5.888,1.6771
5.89,1.7492
5.892,1.81279
5.894,1.86698
5.896,1.91097
5.898,1.94475
5.9,1.97034
5.902,1.98934
5.904,2.00542
5.906,2.01844
5.908,2.02899
5.91,2.03419
5.912,2.0406
5.914,2.04964
5.916,2.05426
5.918,2.06217
5.92,2.06555
5.922,2.06829
5.924,2.07508
5.926,2.07715
5.928,2.08358
5.93,2.08996
5.932,2.09149
5.934,2.09764
5.936,2.09885
5.938,2.10486
5.94,2.10584
5.942,2.11176
5.944,2.11768
5.946,2.1185
5.948,2.12436
5.95,2.13022
5.952,2.1361
5.954,2.14199
5.956,2.14275
5.958,2.14858
5.96,2.15442
5.962,2.16027
5.964,2.16613
5.966,2.16686
5.968,2.17267
5.97,2.17849
5.972,2.17914
5.974,2.18493
5.976,2.18549
5.978,2.19125
5.98,2.19702
5.982,2.19756
5.984,2.20331
5.986,2.20379
5.988,2.20952
5.99,2.20995
5.992,2.21568
5.994,2.22141
5.996,2.22715
5.998,2.22763
6,2.23336
6.002,2.23909
6.004,2.24484
6.006,2.25059
6.008,2.25116
6.01,2.25689
6.012,2.26263
6.014,2.26838
6.016,2.27415
6.018,2.27475
6.02,2.28049
6.022,2.28102
6.024,2.28145
6.026,2.2818
6.028,2.28208
6.03,2.28231
6.032,2.2825
6.034,2.28265
6.036,2.28277
6.038,2.28287
6.04,2.27722
6.042,2.27724
6.044,2.27726
6.046,2.2714
6.048,-2.26542
6.05,-2.26542
6.052,-2.25936
6.054,-2.25323
6.056,-2.25329
6.058,-2.24713
6.06,-2.24093
6.062,-2.23471
6.064,-2.22848
6.066,-2.22225
6.068,-2.21602
6.07,-2.2098
6.072,-2.20358
6.074,-2.19738
6.076,-2.19118
6.078,-2.185
6.08,-2.17883
6.082,-2.16582
6.084,-2.15975
6.086,-2.1467
6.088,-2.14073
6.09,-2.12768
6.092,-2.12181
6.094,-2.10877
6.096,-2.09576
6.098,-2.09011
6.1,-2.07712
6.102,-2.06417
6.104,-2.05127
6.106,-2.03842
6.108,-2.02563
6.11,-2.01289
6.112,-2.0002
6.114,-1.9798
6.116,-1.96735
6.118,-1.95495
6.12,1.93464
6.122,1.92248
6.124,1.90229
6.126,1.89036
6.128,1.87029
6.13,1.85034
6.132,1.83053
6.134,1.81086
6.136,1.79132
6.138,1.76334
6.14,1.74428
6.142,1.71659
6.144,1.69799
6.146,1.67061
6.148,1.64349
6.15,1.62569
6.152,1.59886
6.154,1.5723
6.156,1.54601
6.158,1.52923
6.16,1.50317
6.162,1.47737
6.164,1.46113
6.166,1.43552
6.168,1.41016
6.17,1.39439
6.172,1.37847
6.174,1.35321
6.176,1.33746
6.178,1.3124
6.18,1.29683
6.182,1.28113
6.184,1.26532
6.186,1.24943
6.188,1.23347
6.19,1.21745
6.192,1.2014
6.194,1.18533
6.196,1.16041
6.198,1.14468
6.2,1.12892
6.202,1.11314
6.204,1.09734
6.206,1.08155
6.208,1.06577
6.21,1.05
6.212,1.02567
6.214,1.01032
6.216,0.994973
6.218,0.979633
6.22,0.95582
6.222,0.940895
6.224,0.925966
6.226,0.911046
6.228,0.887756
6.23,0.873253
6.232,0.858746
6.234,0.844247
6.236,0.829767
6.238,0.815315
6.24,0.800899
6.242,0.794563
6.244,0.77989
6.246,0.765307
6.248,0.750814
6.25,0.744222
6.252,0.729586
6.254,0.722743
6.256,0.708041
6.258,0.70103
6.26,0.68632
6.262,0.679204
6.264,0.664531
6.266,0.65736
6.268,0.642757
6.27,0.63557
6.272,0.628201
6.274,0.613627
6.276,0.60632
6.278,0.598871
6.28,0.591307
6.282,0.58365
6.284,0.575918
6.286,0.568127
6.288,0.553647
6.29,0.552652
6.292,0.544736
6.294,0.536811
6.296,0.528883
6.298,0.520959
6.3,0.5193
6.302,0.511153
6.304,0.50305
6.306,0.501065
6.308,0.492826
6.31,0.490597
6.312,0.482281
6.314,0.479876
6.316,0.471525
6.318,0.468995
6.32,0.466281
6.322,0.463414
6.324,0.454929
6.326,0.446554
6.328,0.432693
6.33,0.41904
6.332,0.405617
6.334,0.392439
6.336,0.379514
6.338,0.366847
6.34,0.35444
6.342,0.34229
6.344,0.330395
6.346,0.318749
6.348,0.307349
6.35,0.296188
6.352,0.285261
6.354,0.274562
6.356,0.269988
6.358,0.25944
6.36,0.249122
6.362,0.244806
6.364,0.234642
6.366,0.224708
6.368,0.220653
6.37,0.210875
6.372,0.206873
6.374,0.197272
6.376,0.193346
6.378,0.183937
6.38,0.180106
6.382,0.170902
6.384,0.167181
6.386,0.158192
6.388,0.154594
6.39,0.145829
6.392,0.137318
6.394,0.134088
6.396,0.125788
6.398,0.122673
6.4,0.114595
6.402,0.111606
6.404,0.103758
6.406,0.100905
6.408,0.0932942
6.41,0.0905858
6.412,0.0832172
6.414,0.0761102
6.416,0.073796
6.418,0.0669165
6.42,0.0647319
6.422,0.0580882
6.424,0.0517057
6.426,0.0499011
6.428,0.0437412
6.43,0.0420581
6.432,0.0361309
6.434,0.0304651
6.436,0.0250545
6.438,0.0239729
6.44,0.0187642
6.442,0.0138098
6.444,0.00910347
6.446,0.00463913
6.448,0.00041086
6.45,-0.00358695
6.452,-2.7277
6.454,-3.85375
6.456,-4.99758
6.458,-4.59458
6.46,-4.64682
6.462,-4.04415
6.464,-4.25599
6.466,-4.43736
6.468,-3.21178
6.47,-2.28695
6.472,-3.80188
6.474,-4.83927
6.476,-4.15105
6.478,-3.1291
6.48,-3.05748
6.482,-3.66201
6.484,-2.88529
6.486,-2.18993
6.488,-2.69071
6.49,-4.86536
6.492,-1.90002
6.494,-1.2956
6.496,-4.28735
6.498,-4.67913
6.5,-4.78059
6.502,-4.56059
6.504,-3.22547
6.506,-4.081
6.508,-3.59807
6.51,-3.81456
6.512,-4.31549
6.514,-5.11045
6.516,-6.56398
6.518,-5.93025
6.52,-4.79092
6.522,-5.71556
6.524,-5.48005
6.526,-5.51822
6.528,-3.23831
6.53,-6.29734
6.532,-5.96343
6.534,-6.92467
6.536,-5.42547
6.538,-4.32114
6.54,-4.43157
6.542,-3.6286
6.544,-2.50669
6.546,-2.03287
6.548,-3.59598
6.55,-2.45668
6.552,-3.65894
6.554,-2.22163
6.556,-2.6954
6.558,-0.455062
6.56,-4.49558
6.562,-3.69331
6.564,-2.54994
6.566,-1.84886
6.568,-0.422316
6.57,-0.918729
6.572,-1.49624
6.574,0.140254
6.576,-0.714535
6.578,-1.22668
6.58,-2.06077
6.582,-0.783663
6.584,0.516971
6.586,-0.194635
6.588,1.10165
6.59,1.86421
6.592,0.855401
6.594,0.505031
6.596,1.78001
6.598,2.15499
6.6,2.77539
6.602,1.35853
6.604,-0.291354
6.606,0.464771
6.608,1.81178
6.61,0.806196
6.612,0.00495626
6.614,0.000564822
6.616,-0.00204133
6.618,-0.00488177
6.62,-0.0079504
6.622,-0.0112414
6.624,-0.0147494
6.626,-0.0198844
6.628,-0.0234923
6.63,-0.027326
6.632,-0.0313796
6.634,-0.0368522
6.636,-0.0410139
6.638,-0.0464681
6.64,-0.0507723
6.642,-0.056249
6.644,-0.0607214
6.646,-0.066252
6.648,-0.070912
6.65,-0.0765206
6.652,-0.0819895
6.654,-0.0868282
6.656,-0.0924352
6.658,-0.0979347
6.66,-0.103009
6.662,-0.108686
6.664,-0.114278
6.666,-0.119803
6.668,-0.12528
6.67,-0.130684
6.672,-0.136409
6.674,-0.142089
6.676,-0.147738
6.678,-0.153369
6.68,-0.15899
6.682,-0.164612
6.684,-0.170241
6.686,-0.175885
6.688,-0.181549
6.69,-0.187238
6.692,-0.192957
6.694,-0.19871
6.696,-0.204499
6.698,-0.210329
6.7,-0.216903
6.702,-0.22308
6.704,-0.229278
6.706,-0.236267
6.708,-0.242791
6.71,-0.250111
6.712,-0.256935
6.714,-0.264571
6.716,-0.270783
6.718,-0.277575
6.72,-0.283307
6.722,-0.288681
6.724,-0.293757
6.726,-0.297086
6.728,-0.30145
6.73,-0.303933
6.732,-0.305945
6.734,-0.309597
6.736,-0.311152
6.738,-0.312411
6.74,-0.313431
6.742,-0.314257
6.744,-0.314926
6.746,-0.315469
6.748,-0.315908
6.75,-0.316263
6.752,-0.316551
6.754,-0.316785
6.756,-0.316974
6.758,-0.317127
6.76,-0.314268
6.762,-0.314316
6.764,-0.314355
6.766,-0.314386
6.768,-0.311266
6.77,-0.311268
6.772,-0.311269
6.774,-0.311271
6.776,0.308024
6.778,0.308029
6.78,0.308032
6.782,0.308035
6.784,0.308038
6.786,0.30804
6.788,0.308041
6.79,0.304746
6.792,0.304763
6.794,0.304777
6.796,0.304788
6.798,0.304797
6.8,0.304804
6.802,0.30481
6.804,0.304815
6.806,0.304819
6.808,0.304822
6.81,0.304825
6.812,0.304827
6.814,0.304829
6.816,0.30483
6.818,0.304831
6.82,-0.308022
6.822,-0.308027
6.824,-0.308031
6.826,-0.308034
6.828,-0.308037
6.83,-0.308039
6.832,-0.308041
6.834,-0.311185
6.836,-0.311202
6.838,-0.311216
6.84,-0.311228
6.842,-0.311237
6.844,-0.311244
6.846,-0.311251
6.848,-0.311256
6.85,-0.311259
6.852,-0.311263
6.854,0.308034
6.856,0.308037
6.858,0.308039
6.86,0.308041
6.862,0.304744
6.864,0.304761
6.866,0.304775
6.868,0.30144
6.87,0.301478
6.872,0.298114
6.874,0.294726
6.876,0.294833
6.878,0.291446
6.88,0.288056
6.882,0.284673
6.884,0.281304
6.886,0.277956
6.888,0.274631
6.89,0.26757
6.892,0.264362
6.894,0.261185
6.896,0.254172
6.898,0.251146
6.9,0.244212
6.902,0.23735
6.904,0.23058
6.906,0.22801
6.908,0.221365
6.91,0.21483
6.912,0.208413
6.914,0.202115
6.916,0.191677
6.918,0.185778
6.92,0.179995
6.922,0.174326
6.924,0.168769
6.926,0.158986
6.928,0.153846
6.93,0.148795
6.932,0.143831
6.934,0.134629
6.936,0.130067
6.938,0.121233
6.94,0.117048
6.942,0.112906
6.944,0.104525
6.946,0.10074
6.948,0.09698
6.95,0.0890374
6.952,0.0856159
6.954,0.0822065
6.956,0.0746887
6.958,0.0716031
6.96,0.0685195
6.962,0.0614152
6.964,0.0586444
6.966,0.0558679
6.968,0.0530948
6.97,0.0503334
6.972,0.0437773
6.974,0.0413408
6.976,0.0389059
6.978,0.0364812
6.98,0.0340737
6.982,0.03169
6.984,0.0293356
6.986,0.0270154
6.988,0.0212835
6.99,0.022707
6.992,0.0171452
6.994,0.0152453
6.996,0.0133738
6.998,0.0115355
7,-1.87553
7.002,-3.07968
7.004,-2.59678
7.006,-1.00818
7.008,-1.87454
7.01,-3.06228
7.012,-2.78627
7.014,-2.98289
7.016,-2.07816
7.018,-1.8781
7.02,-1.32954
7.022,-1.39685
7.024,-0.405716
7.026,-1.00325
7.028,-0.644681
7.03,0.304886
7.032,-0.06603
7.034,-0.325347
7.036,0.899697
7.038,-1.53793
7.04,0.00810055
7.042,-1.91228
7.044,-2.97285
7.046,-2.92056
7.048,-0.595934
7.05,-0.7407
7.052,-0.97948
7.054,-1.67963
7.056,-1.22382
7.058,-2.08978
7.06,-3.74339
7.062,-5.31626
7.064,-4.33869
7.066,-3.18115
7.068,-3.07245
7.07,-1.04489
7.072,-1.07725
7.074,-1.87143
7.076,-2.89388
7.078,-1.55916
7.08,-1.15715
7.082,-0.327752
7.084,-1.46304
7.086,-3.77888
7.088,-3.19731
7.09,-3.49781
7.092,-3.67558
7.094,-6.23397
7.096,-2.40841
7.098,-3.9027
7.1,-2.69666
7.102,-2.13485
7.104,-2.91995
7.106,-2.44399
7.108,-0.745129
7.11,-2.80494
7.112,-2.78931
7.114,-3.58239
7.116,-5.22402
7.118,-4.0632
7.12,-4.86989
7.122,-4.04118
7.124,-3.1226
7.126,-1.51011
7.128,-3.02923
7.13,-1.35084
7.132,-2.01942
7.134,-1.25323
7.136,-1.85662
7.138,-0.211759
7.14,1.6368
7.142,1.8908
7.144,0.237435
7.146,0.851221
7.148,-1.68585
7.15,-0.39995
7.152,-1.98016
7.154,-1.20614
7.156,0.011624
7.158,1.03011
7.16,-1.73258
7.162,-1.45445
7.164,-1.26635
7.166,1.41153
7.168,-0.00953188
7.17,-0.0110383
7.172,-0.0140198
7.174,-0.0158729
7.176,-0.018013
7.178,-0.0215755
7.18,-0.0240296
7.182,-0.0267644
7.184,-0.0297741
7.186,-0.0330524
7.188,-0.0376403
7.19,-0.0411589
7.192,-0.0449401
7.194,-0.0499111
7.196,-0.0539158
7.198,-0.059008
7.2,-0.0632435
7.202,-0.0684672
7.204,-0.0735796
7.206,-0.0786043
7.208,-0.0835616
7.21,-0.0880633
7.212,-0.0935741
7.214,-0.0983973
7.216,-0.103212
7.218,-0.108083
7.22,-0.112562
7.222,-0.116716
7.224,-0.1206
7.226,-0.124259
7.228,-0.127731
7.23,-0.131047
7.232,-0.134234
7.234,-0.137312
7.236,-0.139424
7.238,-0.142147
7.24,-0.144832
7.242,-0.147488
7.244,-0.150121
7.246,-0.152735
7.248,-0.156473
7.25,-0.159224
7.252,-0.163092
7.254,-0.167076
7.256,-0.170102
7.258,-0.174209
7.26,-0.178437
7.262,-0.182787
7.264,-0.186189
7.266,-0.190639
7.268,-0.195212
7.27,-0.198793
7.272,-0.203454
7.274,-0.208235
7.276,-0.211972
7.278,-0.215597
7.28,-0.219127
7.282,-0.222579
7.284,-0.224462
7.286,-0.225988
7.288,-0.227224
7.29,-0.22629
7.292,-0.224832
7.294,-0.220634
7.296,-0.215766
7.298,-0.213142
7.3,0.2076
7.302,0.201787
7.304,0.198901
7.306,0.196022
7.308,0.193157
7.31,0.190312
7.312,0.190637
7.314,0.190901
7.316,0.191114
7.318,0.194204
7.32,0.19428
7.322,0.197121
7.324,0.199818
7.326,-0.202413
7.328,-0.20494
7.33,-0.209791
7.332,-0.212235
7.334,-0.214686
7.336,-0.217151
7.338,-0.219635
7.34,-0.219959
7.342,-0.222459
7.344,-0.224982
7.346,-0.225343
7.348,-0.227879
7.35,-0.228221
7.352,-0.228498
7.354,-0.228722
7.356,-0.228904
7.358,-0.229051
7.36,-0.22917
7.362,-0.229267
7.364,-0.229345
7.366,-0.226795
7.368,-0.226811
7.37,-0.224101
7.372,-0.224101
7.374,-0.224101
7.376,0.221291
7.378,0.2213
7.38,0.221307
7.382,0.221313
7.384,0.221318
7.386,0.221321
7.388,0.221324
7.39,0.221327
7.392,0.221329
7.394,-0.224081
7.396,-0.224085
7.398,-0.224088
7.4,-0.224091
7.402,-0.224093
7.404,-0.224094
7.406,-0.224096
7.408,-0.224097
7.41,-0.224098
7.412,-0.224098
7.414,0.221307
7.416,0.221313
7.418,0.218455
7.42,0.21555
7.422,0.215609
7.424,0.212689
7.426,0.209754
7.428,0.206816
7.43,0.203886
7.432,0.200972
7.434,0.198078
7.436,0.198409
7.438,0.19553
7.44,0.192675
7.442,0.189847
7.444,0.187047
7.446,0.184277
7.448,0.181538
7.45,0.17883
7.452,0.176152
7.454,0.173505
7.456,0.170887
7.458,0.168299
7.46,0.165739
7.462,0.15987
7.464,0.15747
7.466,0.155089
7.468,0.152726
7.47,0.147022
7.472,0.144822
7.474,0.139234
7.476,0.137191
7.478,0.131731
7.48,0.129834
7.482,0.124505
7.484,0.122743
7.486,0.117545
7.488,0.112466
7.49,0.10751
7.492,0.10268
7.494,0.101475
7.496,0.0967512
7.498,0.0921534
7.5,0.0876807
7.502,0.0833316
7.504,0.079104
7.506,0.0749955
7.508,0.0710032
7.51,0.0635978
7.512,0.060033
7.514,0.0565625
7.516,0.0531844
7.518,0.046384
7.52,0.0434168
7.522,0.0369964
7.524,0.034417
7.526,0.0283729
7.528,0.0261557
7.53,0.0204792
7.532,0.0150915
7.534,0.00999152
7.536,0.00517619
7.538,-1.49373
7.54,-1.14142
7.542,-1.21387
7.544,-0.974214
7.546,-2.27637
7.548,-3.83108
7.55,-2.99587
7.552,-1.57606
7.554,-2.57049
7.556,-2.89213
7.558,-0.494463
7.56,0.511295
7.562,0.554093
7.564,0.186166
7.566,-2.84011
7.568,-3.03628
7.57,-3.07387
7.572,-2.80628
7.574,-1.65805
7.576,-3.7694
7.578,-5.09253
7.58,-4.64365
7.582,-2.90877
7.584,-1.64185
7.586,-2.8248
7.588,-4.06959
7.59,-4.99478
7.592,-3.40153
7.594,-3.81165
7.596,-3.84128
7.598,-5.65118
7.6,-3.04495
7.602,-3.51755
7.604,-3.84868
7.606,-2.92093
7.608,-3.76975
7.61,-2.02109
7.612,-2.67718
7.614,-3.22613
7.616,-2.42253
7.618,-2.2396
7.62,-1.26119
7.622,-0.86509
7.624,-2.33324
7.626,-3.62268
7.628,-3.45685
7.63,-4.11327
7.632,-3.88049
7.634,-5.08672
7.636,-5.19097
7.638,-4.75665
7.64,-3.60315
7.642,-2.74458
7.644,-3.39455
7.646,-3.21544
7.648,-1.99874
7.65,-0.906308
7.652,-1.68569
7.654,-4.60432
7.656,-4.92468
7.658,-3.75946
7.66,-2.7696
7.662,-1.43959
7.664,-0.0529573
7.666,1.14989
7.668,1.22443
7.67,0.453935
7.672,0.602645
7.674,0.723119
7.676,-0.427035
7.678,-1.85113
7.68,0.314648
7.682,1.69199
7.684,1.01449
7.686,-0.853977
7.688,0.0584575
7.69,-0.198374
7.692,-0.0106389
7.694,-0.628751
7.696,-0.705339
7.698,1.74233
7.7,-0.0869304
7.702,0.554189
7.704,1.85544
7.706,1.3896
7.708,0.153882
7.71,1.40917
7.712,3.04682
7.714,2.56874
7.716,3.28999
7.718,0.0711302
7.72,-1.0752
7.722,-0.983315
7.724,0.341092
7.726,1.46454
7.728,0.377969
7.73,0.121049
7.732,-0.613038
7.734,-0.375396
7.736,2.54514
7.738,3.66961
7.74,4.29075
7.742,2.34546
7.744,0.639191
7.746,0.0881121
7.748,2.20178
7.75,1.47615
7.752,0.92847
7.754,0.955941
7.756,1.48437
7.758,1.763
7.76,2.40347
7.762,2.35426
7.764,3.1709
7.766,1.40956
7.768,1.8946
7.77,1.15402
7.772,3.01809
7.774,1.36818
7.776,0.594182
7.778,0.80298
7.78,1.37356
7.782,-1.10702
7.784,0.856814
7.786,0.323434
7.788,-2.30104
7.79,-1.3044
7.792,-3.44705
7.794,-3.5196
7.796,-2.50767
7.798,-0.966413
7.8,-2.49302
7.802,-3.21687
7.804,-4.07721
7.806,-3.93159
7.808,-4.97322
7.81,-2.10061
7.812,-3.11662
7.814,-0.0287347
7.816,-0.0233643
7.818,-0.0204133
7.82,-0.0170188
7.822,-0.0109022
7.824,-0.00705582
7.826,-0.000623954
7.828,0.00572657
7.83,0.0120253
7.832,0.0182978
7.834,0.0245661
7.836,0.0308492
7.838,0.0386602
7.84,0.0459609
7.842,0.0528376
7.844,0.0603459
7.846,0.0669739
7.848,0.0728743
7.85,0.0781726
7.852,0.0831885
7.854,0.0872514
7.856,0.0905423
7.858,0.0927769
7.86,0.0946576
7.862,0.0953973
7.864,0.096423
7.866,0.096188
7.868,0.0954857
7.87,0.0957905
7.872,0.0946215
7.874,0.0932079
7.876,0.0932546
7.878,0.0916311
7.88,0.091637
7.882,0.0916418
7.884,-0.0898793
7.886,-0.089881
7.888,-0.0898825
7.89,-0.0898836
7.892,0.0916361
7.894,0.0916411
7.896,0.0916451
7.898,0.0933362
7.9,0.0933585
7.902,0.0950102
7.904,0.0950582
7.906,0.09669
7.908,0.0983037
7.91,0.0999133
7.912,0.100081
7.914,0.101703
7.916,0.103335
7.918,0.10357
7.92,0.105219
7.922,0.106885
7.924,0.108574
7.926,0.108915
7.928,0.110619
7.93,0.110945
7.932,0.111209
7.934,0.112927
7.936,0.113192
7.938,0.113406
7.94,0.115144
7.942,0.115367
7.944,0.115549
7.946,0.115695
7.948,0.115814
7.95,0.11591
7.952,0.115988
7.954,0.116052
7.956,0.116103
7.958,0.116144
7.96,0.114296
7.962,0.1143
7.964,0.114304
7.966,0.114307
7.968,0.114309
7.97,0.114311
7.972,-0.112314
7.974,-0.112318
7.976,-0.112321
7.978,-0.112324
7.98,-0.112326
7.982,-0.110272
7.984,-0.11029
7.986,-0.110305
7.988,-0.110317
7.99,-0.110327
7.992,-0.110334
7.994,-0.110341
7.996,-0.108279
7.998,-0.108306
8,-0.108327
8.002,-0.108345
8.004,-0.108359
8.006,-0.10837
8.008,-0.108379
8.01,-0.108387
8.012,-0.106338
8.014,-0.106366
8.016,-0.106389
8.018,-0.106408
8.02,-0.106423
8.022,-0.106435
8.024,-0.106445
8.026,-0.106453
8.028,-0.106459
8.03,-0.106464
8.032,-0.106468
8.034,-0.106472
8.036,-0.106475
8.038,-0.106477
8.04,-0.106479
8.042,-0.10648
8.044,-0.106481
8.046,-0.106482
8.048,0.108391
8.05,0.108396
8.052,0.1084
8.054,0.108404
8.056,0.108406
8.058,0.108409
8.06,0.108411
8.062,0.108412
8.064,0.11028
8.066,0.110297
8.068,0.11031
8.07,0.110321
8.072,0.11033
8.074,0.110337
8.076,0.110343
8.078,0.110348
8.08,0.110352
8.082,0.110355
8.084,0.110357
8.086,0.110359
8.088,0.110361
8.09,0.110362
8.092,0.110363
8.094,0.110364
8.096,0.110365
8.098,0.110365
8.1,-0.108386
8.102,-0.108392
8.104,-0.108397
8.106,-0.108401
8.108,-0.108404
8.11,-0.108407
8.112,-0.108409
8.114,-0.108411
8.116,-0.108412
8.118,-0.108414
8.12,-0.108414
8.122,-0.108415
8.124,-0.108416
8.126,-0.108416
8.128,-0.108417
8.13,-0.108417
8.132,-0.108417
8.134,-0.108418
8.136,-0.108418
8.138,-0.108418
8.14,-0.108418
8.142,-0.108418
8.144,-0.108418
8.146,-0.108418
8.148,-0.108418
8.15,-0.108418
8.152,-0.108418
8.154,-0.108418
8.156,-0.108418
8.158,-0.108418
8.16,-0.108418
8.162,-0.108418
8.164,-0.108418
8.166,-0.108418
8.168,0.11032
8.17,0.110329
8.172,0.110336
8.174,0.110342
8.176,0.110347
8.178,0.110351
8.18,0.110354
8.182,0.110357
8.184,0.110359
8.186,0.110361
8.188,0.110362
8.19,0.110363
8.192,0.110364
8.194,0.110365
8.196,0.110365
8.198,0.110366
8.2,0.110366
8.202,0.110367
8.204,0.110367
8.206,0.110367
8.208,0.110367
8.21,0.110367
8.212,0.110367
8.214,0.110368
8.216,0.110368
8.218,0.110368
8.22,0.110368
8.222,0.110368
8.224,0.112279
8.226,0.11229
8.228,0.112298
8.23,0.112305
8.232,0.112311
8.234,0.112315
8.236,0.112319
8.238,0.114205
8.24,0.114227
8.242,0.114244
8.244,0.114258
8.246,0.11427
8.248,0.116141
8.25,0.116175
8.252,0.116203
8.254,0.116225
8.256,0.118087
8.258,0.118135
8.26,0.118174
8.262,0.118205
8.264,0.120068
8.266,0.120127
8.268,0.120174
8.27,0.120213
8.272,0.120244
8.274,0.122125
8.276,0.122183
8.278,0.12223
8.28,0.122268
8.282,0.122299
8.284,0.122324
8.286,0.122344
8.288,0.122361
8.29,0.122374
8.292,0.122385
8.294,0.122393
8.296,0.1224
8.298,0.122406
8.3,0.122411
8.302,0.122415
8.304,0.122418
8.306,0.12242
8.308,0.122422
8.31,0.122424
8.312,0.122425
8.314,0.122426
8.316,0.122427
8.318,-0.120348
8.32,-0.120353
8.322,-0.120358
8.324,-0.120361
8.326,-0.120364
8.328,-0.120366
8.33,-0.120368
8.332,-0.12037
8.334,-0.120371
8.336,-0.120372
8.338,-0.120373
8.34,-0.120374
8.342,-0.120374
8.344,-0.120375
8.346,-0.120375
8.348,-0.120375
8.35,-0.118274
8.352,-0.118287
8.354,-0.118297
8.356,-0.118305
8.358,-0.118312
8.36,-0.118317
8.362,-0.11619
8.364,-0.116215
8.366,-0.116235
8.368,-0.114081
8.37,-0.114126
8.372,-0.11195
8.374,-0.112023
8.376,-0.109839
8.378,-0.109939
8.38,-0.107756
8.382,-0.107882
8.384,-0.105704
8.386,-0.105853
8.388,-0.103686
8.39,-0.103854
8.392,-0.1017
8.394,-0.101885
8.396,-0.0997457
8.398,-0.0999452
8.4,-0.097821
8.402,-0.0957104
8.404,-0.0959725
8.406,-0.0938795
8.408,-0.0941424
8.41,-0.092067
8.412,-0.0923305
8.414,-0.0902728
8.416,-0.0905368
8.418,-0.0884967
8.42,-0.0887611
8.422,-0.0867387
8.424,-0.0870035
8.426,-0.0849987
8.428,-0.0830142
8.43,-0.0833294
8.432,-0.0813617
8.434,-0.0816672
8.436,-0.0797167
8.438,-0.0777894
8.44,-0.0781366
8.442,-0.0762248
8.444,-0.0743387
8.446,-0.074718
8.448,-0.0728454
8.45,-0.0710001
8.452,-0.0691843
8.454,-0.0696329
8.456,-0.0678249
8.458,-0.0660466
8.46,-0.0665016
8.462,-0.0647304
8.464,-0.0629892
8.466,-0.0612791
8.468,-0.0596008
8.47,-0.0601417
8.472,-0.0584608
8.474,-0.0568114
8.476,-0.055194
8.478,-0.0557538
8.48,-0.0541314
8.482,-0.0525408
8.484,-0.0530762
8.486,-0.0514838
8.488,-0.0499229
8.49,-0.0483939
8.492,-0.0489502
8.494,-0.0474168
8.496,-0.0459152
8.498,-0.0444457
8.5,-0.0450158
8.502,-0.04354
8.504,-0.0420962
8.506,-0.042639
8.508,-0.0411926
8.51,-0.0397779
8.512,-0.0383952
8.514,-0.0370447
8.516,-0.037641
8.518,-0.0362807
8.52,-0.0349526
8.522,-0.0336565
8.524,-0.0323923
8.526,-0.0311596
8.528,-0.0299577
8.53,-0.465932
8.532,0.999871
8.534,0.548255
8.536,0.114261
8.538,-2.03855
8.54,-2.73393
8.542,-1.14289
8.544,-0.159655
8.546,-1.53175
8.548,-1.16195
8.55,1.01019
8.552,0.806038
8.554,-0.469336
8.556,0.196875
8.558,0.986718
8.56,-0.27264
8.562,-1.1564
8.564,-2.14061
8.566,-1.71972
8.568,-0.504595
8.57,0.768413
8.572,3.14744
8.574,2.78423
8.576,3.19043
8.578,-0.0269509
8.58,-1.46834
8.582,-4.70819
8.584,-2.16994
8.586,1.17588
8.588,0.483221
8.59,0.369
8.592,-0.0373091
8.594,2.78044
8.596,1.60046
8.598,2.08052
8.6,0.96047
8.602,-1.07625
8.604,1.00035
8.606,1.39134
8.608,1.91602
8.61,5.68052
8.612,3.56712
8.614,3.45581
8.616,4.09262
8.618,1.87433
8.62,4.80891
8.622,4.26978
8.624,2.92896
8.626,0.614878
8.628,2.49634
8.63,1.14855
8.632,0.947699
8.634,2.33744
8.636,1.85564
8.638,2.09546
8.64,1.79294
8.642,1.17455
8.644,2.46992
8.646,2.40607
8.648,2.36984
8.65,4.29701
8.652,3.11744
8.654,2.06258
8.656,1.86772
8.658,2.1433
8.66,0.960462
8.662,1.93999
8.664,1.21319
8.666,1.38358
8.668,-0.711957
8.67,0.539265
8.672,1.74335
8.674,2.53872
8.676,2.91492
8.678,1.72196
8.68,2.03159
8.682,-0.60273
8.684,-0.923765
8.686,-0.0280465
8.688,-0.344922
8.69,0.904693
8.692,2.7584
8.694,3.00812
8.696,3.03618
8.698,3.74168
8.7,3.19225
8.702,3.79765
8.704,3.78976
8.706,2.52661
8.708,2.85514
8.71,0.169747
8.712,0.426142
8.714,-0.102626
8.716,0.405362
8.718,-0.76128
8.72,-2.65375
8.722,-1.25894
8.724,1.39314
8.726,0.0196833
8.728,0.121578
8.73,1.42757
8.732,1.89251
8.734,3.23074
8.736,1.35681
8.738,1.74471
8.74,0.573379
8.742,2.02648
8.744,-0.0748635
8.746,1.48554
8.748,0.763526
8.75,0.0194734
8.752,0.111053
8.754,1.41364
8.756,0.304431
8.758,-1.40096
8.76,0.0761758
8.762,0.248664
8.764,-0.890594
8.766,0.106058
8.768,2.24861
8.77,1.63847
8.772,1.2286
8.774,2.33087
8.776,2.16898
8.778,2.05973
8.78,1.3281
8.782,2.67696
8.784,1.02846
8.786,-1.48844
8.788,-0.67337
8.79,0.54107
8.792,-1.00922
8.794,-1.51224
8.796,-2.52806
8.798,-1.21308
8.8,-0.0803547
8.802,-0.929559
8.804,-1.17761
8.806,-0.375154
8.808,0.548324
8.81,-0.113054
8.812,-1.72455
8.814,0.628747
8.816,2.89127
8.818,1.01774
8.82,1.20034
8.822,-0.620503
8.824,-0.609759
8.826,-0.955998
8.828,-1.26863
8.83,-0.177172
8.832,2.24782
8.834,2.08937
8.836,1.8677
8.838,1.64619
8.84,1.87251
8.842,0.72665
8.844,0.382249
8.846,-1.63426
8.848,-0.43757
8.85,-1.84916
8.852,-1.23318
8.854,0.465563
8.856,-0.339818
8.858,-1.17089
8.86,0.895751
8.862,-0.641122
8.864,-0.760618
8.866,-1.1559
8.868,0.566342
8.87,-0.652701
8.872,-1.63203
8.874,-0.833187
8.876,-0.0780554
8.878,-0.0435308
8.88,0.725224
8.882,1.56561
8.884,-1.92276
8.886,-2.45454
8.888,-0.901648
8.89,1.09961
8.892,2.93983
8.894,1.60789
8.896,4.01264
8.898,2.8831
8.9,-1.23333
8.902,-2.37567
8.904,-1.21922
8.906,-0.996458
8.908,-1.43881
8.91,-1.41934
8.912,-1.38472
8.914,0.151538
8.916,0.482406
8.918,-2.49276
8.92,-1.06411
8.922,-0.618112
8.924,0.792116
8.926,1.86889
8.928,2.02543
8.93,1.12578
8.932,0.160078
8.934,1.51961
8.936,0.629901
8.938,2.36892
8.94,2.9385
8.942,1.22294
8.944,-1.97832
8.946,-0.83952
8.948,-0.32153
8.95,0.656255
8.952,0.797656
8.954,1.46385
8.956,2.3605
8.958,3.75879
8.96,3.61346
8.962,2.73732
8.964,1.34646
8.966,2.3994
8.968,1.52256
8.97,1.21086
8.972,1.50847
8.974,0.594482
8.976,-0.0843445
8.978,1.36228
8.98,0.199192
8.982,0.68031
8.984,0.91684
8.986,0.12032
8.988,-0.55828
8.99,1.21599
8.992,-0.308496
8.994,-1.82442
8.996,-1.96181
8.998,-0.638257
9,-0.654883
9.002,-1.13351
9.004,1.72847
9.006,2.4871
9.008,2.83122
9.01,3.43923
9.012,2.06059
9.014,3.04791
9.016,-0.5331
9.018,-1.40272
9.02,0.678911
9.022,3.25001
9.024,1.35342
9.026,1.03113
9.028,-0.166415
9.03,-1.03916
9.032,0.817237
9.034,1.0169
9.036,1.82567
9.038,0.0467657
9.04,-0.339362
9.042,1.51382
9.044,-1.38978
9.046,-0.375533
9.048,-0.00559577
9.05,-0.451677
9.052,-1.9353
9.054,-0.912451
9.056,-1.71302
9.058,-0.342037
9.06,-1.46941
9.062,-1.36916
9.064,-1.0985
9.066,0.366564
9.068,0.934697
9.07,2.20777
9.072,1.0002
9.074,-0.76661
9.076,-0.442151
9.078,1.69204
9.08,0.538205
9.082,1.95094
9.084,4.10242
9.086,2.79054
9.088,1.58435
9.09,3.55874
9.092,1.35931
9.094,0.0365291
9.096,0.269354
9.098,2.39708
9.1,1.62092
9.102,-1.02591
9.104,-0.721635
9.106,-1.35038
9.108,-3.22096
9.11,-3.99809
9.112,-1.95969
9.114,1.00858
9.116,-1.72297
9.118,0.686156
9.12,0.483191
9.122,1.3847
9.124,1.59177
9.126,0.648304
9.128,-0.87956
9.13,-0.495788
9.132,1.81786
9.134,-0.0347446
9.136,-1.58252
9.138,0.118625
9.14,-1.10477
9.142,-1.78787
9.144,0.703992
9.146,1.37553
9.148,0.926045
9.15,0.518278
9.152,0.980848
9.154,0.610047
9.156,-2.13611
9.158,-0.182699
9.16,0.459965
9.162,1.40615
9.164,0.777156
9.166,2.41214
9.168,1.98014
9.17,1.90834
9.172,1.50587
9.174,-0.663372
9.176,-1.38984
9.178,-2.09961
9.18,-0.261017
9.182,1.76389
9.184,2.58478
9.186,1.70617
9.188,1.12755
9.19,1.07707
9.192,-1.76388
9.194,-2.30244
9.196,-2.05485
9.198,-2.5628
9.2,-3.34446
9.202,-1.8101
9.204,1.16491
9.206,0.428125
9.208,0.797303
9.21,1.62493
9.212,2.18654
9.214,1.90164
9.216,2.3119
9.218,4.36191
9.22,3.51012
9.222,4.45264
9.224,2.18252
9.226,2.23708
9.228,-1.41833
9.23,-1.0404
9.232,-1.43485
9.234,-3.28335
9.236,-3.19411
9.238,-2.30071
9.24,-2.67965
9.242,-1.04854
9.244,0.420063
9.246,0.957815
9.248,-0.71932
9.25,-0.608343
9.252,0.912607
9.254,-0.668303
9.256,-1.86396
9.258,-2.93046
9.26,-3.17126
9.262,0.159846
9.264,-0.212557
9.266,-0.409875
9.268,1.19205
9.27,-1.17593
9.272,0.0271046
9.274,1.40251
9.276,1.03035
9.278,-1.77296
9.28,0.2245
9.282,1.55314
9.284,2.2649
9.286,0.721331
9.288,-0.379439
9.29,0.162869
9.292,-0.408489
9.294,1.7788
9.296,0.929814
9.298,0.0309915
9.3,0.0996111
9.302,1.51377
9.304,1.35198
9.306,-0.763744
9.308,1.34261
9.31,1.11298
9.312,0.927961
9.314,2.15494
9.316,-0.471888
9.318,-0.411679
9.32,-0.258583
9.322,0.374397
9.324,0.227086
9.326,0.826033
9.328,0.246545
9.33,0.170959
9.332,0.828311
9.334,1.33635
9.336,0.0939663
9.338,-0.481408
9.34,0.986086
9.342,0.228777
9.344,-2.20134
9.346,-0.97384
9.348,-2.80656
9.35,-0.352076
9.352,1.51359
9.354,0.895253
9.356,1.98034
9.358,3.41555
9.36,3.17937
9.362,1.3311
9.364,0.833235
9.366,-0.770406
9.368,-1.97771
9.37,-2.51355
9.372,-3.26
9.374,-2.6024
9.376,-5.02141
9.378,-3.62943
9.38,0.564113
9.382,1.78446
9.384,2.18556
9.386,4.59104
9.388,2.04092
9.39,1.82838
9.392,0.892813
9.394,-1.50695
9.396,-1.42421
9.398,1.31378
9.4,0.77233
9.402,1.34876
9.404,2.18617
9.406,1.83523
9.408,0.959544
9.41,2.12845
9.412,1.79419
9.414,3.91542
9.416,3.73138
9.418,4.08753
9.42,2.988
9.422,2.32049
9.424,0.793092
9.426,1.00514
9.428,2.86669
9.43,3.06648
9.432,1.11126
9.434,1.45975
9.436,1.43546
9.438,0.324423
9.44,-1.76266
9.442,-0.85841
9.444,0.868019
9.446,-0.813305
9.448,-1.22946
9.45,-0.97188
9.452,-1.83632
9.454,-0.199689
9.456,0.929732
9.458,-1.01985
9.46,-2.18843
9.462,-0.768985
9.464,-0.480263
9.466,-1.45277
9.468,-0.00518481
9.47,0.767733
9.472,-2.82589
9.474,-1.95017
9.476,-1.56254
9.478,1.77897
9.48,2.26641
9.482,2.068
9.484,-0.432126
9.486,0.106851
9.488,-2.04399
9.49,-1.99749
9.492,-2.7842
9.494,-3.31591
9.496,-3.51048
9.498,-1.89403
9.5,-3.65391
9.502,-0.093437
9.504,-0.683351
9.506,2.56779
9.508,1.11302
9.51,2.12287
9.512,2.57709
9.514,1.71592
9.516,0.825916
9.518,1.10147
9.52,1.91404
9.522,0.739289
9.524,-0.324072
9.526,-0.461445
9.528,-1.11435
9.53,-1.48602
9.532,-1.0486
9.534,-0.928995
9.536,-2.11101
9.538,-4.35231
9.54,-5.23004
9.542,-2.83747
9.544,-3.25596
9.546,-0.812917
9.548,-2.22933
9.55,-0.900696
9.552,2.77351
9.554,1.73615
9.556,2.2186
9.558,2.95368
9.56,-0.201485
9.562,1.58076
9.564,2.27747
9.566,1.8521
9.568,1.44173
9.57,2.83509
9.572,0.728279
9.574,-1.23119
9.576,-0.635665
9.578,0.546024
9.58,2.28973
9.582,3.75692
9.584,1.7329
9.586,1.50075
9.588,-1.10064
9.59,-2.65386
9.592,-1.91695
9.594,-1.26308
9.596,-1.42079
9.598,-1.70141
9.6,-0.991562
9.602,0.066797
9.604,-1.22996
9.606,1.62822
9.608,3.44239
9.61,1.16096
9.612,3.49156
9.614,3.43721
9.616,1.14636
9.618,1.20251
9.62,0.483729
9.622,0.339757
9.624,0.238356
9.626,0.381646
9.628,-0.193769
9.63,-1.87518
9.632,-4.58379
9.634,-3.56779
9.636,-1.38914
9.638,-0.746113
9.64,0.661679
9.642,2.23466
9.644,0.0990952
9.646,-0.383192
9.648,0.649385
9.65,0.956243
9.652,1.17341
9.654,0.127446
9.656,1.23592
9.658,-0.159833
9.66,0.213602
9.662,-2.37748
9.664,-3.28274
9.666,0.129695
9.668,0.91975
9.67,3.18122
9.672,3.64953
9.674,1.71659
9.676,-0.202359
9.678,1.08748
9.68,1.45783
9.682,2.77409
9.684,1.50751
9.686,2.65295
9.688,3.34495
9.69,2.53139
9.692,1.90596
9.694,0.723586
9.696,-0.546926
9.698,2.26038
9.7,-0.561542
9.702,-0.732709
9.704,-2.71187
9.706,-0.4538
9.708,-1.06596
9.71,-2.3975
9.712,-0.78163
9.714,0.249428
9.716,1.65695
9.718,0.317093
9.72,-0.0844007
9.722,-0.805586
9.724,-1.60223
9.726,-0.602896
9.728,-2.28729
9.73,-2.06658
9.732,-2.72032
9.734,0.3411
9.736,0.801912
9.738,1.1853
9.74,-0.51986
9.742,-0.892454
9.744,-2.96573
9.746,0.141788
9.748,-1.25255
9.75,-0.365953
9.752,1.69584
9.754,0.145115
9.756,-1.654
9.758,-1.68089
9.76,-1.16066
9.762,-2.99554
9.764,-1.96656
9.766,-1.71528
9.768,-2.90465
9.77,-2.14965
9.772,-1.34404
9.774,0.324648
9.776,0.222748
9.778,-0.365643
9.78,-0.577867
9.782,-1.28085
9.784,0.750125
9.786,0.276186
9.788,1.10371
9.79,1.87629
9.792,0.601857
9.794,1.0393
9.796,1.8497
9.798,-0.993887
9.8,1.22003
9.802,1.39404
9.804,-0.722056
9.806,-1.93415
9.808,-3.04079
9.81,-1.08058
9.812,-2.10162
9.814,-1.87711
9.816,-0.892621
9.818,0.390528
9.82,-1.86294
9.822,-2.33853
9.824,-0.93726
9.826,-0.824107
9.828,-1.93428
9.83,-3.88918
9.832,-4.49629
9.834,-4.15185
9.836,-0.235337
9.838,-0.988167
9.84,-0.43159
9.842,-0.788853
9.844,-0.455298
9.846,-0.886288
9.848,-1.67003
9.85,-1.85194
9.852,-0.591672
9.854,-1.15901
9.856,-0.472896
9.858,-1.7553
9.86,-2.9098
9.862,-2.36413
9.864,-1.01204
9.866,1.09822
9.868,2.70591
9.87,0.149126
9.872,0.207627
9.874,-0.20783
9.876,0.133062
9.878,-0.496296
9.88,0.888334
9.882,1.3287
9.884,1.42225
9.886,1.88062
9.888,2.40551
9.89,1.6495
9.892,-1.30715
9.894,-1.61985
9.896,-0.963185
9.898,0.810085
9.9,-0.349568
9.902,1.48504
9.904,4.06048
9.906,1.75663
9.908,1.86367
9.91,3.18776
9.912,0.0661878
9.914,0.692884
9.916,1.39459
9.918,2.39596
9.92,0.967101
9.922,0.539762
9.924,2.18674
9.926,2.50319
9.928,3.10109
9.93,2.31921
9.932,1.8566
9.934,2.01067
9.936,2.63196
9.938,1.78255
9.94,0.417082
9.942,1.22777
9.944,0.276058
9.946,2.05406
9.948,4.09577
9.95,5.41081
9.952,5.68366
9.954,4.8255
9.956,2.82189
9.958,1.97246
9.96,0.888019
9.962,1.40795
9.964,1.7641
9.966,2.01335
9.968,0.497754
9.97,1.24465
9.972,-0.284258
9.974,1.09455
9.976,1.55766
9.978,0.386132
9.98,1.48539
9.982,0.254419
9.984,0.0287572
9.986,-0.855026
9.988,0.270405
9.99,-1.67794
9.992,-0.635121
9.994,-1.10687
9.996,-0.117077
9.998,-2.17119
10,-1.33773
10.002,0.028102
10.004,-0.588633
10.006,0.0051145
10.008,0.336699
10.01,1.22485
10.012,2.845
10.014,4.7569
10.016,3.9089
10.018,0.428392
10.02,2.38443
10.022,1.01634
10.024,1.76821
10.026,2.44591
10.028,2.65789
10.03,1.09553
10.032,1.62159
10.034,1.48758
10.036,0.896286
10.038,0.909976
10.04,0.516611
10.042,0.0979508
10.044,-0.374242
10.046,1.02382
10.048,1.25887
10.05,-0.0193583
10.052,0.155197
10.054,-0.405694
10.056,0.366847
10.058,-0.672039
10.06,-0.925285
10.062,-1.87943
10.064,-0.81995
10.066,-0.0842136
10.068,-0.819043
10.07,-1.72413
10.072,-2.00365
10.074,-1.46868
10.076,-1.08164
10.078,-0.0089546
10.08,0.557402
10.082,-1.39621
10.084,-2.23946
10.086,1.1753
10.088,0.407196
10.09,-1.07381
10.092,-2.43463
10.094,-4.23402
10.096,-2.80581
10.098,-3.73377
10.1,-2.78356
10.102,-1.28436
10.104,-0.462517
10.106,0.91471
10.108,1.54972
10.11,3.34391
10.112,1.14574
10.114,0.720129
10.116,0.231298
10.118,-0.574536
10.12,-0.857934
10.122,0.106569
10.124,1.295
10.126,0.0249175
10.128,0.201069
10.13,-1.33549
10.132,-1.32072
10.134,-1.43713
10.136,-1.7916
10.138,-3.0309
10.14,-0.38623
10.142,2.61494
10.144,1.21552
10.146,0.266082
10.148,0.328188
10.15,-0.895216
10.152,-3.66277
10.154,-3.62584
10.156,-4.26499
10.158,-5.33418
10.16,-4.46301
10.162,-1.72923
10.164,-0.609246
10.166,-1.74404
10.168,-0.951075
10.17,0.488747
10.172,-0.884037
10.174,1.57127
10.176,1.91559
10.178,2.55084
10.18,1.7663
10.182,-0.725668
10.184,0.200908
10.186,0.125016
10.188,-0.249745
10.19,-0.476471
10.192,-3.59893
10.194,-4.47211
10.196,-2.34222
10.198,-2.87985
10.2,-2.16069
10.202,-3.18196
10.204,0.561816
10.206,-1.33104
10.208,0.43405
10.21,0.863347
10.212,0.299692
10.214,1.2998
10.216,0.210345
10.218,0.108732
10.22,0.423238
10.222,1.40716
10.224,0.140401
10.226,1.13734
10.228,1.84512
10.23,0.62925
10.232,0.693267
10.234,2.56207
10.236,-1.18399
10.238,-1.79663
10.24,-2.63764
10.242,-4.80772
10.244,-1.5999
10.246,0.497656
10.248,1.42864
10.25,-1.16436
10.252,-0.590167
10.254,2.56801
10.256,0.795546
10.258,1.19356
10.26,1.2721
10.262,3.67161
10.264,0.83515
10.266,1.0934
10.268,-1.11592
10.27,-1.08293
10.272,0.797537
10.274,2.16624
10.276,-1.10745
10.278,-0.594714
10.28,-0.584304
10.282,1.7688
10.284,3.18195
10.286,3.94283
10.288,4.49618
10.29,3.32996
10.292,5.35878
10.294,2.94093
10.296,1.26651
10.298,-0.650736
10.3,-0.668091
10.302,-0.0190252
10.304,-1.16639
10.306,-1.30472
10.308,0.0131073
10.31,0.689226
10.312,1.02779
10.314,1.09908
10.316,0.906666
10.318,1.10756
10.32,-0.432498
10.322,-1.44097
10.324,1.23935
10.326,2.06541
10.328,1.86114
10.33,0.988473
10.332,-2.83687
10.334,-4.02212
10.336,-1.84908
10.338,0.367068
10.34,-0.0234442
10.342,3.16272
10.344,1.44675
10.346,0.808554
10.348,2.62735
10.35,1.04232
10.352,2.19048
10.354,1.43142
10.356,2.09967
10.358,-1.17582
10.36,-0.810135
10.362,-1.04353
10.364,-1.94133
10.366,0.857888
10.368,2.21564
10.37,1.68111
10.372,1.94605
10.374,0.740881
10.376,0.897199
10.378,0.494408
10.38,1.06237
10.382,-1.9569
10.384,-1.90768
10.386,-1.39343
10.388,-0.861897
10.39,-0.422888
10.392,1.3282
10.394,3.13114
10.396,0.496776
10.398,0.310428
10.4,-0.721342
10.402,0.310492
10.404,-0.624119
10.406,-1.53015
10.408,0.901398
10.41,1.02577
10.412,2.43368
10.414,0.0653858
10.416,-0.0613086
10.418,-0.828858
10.42,0.623073
10.422,2.02326
10.424,0.545018
10.426,0.234875
10.428,-1.39881
10.43,-0.403206
10.432,-0.996961
10.434,1.00997
10.436,2.55138
10.438,2.29171
10.44,2.95418
10.442,2.27777
10.444,0.455563
10.446,-0.980117
10.448,0.536502
10.45,-0.511727
10.452,-0.0745159
10.454,-0.936216
10.456,-1.75635
10.458,-2.44114
10.46,-0.257614
10.462,-1.54528
10.464,0.132097
10.466,0.28911
10.468,-0.30769
10.47,1.15001
10.472,-0.447414
10.474,0.133469
10.476,1.15529
10.478,1.36587
10.48,0.0565344
10.482,2.13234
10.484,1.43671
10.486,-0.282399
10.488,0.985581
10.49,1.2994
10.492,0.861391
10.494,0.117925
10.496,2.18997
10.498,0.419098
10.5,0.425049
10.502,-2.74535
10.504,-1.65817
10.506,-1.46831
10.508,-0.0798147
10.51,-0.736165
10.512,0.555951
10.514,-0.75784
10.516,0.390614
10.518,-0.328143
10.52,-2.72032
10.522,-1.38423
10.524,-0.862419
10.526,-0.484247
10.528,-0.072542
10.53,-1.31987
10.532,-0.893538
10.534,-0.225158
10.536,-1.43035
10.538,-1.79021
10.54,-2.55047
10.542,-2.14543
10.544,-1.07277
10.546,1.05269
10.548,-1.7654
10.55,-0.809374
10.552,-1.89776
10.554,2.10682
10.556,2.48142
10.558,3.53218
10.56,1.80289
10.562,1.67952
10.564,-0.881157
10.566,0.196295
10.568,-2.1584
10.57,-3.6538
10.572,-1.41899
10.574,0.352016
10.576,2.60781
10.578,2.96718
10.58,1.36676
10.582,0.602873
10.584,0.707858
10.586,-0.623917
10.588,-0.923497
10.59,-1.10743
10.592,-0.455613
10.594,-2.64974
10.596,-0.218503
10.598,0.165229
10.6,0.99314
10.602,0.036979
10.604,-1.08707
10.606,-0.615366
10.608,-0.938253
10.61,-0.840371
10.612,-1.85931
10.614,-1.06591
10.616,1.48385
10.618,1.1388
10.62,-1.38906
10.622,0.111147
10.624,2.16645
10.626,1.32291
10.628,-0.700701
10.63,-1.90568
10.632,-0.908736
10.634,-0.367602
10.636,0.488318
10.638,-1.62782
10.64,0.58134
10.642,0.574173
10.644,0.513392
10.646,3.08174
10.648,5.85721
10.65,5.26122
10.652,2.81971
10.654,1.82074
10.656,3.22032
10.658,1.66068
10.66,0.03517
10.662,0.916341
10.664,-2.00019
10.666,-0.968525
10.668,-3.36685
10.67,-2.5681
10.672,0.405781
10.674,-0.425641
10.676,-1.09468
10.678,1.31971
10.68,-0.268479
10.682,0.0635457
10.684,-3.48384
10.686,-2.22646
10.688,-3.04248
10.69,-0.964098
10.692,1.04795
10.694,0.811247
10.696,-1.1757
10.698,-0.0315005
10.7,-1.26438
10.702,-0.657369
10.704,0.790091
10.706,1.06942
10.708,2.74517
10.71,1.28509
10.712,2.65727
10.714,0.703962
10.716,0.582559
10.718,-0.621488
10.72,-1.04057
10.722,0.724129
10.724,-0.49838
10.726,1.05349
10.728,1.77479
10.73,0.825201
10.732,1.26572
10.734,1.81038
10.736,0.0727694
10.738,1.00085
10.74,1.22722
10.742,2.75176
10.744,4.44528
10.746,3.3866
10.748,1.31452
10.75,0.391294
10.752,-1.60371
10.754,-2.56036
10.756,-2.29511
10.758,-1.65876
10.76,-0.449201
10.762,-0.205496
10.764,-0.126321
10.766,-1.07353
10.768,1.79729
10.77,2.36584
10.772,2.29938
10.774,0.589975
10.776,-1.36388
10.778,-0.0621065
10.78,0.822725
10.782,0.619863
10.784,-0.13263
10.786,-0.38063
10.788,1.16617
10.79,2.12785
10.792,-0.111478
10.794,-1.54812
10.796,-2.32928
10.798,0.398524
10.8,-0.962601
10.802,0.0949027
10.804,-0.327394
10.806,-3.70218
10.808,-2.22671
10.81,-1.00905
10.812,-1.45575
10.814,-0.716003
10.816,-1.5922
10.818,1.34014
10.82,0.129125
10.822,1.40412
10.824,2.29689
10.826,1.63937
10.828,0.0603318
10.83,0.633261
10.832,-1.27531
10.834,-2.08781
10.836,-2.51207
10.838,-1.14644
10.84,-1.11442
10.842,-0.448867
10.844,-0.544924
10.846,-0.141628
10.848,1.54709
10.85,2.43113
10.852,2.10977
10.854,1.1784
10.856,0.244745
10.858,0.7052
10.86,1.78709
10.862,-0.37661
10.864,-0.486791
10.866,0.486647
10.868,-0.632439
10.87,0.669006
10.872,0.666505
10.874,-0.224964
10.876,1.30227
10.878,0.828728
10.88,1.24494
10.882,1.78979
10.884,0.675393
10.886,1.16406
10.888,0.754375
10.89,3.15241
10.892,1.44964
10.894,0.957258
10.896,0.325311
10.898,0.409317
10.9,-2.46339
10.902,-1.14121
10.904,-1.55797
10.906,-2.94738
10.908,-2.32761
10.91,-2.30869
10.912,-1.9301
10.914,-1.78252
10.916,-1.36993
10.918,0.269494
10.92,-0.0415918
10.922,-0.264492
10.924,0.351678
10.926,0.0428929
10.928,-2.71894
10.93,-1.37321
10.932,-0.567139
10.934,-1.64221
10.936,0.0611151
10.938,1.55155
10.94,1.59908
10.942,1.55578
10.944,2.0756
10.946,-0.955928
10.948,0.459057
10.95,1.24197
10.952,0.0971298
10.954,-1.21206
10.956,-2.34226
10.958,-2.90968
10.96,0.532898
10.962,0.37522
10.964,-0.407973
10.966,0.586533
10.968,0.92427
10.97,0.864753
10.972,-1.88917
10.974,0.217927
10.976,-0.57793
10.978,-0.846042
10.98,1.20243
10.982,1.70171
10.984,-0.555573
10.986,-1.52899
10.988,0.524404
10.99,-0.505661
10.992,-0.621879
10.994,-0.877192
10.996,1.39775
10.998,1.04484
11,2.27692
11.002,1.94383
11.004,-0.762477
11.006,0.781185
11.008,2.40563
11.01,3.80834
11.012,0.660884
11.014,2.28947
11.016,-0.322335
11.018,-0.256309
11.02,0.520287
11.022,1.12356
11.024,0.705238
11.026,-0.0366632
11.028,1.35979
11.03,0.740192
11.032,-0.0319515
11.034,-0.211082
11.036,-1.57898
11.038,-2.68316
11.04,0.450609
11.042,0.498922
11.044,0.0199178
11.046,-1.46876
11.048,-0.813189
11.05,0.679624
11.052,-1.14993
11.054,0.905702
11.056,1.96939
11.058,0.148691
11.06,0.521377
11.062,0.592392
11.064,2.05555
11.066,3.478
11.068,2.21085
11.07,1.27303
11.072,1.79909
11.074,-0.36915
11.076,-0.143373
11.078,0.622261
11.08,0.18857
11.082,1.2494
11.084,-0.0083639
11.086,-0.474096
11.088,-1.33068
11.09,-0.0734461
11.092,-1.25006
11.094,0.558585
11.096,0.14625
11.098,1.04341
11.1,-1.61587
11.102,-0.637903
11.104,-0.567142
11.106,0.401045
11.108,0.247653
11.11,1.14689
11.112,0.25581
11.114,-1.32284
11.116,-3.38847
11.118,-0.650149
11.12,0.658103
11.122,1.00143
11.124,0.505634
11.126,0.56653
11.128,-1.12207
11.13,0.513298
11.132,-0.271911
11.134,-1.42894
11.136,-3.21038
11.138,-2.1982
11.14,-1.43707
11.142,-2.19219
11.144,-1.11544
11.146,-2.67601
11.148,-1.22344
11.15,0.221918
11.152,0.59331
11.154,2.87231
11.156,3.51318
11.158,1.59758
11.16,0.225985
11.162,-0.429672
11.164,1.7178
11.166,1.63581
11.168,1.82986
11.17,1.37976
11.172,0.0866366
11.174,1.92533
11.176,0.624082
11.178,-1.0186
11.18,-1.58635
11.182,-3.27042
11.184,-2.9657
11.186,-1.6521
11.188,-3.09351
11.19,-1.83133
11.192,-0.499279
11.194,0.00383993
11.196,1.89826
11.198,1.33742
11.2,2.17583
11.202,1.51743
11.204,0.987787
11.206,-1.84484
11.208,-2.66757
11.21,-2.25111
11.212,-4.07727
11.214,-1.81617
11.216,0.0613138
11.218,-0.498225
11.22,-0.0915793
11.222,1.76116
11.224,2.13622
11.226,-0.7765
11.228,-0.762696
11.23,-2.88166
11.232,-2.67753
11.234,-2.26474
11.236,-3.35853
11.238,-2.92505
11.24,-1.1181
11.242,-0.745962
11.244,0.633899
11.246,1.12571
11.248,0.007581
11.25,-0.542924
11.252,-1.51998
11.254,-1.81308
11.256,-2.31175
11.258,-0.17912
11.26,0.121457
11.262,-0.867829
11.264,0.860834
11.266,0.439202
11.268,-0.885711
11.27,-1.14434
11.272,0.291387
11.274,-1.57448
11.276,1.92282
11.278,3.17811
11.28,2.88686
11.282,0.585433
11.284,2.10044
11.286,2.51964
11.288,0.769904
11.29,1.46455
11.292,0.441869
11.294,-0.135519
11.296,-0.590757
11.298,1.3794
11.3,-0.133633
11.302,-1.75572
11.304,-1.77908
11.306,0.374
11.308,-0.123443
11.31,0.936622
11.312,0.529304
11.314,0.284714
11.316,-0.439667
11.318,-0.413587
11.32,0.202232
11.322,0.319734
11.324,-0.71018
11.326,-0.686204
11.328,1.0334
11.33,0.212091
11.332,0.836923
11.334,2.32968
11.336,0.520349
11.338,0.158409
11.34,-0.0779218
11.342,2.55562
11.344,1.49344
11.346,1.67071
11.348,2.07368
11.35,2.38026
11.352,1.39977
11.354,1.4358
11.356,-1.7429
11.358,-1.10442
11.36,0.376569
11.362,1.5494
11.364,0.986458
11.366,0.910751
11.368,0.0537396
11.37,2.466
11.372,2.67712
11.374,1.71406
11.376,0.703737
11.378,1.65748
11.38,2.62751
11.382,-0.209122
11.384,-1.12691
11.386,-1.96586
11.388,-1.80745
11.39,-0.385187
11.392,0.610161
11.394,-1.56282
11.396,0.973026
11.398,1.15916
11.4,-0.325533
11.402,0.829298
11.404,3.07932
11.406,3.80293
11.408,3.257
11.41,4.23107
11.412,4.89715
11.414,2.261
11.416,0.896594
11.418,2.44804
11.42,2.35426
11.422,1.94234
11.424,1.04328
11.426,-2.25605
11.428,-1.00611
11.43,0.527954
11.432,2.11397
11.434,0.564901
11.436,-0.296806
11.438,1.0445
11.44,2.08112
11.442,-0.192177
11.444,-2.36588
11.446,-0.908333
11.448,-2.09305
11.45,-2.07298
11.452,-3.13228
11.454,-6.08429
11.456,-3.93747
11.458,-3.67703
11.46,-3.33268
11.462,-2.25263
11.464,-0.235389
11.466,-2.40968
11.468,-2.69508
11.47,1.16376
11.472,1.34104
11.474,0.77733
11.476,1.87068
11.478,2.58775
11.48,2.65434
11.482,2.78241
11.484,1.83728
11.486,0.663933
11.488,-0.479236
11.49,0.771619
11.492,1.08206
11.494,1.07399
11.496,0.5391
11.498,-0.527138
11.5,0.101001
11.502,-0.617564
11.504,-0.141464
11.506,-0.695902
11.508,0.527835
11.51,-1.10102
11.512,1.16953
11.514,0.0919504
11.516,1.50079
11.518,0.106337
11.52,0.974203
11.522,-1.17158
11.524,-0.122334
11.526,-0.28766
11.528,0.438961
11.53,-1.5693
11.532,-0.522641
11.534,0.600422
11.536,1.78667
11.538,0.387182
11.54,0.562285
11.542,0.543733
11.544,0.0677658
11.546,0.125125
11.548,-1.74598
11.55,-0.939261
11.552,-1.8402
11.554,-1.83086
11.556,-1.30031
11.558,-0.265965
11.56,2.69517
11.562,2.79582
11.564,1.99642
11.566,1.86347
11.568,0.539804
11.57,1.31213
11.572,-1.2937
11.574,-2.30701
11.576,-4.84537
11.578,-2.70826
11.58,0.619575
11.582,1.35036
11.584,1.28932
11.586,0.1042
11.588,0.395044
11.59,0.700759
11.592,0.854629
11.594,-1.14442
11.596,0.0743459
11.598,-1.02383
11.6,-2.31966
11.602,-1.57399
11.604,0.197483
11.606,-1.81495
11.608,-4.73779
11.61,-4.65608
11.612,-3.52266
11.614,-4.57987
11.616,-3.24008
11.618,-1.7989
11.62,-1.95435
11.622,-2.29606
11.624,0.187468
11.626,0.464141
11.628,-1.35082
11.63,-0.309685
11.632,0.583205
11.634,-0.0592229
11.636,0.171509
11.638,1.11153
11.64,-0.965197
11.642,0.838031
11.644,-0.057239
11.646,2.98133
11.648,1.66447
11.65,2.21567
11.652,1.8923
11.654,1.94109
11.656,0.317608
11.658,1.71899
11.66,0.85848
11.662,2.04025
11.664,0.407916
11.666,-0.466854
11.668,-0.385292
11.67,-0.0835644
11.672,-1.16882
11.674,-1.39825
11.676,-1.18288
11.678,-1.19364
11.68,-2.56769
11.682,-1.24824
11.684,-1.86502
11.686,0.443341
11.688,0.117245
11.69,-1.62737
11.692,-1.82923
11.694,-1.12205
11.696,2.80233
11.698,1.08841
11.7,1.06107
11.702,1.14325
11.704,0.697776
11.706,0.899285
11.708,-0.200545
11.71,1.35721
11.712,0.888738
11.714,2.44373
11.716,4.3079
11.718,5.08765
11.72,3.78165
11.722,0.286093
11.724,1.81193
11.726,2.30374
11.728,1.47425
11.73,1.86309
11.732,0.360956
11.734,-0.878752
11.736,-0.773966
11.738,-0.186075
11.74,1.07278
11.742,-0.54426
11.744,-0.0620224
11.746,1.66564
11.748,0.804476
11.75,1.00237
11.752,3.25135
11.754,1.91836
11.756,1.53737
11.758,-2.91343
11.76,-1.91755
11.762,0.855646
11.764,3.27157
11.766,2.61568
11.768,1.19931
11.77,-1.4714
11.772,-0.159889
11.774,0.916796
11.776,1.55342
11.778,2.19661
11.78,3.09156
11.782,4.29842
11.784,4.09932
11.786,1.10022
11.788,1.69456
11.79,3.14055
11.792,1.82933
11.794,-0.476884
11.796,-1.95635
11.798,-1.62605
11.8,-0.859062
11.802,-1.06313
11.804,-1.0603
11.806,-2.00705
11.808,-2.21128
11.81,-1.99955
11.812,-2.26994
11.814,-0.313598
11.816,-0.270817
11.818,0.856744
11.82,-2.11436
11.822,1.97968
11.824,0.35371
11.826,1.05295
11.828,-0.621492
11.83,-1.38248
11.832,-1.63906
11.834,-2.53524
11.836,-2.26198
11.838,-0.527988
11.84,0.889426
11.842,2.7852
11.844,1.29745
11.846,2.89447
11.848,2.1125
11.85,0.374398
11.852,-0.569663
11.854,-0.739967
11.856,-0.0812692
11.858,0.732732
11.86,3.2832
11.862,1.78196
11.864,-0.420727
11.866,-0.197389
11.868,-0.630816
11.87,-1.34923
11.872,-1.00187
11.874,-3.38434
11.876,-2.61032
11.878,-0.287197
11.88,-0.749015
11.882,-0.311521
11.884,-0.353553
11.886,-0.898088
11.888,-2.64292
11.89,-3.41305
11.892,-1.11322
11.894,-1.42434
11.896,1.30997
11.898,1.96837
11.9,0.680773
11.902,1.55369
11.904,1.63054
11.906,-0.106019
11.908,-2.3362
11.91,-3.69461
11.912,-2.43484
11.914,-3.68384
11.916,-4.11814
11.918,-0.818914
11.92,-2.08982
11.922,0.672528
11.924,0.326284
11.926,-1.94147
11.928,-1.72875
11.93,-2.36862
11.932,-3.48192
11.934,-5.2075
11.936,-1.25475
11.938,0.0468528
11.94,0.318256
11.942,0.652513
11.944,0.782151
11.946,1.79277
11.948,2.90068
11.95,3.51864
11.952,4.05327
11.954,0.166775
11.956,-1.71343
11.958,-1.36209
11.96,-2.97305
11.962,-1.76143
11.964,-0.754159
11.966,0.33799
11.968,-0.24283
11.97,0.98371
11.972,3.32202
11.974,1.40471
11.976,0.684614
11.978,0.415371
11.98,1.5873
11.982,2.06464
11.984,4.25754
11.986,2.59475
11.988,1.54766
11.99,-1.21869
11.992,1.45287
11.994,1.23028
11.996,-1.71294
11.998,1.82529
12,3.40843
12.002,0.649015
12.004,-0.437284
12.006,-0.463068
12.008,-1.99441
12.01,-2.3316
12.012,-0.759389
12.014,-0.2955
12.016,-1.02421
12.018,-1.16025
12.02,-0.189538
12.022,-2.34595
12.024,-0.0211672
12.026,0.742823
12.028,-0.575634
12.03,-1.78144
12.032,-3.62845
12.034,-1.68556
12.036,-2.94343
12.038,-4.3439
12.04,-4.18434
12.042,-3.02462
12.044,-0.36695
12.046,-1.11552
12.048,2.11402
12.05,3.32012
12.052,2.06141
12.054,2.92124
12.056,1.29346
12.058,-0.371553
12.06,-0.727019
12.062,-0.480627
12.064,1.98766
12.066,3.59671
12.068,3.07821
12.07,5.59742
12.072,3.42127
12.074,3.13217
12.076,1.71592
12.078,1.41201
12.08,-0.259519
12.082,1.02468
12.084,2.41619
12.086,2.23059
12.088,0.92641
12.09,-0.448399
12.092,-2.18555
12.094,-1.5179
12.096,-2.28517
12.098,-0.381189
12.1,1.02686
12.102,2.24341
12.104,0.301794
12.106,1.9218
12.108,1.16183
12.11,0.25744
12.112,3.52685
12.114,2.50391
12.116,2.5966
12.118,4.34528
12.12,4.93278
12.122,3.38986
12.124,2.85954
12.126,1.74542
12.128,2.02068
12.13,1.11287
12.132,1.6656
12.134,1.76209
12.136,2.26849
12.138,1.22285
12.14,-0.562236
12.142,-1.44157
12.144,-1.64619
12.146,-2.19888
12.148,-1.23557
12.15,-0.801599
12.152,0.443277
12.154,-0.193123
12.156,2.27339
12.158,2.86391
12.16,3.48189
12.162,0.422617
12.164,-1.6823
12.166,-1.99473
12.168,-1.37508
12.17,-2.99443
12.172,-3.84559
12.174,-5.43633
12.176,-6.31992
12.178,-4.8961
12.18,-2.0277
12.182,0.133123
12.184,-0.755762
12.186,0.707117
12.188,-0.61242
12.19,-2.18465
12.192,-2.07352
12.194,-0.255086
12.196,0.368556
12.198,-1.36791
12.2,-1.01863
12.202,-1.836
12.204,0.827018
12.206,-1.05812
12.208,0.729943
12.21,1.77751
12.212,2.245
12.214,1.60474
12.216,-0.219183
12.218,2.93929
12.22,3.23583
12.222,2.37433
12.224,3.7884
12.226,1.04709
12.228,0.177415
12.23,-1.599
12.232,-1.85496
12.234,-1.34224
12.236,0.243203
12.238,-0.717096
12.24,-1.19533
12.242,-1.58971
12.244,-1.49012
12.246,-0.322988
12.248,1.66526
12.25,0.545941
12.252,3.51557
12.254,3.64129
12.256,3.0841
12.258,3.57077
12.26,3.21451
12.262,1.57964
12.264,1.2856
12.266,0.094011
12.268,-0.487256
12.27,0.279892
12.272,0.779141
12.274,0.978474
12.276,-1.35941
12.278,-0.840196
12.28,-3.4593
12.282,-1.29939
12.284,-3.73318
12.286,-3.44028
12.288,-2.44791
12.29,0.248027
12.292,-1.62462
12.294,-0.342781
12.296,-0.53861
12.298,-2.01015
12.3,-1.79173
12.302,-2.65907
12.304,-1.71072
12.306,-1.21828
12.308,0.18398
12.31,-0.273665
12.312,-0.731345
12.314,1.60012
12.316,-0.914085
12.318,-1.40512
12.32,0.280971
12.322,1.24211
12.324,1.3114
12.326,-0.311457
12.328,-1.42721
12.33,-1.76614
12.332,-1.15743
12.334,-0.297616
12.336,-0.569864
12.338,0.876854
12.34,-0.610114
12.342,0.911479
12.344,1.46084
12.346,0.449079
12.348,-0.711805
12.35,-1.58609
12.352,-0.933321
12.354,-1.65401
12.356,-3.34012
12.358,-1.76931
12.36,-2.99747
12.362,-2.97329
12.364,-0.96673
12.366,-0.8676
12.368,-1.02655
12.37,-2.50324
12.372,-0.242031
12.374,0.369613
12.376,2.84285
12.378,2.44889
12.38,2.8537
12.382,0.741084
12.384,0.383167
12.386,-1.62963
12.388,-2.17655
12.39,-1.7469
12.392,-0.382279
12.394,-1.33458
12.396,-1.32623
12.398,-1.83922
12.4,0.396493
12.402,-0.444592
12.404,-0.555185
12.406,-0.01336
12.408,-1.22089
12.41,-0.976776
12.412,-0.0645678
12.414,0.137744
12.416,-0.280441
12.418,0.963045
12.42,0.313116
12.422,1.09584
12.424,1.43532
12.426,4.34396
12.428,4.0051
12.43,2.50482
12.432,-0.557152
12.434,-0.0553742
12.436,-0.289205
12.438,-0.29832
12.44,-2.70489
12.442,-2.54955
12.444,-1.46456
12.446,-1.60203
12.448,0.86404
12.45,2.84548
12.452,2.57775
12.454,0.967817
12.456,2.11264
12.458,0.48386
12.46,2.5538
12.462,1.30688
12.464,-1.37881
12.466,-1.55917
12.468,-1.35976
12.47,0.0560243
12.472,3.11973
12.474,2.1842
12.476,2.84754
12.478,2.26798
12.48,2.04295
12.482,1.02432
12.484,0.244317
12.486,-0.675063
12.488,-0.300762
12.49,1.54264
12.492,2.77665
12.494,3.52593
12.496,1.95532
12.498,0.349335
12.5,0.0740926
12.502,1.76363
12.504,2.15702
12.506,0.47951
12.508,1.51896
12.51,-0.395998
12.512,-0.0237223
12.514,1.06279
12.516,0.324498
12.518,1.35206
12.52,1.65487
12.522,0.454797
12.524,0.264954
12.526,-0.26031
12.528,-0.126678
12.53,-0.0254148
12.532,0.296901
12.534,-1.17283
12.536,-1.33678
12.538,-2.85966
12.54,0.958111
12.542,0.0744412
12.544,0.276261
12.546,3.52355
12.548,2.73721
12.55,1.11922
12.552,0.563232
12.554,0.915474
12.556,1.95871
12.558,0.900141
12.56,-1.5235
12.562,-1.50692
12.564,-1.60112
12.566,-4.54918
12.568,-6.76943
12.57,-4.90082
12.572,-5.78158
12.574,-4.58064
12.576,-3.06099
12.578,-2.90276
12.58,-0.0201271
12.582,-1.89384
12.584,-2.33943
12.586,-2.24977
12.588,0.989879
12.59,-0.346717
12.592,1.32797
12.594,-0.364853
12.596,1.16585
12.598,0.737229
12.6,1.14107
12.602,2.52774
12.604,0.731062
12.606,1.22322
12.608,-0.33333
12.61,-0.413303
12.612,0.203594
12.614,0.329875
12.616,-1.42706
12.618,0.0602838
12.62,-0.664538
12.622,-1.07878
12.624,-1.02418
12.626,-0.0245571
12.628,-1.44563
12.63,-0.463068
12.632,-0.742213
12.634,-0.703034
12.636,-0.173723
12.638,-0.281194
12.64,2.28419
12.642,2.64442
12.644,1.99135
12.646,2.34763
12.648,-0.0184765
12.65,0.205596
12.652,0.650805
12.654,-0.525189
12.656,0.712375
12.658,1.19796
12.66,-1.32549
12.662,-2.3193
12.664,-0.132704
12.666,0.000524985
12.668,0.411512
12.67,-1.42897
12.672,-2.19871
12.674,-2.60598
12.676,-0.289871
12.678,-2.03087
12.68,1.23479
12.682,0.154747
12.684,1.03347
12.686,2.00986
12.688,-0.596601
12.69,-0.495171
12.692,0.497703
12.694,0.568959
12.696,1.95322
12.698,0.533364
12.7,-0.117264
12.702,0.12062
12.704,2.08333
12.706,1.59674
12.708,2.63048
12.71,1.55929
12.712,-0.128929
12.714,1.88867
12.716,1.1826
12.718,2.77149
12.72,3.54286
12.722,4.13156
12.724,1.50322
12.726,0.77774
12.728,1.09991
12.73,1.0643
12.732,-1.04693
12.734,-2.5475
12.736,-3.53101
12.738,-2.50164
12.74,-1.28538
12.742,0.457846
12.744,0.923566
12.746,1.54018
12.748,2.64595
12.75,2.94362
12.752,2.49646
12.754,2.5541
12.756,2.13521
12.758,1.93797
12.76,2.00212
12.762,2.50678
12.764,3.72463
12.766,3.96014
12.768,3.34846
12.77,0.824146
12.772,0.3842
12.774,1.84667
12.776,2.13496
12.778,0.159122
12.78,-0.0953566
12.782,0.162743
12.784,0.22433
12.786,-1.4204
12.788,0.251089
12.79,-0.336515
12.792,-1.82786
12.794,-2.86371
12.796,-1.79968
12.798,-1.32581
12.8,-2.12541
12.802,-2.88828
12.804,-2.80654
12.806,-2.81265
12.808,-3.54527
12.81,-2.99851
12.812,-1.2486
12.814,-0.30583
12.816,1.66392
12.818,4.01523
12.82,4.94145
12.822,3.77112
12.824,2.6087
12.826,0.691389
12.828,0.763511
12.83,1.30381
12.832,-1.43268
12.834,-0.0825206
12.836,0.298183
12.838,0.144118
12.84,0.460625
12.842,-2.26092
12.844,-4.262
12.846,-2.13371
12.848,0.97402
12.85,-0.14013
12.852,-0.187958
12.854,-0.307682
12.856,-1.394
12.858,-1.61353
12.86,-0.62627
12.862,-1.19468
12.864,0.0713182
12.866,0.667617
12.868,0.00793978
12.87,-0.288486
12.872,1.06231
12.874,0.627464
12.876,0.657764
12.878,-0.0735923
12.88,-1.24588
12.882,-1.73109
12.884,-1.13764
12.886,-1.25584
12.888,-2.94673
12.89,-4.60331
12.892,-3.22434
12.894,-4.19447
12.896,-3.4484
12.898,-4.40217
12.9,-3.42948
12.902,-1.45547
12.904,-1.65708
12.906,-2.03278
12.908,0.201655
12.91,-0.522008
12.912,-2.38255
12.914,-2.12104
12.916,-2.50345
12.918,-0.774517
12.92,-1.90289
12.922,-2.08318
12.924,-0.104678
12.926,-0.21543
12.928,0.502433
12.93,2.60518
12.932,0.867756
12.934,-0.413223
12.936,-0.353163
12.938,-1.35996
12.94,0.685056
12.942,0.710306
12.944,-1.75315
12.946,-1.95624
12.948,-2.86837
12.95,-2.37953
12.952,-3.04177
12.954,-0.547542
12.956,-0.933715
12.958,-0.543062
12.96,-1.80717
12.962,1.75416
12.964,2.1728
12.966,0.651369
12.968,1.32186
12.97,0.500258
12.972,2.81572
12.974,1.31264
12.976,1.04291
12.978,0.894607
12.98,1.13414
12.982,0.923898
12.984,0.443928
12.986,-0.629167
12.988,0.521888
12.99,1.37061
12.992,2.57453
12.994,1.71022
12.996,1.72545
12.998,0.586838
13,3.3243
13.002,1.30937
13.004,1.13299
13.006,0.552782
13.008,1.84264
13.01,0.567969
13.012,-0.0804857
13.014,1.41038
13.016,-0.271183
13.018,-0.335221
13.02,-0.241874
13.022,0.236459
13.024,1.25084
13.026,1.68631
13.028,1.73256
13.03,3.28733
13.032,2.2612
13.034,-0.335105
13.036,-0.981116
13.038,1.884
13.04,0.465693
13.042,2.71259
13.044,2.29876
13.046,0.383633
13.048,1.36269
13.05,0.685367
13.052,0.815047
13.054,0.315952
13.056,-0.355393
13.058,0.698677
13.06,2.82477
13.062,2.04899
13.064,0.1948
13.066,-1.11679
13.068,-2.30212
13.07,-2.37708
13.072,-1.7349
13.074,0.0505628
13.076,1.33765
13.078,1.07925
13.08,1.66815
13.082,-0.0153171
13.084,-1.32386
13.086,-1.53527
13.088,0.736639
13.09,1.7506
13.092,1.36311
13.094,0.424109
13.096,-0.141903
13.098,1.38551
13.1,1.42798
13.102,0.646257
13.104,-0.174061
13.106,1.87348
13.108,1.41056
13.11,2.60246
13.112,-0.133929
13.114,1.91554
13.116,1.30589
13.118,-0.683626
13.12,-0.401398
13.122,-0.608714
13.124,0.584613
13.126,-0.0131629
13.128,0.683463
13.13,0.724782
13.132,0.307688
13.134,-1.14302
13.136,-2.76708
13.138,-2.78927
13.14,-3.54797
13.142,-2.45128
13.144,-0.608198
13.146,0.281027
13.148,-0.848442
13.15,-1.30983
13.152,-0.480642
13.154,1.11664
13.156,0.430408
13.158,-0.661923
13.16,0.132593
13.162,-0.537053
13.164,-0.292847
13.166,-1.36073
13.168,0.727606
13.17,-2.95508
13.172,-2.52868
13.174,2.37702
13.176,1.04943
13.178,2.11812
13.18,1.62023
13.182,-1.53189
13.184,-2.30547
13.186,-1.72437
13.188,-2.39858
13.19,-2.31639
13.192,-0.53759
13.194,0.120692
13.196,-1.7015
13.198,-1.97712
13.2,-0.943697
13.202,-1.17478
13.204,0.412857
13.206,-1.72489
13.208,-1.04892
13.21,-1.19198
13.212,-2.11615
13.214,-0.868894
13.216,-2.30237
13.218,-3.43359
13.22,-2.68028
13.222,0.223892
13.224,0.674423
13.226,1.489
13.228,3.01374
13.23,3.38051
13.232,0.667188
13.234,-0.100436
13.236,2.40882
13.238,-0.457859
13.24,-0.218811
13.242,0.783423
13.244,1.29
13.246,-0.969585
13.248,1.54066
13.25,1.4402
13.252,3.12555
13.254,1.81277
13.256,-0.351461
13.258,-0.654964
13.26,0.837237
13.262,-2.39908
13.264,-1.84955
13.266,-0.427973
13.268,1.10699
13.27,1.10539
13.272,1.94859
13.274,2.11475
13.276,4.40818
13.278,-0.242276
13.28,-0.222641
13.282,-0.873214
13.284,-2.32093
13.286,-2.3692
13.288,-1.89453
13.29,-2.66393
13.292,-0.955045
13.294,-1.75307
13.296,-1.57867
13.298,-0.980288
13.3,-0.789077
13.302,-1.95369
13.304,1.69039
13.306,1.61765
13.308,1.10254
13.31,-0.36526
13.312,-2.04769
13.314,-1.91205
13.316,-0.602079
13.318,0.281946
13.32,-0.159341
13.322,-0.192493
13.324,0.0629662
13.326,-0.599158
13.328,0.225914
13.33,0.203114
13.332,0.606691
13.334,0.218321
13.336,-0.355045
13.338,-2.19285
13.34,-0.269288
13.342,-1.9858
13.344,0.172517
13.346,-2.50028
13.348,-0.958355
13.35,-0.283533
13.352,-0.656742
13.354,0.738839
13.356,-2.10032
13.358,-2.21051
13.36,-0.668158
13.362,-0.00711598
13.364,-1.36576
13.366,-1.46288
13.368,-1.59512
13.37,-0.86081
13.372,1.59213
13.374,2.01505
13.376,0.533446
13.378,-0.261027
13.38,-2.03926
13.382,-0.513141
13.384,0.273857
13.386,0.606161
13.388,-0.500019
13.39,-0.774136
13.392,0.253872
13.394,2.5347
13.396,1.48448
13.398,0.619534
13.4,1.00988
13.402,1.00046
13.404,0.579803
13.406,0.445301
13.408,-0.08554
13.41,2.24298
13.412,1.56983
13.414,1.65109
13.416,1.81749
13.418,2.98051
13.42,2.54067
13.422,1.57933
13.424,0.0999776
13.426,-0.132474
13.428,-1.44593
13.43,1.07352
13.432,0.530527
13.434,0.685752
13.436,-0.00832353
13.438,1.111
13.44,0.45984
13.442,0.233662
13.444,0.477774
13.446,-1.31417
13.448,-1.95192
13.45,-1.70066
13.452,-0.476364
13.454,-0.793675
13.456,0.268728
13.458,-0.533217
13.46,-0.0991913
13.462,1.02179
13.464,1.93892
13.466,2.04416
13.468,1.37548
13.47,-0.800407
13.472,-0.935419
13.474,1.18649
13.476,2.21783
13.478,2.66437
13.48,-1.02634
13.482,-0.567824
13.484,-0.1159
13.486,1.80383
13.488,0.235128
13.49,0.149186
13.492,-0.415395
13.494,0.610183
13.496,-2.14036
13.498,-0.861522
13.5,-2.08874
13.502,-1.23933
13.504,-2.96434
13.506,-1.31163
13.508,-2.47211
13.51,-0.23631
13.512,-1.60648
13.514,-2.25352
13.516,-3.19484
13.518,-4.2273
13.52,-3.94008
13.522,-1.52333
13.524,1.88286
13.526,1.72061
13.528,4.89569
13.53,3.22268
13.532,0.919786
13.534,1.19876
13.536,0.950046
13.538,1.28775
13.54,1.63753
13.542,-0.751797
13.544,-0.0594845
13.546,0.280766
13.548,1.2377
13.55,2.65405
13.552,0.524696
13.554,-0.618971
13.556,-0.195649
13.558,-0.0313327
13.56,-0.396176
13.562,-1.03641
13.564,-0.93522
13.566,-0.784975
13.568,1.1788
13.57,1.80691
13.572,0.365476
13.574,-1.72824
13.576,-2.52023
13.578,-1.17604
13.58,2.74009
13.582,2.43434
13.584,1.31959
13.586,0.50177
13.588,-1.70853
13.59,-1.23642
13.592,-1.22636
13.594,0.147574
13.596,-1.11693
13.598,0.419786
13.6,-0.34862
13.602,-0.13841
13.604,-1.46508
13.606,-1.16726
13.608,-1.40324
13.61,-2.13157
13.612,0.14559
13.614,0.775337
13.616,0.345968
13.618,-0.785091
13.62,-1.68304
13.622,0.255683
13.624,-0.910327
13.626,0.103362
13.628,-1.81884
13.63,0.247728
13.632,1.61661
13.634,0.0329744
13.636,-1.37495
13.638,-1.63932
13.64,-2.16187
13.642,-3.16502
13.644,-3.02279
13.646,-0.554815
13.648,-1.71103
13.65,-1.96836
13.652,-2.36874
13.654,-0.87305
13.656,-0.624171
13.658,-1.64151
13.66,-1.54039
13.662,-0.931693
13.664,-1.12456
13.666,-0.8048
13.668,-0.151188
13.67,-1.20424
13.672,-0.227755
13.674,-0.159781
13.676,3.31905
13.678,1.39068
13.68,1.6306
13.682,1.84995
13.684,2.02061
13.686,-0.618367
13.688,-1.43534
13.69,-0.846646
13.692,-1.90297
13.694,-0.769929
13.696,0.18989
13.698,-1.14461
13.7,0.711357
13.702,1.29932
13.704,-0.0355741
13.706,-0.59668
13.708,1.31505
13.71,0.660092
13.712,2.14196
13.714,0.797623
13.716,2.02595
13.718,2.29641
13.72,0.749273
13.722,1.37562
13.724,-0.949431
13.726,-0.786093
13.728,-0.872226
13.73,-0.172425
13.732,1.24037
13.734,0.256701
13.736,-0.193623
13.738,0.0816271
13.74,1.43124
13.742,-0.30651
13.744,-0.291713
13.746,0.481356
13.748,1.51085
13.75,-1.20291
13.752,-2.28953
13.754,-1.61089
13.756,-1.80807
13.758,1.6053
13.76,0.865148
13.762,-0.395662
13.764,-2.03436
13.766,-0.00907966
13.768,1.89681
13.77,0.959181
13.772,-0.726527
13.774,-0.55381
13.776,-1.1168
13.778,-2.4083
13.78,-1.00115
13.782,0.0561001
13.784,-1.30198
13.786,-0.120671
13.788,1.75407
13.79,2.34514
13.792,0.518327
13.794,1.45129
13.796,1.10981
13.798,-0.561919
13.8,-1.78034
13.802,-0.347538
13.804,3.22603
13.806,0.994724
13.808,1.95956
13.81,1.8741
13.812,1.98248
13.814,0.811397
13.816,-0.531092
13.818,-0.971764
13.82,0.212246
13.822,-0.570686
13.824,-1.30526
13.826,-3.36909
13.828,-2.8848
13.83,-2.29654
13.832,-0.857918
13.834,0.239147
13.836,2.23052
13.838,0.65052
13.84,0.0883857
13.842,-0.243521
13.844,0.847584
13.846,1.33539
13.848,1.24549
13.85,-0.623614
13.852,1.21438
13.854,1.42604
13.856,1.92029
13.858,1.76639
13.86,-0.382069
13.862,-3.34235
13.864,-0.374327
13.866,0.355239
13.868,1.51767
13.87,-0.361219
13.872,-0.31471
13.874,3.1267
13.876,3.71837
13.878,1.42044
13.88,0.511509
13.882,1.27526
13.884,0.470162
13.886,3.26186
13.888,4.92335
13.89,1.65521
13.892,2.23285
13.894,4.40092
13.896,0.0687609
13.898,-0.333106
13.9,-0.624553
13.902,0.916655
13.904,0.597634
13.906,-0.26561
13.908,0.281692
13.91,1.40534
13.912,1.98647
13.914,1.83435
13.916,0.165663
13.918,2.30589
13.92,1.17916
13.922,0.10068
13.924,-0.0023826
13.926,-1.44086
13.928,-2.06122
13.93,0.465379
13.932,2.13042
13.934,0.0785055
13.936,-0.292366
13.938,-1.47341
13.94,-1.48593
13.942,-0.38233
13.944,-2.08174
13.946,-2.36373
13.948,-3.36493
13.95,-2.24872
13.952,-2.91944
13.954,-3.08088
13.956,-2.22479
13.958,-2.26859
13.96,-3.03772
13.962,-1.81839
13.964,-1.68486
13.966,-1.86653
13.968,-0.310387
13.97,-1.94751
13.972,-2.38621
13.974,-0.903418
13.976,0.438377
13.978,1.29775
13.98,2.13183
13.982,2.32407
13.984,-0.402047
13.986,0.463134
13.988,1.16513
13.99,-0.0378391
13.992,-0.213953
13.994,-0.404892
13.996,-1.31402
13.998,-3.79866
14,-2.48254
14.002,-4.12044
14.004,-1.73261
14.006,-2.22106
14.008,-0.68163
14.01,-0.765802
14.012,-1.11923
14.014,-1.04443
14.016,-0.370951
14.018,2.08289
14.02,0.415029
14.022,1.8916
14.024,0.663474
14.026,0.964258
14.028,-2.11825
14.03,-2.53994
14.032,-3.03931
14.034,-2.359
14.036,-4.00376
14.038,-4.34364
14.04,-6.45933
14.042,-4.81893
14.044,-4.2963
14.046,-2.40022
14.048,-0.563739
14.05,1.37571
14.052,1.76856
14.054,1.25604
14.056,1.51989
14.058,1.29632
14.06,0.345379
14.062,-0.404151
14.064,0.051643
14.066,1.64602
14.068,1.42757
14.07,0.991856
14.072,2.62548
14.074,1.65304
14.076,0.635909
14.078,0.244147
14.08,-0.876444
14.082,0.491933
14.084,2.08774
14.086,2.09224
14.088,2.99821
14.09,2.63119
14.092,2.88833
14.094,1.2505
14.096,-2.30088
14.098,-1.5364
14.1,-3.28806
14.102,-0.21675
14.104,-1.30669
14.106,-2.17857
14.108,0.137286
14.11,-1.06302
14.112,0.0675482
14.114,0.293844
14.116,1.883
14.118,1.30546
14.12,-0.0970308
14.122,-1.36142
14.124,-2.78435
14.126,-1.23452
14.128,-1.73595
14.13,-0.0715822
14.132,-1.80719
14.134,-0.276964
14.136,-0.512594
14.138,-0.487337
14.14,0.180448
14.142,-0.688746
14.144,1.1022
14.146,1.84875
14.148,1.46398
14.15,0.553108
14.152,0.744098
14.154,1.29724
14.156,1.43236
14.158,0.492457
14.16,0.861752
14.162,1.23515
14.164,0.901567
14.166,1.38416
14.168,1.09714
14.17,1.70015
14.172,1.27887
14.174,0.667722
14.176,1.38301
14.178,2.66531
14.18,0.446334
14.182,1.39673
14.184,1.57755
14.186,-0.476771
14.188,1.78633
14.19,1.64765
14.192,2.55827
14.194,3.16329
14.196,-0.583478
14.198,1.34808
14.2,1.37801
14.202,0.425528
14.204,-0.677344
14.206,-1.09119
14.208,-0.308538
14.21,-2.15834
14.212,-1.0295
14.214,-0.0185478
14.216,-1.67332
14.218,-1.10057
14.22,1.75497
14.222,0.471787
14.224,1.83073
14.226,3.24676
14.228,2.97379
14.23,2.39175
14.232,0.134974
14.234,-0.270857
14.236,-2.38432
14.238,-2.48413
14.24,-0.16419
14.242,2.44587
14.244,1.97515
14.246,-0.114822
14.248,0.699331
14.25,0.666379
14.252,-1.24542
14.254,-2.14071
14.256,0.687026
14.258,3.11
14.26,4.08604
14.262,4.1702
14.264,3.23306
14.266,-0.893148
14.268,-1.87831
14.27,-1.6111
14.272,0.112145
14.274,-0.336597
14.276,-0.923671
14.278,0.100793
14.28,0.984741
14.282,0.745142
14.284,1.06138
14.286,0.260579
14.288,0.101616
14.29,0.452564
14.292,1.7883
14.294,1.78987
14.296,-1.78822
14.298,-0.0192615
14.3,0.0920997
14.302,-0.146313
14.304,0.4395
14.306,0.612341
14.308,1.89302
14.31,0.255552
14.312,0.723146
14.314,-1.70837
14.316,-2.7196
14.318,-4.14617
14.32,-2.90446
14.322,-2.18902
14.324,-2.15717
14.326,-1.52364
14.328,-0.903105
14.33,-0.292528
14.332,0.79193
14.334,0.936313
14.336,-0.166391
14.338,-2.21995
14.34,-2.11702
14.342,-1.56268
14.344,-1.37319
14.346,0.236473
14.348,1.17616
14.35,0.906236
14.352,-2.0914
14.354,1.49369
14.356,1.3762
14.358,0.328869
14.36,0.434437
14.362,-0.421287
14.364,-0.0962926
14.366,0.189329
14.368,0.878243
14.37,1.99106
14.372,2.24306
14.374,2.72781
14.376,2.52094
14.378,1.12605
14.38,0.641554
14.382,1.18774
14.384,2.39106
14.386,1.67357
14.388,1.61641
14.39,1.90371
14.392,1.12428
14.394,-2.21625
14.396,-3.50073
14.398,-2.55586
14.4,-2.50301
14.402,-0.748865
14.404,-0.770434
14.406,-1.12954
14.408,0.561375
14.41,1.12765
14.412,-0.0804265
14.414,1.01129
14.416,0.71597
14.418,0.169392
14.42,-1.14066
14.422,-3.23348
14.424,-4.22356
14.426,-5.29824
14.428,-4.67055
14.43,-1.72593
14.432,1.44765
14.434,1.63436
14.436,0.518665
14.438,-1.96322
14.44,-1.56995
14.442,-2.78358
14.444,-0.857495
14.446,-2.26418
14.448,-2.94937
14.45,-1.02249
14.452,0.223563
14.454,1.12875
14.456,0.858008
14.458,0.691915
14.46,-1.90687
14.462,1.14413
14.464,1.94265
14.466,2.70353
14.468,2.88027
14.47,3.50847
14.472,2.75727
14.474,1.08814
14.476,0.0450341
14.478,1.07493
14.48,0.316661
14.482,-2.08341
14.484,-0.885866
14.486,-0.317739
14.488,-2.1116
14.49,-0.479557
14.492,-1.91282
14.494,-0.790394
14.496,-1.07875
14.498,-1.12117
14.5,1.10716
14.502,0.0121013
14.504,0.632176
14.506,0.749724
14.508,-2.80936
14.51,-2.88318
14.512,-1.55973
14.514,-2.44816
14.516,-1.77265
14.518,0.149028
14.52,-1.41406
14.522,0.156893
14.524,-0.34082
14.526,-0.0146925
14.528,-0.500705
14.53,-1.12505
14.532,-1.24269
14.534,-0.194434
14.536,0.343437
14.538,2.12997
14.54,2.09681
14.542,1.44698
14.544,3.0773
14.546,2.23038
14.548,3.86761
14.55,0.986705
14.552,0.0548955
14.554,1.76878
14.556,2.26361
14.558,0.69595
14.56,-0.750236
14.562,-1.05441
14.564,-2.16422
14.566,-2.0089
14.568,-1.24551
14.57,-0.359189
14.572,-0.191124
14.574,2.44263
14.576,5.17763
14.578,3.76668
14.58,2.57848
14.582,3.10612
14.584,2.33642
14.586,2.2138
14.588,0.294319
14.59,-0.743742
14.592,-0.887883
14.594,-0.615236
14.596,-1.33008
14.598,-0.597709
14.6,-2.09722
14.602,-0.53708
14.604,-0.91823
14.606,-0.481606
14.608,-0.548082
14.61,0.275428
14.612,2.11747
14.614,3.76656
14.616,1.40701
14.618,1.1243
14.62,1.44351
14.622,3.74514
14.624,1.94734
14.626,2.3153
14.628,1.40799
14.63,-1.84007
14.632,-2.52394
14.634,-2.42358
14.636,-0.078442
14.638,-0.791749
14.64,-0.794661
14.642,-1.85012
14.644,-2.58352
14.646,-1.89682
14.648,-0.937752
14.65,-0.106842
14.652,-0.482405
14.654,0.30153
14.656,1.02601
14.658,2.70479
14.66,1.56608
14.662,2.10336
14.664,2.13925
14.666,1.76098
14.668,1.0147
14.67,-1.29448
14.672,-0.934107
14.674,-2.10513
14.676,-0.803622
14.678,-0.375196
14.68,-1.57407
14.682,-1.3612
14.684,-1.17895
14.686,-1.64341
14.688,-2.87083
14.69,-3.50135
14.692,-2.39121
14.694,-1.80048
14.696,-3.14204
14.698,-0.771436
14.7,1.06966
14.702,0.361924
14.704,3.12792
14.706,1.88461
14.708,0.321012
14.71,1.25615
14.712,-0.211228
14.714,-0.842619
14.716,-1.32249
14.718,-0.749224
14.72,-0.341667
14.722,-1.14501
14.724,-1.39044
14.726,0.329341
14.728,1.14198
14.73,0.962208
14.732,-0.0610089
14.734,-2.13961
14.736,-2.76645
14.738,-4.3055
14.74,-2.83894
14.742,-3.94248
14.744,-1.00449
14.746,-1.69546
14.748,0.540171
14.75,0.157014
14.752,2.51494
14.754,4.50248
14.756,6.13957
14.758,3.20655
14.76,1.2704
14.762,-0.141754
14.764,1.64121
14.766,2.43363
14.768,0.572545
14.77,-0.770341
14.772,-0.22972
14.774,-1.05529
14.776,-1.64835
14.778,0.53487
14.78,-0.281512
14.782,-0.173045
14.784,1.22057
14.786,-1.59252
14.788,-1.27103
14.79,-1.91276
14.792,-0.732466
14.794,-0.154792
14.796,-0.757378
14.798,2.81002
14.8,3.43758
14.802,2.91128
14.804,4.46691
14.806,2.57537
14.808,0.0943674
14.81,-0.610477
14.812,0.248163
14.814,0.124771
14.816,-0.681166
14.818,1.28389
14.82,1.30629
14.822,-0.11584
14.824,0.143026
14.826,0.170987
14.828,1.08709
14.83,-1.73383
14.832,0.337568
14.834,-1.51279
14.836,-1.50065
14.838,-1.66797
14.84,-1.50895
14.842,-1.57838
14.844,-0.557916
14.846,0.0429499
14.848,-0.292663
14.85,1.0519
14.852,1.75994
14.854,0.706285
14.856,1.11535
14.858,0.0424943
14.86,1.176
14.862,0.981941
14.864,2.53495
14.866,4.2152
14.868,3.07696
14.87,1.06143
14.872,1.0111
14.874,1.01745
14.876,-0.42525
14.878,-0.277009
14.88,0.444972
14.882,1.9924
14.884,1.17324
14.886,2.88906
14.888,4.40752
14.89,1.31908
14.892,3.60609
14.894,1.30064
14.896,1.10439
14.898,2.63344
14.9,1.23991
14.902,-1.26309
14.904,-0.736028
14.906,1.42386
14.908,1.64545
14.91,2.96371
14.912,3.81998
14.914,2.02158
14.916,0.583371
14.918,-0.674216
14.92,0.239641
14.922,1.02588
14.924,-0.65834
14.926,-0.679595
14.928,0.47306
14.93,0.549154
14.932,0.867222
14.934,0.887195
14.936,0.84233
14.938,1.14639
14.94,0.123576
14.942,-0.535071
14.944,-1.46693
14.946,-2.43387
14.948,0.137284
14.95,2.16881
14.952,1.57717
14.954,1.481
14.956,0.888788
14.958,1.85128
14.96,-0.102084
14.962,-1.89821
14.964,-3.27015
14.966,-2.9557
14.968,-3.43227
14.97,-4.13361
14.972,-1.5678
14.974,-0.51583
14.976,0.367346
14.978,-0.80336
14.98,-1.09116
14.982,-0.662238
14.984,-0.0587735
14.986,-1.62431
14.988,0.569191
14.99,-0.190338
14.992,0.555428
14.994,-0.983333
14.996,0.102284
14.998,-2.07928
15,-2.51169
15.002,-0.427251
15.004,-0.746161
15.006,-0.525716
15.008,-2.17087
15.01,-2.24897
15.012,-0.947215
15.014,1.31268
15.016,1.22332
15.018,1.38389
15.02,-0.547786
15.022,-1.14247
15.024,0.809949
15.026,-0.377914
15.028,-0.686075
15.03,-0.462136
15.032,-0.662888
15.034,0.170524
15.036,-1.97485
15.038,-0.0423795
15.04,1.49403
15.042,0.146932
15.044,0.984569
15.046,-0.111325
15.048,0.258078
15.05,0.219119
15.052,-2.07647
15.054,-0.507128
15.056,-0.886067
15.058,-1.05906
15.06,-0.0437594
15.062,1.55023
15.064,1.80826
15.066,0.799553
15.068,-0.255745
15.07,-0.410506
15.072,-2.37631
15.074,-2.35101
15.076,-1.66567
15.078,-1.50833
15.08,-0.637967
15.082,-1.23405
15.084,-0.504831
15.086,-1.49987
15.088,-1.87933
15.09,-3.34143
15.092,-2.35519
15.094,0.594131
15.096,-0.708973
15.098,-0.974975
15.1,-0.121289
15.102,-0.69933
15.104,-1.40005
15.106,-1.26147
15.108,-2.79088
15.11,0.135381
15.112,-0.821427
15.114,-0.504991
15.116,-0.255778
15.118,-1.90736
15.12,-1.42163
15.122,-1.98773
15.124,-1.53409
15.126,-1.53614
15.128,2.2334
15.13,0.417268
15.132,-0.263738
15.134,0.613851
15.136,0.298216
15.138,0.65907
15.14,1.04633
15.142,2.62555
15.144,3.71363
15.146,3.92646
15.148,5.01477
15.15,3.32747
15.152,2.904
15.154,3.97778
15.156,2.19182
15.158,-0.724856
15.16,-0.938425
15.162,-3.55357
15.164,0.388562
15.166,0.0104025
15.168,1.57166
15.17,0.678216
15.172,1.03627
15.174,2.55719
15.176,4.70984
15.178,2.67685
15.18,2.83082
15.182,2.64415
15.184,3.56597
15.186,2.70796
15.188,2.58844
15.19,1.19373
15.192,0.76326
15.194,1.37491
15.196,0.313094
15.198,-1.01815
15.2,-1.98973
15.202,1.12352
15.204,-1.10066
15.206,-2.02094
15.208,-1.8068
15.21,-1.57868
15.212,-1.81772
15.214,-0.937334
15.216,-0.228107
15.218,1.24791
15.22,2.50064
15.222,0.708238
15.224,0.755026
15.226,1.38109
15.228,3.57417
15.23,2.49597
15.232,3.15543
15.234,-0.0287701
15.236,-1.54675
15.238,-3.2101
15.24,-2.82455
15.242,-3.63363
15.244,-2.8923
15.246,-1.18538
15.248,-0.754146
15.25,-0.634429
15.252,0.669466
15.254,-0.0638899
15.256,1.31469
15.258,0.295251
15.26,-0.691033
15.262,-0.887088
15.264,-3.06934
15.266,-1.10773
15.268,-0.0823001
15.27,0.617689
15.272,-2.05592
15.274,-1.23026
15.276,-1.09159
15.278,-1.05696
15.28,-1.5992
15.282,-1.24897
15.284,-2.5265
15.286,-0.349167
15.288,1.38546
15.29,-0.527344
15.292,-0.0288734
15.294,-1.14832
15.296,-2.44687
15.298,-1.13366
15.3,1.13418
15.302,1.03444
15.304,0.28214
15.306,2.15849
15.308,2.00602
15.31,1.3692
15.312,1.17978
15.314,2.06662
15.316,1.89018
15.318,2.83166
15.32,1.1028
15.322,2.74719
15.324,1.38524
15.326,1.03147
15.328,1.51072
15.33,1.69536
15.332,0.576861
15.334,-0.932823
15.336,-2.04265
15.338,0.990294
15.34,2.0807
15.342,1.24385
15.344,0.0212804
15.346,-0.518364
15.348,-2.89783
15.35,-1.37393
15.352,-1.39153
15.354,-1.50764
15.356,2.12591
15.358,0.0234753
15.36,0.199787
15.362,-0.504939
15.364,-2.13745
15.366,-0.0429616
15.368,-0.243425
15.37,0.0050668
15.372,1.12297
15.374,2.70012
15.376,4.22884
15.378,2.13545
15.38,-0.119771
15.382,1.29194
15.384,-0.296245
15.386,-3.09338
15.388,-2.36689
15.39,-2.85625
15.392,-2.48254
15.394,-0.381058
15.396,0.662586
15.398,0.0777341
15.4,1.29854
15.402,4.3886
15.404,2.78356
15.406,4.82679
15.408,1.30565
15.41,-0.399934
15.412,-1.49605
15.414,0.875858
15.416,-0.945333
15.418,-1.64766
15.42,-2.26364
15.422,-3.52293
15.424,-2.72139
15.426,-2.9357
15.428,-0.0440857
15.43,-0.74502
15.432,-0.607749
15.434,-0.550192
15.436,-1.65551
15.438,-2.84055
15.44,-2.20908
15.442,-3.30076
15.444,-2.55994
15.446,-1.20856
15.448,-2.59415
15.45,-3.47875
15.452,-3.32354
15.454,-1.95601
15.456,0.126599
15.458,2.84004
15.46,4.0704
15.462,4.34205
15.464,2.26028
15.466,1.53555
15.468,0.629406
15.47,2.16323
15.472,1.52795
15.474,1.89874
15.476,3.23986
15.478,2.72936
15.48,1.54108
15.482,2.2967
15.484,1.0056
15.486,1.52406
15.488,2.99088
15.49,0.526393
15.492,0.128228
15.494,0.446493
15.496,1.74339
15.498,0.451999
15.5,0.246845
15.502,2.04744
15.504,0.906783
15.506,0.138427
15.508,0.00219715
15.51,0.423114
15.512,0.339749
15.514,0.869391
15.516,0.54945
15.518,2.36876
15.52,3.03282
15.522,-0.260803
15.524,-0.552252
15.526,-0.736382
15.528,-1.40156
15.53,-0.298593
15.532,1.09278
15.534,-1.79584
15.536,-0.341853
15.538,-1.74028
15.54,-1.2237
15.542,-3.37805
15.544,-2.73997
15.546,-3.72085
15.548,-4.64065
15.55,-1.98617
15.552,-1.80721
15.554,-1.95258
15.556,-1.30058
15.558,1.9471
15.56,1.30381
15.562,2.37821
15.564,2.1362
15.566,-1.05062
15.568,-0.919073
15.57,-0.437126
15.572,-1.61206
15.574,1.01291
15.576,1.97956
15.578,2.68888
15.58,3.18848
15.582,2.5141
15.584,0.017802
15.586,0.997078
15.588,1.69133
15.59,1.38185
15.592,-0.695394
15.594,0.095999
15.596,-1.47088
15.598,-0.395538
15.6,1.8527
15.602,2.35107
15.604,0.482185
15.606,-0.546748
15.608,0.432602
15.61,0.595963
15.612,0.122883
15.614,0.6156
15.616,1.05341
15.618,0.186559
15.62,1.50571
15.622,1.14543
15.624,-1.49327
15.626,0.280735
15.628,1.3997
15.63,2.25306
15.632,1.63908
15.634,-1.20104
15.636,-2.62726
15.638,-3.70579
15.64,-2.80617
15.642,-1.6223
15.644,0.352196
15.646,0.2094
15.648,-0.193074
15.65,1.99533
15.652,1.47737
15.654,1.11094
15.656,0.763674
15.658,-0.246183
15.66,-2.2622
15.662,-1.25491
15.664,-0.365083
15.666,-0.155992
15.668,0.833362
15.67,1.44953
15.672,0.950454
15.674,-2.08437
15.676,-1.80533
15.678,-0.0548663
15.68,-0.709394
15.682,-0.136107
15.684,0.839055
15.686,2.49862
15.688,1.72843
15.69,0.709738
15.692,2.36207
15.694,2.65941
15.696,2.71912
15.698,1.82452
15.7,2.21451
15.702,1.65606
15.704,0.504312
15.706,-0.416111
15.708,-1.1476
15.71,-0.730822
15.712,-2.40014
15.714,-3.12894
15.716,-1.49886
15.718,-1.86732
15.72,1.31872
15.722,1.14985
15.724,-0.242088
15.726,-1.87562
15.728,-2.59691
15.73,-0.988375
15.732,-5.39142
15.734,-4.78549
15.736,-4.48186
15.738,-2.94263
15.74,-1.06691
15.742,1.58577
15.744,2.70806
15.746,1.76187
15.748,1.90971
15.75,0.119066
15.752,-0.0820339
15.754,-2.41521
15.756,-3.14275
15.758,0.791367
15.76,0.51398
15.762,3.36745
15.764,2.54181
15.766,2.20584
15.768,3.04444
15.77,0.108091
15.772,-0.770675
15.774,-1.70392
15.776,-1.49152
15.778,-1.7301
15.78,-2.1616
15.782,-2.03595
15.784,-0.883901
15.786,-2.39949
15.788,-1.8909
15.79,-2.17958
15.792,-1.57942
15.794,-1.91875
15.796,-1.73963
15.798,-1.90543
15.8,-2.93742
15.802,-0.99785
15.804,0.743129
15.806,0.816116
15.808,2.818
15.81,0.289974
15.812,-0.556023
15.814,-0.642485
15.816,0.785134
15.818,1.46442
15.82,1.60039
15.822,2.14681
15.824,1.04197
15.826,0.881623
15.828,1.95748
15.83,2.27481
15.832,1.53851
15.834,1.60774
15.836,1.61971
15.838,0.740387
15.84,1.83359
15.842,-0.12096
15.844,1.9512
15.846,-0.393497
15.848,-0.264051
15.85,-0.868515
15.852,1.17221
15.854,0.36996
15.856,0.971032
15.858,0.327042
15.86,-0.413308
15.862,-0.649445
15.864,1.00814
15.866,1.59453
15.868,1.25079
15.87,-0.236401
15.872,-0.855901
15.874,-0.0668442
15.876,0.458585
15.878,-0.366126
15.88,-1.17336
15.882,-3.11355
15.884,-3.06416
15.886,-3.1229
15.888,-1.83762
15.89,-2.27791
15.892,-2.2452
15.894,-0.233671
15.896,-0.114874
15.898,-0.424094
15.9,-0.774976
15.902,-0.0545523
15.904,2.06077
15.906,3.17219
15.908,3.19172
15.91,2.10777
15.912,-0.29539
15.914,1.20748
15.916,-1.33881
15.918,1.44126
15.92,-0.438983
15.922,-0.646491
15.924,0.129216
15.926,-0.0696604
15.928,-0.846435
15.93,0.0655831
15.932,3.22888
15.934,1.39954
15.936,1.69092
15.938,2.71403
15.94,1.62824
15.942,1.81708
15.944,-0.695403
15.946,-1.10155
15.948,-3.41282
15.95,-1.87285
15.952,0.11307
15.954,0.402673
15.956,-0.754261
15.958,-1.06034
15.96,-1.44403
15.962,0.619071
15.964,-1.74663
15.966,-0.764274
15.968,-1.69868
15.97,-0.993031
15.972,-2.44104
15.974,-2.67019
15.976,-1.47314
15.978,-0.74603
15.98,2.07444
15.982,2.64942
15.984,3.19107
15.986,2.56488
15.988,4.2531
15.99,3.52839
15.992,3.09834
15.994,2.17873
15.996,2.96202
15.998,3.038
16,1.40553
16.002,2.32447
16.004,1.61197
16.006,1.2846
16.008,0.338865
16.01,-1.69227
16.012,-2.42074
16.014,-2.51235
16.016,-3.07705
16.018,-3.71584
16.02,-0.994497
16.022,-0.240076
16.024,0.0161991
16.026,-0.552763
16.028,1.31025
16.03,-0.936061
16.032,-2.14856
16.034,-0.481594
16.036,0.0962662
16.038,-0.551656
16.04,-0.751067
16.042,-0.834238
16.044,-1.33859
16.046,1.14885
16.048,0.637165
16.05,0.48205
16.052,1.85234
16.054,1.22505
16.056,-0.00534476
16.058,-0.875866
16.06,-0.312815
16.062,1.56616
16.064,-0.817666
16.066,-1.29702
16.068,-3.86335
16.07,-1.92391
16.072,-2.71094
16.074,-1.28693
16.076,-2.63782
16.078,-1.47279
16.08,0.161966
16.082,1.52764
16.084,0.492924
16.086,0.762301
16.088,2.26082
16.09,-0.541491
16.092,-2.81778
16.094,-1.62306
16.096,0.103413
16.098,1.48213
16.1,0.331323
16.102,0.0454767
16.104,0.472556
16.106,-1.47663
16.108,-0.217183
16.11,-4.19711
16.112,-2.18684
16.114,-0.608302
16.116,0.242513
16.118,0.0737722
16.12,-1.28569
16.122,-2.04525
16.124,-1.04413
16.126,-0.836651
16.128,-3.8163
16.13,-3.03504
16.132,-3.14816
16.134,-1.9254
16.136,-1.49547
16.138,0.195382
16.14,-0.399812
16.142,0.870793
16.144,-0.914213
16.146,-0.672802
16.148,0.22722
16.15,-0.399714
16.152,0.326413
16.154,0.484153
16.156,1.0222
16.158,-1.0731
16.16,1.78822
16.162,0.0450505
16.164,-0.784309
16.166,-2.4077
16.168,-3.28503
16.17,-1.89946
16.172,-1.71172
16.174,-1.7258
16.176,-1.88746
16.178,-1.58356
16.18,-0.712546
16.182,-1.65568
16.184,-1.02553
16.186,-2.0531
16.188,-0.668874
16.19,-0.289148
16.192,-0.71058
16.194,-2.46231
16.196,-3.85314
16.198,-1.90529
16.2,-0.986607
16.202,0.838471
16.204,2.14297
16.206,0.305407
16.208,-0.656419
16.21,-1.7786
16.212,-2.45712
16.214,0.455693
16.216,1.6035
16.218,0.281453
16.22,1.49342
16.222,-0.40075
16.224,-0.388776
16.226,-1.26593
16.228,-0.4756
16.23,-2.41806
16.232,-3.14613
16.234,-0.53753
16.236,-1.76192
16.238,-2.25782
16.24,-1.35522
16.242,-0.96448
16.244,0.475595
16.246,-1.18276
16.248,-0.999943
16.25,-0.180908
16.252,-0.600162
16.254,2.876
16.256,1.62575
16.258,3.68315
16.26,6.0699
16.262,3.98207
16.264,3.11367
16.266,0.767992
16.268,-0.364796
16.27,-0.787031
16.272,0.586666
16.274,1.9047
16.276,0.506196
16.278,1.01644
16.28,-0.174967
16.282,-2.06179
16.284,-1.6135
16.286,0.924208
16.288,-0.186
16.29,0.121373
16.292,-0.168592
16.294,-1.25797
16.296,-1.03943
16.298,-2.69411
16.3,-0.0601828
16.302,0.445506
16.304,-0.00289736
16.306,1.31004
16.308,2.24356
16.31,0.463773
16.312,1.39854
16.314,1.57011
16.316,2.18852
16.318,3.11368
16.32,0.199197
16.322,0.0207188
16.324,0.677917
16.326,1.64483
16.328,1.01075
16.33,1.23988
16.332,0.888965
16.334,1.88927
16.336,1.97838
16.338,1.69425
16.34,1.76028
16.342,1.84718
16.344,3.26434
16.346,0.567237
16.348,-0.99637
16.35,0.557346
16.352,-1.415
16.354,-0.626146
16.356,-0.00803651
16.358,1.31358
16.36,0.865836
16.362,-1.2116
16.364,-0.930298
16.366,0.792684
16.368,2.19383
16.37,2.75202
16.372,5.19046
16.374,5.0344
16.376,3.21592
16.378,1.30638
16.38,1.57296
16.382,0.684459
16.384,2.35405
16.386,0.282151
16.388,0.683504
16.39,1.0551
16.392,1.86518
16.394,3.65395
16.396,3.0816
16.398,1.86587
16.4,1.8339
16.402,-0.2945
16.404,4.09514
16.406,1.33823
16.408,1.68288
16.41,0.386773
16.412,-1.37485
16.414,-1.91563
16.416,-1.77629
16.418,-2.08995
16.42,0.0110822
16.422,0.712084
16.424,0.179199
16.426,1.50321
16.428,1.54281
16.43,-1.06876
16.432,2.72243
16.434,1.32036
16.436,1.28419
16.438,0.940836
16.44,2.3662
16.442,0.317603
16.444,-1.33933
16.446,3.51308
16.448,3.29832
16.45,1.86493
16.452,2.46329
16.454,0.399383
16.456,-1.5312
16.458,-1.27977
16.46,1.28725
16.462,-0.933933
16.464,-0.555103
16.466,-2.12426
16.468,-3.19446
16.47,-3.47997
16.472,-0.912227
16.474,-0.333971
16.476,-1.18328
16.478,-2.70917
16.48,-5.02827
16.482,-4.57548
16.484,-4.1756
16.486,-1.84314
16.488,-0.148696
16.49,0.14747
16.492,0.271195
16.494,0.958923
16.496,-1.70058
16.498,-2.42394
16.5,-2.53922
16.502,-1.32917
16.504,-0.710991
16.506,0.487877
16.508,-0.356094
16.51,-1.27994
16.512,-1.75766
16.514,-1.36672
16.516,-1.53639
16.518,-1.97288
16.52,0.328556
16.522,0.43236
16.524,0.111994
16.526,0.28115
16.528,1.01273
16.53,-1.21468
16.532,-2.45094
16.534,-0.65444
16.536,-3.58316
16.538,-5.70439
16.54,-3.6096
16.542,-3.82862
16.544,-1.135
16.546,-1.23789
16.548,-5.10725
16.55,-4.69728
16.552,-4.15967
16.554,-0.0342943
16.556,-1.09638
16.558,-3.11741
16.56,-2.44584
16.562,-1.1382
16.564,0.836989
16.566,0.990058
16.568,0.579868
16.57,2.90198
16.572,1.53794
16.574,0.0370458
16.576,-0.494224
16.578,-0.686398
16.58,-0.105231
16.582,0.750255
16.584,1.61629
16.586,0.402892
16.588,-0.661963
16.59,-0.55243
16.592,-1.03039
16.594,-1.50993
16.596,-3.20956
16.598,-4.35569
16.6,-4.29484
16.602,-3.82631
16.604,-3.40949
16.606,-0.871577
16.608,-0.123841
16.61,-0.208857
16.612,-2.25434
16.614,-2.04359
16.616,-0.0433787
16.618,0.00104257
16.62,0.338787
16.622,1.59785
16.624,2.84484
16.626,3.23393
16.628,4.59402
16.63,3.95493
16.632,2.36299
16.634,3.16074
16.636,-0.0766492
16.638,-0.00163692
16.64,1.57864
16.642,-0.266734
16.644,2.63399
16.646,3.93766
16.648,2.16117
16.65,2.68578
16.652,0.832036
16.654,0.633222
16.656,2.69691
16.658,-1.13721
16.66,0.402037
16.662,-0.484839
16.664,0.910706
16.666,0.108966
16.668,0.436753
16.67,-0.447459
16.672,0.0551661
16.674,0.448238
16.676,-1.06634
16.678,0.522119
16.68,1.7648
16.682,3.39337
16.684,2.3894
16.686,0.218906
16.688,-0.646787
16.69,-0.717588
16.692,-2.76536
16.694,-2.8972
16.696,-3.39493
16.698,-2.30866
16.7,-1.58877
16.702,-1.90123
16.704,-1.32389
16.706,0.14489
16.708,1.69294
16.71,2.75163
16.712,3.66611
16.714,2.98933
16.716,3.33784
16.718,2.8861
16.72,3.37914
16.722,1.39525
16.724,1.38686
16.726,3.29199
16.728,2.68403
16.73,2.0234
16.732,0.648281
16.734,-2.25094
16.736,-2.49799
16.738,-1.52714
16.74,-0.260076
16.742,1.08566
16.744,-0.788019
16.746,-2.30945
16.748,-2.55696
16.75,-2.33676
16.752,-1.72365
16.754,-1.69639
16.756,-2.14533
16.758,-1.76352
16.76,-1.50248
16.762,-0.567808
16.764,-1.53929
16.766,-2.67677
16.768,-0.86921
16.77,-0.826557
16.772,-2.51567
16.774,-0.298933
16.776,1.27916
16.778,0.188382
16.78,2.72981
16.782,3.11049
16.784,-1.06465
16.786,-0.69358
16.788,0.380716
16.79,0.526327
16.792,-0.118504
16.794,-1.40496
16.796,-2.02845
16.798,-2.27206
16.8,-1.63837
16.802,0.965352
16.804,2.56376
16.806,0.650732
16.808,0.0727613
16.81,-1.88171
16.812,0.922376
16.814,-0.864296
16.816,-0.720834
16.818,0.00954527
16.82,-0.0264628
16.822,0.604137
16.824,2.01865
16.826,1.90724
16.828,2.53409
16.83,2.69585
16.832,-0.274229
16.834,0.866929
16.836,-0.235474
16.838,-0.719124
16.84,-0.308011
16.842,1.35743
16.844,1.50747
16.846,-0.00542159
16.848,-0.680009
16.85,-0.78632
16.852,-1.89022
16.854,-2.4678
16.856,-2.11356
16.858,-1.29419
16.86,-0.539595
16.862,-2.35585
16.864,0.960836
16.866,1.00299
16.868,1.54735
16.87,-0.00943147
16.872,1.29086
16.874,-0.732067
16.876,0.416926
16.878,0.190002
16.88,-1.59669
16.882,-1.5955
16.884,-0.0173525
16.886,-2.21287
16.888,-0.531291
16.89,-0.765025
16.892,-0.334487
16.894,-0.500298
16.896,0.453407
16.898,1.33036
16.9,0.319753
16.902,-0.465514
16.904,-1.63921
16.906,-5.28427
16.908,-3.39908
16.91,-4.46929
16.912,-3.32867
16.914,-2.22611
16.916,-2.55341
16.918,-1.65578
16.92,-0.413086
16.922,-0.795414
16.924,1.2417
16.926,0.591881
16.928,-1.99801
16.93,-0.203526
16.932,-0.798221
16.934,2.02073
16.936,3.36104
16.938,3.59991
16.94,1.65735
16.942,1.47955
16.944,2.34161
16.946,1.35338
16.948,-0.288837
16.95,-0.783732
16.952,-0.235716
16.954,-0.7466
16.956,0.131722
16.958,-0.504422
16.96,1.09082
16.962,-0.196649
16.964,0.52924
16.966,-0.785259
16.968,-0.761301
16.97,-1.44892
16.972,1.04368
16.974,2.49826
16.976,2.02737
16.978,0.572707
16.98,0.59093
16.982,-0.796248
16.984,-0.835984
16.986,1.71914
16.988,2.03849
16.99,2.29638
16.992,3.45872
16.994,3.24266
16.996,1.86299
16.998,0.933967
17,-2.33187
17.002,-0.114392
17.004,1.6631
17.006,2.20741
17.008,1.70104
17.01,1.25361
17.012,0.368083
17.014,0.0599822
17.016,-0.413254
17.018,-0.28147
17.02,-0.881325
17.022,-0.928736
17.024,-1.2549
17.026,-1.26436
17.028,-0.137961
17.03,0.202603
17.032,2.76146
17.034,4.60344
17.036,2.09421
17.038,2.0765
17.04,2.13822
17.042,2.67018
17.044,3.39419
17.046,1.30589
17.048,0.429725
17.05,-1.4958
17.052,-2.04234
17.054,-0.658241
17.056,-0.504007
17.058,-0.777016
17.06,-2.04915
17.062,-0.36067
17.064,0.983677
17.066,-0.0289239
17.068,0.700904
17.07,-0.668417
17.072,-0.557026
17.074,-1.15173
17.076,-1.52239
17.078,-0.698046
17.08,0.804771
17.082,-1.53211
17.084,-2.17077
17.086,-5.18379
17.088,-3.70291
17.09,-2.85245
17.092,-1.72167
17.094,-2.56095
17.096,-0.957726
17.098,-1.43388
17.1,1.17375
17.102,1.1119
17.104,1.53255
17.106,0.565081
17.108,2.40849
17.11,2.63564
17.112,0.0687513
17.114,0.188426
17.116,-0.545324
17.118,0.874337
17.12,0.960868
17.122,0.748925
17.124,-1.81691
17.126,-2.50518
17.128,-2.85653
17.13,-3.24621
17.132,-2.87559
17.134,-1.63084
17.136,-0.51739
17.138,-0.972706
17.14,-1.02766
17.142,0.358693
17.144,1.32011
17.146,-1.11601
17.148,-1.49012
17.15,-0.437921
17.152,-1.94079
17.154,-2.57964
17.156,-0.44206
17.158,0.88362
17.16,0.567874
17.162,1.44284
17.164,0.619756
17.166,0.243821
17.168,-0.590957
17.17,-0.106691
17.172,1.11381
17.174,1.04481
17.176,0.123184
17.178,-0.756876
17.18,-1.55048
17.182,-2.91913
17.184,-0.277926
17.186,-0.668559
17.188,0.287447
17.19,1.79075
17.192,1.65224
17.194,1.58517
17.196,1.96248
17.198,3.08108
17.2,1.33173
17.202,0.446694
17.204,0.120523
17.206,1.08749
17.208,0.717469
17.21,1.08354
17.212,2.0189
17.214,0.229696
17.216,0.229969
17.218,-0.896263
17.22,0.795999
17.222,1.96658
17.224,3.28362
17.226,0.209013
17.228,1.06677
17.23,0.288347
17.232,0.343264
17.234,0.516747
17.236,-0.600428
17.238,-0.845836
17.24,1.02448
17.242,0.355385
17.244,-0.343731
17.246,2.25256
17.248,2.69055
17.25,0.570677
17.252,-0.797259
17.254,0.697943
17.256,0.0791967
17.258,-0.469635
17.26,-0.544744
17.262,0.346136
17.264,-0.115219
17.266,0.88744
17.268,2.82929
17.27,0.340961
17.272,-0.447444
17.274,-0.182463
17.276,0.107539
17.278,-0.758409
17.28,-0.251719
17.282,-1.40889
17.284,-0.213424
17.286,1.97056
17.288,0.156755
17.29,-1.71006
17.292,-0.149956
17.294,-1.70517
17.296,-2.01167
17.298,-1.06402
17.3,-1.77808
17.302,-2.64124
17.304,-1.87093
17.306,-1.33587
17.308,1.39703
17.31,3.96241
17.312,2.58582
17.314,0.888107
17.316,-0.338141
17.318,-2.25078
17.32,-2.95475
17.322,-3.89472
17.324,-1.00915
17.326,-2.34245
17.328,-2.06001
17.33,-1.04189
17.332,0.78281
17.334,-0.796685
17.336,-1.66806
17.338,0.0223877
17.34,1.70851
17.342,0.868147
17.344,-1.26862
17.346,-0.840983
17.348,0.0691706
17.35,-0.505502
17.352,-2.23334
17.354,-1.47909
17.356,-1.12251
17.358,-0.316787
17.36,-0.49017
17.362,1.28711
17.364,1.04194
17.366,0.657687
17.368,0.0436532
17.37,0.0241867
17.372,-0.36195
17.374,-2.35249
17.376,-0.764137
17.378,-1.56521
17.38,-2.15479
17.382,-0.355173
17.384,-0.274899
17.386,0.297752
17.388,-0.389633
17.39,0.112748
17.392,1.21767
17.394,1.3883
17.396,0.233556
17.398,-0.313025
17.4,0.917256
17.402,0.863162
17.404,-0.114794
17.406,-1.09039
17.408,1.34781
17.41,1.38276
17.412,-0.714997
17.414,-0.800582
17.416,-2.1017
17.418,1.26965
17.42,0.642786
17.422,1.03097
17.424,0.178768
17.426,0.79423
17.428,-1.70016
17.43,-2.54902
17.432,1.01176
17.434,1.62163
17.436,2.67333
17.438,0.572511
17.44,0.11813
17.442,0.104152
17.444,-0.95054
17.446,-0.293002
17.448,-1.47795
17.45,-2.05476
17.452,-0.759048
17.454,-0.174716
17.456,-0.154897
17.458,-1.47654
17.46,-2.71987
17.462,-1.63543
17.464,1.56982
17.466,-0.651
17.468,-0.454958
17.47,0.315377
17.472,1.38397
17.474,2.22313
17.476,2.08909
17.478,-0.650526
17.48,-1.10047
17.482,-3.06959
17.484,-2.22118
17.486,-0.55128
17.488,-0.633598
17.49,-2.2814
17.492,-1.24833
17.494,-0.603189
17.496,-0.341665
17.498,-0.254729
17.5,-2.08794
17.502,-1.77439
17.504,-3.79467
17.506,-2.04265
17.508,0.0330982
17.51,-0.862845
17.512,1.14011
17.514,-0.48602
17.516,0.636887
17.518,2.23006
17.52,1.58293
17.522,-0.689956
17.524,-3.12473
17.526,-1.94377
17.528,-2.62754
17.53,-0.673393
17.532,0.983176
17.534,-2.26852
17.536,-2.9366
17.538,-0.0421376
17.54,0.116967
17.542,-1.09804
17.544,-0.319902
17.546,-2.13655
17.548,-3.85229
17.55,-2.63593
17.552,-0.0918307
17.554,-1.6714
17.556,-2.55684
17.558,-2.22443
17.56,-2.04217
17.562,-1.1742
17.564,-0.410917
17.566,1.39105
17.568,-0.309128
17.57,-0.0695648
17.572,0.979634
17.574,3.05273
17.576,2.65378
17.578,2.1505
17.58,2.66355
17.582,1.80502
17.584,1.54055
17.586,0.674385
17.588,0.0377606
17.59,0.353669
17.592,0.340729
17.594,-0.22516
17.596,1.09705
17.598,0.118885
17.6,-1.86711
17.602,0.892094
17.604,1.74506
17.606,1.28811
17.608,-0.0130344
17.61,-1.59909
17.612,0.539637
17.614,1.8989
17.616,0.744279
17.618,-1.12595
17.62,-3.4255
17.622,-1.52777
17.624,0.923944
17.626,1.39348
17.628,0.940297
17.63,2.1333
17.632,2.55202
17.634,1.15257
17.636,2.22554
17.638,2.56374
17.64,1.7192
17.642,3.52276
17.644,3.32882
17.646,2.027
17.648,3.3366
17.65,2.63865
17.652,3.61404
17.654,2.94584
17.656,2.99616
17.658,2.3458
17.66,4.94456
17.662,2.75276
17.664,1.43476
17.666,0.0470543
17.668,2.03708
17.67,1.36838
17.672,-0.190314
17.674,-1.94539
17.676,0.520135
17.678,0.0754801
17.68,-1.38647
17.682,-0.928848
17.684,0.342579
17.686,3.10996
17.688,2.87893
17.69,2.84042
17.692,0.238591
17.694,-0.448809
17.696,-1.41853
17.698,-2.48423
17.7,0.700423
17.702,0.277752
17.704,2.29337
17.706,2.22747
17.708,2.38931
17.71,1.22431
17.712,-0.103765
17.714,1.1047
17.716,-0.0312016
17.718,0.226862
17.72,-0.968654
17.722,-1.09146
17.724,-0.00431317
17.726,0.538836
17.728,2.89556
17.73,0.979729
17.732,-0.607563
17.734,-0.953481
17.736,0.413206
17.738,0.446539
17.74,1.03854
17.742,2.09285
17.744,-0.162367
17.746,-0.470487
17.748,-1.12933
17.75,0.219112
17.752,1.52947
17.754,0.576948
17.756,-1.45997
17.758,-1.73328
17.76,-2.45545
17.762,-1.80936
17.764,-2.33034
17.766,-1.74352
17.768,-3.20813
17.77,-3.43729
17.772,-3.01549
17.774,-5.53404
17.776,-4.41177
17.778,-3.33463
17.78,-3.79254
17.782,-1.28222
17.784,-2.31348
17.786,-4.41708
17.788,-2.43752
17.79,-0.848488
17.792,-2.3191
17.794,0.292006
17.796,0.418547
17.798,0.795145
17.8,1.19517
17.802,0.435618
17.804,0.653398
17.806,-1.42288
17.808,-2.78284
17.81,-4.68546
17.812,-2.80819
17.814,-2.02454
17.816,-2.57256
17.818,-1.05426
17.82,-1.14155
17.822,0.0742218
17.824,0.999625
17.826,3.28899
17.828,2.18882
17.83,1.0275
17.832,-2.68547
17.834,-1.68196
17.836,0.0397964
17.838,-0.558936
17.84,-0.0737465
17.842,-0.900083
17.844,-1.15476
17.846,-1.76696
17.848,-2.69512
17.85,-3.61875
17.852,-4.34052
17.854,-3.66792
17.856,1.25616
17.858,0.178214
17.86,0.100601
17.862,0.553176
17.864,-1.0743
17.866,1.89376
17.868,2.47729
17.87,1.63674
17.872,1.7148
17.874,1.78148
17.876,1.45002
17.878,1.55712
17.88,-1.46911
17.882,-1.24371
17.884,0.172692
17.886,0.309569
17.888,-1.02699
17.89,-1.66684
17.892,-1.2545
17.894,-1.99326
17.896,-1.10699
17.898,0.650493
17.9,-1.4985
17.902,-1.47861
17.904,-0.520189
17.906,-0.232376
17.908,0.357024
17.91,0.999576
17.912,2.13285
17.914,2.54335
17.916,0.0110515
17.918,-2.17884
17.92,-3.15155
17.922,-1.037
17.924,0.34492
17.926,-1.13735
17.928,0.253411
17.93,0.462078
17.932,-1.18848
17.934,-0.744292
17.936,1.86887
17.938,2.92471
17.94,4.35966
17.942,5.16748
17.944,3.72949
17.946,0.922813
17.948,2.63638
17.95,-0.781488
17.952,0.86789
17.954,-0.071711
17.956,-0.0984437
17.958,-0.562214
17.96,0.710291
17.962,1.22082
17.964,0.610212
17.966,0.264188
17.968,-1.11526
17.97,-1.54821
17.972,0.630007
17.974,1.42956
17.976,0.895833
17.978,1.92256
17.98,1.60453
17.982,2.32025
17.984,2.54264
17.986,3.67242
17.988,3.26737
17.99,0.0690399
17.992,1.77424
17.994,1.46616
17.996,0.75816
17.998,-0.0987813
18,1.94157
18.002,0.37617
18.004,1.81734
18.006,2.43402
18.008,1.38
18.01,1.69461
18.012,0.907874
18.014,2.37238
18.016,0.813383
18.018,-0.336468
18.02,-0.248047
18.022,0.637902
18.024,-0.0812123
18.026,1.25434
18.028,-0.0866339
18.03,-0.0655505
18.032,-0.406177
18.034,-1.15502
18.036,1.24235
18.038,0.708118
18.04,2.71818
18.042,2.1272
18.044,4.46273
18.046,2.50306
18.048,0.347073
18.05,-1.25869
18.052,-0.945277
18.054,-2.68933
18.056,-1.02033
18.058,0.913944
18.06,1.32885
18.062,0.512515
18.064,0.498858
18.066,-1.21648
18.068,0.523818
18.07,1.33044
18.072,1.14231
18.074,2.24808
18.076,1.3638
18.078,1.95844
18.08,0.460948
18.082,0.431818
18.084,0.115964
18.086,1.18931
18.088,1.84142
18.09,2.67734
18.092,2.99019
18.094,3.04986
18.096,2.16705
18.098,-0.0501743
18.1,-1.65411
18.102,-5.37299
18.104,-4.44373
18.106,-4.00482
18.108,-3.14594
18.11,-0.491658
18.112,-0.305188
18.114,0.0687201
18.116,-1.80632
18.118,-4.0437
18.12,-3.97987
18.122,-2.46369
18.124,-1.01186
18.126,-0.863507
18.128,-1.60553
18.13,0.983893
18.132,3.39044
18.134,1.54498
18.136,1.51927
18.138,2.45804
18.14,-0.758232
18.142,-0.963023
18.144,-4.08335
18.146,-2.52849
18.148,-0.77849
18.15,-0.669753
18.152,-0.847656
18.154,0.427215
18.156,-0.17778
18.158,-0.651288
18.16,0.659532
18.162,1.50382
18.164,2.29097
18.166,3.29074
18.168,2.83805
18.17,3.9986
18.172,1.02142
18.174,0.930152
18.176,-0.83653
18.178,-1.7589
18.18,-1.98893
18.182,-2.00137
18.184,0.0080502
18.186,-0.836181
18.188,-0.506676
18.19,-1.75259
18.192,-1.50846
18.194,0.533921
18.196,0.00919382
18.198,-0.0955186
18.2,-1.69486
18.202,-2.05429
18.204,0.0259301
18.206,-1.01975
18.208,-2.5568
18.21,-2.43776
18.212,-1.31538
18.214,-1.95456
18.216,-3.11478
18.218,-3.70709
18.22,-3.03715
18.222,-2.01442
18.224,-1.10741
18.226,-0.799994
18.228,-1.04511
18.23,2.8964
18.232,0.0361192
18.234,-0.448647
18.236,1.25983
18.238,0.357735
18.24,0.601067
18.242,-0.733386
18.244,-0.362122
18.246,-0.984362
18.248,-1.19649
18.25,-1.86776
18.252,-1.11756
18.254,-0.749096
18.256,-2.10018
18.258,-0.833625
18.26,-4.07029
18.262,-2.79603
18.264,-2.05544
18.266,-2.7042
18.268,-2.69436
18.27,-2.99115
18.272,-1.56703
18.274,-0.336781
18.276,0.672852
18.278,-1.54684
18.28,0.792785
18.282,1.53138
18.284,2.78773
18.286,0.309213
18.288,-0.112169
18.29,-0.0959793
18.292,-1.39357
18.294,-0.435955
18.296,-0.451044
18.298,-1.24193
18.3,-0.438762
18.302,-0.713268
18.304,-1.41318
18.306,0.873119
18.308,-1.96757
18.31,-3.29371
18.312,-2.63582
18.314,-1.44237
18.316,0.193488
18.318,-0.494561
18.32,0.304403
18.322,0.00134559
18.324,0.501038
18.326,1.22233
18.328,2.42065
18.33,1.87198
18.332,2.08463
18.334,3.17063
18.336,4.6161
18.338,3.60555
18.34,3.2018
18.342,3.47725
18.344,2.84613
18.346,3.77946
18.348,1.78336
18.35,1.53229
18.352,1.43062
18.354,1.51361
18.356,0.728591
18.358,-0.618227
18.36,0.255369
18.362,-0.548765
18.364,1.42733
18.366,2.00065
18.368,-1.61588
18.37,-1.27578
18.372,-1.62668
18.374,-2.87768
18.376,-0.320096
18.378,0.68482
18.38,-0.667104
18.382,-0.546625
18.384,-0.46748
18.386,-0.111382
18.388,0.114306
18.39,-0.787671
18.392,0.868485
18.394,0.546697
18.396,0.398029
18.398,1.76288
18.4,2.32943
18.402,2.22857
18.404,2.26198
18.406,3.73316
18.408,4.12987
18.41,4.79864
18.412,3.61259
18.414,1.36433
18.416,1.34753
18.418,0.833593
18.42,1.88375
18.422,4.39163
18.424,3.09787
18.426,2.89307
18.428,0.918892
18.43,-0.161663
18.432,-1.77706
18.434,-1.13594
18.436,-1.97612
18.438,-1.35627
18.44,-1.73928
18.442,-3.01578
18.444,-3.45283
18.446,-2.43849
18.448,-1.95306
18.45,-0.0971456
18.452,-1.03929
18.454,-0.516511
18.456,-1.05326
18.458,-1.6963
18.46,-1.27468
18.462,-2.74332
18.464,-3.00573
18.466,-2.19564
18.468,1.80829
18.47,1.14355
18.472,1.28454
18.474,0.436927
18.476,1.36086
18.478,-0.622038
18.48,-1.41102
18.482,0.710351
18.484,1.11098
18.486,-1.39467
18.488,-0.563279
18.49,-2.04504
18.492,-1.16092
18.494,-0.358793
18.496,2.23426
18.498,0.39296
18.5,2.95567
18.502,1.719
18.504,1.22491
18.506,1.61966
18.508,1.24367
18.51,2.25525
18.512,2.2092
18.514,2.21536
18.516,-0.793808
18.518,0.807562
18.52,0.395919
18.522,-0.0894629
18.524,-2.79292
18.526,-4.1239
18.528,-1.20292
18.53,-0.812597
18.532,-1.82483
18.534,0.0270421
18.536,0.703228
18.538,1.07511
18.54,1.43966
18.542,-0.191573
18.544,0.0641254
18.546,0.429291
18.548,-2.10355
18.55,-0.604912
18.552,0.389062
18.554,0.356828
18.556,-0.694495
18.558,0.180331
18.56,-1.95426
18.562,-1.09507
18.564,-0.41577
18.566,-2.57217
18.568,-0.342037
18.57,2.12432
18.572,1.42579
18.574,0.17665
18.576,0.285128
18.578,1.17653
18.58,2.27933
18.582,1.3791
18.584,1.88459
18.586,0.361933
18.588,0.269567
18.59,0.990447
18.592,0.355606
18.594,3.75695
18.596,-0.31502
18.598,0.835569
18.6,1.65667
18.602,1.82112
18.604,0.925343
18.606,2.57321
18.608,0.866424
18.61,-0.34022
18.612,-2.36416
18.614,0.382496
18.616,0.702632
18.618,0.010206
18.62,1.25218
18.622,1.33479
18.624,1.24249
18.626,0.530002
18.628,0.63272
18.63,2.21047
18.632,2.067
18.634,-0.464535
18.636,-1.20632
18.638,-2.45358
18.64,-2.58946
18.642,-3.68228
18.644,-2.12189
18.646,-1.51392
18.648,-1.21913
18.65,-0.104728
18.652,-2.67569
18.654,0.777818
18.656,0.518922
18.658,-1.33701
18.66,-0.0176762
18.662,-0.560381
18.664,2.20286
18.666,1.04845
18.668,1.71494
18.67,2.25099
18.672,1.44526
18.674,1.35489
18.676,0.825996
18.678,-0.0448691
18.68,-0.742912
18.682,-2.30734
18.684,-1.32277
18.686,-0.775184
18.688,1.64449
18.69,2.22915
18.692,-0.58583
18.694,-4.52385
18.696,-1.86911
18.698,-1.44169
18.7,-1.06604
18.702,0.850869
18.704,-0.977287
18.706,-0.362485
18.708,0.0779369
18.71,-1.7055
18.712,-2.48432
18.714,-3.36524
18.716,0.0461421
18.718,2.70167
18.72,2.22482
18.722,2.91218
18.724,3.07196
18.726,2.6949
18.728,2.82103
18.73,2.89071
18.732,1.13484
18.734,-0.0200863
18.736,2.79324
18.738,1.13244
18.74,0.5088
18.742,2.00941
18.744,2.6475
18.746,0.938679
18.748,0.491288
18.75,0.240418
18.752,1.08863
18.754,-0.252572
18.756,0.242275
18.758,0.0548769
18.76,1.05353
18.762,-0.848014
18.764,-0.594615
18.766,-0.953518
18.768,-0.484664
18.77,-1.2178
18.772,1.67768
18.774,2.56907
18.776,0.477046
18.778,2.22811
18.78,3.41767
18.782,0.687642
18.784,-2.01118
18.786,-2.62657
18.788,-3.00375
18.79,-3.96972
18.792,-3.41536
18.794,-3.51954
18.796,-2.47276
18.798,-0.152733
18.8,-0.922217
18.802,-0.0522186
18.804,0.757617
18.806,1.53256
18.808,1.81752
18.81,2.79063
18.812,1.59356
18.814,1.84727
18.816,1.19669
18.818,-0.133329
18.82,-1.93187
18.822,-0.847851
18.824,-5.01078
18.826,-4.96384
18.828,-2.49421
18.83,0.023638
18.832,-0.980347
18.834,-2.11212
18.836,-3.92778
18.838,-3.4716
18.84,-0.891519
18.842,-0.581486
18.844,0.725345
18.846,2.01054
18.848,0.9133
18.85,1.4125
18.852,2.27463
18.854,1.16482
18.856,1.7057
18.858,0.539279
18.86,-0.837144
18.862,-0.264952
18.864,-2.51272
18.866,-2.08786
18.868,-4.22608
18.87,-0.999357
18.872,0.0978834
18.874,1.04909
18.876,0.0846936
18.878,0.998472
18.88,-0.0518959
18.882,1.02215
18.884,1.96176
18.886,-0.1971
18.888,0.319966
18.89,-0.296054
18.892,-1.49438
18.894,-1.22875
18.896,-1.40131
18.898,0.591008
18.9,0.691437
18.902,1.86224
18.904,0.780294
18.906,-0.242667
18.908,0.153551
18.91,-0.716131
18.912,-0.240359
18.914,-0.616446
18.916,-2.05261
18.918,-2.26539
18.92,-0.297336
18.922,0.730722
18.924,1.04699
18.926,2.35177
18.928,0.608583
18.93,1.24723
18.932,-1.11261
18.934,-1.79771
18.936,-0.0863154
18.938,-1.59501
18.94,-1.34481
18.942,0.310181
18.944,0.552658
18.946,0.602754
18.948,1.38703
18.95,3.10768
18.952,2.34209
18.954,4.16551
18.956,2
18.958,2.09473
18.96,1.76242
18.962,2.50235
18.964,0.256264
18.966,0.765038
18.968,0.443457
18.97,-0.112876
18.972,-3.51106
18.974,-3.12278
18.976,-2.51793
18.978,-0.671926
18.98,0.681398
18.982,-0.508482
18.984,-1.21815
18.986,0.863988
18.988,-0.186998
18.99,0.528278
18.992,-0.343382
18.994,-0.0319546
18.996,1.49006
18.998,2.14012
19,0.0738275
19.002,0.535347
19.004,-1.12174
19.006,-1.0507
19.008,-1.19779
19.01,0.77953
19.012,-1.25285
19.014,-0.00166168
19.016,-2.05255
19.018,0.121777
19.02,0.515207
19.022,-0.18861
19.024,-0.789741
19.026,-1.53914
19.028,-0.289803
19.03,1.35754
19.032,2.86498
19.034,2.94621
19.036,1.92445
19.038,1.40739
19.04,2.43456
19.042,3.10824
19.044,2.25846
19.046,1.86098
19.048,1.13242
19.05,2.70353
19.052,2.05577
19.054,1.90348
19.056,1.0215
19.058,2.02029
19.06,1.26936
19.062,-0.643257
19.064,-1.40877
19.066,-0.773233
19.068,-0.222889
19.07,1.9831
19.072,0.583479
19.074,1.28702
19.076,0.139794
19.078,-0.538907
19.08,-0.569865
19.082,0.836441
19.084,0.650557
19.086,-0.200315
19.088,-1.76643
19.09,0.310255
19.092,-2.17702
19.094,0.786908
19.096,1.23277
19.098,1.32037
19.1,1.11422
19.102,2.03194
19.104,1.60425
19.106,2.40323
19.108,2.94097
19.11,1.48974
19.112,2.28901
19.114,-2.46181
19.116,-3.31015
19.118,0.508527
19.12,-0.150924
19.122,-1.56
19.124,0.535424
19.126,-0.260149
19.128,0.557729
19.13,-2.24453
19.132,0.478529
19.134,3.53606
19.136,1.10835
19.138,2.15923
19.14,0.174505
19.142,2.28303
19.144,-0.0431825
19.146,1.27624
19.148,1.45939
19.15,-1.20821
19.152,1.61747
19.154,0.882206
19.156,-0.285198
19.158,-1.49725
19.16,-1.73287
19.162,-1.60525
19.164,-2.68393
19.166,-1.75864
19.168,-3.93693
19.17,-1.55855
19.172,-2.44542
19.174,-2.58906
19.176,-1.36938
19.178,-1.1273
19.18,-0.53494
19.182,-1.17351
19.184,-1.70867
19.186,-2.55424
19.188,-1.93633
19.19,-3.27327
19.192,-3.45517
19.194,-1.65448
19.196,-1.7833
19.198,-2.88303
19.2,-2.34917
19.202,-0.941969
19.204,-1.10027
19.206,-0.561472
19.208,3.21611
19.21,1.30589
19.212,2.35254
19.214,1.16271
19.216,0.170856
19.218,0.534547
19.22,-0.402258
19.222,-1.90722
19.224,-2.31854
19.226,0.045393
19.228,0.398735
19.23,0.553488
19.232,-2.2411
19.234,-1.23382
19.236,-4.08839
19.238,-0.918948
19.24,-0.401355
19.242,-1.29533
19.244,-0.566945
19.246,0.0486799
19.248,0.67857
19.25,0.61898
19.252,-0.417732
19.254,-1.29283
19.256,0.649116
19.258,3.42259
19.26,5.41033
19.262,5.24297
19.264,3.81685
19.266,2.49351
19.268,2.16955
19.27,2.96125
19.272,4.11765
19.274,1.92756
19.276,1.62342
19.278,0.249769
19.28,0.692029
19.282,2.02816
19.284,-0.684616
19.286,1.11766
19.288,-0.80049
19.29,-2.67114
19.292,-0.912831
19.294,-0.57764
19.296,-1.42548
19.298,-0.448406
19.3,-0.720504
19.302,0.316972
19.304,1.4926
19.306,1.77876
19.308,3.29284
19.31,2.3074
19.312,3.74506
19.314,1.64748
19.316,1.134
19.318,-1.35202
19.32,-0.915531
19.322,1.44221
19.324,-0.250505
19.326,1.6817
19.328,0.248147
19.33,0.498651
19.332,0.588162
19.334,-1.41702
19.336,2.05853
19.338,1.48126
19.34,0.259545
19.342,2.14633
19.344,0.153538
19.346,1.16176
19.348,1.03212
19.35,0.607568
19.352,-1.67915
19.354,-0.222051
19.356,-2.49587
19.358,-1.57354
19.36,-1.17839
19.362,-0.0411753
19.364,0.123988
19.366,0.118546
19.368,1.77378
19.37,1.96414
19.372,1.38561
19.374,0.366141
19.376,0.437755
19.378,-0.764895
19.38,0.669678
19.382,1.54895
19.384,0.895304
19.386,-0.0795219
19.388,0.283334
19.39,-1.95967
19.392,-1.56698
19.394,-2.00691
19.396,0.168027
19.398,-1.11641
19.4,-0.331923
19.402,0.115098
19.404,0.871459
19.406,2.29413
19.408,2.7708
19.41,1.08501
19.412,0.931259
19.414,1.94072
19.416,0.323172
19.418,1.28482
19.42,-0.655681
19.422,-1.91279
19.424,-4.5016
19.426,-2.6481
19.428,1.0913
19.43,3.35131
19.432,1.48183
19.434,0.939793
19.436,1.1401
19.438,0.335469
19.44,2.1794
19.442,0.257031
19.444,0.0314035
19.446,0.373266
19.448,0.191401
19.45,1.90947
19.452,1.51608
19.454,0.774631
19.456,-0.251902
19.458,-0.69179
19.46,-0.521746
19.462,1.82939
19.464,3.65737
19.466,3.32798
19.468,3.8562
19.47,1.84605
19.472,-0.304088
19.474,1.00164
19.476,0.351552
19.478,-1.2996
19.48,-0.744533
19.482,-1.62836
19.484,-2.28776
19.486,-1.56643
19.488,0.10321
19.49,-1.47699
19.492,-2.05661
19.494,-0.0103911
19.496,-1.06137
19.498,-0.656032
19.5,0.217942
19.502,0.765067
19.504,-0.772189
19.506,-1.21885
19.508,0.521698
19.51,0.0234869
19.512,0.527939
19.514,-0.0158162
19.516,2.02403
19.518,1.65935
19.52,0.350987
19.522,-1.53619
19.524,-0.746377
19.526,-1.78396
19.528,-1.26253
19.53,-2.01708
19.532,-1.9025
19.534,-0.883564
19.536,-1.26527
19.538,0.428628
19.54,-0.37364
19.542,-0.838056
19.544,-0.177452
19.546,-1.33799
19.548,-0.39136
19.55,-0.191172
19.552,0.256633
19.554,-1.41335
19.556,-3.33814
19.558,-2.18048
19.56,-2.50242
19.562,-0.858032
19.564,-4.11349
19.566,-2.25976
19.568,0.41384
19.57,0.991372
19.572,2.74498
19.574,3.0084
19.576,2.97817
19.578,0.430731
19.58,0.309531
19.582,-0.555132
19.584,-1.01565
19.586,-2.20458
19.588,-1.30057
19.59,-1.59929
19.592,-1.77337
19.594,-1.18818
19.596,-1.61556
19.598,-1.71317
19.6,-1.60122
19.602,-1.7081
19.604,1.24732
19.606,-0.131985
19.608,-0.364563
19.61,-1.31641
19.612,-2.06914
19.614,-1.4325
19.616,-0.996209
19.618,-4.22968
19.62,-3.52713
19.622,-3.12292
19.624,-2.42824
19.626,-3.17986
19.628,-1.82796
19.63,-3.57385
19.632,-1.63227
19.634,-2.47116
19.636,-0.366307
19.638,-0.347863
19.64,-0.371783
19.642,-0.398681
19.644,0.374824
19.646,1.46897
19.648,2.39499
19.65,1.92191
19.652,4.02097
19.654,4.25221
19.656,3.22073
19.658,-0.798365
19.66,-0.131134
19.662,-0.855692
19.664,0.447537
19.666,-0.707438
19.668,-0.955784
19.67,-0.29097
19.672,0.757545
19.674,3.16672
19.676,2.48792
19.678,2.92337
19.68,0.229357
19.682,1.46127
19.684,-1.51798
19.686,0.561207
19.688,1.71078
19.69,2.00587
19.692,3.23686
19.694,2.91122
19.696,2.95295
19.698,3.63271
19.7,4.29665
19.702,1.69827
19.704,-0.7588
19.706,-0.531015
19.708,-0.150201
19.71,0.850967
19.712,-0.442488
19.714,-0.1707
19.716,-0.438257
19.718,0.327102
19.72,0.841521
19.722,1.9663
19.724,-0.747678
19.726,1.75611
19.728,1.79874
19.73,2.56093
19.732,3.11714
19.734,1.23119
19.736,1.69655
19.738,1.41411
19.74,0.297039
19.742,1.4218
19.744,1.8775
19.746,-0.000722317
19.748,0.546419
19.75,0.0078031
19.752,-1.88045
19.754,-0.985237
19.756,0.0953677
19.758,-0.470103
19.76,0.469002
19.762,-0.742046
19.764,-4.18537
19.766,-2.93321
19.768,0.127799
19.77,3.00933
19.772,3.15618
19.774,4.12875
19.776,3.55513
19.778,3.2302
19.78,2.22254
19.782,2.64515
19.784,1.26168
19.786,0.8637
19.788,0.35633
19.79,2.07233
19.792,-1.85221
19.794,-1.70817
19.796,-1.67281
19.798,-2.18264
19.8,-2.8952
19.802,-1.96163
19.804,-1.10133
19.806,-1.49451
19.808,0.154993
19.81,-1.56037
19.812,-2.34621
19.814,0.0480643
19.816,3.45504
19.818,5.6473
19.82,4.76268
19.822,1.31599
19.824,1.1034
19.826,-1.58084
19.828,0.194424
19.83,1.16601
19.832,2.05388
19.834,1.1716
19.836,1.05252
19.838,0.952443
19.84,-1.4239
19.842,-1.06241
19.844,1.36169
19.846,0.00963805
19.848,0.0162515
19.85,1.14689
19.852,3.75915
19.854,3.80923
19.856,3.63361
19.858,0.681712
19.86,1.55723
19.862,0.23518
19.864,-1.74792
19.866,-4.13965
19.868,-5.38459
19.87,-4.45613
19.872,-4.90483
19.874,-5.25262
19.876,-4.93175
19.878,-3.39415
19.88,-3.80209
19.882,-4.89909
19.884,-2.57507
19.886,0.655888
19.888,0.727278
19.89,2.81258
19.892,2.66518
19.894,-1.26025
19.896,2.13832
19.898,4.4066
19.9,2.75852
19.902,1.22904
19.904,-1.1515
19.906,-1.82831
19.908,-1.5749
19.91,-2.45458
19.912,-2.54969
19.914,-2.73479
19.916,-1.40869
19.918,-1.0163
19.92,-1.06886
19.922,-0.349256
19.924,-0.0751856
19.926,-0.375006
19.928,1.52433
19.93,2.0779
19.932,2.60499
19.934,3.46543
19.936,2.34832
19.938,3.42682
19.94,3.49373
19.942,1.83874
19.944,0.274189
19.946,0.050288
19.948,-1.39806
19.95,-0.186322
19.952,-1.35244
19.954,-0.751184
19.956,0.873977
19.958,2.64263
19.96,1.59485
19.962,0.167413
19.964,0.907719
19.966,-0.459923
19.968,1.30287
19.97,2.08359
19.972,0.411723
19.974,-0.104614
19.976,0.708016
19.978,-1.12082
19.98,-2.60627
19.982,-1.47507
19.984,-0.953134
19.986,-0.987669
19.988,-1.23094
19.99,-0.375162
19.992,-0.447484
19.994,-0.00209551
19.996,0.462338
19.998,2.17005
20,2.69246
20.002,1.50251
20.004,0.843847
20.006,-1.11583
20.008,0.805618
20.01,0.232403
20.012,1.44696
20.014,2.46624
20.016,0.0655035
20.018,2.07189
20.02,2.58384
20.022,2.2681
20.024,3.32667
20.026,2.83187
20.028,1.01234
20.03,1.57158
20.032,2.42348
20.034,1.47332
20.036,1.31159
20.038,0.193171
20.04,0.286797
20.042,-0.962074
20.044,-0.615071
20.046,-2.50272
20.048,-2.21854
20.05,-0.0268889
20.052,1.55287
20.054,-1.13292
20.056,-2.21661
20.058,-2.72301
20.06,-3.85945
20.062,-2.49432
20.064,-0.769442
20.066,-1.02108
20.068,-1.67603
20.07,-2.46372
20.072,-1.66824
20.074,-1.1277
20.076,-0.888476
20.078,-1.46036
20.08,-1.92891
20.082,0.109796
20.084,1.55884
20.086,0.364064
20.088,-0.0708588
20.09,0.731685
20.092,0.712927
20.094,3.44063
20.096,4.14732
20.098,1.77904
20.1,0.451676
20.102,-1.63395
20.104,-1.26997
20.106,-2.43671
20.108,-3.22082
20.11,-0.114467
20.112,1.7316
20.114,0.452926
20.116,-0.917263
20.118,2.01439
20.12,1.75988
20.122,1.27153
20.124,0.571896
20.126,0.58455
20.128,0.329719
20.13,0.620592
20.132,3.05509
20.134,2.05444
20.136,0.300228
20.138,1.83819
20.14,2.49243
20.142,-0.214394
20.144,-0.427973
20.146,-1.8028
20.148,-2.07108
20.15,-1.83107
20.152,-3.46433
20.154,-5.65946
20.156,-6.08005
20.158,-5.68186
20.16,-6.71995
20.162,-4.22936
20.164,-0.957951
20.166,0.552204
20.168,2.38414
20.17,1.07009
20.172,3.31027
20.174,4.75609
20.176,3.73375
20.178,2.62366
20.18,1.30336
20.182,1.83038
20.184,0.125518
20.186,-0.0479694
20.188,1.00766
20.19,0.981632
20.192,-0.476915
20.194,0.607976
20.196,0.569561
20.198,-1.54776
20.2,-0.0392448
20.202,0.366975
20.204,0.332539
20.206,-0.981463
20.208,-0.300792
20.21,-0.270692
20.212,0.745503
20.214,0.857718
20.216,1.66372
20.218,4.89393
20.22,5.36937
20.222,1.19624
20.224,2.97712
20.226,0.310996
20.228,0.437996
20.23,-1.61924
20.232,-0.982691
20.234,0.249961
20.236,0.698572
20.238,1.42344
20.24,-0.181877
20.242,0.424252
20.244,-0.379444
20.246,-0.0487405
20.248,-1.14296
20.25,-1.20376
20.252,-2.28613
20.254,-0.346024
20.256,-0.0594047
20.258,0.417862
20.26,1.44492
20.262,0.516175
20.264,0.72809
20.266,-0.869361
20.268,0.399187
20.27,0.476673
20.272,1.37111
20.274,1.5894
20.276,0.336557
20.278,-0.43427
20.28,1.16194
20.282,-0.681175
20.284,-0.368349
20.286,0.143759
20.288,-1.21842
20.29,-1.18072
20.292,-0.849015
20.294,-1.05132
20.296,-1.64812
20.298,-1.48837
20.3,-1.93345
20.302,0.1569
20.304,1.14622
20.306,-0.58664
20.308,1.15804
20.31,-1.08781
20.312,-0.713152
20.314,-2.28748
20.316,-1.85823
20.318,-0.155149
20.32,-0.0195683
20.322,1.3699
20.324,3.89283
20.326,2.39221
20.328,3.06625
20.33,4.22915
20.332,2.0934
20.334,2.13228
20.336,-0.916467
20.338,-2.52307
20.34,0.0351373
20.342,0.0885748
20.344,-0.281584
20.346,-0.347569
20.348,-1.15073
20.35,-2.18857
20.352,-0.525956
20.354,-0.797697
20.356,-0.622904
20.358,-1.07611
20.36,-0.46464
20.362,-0.236767
20.364,-0.180265
20.366,0.353481
20.368,0.633607
20.37,-0.737677
20.372,4.38713
20.374,2.78473
20.376,1.9852
20.378,-0.0475347
20.38,-0.928643
20.382,0.158035
20.384,0.227731
20.386,0.654308
20.388,0.0726749
20.39,1.10865
20.392,0.462904
20.394,-0.626127
20.396,-2.60933
20.398,-0.962163
20.4,0.942671
20.402,0.211164
20.404,2.0985
20.406,2.24422
20.408,1.60242
20.41,0.371819
20.412,2.25866
20.414,0.658212
20.416,2.91859
20.418,3.32277
20.42,3.07512
20.422,3.46358
20.424,4.01977
20.426,1.10847
20.428,0.343621
20.43,0.369216
20.432,-0.451577
20.434,0.00616029
20.436,-3.04065
20.438,-2.88406
20.44,-1.50113
20.442,-0.289628
20.444,0.155096
20.446,-0.142616
20.448,-0.176331
20.45,-1.59979
20.452,-1.5289
20.454,0.213964
20.456,0.167437
20.458,-0.452682
20.46,0.819676
20.462,0.751334
20.464,0.883366
20.466,-0.423976
20.468,0.777824
20.47,1.4055
20.472,3.31501
20.474,1.31241
20.476,-0.319917
20.478,0.35435
20.48,-0.42294
20.482,0.652406
20.484,-0.961231
20.486,-0.259771
20.488,-1.72485
20.49,-0.599209
20.492,-2.07369
20.494,-2.17983
20.496,-3.7174
20.498,-5.60041
20.5,-3.22034
20.502,-2.11462
20.504,-0.326263
20.506,-0.476655
20.508,-0.386785
20.51,-0.518115
20.512,-0.948981
20.514,0.240282
20.516,1.2453
20.518,1.4194
20.52,0.14954
20.522,1.32129
20.524,2.14476
20.526,2.16063
20.528,3.47152
20.53,0.789083
20.532,1.03139
20.534,-0.098067
20.536,-1.32597
20.538,-4.21741
20.54,-3.85994
20.542,-3.46072
20.544,-4.23346
20.546,-1.89173
20.548,0.333718
20.55,0.827667
20.552,0.53298
20.554,0.191905
20.556,2.48979
20.558,3.04754
20.56,1.50697
20.562,-1.76198
20.564,-0.204646
20.566,-1.18439
20.568,0.203777
20.57,1.36078
20.572,2.68212
20.574,4.6305
20.576,2.631
20.578,2.29013
20.58,1.57806
20.582,1.50387
20.584,0.911059
20.586,1.89314
20.588,1.75937
20.59,0.532761
20.592,1.23454
20.594,-0.534625
20.596,-1.68894
20.598,0.852887
20.6,-0.838115
20.602,-0.445715
20.604,-0.222186
20.606,-0.140534
20.608,-1.06554
20.61,0.623283
20.612,-1.69544
20.614,-5.73415
20.616,-5.39308
20.618,-3.50693
20.62,-2.56136
20.622,-2.58399
20.624,-3.04488
20.626,-3.12777
20.628,-1.8454
20.63,2.09717
20.632,3.5763
20.634,2.63328
20.636,2.6148
20.638,0.909715
20.64,1.50439
20.642,2.85048
20.644,2.14499
20.646,1.67893
20.648,1.07017
20.65,0.943188
20.652,0.430008
20.654,-2.26523
20.656,-1.19886
20.658,-0.291334
20.66,2.31747
20.662,1.9676
20.664,2.35621
20.666,4.73324
20.668,3.52345
20.67,4.41491
20.672,3.07276
20.674,1.61192
20.676,3.04957
20.678,2.90215
20.68,0.980227
20.682,0.390075
20.684,-2.79223
20.686,-1.88971
20.688,-1.02164
20.69,-0.612762
20.692,-0.0471146
20.694,0.563506
20.696,0.868016
20.698,-1.67986
20.7,-2.43193
20.702,-2.06764
20.704,-1.43909
20.706,-1.58775
20.708,-2.7679
20.71,-1.09349
20.712,-1.92552
20.714,-1.70854
20.716,-0.701248
20.718,-1.34962
20.72,-0.652677
20.722,1.03516
20.724,0.81891
20.726,1.22539
20.728,1.7681
20.73,0.653919
20.732,0.00565464
20.734,-0.550033
20.736,-1.44826
20.738,-0.319371
20.74,0.640039
20.742,1.40516
20.744,1.48692
20.746,-0.924709
20.748,-0.304196
20.75,-1.94764
20.752,-2.66788
20.754,0.135985
20.756,0.844559
20.758,0.174497
20.76,-2.19449
20.762,-1.89121
20.764,-2.24758
20.766,-2.03874
20.768,-2.47868
20.77,-1.23293
20.772,-1.02868
20.774,-0.79521
20.776,-0.521907
20.778,-1.06278
20.78,-1.69575
20.782,-0.690082
20.784,0.769175
20.786,1.5006
20.788,-0.329542
20.79,0.38424
20.792,-0.203725
20.794,-1.53417
20.796,-0.942315
20.798,-0.0930282
20.8,-1.25036
20.802,-3.42816
20.804,-0.053109
20.806,-0.469415
20.808,1.6114
20.81,1.69532
20.812,1.48362
20.814,0.106388
20.816,1.77629
20.818,2.26406
20.82,0.552962
20.822,1.35114
20.824,-0.0835312
20.826,-0.0616035
20.828,-0.336585
20.83,0.680389
20.832,0.0800159
20.834,-0.0963599
20.836,-2.67867
20.838,-2.35903
20.84,-1.44848
20.842,-0.666511
20.844,-0.698837
20.846,1.5232
20.848,0.484823
20.85,1.01962
20.852,0.824251
20.854,2.74167
20.856,2.51512
20.858,2.03985
20.86,2.50163
20.862,2.8471
20.864,2.50248
20.866,1.43006
20.868,1.26072
20.87,1.67508
20.872,0.65863
20.874,-0.878949
20.876,-0.403079
20.878,0.0516855
20.88,-1.2461
20.882,0.244131
20.884,1.5694
20.886,1.97225
20.888,2.85071
20.89,0.717636
20.892,2.32871
20.894,1.31154
20.896,-0.321365
20.898,-0.786458
20.9,-0.823043
20.902,-0.515189
20.904,0.399047
20.906,2.18328
20.908,-1.15132
20.91,0.35539
20.912,1.45611
20.914,2.09444
20.916,-0.209651
20.918,1.36884
20.92,-0.654905
20.922,-1.69244
20.924,-0.937539
20.926,-0.246745
20.928,-0.0840213
20.93,2.24616
20.932,0.334605
20.934,-1.21266
20.936,-1.26553
20.938,0.237649
20.94,1.02295
20.942,0.494239
20.944,-1.48039
20.946,-0.305506
20.948,-0.175733
20.95,-2.83242
20.952,-2.41514
20.954,-1.67999
20.956,0.258196
20.958,2.95791
20.96,1.30508
20.962,-0.278692
20.964,-0.354584
20.966,1.75668
20.968,1.51187
20.97,2.41072
20.972,0.0611116
20.974,0.770985
20.976,-0.678023
20.978,-0.356616
20.98,0.383165
20.982,0.480829
20.984,1.57657
20.986,0.338396
20.988,1.31214
20.99,1.96768
20.992,2.20801
20.994,1.97473
20.996,1.73217
20.998,2.37259
21,2.26485
21.002,3.16346
21.004,0.412205
21.006,2.10048
21.008,1.2712
21.01,1.72489
21.012,0.344128
21.014,1.26621
21.016,0.440825
21.018,-0.707271
21.02,-1.02327
21.022,0.389159
21.024,-1.26032
21.026,-3.00396
21.028,-4.2316
21.03,-3.49423
21.032,-4.67491
21.034,-4.14936
21.036,-2.49251
21.038,-3.78179
21.04,0.201188
21.042,-2.18913
21.044,-1.26017
21.046,-3.32569
21.048,-4.80632
21.05,-3.00239
21.052,-0.104857
21.054,-0.447575
21.056,0.641162
21.058,0.0390395
21.06,-1.90475
21.062,0.764356
21.064,0.961142
21.066,-0.923674
21.068,-0.204978
21.07,-1.21138
21.072,0.375783
21.074,-0.337355
21.076,-1.67129
21.078,-1.49197
21.08,-2.89984
21.082,-2.84119
21.084,-0.764757
21.086,-0.33044
21.088,0.715674
21.09,-1.23936
21.092,1.23956
21.094,-1.72896
21.096,-0.81057
21.098,-0.505802
21.1,-1.72359
21.102,-1.51589
21.104,-1.08612
21.106,-1.52941
21.108,-1.84393
21.11,-3.17947
21.112,-1.06953
21.114,-1.42936
21.116,-0.704624
21.118,-0.27295
21.12,-0.347326
21.122,-1.30717
21.124,-0.105472
21.126,2.60366
21.128,2.00471
21.13,2.46402
21.132,1.63827
21.134,-0.435812
21.136,-0.442972
21.138,-0.0648002
21.14,-2.59501
21.142,-1.73505
21.144,-1.62386
21.146,-2.96429
21.148,-1.59437
21.15,-0.609866
21.152,-1.03354
21.154,-0.5746
21.156,-0.246348
21.158,-1.12117
21.16,-1.57005
21.162,2.43713
21.164,2.46553
21.166,2.48837
21.168,2.46951
21.17,1.84173
21.172,2.00533
21.174,1.50331
21.176,3.92093
21.178,2.20663
21.18,1.07651
21.182,1.75169
21.184,-1.47249
21.186,-2.94685
21.188,-1.87427
21.19,-3.65942
21.192,-2.34105
21.194,-0.429054
21.196,-0.300193
21.198,-0.987187
21.2,-2.00744
21.202,-0.813092
21.204,-0.41224
21.206,0.721926
21.208,0.387748
21.21,-0.622429
21.212,1.71857
21.214,1.09547
21.216,1.26032
21.218,0.199545
21.22,1.60398
21.222,0.34276
21.224,0.646141
21.226,0.414229
21.228,1.97592
21.23,0.481093
21.232,0.548705
21.234,1.58353
21.236,0.149168
21.238,3.38639
21.24,3.66456
21.242,3.87693
21.244,3.54986
21.246,2.47609
21.248,1.08707
21.25,-1.22406
21.252,-1.6359
21.254,-1.79644
21.256,0.76242
21.258,1.20851
21.26,2.24094
21.262,3.88183
21.264,4.94062
21.266,3.54136
21.268,1.87499
21.27,2.70179
21.272,4.97638
21.274,2.13165
21.276,1.79147
21.278,0.936766
21.28,-0.135253
21.282,1.02285
21.284,3.25829
21.286,4.44604
21.288,2.92937
21.29,-0.0134117
21.292,-1.11141
21.294,-3.33916
21.296,-4.34251
21.298,-2.20389
21.3,-4.23149
21.302,-3.27657
21.304,-2.44813
21.306,-1.63311
21.308,-2.82313
21.31,-1.99577
21.312,-2.89794
21.314,-1.98499
21.316,-0.758304
21.318,2.12246
21.32,1.74308
21.322,0.835308
21.324,1.34844
21.326,-1.81305
21.328,-1.08166
21.33,-1.93296
21.332,-1.38783
21.334,-0.898942
21.336,0.404304
21.338,2.34657
21.34,0.680592
21.342,-1.57418
21.344,-1.13846
21.346,-0.16672
21.348,0.281708
21.35,2.8109
21.352,-0.186271
21.354,0.860625
21.356,-2.42204
21.358,-3.05926
21.36,-0.795586
21.362,0.974918
21.364,0.625316
21.366,-1.51684
21.368,-1.52881
21.37,-1.97171
21.372,-1.9362
21.374,-1.47052
21.376,-1.80017
21.378,-0.98074
21.38,0.57859
21.382,-0.0410049
21.384,1.47664
21.386,1.19989
21.388,0.40913
21.39,-1.24675
21.392,-1.27878
21.394,-0.638777
21.396,-2.60696
21.398,-1.34222
21.4,-0.536947
21.402,0.306338
21.404,-0.917032
21.406,-1.81962
21.408,-1.23378
21.41,-0.54179
21.412,-0.0350773
21.414,-0.0950025
21.416,-0.547273
21.418,2.09555
21.42,1.79795
21.422,2.15852
21.424,0.57958
21.426,-1.08217
21.428,-0.814712
21.43,-2.545
21.432,-0.795011
21.434,-1.68464
21.436,-2.46945
21.438,-0.407025
21.44,0.548807
21.442,1.1575
21.444,2.02641
21.446,0.0404562
21.448,1.16305
21.45,0.3452
21.452,1.84037
21.454,1.58461
21.456,2.32405
21.458,0.362494
21.46,1.08086
21.462,0.342361
21.464,1.96712
21.466,1.59758
21.468,0.493046
21.47,2.31526
21.472,-0.221531
21.474,-0.545379
21.476,-1.50957
21.478,-0.0847278
21.48,0.210171
21.482,0.651105
21.484,-2.00774
21.486,-3.22076
21.488,-0.836637
21.49,-2.05228
21.492,-3.49957
21.494,0.0418734
21.496,-0.451315
21.498,2.60256
21.5,4.17666
21.502,4.15374
21.504,3.38237
21.506,5.01171
21.508,1.38832
21.51,1.0098
21.512,1.01251
21.514,1.16452
21.516,1.43145
21.518,0.427597
21.52,-1.27173
21.522,-0.700161
21.524,-3.13007
21.526,-0.462498
21.528,-1.17868
21.53,1.67877
21.532,1.71016
21.534,-2.02261
21.536,-1.66872
21.538,-0.705203
21.54,0.135868
21.542,1.28558
21.544,0.182671
21.546,-0.449878
21.548,0.411895
21.55,-0.147684
21.552,2.57768
21.554,2.67623
21.556,3.38122
21.558,1.92878
21.56,-0.590589
21.562,-1.223
21.564,0.500011
21.566,2.42802
21.568,2.30554
21.57,1.09414
21.572,0.737022
21.574,-0.687363
21.576,-2.37268
21.578,-4.55896
21.58,-2.15547
21.582,-2.7973
21.584,-1.74621
21.586,-1.75852
21.588,-0.743208
21.59,-1.41257
21.592,-1.2156
21.594,-1.52099
21.596,-0.672016
21.598,0.21161
21.6,0.224485
21.602,2.73937
21.604,1.05644
21.606,-0.443611
21.608,-3.41177
21.61,-3.86662
21.612,-4.26385
21.614,-1.37966
21.616,-0.959845
21.618,-2.29081
21.62,-0.552483
21.622,0.678129
21.624,0.966929
21.626,-0.723374
21.628,-3.97002
21.63,-3.41052
21.632,-2.98999
21.634,-0.176586
21.636,-1.3948
21.638,-0.106474
21.64,1.20253
21.642,2.25887
21.644,1.08814
21.646,-0.0334361
21.648,1.28285
21.65,0.553887
21.652,-0.3756
21.654,-1.44744
21.656,0.369059
21.658,-1.29668
21.66,-1.79618
21.662,-1.32723
21.664,-2.19983
21.666,-0.792591
21.668,0.752589
21.67,2.39678
21.672,0.732171
21.674,2.11669
21.676,-0.983918
21.678,2.29041
21.68,3.89571
21.682,2.7389
21.684,0.413964
21.686,0.975538
21.688,0.343868
21.69,0.750161
21.692,3.3623
21.694,0.958595
21.696,0.552586
21.698,3.13006
21.7,2.962
21.702,5.26486
21.704,2.74867
21.706,-0.402333
21.708,3.55108
21.71,2.143
21.712,1.41954
21.714,1.09832
21.716,0.370529
21.718,1.13814
21.72,-0.878979
21.722,-2.10647
21.724,1.77049
21.726,0.819595
21.728,1.38209
21.73,1.19117
21.732,1.83349
21.734,1.76115
21.736,0.611716
21.738,1.4251
21.74,0.115363
21.742,-0.131871
21.744,1.24059
21.746,-0.580232
21.748,0.0462962
21.75,0.517825
21.752,-3.04699
21.754,-1.74146
21.756,-3.3079
21.758,-2.66571
21.76,-2.14974
21.762,-1.65251
21.764,-1.23829
21.766,-2.01629
21.768,0.295227
21.77,2.03878
21.772,1.19308
21.774,1.82454
21.776,2.23534
21.778,1.89228
21.78,2.82979
21.782,1.12652
21.784,0.247655
21.786,1.70677
21.788,-0.368628
21.79,-1.54523
21.792,-0.211195
21.794,-1.07183
21.796,-0.487333
21.798,0.021849
21.8,0.137866
21.802,-0.363714
21.804,-0.0799608
21.806,-0.12574
21.808,1.38181
21.81,-0.967552
21.812,-1.09839
21.814,-1.01514
21.816,-2.46757
21.818,-1.03995
21.82,-1.60673
21.822,-1.18687
21.824,0.570623
21.826,1.47426
21.828,0.42
21.83,-0.905321
21.832,-2.03046
21.834,-1.57054
21.836,-1.78125
21.838,-2.88973
21.84,-1.77486
21.842,-2.04673
21.844,-2.89054
21.846,-1.58822
21.848,-2.09309
21.85,0.651896
21.852,0.598468
21.854,0.272304
21.856,2.27592
21.858,3.33794
21.86,2.82157
21.862,0.557137
21.864,2.30715
21.866,1.58797
21.868,0.365179
21.87,0.928972
21.872,1.05169
21.874,1.27924
21.876,3.3792
21.878,2.49799
21.88,2.86396
21.882,1.22877
21.884,2.18055
21.886,0.797599
21.888,-0.167936
21.89,-0.713579
21.892,-0.764766
21.894,-2.88036
21.896,-4.06217
21.898,-3.77278
21.9,-3.1561
21.902,-1.53009
21.904,-2.06947
21.906,-2.77741
21.908,-1.6672
21.91,-1.12849
21.912,-0.41364
21.914,-2.63562
21.916,-1.58082
21.918,-0.641043
21.92,1.21606
21.922,0.794241
21.924,-1.2262
21.926,-0.41151
21.928,-0.10326
21.93,1.93314
21.932,2.57496
21.934,0.953065
21.936,0.115438
21.938,-1.20731
21.94,-2.08405
21.942,-0.843797
21.944,-0.766423
21.946,2.11898
21.948,1.09922
21.95,0.827141
21.952,-0.584456
21.954,-1.6083
21.956,-3.99994
21.958,-0.441942
21.96,0.469387
21.962,-0.399155
21.964,-0.011117
21.966,-0.35775
21.968,-1.42938
21.97,-2.63659
21.972,-0.953964
21.974,-0.573329
21.976,-0.652503
21.978,1.7848
21.98,0.706576
21.982,-0.0246564
21.984,1.09107
21.986,0.0459431
21.988,0.30783
21.99,2.98761
21.992,2.1919
21.994,-0.237689
21.996,1.22738
21.998,1.61573
22,0.337215
22.002,1.27167
22.004,-1.90512
22.006,-2.37137
22.008,-1.76893
22.01,0.0702361
22.012,0.23749
22.014,-1.35636
22.016,-2.13329
22.018,-2.21167
22.02,-1.4614
22.022,-0.683512
22.024,-0.806821
22.026,0.229989
22.028,1.49014
22.03,-2.43092
22.032,-4.17535
22.034,-2.81681
22.036,-1.91943
22.038,0.287767
22.04,1.89109
22.042,2.44778
22.044,2.97014
22.046,2.8605
22.048,0.00190371
22.05,-0.120263
22.052,1.43603
22.054,0.385743
22.056,1.28287
22.058,1.73232
22.06,0.92048
22.062,1.24745
22.064,1.35121
22.066,1.29512
22.068,1.53542
22.07,0.393501
22.072,-0.540207
22.074,-1.48329
22.076,-0.794707
22.078,2.16765
22.08,0.500559
22.082,0.221211
22.084,0.924965
22.086,-0.455808
22.088,1.33459
22.09,1.02103
22.092,-0.045568
22.094,0.123706
22.096,0.64766
22.098,1.49329
22.1,3.10688
22.102,1.85138
22.104,-0.583535
22.106,-0.384433
22.108,1.27502
22.11,-1.66403
22.112,-0.717444
22.114,0.270399
22.116,0.911857
22.118,-0.904617
22.12,-0.79538
22.122,-1.46328
22.124,-1.96955
22.126,-2.03091
22.128,-2.61343
22.13,-4.3104
22.132,-1.72594
22.134,1.84714
22.136,1.39334
22.138,2.18743
22.14,1.69417
22.142,0.647298
22.144,-0.0290703
22.146,3.83432
22.148,2.81769
22.15,0.674252
22.152,0.477966
22.154,0.212844
22.156,1.33753
22.158,-0.0419924
22.16,0.540697
22.162,0.774845
22.164,-0.970954
22.166,0.168629
22.168,-1.71259
22.17,-0.101314
22.172,1.17167
22.174,-0.496082
22.176,1.73674
22.178,0.869624
22.18,-0.707694
22.182,0.222005
22.184,0.706009
22.186,0.851351
22.188,-0.722815
22.19,-2.16365
22.192,-1.98014
22.194,-0.46287
22.196,-0.90504
22.198,-2.09223
22.2,-2.99906
22.202,-4.22947
22.204,-2.07004
22.206,-1.10931
22.208,0.351325
22.21,1.4091
22.212,-2.928
22.214,-2.65726
22.216,-2.56314
22.218,-1.42607
22.22,-0.558384
22.222,-0.630975
22.224,-1.33798
22.226,0.994228
22.228,0.14299
22.23,-2.38597
22.232,-4.68742
22.234,-1.13939
22.236,-0.614093
22.238,-0.227384
22.24,2.23889
22.242,4.82977
22.244,3.61542
22.246,4.3359
22.248,4.76591
22.25,2.7483
22.252,3.46105
22.254,-0.0595597
22.256,-1.84003
22.258,0.197084
22.26,-1.06526
22.262,-0.219496
22.264,-1.62193
22.266,-3.36055
22.268,-5.83661
22.27,-4.68925
22.272,-4.10545
22.274,-4.21385
22.276,-3.91076
22.278,-2.8967
22.28,-2.43516
22.282,-1.90918
22.284,-0.0541982
22.286,1.48523
22.288,1.05962
22.29,-0.801506
22.292,1.00712
22.294,0.807256
22.296,1.95705
22.298,1.90536
22.3,-0.9426
22.302,-1.02198
22.304,0.324718
22.306,-0.717522
22.308,-0.344313
22.31,0.956339
22.312,0.00832662
22.314,-0.198304
22.316,0.94287
22.318,0.112928
22.32,1.7183
22.322,2.08539
22.324,0.219692
22.326,-0.59399
22.328,-1.51794
22.33,-3.36147
22.332,-1.51062
22.334,0.0231144
22.336,-0.652521
22.338,-0.70421
22.34,2.03891
22.342,4.25495
22.344,4.1413
22.346,1.83914
22.348,1.8583
22.35,-0.127824
22.352,0.68172
22.354,1.61748
22.356,2.76171
22.358,3.87429
22.36,2.546
22.362,3.39969
22.364,3.47884
22.366,3.90716
22.368,3.7509
22.37,3.12153
22.372,1.55479
22.374,0.542302
22.376,-2.64893
22.378,-2.61332
22.38,-1.76489
22.382,-3.76635
22.384,-2.69802
22.386,-4.14979
22.388,-2.80169
22.39,-1.86706
22.392,-0.524439
22.394,-0.629712
22.396,0.039795
22.398,2.27446
22.4,1.64673
22.402,2.11794
22.404,2.64709
22.406,1.78932
22.408,1.26978
22.41,0.323842
22.412,0.179703
22.414,-2.04339
22.416,0.762569
22.418,-0.664353
22.42,-0.0204679
22.422,-1.58503
22.424,1.2444
22.426,0.219818
22.428,1.28814
22.43,0.530829
22.432,0.0229967
22.434,1.2124
22.436,-0.48997
22.438,-1.06864
22.44,1.77331
22.442,4.3081
22.444,3.79616
22.446,2.01404
22.448,0.679867
22.45,0.151941
22.452,0.000462994
22.454,-0.197974
22.456,-0.845074
22.458,-3.13731
22.46,-1.20604
22.462,0.481685
22.464,0.532556
22.466,-1.73332
22.468,-1.93201
22.47,-2.95321
22.472,-3.46312
22.474,-1.41784
22.476,-2.60639
22.478,-4.06824
22.48,-0.785569
22.482,-0.894819
22.484,-0.49996
22.486,2.41784
22.488,3.77242
22.49,3.00243
22.492,2.06405
22.494,-0.00167045
22.496,0.228818
22.498,0.473631
22.5,-0.539911
22.502,-4.15558
22.504,-2.30399
22.506,-1.86856
22.508,-1.69161
22.51,-2.17939
22.512,0.592068
22.514,-1.63113
22.516,-0.801931
22.518,1.88071
22.52,1.37669
22.522,1.9249
22.524,-0.0922659
22.526,-0.418811
22.528,1.47209
22.53,0.598946
22.532,-2.00958
22.534,-0.0377978
22.536,-2.35984
22.538,-1.42411
22.54,-5.25173
22.542,-1.65315
22.544,1.32492
22.546,-0.446423
22.548,0.444929
22.55,-0.0844638
22.552,0.588812
22.554,-2.4597
22.556,-4.09425
22.558,-2.4158
22.56,1.78858
22.562,-0.835881
22.564,0.642707
22.566,0.0554391
22.568,0.0325151
22.57,-1.58453
22.572,-1.86133
22.574,-0.393551
22.576,0.330814
22.578,0.807817
22.58,-0.468089
22.582,-2.08427
22.584,-2.84809
22.586,-1.36498
22.588,0.158941
22.59,0.421592
22.592,-0.913343
22.594,-3.27877
22.596,-2.29227
22.598,-0.256715
22.6,1.18376
22.602,0.448878
22.604,2.05901
22.606,2.18211
22.608,1.40806
22.61,1.20032
22.612,0.444936
22.614,-1.1968
22.616,-0.54724
22.618,0.817369
22.62,0.411702
22.622,2.92686
22.624,2.02388
22.626,0.433363
22.628,1.17049
22.63,-0.0294101
22.632,1.60275
22.634,0.78973
22.636,2.77132
22.638,3.15191
22.64,4.79414
22.642,2.31524
22.644,1.85591
22.646,-1.7253
22.648,-0.168145
22.65,1.77034
22.652,0.381244
22.654,-0.82039
22.656,-2.49035
22.658,0.176043
22.66,-0.688395
22.662,-2.59968
22.664,-1.87794
22.666,0.331724
22.668,1.17533
22.67,3.37887
22.672,2.3915
22.674,2.54035
22.676,1.0089
22.678,0.0368228
22.68,-0.831933
22.682,1.61889
22.684,1.81708
22.686,0.646161
22.688,0.55853
22.69,-0.274081
22.692,-1.41486
22.694,-1.58321
22.696,-3.21488
22.698,-2.44253
22.7,-2.58788
22.702,-3.05187
22.704,-1.03889
22.706,1.45632
22.708,3.54329
22.71,4.14745
22.712,2.28047
22.714,-0.315264
22.716,-2.54007
22.718,-2.99219
22.72,-2.64944
22.722,-2.05379
22.724,-0.178575
22.726,1.16818
22.728,2.49767
22.73,2.32319
22.732,2.85414
22.734,3.06949
22.736,1.53205
22.738,0.545101
22.74,2.4809
22.742,1.22336
22.744,0.100992
22.746,0.05496
22.748,-0.865622
22.75,2.164
22.752,1.4405
22.754,1.1016
22.756,0.662578
22.758,1.93224
22.76,2.38875
22.762,0.981487
22.764,2.57717
22.766,3.51033
22.768,3.3008
22.77,3.51595
22.772,2.66666
22.774,1.52584
22.776,1.65248
22.778,1.01002
22.78,2.11955
22.782,2.07708
22.784,0.211943
22.786,-0.855308
22.788,0.321942
22.79,0.123731
22.792,1.17502
22.794,0.928337
22.796,0.4953
22.798,-1.25433
22.8,-1.50546
22.802,-1.08968
22.804,-0.592513
22.806,-1.1035
22.808,-3.024
22.81,-1.15135
22.812,-2.92148
22.814,-2.07824
22.816,-1.71702
22.818,-0.791119
22.82,-0.0108668
22.822,-0.442328
22.824,-1.90581
22.826,-1.53149
22.828,-2.75074
22.83,-0.18841
22.832,0.715241
22.834,-0.853486
22.836,-1.59846
22.838,-3.15574
22.84,-1.242
22.842,-0.887073
22.844,-1.38703
22.846,0.702041
22.848,1.08085
22.85,0.533251
22.852,3.68809
22.854,3.5777
22.856,1.78177
22.858,0.260209
22.86,-0.138609
22.862,1.04189
22.864,1.89959
22.866,0.528815
22.868,-1.92357
22.87,-3.96763
22.872,-1.84727
22.874,-1.7594
22.876,-2.27072
22.878,-2.3238
22.88,-2.14491
22.882,-2.50858
22.884,-3.47037
22.886,0.179089
22.888,0.0439762
22.89,-0.0919213
22.892,-2.60957
22.894,-1.2329
22.896,-1.13138
22.898,-1.9156
22.9,-1.93815
22.902,-2.30441
22.904,-3.20744
22.906,-2.84097
22.908,-4.76891
22.91,-4.84158
22.912,-5.90205
22.914,-3.09134
22.916,-2.36736
22.918,-2.91497
22.92,-1.06388
22.922,-0.315056
22.924,-2.32563
22.926,-0.864433
22.928,-1.23874
22.93,-1.83135
22.932,-2.12772
22.934,-1.35586
22.936,-1.1711
22.938,-1.52777
22.94,-0.508835
22.942,-0.558838
22.944,-0.55402
22.946,-1.01201
22.948,2.64254
22.95,3.61359
22.952,3.23961
22.954,1.56352
22.956,1.20702
22.958,0.514578
22.96,0.537048
22.962,1.81464
22.964,1.37706
22.966,2.10707
22.968,-0.969581
22.97,-1.36768
22.972,-3.31242
22.974,-1.83284
22.976,-0.925103
22.978,-0.962864
22.98,-0.931069
22.982,0.184894
22.984,0.316462
22.986,-0.049053
22.988,-0.110071
22.99,-0.877215
22.992,-0.187469
22.994,-1.87648
22.996,-2.76132
22.998,-2.15458
23,-2.33408
23.002,-3.65198
23.004,-1.56738
23.006,-1.04189
23.008,1.07076
23.01,2.51066
23.012,2.63811
23.014,2.78001
23.016,1.96402
23.018,3.72623
23.02,1.0304
23.022,1.01439
23.024,2.58933
23.026,2.62529
23.028,2.05944
23.03,1.07144
23.032,0.166737
23.034,0.00588615
23.036,-0.300217
23.038,1.96446
23.04,-0.09308
23.042,0.929915
23.044,-0.183219
23.046,0.901003
23.048,1.21873
23.05,1.04117
23.052,-0.806378
23.054,0.401022
23.056,1.66404
23.058,1.89253
23.06,3.60307
23.062,2.11769
23.064,2.55348
23.066,2.64141
23.068,4.98912
23.07,2.29582
23.072,1.93383
23.074,0.986417
23.076,1.3746
23.078,1.26779
23.08,1.82799
23.082,1.51251
23.084,-1.20081
23.086,-0.701889
23.088,-0.510239
23.09,-0.591546
23.092,2.41722
23.094,0.297186
23.096,-0.323333
23.098,0.718133
23.1,2.60615
23.102,1.49971
23.104,2.93151
23.106,3.58061
23.108,3.43858
23.11,3.3417
23.112,-0.674921
23.114,-0.215179
23.116,0.129695
23.118,2.47754
23.12,1.32444
23.122,-0.0990864
23.124,-3.34111
23.126,-2.78199
23.128,-1.85903
23.13,-1.26033
23.132,0.182437
23.134,-0.453503
23.136,-0.78525
23.138,-3.08994
23.14,-5.5656
23.142,-2.3273
23.144,1.16482
23.146,0.646759
23.148,-0.353216
23.15,-1.10458
23.152,-0.401534
23.154,0.359785
23.156,0.878573
23.158,0.167812
23.16,0.34283
23.162,-0.959278
23.164,-0.123106
23.166,-2.06259
23.168,-2.17026
23.17,-1.13603
23.172,1.64108
23.174,-0.36443
23.176,-0.935201
23.178,-1.39759
23.18,-1.34437
23.182,-0.346828
23.184,0.546712
23.186,0.539999
23.188,-0.797755
23.19,-0.968585
23.192,1.05161
23.194,-0.384892
23.196,-0.226653
23.198,1.1234
23.2,1.40603
23.202,1.17646
23.204,0.469878
23.206,1.71898
23.208,0.333181
23.21,-0.979798
23.212,-1.91893
23.214,-2.17868
23.216,-2.89433
23.218,-1.09891
23.22,-0.239894
23.222,-0.870505
23.224,0.981567
23.226,-0.120815
23.228,0.569908
23.23,-0.265217
23.232,-1.4372
23.234,-1.2915
23.236,0.2614
23.238,-0.228022
23.24,-1.21776
23.242,-0.170301
23.244,0.343804
23.246,1.40281
23.248,1.67989
23.25,1.70543
23.252,1.73186
23.254,1.9958
23.256,3.62726
23.258,3.51871
23.26,1.39216
23.262,0.233385
23.264,-1.02722
23.266,-0.293439
23.268,-0.102169
23.27,0.399809
23.272,-0.848868
23.274,-2.76526
23.276,-2.44506
23.278,-1.31588
23.28,-1.04379
23.282,-0.364209
23.284,2.46569
23.286,1.27656
23.288,0.871687
23.29,-0.397714
23.292,-0.934754
23.294,0.210517
23.296,0.725968
23.298,1.04207
23.3,1.41549
23.302,-0.430934
23.304,-2.48731
23.306,-1.83685
23.308,-1.81533
23.31,-0.615592
23.312,1.5671
23.314,2.31035
23.316,2.75353
23.318,0.574678
23.32,0.762721
23.322,0.562583
23.324,-1.2517
23.326,0.753529
23.328,0.169209
23.33,2.06053
23.332,1.22296
23.334,3.51504
23.336,1.79352
23.338,3.81141
23.34,2.23361
23.342,1.8596
23.344,0.0199979
23.346,-0.814234
23.348,-0.117456
23.35,0.877718
23.352,-0.884986
23.354,-0.497985
23.356,-2.41673
23.358,-2.70994
23.36,-1.90953
23.362,-2.38098
23.364,-2.16372
23.366,-0.762417
23.368,1.52769
23.37,0.336934
23.372,-0.173
23.374,1.35274
23.376,2.34821
23.378,-0.244703
23.38,0.968774
23.382,1.66324
23.384,-1.35351
23.386,-1.14587
23.388,-1.08759
23.39,-2.13301
23.392,-2.31739
23.394,-1.84864
23.396,-2.30398
23.398,-0.888257
23.4,1.08384
23.402,0.525411
23.404,1.30492
23.406,1.31619
23.408,2.24385
23.41,2.1368
23.412,1.18489
23.414,-0.126988
23.416,-0.729165
23.418,-0.65567
23.42,0.172363
23.422,-0.88586
23.424,0.488814
23.426,1.47716
23.428,0.202927
23.43,-1.74413
23.432,-0.78056
23.434,-2.30971
23.436,-0.321975
23.438,-1.72463
23.44,0.716205
23.442,0.304943
23.444,1.35473
23.446,1.59261
23.448,-0.676586
23.45,0.993883
23.452,-0.332505
23.454,-0.973462
23.456,-2.17629
23.458,-3.53525
23.46,-3.0268
23.462,-0.803255
23.464,-0.046225
23.466,1.21784
23.468,1.27467
23.47,2.26342
23.472,0.747524
23.474,-0.8925
23.476,1.99368
23.478,0.308068
23.48,0.369127
23.482,-0.460351
23.484,-1.57573
23.486,-0.819212
23.488,-0.429534
23.49,0.00745498
23.492,2.04007
23.494,0.677363
23.496,0.460589
23.498,0.733695
23.5,2.56767
23.502,-0.0366584
23.504,0.403008
23.506,2.16706
23.508,1.03729
23.51,2.04657
23.512,0.759735
23.514,2.85285
23.516,1.38273
23.518,1.08191
23.52,0.233173
23.522,-0.539705
23.524,-2.74314
23.526,-2.22966
23.528,-2.19047
23.53,0.135195
23.532,-1.82693
23.534,0.876415
23.536,-0.41113
23.538,-1.0137
23.54,0.737844
23.542,2.71667
23.544,1.5321
23.546,1.31291
23.548,2.9296
23.55,1.86314
23.552,1.83057
23.554,-0.376892
23.556,0.149813
23.558,-0.425899
23.56,2.60534
23.562,0.295657
23.564,1.55434
23.566,-0.829427
23.568,0.84547
23.57,-1.32095
23.572,-1.03695
23.574,-0.0237057
23.576,0.420653
23.578,2.31629
23.58,1.52318
23.582,1.1651
23.584,-0.0452701
23.586,1.96914
23.588,2.98109
23.59,3.55888
23.592,1.97029
23.594,0.369722
23.596,0.00647194
23.598,1.71539
23.6,3.55488
23.602,1.59137
23.604,2.66521
23.606,0.808634
23.608,1.13787
23.61,1.65716
23.612,-0.351437
23.614,-0.305476
23.616,0.628719
23.618,0.0575041
23.62,0.850612
23.622,-1.23321
23.624,-0.730087
23.626,-0.220086
23.628,-0.267845
23.63,1.3767
23.632,-0.421878
23.634,-0.41113
23.636,-0.867477
23.638,-1.54549
23.64,-3.15933
23.642,-4.62257
23.644,-5.62496
23.646,-2.013
23.648,-3.72747
23.65,-1.80199
23.652,-0.899638
23.654,-2.38173
23.656,-2.14736
23.658,0.280108
23.66,-0.0217795
23.662,0.428076
23.664,1.42597
23.666,2.36117
23.668,1.1469
23.67,1.60217
23.672,3.08147
23.674,0.970699
23.676,-0.7777
23.678,0.688632
23.68,0.872313
23.682,-0.584348
23.684,-0.208446
23.686,-0.177462
23.688,1.88998
23.69,0.502631
23.692,-0.351784
23.694,1.29749
23.696,0.353424
23.698,2.28351
23.7,1.63407
23.702,2.61891
23.704,0.826776
23.706,-1.33719
23.708,0.831654
23.71,0.0467372
23.712,-0.900009
23.714,-1.69589
23.716,-2.82551
23.718,-1.58035
23.72,-3.55636
23.722,-2.23099
23.724,-1.40498
23.726,-1.54729
23.728,-2.7391
23.73,-0.891246
23.732,-0.169323
23.734,-1.03602
23.736,-1.186
23.738,-2.46634
23.74,0.584501
23.742,1.03053
23.744,0.187455
23.746,0.351538
23.748,2.92425
23.75,2.82739
23.752,1.52536
23.754,0.653906
23.756,2.76698
23.758,4.30321
23.76,3.50288
23.762,2.00382
23.764,1.63123
23.766,1.70411
23.768,-0.715359
23.77,0.740713
23.772,1.00834
23.774,-1.21014
23.776,-1.24574
23.778,-2.87858
23.78,-3.65734
23.782,-3.51007
23.784,-5.3712
23.786,-2.87627
23.788,-2.42504
23.79,-0.831641
23.792,0.986145
23.794,1.78435
23.796,0.22199
23.798,-1.5616
23.8,-2.31022
23.802,-1.44736
23.804,-0.359286
23.806,0.507673
23.808,0.550089
23.81,0.804827
23.812,0.325431
23.814,-0.326805
23.816,2.43043
23.818,2.35168
23.82,4.34564
23.822,4.8748
23.824,3.23232
23.826,3.81372
23.828,4.72786
23.83,3.41054
23.832,2.89662
23.834,4.90384
23.836,3.54394
23.838,1.54652
23.84,2.27742
23.842,0.769603
23.844,0.942402
23.846,3.32497
23.848,3.90716
23.85,5.03978
23.852,4.27985
23.854,2.13489
23.856,0.575952
23.858,-0.680956
23.86,-1.22337
23.862,-1.6104
23.864,-0.725594
23.866,-1.35091
23.868,-0.861866
23.87,0.025806
23.872,-0.496327
23.874,-4.35549
23.876,-4.69892
23.878,-2.93372
23.88,-3.97655
23.882,-3.26941
23.884,0.413927
23.886,0.150875
23.888,0.455621
23.89,1.22318
23.892,0.790182
23.894,-0.0338498
23.896,1.76968
23.898,3.55515
23.9,2.15017
23.902,3.32044
23.904,4.27307
23.906,3.54902
23.908,4.04411
23.91,1.76294
23.912,1.09852
23.914,1.68372
23.916,0.163168
23.918,-0.875445
23.92,-0.383329
23.922,0.285457
23.924,1.4856
23.926,1.45005
23.928,-1.82211
23.93,-0.89686
23.932,-1.09404
23.934,-0.732802
23.936,0.166843
23.938,-0.773191
23.94,-1.42918
23.942,0.515244
23.944,-2.97362
23.946,-2.65349
23.948,-1.00869
23.95,-0.673839
23.952,0.203449
23.954,-1.54667
23.956,-1.61835
23.958,-0.705061
23.96,-0.938262
23.962,-0.977397
23.964,-1.11462
23.966,-1.83838
23.968,-2.04168
23.97,-1.74533
23.972,0.611328
23.974,-0.229583
23.976,-1.30751
23.978,0.604965
23.98,-0.0943096
23.982,0.122751
23.984,2.49892
23.986,1.50516
23.988,1.65531
23.99,0.859867
23.992,2.96393
23.994,3.13739
23.996,0.286109
23.998,-2.15063
24,-0.0480832
24.002,2.31954
24.004,2.44433
24.006,1.75246
24.008,1.50743
24.01,1.31505
24.012,0.703499
24.014,1.92903
24.016,1.26884
24.018,0.71703
24.02,0.747994
24.022,1.49392
24.024,1.92629
24.026,2.95412
24.028,1.65226
24.03,-0.614415
24.032,-0.441497
24.034,1.07958
24.036,3.21486
24.038,2.15862
24.04,-0.604316
24.042,-1.38922
24.044,-0.656426
24.046,-0.9001
24.048,-0.115344
24.05,0.969021
24.052,-1.19184
24.054,0.166268
24.056,-0.482811
24.058,-0.930842
24.06,-0.476436
24.062,-0.500094
24.064,-0.657236
24.066,-0.384676
24.068,2.05148
24.07,0.892434
24.072,-0.0916356
24.074,-0.0816314
24.076,-1.37126
24.078,-2.68979
24.08,-2.26583
24.082,-2.03133
24.084,0.157089
24.086,-2.46421
24.088,-2.07581
24.09,-0.424534
24.092,0.900594
24.094,1.81626
24.096,2.14801
24.098,0.0497391
24.1,0.516904
24.102,1.12057
24.104,3.53131
24.106,1.45696
24.108,-0.860189
24.11,-2.83708
24.112,-3.84705
24.114,-1.59345
24.116,0.206814
24.118,-0.787914
24.12,1.36706
24.122,2.61376
24.124,4.85667
24.126,3.15103
24.128,1.00551
24.13,1.59458
24.132,1.66319
24.134,0.157124
24.136,0.131087
24.138,-0.572694
24.14,-0.346135
24.142,-0.716884
24.144,0.599432
24.146,0.993411
24.148,1.13198
24.15,-0.498128
24.152,0.256915
24.154,-0.0924116
24.156,-1.52305
24.158,-1.54977
24.16,-1.53834
24.162,0.864968
24.164,0.373937
24.166,0.00190018
24.168,-1.35262
24.17,-3.55558
24.172,-3.35223
24.174,-1.71253
24.176,1.87803
24.178,0.760187
24.18,-0.0233675
24.182,3.23452
24.184,2.27984
24.186,2.2774
24.188,1.56609
24.19,2.03724
24.192,2.36184
24.194,0.736496
24.196,-1.76327
24.198,-1.46508
24.2,1.03088
24.202,1.09162
24.204,2.56561
24.206,3.39247
24.208,2.65563
24.21,1.37796
24.212,0.691476
24.214,-1.17964
24.216,-0.295304
24.218,-0.499263
24.22,0.130112
24.222,0.717951
24.224,0.391844
24.226,-0.55073
24.228,-0.388352
24.23,0.440067
24.232,0.891951
24.234,0.811962
24.236,0.0477289
24.238,2.04971
24.24,2.93905
24.242,1.64338
24.244,0.270695
24.246,1.17167
24.248,4.38231
24.25,3.95888
24.252,3.87917
24.254,2.84065
24.256,2.36013
24.258,3.32526
24.26,2.28534
24.262,0.754873
24.264,0.594931
24.266,2.24285
24.268,1.30854
24.27,1.91937
24.272,2.06945
24.274,0.680796
24.276,1.18663
24.278,0.989431
24.28,2.23767
24.282,-1.64743
24.284,-1.76633
24.286,-1.09487
24.288,-2.57981
24.29,-2.35585
24.292,-1.13195
24.294,0.710261
24.296,0.762786
24.298,0.759694
24.3,-0.243563
24.302,0.176378
24.304,-0.700728
24.306,-1.18897
24.308,-1.78522
24.31,-2.85463
24.312,-0.191453
24.314,0.654453
24.316,0.268237
24.318,-0.0251838
24.32,2.47291
24.322,2.4407
24.324,2.67953
24.326,1.80979
24.328,0.533251
24.33,-0.6299
24.332,-2.02325
24.334,-2.64093
24.336,-2.68305
24.338,-2.26972
24.34,-2.25421
24.342,-2.16102
24.344,-0.413496
24.346,-0.915471
24.348,-1.13666
24.35,-0.954978
24.352,-0.0985167
24.354,1.05182
24.356,-0.00107241
24.358,-0.586065
24.36,1.01528
24.362,0.629462
24.364,3.32568
24.366,3.16135
24.368,2.35905
24.37,2.75006
24.372,1.19167
24.374,1.10202
24.376,0.239446
24.378,0.214763
24.38,0.404134
24.382,-1.30168
24.384,-0.0597573
24.386,0.64387
24.388,-0.260649
24.39,-1.87263
24.392,0.950737
24.394,-0.185141
24.396,-0.658335
24.398,-3.20749
24.4,-1.17974
24.402,-0.417295
24.404,1.59914
24.406,1.77613
24.408,3.67679
24.41,2.30827
24.412,1.79327
24.414,1.58007
24.416,0.704347
24.418,0.708464
24.42,0.880555
24.422,0.403054
24.424,-0.687717
24.426,-0.852584
24.428,-3.2261
24.43,-2.92526
24.432,-0.8216
24.434,-1.51315
24.436,-0.769694
24.438,-1.42144
24.44,0.342744
24.442,-0.274216
24.444,0.179871
24.446,-0.792599
24.448,1.2894
24.45,-0.31364
24.452,0.0118877
24.454,3.76804
24.456,3.73908
24.458,4.94433
24.46,5.23963
24.462,1.31924
24.464,0.692982
24.466,1.91457
24.468,3.75782
24.47,2.48453
24.472,2.71006
24.474,2.15678
24.476,-0.683351
24.478,-0.243862
24.48,0.409489
24.482,1.18114
24.484,-1.9809
24.486,-2.82243
24.488,-2.04346
24.49,-0.173606
24.492,1.86787
24.494,2.25495
24.496,-1.30952
24.498,0.952621
24.5,1.2537
24.502,3.38285
24.504,1.14746
24.506,2.09534
24.508,2.71767
24.51,2.89723
24.512,1.62437
24.514,1.54688
24.516,3.35348
24.518,2.48169
24.52,1.14087
24.522,1.6766
24.524,1.01096
24.526,-0.10836
24.528,-1.47007
24.53,1.79938
24.532,-0.209748
24.534,2.48804
24.536,2.07836
24.538,1.82093
24.54,3.18883
24.542,-0.319723
24.544,-0.588335
24.546,2.38661
24.548,1.87604
24.55,1.41145
24.552,1.63906
24.554,2.9375
24.556,1.90464
24.558,0.714358
24.56,2.56507
24.562,1.33181
24.564,-3.80633
24.566,-2.23656
24.568,-3.44047
24.57,-3.28867
24.572,-2.66031
24.574,-0.364217
24.576,1.73626
24.578,-0.0163147
24.58,-0.615499
24.582,-0.227154
24.584,3.08854
24.586,-0.540956
24.588,-2.31521
24.59,-1.47656
24.592,-1.73402
24.594,-0.188167
24.596,0.383578
24.598,0.733025
24.6,1.24226
24.602,1.13446
24.604,1.1601
24.606,1.05984
24.608,0.395564
24.61,1.90623
24.612,2.7018
24.614,3.04958
24.616,1.76085
24.618,0.885672
24.62,0.247293
24.622,0.0854317
24.624,-0.446554
24.626,-0.943344
24.628,-2.1312
24.63,-0.0702837
24.632,-1.9634
24.634,-2.39083
24.636,-0.419781
24.638,-1.28113
24.64,-1.77383
24.642,0.311186
24.644,-0.9669
24.646,-2.00772
24.648,0.435796
24.65,-0.510095
24.652,-0.926203
24.654,-2.05305
24.656,-2.00192
24.658,-1.42389
24.66,-2.02533
24.662,-3.37196
24.664,-0.340251
24.666,-0.703509
24.668,-3.18923
24.67,-4.49689
24.672,-3.78549
24.674,-1.98766
24.676,-1.0848
24.678,1.73608
24.68,0.404487
24.682,0.134326
24.684,-1.96132
24.686,-1.18153
24.688,-1.76048
24.69,-3.71471
24.692,-0.493465
24.694,-0.953191
24.696,0.871088
24.698,0.61092
24.7,1.39617
24.702,1.11145
24.704,2.48763
24.706,2.16919
24.708,3.66908
24.71,0.0791842
24.712,-0.646027
24.714,-4.19157
24.716,-1.7505
24.718,0.283837
24.72,1.27845
24.722,2.79504
24.724,-0.922027
24.726,0.702161
24.728,-2.0264
24.73,-0.241445
24.732,-1.33142
24.734,0.310582
24.736,-1.49931
24.738,-2.70752
24.74,-3.77467
24.742,-3.84141
24.744,-2.11889
24.746,0.0295673
24.748,0.282058
24.75,-0.376177
24.752,2.3401
24.754,0.181144
24.756,-0.120883
24.758,0.352795
24.76,-0.0942532
24.762,0.00863553
24.764,0.357584
24.766,1.75743
24.768,2.73408
24.77,0.569496
24.772,1.06317
24.774,4.80399
24.776,4.6196
24.778,3.26669
24.78,1.86514
24.782,2.55345
24.784,2.03796
24.786,2.35097
24.788,1.27795
24.79,2.82331
24.792,1.66577
24.794,2.90155
24.796,0.90302
24.798,-2.05806
24.8,-1.94804
24.802,-0.227507
24.804,3.22565
24.806,3.10023
24.808,2.42617
24.81,1.99807
24.812,2.1821
24.814,3.27017
24.816,4.64197
24.818,3.97976
24.82,4.72053
24.822,5.29043
24.824,4.59161
24.826,4.56807
24.828,3.25524
24.83,1.86402
24.832,2.76672
24.834,-0.880273
24.836,-1.79817
24.838,-1.00733
24.84,-0.309232
24.842,-0.498328
24.844,0.111262
24.846,-0.792062
24.848,0.828053
24.85,1.30932
24.852,-1.58815
24.854,-0.729498
24.856,-0.547608
24.858,-2.11022
24.86,-3.29878
24.862,-1.29491
24.864,-0.476798
24.866,0.397493
24.868,0.546108
24.87,2.60792
24.872,2.43897
24.874,2.03621
24.876,-0.673189
24.878,1.29654
24.88,2.11929
24.882,3.17281
24.884,5.01063
24.886,1.4331
24.888,1.40236
24.89,1.38782
24.892,0.309178
24.894,-2.79743
24.896,0.678138
24.898,-0.251919
24.9,0.222221
24.902,-1.73307
24.904,-1.26892
24.906,-0.846795
24.908,-2.57206
24.91,-1.75326
24.912,-3.03877
24.914,-1.13264
24.916,-1.26758
24.918,-0.238393
24.92,-0.255129
24.922,-1.40547
24.924,-0.0921732
24.926,-1.93656
24.928,-0.560967
24.93,-1.62493
24.932,-2.97729
24.934,-1.48996
24.936,1.27877
24.938,1.96741
24.94,1.75452
24.942,0.784111
24.944,-2.02679
24.946,-1.94155
24.948,-4.07502
24.95,-6.63653
24.952,-5.99456
24.954,-5.13092
24.956,-1.27187
24.958,0.198905
24.96,-0.600565
24.962,-0.369221
24.964,-0.192723
24.966,-3.70239
24.968,-2.01673
24.97,-1.27252
24.972,1.99726
24.974,0.768752
24.976,1.74181
24.978,2.35885
24.98,0.922144
24.982,1.82776
24.984,0.809012
24.986,1.12436
24.988,-0.300771
24.99,1.22741
24.992,0.632893
24.994,-1.30943
24.996,-1.57116
24.998,-2.75034
25,-0.49701
25.002,-1.78739
25.004,-2.50111
25.006,0.850943
25.008,1.25634
25.01,0.730689
25.012,-2.15824
25.014,-0.479701
25.016,-0.790476
25.018,-3.15346
25.02,-2.34648
25.022,-1.88405
25.024,0.47727
25.026,-0.16712
25.028,1.50903
25.03,1.57985
25.032,0.230451
25.034,-1.44307
25.036,-0.87327
25.038,-0.668102
25.04,1.79381
25.042,1.1017
25.044,2.55686
25.046,1.2119
25.048,2.34553
25.05,3.62291
25.052,3.0572
25.054,3.47966
25.056,3.91205
25.058,4.24245
25.06,1.74548
25.062,-0.522241
25.064,-1.14123
25.066,0.180789
25.068,-1.44277
25.07,-1.24942
25.072,0.387622
25.074,-0.243345
25.076,0.648257
25.078,0.844814
25.08,-0.226544
25.082,0.581599
25.084,0.88762
25.086,1.57356
25.088,1.88294
25.09,3.39507
25.092,0.326276
25.094,1.31006
25.096,1.28475
25.098,1.38635
25.1,1.3875
25.102,2.34983
25.104,0.83352
25.106,-1.19155
25.108,-1.28669
25.11,-1.35598
25.112,-2.0432
25.114,-2.23781
25.116,-1.30681
25.118,-3.94613
25.12,-1.3968
25.122,-0.464689
25.124,0.330349
25.126,0.255416
25.128,-0.564207
25.13,-0.189405
25.132,0.8967
25.134,-0.889365
25.136,-1.68473
25.138,-0.238496
25.14,-1.09829
25.142,-0.0404195
25.144,-3.43825
25.146,-1.57517
25.148,-2.03139
25.15,1.53815
25.152,4.25403
25.154,3.54165
25.156,3.55791
25.158,4.96861
25.16,3.29685
25.162,3.76844
25.164,4.86836
25.166,3.04001
25.168,3.10798
25.17,2.71722
25.172,1.62906
25.174,-0.121867
25.176,-0.594904
25.178,0.213546
25.18,-0.244099
25.182,1.32005
25.184,1.41456
25.186,0.420987
25.188,-0.321313
25.19,-1.45365
25.192,0.871424
25.194,0.0258384
25.196,-1.41035
25.198,0.218561
25.2,-0.11821
25.202,-0.859506
25.204,-1.619
25.206,-1.84929
25.208,-1.68742
25.21,-1.67998
25.212,1.26232
25.214,0.740429
25.216,2.03268
25.218,-1.62877
25.22,-3.64775
25.222,-2.40034
25.224,-3.47327
25.226,-4.13837
25.228,-1.3986
25.23,-2.20261
25.232,-2.29166
25.234,0.186216
25.236,2.42532
25.238,4.01338
25.24,2.6954
25.242,1.16131
25.244,1.95992
25.246,1.38157
25.248,0.170802
25.25,0.887385
25.252,0.803622
25.254,-1.64315
25.256,-0.773596
25.258,-1.57915
25.26,-1.71743
25.262,-1.6293
25.264,-2.40175
25.266,-2.39944
25.268,-0.994931
25.27,-1.26397
25.272,-0.334725
25.274,1.16657
25.276,2.05449
25.278,3.14268
25.28,-0.129017
25.282,1.18085
25.284,-0.0127614
25.286,-0.189077
25.288,-1.76517
25.29,-0.900417
25.292,1.27447
25.294,1.06747
25.296,0.180081
25.298,-2.67605
25.3,-2.87315
25.302,-2.18914
25.304,-2.50585
25.306,-2.32653
25.308,-1.33648
25.31,0.448952
25.312,-1.91862
25.314,-2.17065
25.316,0.536424
25.318,0.523751
25.32,0.0566668
25.322,-0.757701
25.324,1.00403
25.326,1.36998
25.328,1.49132
25.33,1.0308
25.332,-0.966518
25.334,-0.447649
25.336,0.580603
25.338,1.88978
25.34,0.229705
25.342,-0.30876
25.344,-1.6621
25.346,-1.55912
25.348,1.16384
25.35,0.789468
25.352,0.833565
25.354,-0.181314
25.356,-2.24715
25.358,-3.53364
25.36,-4.57301
25.362,-5.11351
25.364,-2.34798
25.366,-2.09505
25.368,-0.459362
25.37,-0.409485
25.372,1.75003
25.374,1.2474
25.376,0.377992
25.378,0.361372
25.38,2.20636
25.382,1.54128
25.384,2.27649
25.386,3.20752
25.388,2.24619
25.39,1.03209
25.392,1.70017
25.394,-1.80703
25.396,-3.73742
25.398,-4.34435
25.4,-4.0148
25.402,-3.75987
25.404,-3.68546
25.406,-3.05439
25.408,-2.30031
25.41,-0.553183
25.412,-1.40473
25.414,-1.17452
25.416,-0.89712
25.418,0.728489
25.42,0.218715
25.422,3.46626
25.424,1.47454
25.426,2.10491
25.428,3.34379
25.43,0.616441
25.432,0.879552
25.434,1.92518
25.436,2.94221
25.438,0.876688
25.44,-1.19422
25.442,0.398219
25.444,1.81101
25.446,0.791792
25.448,1.06224
25.45,-0.302919
25.452,-0.582872
25.454,-1.26098
25.456,-0.992167
25.458,-0.688915
25.46,-0.557612
25.462,-0.732041
25.464,-1.26205
25.466,-0.779068
25.468,0.923093
25.47,1.02361
25.472,3.00733
25.474,2.35281
25.476,2.82411
25.478,0.49388
25.48,3.45282
25.482,3.82149
25.484,2.03381
25.486,1.47025
25.488,1.801
25.49,0.817653
25.492,-0.273995
25.494,-0.735908
25.496,1.99918
25.498,1.22594
25.5,-0.110963
25.502,0.960684
25.504,0.105444
25.506,-0.378983
25.508,-0.46743
25.51,-0.77211
25.512,-0.573376
25.514,-0.0959631
25.516,-0.212279
25.518,-0.0164897
25.52,1.34651
25.522,1.12729
25.524,1.11998
25.526,0.546818
25.528,0.0132961
25.53,0.917131
25.532,-0.19376
25.534,0.608643
25.536,1.29037
25.538,0.351843
25.54,0.832273
25.542,1.3068
25.544,2.33282
25.546,2.17261
25.548,1.69178
25.55,0.312381
25.552,-1.10789
25.554,-1.60346
25.556,-2.45417
25.558,-1.93878
25.56,0.972879
25.562,1.30624
25.564,-2.01796
25.566,-1.34559
25.568,-1.07096
25.57,-2.59308
25.572,-0.192474
25.574,0.459486
25.576,3.25374
25.578,1.27217
25.58,2.22035
25.582,-1.35612
25.584,0.0410856
25.586,0.307148
25.588,0.570542
25.59,-0.81986
25.592,-0.0858487
25.594,-0.469355
25.596,1.30789
25.598,0.130505
25.6,2.27072
25.602,1.59728
25.604,2.32274
25.606,2.82088
25.608,2.21046
25.61,1.48294
25.612,0.456021
25.614,-0.100734
25.616,0.479266
25.618,-0.120786
25.62,-0.961532
25.622,-0.50773
25.624,-1.05925
25.626,0.993211
25.628,0.246572
25.63,0.219216
25.632,-1.99331
25.634,-2.24538
25.636,-2.00019
25.638,-3.13956
25.64,-2.82283
25.642,-1.30187
25.644,-1.25485
25.646,1.42791
25.648,-0.383916
25.65,0.893556
25.652,-0.591253
25.654,0.832267
25.656,0.673192
25.658,-0.583274
25.66,-0.39958
25.662,2.51406
25.664,0.129997
25.666,-1.05456
25.668,0.448434
25.67,-1.73201
25.672,-2.83941
25.674,-4.56631
25.676,-3.35872
25.678,-3.88915
25.68,-1.95454
25.682,-1.84278
25.684,-2.24456
25.686,-3.7438
25.688,-3.45843
25.69,-2.07769
25.692,0.316925
25.694,0.926715
25.696,0.323833
25.698,-0.123659
25.7,-1.09971
25.702,-2.88418
25.704,-3.70522
25.706,-3.01022
25.708,-5.44918
25.71,-7.2747
25.712,-2.89479
25.714,-2.41078
25.716,-0.367144
25.718,0.694318
25.72,2.33641
25.722,0.96183
25.724,2.96423
25.726,3.19599
25.728,1.93009
25.73,1.99534
25.732,2.15912
25.734,2.44498
25.736,3.56029
25.738,0.700164
25.74,-1.77864
25.742,-4.42663
25.744,-3.51529
25.746,-2.40158
25.748,-1.72661
25.75,-0.13339
25.752,-0.121208
25.754,0.589685
25.756,-0.429675
25.758,-2.07685
25.76,-0.451469
25.762,-1.68941
25.764,-3.51767
25.766,-3.5078
25.768,-2.16116
25.77,-1.06761
25.772,-0.196311
25.774,1.8113
25.776,0.74452
25.778,2.03465
25.78,0.619894
25.782,-0.220753
25.784,1.07956
25.786,2.05748
25.788,3.18538
25.79,6.94699
25.792,4.12468
25.794,5.69175
25.796,3.01207
25.798,2.16438
25.8,3.48953
25.802,1.68727
25.804,0.556094
25.806,1.71891
25.808,2.74479
25.81,1.84952
25.812,0.825503
25.814,-0.135292
25.816,0.490844
25.818,1.65993
25.82,1.18004
25.822,1.67582
25.824,-0.154068
25.826,-1.22147
25.828,-0.610305
25.83,0.907501
25.832,0.41496
25.834,0.966284
25.836,-0.189873
25.838,-1.49194
25.84,-1.86144
25.842,-1.1878
25.844,-2.05623
25.846,-0.803867
25.848,1.08227
25.85,1.14788
25.852,0.295428
25.854,0.83631
25.856,-1.76662
25.858,1.42364
25.86,2.01823
25.862,4.61172
25.864,5.74559
25.866,3.31579
25.868,3.93316
25.87,3.41967
25.872,4.30635
25.874,4.08116
25.876,3.11436
25.878,1.60875
25.88,1.31138
25.882,1.01957
25.884,1.94709
25.886,0.844813
25.888,1.17722
25.89,-0.978581
25.892,-0.852215
25.894,-0.845056
25.896,1.00429
25.898,2.03834
25.9,-0.469432
25.902,-0.341084
25.904,-0.869349
25.906,-1.61543
25.908,0.218207
25.91,-0.75349
25.912,0.00821368
25.914,-0.836001
25.916,0.333047
25.918,-1.34456
25.92,-1.79614
25.922,-3.58777
25.924,-3.46868
25.926,-2.60386
25.928,-3.57282
25.93,-2.13554
25.932,-4.41898
25.934,-3.03769
25.936,-0.00661867
25.938,1.39158
25.94,0.0681208
25.942,-2.6461
25.944,-0.145981
25.946,1.21521
25.948,1.2408
25.95,0.665903
25.952,0.215077
25.954,-1.66765
25.956,-1.69647
25.958,-0.417259
25.96,1.03078
25.962,0.1439
25.964,0.931572
25.966,-1.2518
25.968,-1.25287
25.97,-1.05802
25.972,-0.34021
25.974,-2.13927
25.976,-0.724358
25.978,1.35295
25.98,-1.25424
25.982,1.17631
25.984,0.148591
25.986,0.510405
25.988,0.976915
25.99,-0.48808
25.992,-1.81947
25.994,-1.64992
25.996,-0.427668
25.998,-1.86187
26,-3.12466
26.002,-3.0906
26.004,-1.27333
26.006,-1.39337
26.008,-3.1994
26.01,-2.37589
26.012,-3.42397
26.014,-4.50253
26.016,-1.07729
26.018,-0.781275
26.02,-1.8687
26.022,0.151261
26.024,-0.612892
26.026,-0.877979
26.028,-1.09554
26.03,-3.00362
26.032,-2.51567
26.034,-2.9459
26.036,-4.35138
26.038,-3.44207
26.04,-0.530881
26.042,-2.02256
26.044,-1.15969
26.046,-0.511307
26.048,0.979278
26.05,1.60193
26.052,1.55821
26.054,2.25442
26.056,3.40048
26.058,2.44671
26.06,1.65229
26.062,1.06058
26.064,0.428554
26.066,0.108067
26.068,2.67035
26.07,2.72975
26.072,1.34732
26.074,1.40032
26.076,2.2343
26.078,1.15251
26.08,1.73001
26.082,-1.91133
26.084,-1.42311
26.086,-0.953236
26.088,-1.85368
26.09,-2.46841
26.092,-1.34422
26.094,-1.4542
26.096,-1.6774
26.098,-2.29958
26.1,0.348657
26.102,2.32696
26.104,2.17681
26.106,1.43389
26.108,3.2537
26.11,1.75576
26.112,2.74286
26.114,1.11288
26.116,-0.165654
26.118,0.211451
26.12,1.81318
26.122,2.12658
26.124,0.314566
26.126,2.04862
26.128,-0.95185
26.13,-1.38654
26.132,1.23925
26.134,1.24817
26.136,0.00362296
26.138,-1.83848
26.14,-2.6603
26.142,-3.12974
26.144,-1.16849
26.146,1.59052
26.148,0.639523
26.15,-1.11429
26.152,-0.592659
26.154,1.51051
26.156,1.69227
26.158,2.5264
26.16,-0.232526
26.162,2.71219
26.164,3.19328
26.166,1.65755
26.168,2.21812
26.17,0.169025
26.172,0.292478
26.174,-1.89098
26.176,-3.04413
26.178,-2.92776
26.18,-1.31902
26.182,-0.31694
26.184,0.651579
26.186,0.498428
26.188,1.67707
26.19,1.52
26.192,0.959826
26.194,-0.793529
26.196,-1.25779
26.198,-0.610704
26.2,-0.683278
26.202,-0.901822
26.204,2.11001
26.206,2.02647
26.208,1.8773
26.21,-0.140897
26.212,-2.18149
26.214,-2.70465
26.216,-1.3406
26.218,-2.33379
26.22,0.0978301
26.222,2.09239
26.224,4.15764
26.226,1.64579
26.228,2.6285
26.23,1.12246
26.232,3.39858
26.234,4.53215
26.236,2.65654
26.238,-0.0740524
26.24,1.01071
26.242,-0.658941
26.244,-3.14574
26.246,-1.68935
26.248,0.483341
26.25,-2.15337
26.252,-1.19595
26.254,-1.18406
26.256,-2.01988
26.258,-3.31048
26.26,-3.44566
26.262,-2.12117
26.264,-1.78396
26.266,0.310902
26.268,1.2066
26.27,0.848935
26.272,-0.500118
26.274,0.889492
26.276,0.264917
26.278,1.149
26.28,0.969722
26.282,0.574243
26.284,-0.345648
26.286,-0.870957
26.288,-1.11446
26.29,-0.357184
26.292,0.816435
26.294,1.63536
26.296,-0.610978
26.298,0.411728
26.3,2.52187
26.302,1.44575
26.304,-0.811751
26.306,-2.51908
26.308,-3.1615
26.31,-3.42604
26.312,-2.58954
26.314,-0.477193
26.316,-2.28981
26.318,-1.11207
26.32,-0.644684
26.322,-1.66568
26.324,-0.610582
26.326,-3.09939
26.328,-2.39401
26.33,0.544705
26.332,-0.75669
26.334,-0.84184
26.336,-1.0045
26.338,-0.379067
26.34,0.0259535
26.342,-1.27898
26.344,0.863767
26.346,-1.15579
26.348,0.90186
26.35,4.04887
26.352,4.61483
26.354,3.82379
26.356,1.76625
26.358,1.68602
26.36,-0.496105
26.362,-1.65052
26.364,-1.87901
26.366,-0.590004
26.368,0.13104
26.37,0.315377
26.372,-0.47797
26.374,1.2931
26.376,0.0314827
26.378,0.684951
26.38,1.53863
26.382,1.48037
26.384,0.0862867
26.386,0.647743
26.388,-0.268094
26.39,-0.804955
26.392,1.31171
26.394,0.414315
26.396,2.10509
26.398,2.6775
26.4,1.62867
26.402,1.55348
26.404,0.0727043
26.406,1.66634
26.408,1.0088
26.41,-1.49901
26.412,-0.492736
26.414,-0.85099
26.416,-1.44996
26.418,-1.86995
26.42,-1.04986
26.422,-0.529187
26.424,0.957064
26.426,-1.36245
26.428,-1.10484
26.43,0.0745926
26.432,0.275572
26.434,-1.82044
26.436,-0.757812
26.438,-1.58869
26.44,-0.162255
26.442,-0.740938
26.444,-2.65564
26.446,-2.83017
26.448,-0.808118
26.45,0.34887
26.452,-1.37888
26.454,-2.29828
26.456,-0.656822
26.458,-1.04366
26.46,1.14112
26.462,1.26844
26.464,-0.546112
26.466,-1.28335
26.468,1.56233
26.47,2.37406
26.472,2.75652
26.474,2.4963
26.476,-0.45508
26.478,0.393962
26.48,0.794604
26.482,0.021708
26.484,0.506489
26.486,0.436136
26.488,0.19437
26.49,1.11027
26.492,2.41395
26.494,1.75871
26.496,-0.21349
26.498,0.992057
26.5,0.189426
26.502,-0.462323
26.504,-1.00052
26.506,-0.25183
26.508,0.5729
26.51,-0.261293
26.512,-0.61781
26.514,-1.64278
26.516,-0.863793
26.518,-0.959147
26.52,0.966975
26.522,1.45522
26.524,3.6382
26.526,4.4843
26.528,3.29506
26.53,0.0769351
26.532,1.11185
26.534,1.54048
26.536,-0.425462
26.538,0.79656
26.54,0.95495
26.542,-0.491357
26.544,0.109109
26.546,-2.54319
26.548,-0.439636
26.55,-0.98815
26.552,-0.296137
26.554,-0.288738
26.556,0.0804033
26.558,1.17497
26.56,0.361217
26.562,-1.67975
26.564,-1.28495
26.566,-2.52335
26.568,-0.688349
26.57,0.493419
26.572,0.608829
26.574,1.82282
26.576,-0.467329
26.578,-0.784069
26.58,1.46757
26.582,-1.74768
26.584,-2.20979
26.586,-1.5717
26.588,-1.5891
26.59,-0.622549
26.592,-2.64496
26.594,-2.13543
26.596,-4.86623
26.598,-2.62305
26.6,-3.20729
26.602,-0.396889
26.604,0.426386
26.606,1.67206
26.608,1.47195
26.61,1.86287
26.612,0.394132
26.614,-1.34987
26.616,-1.40068
26.618,-2.68163
26.62,-0.975506
26.622,-2.5702
26.624,-2.48518
26.626,-0.00811122
26.628,3.37989
26.63,0.91927
26.632,2.73172
26.634,3.61886
26.636,2.68374
26.638,0.154692
26.64,0.564741
26.642,1.61504
26.644,-1.20599
26.646,-1.45471
26.648,-1.70145
26.65,-0.354793
26.652,-0.570625
26.654,-0.242276
26.656,0.112131
26.658,-0.00509443
26.66,-1.42085
26.662,-1.898
26.664,-1.5386
26.666,0.00349615
26.668,1.57319
26.67,1.52426
26.672,2.21856
26.674,-0.614793
26.676,-0.895068
26.678,-2.35389
26.68,-2.5466
26.682,-1.69704
26.684,-1.21528
26.686,0.137958
26.688,0.468261
26.69,-1.51159
26.692,-0.983416
26.694,-0.211256
26.696,1.25065
26.698,0.843728
26.7,-0.751716
26.702,-1.88302
26.704,-3.1852
26.706,-1.54721
26.708,0.814695
26.71,-0.290954
26.712,1.04637
26.714,0.5649
26.716,-0.458164
26.718,0.9408
26.72,0.60639
26.722,-0.624234
26.724,1.77111
26.726,1.96097
26.728,1.47131
26.73,1.17204
26.732,0.151801
26.734,0.903339
26.736,0.63751
26.738,1.46263
26.74,2.41865
26.742,1.05375
26.744,-0.331816
26.746,-0.206839
26.748,-0.70556
26.75,2.04303
26.752,1.6546
26.754,3.21666
26.756,2.32537
26.758,2.9427
26.76,3.01161
26.762,2.01424
26.764,2.54641
26.766,0.892109
26.768,-0.526278
26.77,-1.95912
26.772,-2.2281
26.774,-1.59995
26.776,-1.10052
26.778,-0.587698
26.78,0.563299
26.782,-2.07136
26.784,-1.07153
26.786,-1.18128
26.788,-1.53723
26.79,1.05925
26.792,1.23071
26.794,1.46649
26.796,1.7706
26.798,0.801252
26.8,-0.804781
26.802,-2.80176
26.804,-1.08531
26.806,-1.85104
26.808,-2.09359
26.81,-3.20719
26.812,-0.941043
26.814,0.511583
26.816,0.701588
26.818,2.11578
26.82,0.210774
26.822,-0.563674
26.824,-2.28428
26.826,-1.25863
26.828,-3.57646
26.83,-1.72423
26.832,-0.357056
26.834,-2.49867
26.836,-2.53515
26.838,-0.106138
26.84,-1.15749
26.842,-2.5082
26.844,-3.93137
26.846,-3.25602
26.848,-0.156022
26.85,1.22857
26.852,1.60715
26.854,0.775322
26.856,-0.309958
26.858,0.605688
26.86,1.51726
26.862,-0.95373
26.864,-0.490095
26.866,0.621806
26.868,2.18769
26.87,0.607307
26.872,0.781343
26.874,-0.447237
26.876,0.600414
26.878,1.05067
26.88,-0.290115
26.882,0.249115
26.884,0.622293
26.886,1.99904
26.888,1.39142
26.89,1.51346
26.892,1.96459
26.894,-1.04273
26.896,0.169073
26.898,0.600087
26.9,-0.32438
26.902,-0.606332
26.904,1.8182
26.906,3.42102
26.908,1.36973
26.91,-0.594609
26.912,1.75438
26.914,2.31775
26.916,1.2973
26.918,1.51013
26.92,3.67366
26.922,2.37717
26.924,3.27505
26.926,2.32302
26.928,1.98284
26.93,2.09948
26.932,-1.01788
26.934,1.63769
26.936,-0.224442
26.938,1.69634
26.94,0.269298
26.942,-2.38937
26.944,-1.62188
26.946,0.739946
26.948,0.552691
26.95,1.07754
26.952,1.08819
26.954,-2.32116
26.956,-1.0852
26.958,-1.91963
26.96,-0.208926
26.962,-0.710755
26.964,-1.40517
26.966,0.858512
26.968,0.175123
26.97,-0.758068
26.972,1.52943
26.974,1.97777
26.976,1.70338
26.978,1.85991
26.98,0.828071
26.982,1.70896
26.984,0.354787
26.986,-1.18692
26.988,-0.980088
26.99,0.220169
26.992,-0.324533
26.994,-2.03678
26.996,-3.17405
26.998,-0.642816
27,-0.450487
27.002,0.199167
27.004,1.11645
27.006,0.538333
27.008,2.07433
27.01,0.652042
27.012,0.996994
27.014,0.623083
27.016,1.08174
27.018,0.218275
27.02,0.135493
27.022,-1.45869
27.024,0.589971
27.026,-0.597784
27.028,-0.818484
27.03,-2.8675
27.032,-2.13
27.034,-2.15023
27.036,-0.76675
27.038,-2.77092
27.04,0.513296
27.042,0.809546
27.044,0.381422
27.046,-0.732408
27.048,-2.50289
27.05,-2.54548
27.052,-2.64512
27.054,0.316556
27.056,-0.962104
27.058,-0.217116
27.06,0.170183
27.062,-0.256452
27.064,-2.92445
27.066,-1.75842
27.068,-1.58719
27.07,-0.753437
27.072,2.1144
27.074,0.492202
27.076,1.44485
27.078,-1.37831
27.08,-2.24451
27.082,-0.718263
27.084,-2.00722
27.086,0.947356
27.088,2.46851
27.09,2.14674
27.092,2.16119
27.094,1.42078
27.096,0.634572
27.098,0.0310701
27.1,0.24963
27.102,-2.53111
27.104,-3.01367
27.106,-0.896929
27.108,0.130642
27.11,-1.8125
27.112,-1.27635
27.114,0.202606
27.116,0.102802
27.118,-1.88987
27.12,-2.79982
27.122,-3.81731
27.124,1.41179
27.126,2.79691
27.128,0.806055
27.13,2.25902
27.132,0.716716
27.134,-1.18605
27.136,-0.563432
27.138,-0.780454
27.14,1.20889
27.142,-1.99829
27.144,-0.128962
27.146,1.00234
27.148,2.15698
27.15,-0.241412
27.152,-0.986415
27.154,-1.95022
27.156,-1.67581
27.158,-2.4083
27.16,-1.80656
27.162,-3.31129
27.164,0.245813
27.166,-1.48349
27.168,-1.37079
27.17,0.348004
27.172,-2.78659
27.174,-0.994864
27.176,-0.705901
27.178,-0.0989902
27.18,-1.45643
27.182,-2.65683
27.184,-0.193001
27.186,2.79829
27.188,3.50438
27.19,1.76427
27.192,1.20572
27.194,2.12621
27.196,0.246356
27.198,-0.357614
27.2,1.80184
27.202,0.847752
27.204,0.715079
27.206,1.31067
27.208,0.621042
27.21,-0.162644
27.212,-1.05477
27.214,-3.0383
27.216,-3.89104
27.218,-1.96655
27.22,-0.13084
27.222,0.30318
27.224,0.543738
27.226,2.81552
27.228,3.67782
27.23,1.4971
27.232,-0.103616
27.234,0.267792
27.236,-0.0447398
27.238,-0.521996
27.24,-1.04774
27.242,-1.05153
27.244,-1.19906
27.246,-0.184719
27.248,0.57582
27.25,0.628401
27.252,-0.35437
27.254,-2.11746
27.256,-0.586093
27.258,-0.328839
27.26,-0.623693
27.262,1.0801
27.264,-0.445807
27.266,-0.500625
27.268,0.904192
27.27,1.16839
27.272,2.54072
27.274,-0.284343
27.276,0.925043
27.278,1.77934
27.28,0.252934
27.282,-2.42324
27.284,-2.38808
27.286,-3.69372
27.288,-3.06741
27.29,-2.19256
27.292,-0.718134
27.294,-0.914073
27.296,1.10309
27.298,0.686092
27.3,0.174323
27.302,-2.40561
27.304,-2.31389
27.306,-2.88649
27.308,-2.93093
27.31,-1.42498
27.312,-0.216725
27.314,-0.163171
27.316,-0.713443
27.318,0.624202
27.32,0.174535
27.322,1.97783
27.324,1.21994
27.326,0.696468
27.328,1.833
27.33,0.704455
27.332,1.03423
27.334,2.49541
27.336,0.317832
27.338,-0.835265
27.34,0.103939
27.342,-0.0108428
27.344,-3.66635
27.346,-2.20971
27.348,-1.40946
27.35,0.110334
27.352,1.57487
27.354,0.950935
27.356,-1.66562
27.358,-2.62671
27.36,0.384971
27.362,-0.65522
27.364,-0.598776
27.366,0.797073
27.368,0.733338
27.37,0.92416
27.372,1.5044
27.374,3.26969
27.376,1.16024
27.378,0.168538
27.38,1.01386
27.382,2.31149
27.384,1.23787
27.386,-0.139243
27.388,1.89467
27.39,1.14832
27.392,2.08312
27.394,2.46542
27.396,1.53681
27.398,3.34163
27.4,4.07705
27.402,3.58639
27.404,0.639518
27.406,1.12222
27.408,0.174601
27.41,2.02029
27.412,1.00082
27.414,0.857414
27.416,0.743783
27.418,1.37668
27.42,-0.264075
27.422,-0.187433
27.424,-0.893878
27.426,-2.2479
27.428,-2.67034
27.43,-1.11493
27.432,-1.52335
27.434,-1.42726
27.436,-1.7732
27.438,-1.55985
27.44,-1.20413
27.442,1.25425
27.444,0.572355
27.446,0.758709
27.448,1.06567
27.45,0.100371
27.452,-0.068799
27.454,1.90971
27.456,0.373941
27.458,0.953493
27.46,0.958896
27.462,3.64625
27.464,3.31362
27.466,2.3779
27.468,1.99325
27.47,0.19193
27.472,-0.143432
27.474,-0.105852
27.476,-1.30036
27.478,-1.39596
27.48,-1.49111
27.482,-0.672412
27.484,1.11941
27.486,1.23551
27.488,0.0680229
27.49,0.26712
27.492,-0.527586
27.494,-1.41921
27.496,-1.24567
27.498,-3.16305
27.5,-2.43985
27.502,-0.505172
27.504,1.36203
27.506,0.161679
27.508,-0.118961
27.51,-0.731971
27.512,0.149603
27.514,0.427454
27.516,-1.02228
27.518,-0.031362
27.52,0.137323
27.522,0.742672
27.524,-0.0524016
27.526,-0.566021
27.528,0.0148883
27.53,-0.341158
27.532,-0.928367
27.534,-1.30227
27.536,0.138077
27.538,0.611833
27.54,0.120312
27.542,0.158713
27.544,1.87847
27.546,0.260503
27.548,-1.32152
27.55,0.646196
27.552,1.39871
27.554,-2.18223
27.556,-0.243715
27.558,1.02317
27.56,0.390757
27.562,1.35454
27.564,2.64895
27.566,-0.0637965
27.568,-1.47822
27.57,-0.870644
27.572,-0.157244
27.574,-0.122137
27.576,-1.75396
27.578,-0.320805
27.58,1.32395
27.582,0.179269
27.584,-0.694387
27.586,0.509177
27.588,0.502916
27.59,-0.772933
27.592,-1.18792
27.594,-0.779843
27.596,-0.788361
27.598,-1.19039
27.6,-0.611212
27.602,0.813553
27.604,3.19945
27.606,2.36999
27.608,3.07662
27.61,0.373564
27.612,0.488345
27.614,-0.349512
27.616,-1.82718
27.618,-0.0536519
27.62,1.06138
27.622,-0.0529932
27.624,-0.682971
27.626,1.44338
27.628,1.16039
27.63,1.80293
27.632,4.23938
27.634,1.64306
27.636,0.542126
27.638,-1.15956
27.64,-2.51855
27.642,-1.89075
27.644,-4.37884
27.646,-3.95307
27.648,-1.92395
27.65,-1.43997
27.652,0.146206
27.654,2.39467
27.656,2.37146
27.658,0.148379
27.66,-0.292998
27.662,-0.272073
27.664,-1.07021
27.666,-2.85359
27.668,-2.98439
27.67,-2.15037
27.672,-1.489
27.674,1.17499
27.676,2.49306
27.678,2.07925
27.68,2.14828
27.682,0.113759
27.684,2.31616
27.686,1.74723
27.688,0.185738
27.69,0.97479
27.692,1.53932
27.694,0.41063
27.696,0.494555
27.698,1.22354
27.7,-1.10903
27.702,-0.419439
27.704,0.40423
27.706,1.70662
27.708,-1.62902
27.71,-0.314892
27.712,-2.13932
27.714,-1.77782
27.716,-1.56594
27.718,-3.46197
27.72,-3.21595
27.722,-0.391165
27.724,-0.830054
27.726,0.299159
27.728,-0.362726
27.73,0.720792
27.732,0.973346
27.734,1.25699
27.736,1.84002
27.738,-0.964033
27.74,-0.951666
27.742,0.89721
27.744,0.221244
27.746,0.628977
27.748,1.40749
27.75,1.97315
27.752,0.612072
27.754,1.92674
27.756,1.49881
27.758,0.967711
27.76,0.899309
27.762,-2.28187
27.764,-3.53025
27.766,-3.84972
27.768,-2.97015
27.77,-2.91706
27.772,-2.46246
27.774,-3.54583
27.776,-1.81518
27.778,-2.71369
27.78,-1.43197
27.782,-0.784656
27.784,-1.95462
27.786,-0.40713
27.788,1.38902
27.79,2.62629
27.792,1.77306
27.794,-0.179232
27.796,-0.267768
27.798,0.065677
27.8,1.58798
27.802,0.527762
27.804,0.446091
27.806,1.61961
27.808,-0.272341
27.81,2.57139
27.812,0.619305
27.814,1.17735
27.816,2.39847
27.818,2.63983
27.82,0.208032
27.822,0.429458
27.824,0.400939
27.826,0.574423
27.828,0.965736
27.83,2.23772
27.832,2.44514
27.834,3.12759
27.836,3.22708
27.838,0.620649
27.84,0.920652
27.842,-0.370123
27.844,-0.325264
27.846,-2.12601
27.848,1.07422
27.85,1.17418
27.852,0.869049
27.854,0.0534316
27.856,-0.233388
27.858,1.34927
27.86,0.426081
27.862,-1.65873
27.864,-2.71445
27.866,-1.53529
27.868,-2.50915
27.87,-3.21529
27.872,-0.181785
27.874,0.728904
27.876,-0.0929269
27.878,0.135393
27.88,-0.514326
27.882,0.724098
27.884,-0.455143
27.886,1.77294
27.888,2.18619
27.89,3.79999
27.892,1.09119
27.894,0.606698
27.896,0.177957
27.898,-1.75027
27.9,-2.82037
27.902,-1.69918
27.904,-1.39514
27.906,-0.706622
27.908,-2.07473
27.91,-4.31285
27.912,-4.14654
27.914,-2.03081
27.916,0.316671
27.918,-0.363431
27.92,-1.02666
27.922,-2.50478
27.924,-1.3724
27.926,-0.437599
27.928,-1.02193
27.93,-0.323901
27.932,0.104915
27.934,-0.0219776
27.936,-0.228366
27.938,-0.394128
27.94,-1.25972
27.942,-0.344821
27.944,0.678693
27.946,1.72756
27.948,3.88266
27.95,5.20524
27.952,3.5434
27.954,0.809828
27.956,0.97723
27.958,0.552293
27.96,-0.363765
27.962,-0.753491
27.964,-1.49246
27.966,1.11392
27.968,1.52383
27.97,2.40699
27.972,2.28599
27.974,0.819399
27.976,1.57053
27.978,2.68373
27.98,2.79713
27.982,-2.26843
27.984,-2.55366
27.986,-0.784832
27.988,-2.45354
27.99,-1.74359
27.992,-1.52032
27.994,-2.09963
27.996,-3.69646
27.998,-3.2457
28,-1.13063
28.002,1.16143
28.004,-2.76896
28.006,-3.38434
28.008,-0.982222
28.01,-2.00843
28.012,-3.22025
28.014,-1.49142
28.016,-2.7413
28.018,-2.00689
28.02,-2.14233
28.022,-0.898363
28.024,-0.535942
28.026,1.77773
28.028,2.95069
28.03,0.897362
28.032,1.67152
28.034,2.78905
28.036,5.28696
28.038,5.75106
28.04,4.1184
28.042,2.04777
28.044,1.90404
28.046,0.0821977
28.048,-0.204946
28.05,0.369236
28.052,-0.743831
28.054,-1.47383
28.056,0.249466
28.058,-0.559805
28.06,1.53314
28.062,-0.26812
28.064,1.62249
28.066,0.877038
28.068,-0.916277
28.07,-0.245914
28.072,-0.868451
28.074,-0.717311
28.076,-1.49233
28.078,1.39952
28.08,-0.983673
28.082,-0.853867
28.084,-1.34868
28.086,1.20447
28.088,2.35539
28.09,1.93409
28.092,2.2586
28.094,-0.000517593
28.096,1.48726
28.098,2.88503
28.1,4.68281
28.102,3.94208
28.104,2.89157
28.106,-0.292479
28.108,0.468347
28.11,0.632523
28.112,2.74283
28.114,1.5227
28.116,0.606452
28.118,-1.40927
28.12,-2.34577
28.122,-2.87673
28.124,-4.22554
28.126,-2.32524
28.128,-1.82875
28.13,-2.43036
28.132,-1.20418
28.134,-1.44436
28.136,-1.07729
28.138,-1.46548
28.14,-0.567006
28.142,-0.632952
28.144,-2.34167
28.146,-2.42986
28.148,0.554863
28.15,0.389266
28.152,0.565528
28.154,-1.36574
28.156,-0.0560164
28.158,-1.19827
28.16,2.08646
28.162,3.04083
28.164,2.62117
28.166,4.74894
28.168,4.69521
28.17,2.5496
28.172,4.09251
28.174,3.35658
28.176,2.57956
28.178,2.81616
28.18,2.20138
28.182,-1.61337
28.184,-2.11775
28.186,-3.74842
28.188,-3.16135
28.19,-4.48198
28.192,-2.67064
28.194,-1.51005
28.196,0.392516
28.198,-1.95251
28.2,0.874499
28.202,3.59157
28.204,2.02618
28.206,2.55374
28.208,0.610245
28.21,2.00338
28.212,1.64448
28.214,-0.877566
28.216,3.63952
28.218,1.46506
28.22,0.750727
28.222,-1.32242
28.224,-1.63562
28.226,-2.50325
28.228,-2.24896
28.23,0.351603
28.232,0.265861
28.234,0.586034
28.236,-1.40868
28.238,1.06424
28.24,-0.293239
28.242,-0.380366
28.244,1.23874
28.246,0.544758
28.248,-0.867299
28.25,0.982666
28.252,0.717089
28.254,0.214579
28.256,1.74903
28.258,0.0372668
28.26,-0.298009
28.262,-1.88269
28.264,-1.37241
28.266,-1.15172
28.268,0.239779
28.27,0.133051
28.272,1.99967
28.274,2.20277
28.276,1.65057
28.278,2.93195
28.28,1.20861
28.282,-0.0122747
28.284,-0.440811
28.286,0.318944
28.288,0.666317
28.29,-1.42559
28.292,-2.37377
28.294,-3.14585
28.296,-3.83655
28.298,-1.18457
28.3,-1.09522
28.302,-0.524814
28.304,-0.405036
28.306,-0.683981
28.308,-2.1643
28.31,-2.00103
28.312,-1.18474
28.314,0.0284398
28.316,0.704067
28.318,1.12837
28.32,-0.967579
28.322,-1.67407
28.324,0.30859
28.326,-1.13268
28.328,1.10651
28.33,0.892309
28.332,0.93269
28.334,3.2774
28.336,0.0896385
28.338,0.947258
28.34,0.145231
28.342,-1.05499
28.344,0.421994
28.346,-2.57658
28.348,-1.97353
28.35,-2.68016
28.352,-2.11833
28.354,-2.0434
28.356,-0.550525
28.358,-0.574703
28.36,-1.20572
28.362,-1.68355
28.364,-0.556892
28.366,1.49122
28.368,1.24145
28.37,2.5439
28.372,2.82603
28.374,2.2705
28.376,1.12208
28.378,1.60772
28.38,-0.394007
28.382,1.82456
28.384,3.04517
28.386,1.56685
28.388,0.432058
28.39,1.61247
28.392,0.89785
28.394,-2.74314
28.396,-2.1181
28.398,-1.58106
28.4,-1.15845
28.402,-0.899031
28.404,-0.648364
28.406,0.352226
28.408,1.70563
28.41,2.08976
28.412,-0.526346
28.414,0.801242
28.416,0.424026
28.418,0.0158864
28.42,-0.351095
28.422,2.28125
28.424,2.13454
28.426,1.59591
28.428,0.665695
28.43,-0.288601
28.432,-0.400073
28.434,-1.4211
28.436,-0.0562362
28.438,-0.200087
28.44,-2.11249
28.442,-1.42123
28.444,-1.73556
28.446,-1.4334
28.448,-3.10483
28.45,-1.43189
28.452,-1.05797
28.454,-0.187267
28.456,1.12529
28.458,-0.127096
28.46,1.03799
28.462,-0.0671628
28.464,1.27804
28.466,0.691198
28.468,2.67101
28.47,2.29782
28.472,2.06967
28.474,2.61205
28.476,3.39509
28.478,2.25198
28.48,3.39987
28.482,3.33968
28.484,2.79904
28.486,2.25449
28.488,2.37088
28.49,4.3616
28.492,3.06457
28.494,-0.361147
28.496,-1.0269
28.498,-1.66988
28.5,-1.40309
28.502,-2.64844
28.504,-2.67846
28.506,-3.59268
28.508,-2.8546
28.51,-2.8677
28.512,-3.00248
28.514,-3.2294
28.516,-3.84546
28.518,0.752992
28.52,1.96749
28.522,2.41569
28.524,1.09337
28.526,1.65342
28.528,0.0724414
28.53,-2.07269
28.532,-1.5339
28.534,-0.00444605
28.536,-0.804803
28.538,0.591951
28.54,0.963262
28.542,-0.774105
28.544,-0.322703
28.546,0.367512
28.548,0.510842
28.55,1.10652
28.552,0.371286
28.554,-0.544403
28.556,-0.659757
28.558,-1.11112
28.56,-0.131712
28.562,0.677053
28.564,0.0118758
28.566,1.36268
28.568,2.81713
28.57,0.60487
28.572,-1.11656
28.574,0.544071
28.576,-0.775016
28.578,-3.14623
28.58,-1.26843
28.582,0.887614
28.584,-0.179983
28.586,0.393403
28.588,-1.65618
28.59,-0.0249518
28.592,3.26062
28.594,1.71341
28.596,0.951561
28.598,0.98951
28.6,-0.699729
28.602,0.266156
28.604,0.592035
28.606,0.361841
28.608,1.17255
28.61,1.4202
28.612,0.427532
28.614,-0.631272
28.616,-0.044133
28.618,-2.39216
28.62,-2.26615
28.622,-1.52186
28.624,-1.1409
28.626,-2.35359
28.628,-2.25699
28.63,0.179958
28.632,-0.222115
28.634,0.83908
28.636,2.62972
28.638,1.92449
28.64,2.77762
28.642,3.40313
28.644,2.04617
28.646,2.60757
28.648,0.968313
28.65,3.75561
28.652,2.20815
28.654,2.6533
28.656,-0.577688
28.658,-3.80924
28.66,-3.37229
28.662,-3.60337
28.664,-0.754381
28.666,-0.399475
28.668,-1.48211
28.67,-1.83421
28.672,-0.0558423
28.674,2.73415
28.676,0.647508
28.678,2.22109
28.68,1.50386
28.682,1.84308
28.684,4.10544
28.686,1.44645
28.688,0.729103
28.69,3.03695
28.692,0.446937
28.694,0.0716821
28.696,0.179889
28.698,-0.124255
28.7,-0.731609
28.702,-0.92837
28.704,-0.75533
28.706,-0.504302
28.708,-1.13886
28.71,-1.05348
28.712,-0.115768
28.714,-1.70859
28.716,-0.865288
28.718,-1.97901
28.72,-0.244055
28.722,-3.00824
28.724,0.111464
28.726,-0.817523
28.728,-0.38464
28.73,0.0379892
28.732,0.317615
28.734,-0.0387924
28.736,-2.33317
28.738,-1.80245
28.74,-2.40178
28.742,-0.906439
28.744,0.932887
28.746,1.18849
28.748,-0.838135
28.75,-0.31635
28.752,-0.469772
28.754,0.716355
28.756,0.231117
28.758,0.0501112
28.76,1.46401
28.762,1.57208
28.764,0.323434
28.766,-1.33349
28.768,-4.05504
28.77,-1.82713
28.772,-0.996947
28.774,0.0515894
28.776,0.0659079
28.778,-1.15306
28.78,0.000248082
28.782,2.08647
28.784,3.18176
28.786,3.2553
28.788,2.82761
28.79,1.64147
28.792,1.30071
28.794,0.640956
28.796,1.13391
28.798,-0.343708
28.8,2.60263
28.802,1.33253
28.804,3.53278
28.806,0.389264
28.808,-0.807694
28.81,-1.16736
28.812,1.75256
28.814,1.64774
28.816,3.45743
28.818,3.82028
28.82,4.43077
28.822,3.14736
28.824,4.50003
28.826,4.16288
28.828,3.96837
28.83,4.92686
28.832,3.20186
28.834,1.4991
28.836,0.574017
28.838,-1.5383
28.84,-1.92128
28.842,-1.19356
28.844,1.20122
28.846,0.688574
28.848,1.12821
28.85,0.520737
28.852,4.08718
28.854,1.0151
28.856,-1.91992
28.858,-3.00323
28.86,-1.01203
28.862,-2.09702
28.864,-2.21736
28.866,-1.38878
28.868,-1.57816
28.87,-0.756565
28.872,-1.31683
28.874,0.107133
28.876,0.972946
28.878,2.20923
28.88,0.547637
28.882,1.11945
28.884,0.563823
28.886,0.396465
28.888,1.07884
28.89,-0.0972744
28.892,1.74118
28.894,2.3767
28.896,3.44762
28.898,3.3436
28.9,3.32778
28.902,1.52998
28.904,2.33626
28.906,-1.68022
28.908,-1.26864
28.91,-3.61839
28.912,-2.10949
28.914,-0.485713
28.916,-0.738523
28.918,-3.21395
28.92,-1.6323
28.922,0.621354
28.924,1.41073
28.926,1.88356
28.928,-1.85674
28.93,-1.59523
28.932,-0.920278
28.934,-0.417889
28.936,0.182267
28.938,-2.41505
28.94,-2.00932
28.942,-3.84596
28.944,-3.18956
28.946,-4.49391
28.948,-5.72501
28.95,-4.34318
28.952,-2.50273
28.954,-2.94673
28.956,-0.153305
28.958,0.417352
28.96,0.55577
28.962,0.292973
28.964,0.949345
28.966,-0.559333
28.968,0.935469
28.97,1.45891
28.972,-0.195853
28.974,-0.77923
28.976,-0.330783
28.978,-0.389974
28.98,-3.21959
28.982,-0.521577
28.984,-2.54984
28.986,-0.431304
28.988,-1.22727
28.99,-0.208132
28.992,-0.474251
28.994,-1.83223
28.996,-3.30709
28.998,-0.490262
29,-0.115354
29.002,0.063144
29.004,-0.48297
29.006,0.399022
29.008,-0.430388
29.01,-2.31613
29.012,-0.862638
29.014,0.510757
29.016,-0.605096
29.018,0.778465
29.02,2.62501
29.022,1.64711
29.024,-1.14919
29.026,-1.17783
29.028,-1.96873
29.03,-0.343269
29.032,-0.671133
29.034,0.883165
29.036,-0.0785499
29.038,2.1721
29.04,-0.0633617
29.042,-0.284778
29.044,-0.718017
29.046,-0.516888
29.048,-0.0596
29.05,-0.923835
29.052,-2.67381
29.054,-2.55547
29.056,-1.79946
29.058,1.64107
29.06,2.62883
29.062,4.9739
29.064,5.60561
29.066,2.9202
29.068,1.63912
29.07,2.01451
29.072,1.63786
29.074,1.90974
29.076,1.82258
29.078,0.878732
29.08,0.669701
29.082,-0.456116
29.084,-0.0469349
29.086,-0.0565398
29.088,-0.292757
29.09,0.974015
29.092,3.24856
29.094,0.193242
29.096,-1.13747
29.098,-0.807964
29.1,-0.256807
29.102,-1.56128
29.104,1.0127
29.106,-0.279998
29.108,-1.95593
29.11,0.105589
29.112,0.760168
29.114,0.496717
29.116,0.393938
29.118,0.131089
29.12,1.26057
29.122,1.16703
29.124,2.78089
29.126,3.87106
29.128,3.96818
29.13,2.32287
29.132,3.36929
29.134,1.9488
29.136,1.32584
29.138,-0.067714
29.14,-0.651683
29.142,-0.850527
29.144,-0.183016
29.146,-0.853721
29.148,-0.706161
29.15,0.539804
29.152,0.235414
29.154,-0.331287
29.156,-0.730312
29.158,2.17845
29.16,-0.0271243
29.162,0.604374
29.164,-0.215304
29.166,1.71271
29.168,4.73447
29.17,5.11956
29.172,2.40941
29.174,2.8912
29.176,-0.530315
29.178,-0.598294
29.18,1.2351
29.182,1.62054
29.184,0.453013
29.186,-0.11525
29.188,1.08458
29.19,1.07908
29.192,0.719535
29.194,1.60532
29.196,2.30629
29.198,1.77731
29.2,1.48904
29.202,-1.60957
29.204,-2.2342
29.206,-2.0391
29.208,-2.71339
29.21,-1.04525
29.212,-1.56374
29.214,-1.66883
29.216,-0.699119
29.218,1.69366
29.22,1.43098
29.222,-0.64676
29.224,2.13919
29.226,-0.00723907
29.228,0.0889753
29.23,2.59416
29.232,1.318
29.234,-0.139296
29.236,0.616347
29.238,-1.45628
29.24,0.725668
29.242,0.190478
29.244,0.910096
29.246,1.25541
29.248,0.793971
29.25,2.19346
29.252,-0.495229
29.254,0.600725
29.256,-1.54982
29.258,-0.811992
29.26,-1.81505
29.262,-1.71922
29.264,-0.910304
29.266,0.408062
29.268,1.17386
29.27,0.194995
29.272,-2.39174
29.274,0.560041
29.276,-1.17669
29.278,-1.69057
29.28,-0.686125
29.282,0.203099
29.284,-0.362418
29.286,0.0148347
29.288,-1.6129
29.29,-1.36682
29.292,-0.360723
29.294,-1.18858
29.296,0.614595
29.298,-0.909786
29.3,-0.098119
29.302,-0.735363
29.304,-1.43799
29.306,-0.771148
29.308,-2.38072
29.31,-3.44904
29.312,-2.35402
29.314,-0.266692
29.316,-1.60653
29.318,-1.55281
29.32,-1.35474
29.322,-1.75761
29.324,-0.445534
29.326,1.30357
29.328,2.43604
29.33,1.35901
29.332,2.25945
29.334,2.41451
29.336,0.586613
29.338,2.29039
29.34,0.668292
29.342,1.63377
29.344,0.530892
29.346,0.360481
29.348,-1.78951
29.35,-1.02619
29.352,-1.5616
29.354,-4.00218
29.356,-1.28726
29.358,-0.898268
29.36,-1.60605
29.362,-0.581883
29.364,0.0413167
29.366,-1.50359
29.368,-0.588227
29.37,-0.627566
29.372,0.825799
29.374,2.20135
29.376,0.575676
29.378,-2.14076
29.38,-1.28178
29.382,1.03967
29.384,3.21128
29.386,2.72435
29.388,1.99944
29.39,-1.23005
29.392,-2.00071
29.394,1.33044
29.396,0.946283
29.398,-1.39997
29.4,-0.825122
29.402,0.610157
29.404,1.54296
29.406,-0.0746304
29.408,-1.3174
29.41,-1.11363
29.412,-1.36011
29.414,-0.135987
29.416,-3.12355
29.418,-2.77682
29.42,-1.25307
29.422,-0.0799848
29.424,-2.36155
29.426,-0.0227964
29.428,-0.932122
29.43,0.0339856
29.432,-0.829608
29.434,1.45633
29.436,0.0106835
29.438,-0.366971
29.44,0.101512
29.442,-1.42338
29.444,-0.578594
29.446,-0.0748048
29.448,-0.523939
29.45,-0.524721
29.452,-1.43181
29.454,-0.130946
29.456,-0.759687
29.458,-0.0309937
29.46,0.97042
29.462,0.0201288
29.464,0.459859
29.466,0.741391
29.468,0.868461
29.47,2.93306
29.472,3.74496
29.474,2.91856
29.476,1.62194
29.478,0.112805
29.48,0.0171562
29.482,1.74858
29.484,0.216567
29.486,1.61398
29.488,0.42639
29.49,-3.48785
29.492,-2.57362
29.494,-2.47368
29.496,-3.01446
29.498,-5.00287
29.5,-1.98462
29.502,-0.730579
29.504,0.589962
29.506,-0.300828
29.508,1.1737
29.51,-0.889482
29.512,-0.295709
29.514,-1.15358
29.516,0.111227
29.518,0.918184
29.52,0.778041
29.522,1.6118
29.524,1.6526
29.526,2.93061
29.528,2.0961
29.53,2.6339
29.532,2.86324
29.534,0.752285
29.536,-1.51865
29.538,0.784667
29.54,0.226531
29.542,-0.611403
29.544,-0.825485
29.546,-2.22875
29.548,-3.64076
29.55,-1.55143
29.552,-0.0103218
29.554,2.02728
29.556,1.33843
29.558,2.53402
29.56,1.00675
29.562,1.41112
29.564,-0.109797
29.566,-1.06293
29.568,-0.81988
29.57,-1.07754
29.572,-0.94844
29.574,2.01713
29.576,2.07563
29.578,0.00547816
29.58,0.845846
29.582,0.128701
29.584,2.14994
29.586,1.59643
29.588,-0.0314665
29.59,0.375003
29.592,0.130856
29.594,-0.512142
29.596,0.108195
29.598,0.686009
29.6,0.802915
29.602,0.396752
29.604,0.843203
29.606,0.611238
29.608,0.159728
29.61,-0.251896
29.612,1.16204
29.614,1.30077
29.616,3.83633
29.618,3.00102
29.62,2.60572
29.622,1.73254
29.624,3.75739
29.626,0.806363
29.628,1.47421
29.63,0.534934
29.632,-0.198866
29.634,0.725491
29.636,0.0412108
29.638,0.315856
29.64,-0.686693
29.642,-0.577126
29.644,-0.0832111
29.646,-0.0721916
29.648,-0.273751
29.65,1.30931
29.652,2.93681
29.654,1.59048
29.656,0.271306
29.658,0.682083
29.66,0.691166
29.662,1.12295
29.664,0.71805
29.666,3.33253
29.668,-1.36196
29.67,-0.34294
29.672,-1.4065
29.674,0.0507692
29.676,1.61986
29.678,0.723159
29.68,-2.73521
29.682,-2.08755
29.684,-1.06853
29.686,0.184076
29.688,-0.745603
29.69,-1.36049
29.692,-0.872624
29.694,-1.73273
29.696,-1.70113
29.698,-4.35435
29.7,-3.68892
29.702,-3.28004
29.704,-1.92942
29.706,0.187793
29.708,-1.28017
29.71,1.82297
29.712,2.87001
29.714,2.9472
29.716,0.0681917
29.718,-1.06921
29.72,-2.40801
29.722,-1.50518
29.724,-0.741832
29.726,-1.25415
29.728,2.90454
29.73,1.78446
29.732,1.50657
29.734,0.405616
29.736,2.24201
29.738,3.76737
29.74,4.24749
29.742,3.8374
29.744,2.94145
29.746,-1.9936
29.748,0.0686075
29.75,0.575484
29.752,-0.40915
29.754,-1.64177
29.756,-0.575564
29.758,-1.04222
29.76,1.09001
29.762,2.2221
29.764,2.58016
29.766,-0.772625
29.768,-1.40713
29.77,-3.48702
29.772,-5.34568
29.774,-1.74293
29.776,-1.60542
29.778,-1.4805
29.78,-1.59291
29.782,-1.03787
29.784,-1.89074
29.786,-1.6685
29.788,0.724274
29.79,1.52044
29.792,2.7421
29.794,-1.23635
29.796,-1.46093
29.798,1.84739
29.8,0.24982
29.802,-0.650826
29.804,-0.0954482
29.806,-2.24671
29.808,-1.60457
29.81,-1.98552
29.812,-2.18382
29.814,-3.47343
29.816,-3.26675
29.818,-4.74548
29.82,-2.15498
29.822,0.375398
29.824,1.24818
29.826,1.7656
29.828,-0.00626997
29.83,-0.878439
29.832,0.45387
29.834,0.379183
29.836,-1.48276
29.838,-0.669431
29.84,-1.57888
29.842,-0.161862
29.844,-0.30964
29.846,-0.351249
29.848,0.210811
29.85,0.177419
29.852,-0.0140605
29.854,0.768015
29.856,1.0551
29.858,-0.425079
29.86,-1.07013
29.862,-0.6354
29.864,-1.58091
29.866,-1.17146
29.868,-0.73963
29.87,-1.41434
29.872,1.46015
29.874,1.73026
29.876,3.81259
29.878,2.87335
29.88,2.63838
29.882,3.39615
29.884,2.4209
29.886,0.260469
29.888,-1.48078
29.89,0.738288
29.892,0.464577
29.894,-2.0623
29.896,-1.09121
29.898,-1.51238
29.9,-2.52602
29.902,-2.35831
29.904,-2.88627
29.906,-2.4362
29.908,-1.22165
29.91,0.212572
29.912,2.06217
29.914,3.25045
29.916,2.94041
29.918,2.81441
29.92,2.07695
29.922,1.73436
29.924,0.963944
29.926,-1.03514
29.928,-0.12322
29.93,0.268651
29.932,0.889562
29.934,0.226823
29.936,1.14056
29.938,1.24955
29.94,1.06935
29.942,0.105312
29.944,-0.276719
29.946,-1.25858
29.948,-2.52003
29.95,-1.01495
29.952,-0.621534
29.954,0.503603
29.956,0.623806
29.958,0.558195
29.96,1.00892
29.962,2.49134
29.964,1.7584
29.966,3.40831
29.968,1.03043
29.97,-0.0693026
29.972,-0.187338
29.974,-0.321971
29.976,0.430374
29.978,2.12313
29.98,2.2744
29.982,3.49967
29.984,2.4648
29.986,1.76524
29.988,0.406126
29.99,-0.327402
29.992,-0.653489
29.994,-0.417825
29.996,-0.726124
29.998,-3.21713
30,-1.25767
30.002,-3.73865
30.004,-2.29929
30.006,-1.03588
30.008,0.788012
30.01,1.289
30.012,0.203041
30.014,-0.0337308
30.016,-0.570965
30.018,-1.20764
30.02,-0.348034
30.022,-0.0536942
30.024,-0.158202
30.026,0.167932
30.028,-1.84811
30.03,-2.75876
30.032,-1.94501
30.034,0.269698
30.036,-2.0529
30.038,1.353
30.04,0.259845
30.042,0.966852
30.044,-0.0544212
30.046,0.518329
30.048,-0.606798
30.05,1.66105
30.052,1.0076
30.054,0.122527
30.056,-0.458295
30.058,-0.606944
30.06,-0.539183
30.062,-0.165282
30.064,0.484461
30.066,-1.396
30.068,-0.438634
30.07,-1.9513
30.072,-3.08506
30.074,-0.980572
30.076,-1.88153
30.078,-3.31742
30.08,-1.16679
30.082,1.40544
30.084,-0.37428
30.086,1.1328
30.088,0.529785
30.09,0.189927
30.092,2.22344
30.094,1.88174
30.096,1.58168
30.098,2.81811
30.1,0.880662
30.102,1.23656
30.104,0.645171
30.106,1.40279
30.108,-0.669391
30.11,-0.51299
30.112,-0.00702872
30.114,-0.224044
30.116,-0.183553
30.118,-1.52586
30.12,-4.5464
30.122,-3.71724
30.124,-2.93819
30.126,-2.31104
30.128,-0.270531
30.13,-1.51145
30.132,1.10858
30.134,-0.546786
30.136,-1.03583
30.138,-0.272984
30.14,1.23472
30.142,0.655684
30.144,0.0561193
30.146,0.324319
30.148,-1.72364
30.15,-1.54173
30.152,0.201625
30.154,-1.64452
30.156,-1.65494
30.158,-1.30753
30.16,-3.59511
30.162,-1.59699
30.164,1.28748
30.166,0.503211
30.168,-0.906949
30.17,-1.80199
30.172,-1.30774
30.174,-2.12772
30.176,-1.10175
30.178,0.757669
30.18,2.64632
30.182,2.00711
30.184,0.688141
30.186,-0.624371
30.188,-0.879752
30.19,-2.97764
30.192,-3.48256
30.194,-2.73446
30.196,-1.52523
30.198,-1.18589
30.2,0.634302
30.202,0.127637
30.204,1.25987
30.206,0.515028
30.208,0.0126082
30.21,-0.875645
30.212,-1.16599
30.214,-1.13459
30.216,-0.953947
30.218,-1.77235
30.22,-0.534062
30.222,-1.01627
30.224,-1.09162
30.226,0.263963
30.228,1.30743
30.23,3.93965
30.232,4.84229
30.234,4.47056
30.236,0.927334
30.238,3.22595
30.24,3.81612
30.242,2.71657
30.244,3.93855
30.246,3.85091
30.248,3.73623
30.25,1.68732
30.252,0.739754
30.254,0.181073
30.256,0.830045
30.258,-1.35405
30.26,-1.01938
30.262,-1.30942
30.264,0.640869
30.266,1.7071
30.268,1.64492
30.27,0.879983
30.272,-0.529959
30.274,-0.509409
30.276,-2.53309
30.278,-3.56477
30.28,-1.47418
30.282,0.938989
30.284,0.194773
30.286,1.63358
30.288,-0.0401578
30.29,0.761893
30.292,2.64411
30.294,2.9533
30.296,0.588028
30.298,-0.791956
30.3,-1.4414
30.302,-2.0761
30.304,-1.29145
30.306,-0.633646
30.308,0.501498
30.31,0.805691
30.312,-0.61862
30.314,2.24071
30.316,2.30049
30.318,1.89052
30.32,2.33854
30.322,3.25713
30.324,2.05487
30.326,-1.26779
30.328,-1.24919
30.33,-1.36684
30.332,-2.36167
30.334,-2.11925
30.336,-1.95613
30.338,-0.887151
30.34,-2.29982
30.342,-1.04467
30.344,-1.99186
30.346,-4.43717
30.348,-3.83331
30.35,-2.64417
30.352,-2.30254
30.354,-1.48905
30.356,0.990329
30.358,0.169004
30.36,-0.809809
30.362,0.0202081
30.364,0.37605
30.366,-1.27542
30.368,-3.61131
30.37,-2.18595
30.372,-3.62973
30.374,-2.1062
30.376,-2.01508
30.378,-0.759157
30.38,-0.803875
30.382,-2.26654
30.384,0.507428
30.386,-0.379706
30.388,0.893338
30.39,0.0042258
30.392,0.796942
30.394,1.38021
30.396,0.909675
30.398,0.623566
30.4,1.55131
30.402,0.628132
30.404,-2.62788
30.406,-1.13747
30.408,-0.372759
30.41,0.867111
30.412,1.19524
30.414,1.07063
30.416,-1.01442
30.418,-2.56426
30.42,-2.49406
30.422,-1.63848
30.424,0.530215
30.426,0.843994
30.428,4.41255
30.43,4.51064
30.432,4.00369
30.434,1.74352
30.436,2.55324
30.438,1.1275
30.44,4.48292
30.442,2.75093
30.444,1.21177
30.446,1.52702
30.448,-1.18624
30.45,0.100506
30.452,-0.136943
30.454,-0.19041
30.456,-1.06571
30.458,-1.58114
30.46,-0.356879
30.462,2.05624
30.464,3.32495
30.466,1.96684
30.468,-2.44406
30.47,-1.53863
30.472,-2.85511
30.474,-4.0347
30.476,-1.31888
30.478,-0.996457
30.48,-2.5666
30.482,0.0207766
30.484,0.17036
30.486,0.299031
30.488,1.67534
30.49,0.414955
30.492,-2.20339
30.494,-1.30767
30.496,-1.56084
30.498,-0.084074
30.5,0.780332
30.502,-0.780915
30.504,1.35303
30.506,-1.13648
30.508,-2.31433
30.51,-3.30977
30.512,-1.10142
30.514,0.132391
30.516,-0.0721269
30.518,0.0228734
30.52,1.89674
30.522,-0.959265
30.524,-0.930304
30.526,1.98913
30.528,2.06156
30.53,0.848854
30.532,2.15225
30.534,3.38444
30.536,3.49222
30.538,0.215116
30.54,-0.506261
30.542,-1.41616
30.544,0.0350079
30.546,1.22538
30.548,0.610267
30.55,-1.3203
30.552,-0.0999962
30.554,1.29995
30.556,1.18156
30.558,1.43986
30.56,-0.561109
30.562,-2.28679
30.564,-2.19038
30.566,-1.64397
30.568,0.739305
30.57,-3.38791
30.572,-2.56157
30.574,-0.865828
30.576,1.74395
30.578,-0.0290301
30.58,0.452961
30.582,1.0914
30.584,-0.00236551
30.586,-0.653745
30.588,-1.47524
30.59,1.23687
30.592,1.1303
30.594,1.84874
30.596,2.4223
30.598,0.894466
30.6,-0.790925
30.602,-1.02361
30.604,-1.39887
30.606,0.62359
30.608,0.825242
30.61,0.373023
30.612,0.159042
30.614,1.15221
30.616,1.07152
30.618,-0.197596
30.62,1.44779
30.622,2.62364
30.624,1.10502
30.626,1.11172
30.628,-0.218704
30.63,0.616679
30.632,0.371939
30.634,-0.620283
30.636,-0.44162
30.638,-1.19321
30.64,-0.51458
30.642,1.58756
30.644,0.940271
30.646,0.360495
30.648,-0.777773
30.65,0.162036
30.652,-0.426055
30.654,-0.900544
30.656,-2.1951
30.658,0.241019
30.66,1.22557
30.662,1.62587
30.664,2.38784
30.666,0.474596
30.668,0.666131
30.67,2.33785
30.672,-0.124897
30.674,-0.441603
30.676,-2.99068
30.678,-1.57138
30.68,1.28516
30.682,-0.9414
30.684,-2.05837
30.686,-1.29438
30.688,-1.24314
30.69,-0.867408
30.692,-1.03472
30.694,-0.568062
30.696,-1.63021
30.698,-1.95671
30.7,0.284174
30.702,1.84714
30.704,1.23677
30.706,-0.77968
30.708,-1.64397
30.71,-0.135461
30.712,-0.161576
30.714,-1.23785
30.716,-0.863671
30.718,-1.0906
30.72,0.866162
30.722,-0.791579
30.724,-1.96073
30.726,-4.32695
30.728,-1.51609
30.73,-3.46565
30.732,-3.05101
30.734,-2.47622
30.736,-3.16929
30.738,0.966222
30.74,-0.0400392
30.742,-0.127564
30.744,1.15212
30.746,0.181129
30.748,2.23922
30.75,1.0199
30.752,1.05299
30.754,2.40662
30.756,1.24369
30.758,-0.98007
30.76,-0.9934
30.762,-0.530969
30.764,-1.04594
30.766,-1.63815
30.768,-1.47233
30.77,-1.34057
30.772,-0.0639715
30.774,-0.369453
30.776,0.717334
30.778,1.97995
30.78,0.673777
30.782,-0.328276
30.784,0.0571709
30.786,0.963184
30.788,-2.47253
30.79,0.600532
30.792,0.520063
30.794,0.650648
30.796,0.381023
30.798,-1.33274
30.8,-3.46273
30.802,-2.74854
30.804,-1.822
30.806,-0.751452
30.808,0.262532
30.81,1.07808
30.812,0.127782
30.814,1.39656
30.816,2.31011
30.818,0.470472
30.82,0.526078
30.822,-1.9477
30.824,-2.29328
30.826,-1.18393
30.828,-0.952255
30.83,-0.0801911
30.832,0.00638925
30.834,-2.19061
30.836,-5.16854
30.838,-2.28118
30.84,-2.32883
30.842,-1.76019
30.844,-1.29031
30.846,0.829387
30.848,2.7073
30.85,4.66599
30.852,4.07009
30.854,2.73465
30.856,4.21973
30.858,4.58846
30.86,2.5464
30.862,-1.12165
30.864,-2.89108
30.866,-2.60473
30.868,-4.99221
30.87,-2.12137
30.872,-0.606012
30.874,1.06786
30.876,1.21024
30.878,0.632251
30.88,0.544309
30.882,-1.39394
30.884,-1.43082
30.886,-1.41221
30.888,0.583785
30.89,-1.77673
30.892,-4.28156
30.894,-3.61653
30.896,-1.17775
30.898,-0.757433
30.9,-1.32258
30.902,0.639551
30.904,1.7062
30.906,2.0489
30.908,2.13809
30.91,0.995431
30.912,1.51271
30.914,1.41505
30.916,1.76964
30.918,2.36999
30.92,0.835838
30.922,0.88326
30.924,1.25259
30.926,-1.2709
30.928,-0.693288
30.93,-0.507348
30.932,0.54413
30.934,1.99469
30.936,-0.412461
30.938,-2.37781
30.94,-2.1234
30.942,-0.584182
30.944,1.60619
30.946,1.83551
30.948,0.809203
30.95,-0.513925
30.952,2.06787
30.954,2.50478
30.956,1.88811
30.958,1.18682
30.96,0.0986317
30.962,0.866945
30.964,1.02325
30.966,0.0273113
30.968,-0.445463
30.97,1.30303
30.972,0.377302
30.974,0.280427
30.976,-0.498617
30.978,0.0729658
30.98,-0.713765
30.982,0.611171
30.984,2.82107
30.986,1.91206
30.988,1.57702
30.99,1.73801
30.992,0.228137
30.994,-1.56128
30.996,0.100564
30.998,3.22545
31,3.54791
31.002,2.19944
31.004,-1.68302
31.006,-0.458488
31.008,-0.970519
31.01,-0.554516
31.012,0.00472534
31.014,1.12381
31.016,-1.78134
31.018,-0.91821
31.02,-0.841114
31.022,-2.46826
31.024,-0.541308
31.026,1.17686
31.028,-1.45069
31.03,-2.01231
31.032,-2.39537
31.034,-4.01866
31.036,-1.10033
31.038,-0.255095
31.04,0.240048
31.042,1.14128
31.044,-0.97698
31.046,-1.26793
31.048,-1.44655
31.05,-3.78776
31.052,-3.9212
31.054,-3.3944
31.056,-2.01353
31.058,-1.74554
31.06,-0.688311
31.062,-0.738303
31.064,1.0878
31.066,1.36618
31.068,1.69241
31.07,2.04865
31.072,0.765325
31.074,1.09147
31.076,0.59437
31.078,0.136833
31.08,-0.968354
31.082,-0.628143
31.084,-0.632435
31.086,0.561235
31.088,1.00932
31.09,-1.19313
31.092,-3.50086
31.094,-3.14468
31.096,-2.90807
31.098,0.669206
31.1,0.104931
31.102,-0.612182
31.104,-2.71908
31.106,-2.545
31.108,-3.52457
31.11,-3.53348
31.112,-1.61818
31.114,-1.76364
31.116,0.16307
31.118,-3.32884
31.12,-2.02211
31.122,-3.96646
31.124,-3.36296
31.126,-3.62484
31.128,-2.98461
31.13,-0.732909
31.132,0.989883
31.134,2.32018
31.136,1.19844
31.138,0.206017
31.14,0.675724
31.142,0.721961
31.144,3.42791
31.146,2.67944
31.148,3.104
31.15,2.93199
31.152,1.40282
31.154,2.12423
31.156,2.54486
31.158,0.455638
31.16,0.497025
31.162,3.05637
31.164,1.86313
31.166,-1.33096
31.168,-1.15014
31.17,-2.3289
31.172,-2.4866
31.174,-3.76019
31.176,-0.11152
31.178,1.22117
31.18,1.46624
31.182,1.20095
31.184,1.32538
31.186,-0.323807
31.188,-0.121833
31.19,0.821665
31.192,0.224588
31.194,0.852429
31.196,1.02762
31.198,-0.770884
31.2,0.301832
31.202,1.71317
31.204,2.6818
31.206,1.73475
31.208,3.30302
31.21,3.54064
31.212,2.83709
31.214,1.66412
31.216,0.805857
31.218,0.253786
31.22,1.19016
31.222,0.841373
31.224,0.787169
31.226,0.320565
31.228,2.30945
31.23,2.05213
31.232,3.33329
31.234,0.672896
31.236,0.223912
31.238,-0.520014
31.24,-0.575727
31.242,-1.69843
31.244,-1.57415
31.246,-1.90758
31.248,-2.14192
31.25,-2.28993
31.252,0.69065
31.254,0.317439
31.256,0.234912
31.258,1.15816
31.26,-1.31828
31.262,0.432495
31.264,1.08779
31.266,-0.990896
31.268,0.724615
31.27,2.58292
31.272,1.15577
31.274,1.90371
31.276,3.24537
31.278,0.694751
31.28,1.16752
31.282,-0.11092
31.284,1.19193
31.286,0.105118
31.288,-2.03052
31.29,-1.10772
31.292,-1.14721
31.294,0.66502
31.296,-0.0398193
31.298,-0.425431
31.3,1.55582
31.302,1.49636
31.304,1.11401
31.306,1.93461
31.308,-0.804936
31.31,1.96364
31.312,0.913467
31.314,0.134472
31.316,0.357178
31.318,-1.57772
31.32,-2.03822
31.322,-1.31345
31.324,0.959003
31.326,1.71994
31.328,0.00259807
31.33,-0.224243
31.332,-0.612554
31.334,-2.2724
31.336,-1.48824
31.338,-1.31732
31.34,-1.23569
31.342,-1.7759
31.344,-3.43453
31.346,-3.82215
31.348,-3.55015
31.35,-3.13198
31.352,-2.96256
31.354,0.306511
31.356,0.827278
31.358,1.64951
31.36,1.79207
31.362,1.28359
31.364,3.6252
31.366,1.86106
31.368,1.8458
31.37,3.1967
31.372,2.06334
31.374,0.733904
31.376,2.04404
31.378,-0.41887
31.38,0.275687
31.382,-1.63059
31.384,-2.27438
31.386,-0.590338
31.388,0.711105
31.39,0.304127
31.392,-0.536362
31.394,-1.59964
31.396,-2.51508
31.398,-0.427726
31.4,-1.42182
31.402,-2.69504
31.404,-2.29872
31.406,-1.60952
31.408,-1.61053
31.41,-0.902517
31.412,-0.962469
31.414,-0.279212
31.416,-0.852933
31.418,-1.95168
31.42,-0.339708
31.422,-0.587997
31.424,-0.713063
31.426,0.993031
31.428,0.875636
31.43,-0.427013
31.432,1.44924
31.434,2.31608
31.436,1.21074
31.438,1.05485
31.44,0.601104
31.442,-0.333225
31.444,2.76324
31.446,2.4951
31.448,1.7939
31.45,0.0325185
31.452,-0.507323
31.454,-0.727536
31.456,0.572952
31.458,0.906715
31.46,-0.287663
31.462,-0.174271
31.464,-2.47551
31.466,-3.32944
31.468,-1.13932
31.47,-0.441211
31.472,0.998876
31.474,0.958639
31.476,4.06828
31.478,4.27329
31.48,4.05131
31.482,3.85732
31.484,2.08226
31.486,1.11236
31.488,2.39888
31.49,1.65394
31.492,0.160422
31.494,0.00352147
31.496,0.232128
31.498,-0.0112014
31.5,-1.99172
31.502,-0.698378
31.504,-1.08745
31.506,0.70595
31.508,-2.20921
31.51,0.218663
31.512,-1.7842
31.514,-1.33866
31.516,-1.22646
31.518,-1.28101
31.52,-3.25499
31.522,-2.03433
31.524,-2.37812
31.526,-3.52247
31.528,-1.0814
31.53,-2.30397
31.532,-2.51113
31.534,-2.36884
31.536,-1.90954
31.538,-0.950015
31.54,-0.325872
31.542,0.258685
31.544,-0.99082
31.546,1.2015
31.548,1.86762
31.55,1.79108
31.552,2.92178
31.554,1.7532
31.556,-1.4301
31.558,-1.25707
31.56,-2.04837
31.562,0.439096
31.564,1.82754
31.566,2.20439
31.568,1.19368
31.57,0.536762
31.572,0.824208
31.574,1.68345
31.576,-1.17717
31.578,-1.53314
31.58,0.437094
31.582,0.257458
31.584,-1.32447
31.586,-1.09892
31.588,1.79554
31.59,-0.637412
31.592,0.894935
31.594,-0.694684
31.596,-0.283612
31.598,-0.570756
31.6,-0.0166881
31.602,1.51783
31.604,1.11879
31.606,-0.0336082
31.608,-0.421918
31.61,-1.1667
31.612,-1.20535
31.614,-1.10539
31.616,-2.71776
31.618,0.464291
31.62,0.0499679
31.622,-0.220988
31.624,1.32236
31.626,2.52426
31.628,1.36747
31.63,-1.15939
31.632,2.73221
31.634,1.75952
31.636,1.55639
31.638,0.950333
31.64,-0.634802
31.642,-1.83815
31.644,-0.693104
31.646,-0.826231
31.648,-0.925141
31.65,-0.282754
31.652,0.444117
31.654,-1.24519
31.656,0.0371179
31.658,-1.37963
31.66,-1.54286
31.662,-1.57286
31.664,-1.63832
31.666,-1.52415
31.668,-2.38529
31.67,-2.77177
31.672,-1.46128
31.674,-0.618487
31.676,-1.16052
31.678,-1.81485
31.68,0.94039
31.682,-0.0330195
31.684,0.679957
31.686,0.0934634
31.688,0.411506
31.69,-2.81809
31.692,-2.62486
31.694,-1.81348
31.696,-0.932871
31.698,-0.411098
31.7,0.313279
31.702,-0.830634
31.704,-2.34163
31.706,-0.813916
31.708,0.454874
31.71,1.15659
31.712,1.48552
31.714,1.244
31.716,2.98019
31.718,1.60037
31.72,1.60934
31.722,0.624481
31.724,1.68184
31.726,0.817307
31.728,0.586113
31.73,1.1667
31.732,-0.134641
31.734,-0.349198
31.736,-0.32573
31.738,-1.04244
31.74,1.11199
31.742,0.867457
31.744,-0.101509
31.746,-1.06335
31.748,0.198651
31.75,-0.233925
31.752,-0.548489
31.754,-1.60486
31.756,-3.97605
31.758,-2.02845
31.76,-0.741109
31.762,-0.747799
31.764,-0.821913
31.766,-0.301895
31.768,-1.41203
31.77,1.6135
31.772,-0.933862
31.774,-0.0511575
31.776,1.8904
31.778,3.02515
31.78,0.868762
31.782,0.129895
31.784,1.11524
31.786,1.01783
31.788,-0.692429
31.79,-0.389292
31.792,-1.32821
31.794,0.91996
31.796,0.960803
31.798,2.09616
31.8,-0.189706
31.802,-2.73456
31.804,-3.94513
31.806,-2.80526
31.808,-1.68981
31.81,-0.129722
31.812,0.182534
31.814,0.929714
31.816,0.651987
31.818,0.532025
31.82,-1.34559
31.822,-0.0458252
31.824,2.37654
31.826,2.02641
31.828,-0.0751488
31.83,1.7869
31.832,3.96102
31.834,5.49419
31.836,3.04572
31.838,3.30767
31.84,3.31372
31.842,4.54669
31.844,2.1044
31.846,2.49585
31.848,0.762368
31.85,-1.85135
31.852,-1.78121
31.854,-1.57579
31.856,-2.1963
31.858,-2.13424
31.86,-2.18965
31.862,-2.01054
31.864,-1.83045
31.866,-2.67617
31.868,-2.33313
31.87,-1.88782
31.872,-2.27065
31.874,-1.80448
31.876,-1.7438
31.878,-3.14743
31.88,0.746461
31.882,2.32001
31.884,0.908317
31.886,-1.63879
31.888,-0.0547725
31.89,0.375416
31.892,0.574273
31.894,-0.593115
31.896,-2.186
31.898,-3.48227
31.9,-2.53206
31.902,-1.36253
31.904,0.896872
31.906,0.979586
31.908,0.648387
31.91,2.77648
31.912,1.29276
31.914,0.841866
31.916,-0.571524
31.918,-0.478506
31.92,0.52319
31.922,0.108488
31.924,0.726132
31.926,0.718714
31.928,-0.591786
31.93,0.08917
31.932,-3.46409
31.934,-3.61762
31.936,-3.53459
31.938,-0.7518
31.94,-0.911869
31.942,-1.02504
31.944,0.613542
31.946,-1.16005
31.948,-0.510793
31.95,-0.254912
31.952,1.52829
31.954,-0.522053
31.956,1.38538
31.958,-0.118884
31.96,-1.16516
31.962,-0.236408
31.964,-2.22823
31.966,-3.43556
31.968,-0.608004
31.97,-1.35313
31.972,-1.27313
31.974,-0.18679
31.976,0.300393
31.978,1.51228
31.98,-1.13325
31.982,-2.29468
31.984,-2.56913
31.986,-1.55599
31.988,-0.816573
31.99,-0.0946958
31.992,1.07338
31.994,2.77324
31.996,2.1786
31.998,1.04154
32,1.6887
32.002,0.102427
32.004,0.647318
32.006,0.388219
32.008,1.42161
32.01,1.79237
32.012,1.21972
32.014,2.98833
32.016,0.766307
32.018,1.05727
32.02,0.750173
32.022,1.3133
32.024,0.170348
32.026,0.25062
32.028,-1.05808
32.03,-1.40685
32.032,-1.79785
32.034,-0.156482
32.036,1.4983
32.038,1.1413
32.04,1.95756
32.042,2.88211
32.044,3.89163
32.046,6.04137
32.048,5.03898
32.05,3.59856
32.052,1.07945
32.054,-0.177937
32.056,1.9343
32.058,1.76804
32.06,1.02589
32.062,0.0791023
32.064,0.594346
32.066,-2.13888
32.068,-1.17905
32.07,-2.31836
32.072,-0.565537
32.074,-0.33512
32.076,1.93136
32.078,2.19749
32.08,1.2559
32.082,-0.284144
32.084,-0.731026
32.086,-0.749002
32.088,0.210665
32.09,0.195363
32.092,0.254247
32.094,0.302186
32.096,-1.00831
32.098,-0.40743
32.1,0.197786
32.102,1.09649
32.104,-0.330113
32.106,0.71683
32.108,2.32861
32.11,1.69275
32.112,0.130125
32.114,-1.01944
32.116,-1.02555
32.118,-0.304403
32.12,0.436709
32.122,1.63502
32.124,1.07516
32.126,0.56716
32.128,-0.326392
32.13,0.854731
32.132,0.673045
32.134,1.69157
32.136,0.430527
32.138,1.20946
32.14,1.39998
32.142,1.26768
32.144,1.05145
32.146,-1.82286
32.148,-0.00561211
32.15,-0.671943
32.152,-2.35997
32.154,-1.69718
32.156,-2.17628
32.158,-1.47447
32.16,-0.266927
32.162,0.632392
32.164,1.63952
32.166,0.248122
32.168,-0.77688
32.17,-1.03969
32.172,-1.11796
32.174,-2.32257
32.176,-3.55625
32.178,-1.45705
32.18,-0.616467
32.182,0.0400134
32.184,-1.21347
32.186,0.922712
32.188,-1.59862
32.19,-2.233
32.192,-2.101
32.194,-1.97357
32.196,1.01937
32.198,3.41773
32.2,3.14699
32.202,3.30779
32.204,1.51518
32.206,-0.0700231
32.208,-1.01541
32.21,-1.77934
32.212,-1.63462
32.214,-0.330848
32.216,-1.81882
32.218,-2.13205
32.22,-2.81873
32.222,-1.26353
32.224,-3.68548
32.226,-3.17878
32.228,-4.07988
32.23,-4.56978
32.232,-3.86183
32.234,-2.12939
32.236,-3.13027
32.238,-2.327
32.24,-3.06394
32.242,-1.62757
32.244,-0.476665
32.246,1.08695
32.248,-1.08347
32.25,2.20222
32.252,1.44247
32.254,2.12317
32.256,2.18831
32.258,1.01237
32.26,0.393121
32.262,-0.980416
32.264,-1.33702
32.266,-0.773055
32.268,0.121288
32.27,-1.78782
32.272,0.504221
32.274,-0.488542
32.276,0.272667
32.278,1.24542
32.28,2.9685
32.282,3.5806
32.284,3.5141
32.286,3.79796
32.288,0.518387
32.29,0.629187
32.292,-1.53685
32.294,-1.96614
32.296,-1.13731
32.298,-0.549517
32.3,-0.122616
32.302,-1.41739
32.304,-1.15245
32.306,-2.34268
32.308,0.706833
32.31,-0.983117
32.312,-0.506593
32.314,-0.991473
32.316,-1.36264
32.318,-2.4305
32.32,-0.890835
32.322,-0.0566473
32.324,1.1244
32.326,3.10515
32.328,2.96268
32.33,-0.663563
32.332,-1.48407
32.334,-0.820534
32.336,0.159143
32.338,-0.9617
32.34,-0.331592
32.342,0.609628
32.344,-0.535675
32.346,-0.510201
32.348,-0.337351
32.35,2.83277
32.352,2.60541
32.354,2.51484
32.356,1.1996
32.358,1.83749
32.36,1.83833
32.362,2.35002
32.364,2.25002
32.366,1.4427
32.368,1.30733
32.37,2.80185
32.372,1.65326
32.374,1.12538
32.376,1.50397
32.378,1.47174
32.38,0.120405
32.382,1.6017
32.384,0.252363
32.386,-0.825671
32.388,-1.87604
32.39,-2.38653
32.392,-0.0430693
32.394,-1.39081
32.396,-0.396146
32.398,0.00771784
32.4,0.766845
32.402,-0.519303
32.404,-1.21276
32.406,-1.09091
32.408,-0.791313
32.41,1.12722
32.412,1.21328
32.414,-1.03813
32.416,-2.01152
32.418,-1.43287
32.42,-1.09868
32.422,-1.24662
32.424,-1.93659
32.426,-2.63148
32.428,-4.3578
32.43,-3.35348
32.432,-1.63297
32.434,0.49141
32.436,-0.466338
32.438,-1.36522
32.44,-1.40978
32.442,-0.783723
32.444,0.821477
32.446,-2.22182
32.448,-1.49095
32.45,-1.0147
32.452,0.265692
32.454,0.237497
32.456,0.815435
32.458,2.4836
32.46,1.97904
32.462,0.862268
32.464,1.61371
32.466,2.66095
32.468,0.85208
32.47,0.148373
32.472,-1.15794
32.474,0.706025
32.476,-0.118543
32.478,1.91521
32.48,2.5791
32.482,0.104248
32.484,-0.332689
32.486,-0.353256
32.488,-0.0478745
32.49,-0.980872
32.492,-2.13341
32.494,-1.80952
32.496,-1.5581
32.498,-1.94356
32.5,-0.370568
32.502,2.45947
32.504,2.30873
32.506,1.56806
32.508,2.674
32.51,4.41766
32.512,5.51019
32.514,4.40735
32.516,1.54233
32.518,1.00708
32.52,1.55132
32.522,0.010482
32.524,-0.551237
32.526,-0.290959
32.528,0.524793
32.53,0.228504
32.532,-0.385412
32.534,-2.57245
32.536,-0.362273
32.538,0.815605
32.54,-0.668954
32.542,1.29515
32.544,-1.11345
32.546,-0.844163
32.548,0.154364
32.55,-0.68847
32.552,1.28065
32.554,1.48216
32.556,1.62985
32.558,-0.598181
32.56,-2.7706
32.562,-1.53792
32.564,-1.82961
32.566,-1.1551
32.568,-2.4899
32.57,-3.45549
32.572,-2.1842
32.574,-3.17644
32.576,-2.85078
32.578,-1.39493
32.58,-0.878469
32.582,-0.362353
32.584,2.22306
32.586,1.25787
32.588,0.956469
32.59,1.6282
32.592,1.00865
32.594,2.52484
32.596,2.02333
32.598,-1.4098
32.6,1.76037
32.602,0.517546
32.604,1.31297
32.606,-0.0449526
32.608,-1.3305
32.61,-3.39552
32.612,-2.86816
32.614,-0.635657
32.616,0.293387
32.618,-0.070451
32.62,1.58446
32.622,-0.262302
32.624,0.686748
32.626,2.04283
32.628,-0.318214
32.63,-0.802726
32.632,-1.04446
32.634,1.47042
32.636,-0.184589
32.638,0.282356
32.64,-0.426403
32.642,-1.2061
32.644,-1.02995
32.646,-0.536926
32.648,0.0239366
32.65,2.66687
32.652,0.959349
32.654,1.10029
32.656,1.27844
32.658,2.23026
32.66,1.14202
32.662,0.471422
32.664,-0.788701
32.666,-2.01586
32.668,-2.32576
32.67,0.0691059
32.672,-0.747016
32.674,-1.49427
32.676,-0.152406
32.678,-0.0825097
32.68,-2.07339
32.682,-2.91872
32.684,-3.04711
32.686,-0.790026
32.688,-1.8477
32.69,0.0184503
32.692,0.293783
32.694,1.06168
32.696,-0.853231
32.698,0.436695
32.7,-0.174942
32.702,-1.1184
32.704,-2.07725
32.706,-1.50736
32.708,-1.81485
32.71,0.64767
32.712,0.124785
32.714,2.38467
32.716,2.42874
32.718,0.519237
32.72,1.22921
32.722,0.25176
32.724,-0.63805
32.726,-1.55901
32.728,-0.755768
32.73,1.07599
32.732,-0.497117
32.734,0.809069
32.736,-1.20789
32.738,-1.79114
32.74,-0.346804
32.742,-0.583811
32.744,-1.02302
32.746,-1.69095
32.748,-3.34539
32.75,-1.77826
32.752,-1.13578
32.754,-0.900312
32.756,1.41479
32.758,1.57113
32.76,1.45383
32.762,2.34263
32.764,-0.427079
32.766,0.694392
32.768,0.169176
32.77,0.450299
32.772,2.20106
32.774,2.53053
32.776,3.7112
32.778,1.60201
32.78,-0.0429757
32.782,0.53829
32.784,-0.47972
32.786,-0.434674
32.788,0.51718
32.79,-0.459627
32.792,-2.82027
32.794,-0.875217
32.796,-2.20393
32.798,-2.868
32.8,-2.35249
32.802,-1.27861
32.804,0.710946
32.806,1.10329
32.808,2.00745
32.81,-0.0853328
32.812,2.26743
32.814,0.44123
32.816,-0.158353
32.818,-2.50092
32.82,-2.06572
32.822,0.156266
32.824,1.90617
32.826,0.847378
32.828,-1.14389
32.83,-0.0405712
32.832,-0.0137502
32.834,-1.09685
32.836,-2.3543
32.838,-2.81399
32.84,-1.69568
32.842,0.419185
32.844,-0.62065
32.846,-0.35449
32.848,0.52821
32.85,2.08113
32.852,2.0023
32.854,1.57048
32.856,1.99811
32.858,2.45849
32.86,1.35033
32.862,1.44459
32.864,0.430523
32.866,-0.213765
32.868,-1.064
32.87,-1.8126
32.872,-1.18945
32.874,-1.07097
32.876,-0.868868
32.878,-0.0568778
32.88,-0.442
32.882,-2.26939
32.884,-1.52005
32.886,-1.86321
32.888,-1.63645
32.89,-0.150061
32.892,-1.4882
32.894,-1.31577
32.896,-2.02485
32.898,-2.62044
32.9,0.0230529
32.902,0.0652858
32.904,2.00334
32.906,1.25268
32.908,-0.703506
32.91,-1.10356
32.912,-1.52491
32.914,-2.62037
32.916,-3.42428
32.918,-0.887053
32.92,1.60131
32.922,2.23036
32.924,2.01837
32.926,1.75728
32.928,1.3969
32.93,-0.687576
32.932,0.319458
32.934,2.13513
32.936,2.21156
32.938,-0.0983938
32.94,0.425797
32.942,-0.73562
32.944,-0.537387
32.946,-2.59996
32.948,-1.5927
32.95,-1.62399
32.952,-0.493172
32.954,0.313724
32.956,0.989469
32.958,0.600287
32.96,1.40058
32.962,2.01607
32.964,1.06258
32.966,-0.175527
32.968,-1.18458
32.97,-0.664757
32.972,-0.0411906
32.974,-1.83516
32.976,-2.14258
32.978,-1.20774
32.98,0.212851
32.982,2.61015
32.984,1.68655
32.986,1.00889
32.988,0.407729
32.99,-0.502256
32.992,0.146902
32.994,1.47221
32.996,-0.465624
32.998,-0.791584
33,-0.00345604
33.002,-0.721677
33.004,1.65371
33.006,2.97705
33.008,1.66442
33.01,1.76957
33.012,-0.137317
33.014,-2.74267
33.016,-1.72963
33.018,-2.01462
33.02,-3.10558
33.022,-2.86696
33.024,-2.73614
33.026,-4.22502
33.028,-6.33123
33.03,-3.79043
33.032,-3.73307
33.034,-2.91792
33.036,-1.49067
33.038,-1.284
33.04,-1.46833
33.042,-0.188857
33.044,2.02856
33.046,2.70865
33.048,0.458337
33.05,2.23211
33.052,4.06631
33.054,5.68355
33.056,6.65451
33.058,4.10188
33.06,3.65106
33.062,1.0625
33.064,-0.622935
33.066,-1.57153
33.068,-1.57419
33.07,-1.10338
33.072,-1.4332
33.074,0.0505423
33.076,0.609305
33.078,-0.183473
33.08,1.38392
33.082,1.65873
33.084,1.40117
33.086,0.593589
33.088,-0.703965
33.09,0.911746
33.092,1.12745
33.094,0.656384
33.096,-2.93165
33.098,-2.82938
33.1,0.0671872
33.102,1.44392
33.104,2.38311
33.106,1.16107
33.108,-0.359329
33.11,0.369352
33.112,0.594728
33.114,-0.688199
33.116,-1.61082
33.118,-1.22685
33.12,-1.1906
33.122,0.136709
33.124,0.660167
33.126,0.42103
33.128,2.73386
33.13,2.21464
33.132,2.75161
33.134,0.888719
33.136,1.51292
33.138,0.426703
33.14,-1.10854
33.142,-0.078973
33.144,0.745622
33.146,0.628582
33.148,0.798399
33.15,-1.31721
33.152,1.44693
33.154,0.804835
33.156,-0.59474
33.158,-0.204193
33.16,-0.523706
33.162,-1.01729
33.164,0.658923
33.166,-0.638106
33.168,-1.62597
33.17,-0.840188
33.172,-0.327084
33.174,0.792055
33.176,-0.0224903
33.178,-2.33149
33.18,-3.29611
33.182,-2.82784
33.184,-2.29035
33.186,-1.75762
33.188,-1.8497
33.19,-0.368174
33.192,0.433661
33.194,0.848607
33.196,-1.90801
33.198,-1.57207
33.2,-1.72983
33.202,-0.0406862
33.204,-2.13148
33.206,-0.734017
33.208,2.0795
33.21,2.45563
33.212,1.25888
33.214,2.24104
33.216,1.24935
33.218,-0.591323
33.22,-0.729507
33.222,0.622166
33.224,0.465764
33.226,2.74835
33.228,2.53493
33.23,0.660722
33.232,0.924828
33.234,1.3716
33.236,-3.16659
33.238,-2.75145
33.24,-1.13779
33.242,-0.896104
33.244,0.0624931
33.246,2.16971
33.248,0.645409
33.25,1.00308
33.252,1.17037
33.254,0.486838
33.256,-0.0182249
33.258,-2.1794
33.26,-3.47572
33.262,-1.62121
33.264,0.857028
33.266,1.75423
33.268,1.20247
33.27,3.05643
33.272,2.53076
33.274,3.20928
33.276,2.0287
33.278,0.203775
33.28,-0.224939
33.282,1.36318
33.284,0.746345
33.286,0.0610684
33.288,-1.58069
33.29,-0.889907
33.292,-1.54939
33.294,-0.782113
33.296,0.388
33.298,-2.71102
33.3,-2.76705
33.302,-2.59261
33.304,-0.638285
33.306,1.00757
33.308,-0.227313
33.31,-1.37337
33.312,-0.482769
33.314,0.229812
33.316,0.684381
33.318,2.68432
33.32,4.87766
33.322,2.63986
33.324,2.85981
33.326,2.46187
33.328,-1.43431
33.33,-1.30761
33.332,0.325527
33.334,-0.738028
33.336,1.00954
33.338,1.39644
33.34,2.60544
33.342,1.49214
33.344,0.115076
33.346,0.0256803
33.348,-1.19878
33.35,-0.389523
33.352,0.665532
33.354,0.428305
33.356,0.759542
33.358,-1.20365
33.36,0.318559
33.362,-0.761305
33.364,-0.0803499
33.366,-1.41247
33.368,-0.184797
33.37,-1.9302
33.372,-3.23464
33.374,-1.40711
33.376,0.350774
33.378,0.297485
33.38,0.696919
33.382,1.73517
33.384,-1.03483
33.386,-1.24466
33.388,-2.86497
33.39,-2.76426
33.392,-0.748978
33.394,0.464858
33.396,0.0589603
33.398,-1.57813
33.4,-0.364124
33.402,0.584486
33.404,2.11136
33.406,0.0195107
33.408,0.577806
33.41,-0.849177
33.412,-1.80858
33.414,-2.91951
33.416,-3.15616
33.418,-3.0902
33.42,-2.60808
33.422,-3.58106
33.424,-2.49715
33.426,-1.95614
33.428,-1.76724
33.43,-0.0954505
33.432,1.05359
33.434,-0.972872
33.436,-1.56281
33.438,0.242005
33.44,-0.27838
33.442,0.220491
33.444,2.0158
33.446,2.42515
33.448,0.578854
33.45,0.189903
33.452,0.439651
33.454,0.0683256
33.456,0.314867
33.458,1.13136
33.46,0.00935357
33.462,0.245366
33.464,2.73011
33.466,1.05251
33.468,1.66569
33.47,1.3274
33.472,0.243918
33.474,-0.541308
33.476,0.457251
33.478,-0.249278
33.48,-2.20641
33.482,-1.1098
33.484,-2.04872
33.486,-2.99628
33.488,-0.931208
33.49,0.424279
33.492,-0.0485564
33.494,0.848191
33.496,-0.513741
33.498,-0.0241469
33.5,-1.42344
33.502,-3.72243
33.504,-2.86514
33.506,-3.35186
33.508,-4.01933
33.51,-4.12081
33.512,-3.11657
33.514,-1.497
33.516,-3.25108
33.518,0.155096
33.52,0.191724
33.522,-0.431299
33.524,-0.413802
33.526,-0.447118
33.528,0.117171
33.53,1.06403
33.532,-0.520651
33.534,0.570696
33.536,0.664366
33.538,0.213384
33.54,2.29503
33.542,1.85308
33.544,0.708518
33.546,2.28924
33.548,-0.230071
33.55,0.828719
33.552,-0.15934
33.554,0.773555
33.556,2.5312
33.558,2.42771
33.56,0.767683
33.562,0.0109281
33.564,2.0898
33.566,1.89253
33.568,1.81708
33.57,0.616703
33.572,0.403263
33.574,0.608845
33.576,-0.462369
33.578,-0.40777
33.58,-0.943744
33.582,-1.09321
33.584,-1.37419
33.586,-0.251749
33.588,-0.322834
33.59,-0.255331
33.592,0.553613
33.594,1.30758
33.596,1.13757
33.598,2.43756
33.6,1.51629
33.602,0.260549
33.604,0.70047
33.606,-0.047856
33.608,0.935133
33.61,1.5689
33.612,1.22676
33.614,-0.405808
33.616,-0.561761
33.618,-0.73632
33.62,2.9479
33.622,3.4571
33.624,4.16053
33.626,5.48731
33.628,6.00971
33.63,5.5653
33.632,4.97938
33.634,1.25681
33.636,2.17305
33.638,2.3608
33.64,-0.0900767
33.642,-1.40032
33.644,-2.28713
33.646,0.229246
33.648,-0.663329
33.65,-1.17584
33.652,0.602527
33.654,0.661182
33.656,0.695701
33.658,-1.104
33.66,-0.866392
33.662,-1.79991
33.664,-2.01614
33.666,-2.71487
33.668,-3.71256
33.67,-4.34427
33.672,-0.982319
33.674,-0.153733
33.676,1.09606
33.678,0.81784
33.68,0.621472
33.682,1.31244
33.684,4.08113
33.686,2.26237
33.688,3.87693
33.69,2.51887
33.692,4.63613
33.694,5.36024
33.696,4.92962
33.698,4.8606
33.7,1.94024
33.702,2.85796
33.704,2.90707
33.706,1.41064
33.708,0.2782
33.71,-0.337159
33.712,0.22569
33.714,-1.03691
33.716,-1.09152
33.718,-3.64034
33.72,-2.96436
33.722,-1.63202
33.724,-2.9984
33.726,-2.04188
33.728,-2.96068
33.73,-1.59787
33.732,-2.87519
33.734,-3.67858
33.736,-2.69904
33.738,-3.5198
33.74,-4.0699
33.742,-2.18114
33.744,-0.829663
33.746,-0.729026
33.748,-0.483003
33.75,0.123271
33.752,-0.94821
33.754,-1.04535
33.756,-1.31487
33.758,-1.41857
33.76,-1.16171
33.762,0.0797698
33.764,0.339427
33.766,0.0256127
33.768,0.0302409
33.77,-3.62475
33.772,-2.32708
33.774,-2.00401
33.776,-1.49654
33.778,-2.73931
33.78,-0.924485
33.782,-2.97315
33.784,-4.06113
33.786,-1.26766
33.788,-1.27773
33.79,-2.13978
33.792,-3.32288
33.794,-1.68505
33.796,-2.2727
33.798,-1.61305
33.8,0.957027
33.802,-0.64268
33.804,-0.760899
33.806,-1.88572
33.808,-1.50855
33.81,-0.0089851
33.812,0.844411
33.814,-1.00179
33.816,0.964928
33.818,1.76151
33.82,0.505296
33.822,0.0826294
33.824,0.680959
33.826,1.64623
33.828,-0.0321197
33.83,-0.548517
33.832,-1.38351
33.834,-2.17662
33.836,-3.02194
33.838,-1.05307
33.84,0.326882
33.842,1.85187
33.844,2.67854
33.846,2.8412
33.848,1.37093
33.85,2.29106
33.852,0.227127
33.854,1.24271
33.856,-1.66263
33.858,-2.56912
33.86,-0.407902
33.862,-1.01773
33.864,-1.82531
33.866,-2.18761
33.868,2.36557
33.87,1.74046
33.872,3.28207
33.874,2.62279
33.876,2.47886
33.878,1.44133
33.88,1.10471
33.882,0.885363
33.884,1.77999
33.886,1.83506
33.888,0.693128
33.89,-0.268602
33.892,-0.131865
33.894,-0.932698
33.896,-0.813407
33.898,-2.55448
33.9,-0.943047
33.902,-0.328694
33.904,0.58584
33.906,1.80484
33.908,2.16963
33.91,3.47986
33.912,3.22457
33.914,3.15109
33.916,2.85064
33.918,2.5366
33.92,2.6516
33.922,1.01764
33.924,2.41449
33.926,1.03891
33.928,0.378689
33.93,-1.40641
33.932,1.2969
33.934,-0.866929
33.936,-1.66329
33.938,-1.56969
33.94,-0.488464
33.942,1.83989
33.944,0.532081
33.946,2.36535
33.948,1.36367
33.95,3.90943
33.952,2.06008
33.954,2.00993
33.956,0.148192
33.958,-0.669238
33.96,-0.910383
33.962,0.290291
33.964,-1.02762
33.966,0.62361
33.968,0.401449
33.97,1.56346
33.972,3.35
33.974,1.18657
33.976,-1.46776
33.978,-0.977965
33.98,-1.30065
33.982,-1.90043
33.984,-2.83526
33.986,-1.91149
33.988,-3.29964
33.99,-2.51777
33.992,-1.93146
33.994,-2.61112
33.996,-2.78357
33.998,-2.93577
34,-2.21732
34.002,1.3013
34.004,0.00907866
34.006,0.999553
34.008,1.04004
34.01,2.17004
34.012,2.08045
34.014,0.631005
34.016,-1.48866
34.018,-2.14976
34.02,-1.52542
34.022,-1.60741
34.024,-1.69355
34.026,-0.401758
34.028,0.991282
34.03,0.408085
34.032,0.967366
34.034,2.54952
34.036,1.07037
34.038,0.56064
34.04,1.64263
34.042,-1.27152
34.044,-1.10012
34.046,-1.18925
34.048,-0.969789
34.05,0.368473
34.052,1.54615
34.054,-0.935824
34.056,-1.15904
34.058,1.44564
34.06,-0.889788
34.062,-2.14459
34.064,-1.79398
34.066,-3.427
34.068,-0.151941
34.07,1.45477
34.072,1.44143
34.074,2.75684
34.076,2.82213
34.078,1.57946
34.08,1.52039
34.082,3.01961
34.084,2.25641
34.086,2.79298
34.088,-0.535065
34.09,1.11231
34.092,0.295459
34.094,-0.453964
34.096,1.16947
34.098,1.31022
34.1,-0.710477
34.102,-0.938507
34.104,1.19598
34.106,3.54488
34.108,-0.309964
34.11,1.13864
34.112,0.396268
34.114,-2.16745
34.116,-2.48766
34.118,-2.75177
34.12,-3.22216
34.122,-1.61595
34.124,-2.30327
34.126,-0.0277515
34.128,-0.475091
34.13,-0.848189
34.132,2.27835
34.134,2.48923
34.136,1.41629
34.138,2.24117
34.14,1.79979
34.142,1.3527
34.144,0.411684
34.146,1.1583
34.148,-0.103083
34.15,-1.61122
34.152,-3.16796
34.154,-1.45846
34.156,-0.243858
34.158,-1.37592
34.16,-0.490647
34.162,0.449666
34.164,1.62113
34.166,0.309703
34.168,-2.65557
34.17,-0.383042
34.172,3.39339
34.174,3.86413
34.176,3.02263
34.178,1.46638
34.18,-0.460446
34.182,-2.08
34.184,-1.24395
34.186,-0.701764
34.188,1.46492
34.19,0.793313
34.192,-0.569333
34.194,-0.70617
34.196,-0.729657
34.198,0.683845
34.2,-1.20167
34.202,-1.32362
34.204,-0.45592
34.206,-0.0101692
34.208,2.02681
34.21,1.53754
34.212,1.69773
34.214,0.396392
34.216,-0.413311
34.218,-1.07312
34.22,-0.0706612
34.222,-0.0541507
34.224,-0.509509
34.226,0.779017
34.228,-1.1072
34.23,-1.43579
34.232,1.8201
34.234,2.23768
34.236,0.231352
34.238,3.45314
34.24,0.898726
34.242,2.81889
34.244,2.01691
34.246,0.678253
34.248,1.48456
34.25,0.910112
34.252,-0.243426
34.254,-0.936167
34.256,-0.928103
34.258,-1.41545
34.26,0.522658
34.262,-0.0719342
34.264,1.03135
34.266,1.35136
34.268,1.95449
34.27,1.04032
34.272,-0.472083
34.274,0.311547
34.276,0.0250192
34.278,-1.65982
34.28,1.01545
34.282,0.487308
34.284,0.310938
34.286,0.647138
34.288,0.979687
34.29,0.700583
34.292,0.968841
34.294,0.0444943
34.296,1.48826
34.298,0.371813
34.3,-0.703755
34.302,-1.21685
34.304,-1.43698
34.306,-0.443676
34.308,-0.703892
34.31,-2.50379
34.312,-2.36064
34.314,-0.244709
34.316,-1.39286
34.318,-1.25724
34.32,-0.377189
34.322,-0.141203
34.324,-1.06964
34.326,-1.66672
34.328,-1.99048
34.33,-1.79244
34.332,-1.1005
34.334,1.08601
34.336,3.1821
34.338,0.93713
34.34,2.32565
34.342,3.41173
34.344,3.79007
34.346,5.53667
34.348,1.87198
34.35,2.72105
34.352,2.69862
34.354,0.685639
34.356,1.21379
34.358,-0.707421
34.36,-2.21868
34.362,-2.7513
34.364,-1.37222
34.366,-2.88043
34.368,-2.85676
34.37,-0.562308
34.372,-0.737576
34.374,-1.43892
34.376,-4.37896
34.378,-2.91789
34.38,-3.34058
34.382,-1.27772
34.384,0.751872
34.386,1.64403
34.388,0.305412
34.39,-0.521798
34.392,0.201386
34.394,0.0202964
34.396,1.4529
34.398,0.369181
34.4,1.86957
34.402,0.448747
34.404,-1.22298
34.406,-0.59884
34.408,-0.585328
34.41,-0.821574
34.412,1.59979
34.414,3.17247
34.416,1.57882
34.418,2.43703
34.42,0.517447
34.422,-0.649608
34.424,-2.32449
34.426,0.357761
34.428,1.1095
34.43,2.50703
34.432,0.508931
34.434,-0.518564
34.436,-0.526097
34.438,1.03049
34.44,0.381857
34.442,-1.67482
34.444,-2.53342
34.446,-2.15786
34.448,-0.246584
34.45,1.62683
34.452,1.98323
34.454,0.571792
34.456,1.28843
34.458,0.90571
34.46,1.41998
34.462,2.29235
34.464,1.9424
34.466,1.59499
34.468,2.13711
34.47,3.07302
34.472,0.641379
34.474,-0.41897
34.476,1.19652
34.478,1.06052
34.48,1.38441
34.482,1.57815
34.484,1.20065
34.486,0.496182
34.488,-0.570606
34.49,-0.753309
34.492,-2.84897
34.494,-1.27533
34.496,-0.164447
34.498,-0.0925357
34.5,-0.746356
34.502,0.237587
34.504,0.877243
34.506,1.50722
34.508,0.204526
34.51,-0.751206
34.512,0.642468
34.514,-0.78614
34.516,-0.000421645
34.518,0.358673
34.52,0.361881
34.522,2.44073
34.524,2.79831
34.526,3.91614
34.528,1.14541
34.53,1.86601
34.532,1.85468
34.534,1.66829
34.536,1.30304
34.538,-0.983185
34.54,-2.81924
34.542,-1.09248
34.544,0.652665
34.546,-1.2335
34.548,-2.66406
34.55,-2.09826
34.552,-0.922725
34.554,-1.83501
34.556,-1.27761
34.558,-2.23776
34.56,-3.21642
34.562,-2.23843
34.564,-3.423
34.566,-3.00142
34.568,-2.54182
34.57,-1.28615
34.572,-0.638096
34.574,-2.56354
34.576,0.846304
34.578,0.823725
34.58,1.91441
34.582,2.45075
34.584,2.41184
34.586,0.884097
34.588,2.54417
34.59,2.05276
34.592,3.21035
34.594,2.08168
34.596,1.51323
34.598,0.587548
34.6,0.256233
34.602,-0.269343
34.604,-3.51937
34.606,-0.417313
34.608,0.578848
34.61,0.715111
34.612,0.779123
34.614,2.60176
34.616,1.37932
34.618,0.879628
34.62,0.639318
34.622,-0.236625
34.624,1.9252
34.626,0.3414
34.628,0.353797
34.63,-0.398105
34.632,0.53887
34.634,-0.39379
34.636,-0.98058
34.638,-2.56163
34.64,-2.36333
34.642,0.803141
34.644,1.5856
34.646,0.083642
34.648,0.733131
34.65,0.0428305
34.652,-1.33672
34.654,-2.09901
34.656,-4.0514
34.658,-1.37435
34.66,-0.910887
34.662,-0.299747
34.664,1.4498
34.666,-1.22978
34.668,-2.72476
34.67,-1.17304
34.672,-0.846156
34.674,1.1282
34.676,-0.253866
34.678,-1.43819
34.68,1.18455
34.682,2.44529
34.684,0.992239
34.686,-1.37298
34.688,-0.325832
34.69,-1.15522
34.692,-4.48293
34.694,-2.22233
34.696,1.99878
34.698,1.13498
34.7,2.0539
34.702,-0.00142477
34.704,0.0857817
34.706,1.66215
34.708,1.23328
34.71,0.701476
34.712,0.772548
34.714,1.79833
34.716,1.75131
34.718,1.56657
34.72,1.15142
34.722,-0.0414282
34.724,-0.102049
34.726,-0.950076
34.728,-0.0392658
34.73,2.09853
34.732,0.865314
34.734,3.98975
34.736,2.49627
34.738,1.49388
34.74,-0.0746032
34.742,-0.567723
34.744,1.59361
34.746,0.134406
34.748,4.38501
34.75,2.29048
34.752,2.01825
34.754,0.597397
34.756,1.47571
34.758,0.522415
34.76,2.07771
34.762,0.0654397
34.764,-0.962514
34.766,-2.30253
34.768,-0.706178
34.77,-1.68496
34.772,-2.56689
34.774,-1.22885
34.776,1.36769
34.778,1.45135
34.78,2.21019
34.782,0.629964
34.784,0.561007
34.786,-0.312663
34.788,-0.554636
34.79,-1.4007
34.792,-2.38221
34.794,-2.8284
34.796,-3.0815
34.798,0.25955
34.8,-0.682767
34.802,0.756305
34.804,1.15033
34.806,-0.378964
34.808,-1.16371
34.81,0.262392
34.812,0.285575
34.814,-0.486304
34.816,2.66104
34.818,3.09216
34.82,2.59462
34.822,1.41967
34.824,1.71202
34.826,2.16398
34.828,0.25711
34.83,1.08886
34.832,-0.152138
34.834,0.632102
34.836,-0.995913
34.838,-1.23529
34.84,-2.10591
34.842,0.151722
34.844,0.247062
34.846,-1.3257
34.848,0.295797
34.85,1.37079
34.852,2.49635
34.854,0.597459
34.856,2.81019
34.858,2.1738
34.86,2.24956
34.862,-0.980197
34.864,-1.54341
34.866,-2.31661
34.868,0.0610586
34.87,0.139061
34.872,0.269333
34.874,-0.47415
34.876,-1.7486
34.878,-1.63658
34.88,-2.3195
34.882,-4.50696
34.884,-4.16473
34.886,-3.58543
34.888,-1.37752
34.89,-0.0797215
34.892,0.0825127
34.894,1.24585
34.896,0.560809
34.898,1.03558
34.9,-0.865231
34.902,-1.6707
34.904,-0.0517604
34.906,-1.94904
34.908,-0.796125
34.91,0.167227
34.912,0.25562
34.914,1.78874
34.916,1.84031
34.918,0.108956
34.92,0.0120744
34.922,0.53032
34.924,1.4874
34.926,0.926206
34.928,-1.47513
34.93,1.01797
34.932,1.44928
34.934,1.85916
34.936,2.50983
34.938,1.01733
34.94,-0.625288
34.942,-0.409532
34.944,-2.39092
34.946,-2.62123
34.948,-3.15278
34.95,-1.61008
34.952,-3.2423
34.954,-1.66536
34.956,-0.804338
34.958,1.5027
34.96,2.41957
34.962,1.05755
34.964,2.07547
34.966,1.94609
34.968,5.35015
34.97,5.30775
34.972,4.04928
34.974,4.34246
34.976,3.97866
34.978,1.26851
34.98,0.799943
34.982,0.951978
34.984,0.573327
34.986,1.00412
34.988,0.943966
34.99,1.12702
34.992,0.173011
34.994,1.30853
34.996,0.290584
34.998,-1.69691
35,2.28966
35.002,1.94898
35.004,1.88612
35.006,2.10961
35.008,2.93757
35.01,0.962303
35.012,0.683666
35.014,0.0807745
35.016,1.56975
35.018,0.201823
35.02,0.311817
35.022,-0.181594
35.024,0.0790761
35.026,0.375404
35.028,-0.454697
35.03,-0.206671
35.032,-1.34155
35.034,0.357315
35.036,-1.61498
35.038,0.169475
35.04,0.171119
35.042,-0.47492
35.044,-1.36962
35.046,-0.0255379
35.048,-1.89746
35.05,-0.560366
35.052,0.321135
35.054,-1.3302
35.056,0.361474
35.058,0.0897255
35.06,-3.13651
35.062,0.361486
35.064,0.964604
35.066,3.20371
35.068,2.73393
35.07,-0.369161
35.072,0.137829
35.074,-0.17155
35.076,1.3394
35.078,-0.104561
35.08,-2.54479
35.082,-3.75475
35.084,-1.62568
35.086,-3.42519
35.088,-3.01323
35.09,-3.4279
35.092,-2.23447
35.094,-1.0685
35.096,-0.329533
35.098,-0.977968
35.1,-1.76763
35.102,-3.69103
35.104,-2.45452
35.106,0.535945
35.108,1.03719
35.11,3.91677
35.112,2.58622
35.114,4.38696
35.116,2.97
35.118,1.67546
35.12,1.84902
35.122,0.105181
35.124,-1.67164
35.126,-1.11784
35.128,-1.5792
35.13,-2.92714
35.132,1.86431
35.134,2.2903
35.136,0.142504
35.138,-2.11397
35.14,-2.13875
35.142,-0.387
35.144,1.77649
35.146,0.417232
35.148,2.60662
35.15,1.92666
35.152,2.88989
35.154,2.5852
35.156,3.50564
35.158,2.88632
35.16,1.07657
35.162,0.477681
35.164,-0.943052
35.166,-0.835304
35.168,-0.233201
35.17,0.794675
35.172,-0.565185
35.174,0.0656401
35.176,-1.13689
35.178,-0.0372709
35.18,-0.285005
35.182,-0.245036
35.184,0.593951
35.186,-0.521471
35.188,1.51806
35.19,1.81049
35.192,0.865172
35.194,1.39622
35.196,0.860911
35.198,-0.582426
35.2,-1.71692
35.202,-0.626413
35.204,-0.70119
35.206,-1.01877
35.208,-1.23413
35.21,1.82899
35.212,0.0386495
35.214,-0.927383
35.216,-0.597817
35.218,1.02608
35.22,0.432608
35.222,2.4285
35.224,2.25085
35.226,3.04452
35.228,1.46644
35.23,-0.760654
35.232,0.250908
35.234,-1.77374
35.236,-2.49411
35.238,-1.30985
35.24,-2.35857
35.242,-4.28953
35.244,-1.42455
35.246,0.0493871
35.248,1.73347
35.25,1.00963
35.252,1.70905
35.254,0.475669
35.256,0.795414
35.258,2.4618
35.26,2.89771
35.262,4.39354
35.264,1.64194
35.266,1.77838
35.268,2.40673
35.27,1.55677
35.272,2.3566
35.274,2.83749
35.276,1.1385
35.278,-2.05267
35.28,-0.57235
35.282,-0.0456769
35.284,-1.779
35.286,-0.756014
35.288,-2.45883
35.29,-2.55495
35.292,0.152784
35.294,0.194552
35.296,0.74088
35.298,-2.98683
35.3,-2.82272
35.302,-0.104055
35.304,-0.58948
35.306,-2.41976
35.308,-1.5877
35.31,-0.852059
35.312,-2.48658
35.314,-2.67637
35.316,-3.27156
35.318,-3.2561
35.32,-2.52714
35.322,-2.25329
35.324,-0.0269492
35.326,2.02722
35.328,-0.360395
35.33,-0.568647
35.332,-1.97801
35.334,-0.530065
35.336,0.366952
35.338,1.77724
35.34,-0.368776
35.342,0.00990107
35.344,-1.07621
35.346,-0.67049
35.348,0.670801
35.35,2.77917
35.352,3.01253
35.354,0.953153
35.356,-1.19323
35.358,0.0618059
35.36,-1.1016
35.362,-1.53831
35.364,-3.51369
35.366,-0.833039
35.368,3.49736
35.37,3.34087
35.372,2.29063
35.374,1.61595
35.376,0.780727
35.378,2.50361
35.38,1.83958
35.382,3.17403
35.384,1.89675
35.386,0.365754
35.388,-0.0698683
35.39,-0.0884349
35.392,-0.656387
35.394,0.967384
35.396,2.12366
35.398,1.08793
35.4,1.51562
35.402,2.5637
35.404,0.577256
35.406,0.498878
35.408,2.60813
35.41,1.45697
35.412,0.975704
35.414,-0.309856
35.416,-1.36285
35.418,-1.66
35.42,-1.8955
35.422,-1.88463
35.424,-2.32968
35.426,0.398202
35.428,-1.05528
35.43,-0.284703
35.432,0.135238
35.434,0.876765
35.436,0.586284
35.438,-0.760853
35.44,0.509748
35.442,0.219035
35.444,0.240651
35.446,-1.35479
35.448,-2.99019
35.45,-0.650803
35.452,-0.0994038
35.454,2.15341
35.456,3.3919
35.458,4.90961
35.46,6.36192
35.462,4.20201
35.464,1.5759
35.466,-0.338856
35.468,-0.0403412
35.47,-0.0890429
35.472,-0.666869
35.474,-2.04819
35.476,-0.33459
35.478,-0.18268
35.48,-0.912864
35.482,-2.05769
35.484,-3.37023
35.486,-1.65681
35.488,0.868612
35.49,1.07699
35.492,-0.132288
35.494,-0.422427
35.496,-0.365693
35.498,0.0872776
35.5,-0.970693
35.502,-2.12887
35.504,-1.06261
35.506,-1.08873
35.508,-0.0213188
35.51,-0.330481
35.512,1.60566
35.514,0.136958
35.516,-1.4019
35.518,0.92204
35.52,1.42646
35.522,3.83685
35.524,1.53919
35.526,0.819321
35.528,2.04777
35.53,2.52852
35.532,2.46683
35.534,1.5802
35.536,0.981907
35.538,0.739534
35.54,2.85867
35.542,2.98901
35.544,1.36581
35.546,-0.121127
35.548,0.973301
35.55,0.242538
35.552,-1.9148
35.554,-1.6481
35.556,-0.716241
35.558,-1.08374
35.56,-1.53838
35.562,0.801202
35.564,0.104456
35.566,-0.662115
35.568,1.30588
35.57,-0.42076
35.572,-0.325497
35.574,-0.693144
35.576,-1.05904
35.578,-1.16518
35.58,-1.12671
35.582,-1.88303
35.584,0.595598
35.586,1.4369
35.588,-0.253605
35.59,-1.31286
35.592,-0.467757
35.594,-0.356449
35.596,0.890758
35.598,-0.420013
35.6,-0.0211769
35.602,0.381079
35.604,0.689584
35.606,-0.414697
35.608,-2.2843
35.61,-0.474653
35.612,-1.61349
35.614,-1.6114
35.616,-0.222757
35.618,-0.484137
35.62,0.631774
35.622,1.43355
35.624,2.53844
35.626,0.602428
35.628,1.62234
35.63,0.166844
35.632,0.589821
35.634,1.71775
35.636,3.01433
35.638,3.3291
35.64,1.35128
35.642,2.64151
35.644,2.87559
35.646,1.79904
35.648,-0.425023
35.65,-0.947671
35.652,2.4143
35.654,2.00985
35.656,0.341708
35.658,-0.65767
35.66,1.95042
35.662,-0.165349
35.664,-1.13278
35.666,-0.700426
35.668,-0.123926
35.67,-0.342494
35.672,1.09022
35.674,2.14701
35.676,1.1684
35.678,2.06189
35.68,2.79868
35.682,0.488108
35.684,0.144296
35.686,1.07521
35.688,-1.89544
35.69,-0.0986785
35.692,-1.90814
35.694,-2.51207
35.696,-5.15098
35.698,-2.64019
35.7,-0.830143
35.702,-0.992951
35.704,0.445229
35.706,1.74884
35.708,1.23737
35.71,0.229809
35.712,-2.02859
35.714,-2.72107
35.716,0.3199
35.718,1.28815
35.72,0.665972
35.722,0.123268
35.724,-0.800721
35.726,-1.33663
35.728,-2.03809
35.73,0.410473
35.732,0.125573
35.734,1.71202
35.736,-1.25227
35.738,0.189342
35.74,-2.12473
35.742,-1.54468
35.744,-0.72003
35.746,-1.11948
35.748,0.37303
35.75,-0.42978
35.752,2.57431
35.754,0.946797
35.756,-1.97276
35.758,-0.0498503
35.76,0.627507
35.762,1.46745
35.764,1.63856
35.766,2.15409
35.768,1.68424
35.77,2.42767
35.772,0.411986
35.774,1.09846
35.776,-0.159292
35.778,-0.292551
35.78,0.0597424
35.782,-3.38584
35.784,-1.10339
35.786,-2.52254
35.788,-3.39052
35.79,-0.65391
35.792,-1.27438
35.794,-3.67105
35.796,-3.10031
35.798,0.916
35.8,4.34101
35.802,2.4635
35.804,2.53992
35.806,1.65981
35.808,1.45605
35.81,2.31929
35.812,2.05425
35.814,-0.0798578
35.816,-0.61232
35.818,-1.46916
35.82,1.19751
35.822,2.33863
35.824,0.994635
35.826,0.135998
35.828,-0.957195
35.83,-0.430504
35.832,-2.79925
35.834,-2.49332
35.836,-3.86849
35.838,-3.24395
35.84,-0.769246
35.842,-0.604745
35.844,-1.87016
35.846,-0.708188
35.848,-0.479826
35.85,0.939683
35.852,0.883528
35.854,1.47797
35.856,0.129246
35.858,2.04759
35.86,0.768545
35.862,0.7718
35.864,2.47574
35.866,3.23161
35.868,2.75017
35.87,2.57861
35.872,1.61614
35.874,0.278466
35.876,1.44302
35.878,1.21248
35.88,-0.877971
35.882,0.751104
35.884,0.478064
35.886,1.78003
35.888,3.45141
35.89,1.55061
35.892,2.47266
35.894,1.15703
35.896,1.23764
35.898,0.679673
35.9,1.05435
35.902,-2.02935
35.904,1.00743
35.906,3.22975
35.908,1.34432
35.91,-1.90419
35.912,-1.36283
35.914,-1.64797
35.916,-0.932752
35.918,-1.72792
35.92,0.588486
35.922,1.79918
35.924,-0.220672
35.926,-0.0701433
35.928,1.72424
35.93,1.11979
35.932,1.86586
35.934,0.544861
35.936,-0.6678
35.938,-0.0581988
35.94,-0.0255652
35.942,1.67362
35.944,1.30317
35.946,2.4001
35.948,1.41315
35.95,-1.16594
35.952,-3.04168
35.954,-2.83271
35.956,-1.02348
35.958,-0.192393
35.96,-1.78228
35.962,-1.46532
35.964,-2.47635
35.966,-1.7095
35.968,1.78581
35.97,0.351701
35.972,1.11348
35.974,2.03409
35.976,-1.31685
35.978,0.199702
35.98,1.87069
35.982,2.94094
35.984,1.3218
35.986,-0.282631
35.988,-0.36587
35.99,-0.39465
35.992,1.36453
35.994,-0.355433
35.996,-1.12775
35.998,-1.26136
36,-0.933422
36.002,-2.0585
36.004,-1.73122
36.006,1.23553
36.008,1.67413
36.01,1.95506
36.012,1.30347
36.014,-0.93282
36.016,-2.35647
36.018,-2.56663
36.02,-0.138183
36.022,-1.08146
36.024,0.594476
36.026,-1.13363
36.028,-2.89635
36.03,-3.30125
36.032,-1.04295
36.034,0.0888836
36.036,-0.965394
36.038,-2.56569
36.04,1.7978
36.042,2.39465
36.044,2.30906
36.046,1.14618
36.048,-1.51078
36.05,-0.758278
36.052,-1.07159
36.054,-1.03407
36.056,-0.10922
36.058,2.00006
36.06,0.366808
36.062,0.276448
36.064,-0.404339
36.066,0.0489393
36.068,1.122
36.07,1.39413
36.072,1.90859
36.074,2.41607
36.076,0.014528
36.078,-1.36925
36.08,0.259164
36.082,0.231613
36.084,0.167305
36.086,-0.317909
36.088,-0.419111
36.09,-0.76832
36.092,-1.17658
36.094,-1.38287
36.096,-2.08452
36.098,-1.66032
36.1,-0.240053
36.102,-1.10053
36.104,-2.96681
36.106,-5.22677
36.108,-5.84751
36.11,-3.18949
36.112,-1.118
36.114,0.248818
36.116,-0.16567
36.118,-1.63943
36.12,-2.43738
36.122,-0.486588
36.124,0.0404299
36.126,1.79845
36.128,1.71476
36.13,2.8471
36.132,1.95805
36.134,2.2595
36.136,2.51476
36.138,1.67555
36.14,0.595796
36.142,0.311812
36.144,1.3576
36.146,0.908715
36.148,0.177548
36.15,1.65241
36.152,1.97953
36.154,1.63097
36.156,0.619548
36.158,1.7183
36.16,0.446117
36.162,-0.110412
36.164,0.798339
36.166,2.45801
36.168,2.54681
36.17,2.00194
36.172,0.986242
36.174,1.02879
36.176,-2.1693
36.178,-3.92909
36.18,-4.74158
36.182,-4.3191
36.184,-0.3401
36.186,1.21098
36.188,2.13916
36.19,0.528182
36.192,0.841484
36.194,1.21283
36.196,-0.677464
36.198,0.139707
36.2,0.14966
36.202,-1.16108
36.204,-0.35948
36.206,-1.81687
36.208,1.40731
36.21,1.3206
36.212,0.664586
36.214,0.767833
36.216,2.02031
36.218,0.702962
36.22,0.746274
36.222,-0.0730194
36.224,-0.0414909
36.226,-1.80449
36.228,-1.08419
36.23,-1.30064
36.232,-0.567289
36.234,-1.10566
36.236,-1.01925
36.238,-2.9693
36.24,-1.30447
36.242,-2.35657
36.244,-0.640171
36.246,1.06984
36.248,0.86433
36.25,0.190946
36.252,1.3374
36.254,2.54241
36.256,3.46382
36.258,3.21945
36.26,0.0247994
36.262,1.49711
36.264,2.24829
36.266,-0.339934
36.268,-0.133189
36.27,0.985856
36.272,-0.466093
36.274,-0.932387
36.276,0.0258566
36.278,1.14035
36.28,1.78928
36.282,1.97936
36.284,0.450552
36.286,-0.482163
36.288,-0.670635
36.29,1.03257
36.292,0.63925
36.294,-0.913527
36.296,-0.711525
36.298,0.606047
36.3,1.48158
36.302,3.70778
36.304,3.76497
36.306,0.616764
36.308,-0.18349
36.31,-0.331219
36.312,-0.0631367
36.314,0.879786
36.316,3.09882
36.318,3.05998
36.32,4.9289
36.322,2.31123
36.324,2.662
36.326,1.57065
36.328,0.730302
36.33,0.591798
36.332,-1.17109
36.334,-0.674054
36.336,-0.342833
36.338,1.68855
36.34,1.00318
36.342,2.79441
36.344,0.679892
36.346,2.00918
36.348,0.735323
36.35,0.2278
36.352,-1.70215
36.354,-2.68572
36.356,-0.730428
36.358,-0.43077
36.36,1.02205
36.362,2.30856
36.364,0.65785
36.366,0.0151601
36.368,-0.199849
36.37,-1.4704
36.372,-1.88852
36.374,-1.66459
36.376,0.295907
36.378,0.563506
36.38,-0.256224
36.382,0.113545
36.384,-0.241039
36.386,1.01091
36.388,2.39781
36.39,1.01425
36.392,0.248031
36.394,-2.15906
36.396,-1.37655
36.398,-0.594391
36.4,-1.27486
36.402,-3.04853
36.404,-1.9146
36.406,-2.37162
36.408,-0.229897
36.41,-0.94848
36.412,2.02171
36.414,2.34953
36.416,1.83415
36.418,0.379358
36.42,0.91784
36.422,2.44316
36.424,2.77752
36.426,4.22936
36.428,1.44742
36.43,1.10232
36.432,-0.656394
36.434,-1.55749
36.436,-1.83384
36.438,-1.269
36.44,0.391486
36.442,-1.14038
36.444,-1.44867
36.446,-2.04342
36.448,-3.90444
36.45,-2.73454
36.452,-3.35765
36.454,-0.0793462
36.456,0.563474
36.458,2.36814
36.46,0.321858
36.462,0.498742
36.464,0.496258
36.466,0.890102
36.468,1.87218
36.47,0.638062
36.472,-0.115109
36.474,-0.680096
36.476,-1.10785
36.478,-2.67407
36.48,-1.93389
36.482,-2.24881
36.484,-2.83522
36.486,-1.02831
36.488,-3.31965
36.49,-1.69014
36.492,-1.06593
36.494,-0.0638899
36.496,0.614853
36.498,-0.27673
36.5,-2.57817
36.502,-0.81167
36.504,-0.0482822
36.506,1.14724
36.508,0.156439
36.51,-1.13333
36.512,-1.21841
36.514,0.526608
36.516,-0.631375
36.518,-1.99346
36.52,-2.52437
36.522,-1.61805
36.524,-3.73599
36.526,-0.491851
36.528,1.07182
36.53,0.470018
36.532,0.252558
36.534,-1.45521
36.536,0.302461
36.538,0.357451
36.54,-1.70149
36.542,-2.76525
36.544,-1.86719
36.546,-1.01623
36.548,1.27342
36.55,3.29467
36.552,0.975714
36.554,1.34678
36.556,-0.188571
36.558,0.804591
36.56,0.82793
36.562,1.57208
36.564,0.122786
36.566,-2.13093
36.568,-2.65975
36.57,-1.19843
36.572,-1.41852
36.574,-2.18719
36.576,-0.64125
36.578,0.557156
36.58,0.0303026
36.582,1.37426
36.584,0.751617
36.586,2.4238
36.588,2.81229
36.59,3.79652
36.592,2.54457
36.594,1.7613
36.596,1.5515
36.598,-0.588925
36.6,-1.63487
36.602,-0.401807
36.604,-1.81788
36.606,-1.26896
36.608,-0.397331
36.61,1.35369
36.612,1.60965
36.614,1.5395
36.616,2.9504
36.618,3.30201
36.62,2.5318
36.622,1.25148
36.624,2.56177
36.626,1.16581
36.628,0.0939286
36.63,0.515165
36.632,1.61027
36.634,2.24136
36.636,3.88639
36.638,1.88584
36.64,-0.66806
36.642,-1.72846
36.644,-2.51004
36.646,-2.63136
36.648,-0.225074
36.65,-0.378324
36.652,-1.36844
36.654,-0.662316
36.656,0.248479
36.658,2.63404
36.66,3.16117
36.662,4.64141
36.664,1.02974
36.666,0.869054
36.668,0.871386
36.67,1.57123
36.672,1.45668
36.674,2.58956
36.676,1.93105
36.678,1.17774
36.68,1.00088
36.682,-0.371693
36.684,0.745634
36.686,-1.46043
36.688,-2.66937
36.69,-3.09527
36.692,-2.46618
36.694,-1.63829
36.696,-2.10925
36.698,-1.43656
36.7,-1.47031
36.702,-1.96172
36.704,-3.48412
36.706,-0.726143
36.708,0.325853
36.71,-1.58017
36.712,0.038936
36.714,-0.674898
36.716,-2.00454
36.718,-0.903356
36.72,-1.84669
36.722,-2.50906
36.724,-1.889
36.726,0.330627
36.728,1.6004
36.73,2.84992
36.732,0.712399
36.734,-0.546983
36.736,-1.81445
36.738,-2.19841
36.74,0.288287
36.742,-0.25302
36.744,-1.58717
36.746,0.637005
36.748,-0.946192
36.75,-1.98629
36.752,-1.10991
36.754,-2.86468
36.756,-0.431809
36.758,-0.835623
36.76,-0.594076
36.762,0.608589
36.764,3.01025
36.766,0.976819
36.768,2.03823
36.77,2.82614
36.772,2.62217
36.774,1.62123
36.776,0.64476
36.778,1.32465
36.78,1.83551
36.782,1.33507
36.784,0.976313
36.786,-0.340141
36.788,-1.31487
36.79,-0.840878
36.792,-2.10279
36.794,-1.06454
36.796,-0.727046
36.798,-1.81651
36.8,-1.46628
36.802,-0.246791
36.804,1.39477
36.806,0.00302165
36.808,-0.00370391
36.81,-1.70749
36.812,-1.95926
36.814,-1.4546
36.816,-0.452294
36.818,-1.75233
36.82,-1.10891
36.822,0.720438
36.824,0.559443
36.826,-0.268026
36.828,2.44724
36.83,3.00654
36.832,2.30862
36.834,-0.462835
36.836,-1.54503
36.838,-1.60616
36.84,-1.10135
36.842,-3.29308
36.844,-1.96691
36.846,-2.51818
36.848,-2.3241
36.85,-1.32485
36.852,-0.381288
36.854,0.921342
36.856,0.83049
36.858,3.12796
36.86,1.60135
36.862,0.523914
36.864,2.03069
36.866,1.28683
36.868,0.510021
36.87,0.637508
36.872,-0.87984
36.874,-2.51038
36.876,-2.48848
36.878,0.408257
36.88,1.08028
36.882,-0.958487
36.884,2.87756
36.886,1.37624
36.888,2.84878
36.89,3.05962
36.892,1.85064
36.894,1.37321
36.896,3.13342
36.898,3.20766
36.9,2.05212
36.902,1.65642
36.904,1.98339
36.906,-0.295598
36.908,-2.29119
36.91,-3.0601
36.912,-2.17467
36.914,-1.19489
36.916,-3.00257
36.918,-0.35191
36.92,0.124397
36.922,-0.141428
36.924,1.3969
36.926,1.97963
36.928,0.828523
36.93,2.89395
36.932,0.386409
36.934,-0.320949
36.936,-0.644333
36.938,0.430275
36.94,-1.19945
36.942,-0.679264
36.944,-1.59544
36.946,-1.39882
36.948,-0.656953
36.95,-1.99909
36.952,2.47829
36.954,2.81702
36.956,3.90335
36.958,4.36117
36.96,3.44955
36.962,0.803658
36.964,0.99793
36.966,1.81863
36.968,0.32871
36.97,0.765728
36.972,-0.232239
36.974,0.531493
36.976,-0.84618
36.978,-1.11214
36.98,-2.68959
36.982,-0.327611
36.984,-2.15741
36.986,-0.770496
36.988,1.48513
36.99,0.918193
36.992,-0.400016
36.994,-2.00068
36.996,-0.213921
36.998,-1.65837
37,-1.69222
37.002,-3.29248
37.004,-3.00112
37.006,-1.99893
37.008,-1.2018
37.01,0.861268
37.012,1.14116
37.014,0.663505
37.016,1.5338
37.018,-0.0441639
37.02,-0.514939
37.022,-0.620331
37.024,-0.272685
37.026,0.176799
37.028,1.1182
37.03,0.726029
37.032,1.37282
37.034,-0.856636
37.036,-3.09155
37.038,-1.91893
37.04,0.0938067
37.042,-2.10469
37.044,-1.95132
37.046,-1.53158
37.048,-3.31866
37.05,-0.486149
37.052,-1.3918
37.054,-0.454366
37.056,-0.618321
37.058,-2.4902
37.06,0.0580695
37.062,-0.845764
37.064,0.301102
37.066,1.69962
37.068,3.20895
37.07,2.63628
37.072,4.31301
37.074,2.93882
37.076,1.29054
37.078,1.49968
37.08,2.28425
37.082,0.847933
37.084,0.165986
37.086,-2.65412
37.088,-1.05174
37.09,-0.248651
37.092,-0.9218
37.094,0.97267
37.096,1.96231
37.098,-0.0681697
37.1,-0.205789
37.102,-0.957032
37.104,-0.105202
37.106,-1.16422
37.108,-2.036
37.11,-0.36458
37.112,0.271633
37.114,-0.295508
37.116,-0.95207
37.118,0.969225
37.12,-0.618719
37.122,-2.07051
37.124,-1.85299
37.126,-0.831089
37.128,-2.77027
37.13,-1.32645
37.132,0.164052
37.134,-0.219974
37.136,-1.57566
37.138,0.50099
37.14,0.0183043
37.142,-2.44953
37.144,-0.147431
37.146,0.746344
37.148,1.61701
37.15,1.59321
37.152,1.61012
37.154,0.278447
37.156,0.617279
37.158,1.44413
37.16,2.09991
37.162,-0.0315385
37.164,1.22142
37.166,0.482762
37.168,-1.35037
37.17,-1.06499
37.172,0.856761
37.174,-1.93019
37.176,0.213781
37.178,1.40401
37.18,-1.65944
37.182,-2.05447
37.184,-2.56126
37.186,-2.59772
37.188,-0.545516
37.19,-2.70536
37.192,-1.93049
37.194,-1.70963
37.196,-2.37231
37.198,-2.2051
37.2,-3.05534
37.202,-4.48049
37.204,-2.97643
37.206,-2.404
37.208,-0.601458
37.21,-1.58131
37.212,-1.91028
37.214,-0.701884
37.216,-1.33698
37.218,0.0156828
37.22,-0.419355
37.222,2.7244
37.224,0.88611
37.226,1.53422
37.228,-0.609712
37.23,0.837344
37.232,-0.0175176
37.234,0.180153
37.236,1.00999
37.238,1.62035
37.24,0.183431
37.242,-0.504852
37.244,-0.345756
37.246,1.21478
37.248,-0.606678
37.25,-1.39764
37.252,-0.350124
37.254,0.459165
37.256,1.9964
37.258,4.52055
37.26,4.31493
37.262,3.60356
37.264,0.0165412
37.266,0.532563
37.268,1.09702
37.27,0.709537
37.272,-0.317183
37.274,-0.173169
37.276,0.0648226
37.278,-0.351017
37.28,1.27971
37.282,-0.00662552
37.284,-0.352036
37.286,0.873748
37.288,0.714534
37.29,-0.236917
37.292,0.111768
37.294,1.52131
37.296,0.758776
37.298,1.23213
37.3,-0.623043
37.302,0.261723
37.304,0.447984
37.306,-1.80899
37.308,-2.05366
37.31,0.964847
37.312,-2.59551
37.314,-2.67026
37.316,-1.9587
37.318,-4.4118
37.32,-2.84993
37.322,0.508898
37.324,-0.337778
37.326,-0.991895
37.328,0.167909
37.33,1.03064
37.332,1.54873
37.334,0.823638
37.336,-1.95202
37.338,-0.926953
37.34,0.307302
37.342,0.935543
37.344,-0.21267
37.346,-0.773971
37.348,-0.671922
37.35,-0.126716
37.352,-0.707563
37.354,-0.427327
37.356,-2.53439
37.358,-0.557302
37.36,0.509745
37.362,-1.20011
37.364,-0.436378
37.366,-1.92051
37.368,-0.756743
37.37,2.30558
37.372,3.05674
37.374,4.6252
37.376,4.66129
37.378,1.76261
37.38,0.360585
37.382,-0.698856
37.384,-1.0664
37.386,-0.968224
37.388,-0.0616298
37.39,-0.640053
37.392,-0.397444
37.394,-0.648457
37.396,-0.951217
37.398,-0.551102
37.4,0.0347543
37.402,0.795675
37.404,2.64898
37.406,0.825982
37.408,0.467783
37.41,1.16045
37.412,0.75778
37.414,0.55507
37.416,1.3626
37.418,1.89697
37.42,3.48895
37.422,2.54156
37.424,-0.848565
37.426,-1.22379
37.428,-1.93442
37.43,-2.77086
37.432,-2.08658
37.434,-1.36261
37.436,0.520342
37.438,1.02977
37.44,0.941221
37.442,0.842134
37.444,2.03964
37.446,3.63935
37.448,2.64176
37.45,0.413418
37.452,0.0797479
37.454,1.48352
37.456,0.36849
37.458,-0.00832571
37.46,0.229896
37.462,2.7284
37.464,-0.154428
37.466,-1.94718
37.468,-0.461282
37.47,0.958333
37.472,0.313099
37.474,-1.08183
37.476,-3.31679
37.478,-2.33755
37.48,-0.757384
37.482,-1.33179
37.484,-2.99516
37.486,-0.534143
37.488,-1.096
37.49,0.319334
37.492,0.772054
37.494,1.37521
37.496,-0.0278268
37.498,-0.324908
37.5,-1.05754
37.502,-3.05111
37.504,-2.69061
37.506,-1.60219
37.508,-3.10739
37.51,-2.63108
37.512,-0.945643
37.514,2.33455
37.516,3.40851
37.518,0.36596
37.52,1.06714
37.522,1.02878
37.524,0.441432
37.526,-0.109185
37.528,1.98929
37.53,1.434
37.532,2.13295
37.534,1.00645
37.536,0.796761
37.538,2.28385
37.54,1.09495
37.542,0.0143
37.544,0.148304
37.546,-2.35098
37.548,-2.39274
37.55,-1.14524
37.552,-2.08479
37.554,-1.65645
37.556,-1.07614
37.558,-1.62146
37.56,-2.02358
37.562,-0.265963
37.564,-0.361419
37.566,0.449664
37.568,0.333141
37.57,-0.319332
37.572,-1.38508
37.574,-1.70236
37.576,-2.54874
37.578,-3.84016
37.58,-4.05218
37.582,-1.07212
37.584,-1.92879
37.586,-2.92813
37.588,-0.479917
37.59,0.194826
37.592,-0.28067
37.594,1.29131
37.596,-1.83198
37.598,-0.840646
37.6,-1.52947
37.602,0.880065
37.604,0.691759
37.606,1.29011
37.608,-0.48349
37.61,0.197632
37.612,1.80191
37.614,1.61573
37.616,0.765881
37.618,1.97113
37.62,3.0003
37.622,1.63135
37.624,-0.227635
37.626,0.747662
37.628,-0.635818
37.63,1.23857
37.632,0.784801
37.634,-2.12354
37.636,-2.77168
37.638,-3.01615
37.64,-1.97746
37.642,-0.333771
37.644,1.0353
37.646,0.607268
37.648,0.0563471
37.65,0.246309
37.652,1.77182
37.654,0.917525
37.656,0.330372
37.658,2.17702
37.66,0.312996
37.662,-0.264482
37.664,0.416695
37.666,1.08036
37.668,-1.08269
37.67,-1.89597
37.672,-2.56866
37.674,-3.33315
37.676,-2.52181
37.678,-0.877335
37.68,-0.187625
37.682,1.98662
37.684,1.8102
37.686,2.19044
37.688,3.50706
37.69,1.53173
37.692,2.33868
37.694,1.70026
37.696,0.301822
37.698,-0.437272
37.7,-0.963895
37.702,-0.297462
37.704,-0.625077
37.706,1.96265
37.708,2.61233
37.71,1.5603
37.712,-0.335934
37.714,-2.21856
37.716,-1.66476
37.718,-1.80977
37.72,-1.31152
37.722,-0.760039
37.724,2.05659
37.726,4.03479
37.728,2.90846
37.73,1.1723
37.732,-0.160827
37.734,-0.942056
37.736,-1.17426
37.738,-1.46281
37.74,-3.40844
37.742,-2.79857
37.744,-2.44153
37.746,-2.40877
37.748,-1.63712
37.75,-2.2381
37.752,-2.26401
37.754,-2.52379
37.756,0.747901
37.758,3.24747
37.76,3.52715
37.762,3.02265
37.764,1.26087
37.766,3.61455
37.768,0.687781
37.77,0.0601901
37.772,0.348704
37.774,-0.760066
37.776,-3.46043
37.778,-2.16429
37.78,-0.493823
37.782,1.95335
37.784,0.479309
37.786,2.58892
37.788,1.7616
37.79,-1.15337
37.792,-0.73436
37.794,-2.63722
37.796,-1.23613
37.798,-1.80902
37.8,0.839762
37.802,1.3235
37.804,0.84916
37.806,-0.547688
37.808,-1.04613
37.81,1.76023
37.812,0.744417
37.814,1.63145
37.816,1.42499
37.818,-1.26818
37.82,-1.0333
37.822,-0.269084
37.824,0.173206
37.826,-1.61843
37.828,-0.934624
37.83,-0.360847
37.832,1.61414
37.834,1.52969
37.836,-0.018433
37.838,0.900121
37.84,0.0636899
37.842,-2.3198
37.844,-0.925621
37.846,-1.08683
37.848,-1.38686
37.85,-0.456535
37.852,0.260617
37.854,-0.297569
37.856,-2.2011
37.858,-1.76982
37.86,-1.87245
37.862,-0.423776
37.864,-1.4482
37.866,-3.83688
37.868,-1.33139
37.87,0.509506
37.872,1.26989
37.874,1.24216
37.876,1.13958
37.878,-1.28593
37.88,-2.158
37.882,-2.38998
37.884,-1.34456
37.886,-0.738557
37.888,-0.73767
37.89,0.303131
37.892,0.528524
37.894,-1.92616
37.896,0.280374
37.898,0.542209
37.9,-2.2136
37.902,-1.11575
37.904,0.14843
37.906,-0.518011
37.908,-0.684262
37.91,1.20103
37.912,0.840562
37.914,-0.131251
37.916,1.09835
37.918,1.46449
37.92,2.29165
37.922,0.425384
37.924,0.537768
37.926,0.631841
37.928,-2.80913
37.93,-4.79443
37.932,-3.13536
37.934,-3.75373
37.936,-3.9495
37.938,-3.7201
37.94,-2.67857
37.942,-2.35545
37.944,-3.51123
37.946,-2.97409
37.948,-1.84754
37.95,-3.03067
37.952,-2.27975
37.954,-1.9428
37.956,0.892125
37.958,-0.716763
37.96,0.173603
37.962,-1.16207
37.964,1.13264
37.966,1.38949
37.968,1.6856
37.97,1.47492
37.972,3.08874
37.974,3.77615
37.976,3.20415
37.978,2.99757
37.98,3.50733
37.982,2.94944
37.984,0.38148
37.986,0.0202848
37.988,-0.238519
37.99,0.853891
37.992,-0.203767
37.994,-1.93987
37.996,-1.58266
37.998,-1.66218
38,-0.973218
38.002,-2.57537
38.004,-0.498376
38.006,-1.83891
38.008,-1.81497
38.01,0.214092
38.012,-1.38223
38.014,0.632391
38.016,-0.0858733
38.018,1.14941
38.02,2.04173
38.022,2.61201
38.024,2.2612
38.026,0.814113
38.028,2.12789
38.03,1.78981
38.032,1.26472
38.034,0.654193
38.036,-0.405843
38.038,-0.561425
38.04,-0.61428
38.042,-0.979522
38.044,-3.73686
38.046,-2.43257
38.048,-1.32187
38.05,-2.45398
38.052,-2.07976
38.054,0.840833
38.056,1.57281
38.058,3.38495
38.06,3.9114
38.062,5.43221
38.064,3.7448
38.066,2.67466
38.068,3.38765
38.07,4.47792
38.072,1.96342
38.074,1.49191
38.076,2.2253
38.078,-0.112711
38.08,1.27495
38.082,-0.383746
38.084,-2.42772
38.086,-1.75261
38.088,-1.32982
38.09,0.638119
38.092,-0.418812
38.094,-0.0974329
38.096,-0.35
38.098,-0.72826
38.1,0.327881
38.102,-0.415245
38.104,-0.484671
38.106,-0.263205
38.108,1.22021
38.11,1.56193
38.112,1.22323
38.114,0.123939
38.116,-1.15203
38.118,-0.845335
38.12,-0.0977603
38.122,1.36588
38.124,-1.31562
38.126,-2.66468
38.128,-1.84604
38.13,-1.2702
38.132,-1.95099
38.134,-0.402362
38.136,-2.90333
38.138,-2.59145
38.14,-0.919383
38.142,2.26581
38.144,0.530801
38.146,-1.35655
38.148,-0.423796
38.15,-2.25667
38.152,-2.0722
38.154,-1.96576
38.156,0.197141
38.158,-0.17812
38.16,0.45896
38.162,2.3104
38.164,2.66302
38.166,1.59028
38.168,-0.364661
38.17,-0.756639
38.172,0.890491
38.174,-1.78728
38.176,0.329348
38.178,-2.35314
38.18,-1.51749
38.182,0.68717
38.184,-1.27998
38.186,-1.57709
38.188,-1.33368
38.19,0.986873
38.192,0.925102
38.194,-1.35041
38.196,-0.510919
38.198,-1.1773
38.2,-0.0409061
38.202,-1.29246
38.204,-1.17472
38.206,-1.35347
38.208,-2.5874
38.21,-2.78204
38.212,-3.23809
38.214,-3.45248
38.216,-3.29398
38.218,-1.6659
38.22,-1.02231
38.222,-1.63535
38.224,1.53306
38.226,1.42962
38.228,-0.355809
38.23,1.38925
38.232,1.72083
38.234,1.49101
38.236,-0.00194397
38.238,1.68997
38.24,2.96613
38.242,2.69348
38.244,5.06733
38.246,1.18625
38.248,0.715586
38.25,-0.249545
38.252,-1.13536
38.254,-0.133194
38.256,-1.35042
38.258,-1.43581
38.26,-1.43427
38.262,-2.21251
38.264,-3.94684
38.266,-2.31067
38.268,-2.51019
38.27,-1.74318
38.272,-3.14537
38.274,-4.11421
38.276,-2.38001
38.278,-2.16786
38.28,-1.86548
38.282,1.18039
38.284,0.414624
38.286,0.495547
38.288,-0.208705
38.29,-0.862574
38.292,-0.486658
38.294,0.644693
38.296,0.270023
38.298,1.1224
38.3,4.20901
38.302,2.08055
38.304,1.1801
38.306,0.92315
38.308,0.137155
38.31,0.505225
38.312,2.59879
38.314,2.32095
38.316,3.00322
38.318,-0.489193
38.32,-1.77618
38.322,-2.21581
38.324,0.152187
38.326,-1.2303
38.328,-0.509039
38.33,-0.418756
38.332,0.220935
38.334,-1.52719
38.336,-2.96954
38.338,-1.91482
38.34,-0.858726
38.342,0.747605
38.344,3.24668
38.346,2.72814
38.348,2.30843
38.35,2.64276
38.352,1.57485
38.354,2.27431
38.356,2.20187
38.358,0.168691
38.36,-0.926052
38.362,1.58619
38.364,1.57592
38.366,1.29321
38.368,1.44465
38.37,0.40127
38.372,1.14203
38.374,-0.540576
38.376,-0.0658309
38.378,0.879622
38.38,0.754923
38.382,1.25121
38.384,-2.50828
38.386,-2.31887
38.388,-0.491769
38.39,0.163335
38.392,1.60932
38.394,1.41039
38.396,1.6467
38.398,-0.266627
38.4,1.28929
38.402,1.77273
38.404,-0.302008
38.406,-2.08501
38.408,0.273771
38.41,-0.604294
38.412,1.4312
38.414,-0.0267038
38.416,1.43918
38.418,-0.74352
38.42,0.565468
38.422,-1.01778
38.424,-0.115168
38.426,0.53693
38.428,0.668837
38.43,2.23908
38.432,0.476917
38.434,-1.06958
38.436,-2.00261
38.438,-0.326324
38.44,-1.86247
38.442,-2.65856
38.444,-3.70389
38.446,-4.28943
38.448,-1.32062
38.45,-0.600852
38.452,-1.38897
38.454,0.198658
38.456,-1.33758
38.458,-2.85346
38.46,-1.42349
38.462,-2.05951
38.464,-0.299913
38.466,2.14734
38.468,3.24524
38.47,0.614085
38.472,1.76325
38.474,-0.0356201
38.476,0.0234949
38.478,-0.0261706
38.48,0.741693
38.482,1.51356
38.484,-0.301229
38.486,-0.575056
38.488,0.626157
38.49,0.768003
38.492,0.430833
38.494,1.35038
38.496,1.04579
38.498,0.0214104
38.5,-0.209252
38.502,1.19429
38.504,0.671984
38.506,1.37822
38.508,3.84198
38.51,-0.309292
38.512,-1.29398
38.514,0.272532
38.516,1.60325
38.518,1.07269
38.52,0.683917
38.522,0.423881
38.524,-0.886841
38.526,-0.0286385
38.528,-0.798695
38.53,-0.756166
38.532,-1.27321
38.534,-3.33244
38.536,-2.52537
38.538,-3.72022
38.54,-2.44472
38.542,-3.1505
38.544,-3.60626
38.546,-2.91577
38.548,-3.8073
38.55,-3.22563
38.552,-2.07333
38.554,-2.75864
38.556,-2.74738
38.558,-2.37052
38.56,-2.64436
38.562,-1.13587
38.564,-1.02239
38.566,-0.95441
38.568,0.184783
38.57,1.3419
38.572,0.383553
38.574,-0.81396
38.576,-0.0985395
38.578,4.17039
38.58,1.93132
38.582,2.04233
38.584,1.52562
38.586,0.0133387
38.588,-1.35358
38.59,-1.03494
38.592,0.620033
38.594,-0.100503
38.596,-1.15891
38.598,-2.36284
38.6,-2.24477
38.602,-2.66795
38.604,-0.77764
38.606,0.0278236
38.608,0.24337
38.61,0.0121753
38.612,0.0937123
38.614,-2.12346
38.616,-1.35447
38.618,-2.05235
38.62,-2.3203
38.622,-2.56186
38.624,-2.83923
38.626,-2.03247
38.628,-3.30543
38.63,-2.85491
38.632,-1.37466
38.634,-2.80293
38.636,-0.257099
38.638,-0.532676
38.64,1.62686
38.642,3.70054
38.644,2.14402
38.646,1.8066
38.648,3.67595
38.65,1.70754
38.652,-0.702729
38.654,-1.6314
38.656,-1.55192
38.658,-1.12039
38.66,-0.245226
38.662,-0.211893
38.664,-1.27243
38.666,1.45896
38.668,1.41446
38.67,-0.22281
38.672,-0.0607597
38.674,-2.00878
38.676,-1.12946
38.678,1.15283
38.68,-0.535193
38.682,-1.26863
38.684,1.18859
38.686,1.51218
38.688,1.2081
38.69,2.16316
38.692,2.73234
38.694,1.38997
38.696,2.89572
38.698,3.28524
38.7,0.380369
38.702,2.55308
38.704,3.03446
38.706,2.27901
38.708,2.4627
38.71,2.41402
38.712,1.40125
38.714,0.938155
38.716,2.82148
38.718,1.18744
38.72,2.3266
38.722,1.88643
38.724,0.161718
38.726,1.31279
38.728,3.25424
38.73,0.41945
38.732,-0.100172
38.734,-0.75698
38.736,1.37171
38.738,1.35172
38.74,2.39675
38.742,1.44382
38.744,1.4105
38.746,1.22367
38.748,0.26187
38.75,-0.597817
38.752,0.257351
38.754,0.150823
38.756,2.29149
38.758,1.92367
38.76,2.01558
38.762,1.60411
38.764,1.63979
38.766,2.76057
38.768,-0.719326
38.77,2.3111
38.772,2.20561
38.774,1.39957
38.776,2.5947
38.778,1.49871
38.78,0.831667
38.782,-1.59171
38.784,-1.76036
38.786,0.284297
38.788,-0.212027
38.79,-2.47531
38.792,-0.615834
38.794,-0.0347513
38.796,0.549545
38.798,2.37137
38.8,1.49163
38.802,0.772268
38.804,1.14507
38.806,2.40119
38.808,-1.15499
38.81,-2.13348
38.812,-2.12105
38.814,-0.869434
38.816,-2.55262
38.818,-1.21244
38.82,-1.61189
38.822,-3.97183
38.824,-0.928409
38.826,-3.56591
38.828,-3.6611
38.83,-1.76021
38.832,-2.01811
38.834,-0.77367
38.836,1.42233
38.838,1.27818
38.84,2.0621
38.842,0.208587
38.844,1.02381
38.846,-0.988455
38.848,-0.429406
38.85,0.216915
38.852,1.34683
38.854,1.58992
38.856,2.26502
38.858,-1.15601
38.86,-0.902337
38.862,-1.36978
38.864,-4.38878
38.866,-3.34107
38.868,-4.92453
38.87,-3.71505
38.872,-1.53945
38.874,-3.35054
38.876,-2.41393
38.878,-2.79714
38.88,-2.12103
38.882,-2.2065
38.884,-0.0998507
38.886,-0.797996
38.888,-1.376
38.89,-0.579776
38.892,-0.569065
38.894,-1.39256
38.896,-2.55234
38.898,0.814005
38.9,3.57602
38.902,0.805038
38.904,0.388869
38.906,0.474849
38.908,0.478312
38.91,2.4323
38.912,2.79498
38.914,0.991683
38.916,-1.05063
38.918,-3.2295
38.92,-4.99804
38.922,-4.78111
38.924,-0.61361
38.926,-0.68219
38.928,-2.82285
38.93,-2.82381
38.932,-2.71517
38.934,-2.38074
38.936,-3.76298
38.938,-4.80388
38.94,-2.93865
38.942,-4.1914
38.944,-1.71908
38.946,-0.789196
38.948,0.206307
38.95,1.04235
38.952,-0.486955
38.954,1.77606
38.956,0.373174
38.958,1.17939
38.96,1.95206
38.962,2.52358
38.964,1.51816
38.966,1.20518
38.968,1.27413
38.97,-0.0771991
38.972,1.00061
38.974,1.13891
38.976,0.706442
38.978,0.558773
38.98,-0.599943
38.982,-1.34466
38.984,0.750468
38.986,-0.79885
38.988,-3.47503
38.99,-3.18282
38.992,-3.80524
38.994,-2.45739
38.996,-1.67487
38.998,-1.38365
39,0.127314
39.002,-0.484369
39.004,-0.793381
39.006,0.725286
39.008,1.63483
39.01,3.0846
39.012,0.328064
39.014,-0.464457
39.016,-1.27449
39.018,-0.713362
39.02,0.602506
39.022,2.14714
39.024,3.06374
39.026,1.96306
39.028,2.31697
39.03,1.56736
39.032,3.13544
39.034,0.790488
39.036,-0.625251
39.038,1.69943
39.04,2.38056
39.042,1.07402
39.044,1.73727
39.046,2.92768
39.048,-0.330123
39.05,-0.381535
39.052,1.24545
39.054,-0.63029
39.056,1.15487
39.058,2.89122
39.06,2.1013
39.062,3.9271
39.064,2.85492
39.066,1.98948
39.068,2.31751
39.07,3.3283
39.072,2.92252
39.074,3.30602
39.076,2.58597
39.078,1.28527
39.08,1.64791
39.082,1.12464
39.084,1.13566
39.086,4.24949
39.088,1.65867
39.09,1.51672
39.092,2.49371
39.094,1.12724
39.096,1.902
39.098,0.224798
39.1,-0.896602
39.102,-1.268
39.104,-1.94943
39.106,-2.15598
39.108,-0.332775
39.11,1.03243
39.112,0.960678
39.114,0.578682
39.116,0.780851
39.118,1.33239
39.12,0.342704
39.122,-0.151578
39.124,-0.469839
39.126,-0.663382
39.128,-0.967934
39.13,-0.867078
39.132,-0.834363
39.134,0.474763
39.136,0.899206
39.138,1.95208
39.14,-2.03061
39.142,-4.86337
39.144,-4.31002
39.146,-4.83147
39.148,-2.88516
39.15,-0.322669
39.152,2.14375
39.154,1.65799
39.156,1.42518
39.158,1.35784
39.16,-0.0632801
39.162,2.84734
39.164,3.3356
39.166,2.58179
39.168,1.91606
39.17,2.6269
39.172,2.1798
39.174,1.51879
39.176,-0.849854
39.178,-0.793846
39.18,0.0945265
39.182,-1.50793
39.184,-2.29217
39.186,-1.79474
39.188,-1.91849
39.19,-1.6477
39.192,-1.67059
39.194,-1.7794
39.196,0.215226
39.198,-0.298461
39.2,1.24886
39.202,1.08303
39.204,1.60359
39.206,-0.282614
39.208,1.78428
39.21,-1.20722
39.212,0.797653
39.214,-0.150119
39.216,1.96255
39.218,0.377849
39.22,1.12939
39.222,1.06314
39.224,1.66453
39.226,3.90883
39.228,3.34432
39.23,1.27507
39.232,0.702587
39.234,0.0311584
39.236,-1.80767
39.238,-0.00840053
39.24,-0.520649
39.242,-0.0744557
39.244,0.119737
39.246,-0.722089
39.248,0.0367234
39.25,1.59273
39.252,0.581376
39.254,0.186378
39.256,-2.47594
39.258,-2.19979
39.26,-0.272049
39.262,-0.9519
39.264,-0.314363
39.266,-0.401835
39.268,-2.76597
39.27,-4.24258
39.272,-2.35567
39.274,-2.56514
39.276,-2.18657
39.278,-0.341134
39.28,1.55096
39.282,2.00375
39.284,1.44613
39.286,0.0849739
39.288,0.537267
39.29,-0.0735927
39.292,-0.0565294
39.294,-3.54254
39.296,0.180625
39.298,0.644307
39.3,4.14693
39.302,2.68338
39.304,-0.815421
39.306,-0.204752
39.308,-0.457159
39.31,-1.29692
39.312,-3.10994
39.314,-3.901
39.316,-3.14857
39.318,-1.39282
39.32,-0.246405
39.322,2.16965
39.324,-0.142033
39.326,0.411386
39.328,1.73306
39.33,0.230983
39.332,-1.26636
39.334,1.82362
39.336,-0.13596
39.338,0.231257
39.34,-1.45566
39.342,-3.70283
39.344,-0.442514
39.346,1.02875
39.348,-0.557501
39.35,1.44158
39.352,-0.253835
39.354,0.444348
39.356,-0.669893
39.358,-0.19477
39.36,-2.70084
39.362,-0.373806
39.364,-1.24343
39.366,-2.68895
39.368,-1.29228
39.37,0.141467
39.372,-1.49586
39.374,-1.29702
39.376,-0.0787068
39.378,-1.86723
39.38,-1.60929
39.382,-0.217579
39.384,2.28662
39.386,2.75746
39.388,3.38447
39.39,2.52311
39.392,1.90529
39.394,0.695891
39.396,0.818462
39.398,0.608998
39.4,-0.451277
39.402,0.379562
39.404,1.184
39.406,1.6503
39.408,1.37869
39.41,1.56298
39.412,0.0479112
39.414,1.48998
39.416,0.096755
39.418,1.27498
39.42,-0.237366
39.422,-2.37809
39.424,-1.41686
39.426,-1.38881
39.428,-2.29139
39.43,-1.22447
39.432,-0.171354
39.434,0.199226
39.436,0.363271
39.438,3.40187
39.44,2.39709
39.442,0.414893
39.444,-0.516559
39.446,-1.5874
39.448,-1.78181
39.45,-1.49986
39.452,-2.81831
39.454,-0.808546
39.456,0.0936744
39.458,1.13633
39.46,1.02682
39.462,-0.488655
39.464,-0.301129
39.466,-0.524327
39.468,0.555191
39.47,-0.339338
39.472,0.510483
39.474,1.54499
39.476,2.50007
39.478,2.85009
39.48,1.24248
39.482,-1.27101
39.484,-0.0132819
39.486,-0.258517
39.488,-1.51838
39.49,0.406828
39.492,-2.27983
39.494,0.793116
39.496,-0.893678
39.498,1.37942
39.5,2.21272
39.502,0.598369
39.504,2.19688
39.506,3.60137
39.508,4.72049
39.51,4.39835
39.512,1.70847
39.514,1.13047
39.516,1.26444
39.518,4.79139
39.52,4.25547
39.522,3.53362
39.524,1.9503
39.526,2.92259
39.528,1.13793
39.53,-2.31206
39.532,-2.03467
39.534,-2.02085
39.536,0.507405
39.538,0.634235
39.54,0.456195
39.542,-2.09507
39.544,-2.98821
39.546,0.785793
39.548,0.142307
39.55,1.22581
39.552,1.07374
39.554,-1.75459
39.556,0.229649
39.558,1.14989
39.56,0.656286
39.562,0.858168
39.564,-1.69328
39.566,-1.75973
39.568,-0.378678
39.57,-0.864296
39.572,-0.662877
39.574,-1.27134
39.576,-1.49163
39.578,-1.53974
39.58,-1.83302
39.582,-4.76962
39.584,-4.10241
39.586,-1.7462
39.588,0.249733
39.59,0.0612969
39.592,0.288584
39.594,1.69467
39.596,1.82981
39.598,2.22912
39.6,1.03452
39.602,0.252516
39.604,0.135346
39.606,-0.519464
39.608,-0.561702
39.61,1.212
39.612,3.04402
39.614,0.469988
39.616,1.03657
39.618,-0.234037
39.62,-0.211898
39.622,-0.576352
39.624,-0.964817
39.626,-1.47996
39.628,-2.56804
39.63,-1.73372
39.632,-1.02652
39.634,-1.00971
39.636,-3.03349
39.638,-3.3706
39.64,-2.90094
39.642,-1.64161
39.644,-0.307049
39.646,-1.21457
39.648,-2.13451
39.65,-1.55322
39.652,-2.59461
39.654,-1.60659
39.656,-2.23744
39.658,1.79666
39.66,0.556335
39.662,1.85654
39.664,2.22474
39.666,2.61789
39.668,3.66479
39.67,2.73775
39.672,0.967375
39.674,-3.05595
39.676,-1.28045
39.678,-1.84005
39.68,-1.04614
39.682,0.331778
39.684,1.31786
39.686,2.02359
39.688,-0.838931
39.69,-1.70072
39.692,-1.23442
39.694,-1.44939
39.696,-0.951836
39.698,-0.982609
39.7,-1.07159
39.702,1.22651
39.704,0.873699
39.706,1.15519
39.708,0.7615
39.71,-1.04486
39.712,-1.2262
39.714,-2.13212
39.716,-1.41532
39.718,-0.512421
39.72,-1.50357
39.722,-0.373472
39.724,-2.01901
39.726,-2.35081
39.728,-1.17901
39.73,-0.683588
39.732,0.475105
39.734,2.03623
39.736,3.82386
39.738,2.95009
39.74,1.6079
39.742,2.42337
39.744,1.02257
39.746,1.29315
39.748,1.30825
39.75,1.35949
39.752,1.99403
39.754,1.25132
39.756,-0.998226
39.758,-0.621942
39.76,-0.426738
39.762,1.50611
39.764,0.827009
39.766,-0.756173
39.768,-2.97393
39.77,-1.8655
39.772,-3.10636
39.774,-2.49247
39.776,-0.308896
39.778,-2.31196
39.78,-0.714769
39.782,-1.42381
39.784,-0.027841
39.786,0.347145
39.788,0.472019
39.79,1.8818
39.792,-0.430204
39.794,-1.11048
39.796,-2.37973
39.798,-2.62825
39.8,-1.34064
39.802,1.37173
39.804,2.45085
39.806,2.32737
39.808,2.11769
39.81,1.21096
39.812,4.15501
39.814,4.03379
39.816,1.91631
39.818,1.49919
39.82,0.621429
39.822,0.921517
39.824,-0.542765
39.826,2.1171
39.828,2.55932
39.83,2.25266
39.832,2.58878
39.834,3.00763
39.836,1.3718
39.838,2.82877
39.84,2.30838
39.842,1.63674
39.844,2.89257
39.846,2.50915
39.848,1.30334
39.85,2.112
39.852,0.35163
39.854,2.00893
39.856,1.02628
39.858,0.833171
39.86,-0.89648
39.862,0.778949
39.864,1.50835
39.866,2.19393
39.868,1.11266
39.87,-2.53268
39.872,-3.81932
39.874,-0.791437
39.876,2.25182
39.878,0.585994
39.88,-0.0278024
39.882,0.411813
39.884,2.11382
39.886,1.66054
39.888,1.03844
39.89,-0.342761
39.892,0.724235
39.894,-0.377515
39.896,-0.0315633
39.898,3.16399
39.9,1.55351
39.902,0.633515
39.904,-1.13379
39.906,-1.80849
39.908,-0.720982
39.91,0.537443
39.912,0.686868
39.914,-1.46993
39.916,0.189342
39.918,0.197031
39.92,-0.446347
39.922,-1.00566
39.924,0.285888
39.926,0.656827
39.928,-0.484547
39.93,0.409534
39.932,-0.853615
39.934,-0.342174
39.936,-3.08363
39.938,-0.933451
39.94,-0.752025
39.942,1.98928
39.944,1.04979
39.946,2.90065
39.948,2.90252
39.95,2.3279
39.952,2.30241
39.954,0.0176036
39.956,1.6288
39.958,1.32329
39.96,0.910042
39.962,-1.77728
39.964,-1.17283
39.966,-2.03843
39.968,-1.95351
39.97,-0.135847
39.972,0.552584
39.974,-0.848913
39.976,-3.40355
39.978,-3.5516
39.98,-1.55131
39.982,-1.58091
39.984,-2.862
39.986,-1.72787
39.988,-1.41543
39.99,1.2927
39.992,0.615318
39.994,0.614975
39.996,0.70601
39.998,-0.57456
40,0.552757
40.002,3.14237
40.004,4.8923
40.006,0.690019
40.008,0.890432
40.01,-0.797883
40.012,-1.5558
40.014,-2.34199
40.016,-3.5384
40.018,-4.33728
40.02,-3.17338
40.022,-2.53149
40.024,-0.780955
40.026,0.928016
40.028,0.227607
40.03,-0.798455
40.032,0.815619
40.034,0.572162
40.036,-0.809359
40.038,-0.421725
40.04,0.00930025
40.042,0.106733
40.044,0.323081
40.046,2.21975
40.048,1.33369
40.05,2.13154
40.052,-0.0704621
40.054,0.376587
40.056,0.5193
40.058,1.16842
40.06,-0.329274
40.062,-0.238342
40.064,1.29657
40.066,1.4478
40.068,0.331611
40.07,1.31864
40.072,3.22668
40.074,4.02223
40.076,4.12193
40.078,3.13796
40.08,3.08314
40.082,0.263838
40.084,-0.232882
40.086,0.152023
40.088,-2.13826
40.09,-2.08581
40.092,-0.332726
40.094,-0.883366
40.096,1.06022
40.098,0.483525
40.1,-0.604081
40.102,-2.27084
40.104,-3.99312
40.106,-2.86841
40.108,-1.9258
40.11,-0.995131
40.112,-1.1356
40.114,-1.88284
40.116,-2.95853
40.118,-1.37617
40.12,-0.89008
40.122,-0.011077
40.124,-1.19065
40.126,-0.253466
40.128,0.258519
40.13,1.60768
40.132,4.46483
40.134,2.17186
40.136,4.00148
40.138,2.97268
40.14,2.84117
40.142,2.21161
40.144,-0.251362
40.146,-0.41426
40.148,1.36302
40.15,0.715749
40.152,0.669431
40.154,0.133165
40.156,1.04756
40.158,1.26489
40.16,2.13234
40.162,1.45686
40.164,-0.156393
40.166,1.12695
40.168,0.463101
40.17,-0.125483
40.172,1.41576
40.174,-1.42187
40.176,1.50275
40.178,1.33403
40.18,2.63044
40.182,1.56398
40.184,1.60836
40.186,-0.0944476
40.188,-1.97212
40.19,-0.328241
40.192,-0.50373
40.194,0.928169
40.196,1.71403
40.198,-2.24634
40.2,-2.20861
40.202,-0.19344
40.204,0.273693
40.206,-1.9758
40.208,-0.838492
40.21,0.134033
40.212,0.953826
40.214,2.24351
40.216,1.7608
40.218,1.95463
40.22,0.143672
40.222,0.21711
40.224,1.25548
40.226,3.1983
40.228,1.35452
40.23,1.60744
40.232,0.856032
40.234,-2.00837
40.236,-0.903208
40.238,-1.90136
40.24,-0.502074
40.242,2.42456
40.244,0.644824
40.246,0.196462
40.248,2.62491
40.25,2.07218
40.252,2.03078
40.254,1.22081
40.256,-0.232416
40.258,0.597659
40.26,0.0788705
40.262,-0.026357
40.264,0.428342
40.266,0.936996
40.268,0.366841
40.27,-2.21432
40.272,-0.306813
40.274,0.342903
40.276,1.20075
40.278,1.61345
40.28,0.344774
40.282,2.15089
40.284,2.74412
40.286,-0.628533
40.288,-1.88223
40.29,-0.813235
40.292,0.723778
40.294,0.473239
40.296,-0.414966
40.298,-1.26378
40.3,-0.715396
40.302,-0.270066
40.304,-1.11311
40.306,-1.14741
40.308,-0.886454
40.31,-3.0293
40.312,-2.46509
40.314,-1.44387
40.316,-2.71524
40.318,-0.873375
40.32,0.00853516
40.322,0.199181
40.324,-0.0468946
40.326,0.588425
40.328,1.16458
40.33,0.376549
40.332,1.14085
40.334,2.07973
40.336,2.20481
40.338,1.27612
40.34,2.52076
40.342,1.75314
40.344,1.21536
40.346,1.28911
40.348,2.49048
40.35,0.775009
40.352,-0.574305
40.354,1.02785
40.356,1.72275
40.358,-0.768078
40.36,-2.63845
40.362,-1.98539
40.364,1.80531
40.366,0.304718
40.368,1.16768
40.37,1.37843
40.372,1.82236
40.374,3.08818
40.376,1.54315
40.378,1.65148
40.38,1.04087
40.382,-1.1478
40.384,2.11552
40.386,-0.0535107
40.388,2.4211
40.39,0.920485
40.392,1.00476
40.394,-0.127077
40.396,0.31161
40.398,-1.98957
40.4,-0.986999
40.402,-1.7475
40.404,-1.11397
40.406,1.27012
40.408,1.33241
40.41,1.35424
40.412,0.526984
40.414,-0.349316
40.416,-1.08654
40.418,-0.363628
40.42,-1.20489
40.422,-0.421327
40.424,-0.178216
40.426,-0.0226204
40.428,-0.119935
40.43,-2.35317
40.432,-2.42702
40.434,-2.27266
40.436,1.39874
40.438,2.7548
40.44,0.510076
40.442,-0.24054
40.444,-2.64656
40.446,-0.600536
40.448,2.29007
40.45,1.74689
40.452,1.11476
40.454,1.79472
40.456,1.00175
40.458,0.677964
40.46,0.700393
40.462,0.608705
40.464,0.233111
40.466,-0.572874
40.468,-0.37326
40.47,-0.0230126
40.472,-0.4991
40.474,-0.555299
40.476,-0.0119053
40.478,-0.841908
40.48,0.692066
40.482,-0.208432
40.484,-1.7376
40.486,3.13466
40.488,2.71692
40.49,1.19741
40.492,1.70277
40.494,1.41209
40.496,0.218665
40.498,0.346125
40.5,0.493436
40.502,-2.51244
40.504,-0.415962
40.506,-1.10995
40.508,-2.05042
40.51,0.703631
40.512,-0.771664
40.514,-0.839771
40.516,-1.39922
40.518,-1.1895
40.52,-2.97413
40.522,0.0109008
40.524,-0.0218165
40.526,0.280365
40.528,-3.4317
40.53,-3.91688
40.532,-0.344402
40.534,-1.12032
40.536,0.0104608
40.538,1.93055
40.54,-0.823326
40.542,-0.357457
40.544,0.582746
40.546,0.748705
40.548,1.50053
40.55,0.141402
40.552,-0.938288
40.554,-0.258066
40.556,-1.2975
40.558,-0.328785
40.56,-0.546707
40.562,-1.01011
40.564,0.732181
40.566,2.38913
40.568,2.46794
40.57,2.18224
40.572,1.8889
40.574,3.77917
40.576,2.15026
40.578,3.12945
40.58,1.09921
40.582,0.0879985
40.584,0.01902
40.586,-0.0877204
40.588,0.259784
40.59,-0.0550753
40.592,0.691691
40.594,0.707694
40.596,-1.40102
40.598,-0.0899073
40.6,0.646104
40.602,1.11793
40.604,-0.773656
40.606,0.538913
40.608,0.699942
40.61,1.67343
40.612,1.38263
40.614,2.79455
40.616,2.46401
40.618,3.51278
40.62,2.04751
40.622,-0.0880605
40.624,2.26861
40.626,1.00927
40.628,-0.75389
40.63,-0.405916
40.632,1.86386
40.634,1.5724
40.636,1.47913
40.638,1.49427
40.64,2.38384
40.642,2.24741
40.644,0.93049
40.646,1.72929
40.648,-0.775109
40.65,2.80587
40.652,2.19559
40.654,0.220617
40.656,-0.0507974
40.658,0.114954
40.66,0.59133
40.662,3.27666
40.664,0.981255
40.666,-0.748648
40.668,-1.33781
40.67,-2.18204
40.672,0.0265442
40.674,2.67831
40.676,0.113725
40.678,-1.2075
40.68,-0.020361
40.682,-2.82204
40.684,-0.768909
40.686,-1.8883
40.688,-1.79322
40.69,-0.820192
40.692,-2.40116
40.694,-2.46103
40.696,-0.719049
40.698,-0.130323
40.7,1.33749
40.702,1.78048
40.704,2.98713
40.706,4.55881
40.708,4.74839
40.71,1.25421
40.712,1.5892
40.714,3.48845
40.716,2.62963
40.718,0.910381
40.72,-0.861499
40.722,-0.893421
40.724,-1.31357
40.726,-1.80258
40.728,-2.33357
40.73,-0.335774
40.732,0.916363
40.734,1.12201
40.736,1.66187
40.738,2.70232
40.74,0.611909
40.742,-0.348385
40.744,-1.71551
40.746,-1.11517
40.748,-0.842487
40.75,-1.57756
40.752,-3.33679
40.754,-0.821319
40.756,-1.18456
40.758,-2.80684
40.76,-2.32134
40.762,-0.928786
40.764,0.219924
40.766,0.0928827
40.768,-3.13378
40.77,-3.41667
40.772,-1.82541
40.774,-1.20437
40.776,0.933335
40.778,-1.08722
40.78,0.770787
40.782,2.54737
40.784,2.81689
40.786,2.61608
40.788,1.15792
40.79,0.16253
40.792,-1.03271
40.794,-0.0524272
40.796,-0.528439
40.798,-0.354974
40.8,0.381251
40.802,-2.66734
40.804,-2.6628
40.806,-3.28272
40.808,-0.442032
40.81,-1.20943
40.812,-1.26523
40.814,0.132769
40.816,1.63972
40.818,2.10995
40.82,0.95902
40.822,2.54315
40.824,1.95967
40.826,1.06247
40.828,1.19229
40.83,0.640351
40.832,-0.568531
40.834,0.282576
40.836,1.12663
40.838,-1.9864
40.84,-0.00757203
40.842,0.282343
40.844,-0.456475
40.846,-0.285768
40.848,0.523883
40.85,-0.554913
40.852,0.568899
40.854,-2.28733
40.856,1.12555
40.858,3.40803
40.86,4.03233
40.862,0.757252
40.864,1.0029
40.866,1.44827
40.868,1.22169
40.87,-0.154598
40.872,0.615201
40.874,-0.204622
40.876,0.70276
40.878,1.51048
40.88,2.75549
40.882,-0.547346
40.884,0.593748
40.886,-0.883578
40.888,1.28268
40.89,2.44825
40.892,1.23907
40.894,1.40776
40.896,-1.50384
40.898,0.361272
40.9,-2.59362
40.902,0.134925
40.904,0.141641
40.906,1.20392
40.908,-0.180274
40.91,0.4472
40.912,-1.34348
40.914,-0.668397
40.916,1.43962
40.918,2.16305
40.92,0.74879
40.922,1.22881
40.924,1.43203
40.926,1.21819
40.928,2.21349
40.93,1.6539
40.932,-0.419147
40.934,-0.534321
40.936,-0.766191
40.938,-1.48099
40.94,-2.23166
40.942,-2.73649
40.944,-1.11363
40.946,0.739933
40.948,0.86084
40.95,0.789628
40.952,3.31567
40.954,1.88984
40.956,0.328344
40.958,-0.327883
40.96,0.49637
40.962,-1.04987
40.964,0.163472
40.966,0.871907
40.968,1.18433
40.97,-0.134424
40.972,2.03222
40.974,1.54647
40.976,1.76711
40.978,1.43361
40.98,2.21988
40.982,1.18605
40.984,2.41004
40.986,1.30909
40.988,4.08469
40.99,5.96089
40.992,2.87507
40.994,0.276611
40.996,0.627451
40.998,0.52352
41,1.19659
41.002,-0.881744
41.004,-1.63727
41.006,-3.27367
41.008,-2.27562
41.01,-1.7782
41.012,0.313879
41.014,2.7285
41.016,2.56144
41.018,2.43441
41.02,2.4387
41.022,3.30901
41.024,1.53374
41.026,2.85286
41.028,4.46892
41.03,1.79802
41.032,3.44058
41.034,2.34646
41.036,0.682412
41.038,1.08551
41.04,-0.0603917
41.042,-0.165197
41.044,-1.83256
41.046,-1.02713
41.048,-2.09786
41.05,-1.58511
41.052,-1.93436
41.054,-2.23267
41.056,-1.83168
41.058,-1.83637
41.06,-0.70073
41.062,-1.15586
41.064,-0.296964
41.066,-1.01574
41.068,-2.90063
41.07,-1.57453
41.072,-0.323268
41.074,0.536852
41.076,1.96101
41.078,2.60674
41.08,0.805203
41.082,0.359167
41.084,0.482154
41.086,-0.497291
41.088,0.023372
41.09,-0.12785
41.092,0.119322
41.094,-0.847332
41.096,-0.333652
41.098,-1.92905
41.1,-0.327754
41.102,0.940594
41.104,1.59266
41.106,0.827517
41.108,4.04416
41.11,0.102392
41.112,0.715423
41.114,0.0769459
41.116,0.950194
41.118,0.15658
41.12,0.440199
41.122,-1.25213
41.124,-3.24956
41.126,-1.01635
41.128,-0.642085
41.13,0.815659
41.132,1.47822
41.134,0.444308
41.136,-1.68884
41.138,-2.63504
41.14,-4.14478
41.142,-2.75979
41.144,-2.15844
41.146,0.502245
41.148,-1.65178
41.15,-0.684375
41.152,1.11495
41.154,5.52553
41.156,3.6267
41.158,2.88092
41.16,1.6255
41.162,0.259222
41.164,0.224873
41.166,1.08952
41.168,-0.965619
41.17,-1.54117
41.172,-1.78848
41.174,-2.92598
41.176,-2.89637
41.178,-1.03671
41.18,-0.944448
41.182,1.28761
41.184,1.10332
41.186,1.11162
41.188,2.86883
41.19,0.546333
41.192,1.85255
41.194,0.543004
41.196,1.0767
41.198,0.0237992
41.2,-0.325477
41.202,0.805035
41.204,2.43355
41.206,0.902098
41.208,2.40699
41.21,1.13053
41.212,-1.07373
41.214,-0.351103
41.216,0.154071
41.218,1.11723
41.22,1.29397
41.222,0.684232
41.224,-0.0474788
41.226,-0.380784
41.228,-1.17933
41.23,-0.395662
41.232,0.223072
41.234,1.45036
41.236,0.0913468
41.238,-0.308081
41.24,-0.273477
41.242,0.970644
41.244,1.49034
41.246,1.37222
41.248,-1.15691
41.25,-0.545994
41.252,-0.198987
41.254,-0.50784
41.256,0.896488
41.258,1.48693
41.26,-0.343299
41.262,-0.655603
41.264,-2.12566
41.266,-1.3647
41.268,-0.239094
41.27,-0.425878
41.272,-1.12282
41.274,-0.25084
41.276,-0.193008
41.278,-0.20658
41.28,-0.529406
41.282,-0.511673
41.284,1.18174
41.286,1.88819
41.288,4.34466
41.29,2.7426
41.292,1.50232
41.294,-1.83104
41.296,-2.64536
41.298,0.176964
41.3,0.917575
41.302,0.878429
41.304,1.44633
41.306,2.739
41.308,3.80081
41.31,1.41276
41.312,-0.207444
41.314,-0.63845
41.316,-0.0359843
41.318,-0.994714
41.32,-0.670234
41.322,-0.286672
41.324,0.261841
41.326,0.725873
41.328,0.718357
41.33,1.76802
41.332,-0.446962
41.334,0.257867
41.336,0.456355
41.338,-0.546358
41.34,-0.134126
41.342,1.37994
41.344,0.649307
41.346,0.136104
41.348,0.197772
41.35,1.13927
41.352,0.0303956
41.354,-0.466483
41.356,-0.83538
41.358,-1.10072
41.36,-0.618328
41.362,-0.74307
41.364,0.685192
41.366,2.00919
41.368,2.41398
41.37,3.99357
41.372,4.29594
41.374,2.58814
41.376,2.43462
41.378,2.48433
41.38,-0.956468
41.382,-1.6872
41.384,-0.47476
41.386,0.236504
41.388,0.426843
41.39,-0.33468
41.392,-1.70394
41.394,-3.46837
41.396,-3.57773
41.398,-2.89737
41.4,-3.71516
41.402,-4.42712
41.404,-0.931043
41.406,-0.131068
41.408,-2.65404
41.41,-1.37567
41.412,-0.269085
41.414,-2.27689
41.416,-0.925037
41.418,-0.661743
41.42,-2.68721
41.422,-0.834238
41.424,0.446399
41.426,4.8135
41.428,2.36815
41.43,0.29976
41.432,0.851384
41.434,0.347331
41.436,-0.358102
41.438,0.208961
41.44,1.6751
41.442,2.95295
41.444,2.21434
41.446,-0.551543
41.448,0.127381
41.45,0.887117
41.452,0.0976607
41.454,-0.923276
41.456,0.509505
41.458,-1.51939
41.46,-0.255125
41.462,-0.0495753
41.464,-0.360262
41.466,0.36568
41.468,0.0471324
41.47,0.876518
41.472,0.471668
41.474,-0.0575335
41.476,-3.53669
41.478,-3.18684
41.48,-2.94934
41.482,-1.96663
41.484,-2.39176
41.486,-1.99544
41.488,0.00613498
41.49,0.120307
41.492,-1.21292
41.494,-1.17562
41.496,-1.84189
41.498,0.890201
41.5,4.89623
41.502,2.44135
41.504,0.823544
41.506,0.782044
41.508,1.43203
41.51,-0.000824591
41.512,0.742637
41.514,2.64651
41.516,3.12724
41.518,3.05865
41.52,0.768398
41.522,2.43438
41.524,2.07994
41.526,2.00406
41.528,2.52121
41.53,1.02262
41.532,3.19458
41.534,2.5474
41.536,2.9182
41.538,1.24727
41.54,0.178456
41.542,0.270163
41.544,0.48443
41.546,2.70678
41.548,3.49225
41.55,4.13461
41.552,5.67923
41.554,3.60737
41.556,3.86409
41.558,3.23846
41.56,1.05071
41.562,2.20878
41.564,2.59789
41.566,-0.6186
41.568,0.556111
41.57,-0.645134
41.572,-1.43932
41.574,0.563229
41.576,-2.46995
41.578,1.11821
41.58,1.16727
41.582,-0.858047
41.584,0.139933
41.586,1.58427
41.588,1.03458
41.59,2.80121
41.592,2.86491
41.594,1.09945
41.596,0.706762
41.598,0.0366664
41.6,0.458103
41.602,-0.471104
41.604,1.73408
41.606,-0.346724
41.608,1.86583
41.61,1.03754
41.612,0.668849
41.614,-0.563895
41.616,-0.479023
41.618,0.201379
41.62,-1.0837
41.622,-2.4266
41.624,-4.16821
41.626,-4.61114
41.628,-2.52597
41.63,1.21282
41.632,0.429405
41.634,-0.391569
41.636,-1.5601
41.638,-1.25911
41.64,-2.01397
41.642,-2.41987
41.644,-2.59974
41.646,-1.49053
41.648,-1.31725
41.65,-1.86262
41.652,-3.13893
41.654,-3.26478
41.656,-1.16539
41.658,-0.0319495
