"Time","input"
0,0
0.002,0
0.004,0
0.006,0
0.008,0
0.01,0
0.012,0
0.014,0
0.016,0
0.018,0
0.02,0
0.022,0
0.024,0
0.026,0
0.028,0
0.03,0
0.032,0
0.034,0
0.036,0
0.038,0
0.04,0
0.042,0
0.044,0
0.046,0
0.048,0
0.05,0
0.052,0
0.054,0
0.056,0
0.058,0
0.06,0
0.062,0
0.064,0
0.066,0
0.068,0
0.07,0
0.072,0
0.074,0
0.076,0
0.078,0
0.08,0
0.082,0
0.084,0
0.086,0
0.088,0
0.09,0
0.092,0
0.094,0
0.096,0
0.098,0
0.1,0
0.102,0
0.104,0
0.106,0
0.108,0
0.11,0
0.112,0
0.114,0
0.116,0
0.118,0
0.12,0
0.122,0
0.124,0
0.126,0
0.128,0
0.13,0
0.132,0
0.134,0
0.136,0
0.138,0
0.14,0
0.142,0
0.144,0
0.146,0
0.148,0
0.15,0
0.152,0
0.154,0
0.156,0
0.158,0
0.16,0
0.162,0
0.164,0
0.166,0
0.168,0
0.17,0
0.172,0
0.174,0
0.176,0
0.178,0
0.18,0
0.182,0
0.184,0
0.186,0
0.188,0
0.19,0
0.192,0
0.194,0
0.196,0
0.198,0
0.2,0
0.202,0
0.204,0
0.206,0
0.208,0
0.21,0
0.212,0
0.214,0
0.216,0
0.218,0
0.22,0
0.222,0
0.224,0
0.226,0
0.228,0
0.23,0
0.232,0
0.234,0
0.236,0
0.238,0
0.24,0
0.242,0
0.244,0
0.246,0
0.248,0
0.25,0
0.252,0
0.254,0
0.256,0
0.258,0
0.26,0
0.262,0
0.264,0
0.266,0
0.268,0
0.27,0
0.272,0
0.274,0
0.276,0
0.278,0
0.28,0
0.282,0
0.284,0
0.286,0
0.288,0
0.29,0
0.292,0
0.294,0
0.296,0
0.298,0
0.3,0
0.302,0
0.304,0
0.306,0
0.308,0
0.31,0
0.312,0
0.314,0
0.316,0
0.318,0
0.32,0
0.322,0
0.324,0
0.326,0
0.328,0
0.33,0
0.332,0
0.334,0
0.336,0
0.338,0
0.34,0
0.342,0
0.344,0
0.346,0
0.348,0
0.35,0
0.352,0
0.354,0
0.356,0
0.358,0
0.36,0
0.362,0
0.364,0
0.366,0
0.368,0
0.37,0
0.372,0
0.374,0
0.376,0
0.378,0
0.38,0
0.382,0
0.384,0
0.386,0
0.388,0
0.39,0
0.392,0
0.394,0
0.396,0
0.398,0
0.4,0
0.402,0
0.404,0
0.406,0
0.408,0
0.41,0
0.412,0
0.414,0
0.416,0
0.418,0
0.42,0
0.422,0
0.424,0
0.426,0
0.428,0
0.43,0
0.432,0
0.434,0
0.436,0
0.438,0
0.44,0
0.442,0
0.444,0
0.446,0
0.448,0
0.45,0
0.452,0
0.454,0
0.456,0
0.458,0
0.46,0
0.462,0
0.464,0
0.466,0
0.468,0
0.47,0
0.472,0
0.474,0
0.476,0
0.478,0
0.48,0
0.482,0
0.484,0
0.486,0
0.488,0
0.49,0
0.492,0
0.494,0
0.496,0
0.498,0
0.5,0
0.502,0
0.504,0
0.506,0
0.508,0
0.51,0
0.512,0
0.514,0
0.516,0
0.518,0
0.52,0
0.522,0
0.524,0
0.526,0
0.528,0
0.53,0
0.532,0
0.534,0
0.536,0
0.538,0
0.54,0
0.542,0
0.544,0
0.546,0
0.548,0
0.55,0
0.552,0
0.554,0
0.556,0
0.558,0
0.56,0
0.562,0
0.564,0
0.566,0
0.568,0
0.57,0
0.572,0
0.574,0
0.576,0
0.578,0
0.58,0
0.582,0
0.584,0
0.586,0
0.588,0
0.59,0
0.592,0
0.594,0
0.596,0
0.598,0
0.6,0
0.602,0
0.604,0
0.606,0
0.608,0
0.61,0
0.612,0
0.614,0
0.616,0
0.618,0
0.62,0
0.622,0
0.624,0
0.626,0
0.628,0
0.63,0
0.632,0
0.634,0
0.636,0
0.638,0
0.64,0
0.642,0
0.644,0
0.646,0
0.648,0
0.65,0
0.652,0
0.654,0
0.656,0
0.658,0
0.66,0
0.662,0
0.664,0
0.666,0
0.668,0
0.67,0
0.672,0
0.674,0
0.676,0
0.678,0
0.68,0
0.682,0
0.684,0
0.686,0
0.688,0
0.69,0
0.692,0
0.694,0
0.696,0
0.698,0
0.7,0
0.702,0
0.704,0
0.706,0
0.708,0
0.71,0
0.712,0
0.714,0
0.716,0
0.718,0
0.72,0
0.722,0
0.724,0
0.726,0
0.728,0
0.73,0
0.732,0
0.734,0
0.736,0
0.738,0
0.74,0
0.742,0
0.744,0
0.746,0
0.748,0
0.75,0
0.752,0
0.754,0
0.756,0
0.758,0
0.76,0
0.762,0
0.764,0
0.766,0
0.768,0
0.77,0
0.772,0
0.774,0
0.776,0
0.778,0
0.78,0
0.782,0
0.784,0
0.786,0
0.788,0
0.79,0
0.792,0
0.794,0
0.796,0
0.798,0
0.8,0
0.802,0
0.804,0
0.806,0
0.808,0
0.81,0
0.812,0
0.814,0
0.816,0
0.818,0
0.82,0
0.822,0
0.824,0
0.826,0
0.828,0
0.83,0
0.832,0
0.834,0
0.836,0
0.838,0
0.84,0
0.842,0
0.844,0
0.846,0
0.848,0
0.85,0
0.852,0
0.854,0
0.856,0
0.858,0
0.86,0
0.862,0
0.864,0
0.866,0
0.868,0
0.87,0
0.872,0
0.874,0
0.876,0
0.878,0
0.88,0
0.882,0
0.884,0
0.886,0
0.888,0
0.89,0
0.892,0
0.894,0
0.896,0
0.898,0
0.9,0
0.902,0
0.904,0
0.906,0
0.908,0
0.91,0
0.912,0
0.914,0
0.916,0
0.918,0
0.92,0
0.922,0
0.924,0
0.926,0
0.928,0
0.93,0
0.932,0
0.934,0
0.936,0
0.938,0
0.94,0
0.942,0
0.944,0
0.946,0
0.948,0
0.95,0
0.952,0
0.954,0
0.956,0
0.958,0
0.96,0
0.962,0
0.964,0
0.966,0
0.968,0
0.97,0
0.972,0
0.974,0
0.976,0
0.978,0
0.98,0
0.982,0
0.984,0
0.986,0
0.988,0
0.99,0
0.992,0
0.994,0
0.996,0
0.998,0
1,0.2
1.002,0.2
1.004,0.2
1.006,0.2
1.008,0.2
1.01,0.2
1.012,0.2
1.014,0.2
1.016,0.2
1.018,0.2
1.02,0.2
1.022,0.2
1.024,0.2
1.026,0.2
1.028,0.2
1.03,0.2
1.032,0.2
1.034,0.2
1.036,0.2
1.038,0.2
1.04,0.2
1.042,0.2
1.044,0.2
1.046,4.12762
1.048,4.12763
1.05,4.12764
1.052,4.12764
1.054,4.1275
1.056,4.12728
1.058,4.12734
1.06,4.12707
1.062,4.12622
1.064,4.12584
1.066,4.12543
1.068,4.12417
1.07,4.12275
1.072,4.12122
1.074,4.1196
1.076,4.11792
1.078,4.1162
1.08,4.11264
1.082,4.1109
1.084,4.10704
1.086,4.10305
1.088,4.09897
1.09,4.09482
1.092,4.09062
1.094,4.08637
1.096,4.07888
1.098,4.07468
1.1,3.86687
1.102,3.86273
1.104,3.85466
1.106,3.8465
1.108,3.84253
1.11,3.83411
1.112,3.82563
1.114,3.81708
1.116,3.80847
1.118,3.79977
1.12,3.79099
1.122,3.78211
1.124,3.77312
1.126,3.76401
1.128,3.75476
1.13,3.74538
1.132,3.73585
1.134,3.72616
1.136,3.71631
1.138,3.70627
1.14,3.69606
1.142,3.68565
1.144,3.67505
1.146,3.66425
1.148,3.65324
1.15,3.64203
1.152,3.63725
1.154,3.62529
1.156,3.61315
1.158,3.60761
1.16,3.59478
1.162,3.58179
1.164,3.57556
1.166,3.56883
1.168,3.55475
1.17,3.54753
1.172,3.53988
1.174,3.53184
1.176,3.52343
1.178,3.51469
1.18,3.50565
1.182,3.49631
1.184,3.48671
1.186,3.47686
1.188,3.46677
1.19,3.46337
1.192,3.45255
1.194,3.44843
1.196,3.4438
1.198,3.43201
1.2,3.4269
1.202,3.4214
1.204,3.41556
1.206,3.40942
1.208,3.40301
1.21,3.39636
1.212,3.3895
1.214,3.38887
1.216,3.38139
1.218,3.3801
1.22,3.37217
1.222,3.37038
1.224,3.36824
1.226,3.35973
1.228,3.35728
1.23,3.35457
1.232,3.35165
1.234,3.35432
1.236,3.35085
1.238,3.34726
1.24,3.34916
1.242,3.34525
1.244,3.34673
1.246,3.34259
1.248,3.34376
1.25,3.34471
1.252,3.34548
1.254,3.3461
1.256,3.34661
1.258,3.34702
1.26,3.34735
1.262,3.34761
1.264,3.35248
1.266,3.35258
1.268,3.35713
1.27,3.35716
1.272,3.3615
1.274,-3.3657
1.276,-3.36981
1.278,-3.37383
1.28,-3.38159
1.282,-3.38549
1.284,-3.39291
1.286,-3.40016
1.288,-3.40729
1.29,-3.41434
1.292,-3.42133
1.294,-3.43102
1.296,-3.4405
1.298,-3.44983
1.3,-3.45908
1.302,-3.46827
1.304,-3.47911
1.306,-3.48976
1.308,-3.50028
1.31,-3.51159
1.312,-3.52207
1.314,-3.53292
1.316,-3.54363
1.318,-3.55425
1.32,-3.56431
1.322,-3.57415
1.324,-3.58386
1.326,-3.59345
1.328,-3.60116
1.33,-3.60865
1.332,-3.61335
1.334,-3.62075
1.336,-3.62468
1.338,-3.62837
1.34,-3.62765
1.342,-3.62658
1.344,-3.62519
1.346,-3.6235
1.348,-3.61555
1.35,-3.60718
1.352,-3.59145
1.354,-3.58264
1.356,-3.56548
1.358,-3.54779
1.36,-3.52066
1.362,-3.50229
1.364,-3.4734
1.366,-3.44382
1.368,-3.41351
1.37,-3.38238
1.372,-3.35035
1.374,-3.31734
1.376,-3.29558
1.378,-3.25963
1.38,-3.22251
1.382,-3.1974
1.384,-3.15696
1.386,-3.12899
1.388,-3.09905
1.39,-3.06717
1.392,-3.03339
1.394,-3.01207
1.396,-2.97365
1.398,-2.94811
1.4,-2.92006
1.402,-2.88963
1.404,-2.85698
1.406,-2.83698
1.408,-2.81399
1.41,-2.77358
1.412,-2.74641
1.414,-2.71683
1.416,-2.69972
1.418,-2.66491
1.42,-2.64296
1.422,-2.61838
1.424,-2.59142
1.426,-2.56234
1.428,-2.53132
1.43,-2.51283
1.432,-2.47758
1.434,-2.45513
1.436,-2.4305
1.438,-2.40394
1.44,-2.38941
1.442,-2.35872
1.444,-2.34031
1.446,-2.30641
1.448,-2.28496
1.45,-2.26178
1.452,-2.25013
1.454,-2.22329
1.456,-2.19539
1.458,-2.17923
1.46,-2.16135
1.462,-2.14197
1.464,-2.12128
1.466,-2.11154
1.468,-2.08803
1.47,-2.07554
1.472,-2.04992
1.474,-2.03535
1.476,-2.01959
1.478,-2.014
1.48,-1.99567
1.482,-1.98756
1.484,-1.96737
1.486,-1.95739
1.488,-1.94634
1.49,-1.93438
1.492,-1.93177
1.494,-1.91785
1.496,-1.91327
1.498,-1.90761
1.5,1.90107
1.502,1.89376
1.504,1.89495
1.506,1.88604
1.508,1.88557
1.51,1.88422
1.512,1.88214
1.514,1.87946
1.516,1.87627
1.518,1.87266
1.52,1.87661
1.522,1.87981
1.524,1.8824
1.526,1.8845
1.528,1.8862
1.53,1.88758
1.532,1.89564
1.534,1.89637
1.536,1.90363
1.538,1.9105
1.54,1.91706
1.542,1.92953
1.544,-1.93556
1.546,-1.94733
1.548,-1.95314
1.55,1.9645
1.552,1.97569
1.554,1.98676
1.556,2.00282
1.558,2.01866
1.56,2.02968
1.562,2.04535
1.564,2.06099
1.566,2.07665
1.568,2.09643
1.57,2.11232
1.572,2.13206
1.574,2.15188
1.576,2.17181
1.578,2.1919
1.58,2.21216
1.582,2.23547
1.584,2.25895
1.586,2.28017
1.588,2.30393
1.59,2.32793
1.592,2.35415
1.594,2.3789
1.596,2.40547
1.598,2.43235
1.6,2.45953
1.602,2.48702
1.604,2.51479
1.606,2.54339
1.608,2.57234
1.61,2.60163
1.612,2.63124
1.614,2.66114
1.616,2.69128
1.618,2.72082
1.62,2.75069
1.622,2.78086
1.624,2.81126
1.626,2.83996
1.628,2.86894
1.63,2.89816
1.632,2.92756
1.634,2.95704
1.636,2.98311
1.638,3.00932
1.64,3.03558
1.642,3.06179
1.644,3.08302
1.646,3.10421
1.648,3.11955
1.65,3.14091
1.652,3.15534
1.654,3.16239
1.656,3.17666
1.658,3.18233
1.66,3.17891
1.662,3.18398
1.664,3.17861
1.666,3.16224
1.668,3.14497
1.67,3.12668
1.672,3.1072
1.674,3.07384
1.676,3.05228
1.678,3.01535
1.68,2.97682
1.682,2.93653
1.684,2.89431
1.686,2.86565
1.688,2.8181
1.69,2.78474
1.692,2.74827
1.694,2.70865
1.696,2.68316
1.698,2.65353
1.7,2.61993
1.702,2.60019
1.704,2.5756
1.706,2.54647
1.708,2.51311
1.71,2.49366
1.712,2.4692
1.714,2.44015
1.716,2.42468
1.718,2.38626
1.72,2.36219
1.722,2.33367
1.724,2.31866
1.726,2.29861
1.728,2.25682
1.73,2.22959
1.732,2.21569
1.734,2.18016
1.736,2.15862
1.738,2.13322
1.74,2.10442
1.742,2.07261
1.744,2.05434
1.746,2.0164
1.748,1.99244
1.75,1.96552
1.752,1.93602
1.754,1.91965
1.756,1.88485
1.758,1.86352
1.76,1.83962
1.762,1.81347
1.764,1.78538
1.766,1.7556
1.768,1.73859
1.77,1.70515
1.772,1.68466
1.774,-1.66225
1.776,-1.6517
1.778,-1.62538
1.78,-1.59795
1.782,-1.58258
1.784,-1.5654
1.786,-1.54668
1.788,-1.52664
1.79,-1.50546
1.792,-1.48332
1.794,-1.47231
1.796,-1.45969
1.798,-1.43413
1.8,-1.41969
1.802,-1.40417
1.804,-1.39878
1.806,-1.3809
1.808,-1.37316
1.81,-1.36413
1.812,-1.34367
1.814,-1.33326
1.816,-1.32199
1.818,-1.31987
1.82,-1.30673
1.822,-1.30269
1.824,-1.28823
1.826,-1.2828
1.828,-1.27655
1.83,-1.27851
1.832,-1.27056
1.834,-1.26219
1.836,-1.26191
1.838,-1.26078
1.84,-1.25085
1.842,-1.24883
1.844,-1.25407
1.846,-1.25072
1.848,-1.24704
1.85,-1.25049
1.852,-1.25328
1.854,-1.25553
1.856,-1.25736
1.858,-1.25885
1.86,-1.26005
1.862,-1.26102
1.864,-1.26821
1.866,-1.27493
1.868,-1.2813
1.87,-1.28739
1.872,-1.29328
1.874,-1.29902
1.876,1.31017
1.878,1.31566
1.88,1.32641
1.882,1.33698
1.884,1.34745
1.886,1.35787
1.888,1.37298
1.89,1.38343
1.892,1.39838
1.894,1.41333
1.896,1.42832
1.898,1.44341
1.9,1.45862
1.902,1.47772
1.904,1.49336
1.906,1.51268
1.908,1.5322
1.91,1.55195
1.912,1.57197
1.914,1.59516
1.916,1.61595
1.918,1.63964
1.92,1.66371
1.922,1.68817
1.924,1.71303
1.926,1.74028
1.928,1.76622
1.93,1.79424
1.932,1.82277
1.934,1.85182
1.936,-1.88138
1.938,-1.91141
1.94,-1.94281
1.942,-1.97484
1.944,-2.00696
1.946,-2.0398
1.948,-2.07321
1.95,-2.10717
1.952,-2.14205
1.954,-2.17697
1.956,-2.21254
1.958,-2.2487
1.96,-2.28539
1.962,-2.32132
1.964,-2.35941
1.966,-2.39614
1.968,-2.43342
1.97,-2.47117
1.972,-2.5093
1.974,-2.5451
1.976,-2.5814
1.978,-2.61813
1.98,-2.65515
1.982,-2.68854
1.984,-2.72647
1.986,-2.7599
1.988,-2.78865
1.99,-2.82292
1.992,-2.85147
1.994,-2.88006
1.996,-2.90211
1.998,-2.93097
2,-2.95212
2.002,-2.96521
2.004,-2.978
2.006,-2.99031
2.008,-2.99262
2.01,-3.00415
2.012,-2.99381
2.014,-2.9826
2.016,-2.97032
2.018,-2.95678
2.02,-2.92886
2.022,-2.89948
2.024,-2.85421
2.026,-2.82218
2.028,-2.7725
2.03,-2.73688
2.032,-2.68201
2.034,-2.64193
2.036,-2.59872
2.038,-2.55225
2.04,-2.52071
2.042,-2.4848
2.044,-2.44461
2.046,-2.40022
2.048,-2.37097
2.05,-2.33651
2.052,-2.29714
2.054,-2.27267
2.056,-2.24243
2.058,-2.20688
2.06,-2.18598
2.062,-2.13951
2.064,-2.10863
2.066,-2.09206
2.068,-2.04986
2.07,-2.02294
2.072,-1.99082
2.074,-1.95403
2.076,-1.91307
2.078,-1.88731
2.08,-1.83788
2.082,-1.80438
2.084,-1.78544
2.086,-1.74305
2.088,-1.69773
2.09,-1.66795
2.092,-1.63443
2.094,-1.59764
2.096,-1.558
2.098,-1.51587
2.1,-1.48891
2.102,-1.44153
2.104,-1.4097
2.106,1.37527
2.108,1.33858
2.11,1.31638
2.112,1.27496
2.114,1.24832
2.116,1.21931
2.118,1.18828
2.12,1.15552
2.122,1.12132
2.124,1.0859
2.126,1.06436
2.128,1.02607
2.13,1.00175
2.132,0.975819
2.134,0.948532
2.136,0.920115
2.138,0.904456
2.14,0.873394
2.142,0.855136
2.144,0.835373
2.146,0.814352
2.148,0.792285
2.15,0.769355
2.152,0.745721
2.154,0.733625
2.156,0.708151
2.158,0.69417
2.16,0.679031
2.162,0.651582
2.164,0.635491
2.166,0.629627
2.168,0.611411
2.17,0.592787
2.172,0.584295
2.174,0.57466
2.176,0.564072
2.178,0.55269
2.18,0.540652
2.182,0.528072
2.184,0.515051
2.186,0.510836
2.188,0.496581
2.19,0.491013
2.192,0.4846
2.194,0.477482
2.196,0.469776
2.198,0.469672
2.2,0.460558
2.202,0.458932
2.204,0.448865
2.206,0.446154
2.208,0.442761
2.21,0.438798
2.212,0.441287
2.214,0.436038
2.216,0.430513
2.218,0.431267
2.22,0.431312
2.222,0.430769
2.224,0.423701
2.226,0.428509
2.228,0.426709
2.23,0.424632
2.232,0.427818
2.234,0.425072
2.236,0.427455
2.238,0.429385
2.24,0.430949
2.242,0.432215
2.244,0.433241
2.246,0.434072
2.248,0.439239
2.25,0.439649
2.252,0.444263
2.254,0.448592
2.256,0.452706
2.258,0.456663
2.26,-0.460506
2.262,-0.464271
2.264,-0.471586
2.266,-0.475248
2.268,-0.482327
2.27,-0.489321
2.272,-0.496285
2.274,-0.503262
2.276,-0.513222
2.278,-0.520366
2.28,-0.530351
2.282,-0.537801
2.284,-0.54796
2.286,-0.558275
2.288,-0.568782
2.29,-0.579502
2.292,-0.59264
2.294,-0.604001
2.296,-0.617624
2.298,-0.629686
2.3,-0.643873
2.302,-0.65845
2.304,-0.673432
2.306,-0.690412
2.308,-0.706486
2.31,-0.722957
2.312,-0.741204
2.314,-0.760055
2.316,-0.77952
2.318,-0.799598
2.32,-0.82028
2.322,-0.84155
2.324,-0.864266
2.326,-0.887818
2.328,-0.911547
2.33,-0.936374
2.332,-0.962012
2.334,-0.988436
2.336,-1.01595
2.338,-1.04433
2.34,-1.07353
2.342,-1.10371
2.344,-1.13446
2.346,-1.16619
2.348,-1.19884
2.35,-1.23236
2.352,-1.26631
2.354,-1.302
2.356,-1.33777
2.358,-1.37464
2.36,-1.41256
2.362,-1.45146
2.364,-1.49124
2.366,-1.53064
2.368,-1.57265
2.37,-1.61382
2.372,-1.65608
2.374,1.69933
2.376,1.74347
2.378,1.78629
2.38,1.83262
2.382,1.87706
2.384,1.92248
2.386,1.96878
2.388,2.01582
2.39,2.06346
2.392,2.10818
2.394,2.15378
2.396,2.20011
2.398,2.24701
2.4,2.28987
2.402,2.33824
2.404,2.38167
2.406,2.42553
2.408,2.46398
2.41,2.50895
2.412,2.54103
2.414,2.58043
2.416,2.61967
2.418,2.65103
2.42,2.67423
2.422,2.70595
2.424,2.71901
2.426,2.74145
2.428,2.75298
2.43,2.7638
2.432,2.76237
2.434,2.74797
2.436,2.74516
2.438,2.71416
2.44,2.68172
2.442,2.64758
2.444,2.59587
2.446,2.54214
2.448,2.48612
2.45,2.42753
2.452,2.36611
2.454,2.30162
2.456,2.23383
2.458,2.18273
2.46,2.12711
2.462,2.08782
2.464,2.04281
2.466,1.99224
2.468,1.93631
2.47,1.89708
2.472,1.87339
2.474,1.84211
2.476,1.80387
2.478,1.78116
2.48,1.75085
2.482,1.71368
2.484,1.67028
2.486,1.64299
2.488,1.60885
2.49,1.56863
2.492,1.5443
2.494,1.51332
2.496,1.47649
2.498,1.43451
2.5,1.38797
2.502,1.35798
2.504,1.30242
2.506,1.26422
2.508,1.24182
2.51,1.19433
2.512,1.14391
2.514,1.11039
2.516,-1.07307
2.518,-1.0325
2.52,-0.989156
2.522,-0.961977
2.524,-0.912924
2.526,-0.880493
2.528,-0.845291
2.53,-0.807764
2.532,-0.768303
2.534,-0.727254
2.536,-0.684922
2.538,-0.65833
2.54,-0.612946
2.542,-0.583477
2.544,-0.552302
2.546,-0.503882
2.548,-0.471492
2.55,-0.453547
2.552,-0.418224
2.554,-0.382504
2.556,-0.34656
2.558,-0.325137
2.56,-0.288057
2.562,-0.265461
2.564,-0.241932
2.566,-0.2177
2.568,-0.192968
2.57,-0.16791
2.572,-0.142685
2.574,-0.117429
2.576,-0.0922653
2.578,-0.0797501
2.58,-0.0540551
2.582,-0.040876
2.584,-0.0152191
2.586,-0.00191056
2.588,0.0118457
2.59,0.0258925
2.592,0.0510948
2.594,0.0535424
2.596,0.0677893
2.598,0.0818619
2.6,0.0956796
2.602,0.109171
2.604,0.112451
2.606,0.12601
2.608,0.138989
2.61,0.14207
2.612,0.145595
2.614,0.158277
2.616,0.161392
2.618,0.164687
2.62,0.168058
2.622,0.171417
2.624,0.174686
2.626,0.177798
2.628,13.4562
2.63,11.5103
2.632,14.3944
2.634,15.3352
2.636,21.3361
2.638,19.4085
2.64,20.6665
2.642,22.527
2.644,16.027
2.646,17.4812
2.648,16.9998
2.65,13.9207
2.652,12.943
2.654,9.12152
2.656,10.1
2.658,10.2115
2.66,3.81386
2.662,5.32873
2.664,2.09625
2.666,2.95361
2.668,1.51272
2.67,2.17252
2.672,0.0271591
2.674,0.0271767
2.676,0.0270851
2.678,0.0271543
2.68,0.0275863
2.682,0.0285293
2.684,0.0300898
2.686,0.0323414
2.688,0.0353326
2.69,0.0390924
2.692,0.041804
2.694,0.0474922
2.696,0.0519894
2.698,0.0575829
2.7,0.0664035
2.702,0.0738118
2.704,0.082329
2.706,0.0919411
2.708,0.102627
2.71,0.114361
2.712,0.124838
2.714,0.139126
2.716,0.152022
2.718,0.168715
2.72,0.183913
2.722,0.2005
2.724,0.218437
2.726,0.237677
2.728,0.258175
2.73,0.279882
2.732,0.302749
2.734,0.324345
2.736,0.350081
2.738,0.374397
2.74,0.400331
2.742,0.427819
2.744,0.456793
2.746,0.487184
2.748,0.518923
2.75,0.55194
2.752,0.583644
2.754,0.619796
2.756,0.654408
2.758,0.690741
2.76,0.728701
2.762,0.768191
2.764,0.809116
2.766,0.848555
2.768,0.892897
2.77,0.935395
2.772,0.982692
2.774,1.02782
2.776,1.07454
2.778,1.1227
2.78,1.16888
2.782,1.22045
2.784,1.26951
2.786,1.32389
2.788,1.37527
2.79,1.42805
2.792,-1.48207
2.794,-1.533
2.796,-1.58993
2.798,-1.64306
2.8,-1.69749
2.802,-1.75302
2.804,-1.80943
2.806,-1.86653
2.808,-1.91865
2.81,-1.97179
2.812,-2.0257
2.814,-2.08014
2.816,-2.12829
2.818,-2.18406
2.82,-2.23243
2.822,-2.27346
2.824,-2.32298
2.826,-2.3638
2.828,-2.39579
2.83,-2.43719
2.832,-2.46819
2.834,-2.4885
2.836,-2.50842
2.838,-2.52762
2.84,-2.53377
2.842,-2.53889
2.844,-2.52936
2.846,-2.51841
2.848,-2.49099
2.85,-2.46174
2.852,-2.41406
2.854,-2.34701
2.856,-2.29555
2.858,-2.2224
2.86,-2.14633
2.862,-2.08723
2.864,-2.00322
2.866,-1.95833
2.868,-1.90776
2.87,-1.85153
2.872,-1.78967
2.874,-1.74506
2.876,-1.69365
2.878,-1.63578
2.88,-1.59514
2.882,-1.57049
2.884,-1.53718
2.886,-1.51931
2.888,-1.49234
2.89,-1.45718
2.892,-1.39146
2.894,-1.36725
2.896,-1.33491
2.898,-1.29537
2.9,-1.24945
2.902,-1.22043
2.904,-1.18448
2.906,-1.12026
2.908,-1.07471
2.91,-1.04622
2.912,-1.01158
2.914,-0.950204
2.916,-0.907408
2.918,-0.860484
2.92,0.810042
2.922,0.777258
2.924,0.740108
2.926,0.699262
2.928,0.635424
2.93,0.590496
2.932,0.543271
2.934,0.51341
2.936,0.46133
2.938,0.427044
2.94,0.371882
2.942,0.334792
2.944,0.296003
2.946,0.255901
2.948,0.214829
2.95,0.173092
2.952,0.130965
2.954,0.0886919
2.956,0.0464949
2.958,0.0209682
2.96,-0.0218673
2.962,-0.0480324
2.964,-0.0905663
2.966,-0.116501
2.968,-0.157979
2.97,-0.182984
2.972,-0.208021
2.974,-0.232885
2.976,-0.257393
2.978,-0.281382
2.98,-0.304708
2.982,-0.327241
2.984,-0.348864
2.986,-0.356405
2.988,-0.377166
2.99,-0.396622
2.992,-0.414709
2.994,-0.419199
2.996,-0.423712
2.998,-0.439697
3,-0.44247
3.002,-0.444907
3.004,-18.4293
3.006,-21.7439
3.008,-18.8864
3.01,-21.6804
3.012,-25.2743
3.014,-25.1966
3.016,-22.6546
3.018,-22.5014
3.02,-28.3476
3.022,-23.0514
3.024,-19.7268
3.026,-17.206
3.028,-18.2275
3.03,-18.7397
3.032,-12.534
3.034,-16.8692
3.036,-17.4371
3.038,-12.0819
3.04,-13.4735
3.042,-9.71775
3.044,-8.31837
3.046,-3.9746
3.048,-3.72568
3.05,-4.35587
3.052,-4.84908
3.054,-1.2174
3.056,-2.87118
3.058,0.910607
3.06,1.56681
3.062,6.55129
3.064,7.07029
3.066,0.0136062
3.068,0.0143481
3.07,0.0143438
3.072,0.0135618
3.074,0.0119856
3.076,0.00961044
3.078,0.0064399
3.08,0.00496631
3.082,-0.000186069
3.084,-0.00352429
3.086,-0.00530956
3.088,-0.00856102
3.09,-0.0162102
3.092,-0.0249201
3.094,-0.0346612
3.096,-0.0454023
3.098,-0.0542865
3.1,-0.0675256
3.102,-0.0788134
3.104,-0.0943851
3.106,-0.107945
3.108,-0.122896
3.11,-0.139194
3.112,-0.156793
3.114,-0.175646
3.116,-0.195706
3.118,-0.216927
3.12,-0.239263
3.122,-0.262669
3.124,-0.287102
3.126,-0.309918
3.128,-0.337014
3.13,-0.362392
3.132,-0.389329
3.134,-0.420343
3.136,-0.449476
3.138,-0.480012
3.14,-0.51188
3.142,-0.545012
3.144,-0.581812
3.146,-0.61651
3.148,-0.654691
3.15,-0.690819
3.152,-0.728011
3.154,-0.766203
3.156,-0.807541
3.158,-0.846771
3.16,-0.886889
3.162,-0.927834
3.164,-0.969549
3.166,-1.00983
3.168,-1.05373
3.17,-1.09815
3.172,-1.1409
3.174,-1.18485
3.176,-1.22991
3.178,-1.27597
3.18,-1.32295
3.182,-1.37075
3.184,-1.41668
3.186,-1.46667
3.188,-1.51438
3.19,-1.56322
3.192,1.61306
3.194,1.66376
3.196,1.71189
3.198,1.76127
3.2,1.81547
3.202,1.89047
3.204,1.96736
3.206,2.03336
3.208,2.08027
3.21,2.11437
3.212,2.13825
3.214,2.1519
3.216,2.16027
3.218,2.16373
3.22,2.1633
3.222,2.16395
3.224,2.15863
3.226,2.15132
3.228,2.14759
3.23,2.14843
3.232,2.13844
3.234,2.13873
3.236,2.13338
3.238,2.1335
3.24,2.12783
3.242,2.12786
3.244,2.12789
3.246,2.12791
3.248,2.12793
3.25,2.13378
3.252,2.13382
3.254,2.13386
3.256,2.13968
3.258,2.14545
3.26,2.14555
3.262,2.14564
3.264,2.15141
3.266,2.14578
3.268,2.13996
3.27,2.13997
3.272,-2.13399
3.274,-2.134
3.276,-2.12792
3.278,-2.12177
3.28,-2.11557
3.282,-2.10933
3.284,-2.10307
3.286,-2.09026
3.288,-2.084
3.29,-2.07774
3.292,-2.06474
3.294,-2.05856
3.296,-2.04548
3.298,-2.03239
3.3,-2.02642
3.302,-2.01333
3.304,-2.00026
3.306,-1.98723
3.308,-1.97425
3.31,-1.96131
3.312,1.94843
3.314,1.93561
3.316,1.92285
3.318,1.91014
3.32,1.88973
3.322,1.87727
3.324,1.86486
3.326,1.85248
3.328,1.83221
3.33,1.82009
3.332,1.80798
3.334,1.79589
3.336,1.77577
3.338,1.76391
3.34,1.74393
3.342,1.73229
3.344,1.72062
3.346,1.70076
3.348,1.68929
3.35,1.66956
3.352,1.65826
3.354,1.64691
3.356,1.62728
3.358,1.61609
3.36,1.59658
3.362,1.58554
3.364,1.56614
3.366,1.55523
3.368,1.53595
3.37,1.52514
3.372,1.50597
3.374,1.48694
3.376,1.47644
3.378,1.45749
3.38,1.43871
3.382,1.42845
3.384,1.40972
3.386,1.39115
3.388,1.3811
3.39,1.36258
3.392,1.34421
3.394,1.32598
3.396,1.30789
3.398,1.28994
3.4,1.27212
3.402,1.25443
3.404,1.22834
3.406,1.21118
3.408,1.18552
3.41,1.16885
3.412,1.14361
3.414,1.11871
3.416,1.09414
3.418,1.07869
3.42,1.05447
3.422,1.03058
3.424,0.998112
3.426,0.975201
3.428,0.952572
3.43,0.930218
3.432,0.908132
3.434,0.886307
3.436,0.864736
3.438,0.83445
3.44,0.813785
3.442,0.793324
3.444,0.773068
3.446,0.753015
3.448,0.733165
3.45,0.713517
3.452,0.694072
3.454,0.674831
3.456,0.664439
3.458,0.645173
3.46,0.626148
3.462,0.607362
3.464,0.588814
3.466,0.570503
3.468,0.560762
3.47,0.542488
3.472,0.524483
3.474,0.506744
3.476,0.489266
3.478,0.472049
3.48,0.463108
3.482,0.445973
3.484,0.429127
3.486,0.412567
3.488,0.396288
3.49,0.380287
3.492,0.364562
3.494,0.349111
3.496,0.333931
3.498,0.319021
3.5,0.30438
3.502,0.290006
3.504,0.2759
3.506,0.26206
3.508,0.248487
3.51,0.235179
3.512,0.222138
3.514,0.209363
3.516,0.196855
3.518,0.184614
3.52,0.172641
3.522,0.160937
3.524,0.149501
3.526,0.138336
3.528,0.127441
3.53,0.116818
3.532,0.106468
3.534,0.0963908
3.536,0.0801034
3.538,0.0710566
3.54,0.0622444
3.542,0.0536724
3.544,0.0453453
3.546,0.0372675
3.548,0.0294432
3.55,0.0158375
3.552,0.00902366
3.554,0.00242986
3.556,-0.0039363
3.558,-0.0158574
3.56,-0.0212448
3.562,-0.0264315
3.564,-0.0314076
3.566,-0.0416824
3.568,-0.0457001
3.57,-0.0549429
3.572,-0.0580504
3.574,-10.3638
3.576,-11.624
3.578,-9.40262
3.58,-13.0196
3.582,-13.3079
3.584,-9.84185
3.586,-12.5424
3.588,-12.7816
3.59,-13.1893
3.592,-12.2556
3.594,-9.98743
3.596,-11.6605
3.598,-10.7076
3.6,-10.8428
3.602,-8.23744
3.604,-10.4917
3.606,-7.21753
3.608,-7.28937
3.61,-10.7006
3.612,-9.01973
3.614,-7.3418
3.616,-6.85671
3.618,-6.00671
3.62,-2.56711
3.622,-3.31251
3.624,-3.25959
3.626,-2.18867
3.628,-1.96307
3.63,-5.50285
3.632,-1.72688
3.634,-4.37032
3.636,-4.07025
3.638,1.28213
3.64,-4.76243
3.642,-5.12079
3.644,-5.92515
3.646,-4.69333
3.648,-5.61457
3.65,-5.44493
3.652,-4.7547
3.654,-7.05637
3.656,-6.11089
3.658,-5.76732
3.66,-5.94102
3.662,-1.83618
3.664,-8.68376
3.666,-4.77471
3.668,-4.724
3.67,-9.15767
3.672,-3.82945
3.674,-6.10746
3.676,-9.12849
3.678,-2.7475
3.68,-5.19652
3.682,-5.38971
3.684,-2.79315
3.686,-4.52069
3.688,-3.82358
3.69,-2.3048
3.692,-2.34949
3.694,-1.81795
3.696,-0.708535
3.698,1.19246
3.7,-0.212138
3.702,-1.59625
3.704,-1.59372
3.706,-3.86966
3.708,0.837383
3.71,0.797281
3.712,0.895089
3.714,-1.46245
3.716,-1.23836
3.718,-0.251403
3.72,-4.74629
3.722,-0.503733
3.724,-1.15572
3.726,-3.49872
3.728,-3.33471
3.73,-0.338129
3.732,-1.12667
3.734,-5.08348
3.736,-4.42846
3.738,1.34971
3.74,-4.06392
3.742,-1.64511
3.744,-5.1653
3.746,-0.963241
3.748,0.863891
3.75,-1.2315
3.752,-0.71013
3.754,-1.39581
3.756,-0.675547
3.758,-1.00482
3.76,0.290806
3.762,-4.20009
3.764,-0.889767
3.766,-2.24563
3.768,-2.9677
3.77,-0.00473538
3.772,-1.41966
3.774,-4.326
3.776,0.470422
3.778,-2.11183
3.78,-4.23023
3.782,-0.301908
3.784,-5.2602
3.786,-2.14464
3.788,1.319
3.79,-2.11818
3.792,-3.60056
3.794,-3.46151
3.796,-3.32083
3.798,-3.86046
3.8,-3.9269
3.802,-4.44421
3.804,-1.55827
3.806,-5.12892
3.808,0.135232
3.81,-0.528316
3.812,-2.52138
3.814,-2.72482
3.816,-1.08372
3.818,2.94416
3.82,1.31492
3.822,-1.80906
3.824,-0.362437
3.826,-4.131
3.828,-0.0909154
3.83,-2.69521
3.832,-2.04826
3.834,-2.6079
3.836,-1.1407
3.838,-0.972566
3.84,-1.46047
3.842,-1.45538
3.844,-0.582403
3.846,1.13061
3.848,-1.8739
3.85,2.46819
3.852,-0.92214
3.854,0.257422
3.856,-1.92681
3.858,-2.45976
3.86,2.35205
3.862,-1.11013
3.864,1.5155
3.866,-3.10111
3.868,3.05151
3.87,0.439005
3.872,1.83086
3.874,1.26155
3.876,-1.37357
3.878,-1.38515
3.88,-3.868
3.882,-2.66613
3.884,-1.67708
3.886,-1.54765
3.888,-0.742401
3.89,1.5041
3.892,0.604472
3.894,0.610742
3.896,-1.81612
3.898,-0.229023
3.9,1.18698
3.902,-4.01428
3.904,-2.29233
3.906,3.52062
3.908,3.70157
3.91,1.95201
3.912,0.0558766
3.914,0.216705
3.916,2.78658
3.918,1.66752
3.92,-0.189529
3.922,-2.01211
3.924,-4.30851
3.926,-2.27769
3.928,-1.55333
3.93,-1.57562
3.932,-3.22813
3.934,0.0853529
3.936,-0.187661
3.938,4.03562
3.94,-0.0615912
3.942,-2.21138
3.944,-0.154794
3.946,-3.65594
3.948,2.57561
3.95,-2.99167
3.952,0.915276
3.954,2.32696
3.956,-2.79964
3.958,-3.15634
3.96,-1.8479
3.962,0.590635
3.964,1.59768
3.966,-3.30206
3.968,-0.341226
3.97,-2.5179
3.972,-0.566931
3.974,0.800611
3.976,0.581
3.978,-0.176059
3.98,0.729514
3.982,-3.28026
3.984,-3.48805
3.986,-3.35426
3.988,-0.986134
3.99,0.0163532
3.992,1.19255
3.994,0.759089
3.996,-0.147017
3.998,1.12549
4,1.24067
4.002,2.13456
4.004,1.81026
4.006,-0.600775
4.008,1.15522
4.01,1.83588
4.012,-3.05882
4.014,1.07161
4.016,-0.186513
4.018,-0.679955
4.02,1.27481
4.022,0.671827
4.024,3.2472
4.026,2.00595
4.028,-1.70459
4.03,6.27226
4.032,0.706671
4.034,1.94655
4.036,3.37205
4.038,2.87509
4.04,0.0730994
4.042,-0.512574
4.044,2.41468
4.046,2.88909
4.048,3.69652
4.05,-4.14991
4.052,-0.98132
4.054,-1.64233
4.056,-2.04318
4.058,-2.38334
4.06,0.672394
4.062,-4.01662
4.064,-2.23144
4.066,1.5433
4.068,-2.74692
4.07,-5.6011
4.072,-0.0692582
4.074,-1.34955
4.076,1.37536
4.078,0.510054
4.08,-0.943729
4.082,-1.10538
4.084,1.47106
4.086,1.73847
4.088,2.88382
4.09,-1.52592
4.092,-1.75325
4.094,-0.771919
4.096,-1.51827
4.098,1.69785
4.1,0.910667
4.102,-1.51413
4.104,-1.79965
4.106,2.18221
4.108,-3.502
4.11,-3.43815
4.112,-0.129955
4.114,-1.75928
4.116,2.25689
4.118,-0.65875
4.12,-2.83616
4.122,2.12556
4.124,-1.30675
4.126,-1.01747
4.128,-4.36227
4.13,-2.31484
4.132,-1.67295
4.134,-0.670414
4.136,-2.74902
4.138,0.645779
4.14,-0.892769
4.142,1.39439
4.144,-0.202316
4.146,1.01913
4.148,-0.263532
4.15,1.89182
4.152,3.85299
4.154,0.819132
4.156,-2.9983
4.158,1.68813
4.16,1.16149
4.162,-1.55336
4.164,-2.1256
4.166,-0.376462
4.168,0.168213
4.17,-0.410132
4.172,2.30226
4.174,3.92722
4.176,2.77317
4.178,-1.02673
4.18,1.40022
4.182,1.16572
4.184,-1.43026
4.186,-0.266078
4.188,1.82274
4.19,-0.377689
4.192,-0.399428
4.194,2.40909
4.196,4.2338
4.198,2.49874
4.2,-1.34952
4.202,0.971049
4.204,0.388155
4.206,-1.76245
4.208,2.6477
4.21,0.785865
4.212,3.25484
4.214,0.262842
4.216,-2.977
4.218,-1.2322
4.22,-0.782589
4.222,2.2352
4.224,-0.167426
4.226,-0.0828671
4.228,-1.96918
4.23,-3.23816
4.232,-3.91257
4.234,1.31963
4.236,-1.19909
4.238,2.27766
4.24,-0.416512
4.242,-4.31438
4.244,0.630328
4.246,-0.962733
4.248,-1.7126
4.25,-0.419237
4.252,-1.11261
4.254,-0.764758
4.256,-2.259
4.258,1.7404
4.26,-0.640312
4.262,-1.05273
4.264,1.84642
4.266,-4.71107
4.268,0.0716301
4.27,0.174575
4.272,-1.22885
4.274,0.474577
4.276,-3.16364
4.278,-1.29281
4.28,-1.69222
4.282,-1.33854
4.284,-1.04069
4.286,1.56117
4.288,0.250264
4.29,0.930705
4.292,-0.681167
4.294,-3.62322
4.296,1.13033
4.298,-0.323104
4.3,-0.0199052
4.302,0.304264
4.304,-2.09222
4.306,2.96018
4.308,1.57094
4.31,-3.01796
4.312,0.970017
4.314,2.42501
4.316,4.8426
4.318,-1.40521
4.32,-1.06876
4.322,-2.80342
4.324,0.0810381
4.326,-1.53448
4.328,1.87899
4.33,1.56369
4.332,0.00930651
4.334,1.18011
4.336,-1.88141
4.338,0.0883781
4.34,-2.12165
4.342,-0.98221
4.344,2.5215
4.346,5.19404
4.348,-0.721459
4.35,0.42199
4.352,0.8388
4.354,4.01132
4.356,0.625337
4.358,2.13846
4.36,-3.4266
4.362,-3.62372
4.364,-3.6306
4.366,-0.0192985
4.368,-1.6871
4.37,-0.295573
4.372,-0.972976
4.374,-0.605639
4.376,2.07299
4.378,-0.665186
4.38,1.49499
4.382,-3.1529
4.384,-0.540704
4.386,2.07065
4.388,-4.65763
4.39,0.707541
4.392,-0.760605
4.394,-1.31356
4.396,-2.24898
4.398,-0.590743
4.4,0.167548
4.402,-2.9773
4.404,1.18174
4.406,-0.717477
4.408,0.911186
4.41,-1.32742
4.412,-0.934495
4.414,1.95079
4.416,3.28447
4.418,-0.968093
4.42,1.17262
4.422,2.3588
4.424,0.889684
4.426,-0.140547
4.428,-0.594648
4.43,-1.84329
4.432,-3.15132
4.434,-1.92121
4.436,0.297619
4.438,1.1711
4.44,-0.297657
4.442,-0.152415
4.444,-0.163743
4.446,0.810912
4.448,-0.0346845
4.45,3.04474
4.452,0.505995
4.454,2.12004
4.456,0.511812
4.458,0.144542
4.46,0.66536
4.462,0.82326
4.464,3.38341
4.466,2.14439
4.468,1.98972
4.47,-3.58916
4.472,-1.85165
4.474,2.68693
4.476,0.669574
4.478,0.834642
4.48,-0.798868
4.482,-1.28222
4.484,0.791991
4.486,-3.3444
4.488,0.991716
4.49,0.366321
4.492,0.14573
4.494,-0.450154
4.496,-0.965945
4.498,2.44344
4.5,-3.31786
4.502,-1.00881
4.504,0.292707
4.506,-1.61474
4.508,-1.49585
4.51,-0.307102
4.512,0.689246
4.514,-1.69865
4.516,-2.031
4.518,0.838092
4.52,-3.76519
4.522,-4.56125
4.524,-2.41534
4.526,1.20999
4.528,1.45773
4.53,-3.06605
4.532,-1.40692
4.534,1.2164
4.536,-0.542733
4.538,2.91675
4.54,1.28742
4.542,2.00366
4.544,1.14353
4.546,1.30253
4.548,1.24958
4.55,0.408191
4.552,-1.46066
4.554,0.473008
4.556,0.608896
4.558,0.206348
4.56,-0.952866
4.562,-1.29149
4.564,-2.01644
4.566,-2.42286
4.568,-0.149795
4.57,-2.85236
4.572,-0.952958
4.574,-2.87074
4.576,-1.66126
4.578,-1.63231
4.58,-1.74747
4.582,-3.09613
4.584,-2.69893
4.586,-0.69576
4.588,0.61998
4.59,-1.24113
4.592,-1.84569
4.594,-0.30149
4.596,2.41453
4.598,2.37738
4.6,2.00385
4.602,1.74439
4.604,2.77003
4.606,-1.29169
4.608,-0.782725
4.61,1.09575
4.612,2.63258
4.614,6.45625
4.616,2.0293
4.618,-1.61035
4.62,1.04718
4.622,-0.15111
4.624,1.84848
4.626,0.803491
4.628,4.46374
4.63,-0.895488
4.632,4.06459
4.634,-0.384573
4.636,0.852259
4.638,1.70831
4.64,0.555584
4.642,0.91076
4.644,-1.08147
4.646,0.346585
4.648,1.45107
4.65,-1.69602
4.652,-2.18562
4.654,0.210553
4.656,-3.79309
4.658,1.03901
4.66,-2.0004
4.662,-5.9543
4.664,-0.166409
4.666,0.292014
4.668,1.46436
4.67,1.74905
4.672,-2.52278
4.674,-0.238617
4.676,-1.38676
4.678,2.64965
4.68,1.09669
4.682,1.03198
4.684,-2.69312
4.686,2.84239
4.688,-1.13436
4.69,-0.487566
4.692,3.07924
4.694,-1.61392
4.696,-0.64658
4.698,-0.127875
4.7,-2.46052
4.702,0.405332
4.704,-0.747933
4.706,-4.17635
4.708,-0.202267
4.71,-5.43247
4.712,-0.848151
4.714,-3.7268
4.716,-0.162827
4.718,-0.994107
4.72,2.85977
4.722,1.90799
4.724,0.405904
4.726,-1.55454
4.728,0.358966
4.73,1.09725
4.732,-1.09854
4.734,0.824217
4.736,0.359052
4.738,-0.933226
4.74,-1.41229
4.742,-1.53987
4.744,2.7311
4.746,1.56829
4.748,2.09665
4.75,-0.284843
4.752,1.67175
4.754,1.09407
4.756,-1.71653
4.758,2.26387
4.76,-2.11529
4.762,0.444863
4.764,0.754095
4.766,-1.79246
4.768,2.98348
4.77,1.93242
4.772,-1.17134
4.774,2.41599
4.776,1.11965
4.778,-3.53661
4.78,-0.0816072
4.782,-0.866924
4.784,-1.60318
4.786,-0.385239
4.788,-3.40674
4.79,2.12349
4.792,-1.17307
4.794,-3.02727
4.796,0.671771
4.798,-1.7572
4.8,1.11412
4.802,3.86803
4.804,1.08973
4.806,1.7325
4.808,-0.0281651
4.81,-0.478488
4.812,-5.17649
4.814,1.56249
4.816,2.3509
4.818,2.06085
4.82,2.44706
4.822,-2.47718
4.824,-2.75172
4.826,-0.208766
4.828,1.09159
4.83,0.67555
4.832,-2.42813
4.834,-0.171942
4.836,-3.96156
4.838,2.14805
4.84,1.04203
4.842,-2.07931
4.844,-1.57532
4.846,-1.36146
4.848,0.283585
4.85,-1.18098
4.852,1.47778
4.854,-0.746285
4.856,4.03122
4.858,1.92618
4.86,-1.85086
4.862,-0.0837367
4.864,1.42679
4.866,4.64325
4.868,1.1432
4.87,1.43211
4.872,-1.70602
4.874,-1.08443
4.876,1.13629
4.878,0.0816083
4.88,-1.47824
4.882,-1.67404
4.884,-1.99235
4.886,-1.06239
4.888,-0.545182
4.89,-2.03558
4.892,1.45961
4.894,1.44915
4.896,1.11463
4.898,-4.55478
4.9,-2.8126
4.902,-1.8895
4.904,1.14005
4.906,-0.696308
4.908,-0.688967
4.91,-0.996679
4.912,-0.0815708
4.914,-2.1844
4.916,-2.19307
4.918,1.2882
4.92,0.0990123
4.922,-1.2743
4.924,0.226964
4.926,2.94861
4.928,1.71116
4.93,2.51646
4.932,0.000918393
4.934,-1.94317
4.936,2.00556
4.938,2.41369
4.94,0.800564
4.942,1.13235
4.944,-2.63058
4.946,0.136009
4.948,-0.579737
4.95,-3.74906
4.952,1.51578
4.954,0.819776
4.956,2.17094
4.958,-2.68513
4.96,-1.7984
4.962,0.471028
4.964,-0.486321
4.966,-1.00265
4.968,0.773982
4.97,-2.95285
4.972,-0.632952
4.974,1.64196
4.976,0.222183
4.978,-0.953336
4.98,-0.428928
4.982,2.04798
4.984,1.50454
4.986,-1.16676
4.988,-1.1574
4.99,-4.10214
4.992,0.618166
4.994,-0.0378381
4.996,-0.135988
4.998,-0.207257
5,2.75094
5.002,2.79274
5.004,1.05714
5.006,-2.90285
5.008,-1.46181
5.01,0.738026
5.012,-1.13737
5.014,1.5878
5.016,2.50368
5.018,0.413277
5.02,1.19263
5.022,4.88566
5.024,3.4105
5.026,2.58206
5.028,-1.1483
5.03,-1.62618
5.032,1.6654
5.034,0.201818
5.036,0.475195
5.038,-1.39196
5.04,-0.593766
5.042,0.245654
5.044,3.14169
5.046,0.131538
5.048,0.557107
5.05,1.45947
5.052,2.04842
5.054,-3.6409
5.056,1.70151
5.058,-1.1271
5.06,-2.03671
5.062,-0.593825
5.064,3.46856
5.066,0.832099
5.068,-0.769434
5.07,-0.0534228
5.072,1.79524
5.074,1.22515
5.076,-2.66048
5.078,-2.30318
5.08,1.45579
5.082,0.543951
5.084,-0.812646
5.086,-2.51044
5.088,-3.08035
5.09,-1.70926
5.092,-3.71353
5.094,-2.50694
5.096,-1.1977
5.098,-2.09771
5.1,-0.992319
5.102,1.20228
5.104,0.759531
5.106,-1.61671
5.108,2.96654
5.11,-0.0861085
5.112,1.27702
5.114,4.23542
5.116,-3.92592
5.118,0.151552
5.12,-2.78724
5.122,-2.11347
5.124,0.992765
5.126,-0.940913
5.128,-0.569191
5.13,-1.96835
5.132,2.42755
5.134,-1.37566
5.136,-0.0703534
5.138,-0.157868
5.14,0.0747288
5.142,-1.38088
5.144,1.46288
5.146,3.80689
5.148,-1.71448
5.15,-1.84094
5.152,-0.400136
5.154,-0.662774
5.156,1.44561
5.158,0.133615
5.16,0.381704
5.162,-3.95762
5.164,1.46472
5.166,-1.6145
5.168,-3.93423
5.17,-4.34903
5.172,-3.25796
5.174,2.75966
5.176,2.08638
5.178,-3.11779
5.18,2.43952
5.182,3.135
5.184,-2.52239
5.186,2.28954
5.188,2.63805
5.19,6.34015
5.192,1.35197
5.194,-2.47363
5.196,-1.67423
5.198,1.82394
5.2,3.80483
5.202,-0.208319
5.204,0.0219091
5.206,0.688691
5.208,-1.94956
5.21,0.591184
5.212,3.11618
5.214,0.298226
5.216,0.435683
5.218,0.704281
5.22,0.770012
5.222,-0.294286
5.224,-0.371897
5.226,-1.33127
5.228,-1.48388
5.23,-0.706597
5.232,-1.48531
5.234,-4.53777
5.236,-3.26907
5.238,-0.401223
5.24,0.374125
5.242,-0.674477
5.244,-3.4257
5.246,-2.66749
5.248,-1.9006
5.25,-1.27953
5.252,-0.11194
5.254,1.40961
5.256,-2.06256
5.258,0.331558
5.26,2.14862
5.262,-3.02799
5.264,-1.0185
5.266,-0.443164
5.268,1.18757
5.27,1.61232
5.272,0.0135229
5.274,2.20212
5.276,-0.581177
5.278,-0.336605
5.28,0.559334
5.282,-1.44423
5.284,-1.96129
5.286,-1.43214
5.288,3.14923
5.29,1.9893
5.292,0.116619
5.294,0.456665
5.296,-1.51715
5.298,1.64113
5.3,2.2701
5.302,1.23341
5.304,1.94759
5.306,0.5039
5.308,2.11223
5.31,-0.589356
5.312,0.332101
5.314,2.08978
5.316,-3.26528
5.318,-0.128256
5.32,-0.194122
5.322,-2.38775
5.324,1.46409
5.326,-0.89319
5.328,-1.66235
5.33,-0.65549
5.332,0.526433
5.334,1.90674
5.336,0.499418
5.338,-1.16553
5.34,0.450697
5.342,2.77636
5.344,2.04322
5.346,1.29463
5.348,0.376681
5.35,-0.835348
5.352,-0.416583
5.354,-1.22543
5.356,2.16382
5.358,-0.379308
5.36,-0.432237
5.362,-3.25116
5.364,-1.446
5.366,1.6472
5.368,1.30746
5.37,-0.0043746
5.372,-0.962921
5.374,4.41758
5.376,-0.330837
5.378,1.61587
5.38,0.391175
5.382,0.0245562
5.384,-0.0269693
5.386,-2.44454
5.388,-1.88797
5.39,1.48838
5.392,-1.34169
5.394,0.833669
5.396,1.66363
5.398,-2.37422
5.4,3.10514
5.402,-2.4482
5.404,4.0092
5.406,0.74218
5.408,3.68643
5.41,2.10412
5.412,1.20246
5.414,0.546171
5.416,0.507787
5.418,-1.181
5.42,-0.43704
5.422,0.993792
5.424,-1.88098
5.426,-1.15834
5.428,-1.33502
5.43,-2.11231
5.432,-1.20181
5.434,-2.19271
5.436,-1.5565
5.438,-2.08543
5.44,0.87352
5.442,-1.49959
5.444,-0.725156
5.446,0.754901
5.448,-1.03778
5.45,0.096613
5.452,-3.05768
5.454,-2.641
5.456,-1.751
5.458,-2.67884
5.46,-1.95883
5.462,-5.06407
5.464,-3.04595
5.466,2.40749
5.468,-1.52318
5.47,-2.9328
5.472,5.07404
5.474,-3.26237
5.476,-0.534312
5.478,-2.99425
5.48,1.36022
5.482,3.25565
5.484,0.636593
5.486,3.07225
5.488,5.85195
5.49,0.269734
5.492,-2.00287
5.494,3.58736
5.496,1.42817
5.498,3.29589
5.5,2.11272
5.502,0.918973
5.504,-3.65577
5.506,-1.2709
5.508,-1.5873
5.51,-0.641947
5.512,0.869068
5.514,0.221799
5.516,1.91237
5.518,1.80043
5.52,-0.726474
5.522,3.25573
5.524,-0.557152
5.526,-3.32504
5.528,-0.443022
5.53,-3.62739
5.532,-3.5083
5.534,0.802223
5.536,-0.213399
5.538,-5.38107
5.54,-3.01438
5.542,-0.401522
5.544,-2.88858
5.546,0.474159
5.548,-1.6401
5.55,0.929185
5.552,-2.41804
5.554,1.81872
5.556,1.52918
5.558,0.689921
5.56,-0.197128
5.562,-0.228291
5.564,1.40148
5.566,2.21213
5.568,3.20993
5.57,-1.4772
5.572,1.26171
5.574,0.724051
5.576,1.8003
5.578,0.464153
5.58,-2.78173
5.582,-0.84033
5.584,0.626752
5.586,3.31284
5.588,-1.51997
5.59,-2.34515
5.592,-0.643986
5.594,1.36315
5.596,2.91106
5.598,4.15719
5.6,0.624055
5.602,3.06857
5.604,1.1948
5.606,-0.342235
5.608,-1.68256
5.61,0.582393
5.612,-3.08459
5.614,0.949122
5.616,0.25917
5.618,-3.58221
5.62,-0.126097
5.622,-2.74961
5.624,-3.95555
5.626,-2.25912
5.628,-4.34147
5.63,-3.62877
5.632,2.30205
5.634,-0.891825
5.636,1.0596
5.638,0.101939
5.64,1.69478
5.642,1.97958
5.644,0.882705
5.646,1.84049
5.648,-0.644876
5.65,-0.0754471
5.652,0.787492
5.654,0.599625
5.656,-2.01188
5.658,-0.0585781
5.66,0.101303
5.662,-2.11607
5.664,0.555841
5.666,-0.19513
5.668,-0.352796
5.67,-0.968539
5.672,4.02506
5.674,3.18279
5.676,0.877483
5.678,2.09192
5.68,2.68747
5.682,2.02806
5.684,-0.175576
5.686,-1.90682
5.688,-3.4334
5.69,-0.708041
5.692,-5.73575
5.694,-1.65587
5.696,-0.472706
5.698,0.653993
5.7,2.60773
5.702,-3.53834
5.704,2.01039
5.706,-0.304528
5.708,-0.425701
5.71,3.0517
5.712,-2.41645
5.714,2.73248
5.716,-0.879892
5.718,-1.31649
5.72,0.000479095
5.722,0.0137321
5.724,-1.13802
5.726,-1.72035
5.728,-0.77185
5.73,-1.13319
5.732,-4.02475
5.734,-2.57477
5.736,-0.553785
5.738,-3.51069
5.74,0.726704
5.742,1.66958
5.744,1.51188
5.746,-0.284837
5.748,1.32496
5.75,0.0560488
5.752,0.0534058
5.754,-2.70246
5.756,2.7529
5.758,-2.08939
5.76,2.02935
5.762,-0.480374
5.764,1.61122
5.766,2.70208
5.768,1.17548
5.77,3.18539
5.772,-0.62931
5.774,1.44618
5.776,1.80792
5.778,2.7191
5.78,2.37299
5.782,0.159084
5.784,-1.71105
5.786,0.864006
5.788,-1.51549
5.79,-0.848564
5.792,1.27045
5.794,0.278629
5.796,1.58181
5.798,-1.11201
5.8,1.08266
5.802,-0.682491
5.804,0.779405
5.806,0.760636
5.808,2.24055
5.81,0.855015
5.812,2.26382
5.814,5.38865
5.816,0.48711
5.818,-0.59998
5.82,-1.18446
5.822,-0.0935392
5.824,-1.20618
5.826,-0.702064
5.828,0.119676
5.83,-2.98264
5.832,0.417472
5.834,2.1271
5.836,1.21063
5.838,-1.07298
5.84,3.23765
5.842,0.624899
5.844,2.74049
5.846,1.47534
5.848,-2.1885
5.85,-0.880176
5.852,-2.12755
5.854,-0.89783
5.856,-0.913482
5.858,-1.02211
5.86,-1.16898
5.862,-1.46793
5.864,1.65754
5.866,2.51777
5.868,0.567566
5.87,-0.736955
5.872,-4.35273
5.874,-0.238777
5.876,-0.542928
5.878,-3.453
5.88,-0.178849
5.882,1.31552
5.884,0.0572253
5.886,-0.296119
5.888,-0.357983
5.89,-0.071394
5.892,1.83564
5.894,2.2102
5.896,0.808479
5.898,1.15411
5.9,-4.13793
5.902,0.942847
5.904,0.140346
5.906,-0.121656
5.908,0.890755
5.91,-2.84044
5.912,-0.334785
5.914,0.65872
5.916,-4.24478
5.918,-1.66588
5.92,-0.00035963
5.922,-4.25495
5.924,2.20047
5.926,-2.35168
5.928,-0.883738
5.93,-2.46351
5.932,-1.24146
5.934,-2.96192
5.936,-2.40265
5.938,-1.95541
5.94,-1.13919
5.942,-3.74399
5.944,-2.22245
5.946,-1.2597
5.948,-0.971681
5.95,-1.31228
5.952,-3.98019
5.954,-3.24397
5.956,-3.07113
5.958,1.16773
5.96,0.428144
5.962,-0.0488507
5.964,-1.39578
5.966,-0.837754
5.968,1.72194
5.97,0.75654
5.972,0.0973072
5.974,1.08143
5.976,1.85783
5.978,-2.77203
5.98,-4.24926
5.982,1.26612
5.984,-2.2403
5.986,-1.96711
5.988,-0.103651
5.99,0.279275
5.992,-1.41158
5.994,1.80708
5.996,1.13983
5.998,1.56012
6,-3.36184
6.002,-2.29643
6.004,-0.604674
6.006,1.45069
6.008,1.67935
6.01,2.78525
6.012,1.32786
6.014,1.30387
6.016,3.53755
6.018,3.60568
6.02,-0.058455
6.022,-1.58493
6.024,6.10144
6.026,1.97278
6.028,0.548172
6.03,6.08411
6.032,4.2285
6.034,-1.86595
6.036,0.440671
6.038,2.96586
6.04,-0.699931
6.042,-1.18944
6.044,4.07078
6.046,-0.458604
6.048,1.91171
6.05,0.941318
6.052,1.23565
6.054,2.42363
6.056,2.87603
6.058,-4.69894
6.06,-1.57485
6.062,-3.30093
6.064,-1.02659
6.066,-3.2258
6.068,1.95231
6.07,0.394731
6.072,0.640326
6.074,-0.328347
6.076,0.31449
6.078,0.0831392
6.08,-1.15461
6.082,-2.42893
6.084,2.73301
6.086,-1.15276
6.088,-1.81689
6.09,1.79769
6.092,-0.324232
6.094,-0.948522
6.096,-0.377575
6.098,-0.186214
6.1,-1.98502
6.102,-2.01024
6.104,-2.54637
6.106,-3.23685
6.108,0.567117
6.11,-4.4196
6.112,0.824595
6.114,1.27821
6.116,0.793784
6.118,-0.356049
6.12,1.40038
6.122,-2.57823
6.124,1.61638
6.126,-1.12024
6.128,-0.206159
6.13,-1.71078
6.132,-2.51195
6.134,-4.66912
6.136,-4.15607
6.138,-3.99802
6.14,-3.28803
6.142,1.18307
6.144,-0.0325662
6.146,-4.03762
6.148,0.708797
6.15,-0.984289
6.152,-1.15852
6.154,2.00805
6.156,1.31268
6.158,2.35752
6.16,0.329583
6.162,1.27986
6.164,1.67979
6.166,1.39797
6.168,0.851382
6.17,1.90029
6.172,-1.24057
6.174,-2.51714
6.176,-1.99818
6.178,-0.0252023
6.18,1.10096
6.182,-1.36862
6.184,4.58104
6.186,0.025415
6.188,-0.0297999
6.19,1.91009
6.192,2.53313
6.194,-0.114024
6.196,5.11911
6.198,-1.03466
6.2,-0.649188
6.202,-0.698619
6.204,1.72534
6.206,-2.21364
6.208,-1.65769
6.21,1.07004
6.212,-3.19618
6.214,2.92358
6.216,-0.373706
6.218,-1.07158
6.22,-0.930286
6.222,0.0776982
6.224,-2.97957
6.226,-2.3834
6.228,1.71191
6.23,-0.0488506
6.232,-0.517071
6.234,1.22199
6.236,0.224858
6.238,2.26294
6.24,-0.0915788
6.242,-2.86411
6.244,-1.02041
6.246,1.80258
6.248,1.79709
6.25,0.578574
6.252,-1.55089
6.254,-1.93747
6.256,2.71629
6.258,-1.90205
6.26,-3.77834
6.262,1.86125
6.264,2.60395
6.266,1.71602
6.268,0.163404
6.27,-1.98435
6.272,0.373528
6.274,-0.770318
6.276,1.76728
6.278,-5.73686
6.28,-2.87448
6.282,1.59141
6.284,-0.199023
6.286,1.0366
6.288,2.4239
6.29,-1.32586
6.292,5.24777
6.294,5.06773
6.296,2.354
6.298,-1.57552
6.3,-0.67124
6.302,-2.48594
6.304,-2.45197
6.306,3.01465
6.308,-1.59406
6.31,1.92472
6.312,-4.11534
6.314,-1.82902
6.316,0.362811
6.318,-3.10519
6.32,-2.50906
6.322,-0.915009
6.324,3.04711
6.326,0.176194
6.328,-1.86255
6.33,0.725539
6.332,-1.3484
6.334,-1.17688
6.336,0.199755
6.338,-2.00915
6.34,-1.98595
6.342,0.369184
6.344,4.91449
6.346,-3.84909
6.348,1.40451
6.35,-1.12423
6.352,1.94857
6.354,3.33214
6.356,1.93677
6.358,0.542784
6.36,0.687549
6.362,2.30229
6.364,-1.96505
6.366,1.28889
6.368,0.165886
6.37,1.48809
6.372,-2.07389
6.374,-3.88813
6.376,-1.90635
6.378,-3.00809
6.38,-0.503237
6.382,1.11777
6.384,-1.1228
6.386,1.95654
6.388,-0.25704
6.39,-2.05976
6.392,1.4985
6.394,-1.83025
6.396,0.274214
6.398,-2.76821
6.4,-0.677976
6.402,1.77281
6.404,4.27885
6.406,-0.462458
6.408,-0.656499
6.41,-0.934101
6.412,-0.913772
6.414,-0.141062
6.416,-0.784154
6.418,1.19133
6.42,-3.56194
6.422,4.48166
6.424,2.51117
6.426,0.374971
6.428,0.75974
6.43,1.31309
6.432,3.17928
6.434,0.911095
6.436,1.25621
6.438,-2.38844
6.44,-2.27616
6.442,-2.81257
6.444,-2.24398
6.446,-2.35461
6.448,1.4039
6.45,-0.428163
6.452,-2.74541
6.454,-3.31083
6.456,-2.11815
6.458,-2.71711
6.46,-1.36094
6.462,-2.42885
6.464,-2.6366
6.466,-0.599197
6.468,0.0349968
6.47,-2.94109
6.472,-2.93999
6.474,-1.02273
6.476,0.297395
6.478,-0.373074
6.48,-1.53052
6.482,0.859509
6.484,1.30016
6.486,-0.0807764
6.488,-2.49988
6.49,4.54875
6.492,2.4061
6.494,-2.34024
6.496,0.730589
6.498,0.87339
6.5,1.12318
6.502,3.34728
6.504,0.637781
6.506,2.53714
6.508,1.69886
6.51,1.20742
6.512,0.425417
6.514,-0.96235
6.516,1.34797
6.518,2.4506
6.52,-0.225322
6.522,0.93033
6.524,0.354537
6.526,3.79891
6.528,-3.28231
6.53,0.338436
6.532,-1.36104
6.534,1.11307
6.536,1.35504
6.538,0.0641745
6.54,1.32506
6.542,2.11539
6.544,1.44314
6.546,-1.34666
6.548,2.19043
6.55,-1.26582
6.552,2.3083
6.554,0.266258
6.556,3.62724
6.558,-4.65824
6.56,-0.0149831
6.562,0.797614
6.564,0.605681
6.566,2.28611
6.568,-0.494339
6.57,-0.570205
6.572,2.1792
6.574,-1.3855
6.576,-0.978209
6.578,-2.07504
6.58,0.138954
6.582,1.06311
6.584,-1.42333
6.586,0.995664
6.588,0.791843
6.59,-1.77223
6.592,-1.10393
6.594,0.664569
6.596,0.113445
6.598,0.153129
6.6,-2.63149
6.602,-4.00492
6.604,-1.26414
6.606,-0.364423
6.608,-3.41236
6.61,0.0593018
6.612,0.0127812
6.614,-0.927726
6.616,0.274463
6.618,-1.9925
6.62,-1.84498
6.622,-0.943442
6.624,-1.15242
6.626,-0.711074
6.628,3.844
6.63,-6.45685
6.632,-1.60725
6.634,-2.34689
6.636,-2.30355
6.638,1.38469
6.64,-0.409369
6.642,-0.996817
6.644,3.96822
6.646,-0.644184
6.648,3.81803
6.65,0.715467
6.652,1.20705
6.654,3.05673
6.656,0.621138
6.658,-3.17839
6.66,-1.22121
6.662,-1.04486
6.664,-1.46727
6.666,-1.07163
6.668,-1.31271
6.67,-0.117628
6.672,1.1843
6.674,-0.194316
6.676,0.987288
6.678,0.861032
6.68,1.78275
6.682,1.65631
6.684,-0.334195
6.686,-3.93035
6.688,-3.34234
6.69,-3.17434
6.692,1.73262
6.694,1.66226
6.696,-3.27691
6.698,-1.97374
6.7,0.506075
6.702,-0.346375
6.704,0.699004
6.706,-1.94966
6.708,0.751917
6.71,0.834149
6.712,0.82566
6.714,-1.64213
6.716,-1.83363
6.718,-2.48109
6.72,-0.252827
6.722,0.950714
6.724,-1.85118
6.726,0.37814
6.728,1.41397
6.73,1.07442
6.732,1.88578
6.734,-0.221598
6.736,-4.08065
6.738,-0.247449
6.74,-1.16096
6.742,0.432004
6.744,0.603119
6.746,-1.81924
6.748,-3.18299
6.75,-4.72192
6.752,-2.03696
6.754,0.939882
6.756,-0.0889252
6.758,1.78257
6.76,-2.16811
6.762,1.44001
6.764,0.835094
6.766,1.36297
6.768,-0.501631
6.77,0.421786
6.772,2.71392
6.774,0.968685
6.776,0.971422
6.778,3.35548
6.78,-0.785996
6.782,-0.459641
6.784,2.82515
6.786,2.58659
6.788,2.33037
6.79,2.70204
6.792,-2.63496
6.794,-1.08229
6.796,-3.90198
6.798,-3.30723
6.8,-2.78075
6.802,-3.40842
6.804,-0.103837
6.806,4.2087
6.808,-3.386
6.81,1.20453
6.812,-2.44259
6.814,-2.14307
6.816,-1.48156
6.818,-1.44996
6.82,1.11942
6.822,-3.80831
6.824,-0.662788
6.826,0.738987
6.828,1.76169
6.83,3.22483
6.832,-1.28462
6.834,-1.01977
6.836,-1.34375
6.838,-0.837505
6.84,-1.81812
6.842,1.95493
6.844,2.89469
6.846,-1.80292
6.848,0.838856
6.85,1.39668
6.852,-0.553903
6.854,2.27238
6.856,-0.199145
6.858,3.36747
6.86,-3.26919
6.862,-0.222132
6.864,2.42819
6.866,-1.71005
6.868,0.698041
6.87,2.00708
6.872,-0.65002
6.874,0.897455
6.876,1.44977
6.878,-4.51953
6.88,3.0558
6.882,-1.99222
6.884,-1.03536
6.886,-1.14315
6.888,0.948761
6.89,1.66156
6.892,1.28489
6.894,-0.878801
6.896,2.32213
6.898,-1.20015
6.9,-1.78155
6.902,-0.0699372
6.904,4.40841
6.906,-0.648783
6.908,-0.756659
6.91,-4.21589
6.912,-1.55587
6.914,-1.29584
6.916,0.600727
6.918,1.2044
6.92,-0.109631
6.922,2.28677
6.924,-2.32548
6.926,0.86867
6.928,1.79653
6.93,-1.34101
6.932,-3.79294
6.934,-2.90758
6.936,0.788928
6.938,-0.935573
6.94,-0.890185
6.942,1.87497
6.944,-0.798865
6.946,-0.684345
6.948,-0.737003
6.95,0.700025
6.952,0.102479
6.954,-1.61345
6.956,3.75141
6.958,-2.6602
6.96,4.71104
6.962,0.867867
6.964,-0.759685
6.966,4.15621
6.968,-0.395482
6.97,0.500678
6.972,-0.364092
6.974,1.30237
6.976,-4.0129
6.978,3.56416
6.98,-0.545127
6.982,-1.35813
6.984,3.32309
6.986,-0.555221
6.988,-0.643728
6.99,1.59007
6.992,0.403415
6.994,0.31671
6.996,3.65153
6.998,-0.635093
7,-2.01914
7.002,-0.155578
7.004,1.20715
7.006,-1.53664
7.008,-2.24485
7.01,-1.12902
7.012,-1.71578
7.014,-0.283817
7.016,-0.687212
7.018,-0.573385
7.02,-1.15304
7.022,0.454853
7.024,-1.30289
7.026,0.0994674
7.028,1.22011
7.03,-0.122653
7.032,-0.0462413
7.034,2.17056
7.036,-2.49895
7.038,2.50027
7.04,-1.78589
7.042,-1.9941
7.044,-0.172897
7.046,2.7713
7.048,0.758219
7.05,0.584401
7.052,-0.402539
7.054,1.04427
7.056,-0.723387
7.058,-2.68025
7.06,-3.36116
7.062,-0.128867
7.064,0.555454
7.066,-0.518928
7.068,2.42612
7.07,0.573873
7.072,-0.595083
7.074,-1.18784
7.076,1.84724
7.078,1.39136
7.08,2.23584
7.082,-0.288128
7.084,-2.98589
7.086,0.236548
7.088,-0.527835
7.09,-0.592199
7.092,-4.26914
7.094,3.62274
7.096,-1.96935
7.098,1.15394
7.1,1.1949
7.102,-1.26798
7.104,1.03486
7.106,2.54772
7.108,-2.26546
7.11,0.207173
7.112,-1.11526
7.114,-3.30005
7.116,0.481554
7.118,-2.36879
7.12,-0.515393
7.122,0.637598
7.124,1.45631
7.126,-2.07933
7.128,1.46322
7.13,-1.24661
7.132,0.50964
7.134,-1.26537
7.136,1.8092
7.138,3.13199
7.14,1.61485
7.142,-1.09474
7.144,1.44791
7.146,-2.85904
7.148,1.12178
7.15,-2.49499
7.152,0.184408
7.154,1.10287
7.156,0.694009
7.158,-3.90358
7.16,-1.3388
7.162,-1.61193
7.164,2.11688
7.166,2.04251
7.168,-1.01814
7.17,-1.97638
7.172,1.37224
7.174,0.23216
7.176,-0.242503
7.178,-2.74945
7.18,-2.53957
7.182,0.304142
7.184,1.00702
7.186,-0.844757
7.188,-2.98714
7.19,2.15709
7.192,1.54629
7.194,1.38226
7.196,-0.738696
7.198,-2.29137
7.2,-0.571567
7.202,0.645007
7.204,4.11674
7.206,-0.138112
7.208,0.98623
7.21,-2.15711
7.212,-0.965878
7.214,0.0911229
7.216,-2.45915
7.218,3.64032
7.22,2.00604
7.222,-2.62655
7.224,1.17865
7.226,2.79353
7.228,-1.26031
7.23,-4.00937
7.232,-1.10238
7.234,-6.27127
7.236,-1.43972
7.238,-2.17824
7.24,-2.36905
7.242,0.32037
7.244,1.41606
7.246,-0.192639
7.248,0.72004
7.25,-0.841121
7.252,-0.641557
7.254,-0.622679
7.256,0.285583
7.258,-1.94407
7.26,1.54225
7.262,0.758812
7.264,0.224793
7.266,2.06314
7.268,3.83783
7.27,0.69575
7.272,0.10668
7.274,-0.226782
7.276,-1.09112
7.278,-0.936785
7.28,-2.40926
7.282,-1.12894
7.284,-1.72614
7.286,1.06783
7.288,0.561869
7.29,-3.95114
7.292,-2.90756
7.294,0.889236
7.296,0.0843102
7.298,0.465241
7.3,-3.22121
7.302,1.51983
7.304,0.671984
7.306,1.81473
7.308,0.881433
7.31,0.753445
7.312,-2.55702
7.314,2.45611
7.316,-1.69009
7.318,-1.83271
7.32,0.186945
7.322,1.54787
7.324,3.07724
7.326,-0.694881
7.328,-1.63376
7.33,0.174095
7.332,-0.117653
7.334,0.602489
7.336,-0.486047
7.338,-2.15715
7.34,-3.75382
7.342,-0.662402
7.344,-1.28624
7.346,4.42625
7.348,-3.09265
7.35,-2.37343
7.352,0.126381
7.354,-2.98141
7.356,-2.53733
7.358,-0.30562
7.36,-1.07257
7.362,-0.147599
7.364,-0.61652
7.366,-1.64009
7.368,-2.10826
7.37,3.22158
7.372,-0.322172
7.374,0.281589
7.376,2.32074
7.378,0.173737
7.38,2.47079
7.382,-1.40686
7.384,1.66773
7.386,0.359241
7.388,3.91051
7.39,2.32244
7.392,-2.0647
7.394,-0.363081
7.396,4.64279
7.398,1.46923
7.4,3.12577
7.402,0.444462
7.404,2.86229
7.406,0.969351
7.408,-0.733698
7.41,-2.20188
7.412,-1.56559
7.414,-1.10911
7.416,-0.589525
7.418,2.94496
7.42,-0.550853
7.422,-2.36742
7.424,-1.16508
7.426,-4.92883
7.428,-3.92361
7.43,0.0250246
7.432,-0.422128
7.434,1.83629
7.436,-1.48161
7.438,0.7071
7.44,3.17818
7.442,-1.51243
7.444,0.410571
7.446,-1.17314
7.448,-2.84206
7.45,4.29143
7.452,-0.138859
7.454,-1.4099
7.456,2.29744
7.458,-0.565056
7.46,1.39492
7.462,2.11031
7.464,0.669477
7.466,1.96395
7.468,1.79302
7.47,-0.79618
7.472,-0.845606
7.474,2.11794
7.476,-3.32755
7.478,3.45006
7.48,0.178135
7.482,1.54432
7.484,-0.920102
7.486,-2.03026
7.488,-2.8591
7.49,-3.80205
7.492,-1.26092
7.494,-2.67052
7.496,3.17817
7.498,-0.542843
7.5,-2.79543
7.502,-1.04945
7.504,2.63722
7.506,0.447481
7.508,1.42208
7.51,0.844548
7.512,2.13621
7.514,1.68914
7.516,1.78104
7.518,-2.97599
7.52,2.68906
7.522,1.22692
7.524,1.91432
7.526,-2.38741
7.528,-3.41868
7.53,0.398837
7.532,1.76313
7.534,-3.28661
7.536,0.41698
7.538,0.526312
7.54,0.0142348
7.542,0.440199
7.544,-2.29572
7.546,-3.13981
7.548,-0.208516
7.55,0.995121
7.552,-1.39238
7.554,-0.906114
7.556,3.03178
7.558,2.1222
7.56,1.40165
7.562,0.951562
7.564,-2.93546
7.566,0.0325331
7.568,-0.199714
7.57,0.334778
7.572,2.51656
7.574,-2.33841
7.576,-2.07624
7.578,-0.0799063
7.58,2.18339
7.582,2.62602
7.584,-0.386853
7.586,-1.09381
7.588,-1.14299
7.59,1.70453
7.592,-0.271784
7.594,0.567905
7.596,-2.62308
7.598,3.18997
7.6,0.0488488
7.602,-0.00940393
7.604,1.96048
7.606,-0.755066
7.608,2.83709
7.61,0.328716
7.612,0.163589
7.614,2.14726
7.616,1.23099
7.618,2.79291
7.62,2.07555
7.622,-0.896943
7.624,-1.00309
7.626,0.0287397
7.628,-1.46793
7.63,-0.258264
7.632,-2.65682
7.634,-2.11921
7.636,-1.33531
7.638,-0.523245
7.64,-0.306494
7.642,-2.24255
7.644,-1.59685
7.646,0.0224455
7.648,0.64024
7.65,-1.66264
7.652,-5.73516
7.654,-3.29407
7.656,-1.24969
7.658,-1.04791
7.66,0.333779
7.662,0.939728
7.664,1.36446
7.666,0.233449
7.668,-0.925406
7.67,0.157786
7.672,0.224586
7.674,-1.71123
7.676,-2.93786
7.678,1.7317
7.68,1.5659
7.682,-0.384905
7.684,-2.5783
7.686,0.670181
7.688,-0.675355
7.69,-0.248083
7.692,-1.39208
7.694,-1.01988
7.696,2.64004
7.698,-2.23527
7.7,0.279927
7.702,1.59911
7.704,-0.454331
7.706,-1.85475
7.708,1.29467
7.71,2.46922
7.712,0.505208
7.714,2.12251
7.716,-4.02476
7.718,-2.63104
7.72,-1.13968
7.722,0.353669
7.724,1.36038
7.726,-1.69516
7.728,-1.13547
7.73,-2.03158
7.732,-1.01825
7.734,2.91826
7.736,1.97451
7.738,1.84614
7.74,-1.65328
7.742,-2.24159
7.744,-1.37603
7.746,2.27822
7.748,-0.978564
7.75,-1.22602
7.752,-0.739996
7.754,0.0731279
7.756,0.0887697
7.758,0.812476
7.76,0.589593
7.762,2.0454
7.764,-1.53342
7.766,1.14477
7.768,-0.399512
7.77,3.29662
7.772,-0.905346
7.774,-0.60989
7.776,0.673157
7.778,1.48421
7.78,-2.72674
7.782,2.98866
7.784,0.565252
7.786,-2.99511
7.788,1.17798
7.79,-3.12777
7.792,-1.15965
7.794,0.792028
7.796,1.74011
7.798,-1.51829
7.8,-1.34582
7.802,-1.72832
7.804,-0.552462
7.806,-2.15553
7.808,3.3986
7.81,-0.957799
7.812,0.186467
7.814,1.70663
7.816,-3.57002
7.818,-1.55124
7.82,-2.62944
7.822,-3.19463
7.824,-2.29453
7.826,-0.706977
7.828,-1.42216
7.83,-0.0524873
7.832,-0.474372
7.834,-0.709426
7.836,-0.357754
7.838,3.73782
7.84,-2.3178
7.842,0.166519
7.844,-1.84214
7.846,-0.395487
7.848,-0.856889
7.85,-0.606169
7.852,-0.632314
7.854,-0.080476
7.856,-2.00039
7.858,-0.691899
7.86,-3.26666
7.862,-0.416078
7.864,-1.42189
7.866,1.57171
7.868,1.52675
7.87,-1.23806
7.872,1.0172
7.874,-0.512347
7.876,0.347034
7.878,-0.712419
7.88,1.97441
7.882,0.0395994
7.884,-0.452305
7.886,-0.380067
7.888,1.57756
7.89,-2.02829
7.892,1.3318
7.894,0.278894
7.896,2.46828
7.898,1.64877
7.9,1.27809
7.902,3.46727
7.904,-2.82659
7.906,-0.810966
7.908,1.74574
7.91,0.535797
7.912,-3.95128
7.914,0.988042
7.916,0.179194
7.918,-1.15285
7.92,-4.51619
7.922,0.970516
7.924,0.841656
7.926,0.445267
7.928,-1.50778
7.93,1.73961
7.932,-0.597535
7.934,2.554
7.936,-0.111373
7.938,0.103023
7.94,0.902518
7.942,1.63695
7.944,-0.403491
7.946,-1.42925
7.948,-3.64469
7.95,2.75822
7.952,-1.50435
7.954,2.9209
7.956,0.269977
7.958,-0.238972
7.96,-2.67255
7.962,0.903651
7.964,1.96294
7.966,1.34663
7.968,0.786814
7.97,-1.40994
7.972,1.61799
7.974,-3.56859
7.976,0.534416
7.978,1.94279
7.98,0.0460273
7.982,0.66553
7.984,-1.30559
7.986,1.64971
7.988,-3.53399
7.99,-2.29813
7.992,-1.44206
7.994,-0.938231
7.996,2.31875
7.998,3.23985
8,-0.227451
8.002,0.5543
8.004,-3.21394
8.006,0.0903949
8.008,2.35878
8.01,-2.00912
8.012,0.0479661
8.014,-0.604341
8.016,0.137268
8.018,-1.57706
8.02,1.38854
8.022,1.58485
8.024,-0.446569
8.026,-1.95671
8.028,1.84473
8.03,-2.76099
8.032,0.34247
8.034,-0.410095
8.036,3.89798
8.038,0.0885665
8.04,-0.620539
8.042,-2.06313
8.044,1.83662
8.046,-2.10014
8.048,-0.810063
8.05,-1.85385
8.052,-0.109882
8.054,0.591212
8.056,-3.428
8.058,-3.17293
8.06,-1.01062
8.062,0.330512
8.064,3.15056
8.066,2.97335
8.068,0.0433768
8.07,2.11398
8.072,2.81422
8.074,-0.965114
8.076,1.21467
8.078,0.43235
8.08,0.210151
8.082,1.1705
8.084,-1.63174
8.086,-2.61338
8.088,2.85601
8.09,-5.3026
8.092,2.04248
8.094,-5.67261
8.096,-1.42134
8.098,-2.08622
8.1,-0.600647
8.102,-5.48154
8.104,2.87568
8.106,0.671387
8.108,0.492925
8.11,2.65001
8.112,0.309841
8.114,1.86465
8.116,0.880465
8.118,-0.684603
8.12,-1.37435
8.122,0.503643
8.124,-3.95997
8.126,0.240289
8.128,0.309059
8.13,0.311705
8.132,-2.2881
8.134,-0.321744
8.136,-4.06968
8.138,1.45895
8.14,0.788049
8.142,0.782117
8.144,0.967487
8.146,-0.412857
8.148,-1.46515
8.15,-0.455171
8.152,-0.749805
8.154,-1.93706
8.156,1.6355
8.158,0.174346
8.16,2.72755
8.162,0.81387
8.164,0.469229
8.166,-0.118057
8.168,-1.78243
8.17,2.36543
8.172,0.502843
8.174,0.0872037
8.176,0.663848
8.178,-2.15459
8.18,-3.74156
8.182,-4.55772
8.184,-3.46595
8.186,-0.710648
8.188,-2.08851
8.19,2.59593
8.192,-1.95831
8.194,-2.95534
8.196,-0.718388
8.198,-1.68862
8.2,-0.235069
8.202,0.159521
8.204,5.08167
8.206,2.25368
8.208,1.71949
8.21,-0.114274
8.212,-1.21564
8.214,-1.69279
8.216,0.686895
8.218,-2.48988
8.22,-0.306564
8.222,1.51658
8.224,1.49265
8.226,2.17982
8.228,0.132111
8.23,1.17576
8.232,-0.282268
8.234,2.14499
8.236,-1.69582
8.238,-3.50766
8.24,1.60685
8.242,1.55012
8.244,-1.96494
8.246,0.431803
8.248,-3.79334
8.25,-2.01612
8.252,-2.08902
8.254,-1.27107
8.256,-0.198599
8.258,-3.54262
8.26,-2.20974
8.262,0.7014
8.264,1.24747
8.266,-3.11473
8.268,0.443877
8.27,-0.631751
8.272,-1.30335
8.274,-0.919776
8.276,1.94605
8.278,3.20186
8.28,0.922685
8.282,1.78743
8.284,0.182687
8.286,0.824197
8.288,1.86939
8.29,-1.59238
8.292,2.16214
8.294,-1.44383
8.296,-2.03648
8.298,-4.18717
8.3,-1.51604
8.302,2.06878
8.304,1.30595
8.306,-0.980167
8.308,-0.371096
8.31,-0.208243
8.312,-1.03931
8.314,-2.384
8.316,1.64891
8.318,-0.240623
8.32,-0.533448
8.322,2.92779
8.324,2.39179
8.326,1.19076
8.328,-2.85481
8.33,-5.11852
8.332,-0.570355
8.334,-0.683418
8.336,-1.7217
8.338,1.51651
8.34,1.88841
8.342,-0.689432
8.344,2.75547
8.346,0.618227
8.348,5.46315
8.35,2.97794
8.352,0.165635
8.354,0.11642
8.356,-1.66524
8.358,0.986202
8.36,2.05813
8.362,3.22527
8.364,3.4015
8.366,-0.336883
8.368,1.5292
8.37,3.70762
8.372,-3.19623
8.374,0.832978
8.376,1.10113
8.378,2.2243
8.38,2.21981
8.382,-1.18598
8.384,-0.122126
8.386,0.386592
8.388,-0.795288
8.39,-3.82898
8.392,-4.00305
8.394,-3.76626
8.396,0.468464
8.398,-2.42052
8.4,-4.10139
8.402,-1.37691
8.404,0.66916
8.406,0.787448
8.408,-0.676824
8.41,-1.39778
8.412,1.75742
8.414,1.71827
8.416,-2.27479
8.418,-2.72398
8.42,-0.47753
8.422,1.85699
8.424,-2.68693
8.426,0.686176
8.428,-0.138469
8.43,0.726581
8.432,-2.86186
8.434,3.78431
8.436,0.69504
8.438,-4.29163
8.44,0.235532
8.442,0.540387
8.444,1.35035
8.446,-0.185664
8.448,-3.0242
8.45,-2.26765
8.452,-1.16253
8.454,0.447886
8.456,-0.900007
8.458,-3.57907
8.46,2.70307
8.462,-1.00456
8.464,-2.101
8.466,-0.0632487
8.468,-0.0942149
8.47,-0.659199
8.472,0.99712
8.474,-2.75452
8.476,1.3365
8.478,1.02486
8.48,0.618131
8.482,-0.988526
8.484,-1.24608
8.486,-4.23031
8.488,-1.89704
8.49,2.52066
8.492,-0.323372
8.494,-3.06873
8.496,-2.72241
8.498,-2.35471
8.5,1.68873
8.502,2.72621
8.504,0.671358
8.506,-3.6077
8.508,3.24556
8.51,1.13082
8.512,-0.843503
8.514,-1.55039
8.516,-3.28248
8.518,0.14241
8.52,-3.21459
8.522,3.09635
8.524,0.913869
8.526,0.323908
8.528,1.28733
8.53,3.03407
8.532,0.817966
8.534,0.626436
8.536,-2.24334
8.538,-0.911188
8.54,2.05311
8.542,1.7743
8.544,-1.49026
8.546,0.405118
8.548,3.28842
8.55,1.09086
8.552,-0.663747
8.554,1.07136
8.556,1.6056
8.558,-0.628108
8.56,-1.27679
8.562,-1.94921
8.564,-0.503335
8.566,0.828527
8.568,1.35969
8.57,3.72263
8.572,0.945435
8.574,1.96931
8.576,-3.3566
8.578,-2.20835
8.58,-6.01453
8.582,0.612008
8.584,3.65796
8.586,-1.0348
8.588,-0.491416
8.59,-1.13922
8.592,2.97798
8.594,-1.1922
8.596,0.704528
8.598,-1.58076
8.6,-3.52592
8.602,1.55085
8.604,-0.0492262
8.606,0.233273
8.608,5.70822
8.61,-1.39257
8.612,1.10214
8.614,1.74274
8.616,-2.25283
8.618,4.78203
8.62,0.939143
8.622,-0.376334
8.624,-2.32783
8.626,2.33818
8.628,-1.41979
8.63,-0.787528
8.632,1.64875
8.634,-0.537811
8.636,0.589563
8.638,-0.685341
8.64,-1.26884
8.642,1.55154
8.644,-0.31177
8.646,-0.0302714
8.648,3.02304
8.65,-0.469076
8.652,-1.26321
8.654,-0.181975
8.656,-0.0427912
8.658,-2.1241
8.66,0.835119
8.662,-1.44163
8.664,-0.455375
8.666,-3.87826
8.668,-0.14231
8.67,0.942914
8.672,0.406547
8.674,0.877931
8.676,-1.78678
8.678,0.0982177
8.68,-4.04403
8.682,-2.14861
8.684,-0.384982
8.686,-1.77682
8.688,0.334252
8.69,1.83784
8.692,0.316618
8.694,0.661064
8.696,1.78034
8.698,0.479263
8.7,1.99658
8.702,1.55687
8.704,-0.326218
8.706,1.28214
8.708,-3.04974
8.71,0.0252609
8.712,-0.802479
8.714,-0.10056
8.716,-1.94289
8.718,-4.22568
8.72,-0.354128
8.722,2.90799
8.724,-2.01814
8.726,-0.547959
8.728,1.26321
8.73,0.598451
8.732,2.19049
8.734,-1.98085
8.736,0.592401
8.738,-1.36928
8.74,2.02794
8.742,-2.70077
8.744,1.81308
8.746,-0.720274
8.748,-1.37491
8.75,-0.179366
8.752,1.63428
8.754,-1.44176
8.756,-2.94486
8.758,0.961619
8.76,-0.395731
8.762,-2.36745
8.764,0.297958
8.766,2.94316
8.768,0.14167
8.77,0.155279
8.772,2.25238
8.774,0.884258
8.776,0.965548
8.778,-0.00994509
8.78,2.77382
8.782,-0.722289
8.784,-2.92862
8.786,0.327001
8.788,1.57249
8.79,-2.12572
8.792,-1.38549
8.794,-2.43369
8.796,0.674412
8.798,0.88967
8.8,-1.53631
8.802,-1.1166
8.804,0.311194
8.806,0.827291
8.808,-0.934139
8.81,-2.71243
8.812,2.4541
8.814,3.43949
8.816,-1.18007
8.818,1.06796
8.82,-2.3696
8.822,-0.328306
8.824,-0.712156
8.826,-1.14345
8.828,1.03028
8.83,3.55027
8.832,1.30755
8.834,1.23186
8.836,0.929235
8.838,1.55218
8.84,-0.169295
8.842,0.643827
8.844,-2.59173
8.846,1.45988
8.848,-1.91741
8.85,-0.092596
8.852,2.04836
8.854,-0.969256
8.856,-1.16671
8.858,2.31465
8.86,-1.94443
8.862,-0.517335
8.864,-1.51389
8.866,1.54037
8.868,-1.82658
8.87,-2.07659
8.872,0.128897
8.874,0.61733
8.876,-0.103692
8.878,0.482828
8.88,1.28756
8.882,-4.85165
8.884,-2.18246
8.886,0.416216
8.888,1.59081
8.89,3.12239
8.892,-0.793455
8.894,4.40476
8.896,0.430284
8.898,-4.99298
8.9,-2.50024
8.902,-0.108014
8.904,-1.00371
8.906,-1.73949
8.908,-1.28921
8.91,-1.46564
8.912,0.814327
8.914,-0.24436
8.916,-4.74261
8.918,0.450754
8.92,-0.587466
8.922,0.869306
8.924,1.67502
8.926,0.0725998
8.928,-0.850409
8.93,-1.43855
8.932,1.62938
8.934,-1.081
8.936,2.55779
8.938,1.60501
8.94,-1.04361
8.942,-4.23888
8.944,0.222532
8.946,-0.237963
8.948,1.11312
8.95,0.305441
8.952,0.852874
8.954,1.56309
8.956,2.89017
8.958,1.45181
8.96,0.39072
8.962,-0.745603
8.964,1.90367
8.966,-0.470397
8.968,0.0024992
8.97,1.00874
8.972,-1.16656
8.974,-1.13615
8.976,1.73529
8.978,-1.83025
8.98,0.104394
8.982,0.173444
8.984,-1.86065
8.986,-1.84062
8.988,1.52775
8.99,-2.6428
8.992,-3.4078
8.994,-2.65819
8.996,-0.59386
8.998,-1.8774
9,-2.66216
9.002,2.50237
9.004,0.757157
9.006,0.379879
9.008,1.09817
9.01,-1.4798
9.012,2.02989
9.014,-5.11917
9.016,-2.2704
9.018,1.23113
9.02,3.35171
9.022,-1.6601
9.024,-0.196549
9.026,-2.17183
9.028,-1.9781
9.03,1.66604
9.032,-0.0376537
9.034,1.57883
9.036,-1.98349
9.038,-1.50067
9.04,2.28155
9.042,-4.31597
9.044,0.140782
9.046,-0.297421
9.048,-1.66533
9.05,-3.04561
9.052,-0.207003
9.054,-2.58306
9.056,0.488998
9.058,-2.72738
9.06,-1.24821
9.062,-0.808956
9.064,0.830147
9.066,0.624759
9.068,1.76737
9.07,-1.07961
9.072,-2.49167
9.074,-0.100797
9.076,2.52868
9.078,-0.960551
9.08,2.62919
9.082,4.47134
9.084,0.136427
9.086,0.0177316
9.088,4.32861
9.09,-0.997762
9.092,-0.747694
9.094,1.0484
9.096,3.73649
9.098,0.968803
9.1,-2.76342
9.102,0.38243
9.104,-0.91236
9.106,-3.11238
9.108,-2.59484
9.11,0.99444
9.112,3.28382
9.114,-3.9587
9.116,2.31195
9.118,-0.245705
9.12,1.17214
9.122,1.10693
9.124,-0.933303
9.126,-2.21843
9.128,-0.271974
9.13,2.87389
9.132,-1.80959
9.134,-2.23573
9.136,1.4442
9.138,-2.18854
9.14,-1.74016
9.142,2.70674
9.144,1.16188
9.146,-0.1398
9.148,-0.225171
9.15,0.605764
9.152,-0.150622
9.154,-4.15159
9.156,1.63243
9.158,0.562153
9.16,1.16001
9.162,-0.00635641
9.164,2.96056
9.166,0.705389
9.168,1.15344
9.17,0.578688
9.172,-2.13203
9.174,-1.47915
9.176,-1.87067
9.178,1.58417
9.18,2.74467
9.182,1.98274
9.184,-0.0690868
9.186,0.0725466
9.188,0.207638
9.19,-3.65841
9.192,-1.58886
9.194,-0.775849
9.196,-1.9295
9.198,-2.72786
9.2,0.05252
9.202,2.93231
9.204,-1.17578
9.206,0.240271
9.208,1.66292
9.21,1.20168
9.212,0.78769
9.214,1.3545
9.216,4.66841
9.218,1.46349
9.22,3.38699
9.222,-0.622804
9.224,1.55936
9.226,-3.76986
9.228,0.161203
9.23,-0.694724
9.232,-3.77415
9.234,-1.54021
9.236,-0.435216
9.238,-2.52543
9.24,0.409599
9.242,0.94498
9.244,0.3099
9.246,-2.49075
9.248,-0.685432
9.25,1.5199
9.252,-2.38473
9.254,-2.56122
9.256,-3.47516
9.258,-2.54545
9.26,2.67702
9.262,-1.30297
9.264,-1.29381
9.266,1.89461
9.268,-3.46822
9.27,0.638174
9.272,1.54989
9.274,-0.485152
9.276,-3.80198
9.278,1.75278
9.28,1.74177
9.282,1.98599
9.284,-1.11327
9.286,-1.38225
9.288,0.947393
9.29,-0.542137
9.292,3.16414
9.294,-0.362438
9.296,-0.893784
9.298,0.594742
9.3,2.17576
9.302,0.877396
9.304,-2.17264
9.306,3.22667
9.308,0.675364
9.31,0.522361
9.312,2.64071
9.314,-3.06175
9.316,-0.23998
9.318,0.150049
9.32,0.686431
9.322,0.0203383
9.324,0.656413
9.326,-0.354916
9.328,-0.339166
9.33,0.799596
9.332,1.14919
9.334,-1.23913
9.336,-0.790568
9.338,1.54991
9.34,-0.873856
9.342,-3.79928
9.344,0.417936
9.346,-3.62981
9.348,1.89405
9.35,2.05554
9.352,-0.771237
9.354,1.59411
9.356,2.63029
9.358,0.980814
9.36,-1.21918
9.362,-0.464104
9.364,-2.36685
9.366,-2.5917
9.368,-2.23364
9.37,-2.84897
9.372,-1.2514
9.374,-5.80075
9.376,-1.47892
9.378,3.74412
9.38,1.03926
9.382,0.824584
9.384,4.10927
9.386,-2.17783
9.388,0.510832
9.39,-0.513405
9.392,-3.44927
9.394,-0.890784
9.396,3.08336
9.398,-0.102334
9.4,1.1964
9.402,1.91784
9.404,0.208307
9.406,-0.207214
9.408,2.01602
9.41,0.79992
9.412,4.41547
9.414,2.24979
9.416,3.09012
9.418,1.14665
9.42,1.09512
9.422,-0.97468
9.424,1.27598
9.426,3.48852
9.428,2.15456
9.43,-0.877211
9.432,1.41226
9.434,0.899534
9.436,-0.91257
9.438,-2.88599
9.44,0.392043
9.442,1.84367
9.444,-2.63095
9.446,-1.4579
9.448,-0.811404
9.45,-2.82399
9.452,0.716315
9.454,1.07712
9.456,-3.41821
9.458,-2.95324
9.46,-0.0354486
9.462,-0.960263
9.464,-2.5138
9.466,0.753432
9.468,-0.0239625
9.47,-5.65718
9.472,-1.1692
9.474,-1.33905
9.476,3.22096
9.478,1.27862
9.48,0.585096
9.482,-2.96993
9.484,-0.00676702
9.486,-3.7219
9.488,-1.4827
9.49,-2.83478
9.492,-2.83206
9.494,-2.27409
9.496,-0.0146006
9.498,-4.03482
9.5,2.84995
9.502,-1.18815
9.504,3.91824
9.506,-0.845787
9.508,1.92326
9.51,2.16104
9.512,0.113455
9.514,-0.234481
9.516,1.13705
9.518,2.1162
9.52,-0.468425
9.522,-0.812371
9.524,-0.178649
9.526,-1.07695
9.528,-0.578649
9.53,0.01802
9.532,0.176533
9.534,-1.84799
9.536,-4.18276
9.538,-3.38993
9.54,0.67495
9.542,-2.24764
9.544,1.75606
9.546,-3.10286
9.548,0.479628
9.55,5.16755
9.552,-0.457215
9.554,1.85662
9.556,2.48057
9.558,-3.29932
9.56,2.64381
9.562,1.9391
9.564,0.57683
9.566,0.975224
9.568,2.974
9.57,-1.09341
9.572,-2.36042
9.574,0.553952
9.576,1.66527
9.578,3.13366
9.58,3.52028
9.582,-0.943494
9.584,0.938552
9.586,-2.99978
9.588,-2.73131
9.59,-0.607574
9.592,-0.441938
9.594,-1.21181
9.596,-1.56065
9.598,-0.233181
9.6,0.586265
9.602,-2.46326
9.604,3.22066
9.606,3.00208
9.608,-2.20276
9.61,3.87967
9.612,1.16223
9.614,-2.05483
9.616,0.496785
9.618,-0.858738
9.62,-0.14027
9.622,-0.14192
9.624,-0.279306
9.626,-1.2752
9.628,-2.90064
9.63,-5.85495
9.632,-1.67936
9.634,0.411008
9.636,-0.486119
9.638,0.997124
9.64,1.96801
9.642,-2.82671
9.644,-1.48148
9.646,0.480137
9.648,-0.0869257
9.65,0.488482
9.652,-1.30434
9.654,1.51584
9.656,-1.75163
9.658,0.0334577
9.66,-4.06634
9.662,-3.10593
9.664,3.38162
9.666,0.965162
9.668,3.73584
9.67,2.46915
9.672,-1.51809
9.674,-2.00067
9.676,1.51248
9.678,0.884349
9.68,3.02779
9.682,-0.205944
9.684,2.44742
9.686,2.41748
9.688,0.71839
9.69,0.934781
9.692,-0.559442
9.694,-1.13607
9.696,3.92532
9.698,-2.89694
9.7,-0.167913
9.702,-3.2142
9.704,2.01958
9.706,-0.978618
9.708,-2.94707
9.71,1.16312
9.712,1.12136
9.714,1.71166
9.716,-1.34414
9.718,-0.971542
9.72,-1.48904
9.722,-1.99951
9.724,-0.0197077
9.726,-3.27532
9.728,-1.24706
9.73,-2.43154
9.732,2.37997
9.734,0.417525
9.736,0.733688
9.738,-2.17664
9.74,-1.40456
9.742,-4.05045
9.744,2.7855
9.746,-2.5627
9.748,0.0331193
9.75,2.65352
9.752,-1.97001
9.754,-3.01758
9.756,-1.20158
9.758,-0.422526
9.76,-3.29851
9.762,-0.494998
9.764,-1.23026
9.766,-2.87879
9.768,-0.769349
9.77,-0.470687
9.772,1.46685
9.774,-0.334046
9.776,-0.823251
9.778,-0.5986
9.78,-1.63066
9.782,2.69997
9.784,-0.330715
9.786,1.40582
9.788,2.31003
9.79,-0.578601
9.792,1.52043
9.794,2.27947
9.796,-3.04482
9.798,3.34711
9.8,1.35897
9.802,-1.93456
9.804,-1.59619
9.806,-2.79913
9.808,1.88265
9.81,-1.74285
9.812,-0.41109
9.814,0.826917
9.816,1.51924
9.818,-3.16357
9.82,-1.69224
9.822,0.913915
9.824,-0.569629
9.826,-2.31969
9.828,-4.14007
9.83,-3.50506
9.832,-2.41732
9.834,3.23478
9.836,-1.93246
9.838,-0.0962049
9.84,-1.22661
9.842,-0.618739
9.844,-1.1554
9.846,-2.085
9.848,-1.41277
9.85,0.390873
9.852,-1.6152
9.854,0.438337
9.856,-2.52071
9.858,-2.84108
9.86,-1.18882
9.862,0.378923
9.864,2.24043
9.866,2.98473
9.868,-2.7414
9.87,0.135368
9.872,-0.865582
9.874,0.289518
9.876,-0.617124
9.878,1.57534
9.88,1.13487
9.882,1.05252
9.884,1.42694
9.886,2.19991
9.888,0.295666
9.89,-3.23605
9.892,-1.04243
9.894,0.114282
9.896,2.19967
9.898,-1.03224
9.9,2.59884
9.902,5.05494
9.904,-1.34979
9.906,1.2347
9.908,3.5552
9.91,-3.31422
9.912,1.26092
9.914,1.20161
9.916,2.17458
9.918,-0.87
9.92,-0.360523
9.922,2.61011
9.924,1.44976
9.926,2.01673
9.928,0.160688
9.93,0.36549
9.932,1.14653
9.934,1.83143
9.936,0.189798
9.938,-1.48154
9.94,1.13972
9.942,-1.18922
9.944,2.51056
9.946,3.79471
9.948,3.56598
9.95,2.70464
9.952,1.55618
9.954,-0.832708
9.956,-0.198705
9.958,-0.60311
9.96,0.890765
9.962,0.6437
9.964,0.760722
9.966,-1.94135
9.968,1.06495
9.97,-2.24188
9.972,1.01532
9.974,0.593687
9.976,-2.16471
9.978,1.04702
9.98,-2.08551
9.982,-1.12224
9.984,-2.441
9.986,0.214812
9.988,-3.63166
9.99,-0.628888
9.992,-2.20088
9.994,-0.20151
9.996,-4.34678
9.998,-1.09774
10,0.315284
10.002,-2.32791
10.004,-0.857428
10.006,-0.906279
10.008,0.568284
10.01,2.09098
10.012,3.50705
10.014,0.868752
10.016,-3.48313
10.018,2.7309
10.02,-0.600176
10.022,1.66601
10.024,2.21304
10.026,1.9265
10.028,-0.61393
10.03,1.86907
10.032,0.931847
10.034,0.655988
10.036,0.846971
10.038,0.496399
10.04,0.234597
10.042,-0.297475
10.044,2.28277
10.046,1.58023
10.048,-1.05937
10.05,0.807807
10.052,-0.494061
10.054,1.29077
10.056,-0.880771
10.058,-0.524385
10.06,-1.49067
10.062,0.576351
10.064,0.846114
10.066,-0.812165
10.068,-1.87477
10.07,-1.13335
10.072,-0.514549
10.074,-0.272285
10.076,0.877621
10.078,0.937618
10.08,-2.53441
10.082,-2.21528
10.084,3.99629
10.086,-0.389265
10.088,-1.86078
10.09,-2.59547
10.092,-3.95029
10.094,-0.121404
10.096,-2.82864
10.098,-0.841077
10.1,0.572501
10.102,0.306921
10.104,1.57711
10.106,1.20515
10.108,3.25878
10.11,-1.08601
10.112,-0.049186
10.114,-0.0952929
10.116,-0.665966
10.118,-0.0537902
10.12,1.62152
10.122,2.55062
10.124,-0.397575
10.126,0.734778
10.128,-1.69309
10.13,0.110239
10.132,-0.204045
10.134,-1.03497
10.136,-2.3952
10.138,2.81871
10.14,4.48444
10.142,-0.161325
10.144,-0.293203
10.146,0.260659
10.148,-1.25816
10.15,-4.26776
10.152,-1.92733
10.154,-2.73492
10.156,-3.88224
10.158,-2.11234
10.16,1.23855
10.162,0.451163
10.164,-2.38723
10.166,-0.12432
10.168,1.18273
10.17,-2.33371
10.172,2.81679
10.174,0.832303
10.176,1.53642
10.178,-0.255993
10.18,-3.05403
10.182,0.908524
10.184,0.0798224
10.186,-0.571239
10.188,-0.366942
10.19,-4.92612
10.192,-3.38115
10.194,0.723176
10.196,-2.62803
10.198,-0.686348
10.2,-3.05929
10.202,3.26662
10.204,-2.84627
10.206,1.48897
10.208,0.262727
10.21,-1.2684
10.212,1.30548
10.214,-1.37115
10.216,-0.197553
10.218,0.309242
10.22,1.42185
10.222,-1.10471
10.224,1.54872
10.226,1.54568
10.228,-1.05774
10.23,0.713713
10.232,3.07425
10.234,-4.13241
10.236,-1.42152
10.238,-2.2838
10.24,-4.89814
10.242,1.71018
10.244,1.88066
10.246,1.1135
10.248,-3.34704
10.25,-0.310755
10.252,3.95204
10.254,-1.58653
10.256,0.585915
10.258,0.241076
10.26,3.5731
10.262,-2.38584
10.264,0.671712
10.266,-3.0622
10.268,-0.977458
10.27,1.69228
10.272,2.28196
10.274,-4.19591
10.276,-0.382555
10.278,-0.936806
10.28,3.04857
10.282,2.68351
10.284,2.39556
10.286,3.05829
10.288,0.753172
10.29,4.94758
10.292,-0.427349
10.294,-0.857293
10.296,-2.05124
10.298,-0.648258
10.3,0.612245
10.302,-1.90616
10.304,-1.08669
10.306,1.06229
10.308,0.192812
10.31,0.478507
10.312,-0.223395
10.314,-0.549139
10.316,0.209315
10.318,-2.22144
10.32,-2.67249
10.322,2.40251
10.324,0.899957
10.326,0.237471
10.328,-0.83276
10.33,-6.23109
10.332,-4.07153
10.334,0.255794
10.336,1.24123
10.338,-1.0924
10.34,3.8188
10.342,-2.00325
10.344,-0.647666
10.346,2.79557
10.348,-1.46241
10.35,1.92355
10.352,-0.39049
10.354,1.35583
10.356,-3.61593
10.358,-0.493528
10.36,-0.74515
10.362,-2.00891
10.364,3.00604
10.366,2.12381
10.368,0.311871
10.37,1.48784
10.372,-1.293
10.374,0.68662
10.376,0.061629
10.378,1.20012
10.38,-4.02717
10.382,-0.982445
10.384,-0.288256
10.386,-0.184781
10.388,0.422224
10.39,2.09255
10.392,3.47566
10.394,-2.34141
10.396,-0.0987841
10.398,-1.32873
10.4,1.14401
10.402,-1.17295
10.404,-1.92299
10.406,2.64365
10.408,0.299578
10.41,2.78128
10.412,-1.90468
10.414,-0.35008
10.416,-0.778349
10.418,1.45677
10.42,2.77298
10.422,-0.835257
10.424,0.216919
10.426,-2.00727
10.428,0.603607
10.43,-0.812208
10.432,2.28459
10.434,2.58155
10.436,1.33416
10.438,2.68622
10.44,0.551362
10.442,-1.30606
10.444,-1.42079
10.446,1.96352
10.448,-1.27571
10.45,0.752404
10.452,-1.53113
10.454,-1.84825
10.456,-1.91202
10.458,1.95683
10.46,-2.21734
10.462,1.5781
10.464,-0.180744
10.466,-1.26608
10.468,2.17858
10.47,-2.21765
10.472,0.308241
10.474,1.50231
10.476,0.806437
10.478,-1.39227
10.48,2.70403
10.482,-0.227544
10.484,-1.92145
10.486,1.76881
10.488,1.17745
10.49,0.301985
10.492,-0.59512
10.494,3.31081
10.496,-1.35519
10.498,0.70406
10.5,-4.55247
10.502,0.295724
10.504,-0.354937
10.506,1.015
10.508,-0.671674
10.51,1.47174
10.512,-1.90141
10.514,1.21263
10.516,-1.22084
10.518,-4.11729
10.52,0.323215
10.522,-0.160801
10.524,-0.0439151
10.526,0.176961
10.528,-2.61014
10.53,-0.202681
10.532,0.295675
10.534,-2.70478
10.536,-1.5495
10.538,-2.41579
10.54,-1.11304
10.542,0.012618
10.544,1.98968
10.546,-3.96609
10.548,0.376749
10.55,-2.46184
10.552,4.50683
10.554,1.73546
10.556,2.72981
10.558,-0.368674
10.56,1.19954
10.562,-2.54576
10.564,1.24931
10.566,-3.03443
10.568,-3.00665
10.57,1.7502
10.572,2.00271
10.574,4.05813
10.576,2.2538
10.578,-0.446605
10.58,0.106268
10.582,0.478621
10.584,-1.64008
10.586,-0.51993
10.588,-0.568449
10.59,0.536377
10.592,-3.55613
10.594,2.31828
10.596,0.364273
10.598,1.23823
10.6,-1.04073
10.602,-1.75029
10.604,-0.0293878
10.606,-1.01324
10.608,-0.570605
10.61,-2.27409
10.612,-0.203724
10.614,2.8189
10.616,0.204533
10.618,-3.3803
10.62,1.48601
10.622,3.08326
10.624,-0.389326
10.626,-2.07865
10.628,-2.42332
10.63,0.253581
10.632,0.429133
10.634,1.15296
10.636,-3.11854
10.638,2.37807
10.64,-0.0354331
10.642,0.352589
10.644,4.32703
10.646,5.91263
10.648,2.35745
10.65,-0.416935
10.652,0.239038
10.654,3.4775
10.656,-0.0938509
10.658,-1.2675
10.66,1.96166
10.662,-3.79291
10.664,0.890305
10.666,-4.09608
10.668,-0.827222
10.67,3.08002
10.672,-1.55988
10.674,-1.76708
10.676,2.57896
10.678,-2.31936
10.68,0.0740503
10.682,-5.7249
10.684,-0.729546
10.686,-3.06252
10.688,0.601914
10.69,1.93518
10.692,-0.606328
10.694,-3.30229
10.696,0.486015
10.698,-2.7297
10.7,-0.562696
10.702,1.48634
10.704,0.0654426
10.706,2.85739
10.708,-1.02769
10.71,2.52362
10.712,-1.30736
10.714,-0.149555
10.716,-1.17724
10.718,-0.883428
10.72,2.15061
10.722,-1.58651
10.724,2.01271
10.726,1.8362
10.728,-0.348719
10.73,1.30639
10.732,1.68127
10.734,-1.51565
10.736,1.67959
10.738,1.26155
10.74,3.30633
10.742,4.37213
10.744,1.14119
10.746,-0.917037
10.748,-0.185066
10.75,-2.43448
10.752,-1.98765
10.754,-1.10498
10.756,-0.590432
10.758,0.840152
10.76,-0.103535
10.762,-0.303825
10.764,-2.09293
10.766,3.37476
10.768,1.54717
10.77,0.924328
10.772,-1.51316
10.774,-3.15306
10.776,1.13267
10.778,1.095
10.78,-0.156847
10.782,-0.729164
10.784,-0.815899
10.786,1.75378
10.788,2.00777
10.79,-2.79275
10.792,-2.66653
10.794,-2.08556
10.796,2.72765
10.798,-2.21965
10.8,0.861412
10.802,-0.897767
10.804,-6.09728
10.806,-0.45111
10.808,0.113991
10.81,-1.69064
10.812,-0.155703
10.814,-2.42669
10.816,2.91868
10.818,-1.43036
10.82,1.57616
10.822,1.90661
10.824,-0.144634
10.826,-1.77251
10.828,0.645978
10.83,-2.26961
10.832,-1.61627
10.834,-1.78519
10.836,0.603413
10.838,-0.394824
10.84,0.374068
10.842,-0.740662
10.844,0.411258
10.846,2.57855
10.848,2.09231
10.85,0.785479
10.852,0.251577
10.854,-0.538689
10.856,1.16364
10.858,2.33359
10.86,-2.05878
10.862,-0.00540752
10.864,1.5355
10.866,-1.21135
10.868,1.89637
10.87,0.530194
10.872,-0.819174
10.874,2.42305
10.876,0.356521
10.878,1.45483
10.88,2.04436
10.882,-0.677072
10.884,1.27795
10.886,0.189003
10.888,4.08416
10.89,-0.750946
10.892,0.323327
10.894,0.130449
10.896,0.568871
10.898,-3.72522
10.9,0.827931
10.902,-1.49714
10.904,-3.16035
10.906,-0.882222
10.908,-1.6054
10.91,-1.13734
10.912,-1.25178
10.914,-1.28662
10.916,0.798031
10.918,-1.43306
10.92,-1.36936
10.922,-0.091334
10.924,-1.12727
10.926,-4.51073
10.928,0.202145
10.93,-0.0407939
10.932,-2.72027
10.934,1.43727
10.936,1.85717
10.938,0.463159
10.94,0.690483
10.942,1.53116
10.944,-3.55276
10.946,1.52391
10.948,1.39746
10.95,-1.34558
10.952,-1.67538
10.954,-2.80604
10.956,-2.08939
10.958,3.61034
10.96,0.228415
10.962,-1.15553
10.964,1.20759
10.966,0.580291
10.968,0.681595
10.97,-3.68479
10.972,2.36345
10.974,-1.08138
10.976,-1.03993
10.978,2.84359
10.98,1.49295
10.982,-2.25938
10.984,-1.43921
10.986,2.52502
10.988,-1.21964
10.99,-0.541965
10.992,-0.847059
10.994,2.7323
10.996,0.373533
10.998,2.4396
11,0.662893
11.002,-3.03751
11.004,2.11484
11.006,3.03616
11.008,3.9179
11.01,-2.22879
11.012,3.09848
11.014,-2.30485
11.016,0.255492
11.018,1.5421
11.02,1.1632
11.022,0.0598072
11.024,-0.612826
11.026,1.82826
11.028,-0.282688
11.03,-0.781234
11.032,-0.716331
11.034,-2.49051
11.036,-2.81282
11.038,3.23306
11.04,-0.432809
11.042,-0.735365
11.044,-2.92954
11.046,-0.408048
11.048,1.29424
11.05,-3.01454
11.052,2.02515
11.054,1.56092
11.056,-2.34109
11.058,0.172873
11.06,-0.074221
11.062,2.25591
11.064,3.01064
11.066,-0.235328
11.068,-0.221552
11.07,1.84218
11.072,-2.4386
11.074,0.241271
11.076,1.14829
11.078,-0.223713
11.08,1.85004
11.082,-1.25804
11.084,-0.693601
11.086,-1.55233
11.088,0.857944
11.09,-2.28838
11.092,1.80337
11.094,-0.460424
11.096,0.859508
11.098,-3.48262
11.1,0.264207
11.102,-0.540867
11.104,0.823182
11.106,-0.382402
11.108,1.19597
11.11,-0.906056
11.112,-2.80994
11.114,-4.37753
11.116,1.97118
11.118,1.09545
11.12,0.328026
11.122,-0.234375
11.124,-0.0456601
11.126,-2.50397
11.128,1.52887
11.13,-1.10268
11.132,-2.25794
11.134,-3.6811
11.136,-0.436943
11.138,-0.379948
11.14,-2.13503
11.142,0.220595
11.144,-3.33113
11.146,0.666786
11.148,1.34911
11.15,0.0963609
11.152,3.74212
11.154,2.53912
11.156,-0.748642
11.158,-0.755251
11.16,-0.739698
11.162,3.6853
11.164,1.36541
11.166,1.59746
11.168,0.799553
11.17,-1.09856
11.172,3.10481
11.174,-0.361696
11.176,-1.70226
11.178,-1.0072
11.18,-3.06094
11.182,-0.985903
11.184,0.683552
11.186,-3.43031
11.188,-0.299096
11.19,0.618812
11.192,-0.190372
11.194,2.77215
11.196,-0.38592
11.198,1.97683
11.2,0.278143
11.202,-0.188834
11.204,-3.86385
11.206,-2.42141
11.208,-0.88677
11.21,-4.15194
11.212,1.06582
11.214,1.55933
11.216,-1.42393
11.218,0.22357
11.22,2.2142
11.222,1.25133
11.224,-3.38808
11.226,-0.420888
11.228,-3.64776
11.23,-1.44893
11.232,-1.08512
11.234,-3.02498
11.236,-1.52651
11.238,0.610009
11.24,-0.471427
11.242,1.64681
11.244,0.705616
11.246,-1.13332
11.248,-0.852773
11.25,-2.07878
11.252,-1.25994
11.254,-1.87298
11.256,1.97438
11.258,0.0183994
11.26,-1.60544
11.262,1.98102
11.264,-0.257452
11.266,-1.30744
11.268,-0.645244
11.27,1.4138
11.272,-2.54637
11.274,4.99627
11.276,3.01094
11.278,1.79486
11.28,-1.3872
11.282,3.04036
11.284,2.21303
11.286,-1.14414
11.288,1.83244
11.29,-0.491033
11.292,-0.0609967
11.294,-0.61836
11.296,2.88081
11.298,-1.11137
11.3,-2.46893
11.302,-0.90275
11.304,2.13345
11.306,-0.266421
11.308,1.61615
11.31,-0.172381
11.312,-0.104623
11.314,-0.917712
11.316,-0.741575
11.318,0.208894
11.32,-0.411273
11.322,-1.72822
11.324,-0.61248
11.326,1.99021
11.328,-1.15464
11.33,0.496044
11.332,2.0567
11.334,-2.1082
11.336,-0.849574
11.338,-0.786623
11.34,3.48213
11.342,-0.288962
11.344,0.335254
11.346,1.31985
11.348,1.02465
11.35,-0.342537
11.352,0.313216
11.354,-4.53509
11.356,-0.33217
11.358,1.29506
11.36,1.52648
11.362,-0.00785124
11.364,0.297035
11.366,-0.947759
11.368,3.63301
11.37,1.49134
11.372,-0.156584
11.374,-0.53163
11.376,1.508
11.378,2.04855
11.38,-3.20672
11.382,-1.71746
11.384,-1.80225
11.386,-0.851895
11.388,0.999602
11.39,1.03775
11.392,-3.34604
11.394,2.70315
11.396,0.33336
11.398,-2.14437
11.4,1.18052
11.402,3.3805
11.404,2.25844
11.406,0.839431
11.408,3.00517
11.41,3.40217
11.412,-1.06229
11.414,-0.618361
11.416,3.28582
11.418,1.40209
11.42,0.972944
11.422,-0.0915062
11.424,-4.11952
11.426,0.923533
11.428,1.69341
11.43,2.59176
11.432,-1.0561
11.434,-1.17606
11.436,2.05589
11.438,1.87422
11.44,-2.28265
11.442,-3.41042
11.444,0.587734
11.446,-2.53469
11.448,-1.74598
11.45,-3.16408
11.452,-7.09865
11.454,-1.02072
11.456,-2.69469
11.458,-2.85018
11.46,-1.07514
11.462,0.764876
11.464,-4.18363
11.466,-2.6532
11.468,3.33463
11.47,0.119678
11.472,-0.591045
11.474,1.60343
11.476,2.11624
11.478,1.57468
11.48,2.14777
11.482,0.385407
11.484,-0.366353
11.486,-0.899538
11.488,2.22201
11.49,1.82841
11.492,1.42602
11.494,0.599508
11.496,-0.553248
11.498,1.56031
11.5,-0.25845
11.502,1.09752
11.504,-0.00796429
11.506,2.34892
11.508,-1.5036
11.51,3.58125
11.512,-0.0959905
11.514,3.10437
11.516,-0.486288
11.518,1.77051
11.52,-2.16856
11.522,1.27074
11.524,0.088727
11.526,1.34811
11.528,-2.17631
11.53,0.969884
11.532,1.7459
11.534,2.07475
11.536,-0.96544
11.538,0.527426
11.54,0.363676
11.542,-0.580334
11.544,0.384793
11.546,-3.03097
11.548,0.117959
11.55,-2.28391
11.552,-1.14987
11.554,-0.417922
11.556,0.289896
11.558,3.77488
11.56,1.23301
11.562,0.0466018
11.564,0.577773
11.566,-1.05553
11.568,1.28905
11.57,-3.19904
11.572,-2.45235
11.574,-5.14995
11.576,0.165796
11.578,2.91602
11.58,0.630505
11.582,0.13203
11.584,-1.54721
11.586,0.312082
11.588,0.286143
11.59,0.280589
11.592,-2.6815
11.594,1.238
11.596,-1.59163
11.598,-2.9221
11.6,-0.49617
11.602,1.69319
11.604,-3.21479
11.606,-5.63911
11.608,-2.66767
11.61,-1.24212
11.612,-3.96491
11.614,-0.965853
11.616,-0.419117
11.618,-2.05204
11.62,-1.96036
11.622,1.75976
11.624,0.00813971
11.626,-2.85655
11.628,0.503236
11.63,0.924052
11.632,-0.590466
11.634,0.105248
11.636,1.42091
11.638,-2.33037
11.64,2.38203
11.642,-0.533062
11.644,4.70654
11.646,0.00196171
11.648,1.96581
11.65,1.34793
11.652,1.7922
11.654,-0.338953
11.656,3.24811
11.658,0.340121
11.66,3.06938
11.662,-0.762527
11.664,-0.389154
11.666,0.560293
11.668,0.391549
11.67,-1.02209
11.672,-0.829885
11.674,-0.369415
11.676,-0.663283
11.678,-2.96746
11.68,0.386108
11.682,-2.10967
11.684,1.75401
11.686,-0.532693
11.688,-3.10097
11.69,-1.74961
11.692,-0.641931
11.694,4.60669
11.696,-1.65471
11.698,-0.155829
11.7,0.423835
11.702,-0.869073
11.704,0.396126
11.706,-1.58239
11.708,1.77987
11.71,-0.049271
11.712,2.45451
11.714,3.79647
11.716,3.13281
11.718,0.758952
11.72,-3.21932
11.722,2.72023
11.724,1.86511
11.726,0.109562
11.728,1.56684
11.73,-1.37326
11.732,-1.62205
11.734,-0.325302
11.736,-0.111463
11.738,1.8319
11.74,-2.32981
11.742,-0.00187086
11.744,2.30775
11.746,-0.800134
11.748,0.398095
11.75,3.63134
11.752,-0.936524
11.754,0.0744575
11.756,-6.30576
11.758,-0.806575
11.76,3.06668
11.762,3.10619
11.764,0.415367
11.766,-1.47851
11.768,-4.0419
11.77,0.74265
11.772,1.17874
11.774,1.09792
11.776,1.4475
11.778,2.3891
11.78,3.47561
11.782,2.0625
11.784,-2.45385
11.786,1.68667
11.788,3.13163
11.79,-0.208007
11.792,-2.52194
11.794,-2.14202
11.796,-0.644595
11.798,0.353328
11.8,-1.24333
11.802,-1.0509
11.804,-2.26826
11.806,-2.09539
11.808,-1.36093
11.81,-2.02756
11.812,1.13319
11.814,-0.785038
11.816,0.858233
11.818,-4.47065
11.82,4.5484
11.822,-1.82723
11.824,0.935297
11.826,-2.09377
11.828,-2.14954
11.83,-1.32914
11.832,-2.44565
11.834,-1.22419
11.836,0.982024
11.838,1.31151
11.84,3.33421
11.842,-0.799785
11.844,3.23121
11.846,0.949535
11.848,-1.32817
11.85,-0.489125
11.852,-0.226357
11.854,0.855993
11.856,1.51074
11.858,4.54499
11.86,0.0739709
11.862,-1.69391
11.864,0.862611
11.866,-0.464824
11.868,-0.799865
11.87,0.351375
11.872,-4.11045
11.874,-0.451419
11.876,2.35135
11.878,-0.678676
11.88,0.418864
11.882,-0.0996894
11.884,-0.883352
11.886,-2.70398
11.888,-2.64466
11.89,1.54526
11.892,-1.36435
11.894,3.58969
11.896,1.81377
11.898,-0.756049
11.9,1.99884
11.902,0.842957
11.904,-1.75533
11.906,-3.08525
11.908,-3.38991
11.91,-0.0590837
11.912,-2.92279
11.914,-2.71215
11.916,2.66586
11.918,-2.73831
11.92,3.12144
11.922,-0.20465
11.924,-3.37803
11.926,-0.732544
11.928,-2.29876
11.93,-3.39831
11.932,-4.62238
11.934,2.77409
11.936,0.796319
11.938,0.240614
11.94,0.211764
11.942,0.520462
11.944,2.36202
11.946,2.7675
11.948,3.08236
11.95,3.22904
11.952,-3.16602
11.954,-2.31562
11.956,0.131757
11.958,-2.75574
11.96,0.955902
11.962,1.12664
11.964,1.36964
11.966,-0.271452
11.968,2.17815
11.97,4.41446
11.972,-0.904175
11.974,-0.148375
11.976,0.364561
11.978,2.25685
11.98,1.92576
11.982,4.90655
11.984,0.12716
11.986,0.381159
11.988,-3.13158
11.99,3.78954
11.992,0.911008
11.994,-3.79089
11.996,4.62869
11.998,3.63562
12,-1.87705
12.002,-1.10797
12.004,-0.289643
12.006,-2.51911
12.008,-2.00012
12.01,0.880215
12.012,-0.514639
12.014,-2.08452
12.016,-1.53448
12.018,-0.16407
12.02,-4.44333
12.022,1.31326
12.024,0.124088
12.026,-2.60673
12.028,-3.04969
12.03,-4.7511
12.032,-0.213296
12.034,-3.95915
12.036,-5.11596
12.038,-3.1951
12.04,-1.54633
12.042,1.3209
12.044,-2.24332
12.046,2.90981
12.048,1.89375
12.05,-0.953142
12.052,2.16919
12.054,-1.42444
12.056,-2.06662
12.058,-0.777885
12.06,-0.438321
12.062,3.93017
12.064,3.49505
12.066,1.28707
12.068,6.23196
12.07,0.344253
12.072,1.9133
12.074,0.82777
12.076,1.10021
12.078,-0.714917
12.08,2.39614
12.082,3.12994
12.084,1.87779
12.086,0.0726395
12.088,-1.19018
12.09,-2.21164
12.092,-0.0430533
12.094,-2.06575
12.096,1.48255
12.098,1.57048
12.1,1.97587
12.102,-1.5072
12.104,2.27144
12.106,-0.304033
12.108,-0.875489
12.11,5.04474
12.112,-0.105362
12.114,1.67403
12.116,4.07742
12.118,2.80722
12.12,0.405967
12.122,0.836609
12.124,-0.355167
12.126,1.47165
12.128,-0.325154
12.13,1.10507
12.132,1.03689
12.134,1.59926
12.136,-0.607658
12.138,-2.23481
12.14,-2.17354
12.142,-1.33306
12.144,-2.22903
12.146,-0.490348
12.148,-0.808366
12.15,0.462504
12.152,-1.67935
12.154,2.63738
12.156,1.41549
12.158,1.87442
12.16,-3.41743
12.162,-3.75857
12.164,-2.2353
12.166,-0.818128
12.168,-3.94521
12.17,-3.36524
12.172,-5.47308
12.174,-5.48279
12.176,-2.45361
12.178,0.568187
12.18,0.821564
12.182,-2.26228
12.184,0.665029
12.186,-2.32935
12.188,-3.23564
12.19,-1.51668
12.192,1.29141
12.194,0.564563
12.196,-2.85364
12.198,-0.320837
12.2,-1.54837
12.202,3.0757
12.204,-2.46341
12.206,2.42907
12.208,2.49654
12.21,2.39163
12.212,0.896294
12.214,-0.95629
12.216,5.71507
12.218,3.26536
12.22,1.49456
12.222,4.6233
12.224,-0.933545
12.226,0.602183
12.228,-1.27608
12.23,0.118391
12.232,0.997645
12.234,2.75069
12.236,-0.425362
12.238,-0.266997
12.24,-0.801754
12.242,-0.314343
12.244,1.51607
12.246,3.30886
12.248,-0.406189
12.25,5.35543
12.252,2.25024
12.254,1.47992
12.256,3.20368
12.258,1.97915
12.26,-0.253705
12.262,0.867927
12.264,-0.727546
12.266,-0.26251
12.268,1.38913
12.27,1.09877
12.272,0.797488
12.274,-3.01065
12.276,-0.278143
12.278,-4.96286
12.28,0.844109
12.282,-4.79186
12.284,-2.41033
12.286,-0.937629
12.288,1.64201
12.29,-3.16402
12.292,0.292128
12.294,-1.73659
12.296,-3.68236
12.298,-1.78825
12.3,-3.33454
12.302,-1.00724
12.304,-1.24174
12.306,0.425243
12.308,-1.59766
12.31,-1.73204
12.312,2.37179
12.314,-3.7613
12.316,-1.67937
12.318,1.39599
12.32,1.16034
12.322,0.657179
12.324,-1.91948
12.326,-1.90837
12.328,-1.48681
12.33,-0.252454
12.332,0.403336
12.334,-0.60884
12.336,1.8945
12.338,-1.95232
12.34,2.22187
12.342,1.52172
12.344,-0.512655
12.346,-1.36742
12.348,-1.62227
12.35,0.232079
12.352,-1.30909
12.354,-3.21388
12.356,0.61867
12.358,-2.97623
12.36,-1.48425
12.362,1.34985
12.364,-0.842673
12.366,-0.793508
12.368,-3.08963
12.37,1.54374
12.372,0.535464
12.374,4.0223
12.376,0.914092
12.378,2.26438
12.38,-1.32436
12.382,0.208342
12.384,-2.55483
12.386,-1.5803
12.388,0.0530743
12.39,1.62302
12.392,-1.60033
12.394,-0.634472
12.396,-1.32477
12.398,2.46438
12.4,-1.32071
12.402,-0.213836
12.404,0.523638
12.406,-1.95777
12.408,-0.201913
12.41,0.805745
12.412,-0.0170699
12.414,-0.455401
12.416,1.5658
12.418,-0.753732
12.42,1.44264
12.422,1.11122
12.424,4.98094
12.426,2.15108
12.428,-0.137537
12.43,-3.19623
12.432,0.747157
12.434,-0.129383
12.436,-0.11601
12.438,-3.77069
12.44,-1.27719
12.442,0.115539
12.444,-1.53634
12.446,2.24374
12.448,2.80166
12.45,0.650201
12.452,-1.37998
12.454,1.58182
12.456,-1.93385
12.458,3.45525
12.46,-0.605877
12.462,-4.03974
12.464,-0.824777
12.466,-1.13923
12.468,1.21862
12.47,4.44677
12.472,-0.178728
12.474,1.75304
12.476,0.540592
12.478,0.222435
12.48,-0.472294
12.482,-1.02707
12.484,-1.60282
12.486,-0.107987
12.488,2.29158
12.49,2.31284
12.492,2.42693
12.494,-0.59123
12.496,-1.77443
12.498,-0.489616
12.5,2.67967
12.502,1.56073
12.504,-1.6746
12.506,1.66191
12.508,-2.63209
12.51,-0.0507465
12.512,1.52733
12.514,-1.03998
12.516,1.30474
12.518,0.89418
12.52,-1.66699
12.522,-0.292257
12.524,-0.800082
12.526,-0.519674
12.528,-0.401932
12.53,0.131215
12.532,-2.57973
12.534,-1.3604
12.536,-3.44724
12.538,3.49345
12.54,-1.31294
12.542,-0.638088
12.544,4.88972
12.546,0.135814
12.548,-1.36156
12.55,-0.464281
12.552,0.370356
12.554,1.77181
12.556,-0.504965
12.558,-3.14299
12.56,-0.788474
12.562,-0.926963
12.564,-5.32491
12.566,-5.84803
12.568,-1.59095
12.57,-4.50381
12.572,-2.20586
12.574,-0.838866
12.576,-2.51124
12.578,1.92065
12.58,-3.39481
12.582,-2.71187
12.584,-1.63683
12.586,3.32264
12.588,-1.91884
12.59,1.8985
12.592,-1.95261
12.594,2.06828
12.596,0.383933
12.598,1.17878
12.6,3.10254
12.602,-1.19893
12.604,1.65337
12.606,-0.737998
12.608,0.407461
12.61,1.84245
12.612,1.15929
12.614,-1.6777
12.616,2.0413
12.618,-0.180687
12.62,-0.344403
12.622,0.477948
12.624,1.63034
12.626,-1.24205
12.628,1.67498
12.63,-0.0736349
12.632,0.145751
12.634,1.36827
12.636,-0.204915
12.638,4.34613
12.64,2.22638
12.642,0.639514
12.644,2.03089
12.646,-1.84184
12.648,0.857418
12.65,1.33814
12.652,-0.913018
12.654,2.17525
12.656,1.22119
12.658,-3.06723
12.66,-1.98851
12.662,1.96667
12.664,-0.113101
12.666,0.864681
12.668,-2.78832
12.67,-2.20397
12.672,-2.11568
12.674,1.78327
12.676,-3.43455
12.678,3.10492
12.68,-1.27356
12.682,0.540661
12.684,1.81409
12.686,-3.73981
12.688,-0.493566
12.69,0.931983
12.692,-0.102707
12.694,2.47413
12.696,-1.67024
12.698,-0.683418
12.7,0.358677
12.702,2.53987
12.704,0.299799
12.706,2.32141
12.708,-0.304469
12.71,-1.67724
12.712,3.00987
12.714,-0.144039
12.716,3.05151
12.718,2.66232
12.72,2.43984
12.722,-1.32033
12.724,-0.126561
12.726,0.833204
12.728,0.577671
12.73,-2.60761
12.732,-2.94512
12.734,-3.04856
12.736,-0.581287
12.738,0.0347646
12.74,1.55999
12.742,0.396018
12.744,0.882413
12.746,1.99313
12.748,1.41047
12.75,0.551139
12.752,1.39456
12.754,0.315534
12.756,0.764259
12.758,1.0788
12.76,2.17864
12.762,3.0679
12.764,2.60624
12.766,1.52344
12.768,-1.75133
12.77,-0.170291
12.772,2.35308
12.774,1.62619
12.776,-1.79541
12.778,-0.335413
12.78,0.590138
12.782,0.21013
12.784,-2.69045
12.786,1.82495
12.788,-1.00256
12.79,-2.88844
12.792,-2.91471
12.794,-0.501922
12.796,-0.669437
12.798,-2.83111
12.8,-3.14084
12.802,-2.14522
12.804,-2.28314
12.806,-3.89172
12.808,-2.39851
12.81,0.256933
12.812,-0.181738
12.814,1.99006
12.816,3.61011
12.818,3.14922
12.82,0.653579
12.822,0.260827
12.824,-1.70737
12.826,0.68133
12.828,1.52934
12.83,-3.10425
12.832,1.69654
12.834,0.666868
12.836,0.122201
12.838,0.896294
12.84,-3.45106
12.842,-3.71957
12.844,1.05259
12.846,3.55578
12.848,-0.702575
12.85,0.495669
12.852,-0.166078
12.854,-1.74201
12.856,-0.646595
12.858,0.965037
12.86,-0.849823
12.862,1.63422
12.864,0.858746
12.866,-0.728481
12.868,-0.216064
12.87,2.2994
12.872,0.251941
12.874,0.702821
12.876,-0.418678
12.878,-1.4167
12.88,-1.08001
12.882,0.243557
12.884,-0.45863
12.886,-2.77125
12.888,-3.99867
12.89,-0.374369
12.892,-3.29781
12.894,-1.28573
12.896,-3.63854
12.898,-1.41957
12.9,0.529905
12.902,-1.37362
12.904,-2.05431
12.906,1.79268
12.908,-1.44541
12.91,-3.5595
12.912,-1.20854
12.914,-1.99592
12.916,0.89956
12.918,-2.34173
12.92,-1.77536
12.922,1.78689
12.924,-0.227064
12.926,1.13007
12.928,3.6057
12.93,-0.72461
12.932,-1.1206
12.934,0.678347
12.936,-1.2805
12.938,3.33266
12.94,0.916523
12.942,-2.93144
12.944,-0.594056
12.946,-1.86423
12.948,-0.626641
12.95,-1.89416
12.952,2.14499
12.954,-0.663909
12.956,-0.0144708
12.958,-1.99422
12.96,4.422
12.962,1.80005
12.964,-1.29096
12.966,1.79664
12.968,-0.214819
12.97,4.1078
12.972,-0.552393
12.974,0.357785
12.976,0.831121
12.978,0.80811
12.98,0.779225
12.982,0.178762
12.984,-1.29093
12.986,1.57813
12.988,1.58077
12.99,2.45512
12.992,0.240201
12.994,0.916243
12.996,-0.978275
12.998,4.34145
13,-1.47181
13.002,0.299249
13.004,-0.119697
13.006,1.97678
13.008,-1.21718
13.01,-1.32169
13.012,1.77861
13.014,-2.31354
13.016,-0.67967
13.018,-0.932752
13.02,-0.303245
13.022,0.984906
13.024,0.635279
13.026,0.322118
13.028,2.27025
13.03,-0.487851
13.032,-3.28
13.034,-2.04411
13.036,2.96552
13.038,-1.90807
13.04,2.98452
13.042,0.225464
13.044,-2.63579
13.046,1.11569
13.048,-0.915333
13.05,0.0793088
13.052,-0.81929
13.054,-1.72247
13.056,0.570656
13.058,3.08757
13.06,-0.25908
13.062,-2.20367
13.064,-2.66701
13.066,-3.17615
13.068,-2.10306
13.07,-1.06124
13.072,0.851528
13.074,0.943775
13.076,-0.604915
13.078,0.589501
13.08,-2.52098
13.082,-2.63615
13.084,-1.71172
13.086,1.88998
13.088,1.66188
13.09,-0.205976
13.092,-1.18093
13.094,-1.06056
13.096,1.92166
13.098,0.425885
13.1,-0.348205
13.102,-0.687148
13.104,2.97623
13.106,0.516138
13.108,2.5871
13.11,-2.41132
13.112,3.27862
13.114,0.547545
13.116,-2.11082
13.118,0.678018
13.12,-0.401483
13.122,1.66985
13.124,-0.534646
13.126,0.809554
13.128,0.276402
13.13,-0.0499236
13.132,-1.8701
13.134,-3.24042
13.136,-1.6131
13.138,-2.92754
13.14,-0.493459
13.142,1.15481
13.144,0.5838
13.146,-1.605
13.148,-1.61801
13.15,0.23484
13.152,1.56407
13.154,-0.584476
13.156,-1.48522
13.158,0.866093
13.16,-0.888248
13.162,0.180741
13.164,-1.71057
13.166,2.55632
13.168,-5.2251
13.17,-1.09512
13.172,6.03574
13.174,-1.02821
13.176,2.5754
13.178,0.808645
13.18,-3.86054
13.182,-1.32053
13.184,-0.256179
13.186,-2.06089
13.188,-0.624579
13.19,1.66534
13.192,0.800051
13.194,-2.64106
13.196,-1.2015
13.198,0.376721
13.2,-0.559974
13.202,1.94998
13.204,-2.94668
13.206,0.0564105
13.208,-0.841798
13.21,-2.24548
13.212,1.03036
13.214,-2.68852
13.216,-3.11863
13.218,-0.41916
13.22,2.79867
13.222,0.947116
13.224,1.474
13.226,2.99124
13.228,2.26402
13.23,-2.03358
13.232,-0.433046
13.234,4.25021
13.236,-2.61363
13.238,0.524792
13.24,1.90038
13.242,1.43431
13.244,-2.21446
13.246,3.14402
13.248,0.693272
13.25,3.93856
13.252,-0.112419
13.254,-1.93192
13.256,-0.137063
13.258,1.96663
13.26,-4.48616
13.262,-0.215261
13.264,1.06386
13.266,1.93558
13.268,0.463185
13.27,1.81655
13.272,0.865934
13.274,4.64414
13.276,-4.40308
13.278,-0.209919
13.28,-0.857916
13.282,-2.88398
13.284,-1.17104
13.286,-0.959946
13.288,-2.68072
13.29,0.787992
13.292,-2.68158
13.294,-1.56863
13.296,-0.828257
13.298,-1.12851
13.3,-3.06935
13.302,3.75581
13.304,-0.0220765
13.306,-0.691459
13.308,-2.27066
13.31,-3.22584
13.312,-1.31428
13.314,0.484663
13.316,0.250417
13.318,-0.773857
13.32,-0.341175
13.322,0.098511
13.324,-1.37775
13.326,0.509733
13.328,-0.34341
13.33,0.585027
13.332,-0.342117
13.334,-0.783546
13.336,-2.96009
13.338,1.59167
13.34,-3.0475
13.342,1.9919
13.344,-3.95909
13.346,0.859984
13.348,0.278505
13.35,-1.21109
13.352,1.70736
13.354,-4.27989
13.356,-1.71849
13.358,1.14349
13.36,0.425643
13.362,-2.0926
13.364,-0.962236
13.366,-1.31389
13.368,0.226847
13.37,2.98375
13.372,1.31752
13.374,-0.81555
13.376,-0.773931
13.378,-2.6447
13.38,1.13908
13.382,1.17716
13.384,0.550768
13.386,-0.954499
13.388,-0.612529
13.39,1.24041
13.392,4.0329
13.394,-0.0964854
13.396,0.126726
13.398,1.65341
13.4,0.881551
13.402,0.310616
13.404,0.545607
13.406,-0.219436
13.408,3.64755
13.41,0.536501
13.412,1.20529
13.414,1.54299
13.416,2.9868
13.418,1.44699
13.42,0.111883
13.422,-1.07502
13.424,-0.229579
13.426,-1.78299
13.428,3.31416
13.43,-0.467926
13.432,0.389838
13.434,-0.5689
13.436,1.40325
13.438,-0.349245
13.44,-0.448049
13.442,0.159739
13.444,-2.45343
13.446,-2.08043
13.448,-1.10632
13.45,0.560271
13.452,-1.45201
13.454,0.510633
13.456,-1.82311
13.458,-0.30517
13.46,0.524131
13.462,0.996862
13.464,0.57928
13.466,-0.413067
13.468,-2.9462
13.47,-0.896521
13.472,2.11327
13.474,1.52122
13.476,1.27911
13.478,-4.66778
13.48,-0.0344929
13.482,0.366418
13.484,2.47639
13.486,-1.40995
13.488,-0.225268
13.49,-0.976983
13.492,1.25894
13.494,-3.99348
13.496,0.833326
13.498,-2.6777
13.5,-0.395803
13.502,-3.19834
13.504,0.296775
13.506,-2.78707
13.508,1.86609
13.51,-2.57958
13.512,-2.40742
13.514,-3.24495
13.516,-3.96317
13.518,-2.38003
13.52,0.843261
13.522,3.85847
13.524,0.392148
13.526,5.69418
13.528,-0.0700958
13.53,-1.62076
13.532,1.13792
13.534,0.281288
13.536,1.56276
13.538,1.76654
13.54,-2.2167
13.542,1.27312
13.544,1.13942
13.546,2.00298
13.548,3.43699
13.55,-1.20528
13.552,-0.721693
13.554,1.05388
13.556,0.474836
13.558,0.157046
13.56,-0.955607
13.562,-0.181045
13.564,0.0185541
13.566,2.83035
13.568,1.55889
13.57,-1.22706
13.572,-2.87714
13.574,-2.30297
13.576,0.713285
13.578,5.25337
13.58,0.966093
13.582,-0.29493
13.584,-0.519634
13.586,-2.99204
13.588,-0.476545
13.59,-0.634283
13.592,1.41932
13.594,-1.97019
13.596,1.35066
13.598,-1.13986
13.6,-0.445912
13.602,-2.63657
13.604,-0.674512
13.606,-1.3558
13.608,-2.28519
13.61,1.44958
13.612,0.334117
13.614,-0.874625
13.616,-2.07277
13.618,-2.2457
13.62,1.74971
13.622,-1.97535
13.624,0.585022
13.626,-3.13718
13.628,1.77381
13.63,1.98435
13.632,-1.97478
13.634,-1.94855
13.636,-1.39599
13.638,-1.96486
13.64,-3.02644
13.642,-2.10085
13.644,1.93113
13.646,-2.43209
13.648,-1.41884
13.65,-1.79892
13.652,0.691235
13.654,-0.233051
13.656,-2.14168
13.658,-0.736587
13.66,-0.0627222
13.662,-1.24767
13.664,-0.194169
13.666,0.26072
13.668,-1.63617
13.67,0.56052
13.672,-0.0708073
13.674,5.10818
13.676,-0.936257
13.678,1.21758
13.68,1.84204
13.682,1.62644
13.684,-2.50835
13.686,-1.12555
13.688,0.566479
13.69,-1.50782
13.692,1.24117
13.694,1.44599
13.696,-1.96254
13.698,2.7277
13.7,1.59794
13.702,-1.01796
13.704,-0.579888
13.706,2.70344
13.708,-0.242096
13.71,2.62978
13.712,-0.833829
13.714,2.50222
13.716,1.63877
13.718,-0.903461
13.72,1.70597
13.722,-2.66298
13.724,-0.0294473
13.726,-0.395714
13.728,0.703021
13.73,2.10726
13.732,-1.28602
13.734,-0.678637
13.736,0.246738
13.738,1.56778
13.74,-1.94586
13.742,-0.575382
13.744,0.81894
13.746,1.60708
13.748,-3.55134
13.75,-2.88468
13.752,-0.800957
13.754,-1.75566
13.756,3.61069
13.758,-0.778156
13.76,-2.21207
13.762,-3.16933
13.764,1.36877
13.766,2.17591
13.768,-0.679128
13.77,-2.6905
13.772,-0.672253
13.774,-1.73492
13.776,-2.71196
13.778,0.687994
13.78,0.625987
13.782,-2.57377
13.784,0.37031
13.786,2.5069
13.788,1.39305
13.79,-1.45459
13.792,1.65314
13.794,0.19116
13.796,-2.06612
13.798,-2.23929
13.8,1.10218
13.802,5.01394
13.804,-1.55613
13.806,2.05089
13.808,1.18964
13.81,1.26766
13.812,-0.35388
13.814,-1.19865
13.816,-0.59974
13.818,1.09984
13.82,-1.23284
13.822,-1.12601
13.824,-4.14058
13.826,-1.42477
13.828,-1.20273
13.83,0.713649
13.832,0.806157
13.834,2.69992
13.836,-1.37088
13.838,-0.795621
13.84,-0.691187
13.842,1.29108
13.844,0.913167
13.846,0.191263
13.848,-2.07098
13.85,2.61886
13.852,1.016
13.854,1.57893
13.856,0.879741
13.858,-2.20027
13.86,-4.586
13.862,2.83896
13.864,0.979521
13.866,2.19513
13.868,-1.66704
13.87,-0.559433
13.872,5.30181
13.874,2.68151
13.876,-1.32079
13.878,-0.0638219
13.88,1.49545
13.882,-0.528356
13.884,4.91233
13.886,4.58074
13.888,-1.75269
13.89,2.07146
13.892,4.68424
13.894,-3.74193
13.896,-0.367927
13.898,-0.616619
13.9,1.8271
13.902,0.0514115
13.904,-1.31183
13.906,0.722502
13.908,1.57635
13.91,1.19655
13.912,0.549707
13.914,-1.90078
13.916,2.95316
13.918,-0.584726
13.92,-1.15143
13.922,-0.327489
13.924,-2.61414
13.926,-1.80914
13.928,2.43756
13.93,1.9482
13.932,-2.47447
13.934,-1.00641
13.936,-2.56557
13.938,-1.45241
13.94,0.305111
13.942,-3.58421
13.944,-2.23276
13.946,-3.694
13.948,-0.955231
13.95,-2.90234
13.952,-2.58527
13.954,-1.12776
13.956,-2.15084
13.958,-3.03122
13.96,-0.684596
13.962,-1.82509
13.964,-2.25027
13.966,0.891623
13.968,-3.2622
13.97,-2.02289
13.972,0.837034
13.974,1.08588
13.976,1.52601
13.978,1.64647
13.98,1.67966
13.982,-2.56906
13.984,1.34082
13.986,1.76167
13.988,-0.523925
13.99,0.451031
13.992,0.311955
13.994,-0.834948
13.996,-3.76786
13.998,0.646681
14,-3.26234
14.002,2.14397
14.004,-0.989194
14.006,1.5431
14.008,0.118722
14.01,-0.37416
14.012,0.0583995
14.014,1.00818
14.016,3.71144
14.018,-1.26768
14.02,2.69398
14.022,-0.340194
14.024,1.24534
14.026,-3.49105
14.028,-1.22168
14.03,-1.39853
14.032,-0.209317
14.034,-3.53674
14.036,-2.58236
14.038,-5.65309
14.04,-1.38401
14.042,-2.10896
14.044,-0.221314
14.046,0.944001
14.048,2.40333
14.05,1.24226
14.052,0.0110511
14.054,0.755001
14.056,0.641824
14.058,-0.802929
14.06,-0.987852
14.062,0.653464
14.064,2.58167
14.066,1.0412
14.068,0.572721
14.07,3.47753
14.072,0.207014
14.074,-0.323966
14.076,0.0438388
14.078,-1.34769
14.08,1.90352
14.082,2.95842
14.084,1.72005
14.086,2.7541
14.088,1.26417
14.09,2.2116
14.092,-0.343176
14.094,-4.46156
14.096,-0.161316
14.098,-3.50993
14.1,2.66952
14.102,-2.01279
14.104,-2.72715
14.106,1.69844
14.108,-2.53319
14.11,0.362572
14.112,0.234827
14.114,1.66533
14.116,-0.531771
14.118,-1.94512
14.12,-2.74973
14.122,-3.61157
14.124,0.123598
14.126,-2.28484
14.128,0.597255
14.13,-3.74951
14.132,0.465726
14.134,-1.46917
14.136,-1.27669
14.138,0.166281
14.14,-2.18076
14.142,1.81908
14.144,1.14658
14.146,-0.0397203
14.148,-1.0744
14.15,-0.0556605
14.152,0.981259
14.154,0.397092
14.156,-0.768221
14.158,0.739684
14.16,0.594654
14.162,0.168513
14.164,1.26753
14.166,0.190976
14.168,1.6388
14.17,0.361456
14.172,-0.105002
14.174,1.58603
14.176,2.79014
14.178,-2.01569
14.18,1.50498
14.182,0.797765
14.184,-2.50988
14.186,3.6171
14.188,1.02194
14.19,2.52343
14.192,2.76324
14.194,-4.00337
14.196,2.7976
14.198,0.981636
14.2,-0.661963
14.202,-1.17542
14.204,-1.1513
14.206,0.37242
14.208,-3.00399
14.21,0.231889
14.212,0.717733
14.214,-2.8473
14.216,-0.360462
14.218,2.85358
14.22,-1.60013
14.222,1.83173
14.224,2.18218
14.226,0.874464
14.228,0.61678
14.23,-2.66037
14.232,-0.807255
14.234,-3.67314
14.236,-1.81363
14.238,1.97192
14.24,3.46834
14.242,0.512948
14.244,-2.02667
14.246,0.845921
14.248,-0.0580556
14.25,-2.98829
14.252,-2.3638
14.254,2.7594
14.256,3.46206
14.258,3.3623
14.26,2.57342
14.262,0.703754
14.264,-4.53943
14.266,-1.72688
14.268,-0.562706
14.27,1.74702
14.272,-0.367286
14.274,-1.24919
14.276,1.0436
14.278,1.36718
14.28,0.090696
14.282,0.921892
14.284,-0.432344
14.286,0.213482
14.288,0.83144
14.29,2.33063
14.292,0.955933
14.294,-4.37008
14.296,2.15662
14.298,0.532459
14.3,-0.40448
14.302,1.40952
14.304,0.646665
14.306,2.40098
14.308,-1.06597
14.31,0.977091
14.312,-3.02639
14.314,-2.50877
14.316,-3.46646
14.318,-0.339995
14.32,-0.627033
14.322,-1.47752
14.324,-0.508169
14.326,-0.0982501
14.328,0.151949
14.33,1.13623
14.332,0.743813
14.334,-1.09536
14.336,-3.09586
14.338,-0.905584
14.34,-0.286493
14.342,-0.702838
14.344,1.50171
14.346,1.73731
14.348,0.264587
14.35,-3.99864
14.352,4.52745
14.354,0.824006
14.356,-0.359662
14.358,0.983625
14.36,-0.925849
14.362,0.896272
14.364,0.8977
14.366,1.62383
14.368,2.83815
14.37,2.11361
14.372,2.62835
14.374,2.12576
14.376,-0.178325
14.378,0.536812
14.38,1.64342
14.382,3.25745
14.384,0.700745
14.386,1.56026
14.388,1.83838
14.39,0.273385
14.392,-3.74793
14.394,-2.72845
14.396,-0.277115
14.398,-1.59125
14.4,1.24991
14.402,-0.64286
14.404,-1.33172
14.406,1.84482
14.408,0.492023
14.41,-1.60501
14.412,1.00107
14.414,-0.255748
14.416,-0.978521
14.418,-2.22239
14.42,-4.34513
14.422,-3.77962
14.424,-4.21724
14.426,-2.87609
14.428,1.25962
14.43,2.98577
14.432,0.0848197
14.434,-1.77711
14.436,-4.30586
14.438,-1.26388
14.44,-3.52851
14.442,1.06091
14.444,-3.14696
14.446,-3.15111
14.448,0.914316
14.45,0.636456
14.452,1.03877
14.454,0.0897063
14.456,0.0726774
14.458,-3.59306
14.46,3.50834
14.462,1.71509
14.464,2.37184
14.466,2.29429
14.468,3.07971
14.47,1.39454
14.472,-0.286449
14.474,-0.138285
14.476,2.4658
14.478,0.208032
14.48,-2.71588
14.482,1.46932
14.484,0.971481
14.486,-2.43697
14.488,1.79807
14.49,-2.17562
14.492,0.925503
14.494,-0.717958
14.496,-1.04646
14.498,2.88083
14.5,-1.54214
14.502,0.933579
14.504,0.752283
14.506,-5.48127
14.508,-1.9655
14.51,0.270106
14.512,-2.89993
14.514,-0.562467
14.516,1.62353
14.518,-2.89207
14.52,1.43946
14.522,-1.39769
14.524,-0.24775
14.526,-0.823244
14.528,-1.85639
14.53,-1.30855
14.532,0.398914
14.534,0.27295
14.536,2.33612
14.538,1.02245
14.54,-0.157887
14.542,2.96376
14.544,0.59907
14.546,3.93913
14.548,-2.1297
14.55,-0.531374
14.552,3.00688
14.554,2.03086
14.556,-0.828192
14.558,-1.41626
14.56,-0.466294
14.562,-1.96781
14.564,-0.737322
14.566,-0.349231
14.568,0.591321
14.57,-0.219646
14.572,3.60215
14.574,5.13133
14.576,0.358555
14.578,0.0848403
14.58,2.0096
14.582,0.412879
14.584,1.34355
14.586,-1.74718
14.588,-1.37733
14.59,-0.702472
14.592,-0.251452
14.594,-1.56766
14.596,-0.0682745
14.598,-3.17399
14.6,0.80292
14.602,-1.45444
14.604,-0.928767
14.606,-1.25584
14.608,0.18959
14.61,2.17769
14.612,2.85704
14.614,-2.27
14.616,-0.132825
14.618,0.927639
14.62,3.66337
14.622,-0.723875
14.624,1.30079
14.626,-0.144234
14.628,-4.50272
14.63,-2.15979
14.632,-1.31911
14.634,2.1032
14.636,-1.29187
14.638,-0.82704
14.64,-2.63631
14.642,-2.72991
14.644,-1.12255
14.646,-0.478729
14.648,0.237887
14.65,-1.2045
14.652,0.464778
14.654,0.781324
14.656,2.66331
14.658,-0.684051
14.66,1.6745
14.662,1.44282
14.664,0.228164
14.666,0.398072
14.668,-3.06639
14.67,-0.149362
14.672,-2.03084
14.674,0.800155
14.676,0.39174
14.678,-2.18582
14.68,-0.668127
14.682,-0.590091
14.684,-1.53949
14.686,-2.99898
14.688,-3.0256
14.69,-0.348821
14.692,-0.602999
14.694,-3.23723
14.696,1.65315
14.698,1.74034
14.7,-0.833482
14.702,4.4694
14.704,-0.297987
14.706,-1.49459
14.708,2.1175
14.71,-1.65523
14.712,-0.838258
14.714,-0.921162
14.716,0.383464
14.718,0.817953
14.72,-1.11287
14.722,-0.836127
14.724,2.01865
14.726,1.71094
14.728,0.635941
14.73,-0.362443
14.732,-2.69424
14.734,-1.60509
14.736,-3.59975
14.738,-0.158038
14.74,-3.07062
14.742,2.07053
14.744,-1.60695
14.746,2.1153
14.748,-0.388251
14.75,3.33613
14.752,4.43482
14.754,4.78392
14.756,-0.7558
14.758,-0.583207
14.76,-1.15504
14.762,2.72364
14.764,2.81614
14.766,-0.801478
14.768,-1.10969
14.77,0.585537
14.772,-1.27039
14.774,-1.37449
14.776,2.49611
14.778,-1.15317
14.78,0.316012
14.782,2.09286
14.784,-3.85259
14.786,-0.604407
14.788,-1.7775
14.79,0.364608
14.792,0.475084
14.794,-1.66785
14.796,4.90905
14.798,2.12618
14.8,0.8376
14.802,3.83341
14.804,-0.483955
14.806,-2.18492
14.808,-0.932784
14.81,1.05197
14.812,-0.0652036
14.814,-1.19602
14.816,2.59256
14.818,0.816002
14.82,-1.40352
14.822,-0.0219528
14.824,-0.257301
14.826,1.11285
14.828,-3.90689
14.83,1.60693
14.832,-3.39086
14.834,-1.50234
14.836,-1.85274
14.838,-1.51945
14.84,-1.40992
14.842,0.116039
14.844,-0.0847663
14.846,-0.90527
14.848,1.27237
14.85,0.858105
14.852,-1.41659
14.854,0.345057
14.856,-1.3534
14.858,1.2823
14.86,-0.175984
14.862,2.7646
14.864,3.77535
14.866,0.889184
14.868,-1.05617
14.87,0.441529
14.872,0.487828
14.874,-1.15998
14.876,0.416642
14.878,1.2511
14.88,2.75337
14.882,0.116639
14.884,3.5757
14.886,4.11707
14.888,-1.84024
14.89,4.37622
14.892,-1.10252
14.894,0.954257
14.896,3.30297
14.898,-0.882184
14.9,-2.92455
14.902,0.55083
14.904,2.79198
14.906,1.18899
14.908,3.22118
14.91,2.84912
14.912,-0.839342
14.914,-1.35439
14.916,-1.92298
14.918,0.822056
14.92,1.11381
14.922,-2.6834
14.924,-0.669471
14.926,0.904855
14.928,0.13301
14.93,0.131603
14.932,0.190626
14.934,-0.142364
14.936,0.262591
14.938,-1.50779
14.94,-1.58084
14.942,-2.02517
14.944,-3.02997
14.946,2.12411
14.948,2.84727
14.95,-0.456319
14.952,0.318062
14.954,-0.60086
14.956,1.64115
14.958,-2.41152
14.96,-3.00986
14.962,-3.51247
14.964,-1.66104
14.966,-2.55743
14.968,-3.22308
14.97,0.740057
14.972,-0.285589
14.974,0.4245
14.976,-1.8926
14.978,-1.38459
14.98,-0.266797
14.982,0.189482
14.984,-2.73927
14.986,1.98788
14.988,-1.22872
14.99,0.971824
14.992,-1.78265
14.994,1.17967
14.996,-3.28363
14.998,-1.7849
15,1.74353
15.002,-0.52218
15.004,0.233733
15.006,-2.66897
15.008,-1.38686
15.01,1.05485
15.012,3.09565
15.014,1.12216
15.016,1.51277
15.018,-1.68006
15.02,-0.822118
15.022,2.73555
15.024,-1.08764
15.026,0.14171
15.028,0.746326
15.03,0.158359
15.032,1.5971
15.034,-2.56479
15.036,2.41816
15.038,2.73221
15.04,-0.858506
15.042,1.86182
15.044,-0.638299
15.046,1.08291
15.048,0.914468
15.05,-3.14511
15.052,1.58567
15.054,-0.654069
15.056,-0.540679
15.058,1.16662
15.06,2.15145
15.062,1.24302
15.064,-0.42925
15.066,-1.0277
15.068,-0.597454
15.07,-3.40879
15.072,-1.33396
15.074,-0.389486
15.076,-0.907461
15.078,0.235157
15.08,-1.52794
15.082,0.209798
15.084,-2.17679
15.086,-1.69258
15.088,-3.58024
15.09,-0.740645
15.092,2.70868
15.094,-2.41887
15.096,-1.1419
15.098,0.357598
15.1,-1.51034
15.102,-1.68449
15.104,-0.863515
15.106,-3.6918
15.108,2.80301
15.11,-2.01864
15.112,-0.821681
15.114,-0.357298
15.116,-3.43496
15.118,-0.504736
15.12,-1.79356
15.122,-0.909887
15.124,-1.02736
15.126,4.81981
15.128,-1.78609
15.13,-0.752425
15.132,1.21927
15.134,-0.0295479
15.136,0.987059
15.138,1.14319
15.14,3.32075
15.142,3.10858
15.144,2.8346
15.146,4.1174
15.148,0.522641
15.15,1.68624
15.152,3.85977
15.154,0.0470713
15.156,-2.50458
15.158,0.147658
15.16,-4.23824
15.162,4.30674
15.164,-0.407639
15.166,2.35136
15.168,-0.387183
15.17,0.743831
15.172,2.76219
15.174,4.32696
15.176,-0.81356
15.178,1.68349
15.18,1.10963
15.182,2.82818
15.184,0.91387
15.186,1.37782
15.188,-0.773109
15.19,-0.310406
15.192,1.45466
15.194,-1.15404
15.196,-2.30168
15.198,-2.81753
15.2,3.19778
15.202,-3.53284
15.204,-2.67756
15.206,-1.80997
15.208,-1.65283
15.21,-2.07861
15.212,-0.926829
15.214,-0.756128
15.216,0.806741
15.218,1.38053
15.22,-2.4941
15.222,-0.453632
15.224,0.067967
15.226,2.98486
15.228,-0.511469
15.23,1.52764
15.232,-3.50356
15.234,-3.08117
15.236,-3.86282
15.238,-1.8282
15.24,-3.47624
15.242,-1.57194
15.244,0.597447
15.246,-0.690418
15.248,-0.548352
15.25,1.28965
15.252,-1.38448
15.254,1.98123
15.256,-1.19241
15.258,-1.60332
15.26,-0.898852
15.262,-4.30065
15.264,1.22126
15.266,0.674493
15.268,0.920086
15.27,-3.41404
15.272,0.304041
15.274,-0.554255
15.276,-0.427428
15.278,-1.58217
15.28,-0.308402
15.282,-2.69951
15.284,2.00595
15.286,2.5864
15.288,-2.05844
15.29,0.801239
15.292,-1.63898
15.294,-2.39432
15.296,1.33802
15.298,2.97998
15.3,0.774821
15.302,0.101759
15.304,3.42817
15.306,1.35091
15.308,0.860461
15.31,1.18941
15.312,2.54713
15.314,1.30707
15.316,3.055
15.318,-0.458521
15.32,3.908
15.322,0.200422
15.324,0.908701
15.326,2.26411
15.328,1.61612
15.33,-0.213075
15.332,-1.3362
15.334,-1.85641
15.336,4.07276
15.338,2.59032
15.34,0.227322
15.342,-0.818076
15.344,-0.814676
15.346,-3.89059
15.348,0.481137
15.35,-0.949809
15.352,-1.18886
15.354,4.4536
15.356,-2.89509
15.358,-0.332362
15.36,-1.30611
15.362,-3.73545
15.364,1.9618
15.366,-0.948021
15.368,-0.348444
15.37,1.8771
15.372,2.36963
15.374,3.25145
15.376,-1.06835
15.378,-2.64759
15.38,1.87087
15.382,-1.83507
15.384,-4.90517
15.386,-0.629076
15.388,-2.2574
15.39,-1.52221
15.392,1.43473
15.394,0.612484
15.396,-0.829025
15.398,1.22259
15.4,4.79318
15.402,-0.172928
15.404,4.8032
15.406,-2.72634
15.408,-1.82473
15.41,-1.5131
15.412,2.60989
15.414,-1.79746
15.416,-1.53296
15.418,-1.69505
15.42,-3.09156
15.422,-0.637546
15.424,-2.40109
15.426,2.61177
15.428,-1.48078
15.43,-0.755298
15.432,-0.747717
15.434,-2.47793
15.436,-3.16921
15.438,-1.40708
15.44,-3.29715
15.442,-1.37702
15.444,0.333443
15.446,-3.58999
15.448,-3.19333
15.45,-2.36905
15.452,-0.454633
15.454,1.84554
15.456,3.51679
15.458,3.1099
15.46,2.60904
15.462,-0.493206
15.464,0.364955
15.466,0.164597
15.468,3.08358
15.47,1.06206
15.472,2.07999
15.474,4.1605
15.476,2.04711
15.478,0.863067
15.48,3.13543
15.482,0.390729
15.484,2.50522
15.486,3.73744
15.488,-1.47104
15.49,0.613587
15.492,1.6841
15.494,2.8207
15.496,-0.466656
15.498,0.45202
15.5,3.36965
15.502,0.0286224
15.504,-0.404675
15.506,0.0302841
15.508,0.354734
15.51,0.179373
15.512,0.60003
15.514,-0.0208934
15.516,2.90223
15.518,1.65194
15.52,-3.53175
15.522,-0.79072
15.524,-0.895949
15.526,-2.23463
15.528,0.481395
15.53,1.09284
15.532,-4.4481
15.534,0.388813
15.536,-3.47394
15.538,-1.26684
15.54,-4.98113
15.542,-2.30854
15.544,-3.94945
15.546,-4.50621
15.548,0.339969
15.55,-2.21753
15.552,-2.36445
15.554,-1.37713
15.556,3.14575
15.558,-0.723056
15.56,1.93082
15.562,0.47533
15.564,-3.79828
15.566,-0.449127
15.568,-0.108042
15.57,-2.20293
15.572,3.4521
15.574,1.83335
15.576,2.45452
15.578,2.94414
15.58,1.25362
15.582,-1.78737
15.584,2.27174
15.586,2.06605
15.588,1.36595
15.59,-1.49518
15.592,1.32878
15.594,-1.48401
15.596,1.65869
15.598,3.87984
15.6,2.32089
15.602,-1.02835
15.604,-1.11845
15.606,1.41591
15.608,0.982642
15.61,0.0810918
15.612,1.30432
15.614,1.41181
15.616,-0.685048
15.618,2.4817
15.62,0.601113
15.622,-3.06151
15.624,1.99389
15.626,2.08179
15.628,2.27782
15.63,0.397794
15.632,-3.67126
15.634,-2.68289
15.636,-3.31325
15.638,-1.01007
15.64,-0.0412012
15.642,1.79754
15.644,-0.447881
15.646,-0.865993
15.648,2.47384
15.65,-0.354898
15.652,-0.292326
15.654,-0.349037
15.656,-1.92489
15.658,-3.78641
15.66,-0.202003
15.662,0.288443
15.664,-0.327496
15.666,0.982613
15.668,0.953213
15.67,-0.358355
15.672,-4.41128
15.674,-1.1535
15.676,1.37881
15.678,-1.5554
15.68,0.46661
15.682,1.2621
15.684,2.78088
15.686,0.0340749
15.688,-0.662222
15.69,2.97132
15.692,1.92768
15.694,1.83841
15.696,0.534256
15.698,2.14582
15.7,1.26788
15.702,-0.335188
15.704,-0.187405
15.706,-0.914245
15.708,0.498189
15.71,-2.66618
15.712,-2.0693
15.714,0.569073
15.716,-1.6648
15.718,3.55239
15.72,0.281886
15.722,-1.45085
15.724,-2.71274
15.726,-2.42782
15.728,0.590465
15.73,-7.83406
15.732,-2.71526
15.734,-3.06617
15.736,-0.722176
15.738,0.476712
15.74,2.36501
15.742,1.81514
15.744,-0.559558
15.746,0.47331
15.748,-1.7554
15.75,-0.278168
15.752,-3.59248
15.754,-2.59211
15.756,4.55592
15.758,-0.188127
15.76,4.86893
15.762,0.819136
15.764,1.18334
15.766,2.92714
15.768,-2.26603
15.77,-0.759607
15.772,-1.10174
15.774,-0.600106
15.776,-0.78745
15.778,-1.71536
15.78,-1.15277
15.782,0.403932
15.784,-2.68187
15.786,-0.390074
15.788,-1.46251
15.79,-0.519054
15.792,-1.38147
15.794,-1.02155
15.796,-1.60503
15.798,-3.25102
15.8,1.0435
15.802,1.46577
15.804,0.220926
15.806,2.97795
15.808,-2.8866
15.81,-1.31007
15.812,-0.529764
15.814,1.41971
15.816,1.53168
15.818,0.976482
15.82,1.90801
15.822,-0.223974
15.824,0.599584
15.826,2.47475
15.828,1.72629
15.83,0.711248
15.832,1.20822
15.834,1.22199
15.836,-0.0730259
15.838,2.41352
15.84,-1.62303
15.842,3.69293
15.844,-1.79364
15.846,0.117624
15.848,-0.744064
15.85,2.26789
15.852,-0.293872
15.854,1.00862
15.856,-0.550134
15.858,-1.31659
15.86,-0.886656
15.862,2.11179
15.864,0.865458
15.866,-0.150241
15.868,-1.84053
15.87,-1.45294
15.872,0.388699
15.874,0.382128
15.876,-1.26182
15.878,-1.86902
15.88,-4.02642
15.882,-2.05444
15.884,-2.21669
15.886,-1.00427
15.888,-2.58162
15.89,-2.13473
15.892,0.763567
15.894,-1.34418
15.896,-1.36516
15.898,-1.68402
15.9,-0.43522
15.902,2.59949
15.904,2.12345
15.906,0.957534
15.908,-0.140701
15.91,-2.58184
15.912,1.98756
15.914,-3.44142
15.916,3.23626
15.918,-1.80997
15.92,-0.897001
15.922,0.93869
15.924,-0.424942
15.926,-1.41361
15.928,1.24832
15.93,4.87486
15.932,-0.875893
15.934,1.32086
15.936,2.52718
15.938,0.0355055
15.94,1.52852
15.942,-2.4562
15.944,-0.386987
15.946,-3.60642
15.948,0.498721
15.95,1.93998
15.952,0.266439
15.954,-1.77401
15.956,-1.27356
15.958,-1.56862
15.96,1.94302
15.962,-3.66664
15.964,0.263009
15.966,-2.17941
15.968,-0.400206
15.97,-2.91138
15.972,-1.98594
15.974,-0.265328
15.976,0.0462365
15.978,3.56945
15.98,1.52645
15.982,2.1534
15.984,0.670139
15.986,4.04438
15.988,1.41135
15.99,1.6834
15.992,0.816936
15.994,2.59853
15.996,2.15844
15.998,-0.281079
16,3.189
16.002,0.733335
16.004,0.665744
16.006,-0.0674782
16.008,-2.52827
16.01,-1.75328
16.012,-1.1668
16.014,-2.21789
16.016,-2.61557
16.018,1.67991
16.02,0.209125
16.022,-0.0641077
16.024,-1.14865
16.026,1.86704
16.028,-3.03702
16.03,-3.24345
16.032,0.913885
16.034,0.0894755
16.036,-1.35024
16.038,-0.936517
16.04,-1.29269
16.042,-1.47398
16.044,2.46786
16.046,-0.788553
16.048,-0.371111
16.05,1.98692
16.052,-0.129191
16.054,-1.01238
16.056,-1.52877
16.058,0.377321
16.06,2.81495
16.062,-2.68526
16.064,-1.41303
16.066,-4.71935
16.068,0.80239
16.07,-2.36837
16.072,0.516098
16.074,-3.05836
16.076,-0.0218093
16.078,1.26228
16.08,1.73125
16.082,-1.07751
16.084,0.533156
16.086,2.4363
16.088,-3.22685
16.09,-3.71907
16.092,0.409835
16.094,1.8841
16.096,2.28329
16.098,-0.790188
16.1,-0.162705
16.102,0.859985
16.104,-2.36652
16.106,1.58613
16.108,-6.26072
16.11,0.766471
16.112,1.26041
16.114,0.727409
16.116,0.18646
16.118,-2.11359
16.12,-2.0468
16.122,0.27426
16.124,-0.382725
16.126,-5.11722
16.128,-1.08144
16.13,-2.141
16.132,0.0647714
16.134,-0.577902
16.136,1.39567
16.138,-0.79501
16.14,1.65467
16.142,-2.23621
16.144,-0.295329
16.146,1.38705
16.148,-0.411997
16.15,1.08945
16.152,0.695727
16.154,1.22674
16.156,-2.49602
16.158,4.14713
16.16,-1.33477
16.162,-0.925968
16.164,-2.47179
16.166,-2.52196
16.168,0.587296
16.17,-0.694514
16.172,-1.10397
16.174,-1.28828
16.176,-0.616559
16.178,0.0606006
16.18,-2.14337
16.182,-0.0122318
16.184,-2.17911
16.186,0.691241
16.188,-0.079602
16.19,-1.34436
16.192,-3.01013
16.194,-4.08174
16.196,0.555099
16.198,-0.175491
16.2,1.85898
16.202,2.48508
16.204,-1.83938
16.206,-1.43231
16.208,-2.18559
16.21,-2.38009
16.212,2.93718
16.214,1.75719
16.216,-1.16691
16.218,1.8801
16.22,-2.2436
16.222,-0.381332
16.224,-1.28394
16.226,0.0378496
16.228,-3.44263
16.23,-2.85167
16.232,2.30631
16.234,-2.61484
16.236,-1.92317
16.238,-0.142676
16.24,-0.828885
16.242,1.17649
16.244,-2.649
16.246,-0.915067
16.248,0.33762
16.25,-1.4469
16.252,4.53655
16.254,-0.650248
16.256,3.49776
16.258,5.63229
16.26,-0.0647369
16.262,0.932724
16.264,-1.68707
16.266,-1.13041
16.268,-0.595004
16.27,1.6971
16.272,2.66183
16.274,-0.771148
16.276,1.28439
16.278,-1.13856
16.28,-2.81943
16.282,-0.476928
16.284,2.41479
16.286,-1.42639
16.288,-0.111733
16.29,-0.827906
16.292,-2.50211
16.294,-1.02954
16.296,-3.83796
16.298,1.50124
16.3,0.0730259
16.302,-1.46468
16.304,1.08056
16.306,0.912547
16.308,-2.2658
16.31,0.875308
16.312,0.104553
16.314,1.23247
16.316,2.00863
16.318,-2.833
16.32,-0.404353
16.322,0.771216
16.324,1.31848
16.326,-0.159089
16.328,0.538433
16.33,-0.227164
16.332,1.66705
16.334,0.618586
16.336,0.618718
16.338,1.03221
16.34,0.984872
16.342,3.08128
16.344,-2.44793
16.346,-2.27718
16.348,1.74623
16.35,-2.95264
16.352,0.189101
16.354,0.204773
16.356,1.30053
16.358,-0.0602767
16.36,-3.48875
16.362,-1.00909
16.364,1.24786
16.366,2.0506
16.368,1.48864
16.37,4.96515
16.372,2.36519
16.374,-0.101991
16.376,-1.02867
16.378,1.02473
16.38,-0.426495
16.382,3.09095
16.384,-1.84952
16.386,0.95273
16.388,0.927588
16.39,1.71777
16.392,3.93532
16.394,1.36474
16.396,-0.318197
16.398,1.21165
16.4,-2.38218
16.402,6.81024
16.404,-2.0491
16.406,1.65448
16.408,-0.851665
16.41,-2.65868
16.412,-1.45019
16.414,-0.912317
16.416,-1.59876
16.418,2.05783
16.42,0.493878
16.422,-0.764581
16.424,1.43427
16.426,0.370179
16.428,-3.79773
16.43,4.77982
16.432,-1.37564
16.434,0.169699
16.436,0.272345
16.438,2.40334
16.44,-1.81635
16.442,-2.59049
16.444,6.76651
16.446,1.2936
16.448,-0.240231
16.45,2.05142
16.452,-1.6674
16.454,-2.18994
16.456,-0.198813
16.458,3.18713
16.46,-2.23592
16.462,0.183984
16.464,-2.71904
16.466,-3.21915
16.468,-2.00398
16.47,1.63557
16.472,0.212123
16.474,-1.40947
16.476,-3.26668
16.478,-5.49656
16.48,-2.47939
16.482,-2.2159
16.484,0.856624
16.486,0.931942
16.488,-0.233569
16.49,-0.0780676
16.492,0.884706
16.494,-3.71338
16.496,-2.09558
16.498,-1.24587
16.5,0.364541
16.502,0.331821
16.504,1.52914
16.506,-0.985942
16.508,-1.06013
16.51,-1.20568
16.512,-0.186173
16.514,-0.417406
16.516,-1.00825
16.518,3.02427
16.52,0.77378
16.522,0.243417
16.524,0.890738
16.526,2.06858
16.528,-2.03706
16.53,-1.67226
16.532,2.38947
16.534,-3.78144
16.536,-4.17347
16.538,0.512004
16.54,-1.58131
16.542,2.60981
16.544,-0.47226
16.546,-6.32975
16.548,-1.9195
16.55,-1.89145
16.552,4.19817
16.554,-1.31784
16.556,-4.05523
16.558,-0.62059
16.56,0.53404
16.562,2.57954
16.564,1.25155
16.566,0.196497
16.568,4.17957
16.57,-0.235135
16.572,-0.595765
16.574,0.0858624
16.576,-0.222345
16.578,1.36635
16.58,1.97527
16.582,2.32214
16.584,-0.309401
16.586,-0.715246
16.588,0.177969
16.59,-0.639032
16.592,-0.988566
16.594,-3.10526
16.596,-3.34725
16.598,-2.21668
16.6,-1.84494
16.602,-1.94307
16.604,1.75437
16.606,0.131817
16.608,-0.547037
16.61,-3.64947
16.612,-1.42708
16.614,1.25439
16.616,-0.54648
16.618,0.207477
16.62,1.53587
16.622,2.60463
16.624,1.86383
16.626,3.61771
16.628,1.81361
16.63,-0.0575307
16.632,3.0568
16.634,-3.2304
16.636,0.162266
16.638,2.49292
16.64,-1.9167
16.642,4.28619
16.644,3.58753
16.646,-0.476774
16.648,2.46949
16.65,-1.28604
16.652,0.3485
16.654,3.90713
16.656,-4.53332
16.658,1.51649
16.66,-1.25987
16.662,1.17932
16.664,-1.02469
16.666,-0.167919
16.668,-1.6279
16.67,0.0209645
16.672,-0.26442
16.674,-2.74385
16.676,0.753892
16.678,1.25207
16.68,2.53378
16.682,-0.316987
16.684,-2.94165
16.686,-2.0178
16.688,-1.38054
16.69,-4.36015
16.692,-2.56122
16.694,-3.58657
16.696,-1.70295
16.698,-1.10727
16.7,-2.69857
16.702,-1.56729
16.704,-0.0562904
16.706,1.26277
16.708,1.3426
16.71,2.10857
16.712,0.0466333
16.714,1.42996
16.716,0.517105
16.718,1.86242
16.72,-1.10471
16.722,0.953046
16.724,3.48202
16.726,1.24817
16.728,1.1047
16.73,-0.691195
16.732,-3.65075
16.734,-1.52019
16.736,0.123605
16.738,1.00097
16.74,1.64156
16.742,-2.30718
16.744,-2.62552
16.746,-1.491
16.748,-1.11601
16.75,-0.442873
16.752,-1.20312
16.754,-1.89814
16.756,-1.00413
16.758,-1.19547
16.76,-0.0902344
16.762,-2.10169
16.764,-2.90493
16.766,0.875014
16.768,-1.22221
16.77,-3.40303
16.772,1.63566
16.774,1.94662
16.776,-1.3138
16.778,3.89815
16.78,1.94177
16.782,-4.23519
16.784,0.575904
16.786,1.09826
16.788,0.635237
16.79,-0.0452712
16.792,-1.86085
16.794,-1.10023
16.796,-1.20145
16.798,-0.121804
16.8,3.55315
16.802,3.27338
16.804,-1.44495
16.806,-0.283925
16.808,-2.80205
16.81,3.43434
16.812,-1.71715
16.814,0.0361963
16.816,1.2078
16.818,0.132166
16.82,1.1298
16.822,2.66219
16.824,1.11146
16.826,2.51109
16.828,2.20925
16.83,-2.39365
16.832,1.97234
16.834,-0.700546
16.836,-0.415227
16.838,0.895787
16.84,2.46922
16.842,1.37731
16.844,-1.02248
16.846,-0.974016
16.848,-0.557546
16.85,-2.14729
16.852,-1.98527
16.854,-1.05506
16.856,-0.24234
16.858,0.0299986
16.86,-3.52295
16.862,3.35095
16.864,0.243902
16.866,1.12189
16.868,-1.72253
16.87,1.47385
16.872,-2.65098
16.874,1.0069
16.876,-0.599625
16.878,-3.03048
16.88,-1.1858
16.882,1.18516
16.884,-3.83848
16.886,0.972776
16.888,-1.1026
16.89,-0.235318
16.892,-0.87566
16.894,0.733321
16.896,1.17973
16.898,-1.17817
16.9,-1.26303
16.902,-2.23117
16.904,-6.64405
16.906,-0.405195
16.908,-3.95162
16.91,-1.04626
16.912,-0.210697
16.914,-2.33026
16.916,-0.427732
16.918,0.348072
16.92,-1.37185
16.922,2.29361
16.924,-0.844331
16.926,-3.959
16.928,1.68931
16.93,-1.21911
16.932,3.83362
16.934,3.38882
16.936,2.1828
16.938,-0.535116
16.94,0.961381
16.942,2.54295
16.944,0.533533
16.946,-1.12935
16.948,-0.237603
16.95,1.01671
16.952,-0.257545
16.954,1.52029
16.956,-0.429418
16.958,2.52366
16.96,-0.656148
16.962,1.72522
16.964,-1.17878
16.966,0.134547
16.968,-1.00437
16.97,3.18675
16.972,2.91779
16.974,0.765672
16.976,-0.973574
16.978,0.577014
16.98,-1.57891
16.982,-0.265715
16.984,3.1444
16.986,1.37053
16.988,1.76971
16.99,2.89142
16.992,1.50598
16.994,-0.0088519
16.996,-0.559242
16.998,-4.21732
17,1.97597
17.002,2.68043
17.004,1.659
17.006,0.620415
17.008,0.0492461
17.01,-1.06949
17.012,-0.476386
17.014,-1.1715
17.016,-0.373401
17.018,-1.73265
17.02,-1.21299
17.022,-1.62361
17.024,-1.59412
17.026,0.220904
17.028,-0.248684
17.03,3.32829
17.032,3.56984
17.034,-1.73621
17.036,0.469079
17.038,1.03666
17.04,1.37209
17.042,2.36864
17.044,-1.43647
17.046,-0.742977
17.048,-2.65479
17.05,-1.73914
17.052,0.903789
17.054,-0.527359
17.056,-1.04819
17.058,-2.44512
17.06,0.851485
17.062,1.4368
17.064,-1.51235
17.066,0.759056
17.068,-2.17992
17.07,-0.628899
17.072,-1.59304
17.074,-1.95971
17.076,-0.164195
17.078,1.3826
17.08,-3.74701
17.082,-2.23573
17.084,-6.27413
17.086,-1.00925
17.088,-1.44007
17.09,-0.756805
17.092,-2.68991
17.094,0.190147
17.096,-1.77083
17.098,2.66788
17.1,0.375353
17.102,0.922959
17.104,-0.568413
17.106,3.06307
17.108,2.05751
17.11,-2.00552
17.112,0.625908
17.114,-0.636532
17.116,2.71803
17.118,1.34918
17.12,0.898753
17.122,-2.8101
17.124,-1.30388
17.126,-1.21257
17.128,-1.62696
17.13,-0.845926
17.132,0.506138
17.134,1.05641
17.136,-0.838705
17.138,-0.610803
17.14,1.56976
17.142,1.95295
17.144,-2.73188
17.146,-1.03074
17.148,0.818022
17.15,-2.6028
17.152,-1.62893
17.154,2.07613
17.156,1.60569
17.158,0.134307
17.16,1.87256
17.162,-0.362037
17.164,-0.125833
17.166,-1.00336
17.168,0.619128
17.17,2.29854
17.172,0.929649
17.174,-0.728949
17.176,-1.06871
17.178,-1.41145
17.18,-2.89368
17.182,2.46677
17.184,-0.928842
17.186,1.25361
17.188,2.58269
17.19,0.743669
17.192,0.905266
17.194,1.49874
17.196,2.77717
17.198,-0.714409
17.2,-0.37888
17.202,0.265446
17.204,1.58436
17.206,0.501721
17.208,0.85854
17.21,2.1711
17.212,-1.47912
17.214,0.601061
17.216,-1.63094
17.218,2.20202
17.22,2.45542
17.222,2.81234
17.224,-2.88318
17.226,1.65247
17.228,-0.660572
17.23,0.196642
17.232,0.743518
17.234,-1.62388
17.236,-0.6853
17.238,2.02842
17.24,-0.72206
17.242,-1.53566
17.244,3.4009
17.246,1.08527
17.248,-2.21912
17.25,-2.50436
17.252,1.51341
17.254,-1.46901
17.256,-1.27031
17.258,-1.32191
17.26,0.480299
17.262,-1.16788
17.264,0.865743
17.266,2.69261
17.268,-2.97855
17.27,-1.22114
17.272,-0.520458
17.274,-0.2167
17.276,-1.64314
17.278,-0.330757
17.28,-2.65838
17.282,0.471163
17.284,2.75211
17.286,-2.1245
17.288,-3.05473
17.29,0.834131
17.292,-2.94319
17.294,-1.76774
17.296,-0.0884964
17.298,-2.13582
17.3,-2.77861
17.302,-0.850878
17.304,-1.00998
17.306,3.2739
17.308,4.18584
17.31,-0.374475
17.312,-1.39809
17.314,-1.42856
17.316,-3.08417
17.318,-2.14925
17.32,-3.05365
17.322,2.27229
17.324,-2.84833
17.326,-0.873074
17.328,0.290559
17.33,1.75994
17.332,-1.80982
17.334,-1.74946
17.336,1.68063
17.338,2.50218
17.34,-0.329019
17.342,-2.6603
17.344,0.178667
17.346,1.11921
17.348,-0.92736
17.35,-2.50672
17.352,-0.11889
17.354,-0.177337
17.356,0.642681
17.358,-0.544145
17.36,2.60262
17.362,0.441447
17.364,0.186394
17.366,-0.38284
17.368,0.246288
17.37,-0.315681
17.372,-3.1472
17.374,1.28138
17.376,-1.63304
17.378,-1.50679
17.38,2.03094
17.382,-0.103576
17.384,1.16243
17.386,-0.440848
17.388,0.684544
17.39,1.87287
17.392,1.09966
17.394,-0.752323
17.396,-0.428779
17.398,2.02293
17.4,0.702653
17.402,-0.639669
17.404,-1.56172
17.406,2.95988
17.408,0.795451
17.41,-2.34391
17.412,-0.236797
17.414,-2.62237
17.416,3.85115
17.418,-0.537647
17.42,0.588295
17.422,-0.741463
17.424,0.688192
17.426,-3.67077
17.428,-2.3794
17.43,3.876
17.432,1.20617
17.434,2.31782
17.436,-1.59569
17.438,-0.709779
17.44,0.0335222
17.442,-1.86321
17.444,0.265419
17.446,-2.20319
17.448,-1.86849
17.45,0.324321
17.452,-0.104242
17.454,-0.575433
17.456,-2.55295
17.458,-3.0781
17.46,-0.196357
17.462,3.3209
17.464,-3.2854
17.466,-0.557219
17.468,0.00336091
17.47,0.728915
17.472,1.79861
17.474,0.201382
17.476,-3.18625
17.478,-1.44269
17.48,-3.98093
17.482,-0.811941
17.484,1.30582
17.486,-0.5667
17.488,-2.99269
17.49,0.065243
17.492,-0.0414487
17.494,-0.0516991
17.496,-0.124271
17.498,-3.21203
17.5,-0.853336
17.502,-4.27668
17.504,0.16509
17.506,1.74668
17.508,-1.82204
17.51,2.45238
17.512,-2.33666
17.514,1.42053
17.516,3.02029
17.518,0.153438
17.52,-2.23786
17.522,-3.59712
17.524,0.3077
17.526,-2.23969
17.528,1.84326
17.53,2.12953
17.532,-4.57361
17.534,-1.96824
17.536,2.8544
17.538,-0.245218
17.54,-1.68933
17.542,0.45466
17.544,-2.95722
17.546,-3.71149
17.548,-0.397223
17.55,2.28706
17.552,-2.61024
17.554,-2.15658
17.556,-1.13523
17.558,-1.00048
17.56,0.478661
17.562,0.373479
17.564,2.3728
17.566,-1.83303
17.568,0.251772
17.57,1.57103
17.572,3.86168
17.574,1.30388
17.576,0.776729
17.578,2.5782
17.58,0.515206
17.582,1.16469
17.584,0.317296
17.586,0.149813
17.588,1.069
17.59,0.573838
17.592,-0.473474
17.594,2.03829
17.596,-0.765668
17.598,-2.63051
17.6,3.59103
17.602,1.88108
17.604,0.269668
17.606,-1.15704
17.608,-2.55191
17.61,2.29043
17.612,2.04966
17.614,-1.01466
17.616,-2.71803
17.618,-4.57235
17.62,0.480929
17.622,2.19302
17.624,0.502713
17.626,-0.570735
17.628,1.69562
17.63,1.1027
17.632,-1.1183
17.634,1.94116
17.636,1.40647
17.638,-0.231502
17.64,3.46362
17.642,1.32053
17.644,-0.345451
17.646,3.0744
17.648,0.733237
17.65,3.02849
17.652,0.852496
17.654,1.67886
17.656,0.835598
17.658,5.08303
17.66,-0.495096
17.662,-0.420197
17.664,-0.86147
17.666,2.70598
17.668,0.00360298
17.67,-1.62385
17.672,-2.90374
17.674,2.22574
17.676,-1.23825
17.678,-2.82635
17.68,-0.605695
17.682,0.666954
17.684,3.61818
17.686,0.401031
17.688,0.666666
17.69,-3.24233
17.692,-1.96201
17.694,-2.42691
17.696,-3.49905
17.698,2.69315
17.7,-1.18199
17.702,2.29263
17.704,0.544464
17.706,0.550237
17.708,-0.959808
17.71,-1.63721
17.712,1.42246
17.714,-1.50554
17.716,0.149693
17.718,-2.11769
17.72,-1.06509
17.722,0.743266
17.724,0.725817
17.726,3.81009
17.728,-1.16714
17.73,-1.9862
17.732,-0.589607
17.734,1.40251
17.736,0.538143
17.738,1.24757
17.74,2.36458
17.742,-2.29647
17.744,-0.195696
17.746,-1.11276
17.748,1.67356
17.75,2.53923
17.752,-0.601231
17.754,-2.39983
17.756,-1.00653
17.758,-2.30556
17.76,-0.319715
17.762,-1.54917
17.764,-0.491628
17.766,-3.07649
17.768,-2.05287
17.77,-1.21971
17.772,-5.54521
17.774,-1.3287
17.776,-1.0739
17.778,-2.88166
17.78,1.29198
17.782,-2.89915
17.784,-4.8557
17.786,0.282658
17.788,1.05034
17.79,-3.11346
17.792,2.77901
17.794,0.0795063
17.796,0.967524
17.798,1.77458
17.8,-0.534835
17.802,1.14978
17.804,-1.74014
17.806,-1.94462
17.808,-3.69277
17.81,0.769132
17.812,0.345143
17.814,-1.40234
17.816,1.55341
17.818,-0.331157
17.82,2.101
17.822,2.40663
17.824,4.87053
17.826,1.00418
17.828,0.387873
17.83,-4.10321
17.832,0.971435
17.834,2.73426
17.836,0.122819
17.838,1.50389
17.84,-0.183403
17.842,0.0524138
17.844,-0.453355
17.846,-1.87661
17.848,-2.38537
17.85,-2.80322
17.852,-1.38329
17.854,5.69984
17.856,-0.880586
17.858,-0.113989
17.86,0.861364
17.862,-2.34518
17.864,3.82776
17.866,1.88657
17.868,0.0699058
17.87,1.10703
17.872,1.11258
17.874,0.685365
17.876,1.20086
17.878,-3.65735
17.88,-0.319639
17.882,1.58949
17.884,0.200558
17.886,-1.70017
17.888,-1.87946
17.89,-0.639459
17.892,-2.20523
17.894,-0.23201
17.896,1.37219
17.898,-3.43721
17.9,-1.51168
17.902,0.0238751
17.904,-0.73526
17.906,0.486373
17.908,0.0921056
17.91,1.58228
17.912,1.05418
17.914,-3.19965
17.916,-3.8508
17.918,-3.25267
17.92,0.821734
17.922,1.02142
17.924,-3.01921
17.926,1.10562
17.928,-0.148825
17.93,-3.20493
17.932,-0.527443
17.934,2.83691
17.936,2.14233
17.938,3.47854
17.94,3.28182
17.942,0.307404
17.944,-2.31713
17.946,3.0915
17.948,-3.90632
17.95,2.12054
17.952,-1.10781
17.954,-0.471695
17.956,-0.547862
17.958,1.61466
17.96,1.15358
17.962,-0.0168855
17.964,-0.456191
17.966,-2.2753
17.968,-1.62817
17.97,2.33426
17.972,1.19518
17.974,-0.47486
17.976,1.62587
17.978,-0.000753573
17.98,1.8992
17.982,1.49996
17.984,2.98505
17.986,1.48837
17.988,-2.93203
17.99,2.29695
17.992,0.37517
17.994,-0.45564
17.996,-1.08875
17.998,2.49626
18,-1.37155
18.002,1.88914
18.004,1.68235
18.006,-0.583437
18.008,0.948933
18.01,-0.702532
18.012,2.75731
18.014,-1.31235
18.016,-1.52218
18.018,0.0121305
18.02,0.649658
18.022,-1.11437
18.024,1.68459
18.026,-1.6084
18.028,-0.761766
18.03,-1.01945
18.032,-1.8602
18.034,2.42848
18.036,-0.561837
18.038,3.00554
18.04,0.366254
18.042,4.51309
18.044,-0.571132
18.046,-2.19542
18.048,-2.14049
18.05,-0.514879
18.052,-3.32471
18.054,0.764409
18.056,2.15112
18.058,0.813047
18.06,-0.682903
18.062,-0.309762
18.064,-2.85042
18.066,1.6952
18.068,1.15308
18.07,0.000547618
18.072,2.21451
18.074,-0.20342
18.076,1.82973
18.078,-1.2214
18.08,0.313075
18.082,0.120301
18.084,1.52194
18.086,1.67703
18.088,2.39852
18.09,2.39279
18.092,2.04674
18.094,0.99822
18.096,-1.81044
18.098,-1.72802
18.1,-5.97702
18.102,-1.40702
18.104,-1.66842
18.106,-0.790108
18.108,2.26148
18.11,0.0251887
18.112,0.291522
18.114,-3.13012
18.116,-4.7088
18.118,-2.37996
18.12,-0.104279
18.122,0.484183
18.124,-0.427871
18.126,-1.80756
18.128,2.86123
18.13,4.06757
18.132,-1.10262
18.134,0.850457
18.136,2.354
18.138,-3.43005
18.14,-0.446165
18.142,-4.7308
18.144,0.64269
18.146,1.70299
18.148,-0.258303
18.15,-0.0346262
18.152,1.56116
18.154,-0.262733
18.156,-0.384979
18.158,2.06572
18.16,2.17815
18.162,2.5499
18.164,3.31344
18.166,1.94533
18.168,3.81141
18.17,-1.54411
18.172,1.09393
18.174,-1.08031
18.176,-1.10897
18.178,-0.301367
18.18,-0.595092
18.182,2.61834
18.184,-0.946208
18.186,0.38346
18.188,-1.53286
18.19,-0.438401
18.192,2.23798
18.194,-0.405164
18.196,0.208152
18.198,-2.45068
18.2,-1.63486
18.202,2.10268
18.204,-2.01552
18.206,-3.23558
18.208,-1.27425
18.21,-0.256355
18.212,-2.17107
18.214,-3.17756
18.216,-2.73581
18.218,-1.23076
18.22,-0.470272
18.222,-0.317752
18.224,-0.780042
18.226,-1.437
18.228,4.80346
18.23,-3.26488
18.232,-1.27305
18.234,2.16275
18.236,-1.2456
18.238,0.62305
18.24,-1.81601
18.242,-0.0619648
18.244,-0.692711
18.246,-1.22011
18.248,-1.53241
18.25,0.242943
18.252,-0.0182178
18.254,-2.56754
18.256,0.715081
18.258,-5.58562
18.26,-0.709165
18.262,-0.288741
18.264,-2.50342
18.266,-1.40663
18.268,-2.30546
18.27,-0.229961
18.272,0.645211
18.274,1.08045
18.276,-3.5165
18.278,2.51278
18.28,1.32771
18.282,2.70004
18.284,-1.83883
18.286,-0.312956
18.288,0.178649
18.29,-2.1437
18.292,1.00076
18.294,-0.0357845
18.296,-1.11482
18.298,0.771538
18.3,-0.841218
18.302,-1.49952
18.304,2.69871
18.306,-3.63805
18.308,-2.66153
18.31,-0.525904
18.312,0.127854
18.314,1.45533
18.316,-0.896094
18.318,0.567035
18.32,-0.353461
18.322,0.432617
18.324,1.18151
18.326,2.21663
18.328,0.297124
18.33,0.963224
18.332,2.87087
18.334,4.01358
18.336,1.46899
18.338,1.70852
18.34,2.68618
18.342,1.44553
18.344,3.60063
18.346,-0.528002
18.348,0.856865
18.35,1.19485
18.352,1.07798
18.354,-0.14596
18.356,-1.86115
18.358,1.05184
18.36,-1.13979
18.362,2.32121
18.364,1.40348
18.366,-5.16208
18.368,-0.923492
18.37,-2.14096
18.372,-3.64639
18.374,1.4783
18.376,0.314867
18.378,-2.80252
18.38,-1.17561
18.382,-1.32874
18.384,-0.885435
18.386,-0.914282
18.388,-2.52086
18.39,1.20724
18.392,-0.994635
18.394,-0.987854
18.396,1.26815
18.398,0.604139
18.4,0.44557
18.402,0.563138
18.404,2.86257
18.406,2.07873
18.408,3.09918
18.41,0.943238
18.412,-1.49084
18.414,0.806011
18.416,0.148327
18.418,2.34023
18.42,5.09253
18.422,0.472838
18.424,1.66447
18.426,-0.721489
18.428,-0.729939
18.43,-2.06845
18.432,0.0233343
18.434,-2.19418
18.436,-0.402246
18.438,-2.10559
18.44,-3.64321
18.442,-2.80655
18.444,-0.853018
18.446,-1.21626
18.448,0.987499
18.45,-2.26309
18.452,-0.756714
18.454,-2.10844
18.456,-2.45472
18.458,-1.18003
18.46,-3.89941
18.462,-2.66378
18.464,-1.28274
18.466,4.15059
18.468,-0.497809
18.47,0.262745
18.472,-0.638351
18.474,1.45126
18.476,-2.0294
18.478,-1.60975
18.48,2.37286
18.482,1.23389
18.484,-3.22729
18.486,0.82692
18.488,-2.38595
18.49,0.169552
18.492,0.859216
18.494,4.39407
18.496,-0.759483
18.498,4.82178
18.5,0.329381
18.502,0.695492
18.504,2.30742
18.506,0.704292
18.508,3.26424
18.51,2.17832
18.512,2.28743
18.514,-2.27728
18.516,2.72916
18.518,0.762985
18.52,0.160982
18.522,-3.15974
18.524,-3.01322
18.526,2.58218
18.528,0.160504
18.53,-1.87448
18.532,1.94332
18.534,0.809583
18.536,1.07698
18.538,0.844835
18.54,-1.92317
18.542,0.20476
18.544,0.0623808
18.546,-3.94355
18.548,0.933476
18.55,0.869532
18.552,-0.174171
18.554,-1.6996
18.556,0.736849
18.558,-3.41992
18.56,0.0612618
18.562,0.0330444
18.564,-3.9814
18.566,2.04977
18.568,2.99371
18.57,-0.184555
18.572,-1.28119
18.574,0.0813664
18.576,1.34039
18.578,2.60647
18.58,0.1499
18.582,1.90797
18.584,-1.35327
18.586,-0.00259783
18.588,1.20081
18.59,-0.488897
18.592,5.39687
18.594,-4.01002
18.596,1.77001
18.598,2.0572
18.6,1.11981
18.602,0.347704
18.604,3.29918
18.606,-0.9402
18.608,-0.797942
18.61,-3.03881
18.612,3.10497
18.614,1.04669
18.616,-0.843508
18.618,2.0135
18.62,0.382634
18.622,0.591309
18.624,-0.384499
18.626,0.301286
18.628,2.72647
18.63,0.725454
18.632,-2.79348
18.634,-1.56852
18.636,-2.6323
18.638,-1.93591
18.64,-3.46101
18.642,-0.13666
18.644,-0.588368
18.646,-0.880511
18.648,0.47615
18.65,-4.61005
18.652,3.23107
18.654,-0.467762
18.656,-3.25158
18.658,0.686521
18.66,-1.6283
18.662,3.17955
18.664,-0.667699
18.666,0.926839
18.668,1.62864
18.67,-0.0568441
18.672,0.718715
18.674,0.0165086
18.676,-0.737736
18.678,-0.917389
18.68,-2.68726
18.682,0.536224
18.684,0.349451
18.686,3.40832
18.688,1.8266
18.69,-3.03308
18.692,-6.1495
18.694,1.79087
18.696,-0.474005
18.698,-0.649308
18.7,2.53575
18.702,-2.60791
18.704,0.207076
18.706,0.433214
18.708,-2.99331
18.71,-2.01848
18.712,-2.71253
18.714,3.01714
18.716,3.84083
18.718,0.453338
18.72,2.50021
18.722,2.00838
18.724,1.3831
18.726,2.06989
18.728,2.01795
18.73,-0.644921
18.732,-0.56497
18.734,4.4348
18.736,-0.60176
18.738,-0.0103378
18.74,3.11915
18.742,2.11519
18.744,-0.240826
18.746,0.347945
18.748,0.179012
18.75,1.8091
18.752,-1.38863
18.754,0.879095
18.756,-0.213554
18.758,1.64039
18.76,-2.54865
18.762,-0.110072
18.764,-1.19266
18.766,-0.0442635
18.768,-1.90529
18.77,3.35434
18.772,1.55869
18.774,-2.30824
18.776,2.86311
18.778,2.68939
18.78,-2.41233
18.782,-3.77814
18.784,-2.47799
18.786,-2.62435
18.788,-3.73111
18.79,-1.89877
18.792,-3.26659
18.794,-1.64108
18.796,1.00074
18.798,-1.99987
18.8,-0.0725882
18.802,0.414955
18.804,0.620436
18.806,0.393024
18.808,1.7444
18.81,-0.908461
18.812,0.870841
18.814,-0.261754
18.816,-1.52613
18.818,-2.74911
18.82,0.664402
18.822,-6.76916
18.824,-2.57722
18.826,0.675027
18.828,1.84214
18.83,-1.8258
18.832,-2.74436
18.834,-4.39954
18.836,-1.67537
18.838,1.51713
18.84,-0.445244
18.842,1.35489
18.844,2.05893
18.846,-0.676416
18.848,1.76615
18.85,2.30834
18.852,-0.523227
18.854,2.05127
18.856,-0.241371
18.858,-1.29868
18.86,0.844919
18.862,-3.18549
18.864,-0.075624
18.866,-3.93563
18.868,2.83687
18.87,1.4144
18.872,1.53952
18.874,-0.48442
18.876,1.92082
18.878,-0.913248
18.88,1.84338
18.882,2.12939
18.884,-2.27205
18.886,1.30586
18.888,-0.726751
18.89,-1.67359
18.892,-0.0459212
18.894,-1.23999
18.896,2.45683
18.898,0.467227
18.9,1.9843
18.902,-0.731777
18.904,-1.21597
18.906,0.512523
18.908,-1.21702
18.91,0.0965016
18.912,-0.922242
18.914,-2.73066
18.916,-1.71402
18.918,1.2472
18.92,1.2405
18.922,0.616336
18.924,2.23125
18.926,-1.84741
18.928,1.03056
18.93,-3.25219
18.932,-2.04036
18.934,1.23198
18.936,-2.94063
18.938,-0.567837
18.94,1.53684
18.942,0.00193375
18.944,0.209475
18.946,1.19699
18.948,2.96222
18.95,0.19272
18.952,3.61664
18.954,-0.925445
18.956,1.11553
18.958,0.525842
18.96,2.21087
18.962,-1.89802
18.964,1.22791
18.966,0.200049
18.968,-0.33011
18.97,-4.87279
18.972,-1.39289
18.974,-1.05319
18.976,1.00252
18.978,1.14875
18.98,-2.26097
18.982,-2.08237
18.984,1.81959
18.986,-1.90542
18.988,0.69165
18.99,-1.38072
18.992,-0.235575
18.994,1.81574
18.996,1.17357
18.998,-2.55107
19,0.15954
19.002,-2.82175
19.004,-1.01914
19.006,-0.914347
19.008,1.99659
19.01,-3.28322
19.012,0.486497
19.014,-3.49717
19.016,1.64392
19.018,0.686627
19.02,-1.16762
19.022,-1.37876
19.024,-2.26072
19.026,0.597154
19.028,1.81882
19.03,2.57602
19.032,1.75172
19.034,0.0817486
19.036,0.191528
19.038,2.21694
19.04,2.71008
19.042,0.826755
19.044,1.15163
19.046,0.248093
19.048,3.37274
19.05,1.14775
19.052,1.40021
19.054,0.461595
19.056,2.3813
19.058,0.356329
19.06,-1.81352
19.062,-1.40323
19.064,0.447383
19.066,0.654922
19.068,3.3587
19.07,-0.910744
19.072,1.14043
19.074,-1.0703
19.076,-1.29556
19.078,-0.433561
19.08,1.78527
19.082,0.267134
19.084,-1.34015
19.086,-2.72953
19.088,1.49942
19.09,-4.10492
19.092,2.68532
19.094,0.538091
19.096,0.240961
19.098,0.0386096
19.1,1.22632
19.102,-0.0302032
19.104,1.82073
19.106,1.93231
19.108,-0.526422
19.11,1.89537
19.112,-5.80436
19.114,-2.73024
19.116,3.90468
19.118,-1.01709
19.12,-2.52129
19.122,2.43589
19.124,-1.47584
19.126,1.1674
19.128,-4.42791
19.13,2.67707
19.132,4.71391
19.134,-1.90121
19.136,2.28726
19.138,-2.03095
19.14,3.20647
19.142,-2.13374
19.144,1.82717
19.146,1.11061
19.148,-3.00811
19.15,4.39858
19.152,-0.148563
19.154,-1.06367
19.156,-1.81829
19.158,-1.34668
19.16,-0.648601
19.162,-2.32087
19.164,-0.283065
19.166,-4.51801
19.168,1.21251
19.17,-2.33969
19.172,-2.43737
19.174,0.216844
19.176,-1.10363
19.178,0.030426
19.18,-1.5529
19.182,-2.17229
19.184,-2.91241
19.186,-1.13323
19.188,-3.61785
19.19,-2.59908
19.192,0.106403
19.194,-1.76257
19.196,-3.4226
19.198,-1.29533
19.2,0.143857
19.202,-1.28562
19.204,-0.184001
19.206,5.42048
19.208,-0.964279
19.21,2.18034
19.212,-0.0050571
19.214,-0.772535
19.216,1.29299
19.218,-0.619769
19.22,-2.21507
19.222,-1.00234
19.224,2.87917
19.226,1.18141
19.228,0.951884
19.23,-3.83317
19.232,0.44208
19.234,-4.56446
19.236,2.69514
19.238,0.595939
19.24,-1.20744
19.242,0.665373
19.244,0.941478
19.246,0.928513
19.248,0.584335
19.25,-1.36961
19.252,-1.15336
19.254,2.5409
19.256,4.89473
19.258,5.07957
19.26,3.3633
19.262,1.31295
19.264,0.949328
19.266,1.34444
19.268,2.95114
19.27,4.2013
19.272,-0.361531
19.274,1.03315
19.276,-0.507296
19.278,1.20909
19.28,2.99532
19.282,-2.76444
19.284,2.76198
19.286,-2.22589
19.288,-3.60932
19.29,1.12198
19.292,-0.53006
19.294,-2.13014
19.296,0.401392
19.298,-1.6713
19.3,0.312188
19.302,1.15282
19.304,-0.0224978
19.306,2.3477
19.308,-0.569409
19.31,2.7962
19.312,-1.97577
19.314,-0.46748
19.316,-3.97188
19.318,-0.645303
19.32,2.65868
19.322,-2.87012
19.324,1.99185
19.326,-1.96789
19.328,-0.538957
19.33,0.131567
19.332,-3.51005
19.334,3.79216
19.336,-0.435703
19.338,-1.56512
19.34,2.80876
19.342,-2.17263
19.344,1.50587
19.346,0.426815
19.348,-0.825704
19.35,-3.52052
19.352,0.943331
19.354,-4.46054
19.356,-0.828938
19.358,-1.06102
19.36,0.0517696
19.362,-0.203262
19.364,-0.875686
19.366,2.0884
19.368,0.698274
19.37,-0.312028
19.372,-1.26437
19.374,0.0259704
19.376,-1.90665
19.378,1.43583
19.38,1.27245
19.382,-0.515881
19.384,-0.884933
19.386,0.166729
19.388,-3.20714
19.39,-0.331703
19.392,-1.56471
19.394,2.03011
19.396,-1.7989
19.398,-0.0874755
19.4,0.429809
19.402,0.977357
19.404,2.71665
19.406,1.97552
19.408,-1.00913
19.41,0.535955
19.412,2.1947
19.414,-0.951245
19.416,2.16866
19.418,-1.86166
19.42,-1.89017
19.422,-4.57936
19.424,0.636342
19.426,4.21697
19.428,3.77299
19.43,-0.841712
19.432,0.286328
19.434,0.702044
19.436,-0.477693
19.438,3.17213
19.44,-1.67611
19.442,0.105467
19.444,1.00507
19.446,-0.1293
19.448,2.64588
19.45,0.44809
19.452,-0.026618
19.454,-0.816271
19.456,-0.70332
19.458,0.0394904
19.46,2.95254
19.462,3.57276
19.464,1.42569
19.466,2.51999
19.468,-0.7285
19.47,-2.2132
19.472,1.74379
19.474,-0.272234
19.476,-2.27576
19.478,0.356213
19.48,-1.79039
19.482,-2.32573
19.484,-0.430713
19.486,0.929392
19.488,-2.87612
19.49,-2.1378
19.492,1.37662
19.494,-2.37546
19.496,-1.10604
19.498,0.203211
19.5,0.155203
19.502,-2.54698
19.504,-2.09782
19.506,1.27524
19.508,-1.15036
19.51,0.206966
19.512,-1.07586
19.514,2.62639
19.516,0.417713
19.518,-1.13344
19.52,-2.61588
19.522,0.168831
19.524,-2.2957
19.526,-0.33658
19.528,-2.11312
19.53,-1.08677
19.532,0.291748
19.534,-1.40981
19.536,1.56677
19.538,-1.37281
19.54,-1.2086
19.542,0.292261
19.544,-2.24039
19.546,0.881445
19.548,0.194051
19.55,0.687119
19.552,-2.29933
19.554,-3.75749
19.556,-0.094813
19.558,-1.88005
19.56,0.676265
19.562,-5.50914
19.564,0.35988
19.566,2.81984
19.568,0.952711
19.57,3.414
19.572,2.02767
19.574,1.67824
19.576,-2.0711
19.578,0.477169
19.58,-0.645518
19.582,-0.676892
19.584,-2.03684
19.586,0.551336
19.588,-0.898221
19.59,-1.12081
19.592,-0.037545
19.594,-0.856644
19.596,-0.578717
19.598,-0.715914
19.6,-0.991872
19.602,3.38843
19.604,-1.31663
19.606,-0.363527
19.608,-1.27963
19.61,-1.816
19.612,-0.0696346
19.614,-0.276622
19.616,-5.29326
19.618,-1.22659
19.62,-1.52448
19.622,-1.33378
19.624,-2.93174
19.626,-0.00478996
19.628,-4.21537
19.63,0.455699
19.632,-2.80787
19.634,1.39386
19.636,-0.337802
19.638,-0.986865
19.64,-0.294636
19.642,0.488071
19.644,1.60894
19.646,2.0548
19.648,0.694372
19.65,4.53505
19.652,3.28648
19.654,1.15055
19.656,-3.39804
19.658,0.973472
19.66,-0.457001
19.662,2.35067
19.664,-0.794344
19.666,-0.122384
19.668,0.96898
19.67,1.55212
19.672,4.536
19.674,0.998109
19.676,2.16501
19.678,-2.37756
19.68,2.13985
19.682,-3.53334
19.684,2.47751
19.686,2.00611
19.688,1.09727
19.69,3.15116
19.692,0.944269
19.694,1.99418
19.696,2.50646
19.698,3.01447
19.7,-1.25295
19.702,-2.72066
19.704,0.163449
19.706,-0.0382073
19.708,1.19297
19.71,-1.59491
19.712,0.117747
19.714,-1.04771
19.716,0.376646
19.718,0.368108
19.72,1.12882
19.722,-4.08012
19.724,2.58759
19.726,0.377399
19.728,1.5394
19.73,1.74648
19.732,-2.04454
19.734,0.67702
19.736,-0.283307
19.738,-1.62696
19.74,1.27137
19.742,0.921556
19.744,-2.35849
19.746,0.311936
19.748,-1.12545
19.75,-3.35102
19.752,-0.124135
19.754,0.128909
19.756,-1.85766
19.758,0.162045
19.76,-2.56564
19.762,-6.59939
19.764,-1.28561
19.766,1.70214
19.768,3.47219
19.77,1.33035
19.772,2.419
19.774,0.722736
19.776,0.995038
19.778,-0.07071
19.78,1.79092
19.782,-0.688254
19.784,0.246779
19.786,-0.0515434
19.788,3.05909
19.79,-4.63257
19.792,-0.365522
19.794,-0.285514
19.796,-2.0395
19.798,-2.14679
19.8,-0.089729
19.802,0.0996619
19.804,-1.53595
19.806,1.43081
19.808,-2.93632
19.81,-2.22831
19.812,2.11517
19.814,4.80001
19.816,5.21386
19.818,1.7816
19.82,-2.473
19.822,0.469966
19.824,-3.39148
19.826,2.11315
19.828,1.92188
19.83,2.35381
19.832,0.257717
19.834,0.979657
19.836,0.458927
19.838,-2.9551
19.84,0.348218
19.842,3.07935
19.844,-1.38515
19.846,0.230947
19.848,1.60101
19.85,4.57318
19.852,2.29688
19.854,2.13037
19.856,-2.18578
19.858,1.90639
19.86,-0.430367
19.862,-2.48045
19.864,-4.31712
19.866,-3.72282
19.868,-1.65556
19.87,-3.21102
19.872,-3.53982
19.874,-2.83505
19.876,-1.02468
19.878,-3.37798
19.88,-4.74867
19.882,0.247965
19.884,2.32678
19.886,-0.45659
19.888,2.76967
19.89,0.679053
19.892,-5.07071
19.894,3.88852
19.896,4.6639
19.898,0.222619
19.9,-0.384811
19.902,-2.84788
19.904,-1.44682
19.906,0.0432318
19.908,-1.91741
19.91,-1.2801
19.912,-1.27333
19.914,0.772803
19.916,0.21565
19.918,-0.593262
19.92,0.414872
19.922,0.388959
19.924,-0.571543
19.926,2.96213
19.928,1.77382
19.93,2.32234
19.932,3.10207
19.934,0.507067
19.936,3.46056
19.938,2.78347
19.94,0.170984
19.942,-0.459955
19.944,0.318971
19.946,-1.70686
19.948,1.89818
19.95,-1.23584
19.952,0.787337
19.954,2.7744
19.956,3.30398
19.958,-0.0728554
19.96,-0.863201
19.962,1.15696
19.964,-1.33256
19.966,2.75214
19.968,1.89383
19.97,-1.42731
19.972,-0.687977
19.974,1.08831
19.976,-2.81805
19.978,-3.00254
19.98,-0.199924
19.982,-0.431027
19.984,-1.12026
19.986,-1.49939
19.988,-0.443806
19.99,-0.74733
19.992,-0.476478
19.994,-0.325704
19.996,1.85865
19.998,1.22952
20,-0.988531
20.002,-0.662018
20.004,-2.71401
20.006,2.19581
20.008,-0.69705
20.01,1.75175
20.012,2.30465
20.014,-2.39888
20.016,3.15867
20.018,1.65385
20.02,0.742493
20.022,2.74408
20.024,1.23223
20.026,-0.861296
20.028,1.65624
20.03,2.02272
20.032,-0.0430159
20.034,0.628096
20.036,-1.25587
20.038,0.247011
20.04,-1.48089
20.042,-0.116678
20.044,-3.57886
20.046,-1.2087
20.048,1.44744
20.05,1.70589
20.052,-3.65469
20.054,-3.04294
20.056,-2.42139
20.058,-3.80867
20.06,-0.591443
20.062,0.676916
20.064,-1.55308
20.066,-2.19919
20.068,-2.95046
20.07,-0.887053
20.072,-0.957865
20.074,-1.40374
20.076,-2.18501
20.078,-2.35503
20.08,1.42108
20.082,1.55872
20.084,-1.35341
20.086,-0.971605
20.088,1.05166
20.09,0.188637
20.092,4.44402
20.094,3.27976
20.096,-1.26265
20.098,-0.742128
20.1,-2.56252
20.102,0.0511382
20.104,-1.77965
20.106,-2.45983
20.108,3.50208
20.11,3.00014
20.112,-0.727679
20.114,-1.49872
20.116,4.33935
20.118,0.97424
20.12,0.560255
20.122,-0.0860098
20.124,0.665157
20.126,0.381886
20.128,1.07937
20.13,4.7221
20.132,0.742178
20.134,-1.32469
20.136,3.09653
20.138,2.07804
20.14,-2.49895
20.142,-0.235789
20.144,-2.64392
20.146,-1.54969
20.148,-0.766204
20.15,-3.9866
20.152,-5.54953
20.154,-4.16454
20.156,-3.62934
20.158,-5.83654
20.16,-1.21097
20.162,1.41764
20.164,0.42507
20.166,1.90075
20.168,-1.93298
20.17,3.15306
20.172,3.13887
20.174,0.715542
20.176,-0.0229299
20.178,-0.824135
20.18,1.4251
20.182,-1.5123
20.184,-0.0197138
20.186,1.73063
20.188,0.289664
20.19,-1.42253
20.192,1.69293
20.194,0.512483
20.196,-2.83109
20.198,1.57813
20.2,0.607048
20.202,0.350452
20.204,-1.65434
20.206,0.548848
20.208,-0.138501
20.21,1.33715
20.212,0.32474
20.214,1.7421
20.216,5.89116
20.218,3.54149
20.22,-3.07481
20.222,3.58441
20.224,-2.25955
20.226,0.210967
20.228,-2.72686
20.23,-0.394734
20.232,1.58419
20.234,0.488022
20.236,1.12342
20.238,-1.803
20.24,0.322146
20.242,-1.39271
20.244,-0.0558788
20.246,-1.90493
20.248,-1.38729
20.25,-2.90636
20.252,1.09618
20.254,-0.509234
20.256,-0.0596983
20.258,1.05591
20.26,-1.34864
20.262,-0.000922828
20.264,-2.62145
20.266,0.919771
20.268,-0.274426
20.27,0.824839
20.272,0.534881
20.274,-1.62249
20.276,-1.45056
20.278,1.78853
20.28,-2.64806
20.282,-0.261348
20.284,0.171367
20.286,-2.58276
20.288,-0.67903
20.29,-0.295309
20.292,-1.01552
20.294,-1.32653
20.296,-0.806195
20.298,-1.75247
20.3,1.80413
20.302,1.40551
20.304,-2.36093
20.306,2.33442
20.308,-2.9053
20.31,-0.265965
20.312,-2.61349
20.314,-0.802401
20.316,1.70109
20.318,0.0712606
20.32,1.72941
20.322,4.66465
20.324,-0.234867
20.326,2.7568
20.328,3.81427
20.33,-0.508376
20.332,1.85201
20.334,-2.81417
20.336,-2.74014
20.338,3.38906
20.34,-0.0137364
20.342,-0.175904
20.344,0.277504
20.346,-1.63638
20.348,-1.85507
20.35,1.17563
20.352,-1.00879
20.354,-0.0236288
20.356,-0.955469
20.358,0.259118
20.36,-0.0732432
20.362,-0.246231
20.364,0.540174
20.366,0.42509
20.368,-1.82265
20.37,7.41312
20.372,0.0474855
20.374,0.465431
20.376,-1.7408
20.378,-1.45924
20.38,1.1079
20.382,0.0218254
20.384,0.602978
20.386,-0.712363
20.388,1.47957
20.39,-0.333384
20.392,-1.3293
20.394,-3.74652
20.396,0.723794
20.398,1.85658
20.4,-1.20625
20.402,2.93811
20.404,0.804923
20.406,0.26189
20.408,-0.891504
20.41,2.77794
20.412,-1.32085
20.414,3.83693
20.416,2.20402
20.418,1.55085
20.42,2.25717
20.422,2.98375
20.424,-1.66076
20.426,-0.150573
20.428,0.388221
20.43,-1.28182
20.432,0.564841
20.434,-4.93778
20.436,-1.33844
20.438,0.290296
20.44,0.35953
20.442,0.135105
20.444,-1.25844
20.446,-0.948309
20.448,-2.75131
20.45,-1.20903
20.452,0.947378
20.454,-0.887603
20.456,-1.50029
20.458,1.06648
20.46,-0.18017
20.462,0.12102
20.464,-1.94992
20.466,1.26153
20.468,1.13752
20.47,3.45007
20.472,-1.21685
20.474,-1.81362
20.476,1.25821
20.478,-1.15458
20.48,1.83577
20.482,-2.09642
20.484,0.59195
20.486,-2.18125
20.488,0.84052
20.49,-2.40884
20.492,-1.51476
20.494,-3.84692
20.496,-5.15653
20.498,0.440124
20.5,-0.518801
20.502,0.988818
20.504,-0.627654
20.506,-0.676633
20.508,-0.489107
20.51,-1.33151
20.512,0.925557
20.514,1.54067
20.516,0.714785
20.518,-0.814265
20.52,1.96299
20.522,2.06368
20.524,1.79852
20.526,3.78836
20.528,-1.54867
20.53,1.64965
20.532,-0.32805
20.534,-1.07194
20.536,-4.32737
20.538,-1.68664
20.54,-1.64226
20.542,-2.94582
20.544,1.27061
20.546,2.12829
20.548,0.748886
20.55,-0.277566
20.552,-0.395065
20.554,3.84687
20.556,2.44169
20.558,-0.695896
20.56,-4.0792
20.562,1.68481
20.564,-1.48052
20.566,1.52376
20.568,1.84122
20.57,2.72315
20.572,4.8398
20.574,-0.0577344
20.576,1.04615
20.578,0.464598
20.58,0.705023
20.582,0.181934
20.584,2.46204
20.586,1.0614
20.588,-0.593297
20.59,1.28258
20.592,-1.74473
20.594,-1.69539
20.596,3.18554
20.598,-2.49598
20.6,-0.165022
20.602,0.111575
20.604,-0.462759
20.606,-1.71233
20.608,1.47348
20.61,-3.77184
20.612,-7.38419
20.614,-3.3649
20.616,-1.12952
20.618,-1.31358
20.62,-2.54746
20.622,-3.3029
20.624,-3.34259
20.626,-1.08737
20.628,3.49938
20.63,2.60634
20.632,-0.484775
20.634,0.812293
20.636,-1.71562
20.638,0.817481
20.64,2.71884
20.642,0.169737
20.644,0.764102
20.646,0.276016
20.648,0.504269
20.65,0.323338
20.652,-3.31638
20.654,0.738459
20.656,1.3904
20.658,3.99701
20.66,1.25732
20.662,2.29897
20.664,5.5873
20.666,1.29377
20.668,4.05333
20.67,1.43692
20.672,0.339651
20.674,4.04679
20.676,2.27573
20.678,-0.339342
20.68,0.520159
20.682,-4.15277
20.684,0.282414
20.686,0.3834
20.688,0.126723
20.69,0.423398
20.692,0.284984
20.694,0.541527
20.696,-4.1035
20.698,-2.93783
20.7,-1.33528
20.702,-0.812403
20.704,-1.37847
20.706,-3.57843
20.708,0.275812
20.71,-2.75074
20.712,-2.03168
20.714,-0.247669
20.716,-2.27442
20.718,-0.532719
20.72,1.34453
20.722,-0.864765
20.724,0.111151
20.726,0.65174
20.728,-1.01055
20.73,-0.779324
20.732,-1.15949
20.734,-1.95532
20.736,0.661954
20.738,1.07147
20.74,1.53139
20.742,0.978894
20.744,-2.71249
20.746,0.7277
20.748,-2.46521
20.75,-2.1664
20.752,2.75852
20.754,1.04676
20.756,-0.409682
20.758,-3.31022
20.76,-0.80791
20.762,-1.5836
20.764,-0.979944
20.766,-1.49341
20.768,0.399936
20.77,-0.594225
20.772,-0.232206
20.774,-0.037043
20.776,-0.999902
20.778,-1.44552
20.78,0.380065
20.782,2.05614
20.784,1.34386
20.786,-1.61683
20.788,1.07383
20.79,-0.507126
20.792,-2.2713
20.794,0.479828
20.796,0.970431
20.798,-1.88212
20.8,-3.67081
20.802,3.41019
20.804,-0.898413
20.806,3.00492
20.808,0.955239
20.81,0.344136
20.812,-0.935056
20.814,2.9358
20.816,1.69809
20.818,-0.810214
20.82,2.07926
20.822,-1.34482
20.824,0.46948
20.826,0.0893736
20.828,1.23747
20.83,-0.242294
20.832,0.0191322
20.834,-3.77901
20.836,-0.698185
20.838,0.0308869
20.84,0.0746522
20.842,-0.319773
20.844,2.97895
20.846,-1.09997
20.848,0.768807
20.85,-0.114827
20.852,3.07667
20.854,0.777838
20.856,0.424183
20.858,1.64875
20.86,1.8506
20.862,1.08953
20.864,-0.0859279
20.866,0.363497
20.868,1.27568
20.87,-0.643474
20.872,-1.69609
20.874,0.0948616
20.876,0.252555
20.878,-2.09995
20.88,1.42519
20.882,1.6452
20.884,0.957013
20.886,1.98825
20.888,-2.05279
20.89,2.22973
20.892,-0.665631
20.894,-1.91305
20.896,-0.947611
20.898,-0.961209
20.9,-0.488753
20.902,0.784852
20.904,2.64527
20.906,-4.23417
20.908,1.0499
20.91,1.52592
20.912,0.699518
20.914,-2.6611
20.916,1.6936
20.918,-2.85949
20.92,-2.38856
20.922,-0.347779
20.924,-0.122342
20.926,-0.0572709
20.928,2.85838
20.93,-2.4233
20.932,-2.74566
20.934,-1.13406
20.936,1.11363
20.938,0.750005
20.94,-0.698199
20.942,-3.13307
20.944,0.664656
20.946,-0.436098
20.948,-4.52543
20.95,-1.00503
20.952,-0.467295
20.954,1.58736
20.956,4.19813
20.958,-1.08195
20.96,-1.93771
20.962,-0.411465
20.964,2.86858
20.966,0.812444
20.968,2.48491
20.97,-1.97442
20.972,1.28221
20.974,-1.32929
20.976,-0.0743936
20.978,1.38634
20.98,0.17876
20.982,2.21205
20.984,-1.01418
20.986,1.57246
20.988,1.97515
20.99,1.70377
20.992,1.19567
20.994,1.23689
20.996,2.25748
20.998,1.65314
21,3.41956
21.002,-1.95263
21.004,3.15863
21.006,0.532853
21.008,1.99561
21.01,-0.669577
21.012,1.8392
21.014,0.00154983
21.016,-1.02016
21.018,-0.482308
21.02,1.72554
21.022,-2.36943
21.024,-3.50508
21.026,-3.75876
21.028,-1.86437
21.03,-4.44269
21.032,-2.68928
21.034,-0.676227
21.036,-4.43969
21.038,3.07224
21.04,-4.42006
21.042,-1.20435
21.044,-4.86801
21.046,-5.27043
21.048,-0.566602
21.05,1.69584
21.052,-1.29029
21.054,0.690889
21.056,-1.42409
21.058,-3.65197
21.06,2.63553
21.062,0.246556
21.064,-2.47574
21.066,0.658369
21.068,-1.94519
21.07,1.83049
21.072,-0.184606
21.074,-1.71948
21.076,-0.292235
21.078,-2.80561
21.08,-1.07084
21.082,1.74281
21.084,0.570368
21.086,2.00558
21.088,-1.99337
21.09,3.46807
21.092,-3.08548
21.094,0.833795
21.096,0.591613
21.098,-1.94229
21.1,0.109641
21.102,0.297228
21.104,-1.1596
21.106,-0.69838
21.108,-2.7931
21.11,1.71865
21.112,-0.865225
21.114,0.50607
21.116,0.452564
21.118,-0.38482
21.12,-1.57157
21.122,1.21612
21.124,4.29667
21.126,0.620345
21.128,2.37883
21.13,0.233471
21.132,-1.57122
21.134,0.0267539
21.136,0.43258
21.138,-3.30414
21.14,0.453151
21.142,-0.792905
21.144,-2.85172
21.146,0.567857
21.148,0.276118
21.15,-1.46469
21.152,0.063168
21.154,-0.230408
21.156,-1.80115
21.158,-1.88797
21.16,4.61385
21.162,1.04701
21.164,0.910138
21.166,0.946855
21.168,-0.137123
21.17,0.994183
21.172,0.0604587
21.174,4.30374
21.176,-0.607518
21.178,-0.591899
21.18,1.83031
21.182,-4.42856
21.184,-3.30565
21.186,-0.260496
21.188,-4.17388
21.19,-0.45827
21.192,1.01397
21.194,-0.642588
21.196,-1.78824
21.198,-3.01051
21.2,-0.141214
21.202,-0.422896
21.204,0.691128
21.206,-0.57844
21.208,-2.06998
21.21,2.24691
21.212,-0.55646
21.214,0.553403
21.216,-1.29404
21.218,1.77138
21.22,-1.19429
21.222,0.344
21.224,-0.413507
21.226,2.49099
21.228,-1.46788
21.23,-0.0309322
21.232,1.85568
21.234,-1.41287
21.236,4.69606
21.238,2.3528
21.24,2.38266
21.242,1.78634
21.244,0.590046
21.246,-0.327051
21.248,-2.44888
21.25,-1.37192
21.252,-1.10237
21.254,2.56141
21.256,1.1386
21.258,2.25196
21.26,3.95702
21.262,3.97977
21.264,0.450621
21.266,-0.312082
21.268,2.38723
21.27,5.04406
21.272,-1.15756
21.274,0.966388
21.276,-0.111312
21.278,-1.23613
21.28,1.93212
21.282,4.10663
21.284,3.51571
21.286,0.00537822
21.288,-2.92147
21.29,-1.94697
21.292,-4.07817
21.294,-3.75809
21.296,0.201412
21.298,-4.80923
21.3,-1.833
21.302,-1.34126
21.304,-1.46676
21.306,-3.68982
21.308,-1.64687
21.31,-3.83862
21.312,-1.60313
21.314,-0.36476
21.316,2.52025
21.318,-0.430598
21.32,-1.27625
21.322,0.507985
21.324,-4.6464
21.326,-0.314311
21.328,-2.43204
21.33,-0.92203
21.332,-0.322549
21.334,1.11942
21.336,3.08053
21.338,-1.38429
21.34,-3.04234
21.342,0.365583
21.344,1.02762
21.346,0.669595
21.348,4.66332
21.35,-2.5176
21.352,1.97771
21.354,-3.94836
21.356,-1.85849
21.358,2.67618
21.36,2.91654
21.362,0.500989
21.364,-2.39776
21.366,-0.483457
21.368,-1.23278
21.37,-0.231644
21.372,0.313063
21.374,-0.777464
21.376,0.720979
21.378,1.85034
21.38,-0.22058
21.382,2.75139
21.384,0.808224
21.386,-0.0447114
21.388,-1.85349
21.39,-0.233316
21.392,0.704094
21.394,-3.01981
21.396,0.852036
21.398,0.729475
21.4,1.16189
21.402,-1.68507
21.404,-1.8054
21.406,-0.0357118
21.408,0.280428
21.41,0.785213
21.412,0.154452
21.414,-0.562473
21.416,3.93461
21.418,0.690854
21.42,1.70661
21.422,-1.0944
21.424,-1.94695
21.426,0.144242
21.428,-2.80043
21.43,1.43237
21.432,-1.59963
21.434,-2.18964
21.436,1.80871
21.438,1.07539
21.44,1.37138
21.442,2.14047
21.444,-1.85307
21.446,1.97871
21.448,-0.418926
21.45,2.60329
21.452,0.975116
21.454,1.83942
21.456,-1.8232
21.458,1.35117
21.46,-0.276854
21.462,2.96864
21.464,0.979211
21.466,-0.75059
21.468,3.20813
21.47,-2.73373
21.472,-0.580902
21.474,-1.54701
21.476,1.07084
21.478,0.238085
21.48,0.557269
21.482,-3.73892
21.484,-3.40013
21.486,1.47755
21.488,-2.7152
21.49,-3.89368
21.492,2.86034
21.494,-1.61694
21.496,3.5739
21.498,3.06635
21.5,1.56101
21.502,0.76087
21.504,4.21391
21.506,-3.32595
21.508,-0.0341719
21.51,0.7305
21.512,0.497698
21.514,1.08944
21.516,-0.739927
21.518,-2.54901
21.52,0.312622
21.522,-3.98189
21.524,1.94234
21.526,-1.65276
21.528,3.35369
21.53,0.688656
21.532,-5.0401
21.534,-1.08682
21.536,0.141641
21.538,0.359749
21.54,1.31642
21.542,-1.29905
21.544,-1.12225
21.546,0.768876
21.548,-1.45696
21.55,3.85366
21.552,1.47081
21.554,2.51056
21.556,-0.554551
21.558,-2.72911
21.56,-1.57828
21.562,1.95035
21.564,3.21085
21.566,1.28055
21.568,-0.737044
21.57,0.217356
21.572,-1.9212
21.574,-2.74322
21.576,-4.97759
21.578,0.846806
21.58,-2.47011
21.582,-0.331583
21.584,-1.23805
21.586,0.234176
21.588,-1.93558
21.59,-0.992868
21.592,-1.59358
21.594,-0.0760458
21.596,0.370703
21.598,-0.499063
21.6,3.38289
21.602,-1.66267
21.604,-2.10076
21.606,-5.07392
21.608,-2.86217
21.61,-3.1927
21.612,1.8884
21.614,-0.583722
21.616,-2.82098
21.618,0.998509
21.62,1.27129
21.622,0.460536
21.624,-1.99475
21.626,-5.47331
21.628,-1.54586
21.63,-1.40024
21.632,2.63268
21.634,-1.94906
21.636,0.906212
21.638,1.88575
21.64,2.32231
21.642,-0.117606
21.644,-0.911679
21.646,2.23955
21.648,0.140211
21.65,-0.901077
21.652,-1.13172
21.654,2.27635
21.656,-1.7163
21.658,-1.17342
21.66,0.3845
21.662,-1.67374
21.664,1.33544
21.666,2.03177
21.668,3.07389
21.67,-0.62677
21.672,2.86094
21.674,-3.15339
21.676,4.69492
21.678,4.37101
21.68,0.803294
21.682,-1.58928
21.684,1.57728
21.686,-0.0116143
21.688,1.21787
21.69,4.67583
21.692,-1.41954
21.694,0.459007
21.696,4.87034
21.698,1.50818
21.7,5.77291
21.702,-0.556386
21.704,-3.1253
21.706,6.3833
21.708,-0.111206
21.71,0.660556
21.712,0.633866
21.714,-0.73256
21.716,1.37991
21.718,-2.66355
21.72,-2.42107
21.722,4.41518
21.724,-0.983267
21.726,0.864737
21.728,0.0121702
21.73,0.856069
21.732,0.0159473
21.734,-1.79847
21.736,1.01104
21.738,-1.94233
21.74,-1.43591
21.742,0.791999
21.744,-3.03369
21.746,-0.331646
21.748,-0.527333
21.75,-6.33931
21.752,-0.880527
21.754,-4.58947
21.756,-2.18071
21.758,-2.0476
21.76,-1.94177
21.762,-1.74477
21.764,-3.42753
21.766,0.876986
21.768,1.64212
21.77,-1.3968
21.772,1.00495
21.774,0.784924
21.776,-0.052795
21.778,2.2986
21.78,-1.23386
21.782,-0.650142
21.784,2.42629
21.786,-2.16676
21.788,-1.43838
21.79,1.79465
21.792,-1.73808
21.794,0.797425
21.796,0.82787
21.798,0.279436
21.8,0.0468104
21.802,0.189855
21.804,0.341033
21.806,2.6421
21.808,-2.38594
21.81,-0.244513
21.812,-0.120791
21.814,-2.39581
21.816,1.1183
21.818,-1.32915
21.82,-0.101475
21.822,2.53845
21.824,1.61477
21.826,-0.397666
21.828,-1.35901
21.83,-2.21852
21.832,-0.427118
21.834,-1.17913
21.836,-2.31445
21.838,0.391703
21.84,-1.29786
21.842,-2.7501
21.844,0.469876
21.846,-1.75535
21.848,2.70778
21.85,0.369956
21.852,-0.388974
21.854,3.09859
21.856,2.7588
21.858,1.38485
21.86,-1.40854
21.862,3.31181
21.864,0.739746
21.866,-0.36518
21.868,1.76726
21.87,0.915309
21.872,1.19288
21.874,4.23785
21.876,1.07698
21.878,2.7995
21.88,-0.249976
21.882,2.5132
21.884,-0.183567
21.886,-0.644331
21.888,-0.622429
21.89,-0.262897
21.892,-3.37959
21.894,-3.33208
21.896,-1.74545
21.898,-1.55032
21.9,0.309349
21.902,-2.23929
21.904,-3.24818
21.906,-0.841624
21.908,-1.16739
21.91,-0.591486
21.912,-4.66318
21.914,-0.750343
21.916,0.0851805
21.918,1.83969
21.92,-0.591128
21.922,-3.3552
21.924,-0.0977356
21.926,0.0581977
21.928,2.65636
21.93,1.98382
21.932,-1.02328
21.934,-0.497992
21.936,-1.98237
21.938,-1.98324
21.94,0.780516
21.942,-0.198544
21.944,4.10496
21.946,-0.325703
21.948,0.282254
21.95,-1.08379
21.952,-1.90809
21.954,-4.10016
21.956,3.67628
21.958,1.29395
21.96,-1.17998
21.962,0.838886
21.964,-0.69172
21.966,-1.45696
21.968,-2.26364
21.97,1.25717
21.972,-0.0877222
21.974,-0.788932
21.976,3.37649
21.978,-0.687871
21.98,-0.574182
21.982,1.78891
21.984,-1.09661
21.986,0.437038
21.988,4.22242
21.99,0.367189
21.992,-2.33392
21.994,2.33794
21.996,1.45493
21.998,-0.782673
22,2.00809
22.002,-4.2407
22.004,-1.69014
22.006,-0.350262
22.008,1.29618
22.01,0.137453
22.012,-2.44292
22.014,-2.46552
22.016,-1.78918
22.018,-0.626907
22.02,-0.210037
22.022,-0.866945
22.024,0.648515
22.026,1.458
22.028,-5.75147
22.03,-4.56793
22.032,-1.17603
22.034,-1.27378
22.036,1.63541
22.038,1.98402
22.04,1.1621
22.042,1.69791
22.044,1.069
22.046,-3.21261
22.048,-0.00245035
22.05,1.7903
22.052,-0.854348
22.054,2.13245
22.056,1.09033
22.058,-0.0674348
22.06,1.34481
22.062,0.844275
22.064,0.746373
22.066,1.22245
22.068,-0.721481
22.07,-1.1765
22.072,-1.68103
22.074,0.268793
22.076,4.06387
22.078,-0.917165
22.08,0.0507612
22.082,1.16926
22.084,-1.7425
22.086,2.43667
22.088,0.188164
22.09,-1.05661
22.092,0.319
22.094,0.483013
22.096,1.74559
22.098,3.39343
22.1,-0.406977
22.102,-2.69659
22.104,0.141222
22.106,2.33007
22.108,-3.88351
22.11,0.575173
22.112,0.716771
22.114,0.712239
22.116,-2.44077
22.118,-0.538457
22.12,-1.69779
22.122,-1.82917
22.124,-1.81076
22.126,-2.6919
22.128,-4.76397
22.13,0.582202
22.132,3.77549
22.134,-0.529672
22.136,1.33721
22.138,-0.215777
22.14,-1.391
22.142,-0.78681
22.144,5.38104
22.146,0.497478
22.148,-1.60846
22.15,0.364645
22.152,-0.389735
22.154,2.32775
22.156,-0.807353
22.158,0.824837
22.16,0.839169
22.162,-2.17902
22.164,1.36518
22.166,-2.3554
22.168,1.3106
22.17,1.94639
22.172,-1.86011
22.174,3.26776
22.176,-0.178278
22.178,-1.6199
22.18,1.05637
22.182,0.866576
22.184,0.6518
22.186,-1.71203
22.188,-2.77814
22.19,-0.922611
22.192,1.03288
22.194,-1.24544
22.196,-2.58442
22.198,-2.65543
22.2,-3.91512
22.202,0.531031
22.204,-0.307926
22.206,0.941823
22.208,1.12844
22.21,-6.46838
22.212,-1.75022
22.214,-1.9546
22.216,-0.587256
22.218,0.0729668
22.22,-1.13061
22.222,-1.70562
22.224,2.36763
22.226,-0.988056
22.228,-4.0282
22.23,-4.69535
22.232,2.62775
22.234,0.142774
22.236,0.332071
22.238,3.52931
22.24,5.21988
22.242,1.25499
22.244,3.64055
22.246,3.68575
22.248,0.384647
22.25,3.71952
22.252,-2.28014
22.254,-1.45024
22.256,3.16384
22.258,-0.803716
22.26,1.74512
22.262,-1.1994
22.264,-2.9468
22.266,-5.07189
22.268,-1.33867
22.27,-1.84546
22.272,-2.27517
22.274,-2.55576
22.276,-1.54562
22.278,-1.447
22.28,-1.47712
22.282,0.513948
22.284,1.54688
22.286,-0.396853
22.288,-2.75291
22.29,1.73401
22.292,-0.430015
22.294,1.77094
22.296,0.59449
22.298,-3.28623
22.3,-0.569139
22.302,1.35091
22.304,-1.24017
22.306,0.301944
22.308,1.69974
22.31,-0.675478
22.312,-0.312791
22.314,1.68588
22.316,-0.620152
22.318,2.74762
22.32,1.39652
22.322,-1.39325
22.324,-0.657433
22.326,-1.37284
22.328,-3.5237
22.33,1.05375
22.332,1.27828
22.334,-1.21246
22.336,-0.581584
22.338,3.32645
22.34,4.29331
22.342,2.04372
22.344,-1.36452
22.346,0.978634
22.348,-2.00687
22.35,1.32861
22.352,1.78509
22.354,2.60644
22.356,3.26461
22.358,0.233959
22.36,3.03533
22.362,2.6071
22.364,2.83067
22.366,2.47968
22.368,1.47044
22.37,-0.263006
22.372,0.0475782
22.374,-4.20238
22.376,-1.35704
22.378,-0.24303
22.38,-3.99101
22.382,-0.965018
22.384,-4.09051
22.386,-1.21096
22.388,-1.17361
22.39,-0.184022
22.392,-1.7238
22.394,-0.558062
22.396,2.22099
22.398,-0.693622
22.4,0.590551
22.402,1.28077
22.404,-0.435134
22.406,-0.228138
22.408,-0.986282
22.41,-0.209211
22.412,-3.34816
22.414,3.11484
22.416,-2.00652
22.418,0.514824
22.42,-2.57778
22.422,3.30211
22.424,-0.848145
22.426,1.59017
22.428,-0.414383
22.43,-0.657691
22.432,1.90657
22.434,-2.25403
22.436,-0.954385
22.438,3.91028
22.44,4.48924
22.442,1.96
22.444,-0.574501
22.446,-0.989854
22.448,-0.181197
22.45,0.201108
22.452,-0.309662
22.454,-0.796541
22.456,-3.60929
22.458,1.07096
22.46,1.91896
22.462,0.335676
22.464,-2.97223
22.466,-1.37522
22.468,-2.69164
22.47,-2.57883
22.472,0.59391
22.474,-3.16884
22.476,-4.04878
22.478,1.87557
22.48,-1.03482
22.482,-0.552082
22.484,3.98498
22.486,2.68044
22.488,0.797677
22.49,0.17949
22.492,-2.21784
22.494,1.01196
22.496,0.656763
22.498,-1.04551
22.5,-5.54756
22.502,0.863409
22.504,-0.466585
22.506,-0.744975
22.508,-1.29489
22.51,2.65535
22.512,-2.90511
22.514,0.397978
22.516,3.82939
22.518,0.122
22.52,1.59999
22.522,-1.84302
22.524,-0.446357
22.526,3.00195
22.528,-0.12948
22.53,-3.17691
22.532,2.47065
22.534,-3.17514
22.536,0.571662
22.538,-6.35674
22.54,2.2271
22.542,3.65252
22.544,-2.09973
22.546,1.1367
22.548,-0.689352
22.55,0.700383
22.552,-4.34062
22.554,-3.96796
22.556,0.136075
22.558,4.71751
22.56,-3.20278
22.562,1.8038
22.564,-0.683564
22.566,-0.295707
22.568,-2.11406
22.57,-1.16302
22.572,1.27656
22.574,0.744521
22.576,1.20442
22.578,-1.52835
22.58,-2.68052
22.582,-2.34337
22.584,0.622533
22.586,1.66436
22.588,0.456404
22.59,-2.14942
22.592,-4.02518
22.594,-0.402318
22.596,1.43106
22.598,1.87169
22.6,-0.216242
22.602,2.70482
22.604,1.20988
22.606,0.331651
22.608,0.547488
22.61,-0.443734
22.612,-2.17474
22.614,0.363271
22.616,1.70415
22.618,0.0379183
22.62,4.32392
22.622,0.273921
22.624,-1.14918
22.626,1.54097
22.628,-1.06557
22.63,3.10047
22.632,-0.405363
22.634,3.48568
22.636,2.30792
22.638,4.1868
22.64,-0.903887
22.642,0.598164
22.644,-4.13172
22.646,1.39578
22.648,3.01764
22.65,-1.151
22.652,-1.79676
22.654,-3.17341
22.656,2.16053
22.658,-1.74082
22.66,-3.85008
22.662,-0.670133
22.664,1.81683
22.666,0.777609
22.668,3.31543
22.67,-0.125206
22.672,1.19604
22.674,-0.992576
22.676,-1.34119
22.678,-1.68348
22.68,2.98342
22.682,0.977245
22.684,-1.01899
22.686,-0.395753
22.688,-1.26533
22.69,-2.19354
22.692,-1.60826
22.694,-3.9577
22.696,-1.25151
22.698,-2.47689
22.7,-3.17871
22.702,0.688632
22.704,2.31112
22.706,3.36745
22.708,2.12668
22.71,-1.17795
22.712,-3.10586
22.714,-3.85107
22.716,-2.398
22.718,-1.6139
22.72,-0.832335
22.722,1.01809
22.724,1.5287
22.726,2.49297
22.728,0.883565
22.73,1.71599
22.732,1.92407
22.734,-0.579126
22.736,-0.47782
22.738,3.46423
22.74,-0.494727
22.742,-0.44682
22.744,0.727209
22.746,-0.766457
22.748,4.75595
22.75,0.46491
22.752,0.648284
22.754,0.517053
22.756,2.34856
22.758,2.28796
22.76,-0.099229
22.762,3.26183
22.764,3.24898
22.766,2.12399
22.768,2.47871
22.77,1.362
22.772,0.390556
22.774,1.49203
22.776,0.226139
22.778,2.85005
22.78,1.61257
22.782,-1.35297
22.784,-1.22501
22.786,1.45286
22.788,-0.300236
22.79,1.31731
22.792,0.0886622
22.794,-0.684525
22.796,-2.55232
22.798,-1.36302
22.8,-0.346314
22.802,-0.27395
22.804,-2.00446
22.806,-4.10478
22.808,0.457865
22.81,-4.39386
22.812,-1.02506
22.814,-1.582
22.816,-0.486306
22.818,-0.0617141
22.82,-1.86863
22.822,-3.55185
22.824,-1.24325
22.826,-3.45245
22.828,1.6195
22.83,0.655026
22.832,-2.87705
22.834,-1.54711
22.836,-3.73493
22.838,0.442791
22.84,-0.230057
22.842,-1.6636
22.844,2.48627
22.846,0.871074
22.848,0.2913
22.85,5.66686
22.852,2.35937
22.854,-0.134489
22.856,-0.498541
22.858,0.101945
22.86,3.08566
22.862,2.65992
22.864,-0.123118
22.866,-2.11471
22.868,-3.17962
22.87,1.50431
22.872,-0.349515
22.874,-1.16322
22.876,-0.615404
22.878,-0.725014
22.88,-1.56514
22.882,-2.3806
22.884,4.03922
22.886,0.179988
22.888,-0.273343
22.89,-3.67203
22.892,0.297547
22.894,-0.263814
22.896,-2.02516
22.898,-1.23544
22.9,-1.65411
22.902,-2.67825
22.904,-1.20088
22.906,-4.59539
22.908,-2.83418
22.91,-4.62513
22.912,0.368066
22.914,-1.00842
22.916,-2.70243
22.918,0.828542
22.92,-0.0056946
22.922,-3.62092
22.924,0.401619
22.926,-1.22716
22.928,-1.57339
22.93,-1.28463
22.932,-0.241713
22.934,-0.394033
22.936,-0.956683
22.938,0.628463
22.94,-0.29073
22.942,-0.181613
22.944,-1.14401
22.946,5.09418
22.948,3.338
22.95,2.0251
22.952,-0.0629462
22.954,0.921454
22.956,0.713932
22.958,1.15861
22.96,3.01546
22.962,1.12039
22.964,2.45335
22.966,-2.99731
22.968,-0.385253
22.97,-2.95058
22.972,0.82646
22.974,0.875127
22.976,-0.488213
22.978,-0.505266
22.98,1.19184
22.982,0.176447
22.984,-0.55591
22.986,-0.541451
22.988,-1.57113
22.99,0.244779
22.992,-3.12498
22.994,-3.07127
22.996,-1.26732
22.998,-2.50661
23,-4.01165
23.002,0.148847
23.004,-0.887624
23.006,1.4715
23.008,1.8625
23.01,0.442653
23.012,0.866844
23.014,-0.532102
23.016,3.29288
23.018,-2.55023
23.02,-0.00770554
23.022,2.959
23.024,1.13849
23.026,0.260287
23.028,-0.763136
23.03,-1.16058
23.032,-0.0235398
23.034,-0.701297
23.036,3.06389
23.038,-2.37106
23.04,0.968449
23.042,-1.29337
23.044,1.16121
23.046,0.772144
23.048,-0.0493916
23.05,-2.30222
23.052,0.690337
23.054,1.85192
23.056,0.78151
23.058,3.2519
23.06,-0.766546
23.062,1.30238
23.064,1.06976
23.066,4.66397
23.068,-1.67791
23.07,0.663952
23.072,-0.661688
23.074,0.819443
23.076,0.487405
23.078,1.11737
23.08,0.060129
23.082,-3.60294
23.084,-0.60082
23.086,-0.769683
23.088,-1.06235
23.09,3.57782
23.092,-2.60093
23.094,-1.3638
23.096,1.05548
23.098,2.24305
23.1,-0.612053
23.102,2.39886
23.104,2.0211
23.106,1.36961
23.108,1.47754
23.11,-4.81534
23.112,0.138232
23.114,-0.0256477
23.116,3.27415
23.118,-0.424716
23.12,-1.73751
23.122,-5.1433
23.124,-1.45547
23.126,-0.691125
23.128,-0.748962
23.13,0.865666
23.132,-1.51085
23.134,-1.39199
23.136,-4.5139
23.138,-5.94911
23.14,1.32645
23.142,3.24169
23.144,-0.887498
23.146,-1.393
23.148,-1.74341
23.15,0.153524
23.152,0.345325
23.154,0.805659
23.156,-0.661321
23.158,0.140752
23.16,-1.54733
23.162,0.766667
23.164,-2.96813
23.166,-1.00559
23.168,0.558445
23.17,3.43624
23.172,-2.02884
23.174,-0.36199
23.176,-0.789005
23.178,-0.318555
23.18,1.5216
23.182,1.55716
23.184,1.08106
23.186,-1.19496
23.188,-0.153258
23.19,2.82934
23.192,-0.975095
23.194,0.734763
23.196,2.4739
23.198,1.98444
23.2,1.36081
23.202,0.317082
23.204,2.97372
23.206,-0.396749
23.208,-0.954929
23.21,-1.13512
23.212,-1.13455
23.214,-1.93685
23.216,1.42807
23.218,1.03802
23.22,-0.499624
23.222,2.93388
23.224,-1.12332
23.226,1.57465
23.228,-0.539079
23.23,-1.93701
23.232,-0.532306
23.234,1.64707
23.236,-0.819603
23.238,-1.80056
23.24,0.850483
23.242,0.429125
23.244,1.5602
23.246,0.977536
23.248,0.72102
23.25,1.0701
23.252,1.53661
23.254,3.858
23.256,2.25411
23.258,-0.734033
23.26,-0.697291
23.262,-1.23684
23.264,0.781001
23.266,0.498863
23.268,0.995329
23.27,-1.31974
23.272,-3.50467
23.274,-0.912292
23.276,-0.116396
23.278,-0.700101
23.28,0.437313
23.282,3.56943
23.284,-0.843629
23.286,-0.128709
23.288,-1.59516
23.29,-1.56087
23.292,0.959558
23.294,0.564543
23.296,0.51682
23.298,1.04376
23.3,-2.11227
23.302,-3.35564
23.304,-0.806543
23.306,-1.36192
23.308,0.815889
23.31,2.83671
23.312,1.62293
23.314,1.85611
23.316,-1.82919
23.318,0.291549
23.32,0.000801067
23.322,-2.56438
23.324,2.32078
23.326,-0.671914
23.328,2.78793
23.33,-0.174503
23.332,3.78942
23.334,-0.39604
23.336,4.04153
23.338,-0.106177
23.34,0.547865
23.342,-1.50165
23.344,-1.35581
23.346,0.823867
23.348,1.10631
23.35,-2.29229
23.352,0.3874
23.354,-3.53241
23.356,-2.01468
23.358,-0.413619
23.36,-2.47498
23.362,-1.06978
23.364,0.205251
23.366,2.21878
23.368,-1.2679
23.37,-1.25986
23.372,1.61376
23.374,1.83383
23.376,-3.10965
23.378,1.45273
23.38,1.39716
23.382,-3.92052
23.384,-0.297675
23.386,-1.03218
23.388,-2.62656
23.39,-1.50291
23.392,-1.20254
23.394,-2.01751
23.396,0.494418
23.398,1.93257
23.4,-0.473211
23.402,1.19025
23.404,0.436414
23.406,1.89887
23.408,0.862182
23.41,-0.510248
23.412,-1.01907
23.414,-1.00642
23.416,-0.325738
23.418,0.806415
23.42,-1.01779
23.422,2.04083
23.424,2.0698
23.426,-0.894437
23.428,-2.61374
23.43,0.767868
23.432,-2.67659
23.434,1.81774
23.436,-2.24951
23.438,2.57402
23.44,0.121934
23.442,1.40345
23.444,1.41797
23.446,-2.27324
23.448,2.46191
23.45,-1.32528
23.452,-0.970628
23.454,-2.23245
23.456,-3.65951
23.458,-1.17851
23.46,1.50348
23.462,0.27132
23.464,1.74752
23.466,0.545521
23.468,1.92586
23.47,-1.28992
23.472,-2.3083
23.474,3.76615
23.476,-1.31145
23.478,0.396386
23.48,-0.972057
23.482,-1.88092
23.484,0.321046
23.486,-0.0873503
23.488,0.57676
23.49,3.17196
23.492,-1.0758
23.494,0.0224258
23.496,0.650311
23.498,3.04588
23.5,-2.09453
23.502,0.549947
23.504,2.87018
23.506,-0.650865
23.508,2.09468
23.51,-0.657106
23.512,3.65762
23.514,-0.470389
23.516,0.127222
23.518,-0.154321
23.52,-0.983253
23.522,-3.66928
23.524,-0.764291
23.526,-1.06929
23.528,2.27769
23.53,-2.99068
23.532,2.67987
23.534,-1.89653
23.536,-1.52178
23.538,1.70507
23.54,2.7777
23.542,-0.773179
23.544,0.182084
23.546,2.79079
23.548,-0.429761
23.55,0.65939
23.552,-2.87527
23.554,0.198995
23.556,-1.0503
23.558,4.07673
23.56,-2.43676
23.562,1.85346
23.564,-2.86866
23.566,1.63668
23.568,-2.75294
23.57,-0.910588
23.572,0.483003
23.574,0.0169995
23.576,2.44646
23.578,-0.662645
23.58,-0.357439
23.582,-1.58036
23.584,2.68199
23.586,2.16621
23.588,2.10321
23.59,-0.613304
23.592,-1.27531
23.594,-0.206787
23.596,2.55722
23.598,3.5673
23.6,-0.934095
23.602,2.7474
23.604,-0.861331
23.606,1.04073
23.608,1.82914
23.61,-2.20459
23.612,0.217917
23.614,1.35775
23.616,-0.557034
23.618,1.52026
23.62,-2.89873
23.622,0.278053
23.624,0.287702
23.626,-0.441706
23.628,2.39523
23.63,-2.38611
23.632,-0.578898
23.634,-1.46982
23.636,-1.97822
23.638,-3.46304
23.64,-4.68379
23.642,-4.81412
23.644,1.68324
23.646,-4.69959
23.648,-0.359411
23.65,-0.351739
23.652,-3.93916
23.654,-1.63886
23.656,1.7322
23.658,-1.13011
23.66,0.354121
23.662,1.07334
23.664,2.00238
23.666,-0.735611
23.668,1.39468
23.67,3.22821
23.672,-0.973274
23.674,-1.79234
23.676,2.1976
23.678,0.921461
23.68,-1.03911
23.682,0.744429
23.684,0.336166
23.686,3.83532
23.688,-0.434173
23.69,-0.315513
23.692,3.03014
23.694,-0.136896
23.696,3.74369
23.698,1.01474
23.7,2.89024
23.702,-0.44578
23.704,-2.39022
23.706,3.10661
23.708,-0.145656
23.71,-0.727261
23.712,-1.04141
23.714,-2.52311
23.716,0.599413
23.718,-3.83793
23.72,0.0763278
23.722,-0.172444
23.724,-1.77679
23.726,-3.01762
23.728,0.943034
23.73,-0.0410546
23.732,-2.05669
23.734,-1.51398
23.736,-3.34237
23.738,2.91694
23.74,0.468172
23.742,-1.5613
23.744,0.001389
23.746,3.70271
23.748,1.00605
23.75,-0.395987
23.752,-0.401522
23.754,3.74188
23.756,3.97582
23.758,1.2025
23.76,-0.103281
23.762,0.834561
23.764,1.49074
23.766,-2.49947
23.768,2.19134
23.77,1.05767
23.772,-2.65275
23.774,-0.262326
23.776,-3.19249
23.778,-2.84359
23.78,-2.01439
23.782,-5.21847
23.784,0.274418
23.786,-1.92743
23.788,0.178272
23.79,1.64116
23.792,0.920591
23.794,-2.20838
23.796,-3.57971
23.798,-2.53866
23.8,-0.698702
23.802,0.124679
23.804,0.771951
23.806,-0.434022
23.808,0.0839099
23.81,-0.526794
23.812,-1.36578
23.814,3.82395
23.816,1.02072
23.818,4.54664
23.82,3.30451
23.822,0.094192
23.824,3.13894
23.826,3.88048
23.828,1.03111
23.83,1.68942
23.832,5.20489
23.834,1.48775
23.836,-0.139506
23.838,3.0105
23.84,-0.381571
23.842,1.50304
23.844,4.60898
23.846,3.18953
23.848,4.59942
23.85,2.23601
23.852,-0.284906
23.854,-0.686792
23.856,-1.29142
23.858,-1.10195
23.86,-1.18084
23.862,0.0625203
23.864,-2.07819
23.866,-0.438113
23.868,0.186292
23.87,-1.69977
23.872,-6.98647
23.874,-3.95431
23.876,-1.49592
23.878,-4.7381
23.88,-2.25798
23.882,1.98676
23.884,-1.73948
23.886,-0.984186
23.888,-0.188807
23.89,-1.55506
23.892,-1.82554
23.894,1.75271
23.896,2.6767
23.898,-0.707745
23.9,2.37625
23.902,2.62943
23.904,1.4778
23.906,3.09508
23.908,-1.30036
23.91,0.527405
23.912,2.15184
23.914,-1.18591
23.916,-0.932229
23.918,0.734566
23.92,1.21815
23.922,2.37668
23.924,1.25111
23.926,-3.64278
23.928,1.12282
23.93,-0.520386
23.932,0.171189
23.934,1.21031
23.936,-1.24452
23.938,-1.2478
23.94,2.27345
23.942,-4.76729
23.944,-1.30054
23.946,0.86324
23.948,-0.439915
23.95,0.951797
23.952,-2.65331
23.954,-1.05365
23.956,0.325716
23.958,-1.03022
23.96,-0.429453
23.962,-0.71812
23.964,-1.76005
23.966,-1.54493
23.968,-1.21149
23.97,2.47439
23.972,-1.3892
23.974,-1.70262
23.976,2.13519
23.978,-0.701959
23.98,0.25014
23.982,4.1003
23.984,0.0327675
23.986,1.4581
23.988,0.327538
23.99,4.00922
23.992,2.42721
23.994,-2.28242
23.996,-3.17342
23.998,2.47852
24,3.83502
24.002,2.29827
24.004,1.1091
24.006,1.01301
24.008,1.00874
24.01,0.295874
24.012,3.02376
24.014,0.756345
24.016,0.110278
24.018,0.966775
24.02,2.06413
24.022,2.19105
24.024,2.84687
24.026,0.120561
24.028,-2.445
24.03,0.0342385
24.032,2.31981
24.034,3.63966
24.036,0.176982
24.038,-3.12168
24.04,-1.57362
24.042,0.251185
24.044,-1.09024
24.046,0.552543
24.048,0.874558
24.05,-3.14622
24.052,1.11129
24.054,-1.53847
24.056,-1.5867
24.058,-0.106488
24.06,-1.14861
24.062,-1.13459
24.064,-0.614846
24.066,2.49145
24.068,-1.4628
24.07,-1.66949
24.072,-0.64398
24.074,-3.07612
24.076,-3.54256
24.078,-1.66993
24.08,-1.85569
24.082,1.62822
24.084,-4.68029
24.086,-1.6685
24.088,0.36871
24.09,1.13172
24.092,1.57004
24.094,0.969177
24.096,-2.60297
24.098,0.775803
24.1,0.968685
24.102,3.98253
24.104,-1.10088
24.106,-2.44094
24.108,-3.26346
24.11,-3.04107
24.112,1.23001
24.114,1.83865
24.116,-1.82895
24.118,2.80026
24.12,2.51414
24.122,4.86017
24.124,0.324104
24.126,-1.40757
24.128,1.75016
24.13,1.25814
24.132,-1.09066
24.134,0.403197
24.136,-0.70178
24.138,0.298016
24.14,-0.580083
24.142,1.74105
24.144,1.40775
24.146,1.18891
24.148,-1.45719
24.15,0.868506
24.152,-0.471948
24.154,-2.32089
24.156,-0.95905
24.158,-1.0175
24.16,2.55467
24.162,-0.229026
24.164,-0.421771
24.166,-2.13957
24.168,-4.65166
24.17,-1.971
24.172,0.0528979
24.174,3.73893
24.176,-1.2566
24.178,-1.5917
24.18,4.7284
24.182,-0.142962
24.184,1.33265
24.186,0.301214
24.188,0.986804
24.19,1.80577
24.192,-1.31369
24.194,-3.44307
24.196,-0.507832
24.198,2.86484
24.2,0.8409
24.202,2.89867
24.204,2.68645
24.206,0.684699
24.208,-0.416746
24.21,-0.119275
24.212,-2.30008
24.214,0.885033
24.216,-0.447063
24.218,0.642066
24.22,0.830554
24.222,-0.298145
24.224,-1.42269
24.226,-0.381685
24.228,0.651271
24.23,0.45727
24.232,-0.125042
24.234,-1.19812
24.236,2.51855
24.238,1.85261
24.24,-0.935668
24.242,-1.61631
24.244,1.18305
24.246,5.17217
24.248,1.34269
24.25,1.84398
24.252,0.550171
24.254,1.10476
24.256,2.62841
24.258,0.363458
24.26,-0.760327
24.262,0.277738
24.264,3.00853
24.266,0.192249
24.268,1.71605
24.27,1.56925
24.272,-1.09884
24.274,1.43212
24.276,0.434617
24.278,2.17922
24.28,-4.80552
24.282,-1.40678
24.284,-0.521772
24.286,-3.4771
24.288,-1.4035
24.29,-0.282953
24.292,1.21858
24.294,-0.26406
24.296,-0.309318
24.298,-1.66548
24.3,-0.471677
24.302,-2.12542
24.304,-1.95242
24.306,-2.20911
24.308,-3.1845
24.31,1.61339
24.312,0.349551
24.314,-0.877702
24.316,-0.899016
24.318,3.23959
24.32,0.658184
24.322,1.7807
24.324,0.181263
24.326,-0.717562
24.328,-1.17263
24.33,-2.20799
24.332,-1.93986
24.334,-1.56164
24.336,-1.04443
24.338,-1.58311
24.34,-1.37702
24.342,1.08199
24.344,-1.08386
24.346,-1.18263
24.348,-0.851886
24.35,0.726508
24.352,1.79906
24.354,-1.12009
24.356,-1.10676
24.358,2.26165
24.36,-0.214568
24.362,4.72404
24.364,1.77243
24.366,0.965332
24.368,2.47877
24.37,-0.232404
24.372,1.27234
24.374,0.0383671
24.376,0.856743
24.378,1.12136
24.38,-1.7267
24.382,1.84664
24.384,1.56251
24.386,-0.569448
24.388,-2.2621
24.39,3.62044
24.392,-1.07272
24.394,-0.633192
24.396,-4.09857
24.398,1.49474
24.4,0.445109
24.402,2.57926
24.404,0.816872
24.406,3.51957
24.408,-0.333083
24.41,0.318035
24.412,0.616833
24.414,-0.434976
24.416,0.506103
24.418,0.536568
24.42,-0.341549
24.422,-1.50285
24.424,-0.662694
24.426,-4.19053
24.428,-1.42395
24.43,1.30678
24.432,-2.01453
24.434,-0.304504
24.436,-2.11649
24.438,0.865805
24.44,-1.16086
24.442,-0.191107
24.444,-2.22594
24.446,2.18917
24.448,-2.47931
24.45,0.0191378
24.452,5.42821
24.454,1.25496
24.456,3.70224
24.458,2.97574
24.46,-3.11421
24.462,-0.0286182
24.464,2.4539
24.466,4.01237
24.468,0.831856
24.47,1.91622
24.472,0.898576
24.474,-2.48985
24.476,0.986133
24.478,0.944025
24.48,1.70099
24.482,-3.9678
24.484,-2.56692
24.486,-0.722457
24.488,1.30376
24.49,2.89084
24.492,1.60928
24.494,-4.32113
24.496,2.30464
24.498,0.40603
24.5,3.39669
24.502,-1.64962
24.504,1.6578
24.506,1.91449
24.508,1.62855
24.51,-0.450341
24.512,0.340664
24.514,3.58723
24.516,0.435511
24.518,-0.444234
24.52,1.43147
24.522,0.0643968
24.524,-0.885816
24.526,-2.37467
24.528,4.29112
24.53,-2.34365
24.532,3.81756
24.534,0.666247
24.536,0.345409
24.538,3.00662
24.54,-4.05834
24.542,-0.72714
24.544,3.98845
24.546,0.25335
24.548,-0.221328
24.55,0.913272
24.552,2.3066
24.554,-0.17581
24.556,-0.986811
24.558,2.74677
24.56,-0.418542
24.562,-7.32803
24.564,-0.105474
24.566,-3.40422
24.568,-2.46072
24.57,-1.48902
24.572,1.1157
24.574,2.17496
24.576,-2.62406
24.578,-1.57253
24.58,-0.130266
24.582,4.15976
24.584,-4.21758
24.586,-3.63475
24.588,-0.452787
24.59,-1.8239
24.592,0.879265
24.594,0.569103
24.596,0.0276277
24.598,0.978978
24.6,0.346959
24.602,0.562164
24.604,0.525457
24.606,-0.333719
24.608,2.69306
24.61,2.37289
24.612,2.3315
24.614,0.103069
24.616,-0.262614
24.618,-0.18093
24.62,0.557632
24.622,-0.440862
24.624,-0.696803
24.626,-1.9116
24.628,2.0127
24.63,-2.83772
24.632,-1.67348
24.634,1.92869
24.636,-1.83725
24.638,-1.22848
24.64,2.08159
24.642,-1.98756
24.644,-2.22111
24.646,2.56746
24.648,-1.24709
24.65,-1.07373
24.652,-2.1172
24.654,-1.59181
24.656,-0.306804
24.658,-2.30525
24.66,-3.5023
24.662,2.45895
24.664,-1.1818
24.666,-4.77274
24.668,-3.72752
24.67,-2.2472
24.672,0.17437
24.674,-0.195305
24.676,3.02431
24.678,-1.40575
24.68,-0.626441
24.682,-3.30761
24.684,-0.257528
24.686,-1.45571
24.688,-4.19763
24.69,2.80838
24.692,-1.0689
24.694,2.35746
24.696,0.270478
24.698,1.4964
24.7,0.544282
24.702,2.72969
24.704,1.38137
24.706,3.82536
24.708,-2.66766
24.71,-0.424903
24.712,-5.21297
24.714,1.89016
24.716,2.73201
24.718,1.94645
24.72,3.47125
24.722,-3.74264
24.724,2.30773
24.726,-2.99076
24.728,1.7225
24.73,-1.43283
24.732,1.97899
24.734,-2.0681
24.736,-2.41076
24.738,-3.21774
24.74,-2.55051
24.742,0.419863
24.744,1.5472
24.746,-0.236781
24.748,-1.2514
24.75,3.56841
24.752,-2.41488
24.754,-0.844648
24.756,0.285917
24.758,-1.13526
24.76,-0.113023
24.762,0.0372312
24.764,2.0377
24.766,2.17686
24.768,-2.30217
24.77,1.17352
24.772,5.96
24.774,1.93056
24.776,0.431111
24.778,-0.474661
24.78,2.06439
24.782,0.545786
24.784,1.43808
24.786,-0.0809932
24.788,3.39393
24.79,0.0954648
24.792,2.90303
24.794,-1.37723
24.796,-4.37834
24.798,-1.21348
24.8,0.924741
24.802,4.40534
24.804,1.23381
24.806,-0.134093
24.808,0.482156
24.81,0.706925
24.812,2.25418
24.814,3.37946
24.816,1.11848
24.818,3.10252
24.82,3.04209
24.822,1.56678
24.824,2.33602
24.826,0.487865
24.828,-0.323472
24.83,2.33408
24.832,-4.30555
24.834,-1.88748
24.836,0.096825
24.838,-0.14349
24.84,-0.764042
24.842,0.395427
24.844,-2.02922
24.846,1.62526
24.848,0.304839
24.85,-4.46975
24.852,-0.0593159
24.854,-0.883975
24.856,-3.44446
24.858,-3.60016
24.86,0.172187
24.862,-0.169247
24.864,0.421771
24.866,-0.275155
24.868,2.63483
24.87,0.599239
24.872,0.163626
24.874,-3.43444
24.876,2.48543
24.878,1.81909
24.88,2.63592
24.882,4.63059
24.884,-2.22355
24.886,0.933439
24.888,1.31597
24.89,-0.696181
24.892,-4.00291
24.894,4.03075
24.896,-0.806569
24.898,0.97823
24.9,-2.1977
24.902,-0.177872
24.904,0.290556
24.906,-2.74414
24.908,-0.172064
24.91,-2.7449
24.912,1.25887
24.914,-0.658933
24.916,1.02992
24.918,0.0305824
24.92,-2.01854
24.922,1.16068
24.924,-2.85864
24.926,1.10981
24.928,-1.81333
24.93,-2.79068
24.932,0.806437
24.934,3.58284
24.936,1.81576
24.938,0.939241
24.94,-0.168675
24.942,-3.36237
24.944,-0.67894
24.946,-4.07654
24.948,-6.00441
24.95,-2.60123
24.952,-2.1924
24.954,2.87118
24.956,1.46751
24.958,-1.43555
24.96,-0.254908
24.962,-0.238393
24.964,-5.48293
24.966,0.357868
24.968,0.0712163
24.97,4.10487
24.972,-0.652846
24.974,1.91849
24.976,2.36874
24.978,-0.636174
24.98,2.39092
24.982,0.376473
24.984,1.65878
24.986,-0.75051
24.988,2.94928
24.99,0.534838
24.992,-1.95749
24.994,-0.451872
24.996,-2.05745
24.998,2.54045
25,-1.90141
25.002,-1.8848
25.004,4.2842
25.006,1.01833
25.008,0.245906
25.01,-3.61297
25.012,1.08823
25.014,-0.620908
25.016,-4.01236
25.018,-0.351308
25.02,-0.678796
25.022,2.07982
25.024,-0.806766
25.026,2.37408
25.028,0.74127
25.03,-1.54956
25.032,-2.72348
25.034,-0.441059
25.036,-0.812303
25.038,3.16802
25.04,-0.460545
25.042,2.72379
25.044,-0.822821
25.046,1.96758
25.048,3.24896
25.05,1.12631
25.052,2.54662
25.054,2.82958
25.056,3.04506
25.058,-1.49353
25.06,-2.2739
25.062,-1.36834
25.064,1.3951
25.066,-2.27225
25.068,-0.382525
25.07,1.39922
25.072,-1.26514
25.074,0.757418
25.076,0.198187
25.078,-1.60352
25.08,0.964033
25.082,0.124668
25.084,0.950692
25.086,0.791091
25.088,2.88179
25.09,-3.01539
25.092,1.15067
25.094,0.416817
25.096,0.194712
25.098,0.178757
25.1,1.81494
25.102,-1.17695
25.104,-3.12634
25.106,-1.08524
25.108,-1.63123
25.11,-2.53415
25.112,-2.19636
25.114,-0.582485
25.116,-5.65278
25.118,0.84146
25.12,-0.424455
25.122,0.060782
25.124,-0.632534
25.126,-2.01496
25.128,-0.133177
25.13,1.14498
25.132,-3.04765
25.134,-2.14941
25.136,0.794667
25.138,-2.29007
25.14,0.689932
25.142,-5.32122
25.144,0.689734
25.146,-1.62956
25.148,3.63379
25.15,4.62047
25.152,0.990892
25.154,2.41792
25.156,4.54351
25.158,0.459421
25.16,2.96653
25.162,4.27669
25.164,0.621605
25.166,2.68156
25.168,1.83847
25.17,0.764633
25.172,-0.69664
25.174,0.158634
25.176,1.44302
25.178,0.15936
25.18,2.4603
25.182,1.34894
25.184,-0.614744
25.186,-0.392501
25.188,-1.77831
25.19,2.77671
25.192,-0.733555
25.194,-2.4271
25.196,1.86723
25.198,-0.731919
25.2,-1.63969
25.202,-1.90104
25.204,-2.00513
25.206,-1.20195
25.208,-1.7821
25.21,2.92625
25.212,-0.760851
25.214,1.41011
25.216,-5.18513
25.218,-4.79176
25.22,-0.756284
25.222,-3.81677
25.224,-3.69671
25.226,1.0473
25.228,-3.06727
25.23,-1.93417
25.232,1.87539
25.234,2.57964
25.236,3.19787
25.238,-0.236673
25.24,-1.36804
25.242,1.56611
25.244,0.0917179
25.246,-1.06306
25.248,1.10583
25.25,0.292798
25.252,-3.1791
25.254,0.651826
25.256,-1.53346
25.258,-0.390469
25.26,-0.229478
25.262,-1.83232
25.264,-1.1373
25.266,0.893542
25.268,-1.03138
25.27,0.871749
25.272,2.22991
25.274,2.0917
25.276,3.41337
25.278,-2.76936
25.28,2.21438
25.282,-0.687112
25.284,0.0791439
25.286,-2.14406
25.288,0.7984
25.29,3.30645
25.292,0.786402
25.294,-0.276826
25.296,-3.69447
25.298,-1.58663
25.3,-0.449506
25.302,-1.60602
25.304,-1.08589
25.306,0.20782
25.308,1.53828
25.31,-3.82102
25.312,-1.74037
25.314,2.6634
25.316,-0.232031
25.318,-0.333503
25.32,-1.27672
25.322,2.20005
25.324,1.00208
25.326,0.96167
25.328,0.288396
25.33,-2.41975
25.332,0.383518
25.334,1.42014
25.336,2.40713
25.338,-1.3368
25.34,-0.373699
25.342,-1.83776
25.344,-1.00917
25.346,3.07903
25.348,0.227671
25.35,0.763283
25.352,-1.18398
25.354,-3.23472
25.356,-3.10864
25.358,-3.45967
25.36,-3.62302
25.362,1.01096
25.364,-1.52412
25.366,0.968286
25.368,-0.255403
25.37,2.67111
25.372,-0.176178
25.374,-0.655982
25.376,0.160673
25.378,2.87036
25.38,-0.0105944
25.382,1.98086
25.384,3.15937
25.386,0.64653
25.388,-0.49443
25.39,1.80422
25.392,-4.04124
25.394,-3.39898
25.396,-2.46472
25.398,-1.73886
25.4,-1.88642
25.402,-2.16579
25.404,-1.73367
25.406,-0.834552
25.408,0.664581
25.41,-2.06194
25.412,-1.15317
25.414,-1.01748
25.416,1.47052
25.418,-0.783533
25.42,4.50763
25.422,-1.35205
25.424,1.49572
25.426,2.81891
25.428,-2.81421
25.43,0.890714
25.432,2.192
25.434,2.54741
25.436,-1.0773
25.438,-2.38112
25.44,1.71831
25.442,2.72204
25.444,-0.348305
25.446,1.14547
25.448,-1.39145
25.45,-0.546379
25.452,-1.30744
25.454,-0.277026
25.456,-0.132636
25.458,-0.266376
25.46,-1.06296
25.462,-1.68295
25.464,-0.406453
25.466,1.53018
25.468,0.23043
25.47,3.13002
25.472,0.236405
25.474,1.63963
25.476,-2.2518
25.478,4.38644
25.48,2.26683
25.482,-0.909445
25.484,0.453063
25.486,1.11222
25.488,-0.675151
25.49,-1.17905
25.492,-1.2532
25.494,3.37179
25.496,-0.250713
25.498,-1.66764
25.5,1.11913
25.502,-1.15046
25.504,-1.0389
25.506,-1.15997
25.508,-1.41722
25.51,-0.821139
25.512,-0.320672
25.514,-0.998188
25.516,-0.455171
25.518,1.3879
25.52,-0.307088
25.522,-0.0251203
25.524,-0.840227
25.526,-0.910527
25.528,1.01967
25.53,-2.05994
25.532,0.428519
25.534,0.670732
25.536,-1.40636
25.538,0.922174
25.54,0.69061
25.542,1.78898
25.544,1.16569
25.546,0.210453
25.548,-1.3632
25.55,-1.97083
25.552,-1.24543
25.554,-2.14969
25.556,-0.547374
25.558,3.23731
25.56,0.801963
25.562,-4.57718
25.564,-0.170064
25.566,-0.424757
25.568,-3.15689
25.57,1.97349
25.572,0.554817
25.574,3.91854
25.576,-1.1341
25.578,1.72324
25.58,-4.61535
25.582,1.22563
25.584,0.245551
25.586,0.388357
25.588,-1.52852
25.59,0.603279
25.592,-0.761952
25.594,2.79745
25.596,-0.715786
25.598,3.51837
25.6,0.5658
25.602,1.98534
25.604,2.19546
25.606,0.885474
25.608,0.824115
25.61,-0.445158
25.612,-0.0797737
25.614,1.21525
25.616,-0.210527
25.618,-1.25351
25.62,0.52037
25.622,-1.20291
25.624,2.58616
25.626,-0.283887
25.628,0.114821
25.63,-3.01064
25.632,-1.53374
25.634,-0.842078
25.636,-3.06038
25.638,-1.48076
25.64,0.509385
25.642,-1.02154
25.644,3.12604
25.646,-2.56155
25.648,1.14988
25.65,-1.98087
25.652,1.29895
25.654,0.153775
25.656,-1.84658
25.658,-0.192546
25.66,4.20892
25.662,-2.08672
25.664,-1.84076
25.666,1.84071
25.668,-3.45621
25.67,-2.7752
25.672,-4.1099
25.674,-0.730096
25.676,-2.69806
25.678,0.584529
25.68,-1.29313
25.682,-2.02563
25.684,-3.46477
25.686,-1.81266
25.688,-0.18624
25.69,1.78634
25.692,0.83521
25.694,-0.721489
25.696,-0.854402
25.698,-1.4202
25.7,-3.35928
25.702,-2.91478
25.704,-1.30342
25.706,-5.34722
25.708,-5.70244
25.71,2.44176
25.712,-0.889763
25.714,1.68316
25.716,1.14387
25.718,2.57308
25.72,-0.996937
25.722,3.77036
25.724,2.15927
25.726,0.202149
25.728,1.89126
25.73,2.11295
25.732,2.74673
25.734,4.15727
25.736,-1.55398
25.738,-2.3315
25.74,-4.00012
25.742,-0.279274
25.744,0.302103
25.746,0.407889
25.748,1.84296
25.75,0.103728
25.752,1.1063
25.754,-1.00042
25.756,-2.43173
25.758,1.59303
25.76,-2.30059
25.762,-3.94459
25.764,-1.79688
25.766,-0.247918
25.768,0.332547
25.77,0.155214
25.772,2.07269
25.774,-1.14625
25.776,2.08187
25.778,-1.42133
25.78,-1.4521
25.782,1.79523
25.784,1.7854
25.786,2.72442
25.788,7.34743
25.79,-0.682121
25.792,4.56517
25.794,-0.374157
25.796,0.781771
25.798,3.64806
25.8,-0.869812
25.802,-0.672379
25.804,2.52029
25.806,2.40901
25.808,0.398243
25.81,-0.205177
25.812,-1.09607
25.814,1.03453
25.816,1.7849
25.818,0.0524744
25.82,1.32359
25.822,-2.20978
25.824,-2.30701
25.826,-0.11237
25.828,0.99458
25.83,-1.18343
25.832,0.420968
25.834,-2.36298
25.836,-2.96652
25.838,-2.59839
25.84,-1.26648
25.842,-3.35753
25.844,-0.621789
25.846,1.26441
25.848,-0.687478
25.85,-1.54078
25.852,-0.515649
25.854,-4.55312
25.856,2.95183
25.858,0.772462
25.86,4.38541
25.862,3.80617
25.864,-1.09197
25.866,2.48597
25.868,1.40201
25.87,3.46286
25.872,2.26441
25.874,1.01438
25.876,-0.169443
25.878,0.55856
25.88,0.715591
25.882,2.23802
25.884,-0.0238497
25.886,1.20923
25.888,-2.64785
25.89,-0.544498
25.892,-0.434948
25.894,1.88395
25.896,2.21877
25.898,-3.05953
25.9,0.0448052
25.902,-1.24997
25.904,-2.04035
25.906,1.7379
25.908,-1.9282
25.91,0.555235
25.912,-1.27395
25.914,0.969876
25.916,-2.70807
25.918,-1.88298
25.92,-4.13602
25.922,-2.48184
25.924,-1.101
25.926,-3.54423
25.928,-0.45887
25.93,-5.4408
25.932,-1.1349
25.934,2.49747
25.936,1.49197
25.938,-1.91753
25.94,-4.62405
25.942,1.70221
25.944,1.79177
25.946,0.497841
25.948,0.108051
25.95,-0.167386
25.952,-2.59427
25.954,-0.612115
25.956,1.29441
25.958,2.57419
25.96,-0.266042
25.962,1.78049
25.964,-2.10947
25.966,-0.149545
25.968,0.0925736
25.97,1.028
25.972,-2.02413
25.974,1.90731
25.976,3.55031
25.978,-2.47089
25.98,3.93579
25.982,0.0893646
25.984,1.50388
25.986,2.09364
25.988,-1.05652
25.99,-1.47022
25.992,0.112546
25.994,1.2793
25.996,-1.82013
25.998,-2.30249
26,-1.50804
26.002,1.15088
26.004,-0.712002
26.006,-3.35929
26.008,-0.303469
26.01,-2.83864
26.012,-3.50058
26.014,2.7533
26.016,-0.50029
26.018,-2.6019
26.02,1.78583
26.022,-1.75898
26.024,-0.783257
26.026,-0.901935
26.028,-3.93454
26.03,-1.1734
26.032,-2.48368
26.034,-4.47567
26.036,-1.35566
26.038,2.44952
26.04,-2.72328
26.042,-0.19654
26.044,0.184786
26.046,1.49187
26.048,1.40923
26.05,0.831647
26.052,1.73663
26.054,3.32672
26.056,0.530659
26.058,0.831776
26.06,0.727251
26.062,0.092633
26.064,0.182625
26.066,4.46654
26.068,2.3561
26.07,0.310661
26.072,1.77807
26.074,2.5966
26.076,0.0327099
26.078,2.08975
26.08,-3.99491
26.082,-0.0130496
26.084,0.368448
26.086,-2.03775
26.088,-1.73945
26.09,0.0604045
26.092,-1.34049
26.094,-1.6993
26.096,-2.47863
26.098,2.05494
26.1,2.39138
26.102,0.163211
26.104,-0.660644
26.106,2.9295
26.108,-1.04565
26.11,2.02391
26.112,-1.10511
26.114,-1.77508
26.116,0.1779
26.118,2.23616
26.12,1.11921
26.122,-1.66108
26.124,2.42383
26.126,-3.85177
26.128,-1.42062
26.13,2.50506
26.132,-0.159276
26.134,-1.30937
26.136,-3.32343
26.138,-2.97466
26.14,-2.62344
26.142,0.691423
26.144,2.56514
26.146,-1.46179
26.148,-3.40499
26.15,-0.798234
26.152,1.85722
26.154,0.520845
26.156,1.68189
26.158,-3.30532
26.16,3.85198
26.162,1.88504
26.164,-1.04907
26.166,1.49998
26.168,-2.17839
26.17,0.142929
26.172,-3.01322
26.174,-2.8655
26.176,-1.55495
26.178,0.593301
26.18,0.0793322
26.182,0.958173
26.184,-0.283596
26.186,1.69038
26.188,0.28009
26.19,-0.56852
26.192,-2.61514
26.194,-1.53351
26.196,-0.0119064
26.198,-0.39223
26.2,-0.73202
26.202,3.80394
26.204,1.0658
26.206,0.993162
26.208,-1.8845
26.21,-3.39968
26.212,-2.23101
26.214,0.825073
26.216,-2.47199
26.218,2.15801
26.22,2.65081
26.222,4.28892
26.224,-1.53756
26.226,2.32319
26.228,-0.681283
26.23,4.30771
26.232,4.01886
26.234,-0.353418
26.236,-2.31542
26.238,1.71904
26.24,-1.63559
26.242,-3.6744
26.244,0.631269
26.246,2.29138
26.248,-3.69696
26.25,0.544728
26.252,-1.02145
26.254,-2.22148
26.256,-3.43853
26.258,-2.4372
26.26,-0.33889
26.262,-1.29256
26.264,1.51254
26.266,0.748707
26.268,-0.162545
26.27,-1.791
26.272,1.28334
26.274,-0.586906
26.276,1.22579
26.278,0.10721
26.28,-0.234717
26.282,-1.17947
26.284,-1.02301
26.286,-0.882744
26.288,0.438244
26.29,1.55368
26.292,1.63095
26.294,-2.11001
26.296,1.30553
26.298,3.49095
26.3,0.226326
26.302,-2.54626
26.304,-2.82695
26.306,-2.03133
26.308,-1.93665
26.31,-0.560254
26.312,1.79201
26.314,-3.20838
26.316,0.0683265
26.318,-0.00646084
26.32,-2.07704
26.322,0.546792
26.324,-4.68695
26.326,-1.32398
26.328,3.04899
26.33,-2.29352
26.332,-0.589193
26.334,-0.871252
26.336,-0.00561086
26.338,0.345248
26.34,-2.25435
26.342,2.47061
26.344,-2.44858
26.346,2.52522
26.348,5.60222
26.35,3.22281
26.352,1.68455
26.354,-0.58365
26.356,1.5103
26.358,-1.6686
26.36,-1.22261
26.362,-0.506269
26.364,1.55252
26.366,1.22417
26.368,0.722216
26.37,-0.69658
26.372,2.80043
26.374,-0.94961
26.376,1.2371
26.378,1.87129
26.38,0.947215
26.382,-0.846599
26.384,0.983692
26.386,-0.984627
26.388,-0.867071
26.39,3.10287
26.392,-0.917807
26.394,2.77592
26.396,2.21245
26.398,-0.366329
26.4,0.725585
26.402,-1.15739
26.404,2.36263
26.406,0.0765994
26.408,-3.49132
26.41,0.924028
26.412,-0.964982
26.414,-1.46336
26.416,-1.55086
26.418,-0.407092
26.42,-0.183228
26.422,1.54145
26.424,-3.73514
26.426,-0.973259
26.428,0.658891
26.43,-0.236761
26.432,-3.38919
26.434,-0.143482
26.436,-2.53288
26.438,0.485713
26.44,-1.6482
26.442,-4.20619
26.444,-2.10147
26.446,1.02909
26.448,0.642076
26.45,-2.72119
26.452,-2.6147
26.454,0.627876
26.456,-1.67127
26.458,2.28815
26.46,0.130984
26.462,-2.19737
26.464,-1.59496
26.466,3.22454
26.468,2.0577
26.47,2.22342
26.472,1.50802
26.474,-2.79191
26.476,1.52313
26.478,1.19352
26.48,-0.649363
26.482,1.54917
26.484,0.189444
26.486,0.348975
26.488,1.95545
26.49,2.99176
26.492,0.915765
26.494,-1.38899
26.496,2.40787
26.498,-0.109781
26.5,-0.317994
26.502,-0.657805
26.504,0.915754
26.506,1.33809
26.508,-0.808184
26.51,-0.517885
26.512,-2.05418
26.514,0.243559
26.516,-0.777103
26.518,2.43942
26.52,1.19367
26.522,4.04895
26.524,3.45172
26.526,0.492053
26.528,-2.79194
26.53,1.64255
26.532,1.59749
26.534,-2.3169
26.536,1.90161
26.538,0.632389
26.54,-1.62541
26.542,0.663102
26.544,-4.06972
26.546,1.64816
26.548,-1.24336
26.55,-0.037859
26.552,-0.51804
26.554,-0.295391
26.556,1.22376
26.558,-1.00334
26.56,-3.68789
26.562,-0.797276
26.564,-3.03273
26.566,0.470163
26.568,0.718348
26.57,-0.317507
26.572,1.71826
26.574,-2.8234
26.576,-0.947966
26.578,2.79894
26.58,-4.56204
26.582,-2.17162
26.584,-0.612181
26.586,-1.25187
26.588,0.186446
26.59,-3.93276
26.592,-1.17612
26.594,-5.85511
26.596,0.00940282
26.598,-2.87014
26.6,2.37085
26.602,0.993222
26.604,1.82586
26.606,0.231562
26.608,0.918918
26.61,-1.14965
26.612,-2.38727
26.614,-0.894019
26.616,-2.41379
26.618,1.37743
26.62,-2.59861
26.622,-1.18935
26.624,2.86779
26.626,5.06953
26.628,-1.57945
26.63,3.46409
26.632,3.64184
26.634,1.18281
26.636,-1.60941
26.638,1.17573
26.64,2.35928
26.642,-2.54358
26.644,-0.535733
26.646,-0.754293
26.648,1.45785
26.65,-0.101453
26.652,0.573471
26.654,0.737233
26.656,0.175251
26.658,-1.88239
26.66,-1.1696
26.662,-0.230956
26.664,1.66386
26.666,2.44798
26.668,1.036
26.67,2.0995
26.672,-3.32031
26.674,-0.737376
26.676,-2.71562
26.678,-1.59316
26.68,-0.217069
26.682,-0.448391
26.684,1.07655
26.686,0.112644
26.688,-3.20828
26.69,-0.366611
26.692,0.274314
26.694,1.5942
26.696,-0.467691
26.698,-2.48802
26.7,-2.55706
26.702,-3.44421
26.704,0.322837
26.706,2.48753
26.708,-1.82767
26.71,1.72837
26.712,-0.332109
26.714,-1.71482
26.716,1.53171
26.718,-0.519182
26.72,-1.77086
26.722,3.28605
26.724,0.943308
26.726,0.430617
26.728,0.523671
26.73,-0.664393
26.732,1.52236
26.734,0.201183
26.736,1.51723
26.738,2.84793
26.74,-0.195945
26.742,-1.31478
26.744,0.276067
26.746,-0.673588
26.748,3.98389
26.75,0.571503
26.752,3.43487
26.754,0.744732
26.756,2.24127
26.758,1.83065
26.76,0.70625
26.762,2.1198
26.764,-0.523473
26.766,-1.46422
26.768,-1.87995
26.77,-1.31975
26.772,-0.491708
26.774,-0.345412
26.776,0.166904
26.778,0.89279
26.78,-3.98867
26.782,-0.244699
26.784,-1.30655
26.786,-1.65448
26.788,2.63539
26.79,-0.253303
26.792,0.0592264
26.794,0.75634
26.796,-1.38394
26.798,-2.76725
26.8,-3.79385
26.802,0.753399
26.804,-2.15071
26.806,-1.798
26.808,-3.38486
26.81,1.10622
26.812,1.04668
26.814,-0.124959
26.816,1.91964
26.818,-2.33523
26.82,-1.69148
26.822,-3.28101
26.824,-0.227111
26.826,-4.43247
26.828,0.433944
26.83,0.73098
26.832,-4.20872
26.834,-1.76887
26.836,1.63685
26.838,-2.00154
26.84,-2.90622
26.842,-3.76699
26.844,-1.55767
26.846,2.81302
26.848,1.30833
26.85,1.35799
26.852,-0.446621
26.854,-1.09548
26.856,1.31388
26.858,1.90117
26.86,-2.34454
26.862,0.538574
26.864,1.83103
26.866,3.03665
26.868,-0.804251
26.87,0.757914
26.872,-0.802932
26.874,1.99904
26.876,1.92544
26.878,-0.98365
26.88,1.21434
26.882,1.62646
26.884,2.94034
26.886,0.649846
26.888,1.37151
26.89,2.45828
26.892,-2.60839
26.894,1.68503
26.896,1.48253
26.898,-0.892933
26.9,0.0927362
26.902,3.41415
26.904,3.84406
26.906,-0.638534
26.908,-2.07542
26.91,3.50817
26.912,1.94239
26.914,0.088481
26.916,1.03544
26.918,3.71746
26.92,-0.124085
26.922,2.80469
26.924,0.305483
26.926,1.06403
26.928,1.41129
26.93,-3.79428
26.932,3.78483
26.934,-2.05993
26.936,2.43037
26.938,-1.15894
26.94,-4.25255
26.942,-0.791572
26.944,2.29708
26.946,-0.709071
26.948,0.651044
26.95,-0.326882
26.952,-5.16595
26.954,-0.140149
26.956,-3.02694
26.958,0.500747
26.96,-1.81327
26.962,-2.27555
26.964,1.87149
26.966,-1.52863
26.968,-1.89854
26.97,2.08973
26.972,0.488691
26.974,0.282616
26.976,0.616841
26.978,-1.02472
26.98,1.53516
26.982,-1.88302
26.984,-2.65027
26.986,-0.458592
26.988,1.05488
26.99,-0.955315
26.992,-3.02527
26.994,-2.99732
26.996,1.8564
26.998,-0.422668
27,0.774748
27.002,1.44315
27.004,-0.238441
27.006,2.69678
27.008,-1.00081
27.01,1.12983
27.012,0.448026
27.014,0.944672
27.016,-0.14866
27.018,0.270036
27.02,-2.12501
27.022,2.72982
27.024,-1.04384
27.026,-0.321901
27.028,-3.05457
27.03,-0.319109
27.032,-0.807905
27.034,0.873903
27.036,-3.65655
27.038,3.33309
27.04,0.980942
27.042,0.0296969
27.044,-1.192
27.046,-3.21823
27.048,-1.51109
27.05,-1.58961
27.052,2.91406
27.054,-1.63353
27.056,0.826213
27.058,0.646455
27.06,-0.503544
27.062,-4.12767
27.064,0.113544
27.066,-0.902727
27.068,0.617891
27.07,4.15333
27.072,-1.2075
27.074,2.13109
27.076,-2.89083
27.078,-1.96896
27.08,1.65604
27.082,-1.95871
27.084,3.70388
27.086,3.49131
27.088,1.06509
27.09,2.02907
27.092,0.397893
27.094,0.0656466
27.096,0.0102562
27.098,0.52607
27.1,-3.56923
27.102,-1.50767
27.104,1.66996
27.106,1.01888
27.108,-2.75332
27.11,-0.168004
27.112,1.7354
27.114,0.0708244
27.116,-2.7912
27.118,-2.73864
27.12,-3.42618
27.122,5.55328
27.124,2.77427
27.126,-1.66075
27.128,2.78478
27.13,-1.41492
27.132,-2.56467
27.134,0.248148
27.136,-1.19028
27.138,2.57504
27.14,-4.07097
27.142,1.3965
27.144,1.47992
27.146,1.93895
27.148,-2.54858
27.15,-1.6006
27.152,-2.24538
27.154,-0.863653
27.156,-2.31586
27.158,-0.922369
27.16,-3.84459
27.162,2.95602
27.164,-2.85242
27.166,-1.1164
27.168,1.29854
27.17,-5.19148
27.172,0.999225
27.174,-0.545318
27.176,-0.132939
27.178,-2.37374
27.18,-3.17982
27.182,2.03824
27.184,4.08902
27.186,2.37079
27.188,-0.445709
27.19,0.262215
27.192,2.35814
27.194,-1.34608
27.196,-0.638878
27.198,3.32438
27.2,-0.315369
27.202,0.811186
27.204,1.87843
27.206,-0.173586
27.208,-0.145249
27.21,-1.18576
27.212,-3.55874
27.214,-2.87924
27.216,0.773261
27.218,1.2582
27.22,0.4156
27.222,0.409066
27.224,3.68744
27.226,2.70688
27.228,-1.32229
27.23,-1.34762
27.232,0.673147
27.234,0.0431487
27.236,-0.597408
27.238,-1.3408
27.24,-0.812112
27.242,-1.05751
27.244,0.660516
27.246,0.779471
27.248,0.123365
27.25,-1.33124
27.252,-2.99226
27.254,0.434722
27.256,-0.700794
27.258,-0.911026
27.26,2.00489
27.262,-1.99748
27.264,-0.690923
27.266,1.53162
27.268,0.586101
27.27,2.50992
27.272,-3.0938
27.274,1.06294
27.276,1.93368
27.278,-1.87996
27.28,-4.30168
27.282,-1.52134
27.284,-3.65624
27.286,-1.54114
27.288,-0.969001
27.29,0.770512
27.292,-1.04708
27.294,1.89199
27.296,-0.472816
27.298,-0.739176
27.3,-4.41168
27.302,-1.63886
27.304,-2.41874
27.306,-2.01335
27.308,0.367397
27.31,0.858475
27.312,-0.62781
27.314,-0.992734
27.316,1.25687
27.318,-0.624804
27.32,2.91246
27.322,-0.127234
27.324,0.0870201
27.326,2.43354
27.328,-0.76225
27.33,1.24459
27.332,3.08196
27.334,-1.44386
27.336,-0.901215
27.338,1.31171
27.34,0.167701
27.342,-4.87573
27.344,0.767195
27.346,0.219928
27.348,1.84624
27.35,2.51122
27.352,-0.261954
27.354,-3.40047
27.356,-2.18421
27.358,2.93136
27.36,-1.30612
27.362,-0.264024
27.364,1.99909
27.366,0.360199
27.368,0.888535
27.37,1.62706
27.372,3.4183
27.374,-1.46794
27.376,-0.847669
27.378,1.38534
27.38,3.00319
27.382,0.0505378
27.384,-1.27073
27.386,3.28008
27.388,0.049281
27.39,2.28463
27.392,1.95086
27.394,0.0864629
27.396,3.85877
27.398,3.42782
27.4,2.16976
27.402,-2.17338
27.404,1.14702
27.406,-0.439539
27.408,2.83947
27.41,-0.232166
27.412,0.258779
27.414,0.446442
27.416,1.4225
27.418,-1.75053
27.42,-0.105693
27.422,-1.2166
27.424,-2.73009
27.426,-2.12325
27.428,0.395053
27.43,-1.79043
27.432,-1.31836
27.434,-2.24606
27.436,-1.53199
27.438,-1.2604
27.44,2.06093
27.442,-1.46359
27.444,-0.387571
27.446,0.179899
27.448,-1.59884
27.45,-0.707924
27.452,2.49574
27.454,-1.87852
27.456,1.10315
27.458,0.0091787
27.46,4.16686
27.462,1.77944
27.464,0.354023
27.466,0.802202
27.468,-1.53042
27.47,0.113818
27.472,0.564819
27.474,-1.75561
27.476,-0.567327
27.478,-0.65553
27.48,0.53286
27.482,2.46902
27.484,0.754016
27.486,-0.80679
27.488,0.188395
27.49,-1.10642
27.492,-1.49425
27.494,-0.314348
27.496,-3.52831
27.498,-0.5113
27.5,1.30446
27.502,2.52929
27.504,-1.25648
27.506,-0.422437
27.508,-0.959016
27.51,0.944749
27.512,0.661386
27.514,-1.89456
27.516,1.07197
27.518,0.264841
27.52,0.966741
27.522,-0.514007
27.524,-0.537566
27.526,0.833424
27.528,-0.389453
27.53,-0.952002
27.532,-0.754627
27.534,1.69758
27.536,0.887328
27.538,-0.34814
27.54,0.39772
27.542,2.96487
27.544,-1.29342
27.546,-2.02457
27.548,2.77237
27.55,1.34117
27.552,-4.40199
27.554,1.723
27.556,1.82563
27.558,-0.47665
27.56,1.67687
27.562,2.92694
27.564,-2.51827
27.566,-1.64351
27.568,0.137282
27.57,0.651167
27.572,0.15606
27.574,-2.45353
27.576,1.34227
27.578,2.53547
27.58,-0.948888
27.582,-1.09597
27.584,1.36581
27.586,0.0678523
27.588,-1.6355
27.59,-1.03625
27.592,-0.394942
27.594,-0.184245
27.596,-1.32638
27.598,-0.113955
27.6,1.43673
27.602,3.74631
27.604,0.137715
27.606,2.18069
27.608,-2.32595
27.61,0.679452
27.612,-1.0225
27.614,-2.44847
27.616,2.00077
27.618,1.79523
27.62,-1.10046
27.622,-0.702621
27.624,2.67404
27.626,0.376922
27.628,1.70024
27.63,5.00725
27.632,-1.58623
27.634,-0.520442
27.636,-2.13577
27.638,-2.97595
27.64,-0.412699
27.642,-4.69883
27.644,-2.14889
27.646,0.8538
27.648,-1.10791
27.65,1.45865
27.652,3.19331
27.654,0.799641
27.656,-2.22594
27.658,-1.03225
27.66,-0.541917
27.662,-1.61503
27.664,-3.45087
27.666,-1.93806
27.668,-0.690262
27.67,-0.7079
27.672,2.61305
27.674,2.25042
27.676,0.361949
27.678,1.23318
27.68,-1.99332
27.682,3.4956
27.684,0.396237
27.686,-1.33064
27.688,1.7173
27.69,1.24759
27.692,-0.548971
27.694,0.405699
27.696,1.40346
27.698,-2.66603
27.7,0.748939
27.702,1.06833
27.704,2.20368
27.706,-3.97454
27.708,0.711192
27.71,-3.11797
27.712,-0.797729
27.714,-0.728116
27.716,-4.17018
27.718,-1.62371
27.72,2.26864
27.722,-1.42724
27.724,0.745269
27.726,-1.49715
27.728,0.608065
27.73,0.660454
27.732,0.872453
27.734,1.40142
27.736,-3.41628
27.738,-0.728384
27.74,2.26165
27.742,-0.684101
27.744,1.11529
27.746,1.41104
27.748,1.53241
27.75,-0.585246
27.752,2.39477
27.754,0.410194
27.756,0.120401
27.758,0.613224
27.76,-4.15652
27.762,-2.73982
27.764,-2.41237
27.766,-1.15939
27.768,-1.55238
27.77,-1.19075
27.772,-3.44772
27.774,0.175004
27.776,-2.59104
27.778,-0.167159
27.78,-0.0686845
27.782,-2.92118
27.784,0.983992
27.786,1.90705
27.788,2.3523
27.79,-0.198102
27.792,-2.04014
27.794,-0.154728
27.796,0.10487
27.798,2.54504
27.8,-0.712786
27.802,0.101026
27.804,2.33174
27.806,-1.75921
27.808,4.22963
27.81,-0.958802
27.812,1.56638
27.814,2.90022
27.816,2.06493
27.818,-1.94298
27.82,0.915432
27.822,0.646092
27.824,0.910628
27.826,1.30862
27.828,2.85056
27.83,1.90678
27.832,2.36696
27.834,2.18099
27.836,-1.82058
27.838,0.911724
27.84,-1.00727
27.842,-0.142959
27.844,-2.63118
27.846,3.5623
27.848,0.537633
27.85,0.221181
27.852,-1.00476
27.854,-1.02017
27.856,1.91934
27.858,-1.17933
27.86,-3.38433
27.862,-2.74808
27.864,-0.461175
27.866,-2.87886
27.868,-3.03513
27.87,1.75839
27.872,0.110594
27.874,-1.52674
27.876,-0.277391
27.878,-1.92971
27.88,0.690368
27.882,-2.31986
27.884,2.36633
27.886,1.25638
27.888,2.96593
27.89,-2.17554
27.892,-0.469315
27.894,-0.608402
27.896,-2.96621
27.898,-2.66572
27.9,0.10825
27.902,-0.913445
27.904,-0.094782
27.906,-2.91578
27.908,-4.97792
27.91,-2.78589
27.912,0.568905
27.914,1.63809
27.916,-1.29208
27.918,-1.92264
27.92,-3.03633
27.922,-0.0486442
27.924,0.483813
27.926,-1.59046
27.928,0.18503
27.93,0.387057
27.932,-0.371419
27.934,-0.265971
27.936,-0.62287
27.938,-1.53978
27.94,1.08048
27.942,1.33148
27.944,2.13428
27.946,4.7864
27.948,4.53045
27.95,1.18552
27.952,-1.47234
27.954,1.23027
27.956,0.882252
27.958,-0.112291
27.96,0.293517
27.962,-0.752074
27.964,3.89959
27.966,1.81239
27.968,2.7941
27.97,1.7862
27.972,-0.692107
27.974,2.05029
27.976,2.80521
27.978,2.0846
27.98,-5.42171
27.982,-1.40131
27.984,1.36777
27.986,-2.93598
27.988,0.0299187
27.99,-0.916639
27.992,-1.98466
27.994,-3.83967
27.996,-2.07522
27.998,0.601338
28,2.3734
28.002,-5.9365
28.004,-3.6348
28.006,0.654126
28.008,-3.15768
28.01,-3.90883
28.012,-0.199137
28.014,-3.64973
28.016,-1.12899
28.018,-2.24473
28.02,-0.13746
28.022,-0.736123
28.024,2.13457
28.026,2.0304
28.028,-2.00614
28.03,1.55135
28.032,2.67497
28.034,5.14097
28.036,3.87338
28.038,1.14501
28.04,-0.49185
28.042,2.02037
28.044,-1.07768
28.046,0.575649
28.048,1.6598
28.05,-0.70983
28.052,-0.728437
28.054,2.65405
28.056,-0.448695
28.058,3.30697
28.06,-1.38096
28.062,3.13203
28.064,0.280545
28.066,-1.89761
28.068,1.15912
28.07,-1.02226
28.072,-0.190532
28.074,-1.58405
28.076,3.57374
28.078,-3.0487
28.08,-0.392666
28.082,-1.42248
28.084,2.47549
28.086,2.11023
28.088,0.384412
28.09,1.4295
28.092,-2.49648
28.094,1.94128
28.096,2.82731
28.098,4.25588
28.1,1.68911
28.102,0.532155
28.104,-3.10185
28.106,0.86447
28.108,0.632174
28.11,3.36202
28.112,-0.396741
28.114,-0.565954
28.116,-2.5877
28.118,-2.49915
28.12,-2.60066
28.122,-4.11494
28.124,-0.0301547
28.126,-1.0224
28.128,-3.0447
28.13,-0.021018
28.132,-1.7201
28.134,-0.994081
28.136,-1.95939
28.138,-0.261257
28.14,-1.26143
28.142,-4.14898
28.144,-2.55464
28.146,2.48871
28.148,-1.07438
28.15,-0.224123
28.152,-3.28479
28.154,0.802378
28.156,-1.88105
28.158,3.90433
28.16,2.46688
28.162,0.601626
28.164,4.92575
28.166,2.80076
28.168,-0.359557
28.17,4.28784
28.172,1.67758
28.174,1.48864
28.176,2.67907
28.178,1.54825
28.18,-3.31997
28.182,-0.658445
28.184,-2.74176
28.186,-0.904019
28.188,-2.943
28.19,0.53144
28.192,0.237452
28.194,1.80407
28.196,-3.76041
28.198,2.94641
28.2,4.41034
28.202,-0.194906
28.204,2.29253
28.206,-1.60332
28.208,2.5993
28.21,0.892521
28.212,-3.04147
28.214,6.60283
28.216,-1.07769
28.218,0.305439
28.22,-2.25065
28.222,-1.16464
28.224,-1.91851
28.226,-0.821037
28.228,2.41899
28.23,-0.226309
28.232,0.339365
28.234,-2.79165
28.236,2.54922
28.238,-1.74995
28.24,-0.463989
28.242,2.08853
28.244,-1.10738
28.246,-2.29048
28.248,1.99428
28.25,-0.172352
28.252,-0.432873
28.254,1.98823
28.256,-2.17203
28.258,-0.515772
28.26,-3.07176
28.262,-0.738
28.264,-0.642502
28.266,1.20259
28.268,-0.441186
28.27,2.55485
28.272,1.02626
28.274,0.280773
28.276,2.90268
28.278,-1.27545
28.28,-1.29008
28.282,-0.439116
28.284,0.754121
28.286,0.696029
28.288,-2.71845
28.29,-2.09503
28.292,-2.53281
28.294,-2.98201
28.296,1.61269
28.298,-0.999632
28.3,-0.242191
28.302,-0.191263
28.304,-1.21965
28.306,-2.77132
28.308,-1.07618
28.31,-0.225093
28.312,0.72421
28.314,0.548929
28.316,0.555113
28.318,-2.55384
28.32,-1.83746
28.322,1.85897
28.324,-2.40749
28.326,2.95395
28.328,0.226508
28.33,0.333559
28.332,4.16304
28.334,-3.36556
28.336,1.77549
28.338,-0.125208
28.34,-1.84397
28.342,2.08558
28.344,-4.07286
28.346,-0.37808
28.348,-1.989
28.35,-0.766487
28.352,-0.846171
28.354,1.11089
28.356,-0.531918
28.358,-1.71734
28.36,-1.44619
28.362,0.684379
28.364,2.97926
28.366,0.149976
28.368,2.97656
28.37,2.01385
28.372,0.808091
28.374,-0.164515
28.376,1.58509
28.378,-1.93157
28.38,3.39921
28.382,3.26208
28.384,-0.166915
28.386,-0.309842
28.388,2.20537
28.39,-0.0619244
28.392,-4.63602
28.394,-0.539638
28.396,-0.501893
28.398,-0.382666
28.4,-0.487513
28.402,-0.540374
28.404,0.705919
28.406,2.02135
28.408,1.27489
28.41,-3.02474
28.412,1.72638
28.414,-0.220937
28.416,-0.437433
28.418,-0.707916
28.42,3.21892
28.422,0.371037
28.424,0.0604835
28.426,-0.717271
28.428,-1.1779
28.43,-0.379945
28.432,-2.20245
28.434,0.902455
28.436,-0.523491
28.438,-3.35686
28.44,-0.404038
28.442,-1.69561
28.444,-0.993938
28.446,-3.94351
28.448,0.0017001
28.45,-0.729635
28.452,0.0357156
28.454,1.58971
28.456,-1.97034
28.458,1.13248
28.46,-1.35303
28.462,1.61602
28.464,-0.639761
28.466,2.9156
28.468,0.894331
28.47,0.892136
28.472,2.02561
28.474,2.52453
28.476,0.559087
28.478,3.78765
28.48,2.11391
28.482,1.42725
28.484,1.2457
28.486,1.71235
28.488,4.90256
28.49,1.29078
28.492,-2.8908
28.494,-0.62799
28.496,-1.18337
28.498,-0.605064
28.5,-2.56915
28.502,-1.84296
28.504,-3.21305
28.506,-1.44682
28.508,-2.35568
28.51,-2.57099
28.512,-2.66697
28.514,-3.51106
28.516,3.97184
28.518,1.08241
28.52,0.661304
28.522,-1.72919
28.524,0.408754
28.526,-2.23647
28.528,-3.82666
28.53,-1.05764
28.532,0.669667
28.534,-2.12649
28.536,0.854473
28.538,0.481526
28.54,-2.73382
28.542,-0.232685
28.544,0.348648
28.546,0.212611
28.548,0.984042
28.55,-0.944192
28.552,-1.08925
28.554,-0.367075
28.556,-1.22563
28.558,1.13918
28.56,1.29884
28.562,-0.910385
28.564,2.31061
28.566,3.14655
28.568,-1.87602
28.57,-2.16644
28.572,2.10301
28.574,-1.61977
28.576,-3.46635
28.578,1.45824
28.58,2.68519
28.582,-0.728058
28.584,1.22105
28.586,-2.88667
28.588,1.66312
28.59,4.96045
28.592,-0.696874
28.594,0.230036
28.596,1.09137
28.598,-2.21004
28.6,1.47468
28.602,1.1562
28.604,-0.232855
28.606,1.96018
28.608,1.0441
28.61,-0.209964
28.612,-1.26854
28.614,0.656327
28.616,-3.57526
28.618,-1.50999
28.62,-0.602372
28.622,-0.856241
28.624,-2.68537
28.626,-1.38983
28.628,1.94354
28.63,-1.31989
28.632,1.21368
28.634,2.75937
28.636,-0.0177347
28.638,2.13928
28.64,2.00109
28.642,-0.496947
28.644,1.90514
28.646,-1.06488
28.648,4.96611
28.65,0.0604297
28.652,2.40338
28.654,-2.70724
28.656,-4.96231
28.658,-1.36705
28.66,-2.25425
28.662,2.15426
28.664,0.0809678
28.666,-2.44623
28.668,-1.44481
28.67,1.07796
28.672,3.96234
28.674,-2.0238
28.676,2.49403
28.678,-0.149413
28.68,1.1981
28.682,4.39085
28.684,-2.31513
28.686,-0.0632563
28.688,3.98876
28.69,-2.60005
28.692,-0.454176
28.694,0.325955
28.696,-0.865295
28.698,-0.774852
28.7,-0.883742
28.702,-0.456592
28.704,-0.289561
28.706,-1.91996
28.708,-1.13811
28.71,0.410971
28.712,-3.00302
28.714,-0.0239457
28.716,-2.64713
28.718,1.09647
28.72,-4.95505
28.722,2.37734
28.724,-1.60174
28.726,-0.35385
28.728,-0.166298
28.73,-0.161345
28.732,-0.725825
28.734,-3.82103
28.736,-1.0613
28.738,-2.1565
28.74,0.406881
28.742,2.07895
28.744,0.952469
28.746,-2.7367
28.748,0.593839
28.75,-0.56304
28.752,1.82482
28.754,0.317279
28.756,0.137987
28.758,2.55591
28.76,1.29096
28.762,-1.04857
28.764,-1.82953
28.766,-4.4815
28.768,1.28823
28.77,0.577651
28.772,1.31511
28.774,0.5543
28.776,-1.62481
28.778,1.22796
28.78,3.53805
28.782,2.71796
28.784,2.18574
28.786,1.42894
28.788,0.179959
28.79,1.24724
28.792,0.587821
28.794,1.61377
28.796,-0.974793
28.798,4.75303
28.8,-0.134181
28.802,4.55803
28.804,-2.42673
28.806,-1.63735
28.808,-0.308669
28.81,3.6492
28.812,0.688869
28.814,3.60836
28.816,2.61324
28.818,3.1754
28.82,0.491374
28.822,4.01656
28.824,2.08697
28.826,2.02315
28.828,4.02585
28.83,0.392692
28.832,-0.466364
28.834,-0.248183
28.836,-3.16732
28.838,-1.33927
28.84,-0.135541
28.842,2.47156
28.844,-0.258171
28.846,0.569326
28.848,-0.973583
28.85,4.99979
28.852,-3.16488
28.854,-4.74498
28.856,-3.59844
28.858,0.295281
28.86,-3.17675
28.862,-2.008
28.864,-1.1069
28.866,-1.99968
28.868,-0.645304
28.87,-2.53846
28.872,0.163591
28.874,0.341668
28.876,1.40074
28.878,-2.21894
28.88,0.413126
28.882,-1.24991
28.884,-0.784967
28.886,0.474597
28.888,-1.93176
28.89,2.34714
28.892,1.54836
28.894,2.7214
28.896,1.78551
28.898,2.095
28.9,-0.551114
28.902,2.40667
28.904,-4.21278
28.906,0.234
28.908,-3.60437
28.91,0.294815
28.912,1.8491
28.914,-0.68331
28.916,-3.97536
28.918,0.994413
28.92,2.18678
28.922,1.86073
28.924,1.90425
28.926,-4.72746
28.928,-0.382667
28.93,0.190215
28.932,0.318511
28.934,0.902958
28.936,-3.59495
28.938,-0.850385
28.94,-4.02194
28.942,-1.27736
28.944,-3.95673
28.946,-4.6465
28.948,-1.51578
28.95,0.150472
28.952,-2.76214
28.954,2.41822
28.956,0.281176
28.958,0.226738
28.96,0.139528
28.962,1.11078
28.964,-1.7578
28.966,2.58618
28.968,1.51952
28.97,-0.960868
28.972,-0.26042
28.974,0.806365
28.976,0.23722
28.978,-4.1228
28.98,2.61106
28.982,-2.64911
28.984,2.06208
28.986,-0.654283
28.988,1.32273
28.99,-0.237214
28.992,-2.21874
28.994,-3.22948
28.996,2.99796
28.998,0.506001
29,0.557565
29.002,-0.410193
29.004,1.20085
29.006,-0.566326
29.008,-2.68814
29.01,1.09451
29.012,2.1435
29.014,-1.07081
29.016,1.89001
29.018,3.24428
29.02,-0.110855
29.022,-2.87583
29.024,-0.821405
29.026,-1.9944
29.028,1.62673
29.03,-0.692125
29.032,1.82539
29.034,-0.613566
29.036,3.01243
29.038,-2.2158
29.04,-0.555971
29.042,-0.692304
29.044,-0.325878
29.046,0.0601022
29.048,-1.82076
29.05,-3.3499
29.052,-1.56081
29.054,-0.753187
29.056,3.8259
29.058,1.72435
29.06,4.58575
29.062,3.4834
29.064,-1.32569
29.066,-0.410646
29.068,1.47426
29.07,0.601637
29.072,1.45017
29.074,0.536938
29.076,-0.739752
29.078,-0.00535584
29.08,-1.50838
29.082,0.240583
29.084,-0.205679
29.086,-0.597331
29.088,1.41448
29.09,3.58263
29.092,-3.30378
29.094,-2.14709
29.096,-0.586549
29.098,-0.381739
29.1,-2.71643
29.102,2.27134
29.104,-2.3651
29.106,-3.08404
29.108,1.10846
29.11,-0.0551859
29.112,-0.863234
29.114,-0.811704
29.116,-1.09976
29.118,1.35451
29.12,-0.140722
29.122,2.33983
29.124,2.47331
29.126,2.11179
29.128,-0.493832
29.13,2.88507
29.132,-0.299347
29.134,0.381649
29.136,-1.16437
29.138,-1.15188
29.14,-0.813667
29.142,0.270667
29.144,-1.39899
29.146,-0.562226
29.148,1.06353
29.15,-0.269689
29.152,-1.09724
29.154,-1.05402
29.156,3.73422
29.158,-2.67237
29.16,0.578622
29.162,-1.35207
29.164,2.41181
29.166,5.52093
29.168,3.07436
29.17,-1.27189
29.172,1.87171
29.174,-3.64951
29.176,-0.158784
29.178,2.37957
29.18,1.14138
29.182,-0.924553
29.184,-0.629026
29.186,1.37562
29.188,0.494378
29.19,-0.0675112
29.192,1.75305
29.194,2.24476
29.196,0.262779
29.198,0.752423
29.2,-3.57984
29.202,-1.79447
29.204,-0.683359
29.206,-2.57429
29.208,1.08634
29.21,-1.88189
29.212,-1.60395
29.214,0.0041023
29.216,2.63302
29.218,-0.0852169
29.22,-2.66448
29.222,3.49275
29.224,-2.29436
29.226,0.108041
29.228,3.79413
29.23,-0.999398
29.232,-1.37197
29.234,1.13567
29.236,-3.07125
29.238,2.73005
29.24,-0.183082
29.242,1.32953
29.244,1.48877
29.246,-0.0385134
29.248,2.60191
29.25,-2.74064
29.252,1.82641
29.254,-2.87661
29.256,0.525374
29.258,-1.70251
29.26,-0.631551
29.262,0.724441
29.264,1.37882
29.266,1.30739
29.268,-0.936849
29.27,-3.69785
29.272,3.62018
29.274,-2.44769
29.276,-1.46378
29.278,0.783514
29.28,0.976819
29.282,-0.58987
29.284,0.588558
29.286,-2.77743
29.288,-0.133282
29.29,0.633698
29.292,-1.65411
29.294,1.93199
29.296,-2.21195
29.298,0.643188
29.3,-0.798549
29.302,-1.43394
29.304,0.297278
29.306,-2.86491
29.308,-2.88777
29.31,-0.227586
29.312,1.739
29.314,-2.58995
29.316,-0.620056
29.318,-0.652169
29.32,-1.62529
29.322,0.808396
29.324,1.96095
29.326,2.33973
29.328,-0.40944
29.33,2.21564
29.332,1.53125
29.334,-1.2349
29.336,3.12708
29.338,-0.737803
29.34,2.26947
29.342,-0.236878
29.344,0.00709448
29.346,-2.69847
29.348,0.652755
29.35,-1.01543
29.352,-4.2168
29.354,2.30971
29.356,-0.00372669
29.358,-1.73257
29.36,0.810788
29.362,0.469434
29.364,-2.6176
29.366,0.42591
29.368,-0.537969
29.37,1.74752
29.372,2.3367
29.374,-1.43118
29.376,-3.88786
29.378,0.202084
29.38,2.63109
29.382,3.62265
29.384,0.956562
29.386,0.315341
29.388,-3.68201
29.39,-1.96557
29.392,3.88469
29.394,-0.0513449
29.396,-2.6826
29.398,0.0105528
29.4,1.63281
29.402,1.74307
29.404,-1.59769
29.406,-2.35576
29.408,-0.710087
29.41,-1.3145
29.412,0.834896
29.414,-4.866
29.416,-1.65861
29.418,0.260287
29.42,0.449149
29.422,-3.71666
29.424,1.53477
29.426,-1.90401
29.428,0.354263
29.43,-2.00061
29.432,2.20914
29.434,-1.75397
29.436,-0.853634
29.438,0.0942258
29.44,-2.18131
29.442,0.304292
29.444,0.22377
29.446,-0.813706
29.448,-0.315137
29.45,-2.02206
29.452,1.11909
29.454,-1.28781
29.456,0.748774
29.458,1.43354
29.46,-1.19435
29.462,0.840561
29.464,0.682627
29.466,0.961042
29.468,3.82769
29.47,2.96524
29.472,1.27715
29.474,-0.254573
29.476,-1.07926
29.478,0.348787
29.48,3.11715
29.482,-0.983305
29.484,2.6623
29.486,-0.788104
29.488,-5.68305
29.49,-0.337172
29.492,-1.73802
29.494,-2.71259
29.496,-4.84289
29.498,1.43949
29.5,0.16038
29.502,1.11922
29.504,-1.64203
29.506,1.27865
29.508,-2.81273
29.51,-0.0649776
29.512,-1.94722
29.514,0.516888
29.516,0.97539
29.518,-0.328833
29.52,1.54438
29.522,0.628704
29.524,2.34033
29.526,0.399717
29.528,2.07059
29.53,2.01096
29.532,-1.56172
29.534,-2.75602
29.536,2.9215
29.538,-0.22719
29.54,-1.11658
29.542,-0.731015
29.544,-2.93306
29.546,-3.23325
29.548,0.76666
29.55,1.13659
29.552,3.10098
29.554,-0.0945862
29.556,2.29571
29.558,-1.12648
29.56,1.02177
29.562,-1.63374
29.564,-1.7397
29.566,-0.386821
29.568,-1.3095
29.57,-0.510027
29.572,3.82185
29.574,0.662629
29.576,-1.94775
29.578,1.35754
29.58,-1.03773
29.582,3.05541
29.584,0.216231
29.586,-1.62818
29.588,0.677769
29.59,-0.138191
29.592,-1.11117
29.594,0.475416
29.596,0.615809
29.598,0.211291
29.6,-0.503333
29.602,0.613619
29.604,-0.184957
29.606,-0.381273
29.608,-0.566827
29.61,1.97873
29.612,0.769952
29.614,4.54481
29.616,0.7702
29.618,1.17193
29.62,0.177764
29.622,3.90394
29.624,-2.3488
29.626,1.44115
29.628,-0.46996
29.63,-1.17894
29.632,1.22027
29.634,-0.702886
29.636,0.373839
29.638,-1.11799
29.64,-0.356097
29.642,0.240771
29.644,-0.195733
29.646,-0.988302
29.648,1.96075
29.65,2.85778
29.652,-0.799487
29.654,-1.47639
29.656,0.554054
29.658,0.00728075
29.66,0.783288
29.662,-0.231469
29.664,3.85901
29.666,-5.57302
29.668,0.355516
29.67,-2.00175
29.672,0.636721
29.674,2.36522
29.676,-1.07474
29.678,-5.05369
29.68,-0.902589
29.682,-0.0241594
29.684,0.756519
29.686,-1.63566
29.688,-1.84176
29.69,-0.184809
29.692,-2.05205
29.694,-1.31416
29.696,-5.24848
29.698,-1.79299
29.7,-2.02845
29.702,-0.279459
29.704,1.48111
29.706,-2.47406
29.708,3.55765
29.71,2.36871
29.712,1.55176
29.714,-2.31424
29.716,-1.86203
29.718,-2.30451
29.72,0.454763
29.722,0.571372
29.724,-0.827518
29.726,5.87162
29.728,0.383133
29.73,0.97752
29.732,-0.261227
29.734,3.46764
29.736,4.18774
29.738,3.4811
29.74,2.53648
29.742,1.71294
29.744,-4.91554
29.746,3.23387
29.748,1.66646
29.75,-0.295121
29.752,-0.856855
29.754,1.43076
29.756,-0.825189
29.758,3.12426
29.76,2.52516
29.762,2.03008
29.764,-3.47489
29.766,-1.38981
29.768,-3.63347
29.77,-4.83241
29.772,2.17141
29.774,-1.08295
29.776,-1.09554
29.778,-1.28534
29.78,-0.79161
29.782,-2.41435
29.784,-1.19886
29.786,2.21757
29.788,1.03499
29.79,2.23016
29.792,-5.29132
29.794,-1.65694
29.796,3.99054
29.798,-1.78215
29.8,-1.40729
29.802,0.621655
29.804,-3.91958
29.806,-0.257836
29.808,-1.80951
29.81,-1.98533
29.812,-3.11863
29.814,-1.8357
29.816,-4.45209
29.818,0.908367
29.82,2.11235
29.822,0.864586
29.824,1.24598
29.826,-2.19358
29.828,-1.57975
29.83,1.23991
29.832,0.0595901
29.834,-2.67355
29.836,0.166561
29.838,-1.58394
29.84,1.33531
29.842,-0.106138
29.844,-0.116687
29.846,0.76882
29.848,0.295107
29.85,-0.046597
29.852,1.3858
29.854,1.36988
29.856,-1.36014
29.858,-0.955143
29.86,0.353716
29.862,-1.90478
29.864,0.0999332
29.866,0.283678
29.868,-1.56243
29.87,3.81752
29.872,1.30378
29.874,4.20815
29.876,1.1458
29.878,1.20252
29.88,2.88846
29.882,0.749589
29.884,-1.43902
29.886,-2.28064
29.888,2.85282
29.89,0.118007
29.892,-3.2327
29.894,0.806508
29.896,-1.41639
29.898,-2.60034
29.9,-1.40572
29.902,-2.46697
29.904,-1.36194
29.906,-0.0859711
29.908,0.712489
29.91,2.08395
29.912,2.48284
29.914,0.851745
29.916,1.14088
29.918,-0.132407
29.92,0.12121
29.922,-0.602364
29.924,-2.76601
29.926,0.664238
29.928,0.27814
29.93,0.816079
29.932,-0.818543
29.934,1.27606
29.936,0.744217
29.938,-0.0746231
29.94,-1.18138
29.942,-0.754585
29.944,-1.88553
29.946,-2.86831
29.948,0.611208
29.95,-0.439028
29.952,0.832741
29.954,-0.14032
29.956,-0.331209
29.958,0.458373
29.96,2.34863
29.962,-0.202595
29.964,3.1854
29.966,-2.02306
29.968,-1.1681
29.97,-0.270304
29.972,-0.731357
29.974,0.547482
29.976,2.37246
29.978,1.06417
29.98,3.08265
29.982,0.368552
29.984,0.610563
29.986,-0.964704
29.988,-0.548144
29.99,-0.71108
29.992,0.0330658
29.994,-0.718969
29.996,-4.41284
29.998,1.12441
30,-4.67799
30.002,-0.0941044
30.004,0.55707
30.006,1.24885
30.008,0.884478
30.01,-1.44608
30.012,-0.959434
30.014,-1.25921
30.016,-1.93292
30.018,0.158516
30.02,-0.0528944
30.022,-0.723293
30.024,-0.0804016
30.026,-3.46451
30.028,-2.72023
30.03,-0.637223
30.032,2.06123
30.034,-3.79028
30.036,3.78835
30.038,-0.915619
30.04,1.1088
30.042,-0.872465
30.044,0.807328
30.046,-1.43871
30.048,3.65374
30.05,0.326722
30.052,-0.444387
30.054,-0.181159
30.056,-0.528355
30.058,0.186416
30.06,0.650018
30.062,1.23714
30.064,-2.17806
30.066,1.1907
30.068,-2.16195
30.07,-2.63034
30.072,1.85973
30.074,-2.00339
30.076,-3.31907
30.078,1.38463
30.08,3.03692
30.082,-1.8123
30.084,2.14587
30.086,-0.811492
30.088,-0.142284
30.09,3.36245
30.092,0.423794
30.094,0.940535
30.096,3.11838
30.098,-1.4542
30.1,1.33618
30.102,0.141735
30.104,1.51592
30.106,-2.11632
30.108,-0.0488886
30.11,0.576813
30.112,-0.248553
30.114,0.410935
30.116,-2.14363
30.118,-5.43605
30.12,-1.07045
30.122,-1.33113
30.124,-1.30745
30.126,1.62032
30.128,-2.84517
30.13,2.26913
30.132,-2.1359
30.134,-1.79945
30.136,0.299549
30.138,1.38751
30.14,-0.429223
30.142,-0.873135
30.144,0.232599
30.146,-3.07418
30.148,-0.811162
30.15,1.66533
30.152,-2.94391
30.154,-1.23827
30.156,-0.725215
30.158,-4.82525
30.16,0.570155
30.162,3.24831
30.164,-1.09141
30.166,-1.95189
30.168,-2.16591
30.17,-0.743352
30.172,-2.03069
30.174,0.355393
30.176,1.78912
30.178,3.3209
30.18,0.174377
30.182,-1.32614
30.184,-1.36289
30.186,-0.532197
30.188,-3.70625
30.19,-2.37267
30.192,-0.586997
30.194,-0.0055734
30.196,-0.300155
30.198,1.77628
30.2,-0.467837
30.202,1.50944
30.204,-0.230637
30.206,-0.503084
30.208,-1.17362
30.21,-0.920852
30.212,-0.704258
30.214,-0.356279
30.216,-1.81144
30.218,1.00809
30.22,-1.1563
30.222,-0.666469
30.224,1.11174
30.226,1.80792
30.228,4.9468
30.23,3.69935
30.232,2.06929
30.234,-2.36705
30.236,4.10359
30.238,3.00058
30.24,1.09597
30.242,3.88319
30.244,2.61539
30.246,2.80061
30.248,-0.54606
30.25,-0.25401
30.252,0.247335
30.254,1.32759
30.256,-2.37312
30.258,-0.136615
30.26,-0.656421
30.262,2.15931
30.264,2.00173
30.266,0.491942
30.268,-0.740048
30.27,-1.89422
30.272,-0.672558
30.274,-3.67538
30.276,-3.70336
30.278,0.326249
30.28,1.76412
30.282,-1.67021
30.284,1.61491
30.286,-2.79622
30.288,0.217148
30.29,2.6934
30.292,0.898132
30.294,-2.83153
30.296,-2.42418
30.298,-2.31912
30.3,-2.5092
30.302,-0.748021
30.304,-0.468309
30.306,0.807891
30.308,0.212595
30.31,-2.22235
30.312,3.64065
30.314,0.981336
30.316,0.388406
30.318,1.61338
30.32,2.29679
30.322,-0.309071
30.324,-3.92395
30.326,-0.801312
30.328,-0.743962
30.33,-2.59167
30.332,-1.26296
30.334,-1.26427
30.336,0.216793
30.338,-3.07952
30.34,0.372935
30.342,-2.41545
30.344,-5.36395
30.346,-2.04384
30.348,-0.880877
30.35,-1.44441
30.352,-0.620771
30.354,2.08724
30.356,-1.30257
30.358,-1.59337
30.36,0.695898
30.362,0.178218
30.364,-2.19565
30.366,-4.39499
30.368,0.0802263
30.37,-3.48212
30.372,0.0222915
30.374,-1.0464
30.376,0.85258
30.378,-0.406971
30.38,-2.85287
30.382,3.00227
30.384,-0.85427
30.386,2.28289
30.388,-0.235459
30.39,1.54136
30.392,2.01095
30.394,0.534313
30.396,0.781305
30.398,2.37991
30.4,-0.134622
30.402,-3.79057
30.404,1.54983
30.406,1.56234
30.408,2.24132
30.41,1.96589
30.412,1.36106
30.414,-1.90959
30.416,-2.25253
30.418,-0.681969
30.42,0.311591
30.422,2.91066
30.424,1.0373
30.426,6.21191
30.428,2.7572
30.43,1.99428
30.432,-0.691383
30.434,2.40928
30.436,-0.234145
30.438,6.43317
30.44,0.451001
30.442,-0.472992
30.444,2.0218
30.446,-2.6712
30.448,1.72209
30.45,0.222267
30.452,-0.0162868
30.454,-1.53818
30.456,-1.59626
30.458,0.76878
30.46,2.9496
30.462,2.8575
30.464,-0.85136
30.466,-5.8001
30.468,-0.267513
30.47,-3.52582
30.472,-4.38275
30.474,1.06121
30.476,-1.18823
30.478,-3.91564
30.48,1.84732
30.482,-1.06127
30.484,-0.92684
30.486,1.3586
30.488,-2.09988
30.49,-4.69575
30.492,-0.416984
30.494,-2.0167
30.496,0.474803
30.498,0.506714
30.5,-2.94221
30.502,2.43287
30.504,-3.54913
30.506,-3.00606
30.508,-2.71924
30.51,1.27515
30.512,0.693061
30.514,-0.663529
30.516,-0.307379
30.518,2.83809
30.52,-3.6597
30.522,-0.669433
30.524,4.07975
30.526,0.960548
30.528,-0.417432
30.53,2.7213
30.532,3.29652
30.534,2.75358
30.536,-2.7362
30.538,-0.65496
30.54,-1.14248
30.542,2.02162
30.544,2.26158
30.546,0.50146
30.548,-2.3116
30.55,1.47721
30.552,2.41567
30.554,0.757882
30.556,1.31449
30.558,-1.75478
30.56,-2.37543
30.562,-0.965819
30.564,-0.364073
30.566,2.61537
30.568,-5.9533
30.57,-0.801759
30.572,1.17564
30.574,3.07443
30.576,-1.71502
30.578,0.402401
30.58,0.902817
30.582,-1.37885
30.584,-1.22015
30.586,-1.82785
30.588,3.11059
30.59,0.838647
30.592,1.84562
30.594,2.13721
30.596,-1.17873
30.598,-2.11385
30.6,-0.758547
30.602,-1.04129
30.604,2.57667
30.606,0.756526
30.608,-0.16977
30.61,-0.0254075
30.612,1.70476
30.614,0.793987
30.616,-1.09082
30.618,2.2546
30.62,2.61563
30.622,-0.746421
30.624,1.11565
30.626,-1.38096
30.628,1.22757
30.63,0.329444
30.632,-1.40944
30.634,0.17484
30.636,-1.67204
30.638,0.0657284
30.64,2.89989
30.642,-0.50294
30.644,-0.686527
30.646,-1.44978
30.648,0.66874
30.65,-1.01865
30.652,-1.0282
30.654,-3.06434
30.656,2.16196
30.658,1.21222
30.66,1.09406
30.662,1.88299
30.664,-1.83877
30.666,0.500135
30.668,2.61068
30.67,-2.70086
30.672,-0.593043
30.674,-4.3469
30.676,-0.141012
30.678,3.50111
30.68,-3.22599
30.682,-2.60522
30.684,-0.16552
30.686,-1.28728
30.688,-0.148095
30.69,-1.18686
30.692,-0.358709
30.694,-2.47241
30.696,-1.90678
30.698,1.92259
30.7,2.01183
30.702,-0.464622
30.704,-2.58192
30.706,-1.81432
30.708,1.3216
30.71,-0.222911
30.712,-1.83794
30.714,-0.184605
30.716,-0.959089
30.718,2.19352
30.72,-2.33796
30.722,-2.27688
30.724,-4.75761
30.726,1.8225
30.728,-4.18109
30.73,-1.86239
30.732,-0.846397
30.734,-2.85537
30.736,4.45452
30.738,-1.3726
30.74,-0.306208
30.742,1.79173
30.744,-1.26833
30.746,3.41109
30.748,-0.588173
30.75,0.582302
30.752,3.02503
30.754,-0.0751701
30.756,-2.17066
30.758,-0.151544
30.76,0.506551
30.762,-0.345987
30.764,-0.763337
30.766,-0.00656673
30.768,-0.0841519
30.77,1.51837
30.772,-0.263252
30.774,1.48325
30.776,3.01093
30.778,-0.589513
30.78,-0.680988
30.782,0.692588
30.784,1.45769
30.786,-4.46417
30.788,3.72404
30.79,0.434936
30.792,0.75452
30.794,0.243899
30.796,-2.6562
30.798,-4.15105
30.8,-0.932251
30.802,-0.385208
30.804,0.218804
30.806,0.691951
30.808,0.938116
30.81,-1.26726
30.812,1.64609
30.814,1.8241
30.816,-1.79311
30.818,0.200356
30.82,-3.60101
30.822,-1.61874
30.824,0.369395
30.826,-0.494158
30.828,0.566924
30.83,-0.157034
30.832,-3.93096
30.834,-5.79703
30.836,1.06427
30.838,-1.6715
30.84,-0.699703
30.842,-0.618846
30.844,1.74118
30.846,2.85506
30.848,4.08443
30.85,1.49402
30.852,0.208266
30.854,4.05935
30.856,3.13398
30.858,-0.168567
30.86,-3.54604
30.862,-2.80805
30.864,-0.696488
30.866,-4.8261
30.868,1.91781
30.87,1.08928
30.872,2.03229
30.874,1.0187
30.876,-0.552915
30.878,-0.0298354
30.88,-2.82552
30.882,-1.13142
30.884,-1.12026
30.886,1.86389
30.888,-3.29573
30.89,-4.75169
30.892,-1.34121
30.894,1.18772
30.896,-0.312628
30.898,-1.61483
30.9,1.57932
30.902,1.59012
30.904,0.909171
30.906,0.69459
30.908,-0.642699
30.91,1.20117
30.912,0.578153
30.914,1.16293
30.916,2.28752
30.918,-0.621714
30.92,1.0542
30.922,1.55646
30.924,-2.68859
30.926,0.506069
30.928,0.367454
30.93,1.44081
30.932,2.82132
30.934,-2.32547
30.936,-3.08301
30.938,-0.559807
30.94,0.692349
30.942,2.87654
30.944,1.22166
30.946,-0.640898
30.948,-1.57086
30.95,3.30039
30.952,1.36834
30.954,0.564272
30.956,-0.253329
30.958,-1.16688
30.96,1.36397
30.962,0.467959
30.964,-1.16777
30.966,-0.848071
30.968,2.37491
30.97,-0.605845
30.972,-0.247604
30.974,-1.36358
30.976,0.428123
30.978,-1.15968
30.98,1.13499
30.982,3.29575
30.984,-0.0355784
30.986,0.460655
30.988,0.793394
30.99,-1.40586
30.992,-2.89571
30.994,1.41719
30.996,4.80925
30.998,2.13705
31,-0.238077
31.002,-5.14869
31.004,0.864385
31.006,-1.38567
31.008,-0.156686
31.01,0.138293
31.012,1.38258
31.014,-3.84871
31.016,-0.0576571
31.018,-0.518492
31.02,-3.53752
31.022,1.04495
31.024,1.96924
31.026,-3.68471
31.028,-1.8267
31.03,-2.28432
31.032,-4.31246
31.034,1.7078
31.036,-0.109932
31.038,-0.100319
31.04,1.29953
31.042,-3.25924
31.044,-1.46396
31.046,-1.32178
31.048,-5.00737
31.05,-2.42424
31.052,-1.53364
31.054,-0.33445
31.056,-0.954912
31.058,-0.0116868
31.06,-0.71004
31.062,1.95928
31.064,0.915453
31.066,1.22092
31.068,1.77513
31.07,-0.534604
31.072,1.13726
31.074,0.106229
31.076,0.430169
31.078,-0.802742
31.08,0.581784
31.082,0.178183
31.084,2.10175
31.086,1.56583
31.088,-2.21686
31.09,-3.71174
31.092,-0.906886
31.094,-1.06983
31.096,4.53232
31.098,-0.0569792
31.1,-0.756877
31.102,-3.30933
31.104,-0.940446
31.106,-2.73201
31.108,-2.08786
31.11,1.22617
31.112,-1.3678
31.114,2.16618
31.116,-5.25141
31.118,-0.0183772
31.12,-3.92691
31.122,-1.446
31.124,-2.23723
31.126,-1.67151
31.128,1.39702
31.13,1.8763
31.132,2.45265
31.134,-0.368912
31.136,-1.02815
31.138,0.918129
31.14,0.445148
31.142,4.73499
31.144,1.32796
31.146,2.39464
31.148,1.7794
31.15,-0.216109
31.152,2.64565
31.154,2.49804
31.156,-1.02675
31.158,1.19701
31.16,4.94878
31.162,0.529474
31.164,-3.0638
31.166,-0.103568
31.168,-2.19569
31.17,-1.00713
31.172,-3.05576
31.174,3.414
31.176,1.86553
31.178,0.770321
31.18,0.178695
31.182,0.620364
31.184,-1.97922
31.186,-0.0527697
31.188,1.15009
31.19,-0.47178
31.192,1.09205
31.194,0.124773
31.196,-2.75791
31.198,0.774813
31.2,1.68997
31.202,1.77566
31.204,-0.334631
31.206,3.00177
31.208,1.85514
31.21,0.679071
31.212,-0.509876
31.214,-0.542403
31.216,-0.367581
31.218,1.32584
31.22,-0.170008
31.222,0.464745
31.224,-0.255366
31.226,2.77912
31.228,0.694244
31.23,2.53628
31.232,-2.54273
31.234,-0.810812
31.236,-1.13958
31.238,-0.793594
31.24,-2.43121
31.242,-0.834351
31.244,-2.10786
31.246,-2.13937
31.248,-2.23583
31.25,2.66735
31.252,-1.01479
31.254,-0.773195
31.256,0.73704
31.258,-4.01124
31.26,1.20011
31.262,0.592912
31.264,-3.16331
31.266,1.57458
31.268,2.62782
31.27,-1.43456
31.272,1.93412
31.274,2.72175
31.276,-1.92284
31.278,1.44265
31.28,-1.53569
31.282,1.83766
31.284,-0.835346
31.286,-3.10291
31.288,0.509687
31.29,-0.68444
31.292,1.98038
31.294,-0.666309
31.296,-0.610807
31.298,2.83976
31.3,0.703292
31.302,0.182883
31.304,2.16656
31.306,-3.34812
31.308,3.83548
31.31,-0.431031
31.312,-0.88514
31.314,0.908827
31.316,-2.71449
31.318,-1.41367
31.32,0.260782
31.322,2.49054
31.324,1.73803
31.326,-1.77897
31.328,-0.368917
31.33,-0.407526
31.332,-2.65048
31.334,0.226301
31.336,-0.725242
31.338,-0.768766
31.34,-1.74334
31.342,-3.84302
31.344,-2.73876
31.346,-2.14564
31.348,-1.95578
31.35,-1.80848
31.352,2.87416
31.354,0.565478
31.356,1.32586
31.358,1.15026
31.36,0.0297305
31.362,4.13208
31.364,-0.668375
31.366,1.01908
31.368,3.8659
31.37,0.349281
31.372,-0.00092238
31.374,2.90887
31.376,-2.17233
31.378,1.60009
31.38,-1.756
31.382,-1.61975
31.384,1.80122
31.386,1.96093
31.388,0.167434
31.39,-0.707015
31.392,-2.01005
31.394,-2.02797
31.396,1.98356
31.398,-1.80685
31.4,-2.782
31.402,-0.755148
31.404,-0.750724
31.406,-1.06917
31.408,-0.0627212
31.41,-0.933176
31.412,0.14692
31.414,-1.56495
31.416,-2.66051
31.418,0.888717
31.42,-0.842966
31.422,-0.761045
31.424,1.82609
31.426,-0.0851026
31.428,-1.56071
31.43,2.6376
31.432,1.96417
31.434,-0.071732
31.436,0.867953
31.438,0.216854
31.44,-0.754117
31.442,4.90615
31.444,1.34264
31.446,0.652554
31.448,-1.1546
31.45,-0.69033
31.452,-0.172414
31.454,1.96372
31.456,1.09592
31.458,-1.1107
31.46,0.491843
31.462,-3.21533
31.464,-2.78257
31.466,1.28151
31.468,-0.0156562
31.47,2.12247
31.472,0.560773
31.474,4.80548
31.476,2.29505
31.478,1.95953
31.48,2.31281
31.482,-0.546578
31.484,0.141365
31.486,2.75815
31.488,0.586032
31.49,-1.03134
31.492,0.115471
31.494,0.103906
31.496,-0.185544
31.498,-3.133
31.5,0.907006
31.502,-1.11053
31.504,2.0678
31.506,-4.40179
31.508,1.7853
31.51,-3.43283
31.512,-0.749281
31.514,-0.791291
31.516,-1.50861
31.518,-4.19287
31.52,-0.395447
31.522,-2.66398
31.524,-3.65254
31.526,0.67958
31.528,-3.32651
31.53,-2.43242
31.532,-2.08337
31.534,-1.82304
31.536,-0.401845
31.538,-0.542531
31.54,0.189345
31.542,-2.65104
31.544,2.51003
31.546,1.07265
31.548,0.721197
31.55,3.12275
31.552,0.130185
31.554,-3.68413
31.556,-0.174946
31.558,-1.67086
31.56,3.07424
31.562,3.25032
31.564,2.04468
31.566,0.17352
31.568,0.250195
31.57,1.36263
31.572,2.37367
31.574,-2.86386
31.576,-0.722192
31.578,2.78215
31.58,0.418351
31.582,-1.82904
31.584,0.0832198
31.586,4.19374
31.588,-2.49913
31.59,2.36495
31.592,-1.43037
31.594,0.126838
31.596,-0.390853
31.598,0.609322
31.6,2.38113
31.602,0.464787
31.604,-1.28823
31.606,-0.525255
31.608,-1.26519
31.61,-1.04808
31.612,-0.870654
31.614,-3.45751
31.616,3.01271
31.618,-0.681299
31.62,-0.844279
31.622,2.06122
31.624,2.37349
31.626,-0.501135
31.628,-3.18479
31.63,4.92306
31.632,-0.13188
31.634,0.697678
31.636,0.077011
31.638,-2.11672
31.64,-1.99187
31.642,0.472878
31.644,-0.935563
31.646,-0.950993
31.648,0.250331
31.65,0.667512
31.652,-2.62407
31.654,1.08469
31.656,-2.73695
31.658,-1.50309
31.66,-1.18268
31.662,-1.51959
31.664,-1.30569
31.666,-2.72682
31.668,-2.48273
31.67,-0.161322
31.672,-0.0303009
31.674,-1.68818
31.676,-2.12945
31.678,2.38739
31.68,-1.38112
31.682,0.553312
31.684,-0.630341
31.686,0.27402
31.688,-4.91041
31.69,-1.68249
31.692,-0.242403
31.694,-0.0515062
31.696,0.188682
31.698,0.51915
31.7,-1.78624
31.702,-2.87834
31.704,1.09834
31.706,1.63144
31.708,1.09202
31.71,1.44541
31.712,0.495782
31.714,3.81722
31.716,-0.172144
31.718,1.02643
31.72,0.096196
31.722,2.74526
31.724,0.398473
31.726,0.614279
31.728,1.79818
31.73,-0.766286
31.732,0.28561
31.734,0.5009
31.736,-0.884427
31.738,3.11048
31.74,0.525969
31.742,-0.609586
31.744,-1.07127
31.746,1.35118
31.748,-0.600729
31.75,-0.485958
31.752,-1.73641
31.754,-4.3224
31.756,0.958262
31.758,0.37298
31.76,-0.851274
31.762,-0.903305
31.764,-0.0227362
31.766,-2.23856
31.768,3.23151
31.77,-3.66094
31.772,0.2618
31.774,2.39687
31.776,2.02601
31.778,-1.86287
31.78,-1.11434
31.782,1.22245
31.784,0.173284
31.786,-2.25714
31.788,-0.351793
31.79,-2.05294
31.792,2.33978
31.794,0.61497
31.796,2.13998
31.798,-2.20911
31.8,-3.94259
31.802,-3.68279
31.804,-0.606347
31.806,-0.230001
31.808,0.925043
31.81,0.0729659
31.812,0.800296
31.814,-0.294074
31.816,-0.429054
31.818,-2.65366
31.82,1.05837
31.822,3.28662
31.824,0.627828
31.826,-2.10903
31.828,2.60062
31.83,4.11635
31.832,4.39989
31.834,-0.661948
31.836,2.47207
31.838,2.35437
31.84,3.91934
31.842,-0.540056
31.844,2.20003
31.846,-0.412293
31.848,-2.97814
31.85,-0.579348
31.852,-0.129803
31.854,-1.77279
31.856,-1.03705
31.858,-1.15562
31.86,-1.29127
31.862,-1.03054
31.864,-2.90573
31.866,-1.59843
31.868,-1.2045
31.87,-2.28641
31.872,-1.09212
31.874,-1.51383
31.876,-3.74782
31.878,3.37635
31.88,2.04028
31.882,-1.79352
31.884,-4.15152
31.886,0.720657
31.888,-0.0830497
31.89,0.328489
31.892,-1.72475
31.894,-3.15437
31.896,-3.40932
31.898,-0.912504
31.9,0.265112
31.902,2.1126
31.904,0.473477
31.906,-0.257187
31.908,3.3072
31.91,-0.515827
31.912,0.205909
31.914,-1.42786
31.916,-0.00115311
31.918,1.43081
31.92,0.248246
31.922,1.40195
31.924,0.784957
31.926,-1.17092
31.928,1.00106
31.93,-5.09312
31.932,-1.97798
31.934,-1.63422
31.936,2.14788
31.938,-0.517526
31.94,-0.767327
31.942,1.76843
31.944,-2.35607
31.946,0.514807
31.948,0.0958046
31.95,2.85164
31.952,-2.19483
31.954,2.69356
31.956,-1.13999
31.958,-1.39212
31.96,1.11917
31.962,-3.03913
31.964,-2.66389
31.966,2.32872
31.968,-1.28445
31.97,-0.326102
31.972,1.09808
31.974,0.516523
31.976,2.23909
31.978,-3.09658
31.98,-2.33533
31.982,-1.7316
31.984,-0.238325
31.986,0.156897
31.988,0.60401
31.99,1.54484
31.992,2.68003
31.994,0.533973
31.996,-0.776869
31.998,1.46991
32,-1.18073
32.002,1.10686
32.004,0.0624966
32.006,2.24732
32.008,1.78539
32.01,0.21567
32.012,3.60147
32.014,-1.0809
32.016,1.13076
32.018,0.368532
32.02,1.55231
32.022,-0.264234
32.024,0.408644
32.026,-1.7097
32.028,-0.965485
32.03,-1.31542
32.032,1.47597
32.034,2.28665
32.036,-0.0652869
32.038,1.60565
32.04,2.46688
32.042,3.02743
32.044,5.42263
32.046,2.12134
32.048,1.16481
32.05,-1.53377
32.052,-1.09955
32.054,3.72775
32.056,1.11173
32.058,0.264274
32.06,-0.697939
32.062,0.66071
32.064,-3.71387
32.066,0.316823
32.068,-2.81567
32.07,1.0151
32.072,-0.214287
32.074,2.51711
32.076,0.83903
32.078,-0.92245
32.08,-2.25925
32.082,-1.45738
32.084,-1.0934
32.086,0.20049
32.088,-0.804184
32.09,-0.367235
32.092,-0.848288
32.094,-2.55881
32.096,-0.311531
32.098,0.262183
32.1,0.494358
32.102,-2.43068
32.104,0.852728
32.106,2.20664
32.108,-0.219051
32.11,-1.68093
32.112,-2.20085
32.114,-1.10208
32.116,0.248541
32.118,0.583568
32.12,1.72762
32.122,-0.358782
32.124,-0.200669
32.126,-1.0855
32.128,1.68877
32.13,0.174454
32.132,2.23126
32.134,-0.651206
32.136,1.34305
32.138,1.16739
32.14,0.762089
32.142,0.904193
32.144,-3.19018
32.146,2.086
32.148,-0.568539
32.15,-2.5664
32.152,-0.0913064
32.154,-1.546
32.156,-0.00644909
32.158,1.20289
32.16,0.909314
32.162,2.2502
32.164,-1.24986
32.166,-1.36844
32.168,-0.424491
32.17,-0.838836
32.172,-2.29198
32.174,-3.07517
32.176,1.33728
32.178,0.352328
32.18,0.42798
32.182,-1.80129
32.184,2.69779
32.186,-3.34699
32.188,-1.77204
32.19,-1.24581
32.192,-1.14166
32.194,3.65989
32.196,4.25087
32.198,1.52194
32.2,2.42566
32.202,-0.900124
32.204,-1.21298
32.206,-0.81129
32.208,-1.39382
32.21,-0.487801
32.212,1.63237
32.214,-2.53155
32.216,-1.37059
32.218,-1.98666
32.22,0.990363
32.222,-4.0492
32.224,-1.16584
32.226,-3.44792
32.228,-3.62228
32.23,-1.49941
32.232,0.0654449
32.234,-3.45138
32.236,-0.915439
32.238,-2.91958
32.24,0.109656
32.242,0.701176
32.244,1.54377
32.246,-2.93397
32.248,4.04616
32.25,-0.0389726
32.252,1.59271
32.254,1.83975
32.256,-0.286131
32.258,-0.0357982
32.26,-1.32692
32.262,-0.470192
32.264,0.542372
32.266,1.29708
32.268,-2.46079
32.27,2.98209
32.272,-1.02583
32.274,1.02577
32.276,2.22079
32.278,3.73964
32.28,2.90854
32.282,2.36889
32.284,2.90509
32.286,-2.21068
32.288,0.932505
32.29,-2.27221
32.292,-1.23649
32.294,0.410143
32.296,0.371409
32.298,0.598003
32.3,-1.8566
32.302,-0.177492
32.304,-2.13529
32.306,3.21776
32.308,-2.65179
32.31,-0.172835
32.312,-1.16547
32.314,-2.07977
32.316,-2.66406
32.318,0.0491207
32.32,-0.40683
32.322,1.3039
32.324,3.03609
32.326,0.951479
32.328,-4.41009
32.33,-2.34815
32.332,-0.487641
32.334,0.288865
32.336,-2.05367
32.338,0.0257558
32.34,0.814988
32.342,-2.24842
32.344,-1.01705
32.346,-0.753323
32.348,4.24668
32.35,0.692487
32.352,0.918482
32.354,-0.970898
32.356,1.42519
32.358,0.817463
32.36,1.66231
32.362,1.09932
32.364,0.047097
32.366,0.677262
32.368,3.12549
32.37,0.23438
32.372,0.191704
32.374,1.30217
32.376,1.0125
32.378,-1.27283
32.38,2.51284
32.382,-1.30564
32.384,-1.46362
32.386,-2.38796
32.388,-2.16267
32.39,2.13848
32.392,-2.28537
32.394,0.075926
32.396,-0.00110949
32.398,0.704067
32.4,-2.01477
32.402,-2.07634
32.404,-1.22903
32.406,-0.923437
32.408,1.77399
32.41,0.201385
32.412,-3.25754
32.414,-2.30166
32.416,-0.998506
32.418,-1.13448
32.42,-1.1481
32.422,-2.32979
32.424,-2.78505
32.426,-4.81082
32.428,-1.87894
32.43,0.0745048
32.432,1.46159
32.434,-1.93198
32.436,-2.63656
32.438,-1.32518
32.44,-0.229896
32.442,1.52812
32.444,-4.48924
32.446,-0.176235
32.448,-0.276413
32.45,1.0133
32.452,0.0158915
32.454,1.19827
32.456,3.26554
32.458,0.741915
32.46,-0.133117
32.462,1.87787
32.464,3.19687
32.466,-0.604258
32.468,0.353475
32.47,-0.987426
32.472,2.87646
32.474,0.0911841
32.476,3.98561
32.478,2.80631
32.48,-1.82835
32.482,0.0681676
32.484,0.426555
32.486,0.84836
32.488,-0.947928
32.49,-1.82293
32.492,-0.266054
32.494,-0.351516
32.496,-1.31245
32.498,1.16463
32.5,3.75507
32.502,1.15879
32.504,0.171504
32.506,2.29647
32.508,3.96162
32.51,4.2674
32.512,1.70739
32.514,-1.13594
32.516,0.61427
32.518,1.7804
32.52,-1.02013
32.522,-0.450421
32.524,0.482082
32.526,1.03965
32.528,0.111523
32.53,-0.795638
32.532,-3.89341
32.534,1.86469
32.536,1.21604
32.538,-2.13903
32.54,2.42423
32.542,-3.52096
32.544,-0.514194
32.546,0.598374
32.548,-2.19225
32.55,1.75059
32.552,0.468585
32.554,0.108341
32.556,-2.49756
32.558,-4.01033
32.56,-0.331881
32.562,-1.97286
32.564,-0.708866
32.566,-3.46323
32.568,-3.48457
32.57,-0.64946
32.572,-3.60694
32.574,-2.16878
32.576,0.0888743
32.578,-0.910204
32.58,-0.186151
32.582,3.11727
32.584,-0.884873
32.586,0.013686
32.588,1.29898
32.59,-0.479316
32.592,3.03498
32.594,0.792275
32.596,-3.84324
32.598,4.30791
32.6,-0.62529
32.602,2.14697
32.604,-0.520145
32.606,-1.8396
32.608,-3.14075
32.61,-0.383689
32.612,2.29114
32.614,1.31172
32.616,-0.211164
32.618,2.48421
32.62,-1.52105
32.622,1.39015
32.624,2.98053
32.626,-2.42745
32.628,-0.224734
32.63,-0.394612
32.632,3.42704
32.634,-1.43932
32.636,0.788239
32.638,-0.539478
32.64,-1.01762
32.642,-0.000470626
32.644,0.0498581
32.646,0.396595
32.648,3.89229
32.65,-1.32333
32.652,0.777751
32.654,1.16149
32.656,2.16499
32.658,-0.351984
32.66,0.0713486
32.662,-1.59324
32.664,-2.08271
32.666,-1.13904
32.668,2.26609
32.67,-1.33757
32.672,-1.66146
32.674,0.899102
32.676,-0.362491
32.678,-3.43666
32.68,-2.57512
32.682,-2.45561
32.684,1.5092
32.686,-2.48296
32.688,1.443
32.69,-0.00369297
32.692,0.83092
32.694,-2.79942
32.696,1.19426
32.698,-0.994271
32.7,-1.76325
32.702,-2.38849
32.704,-0.763888
32.706,-1.86198
32.708,2.19227
32.71,-1.06499
32.712,3.12912
32.714,1.20644
32.716,-1.91697
32.718,1.23897
32.72,-0.920159
32.722,-1.22474
32.724,-1.68217
32.726,0.220362
32.728,2.16793
32.73,-2.07906
32.732,1.36413
32.734,-2.29124
32.736,-1.81704
32.738,1.4101
32.74,-0.488347
32.742,-0.890602
32.744,-1.62099
32.746,-3.75212
32.748,0.698495
32.75,-0.0236107
32.752,-0.733268
32.754,3.05428
32.756,0.761529
32.758,0.410262
32.76,2.49919
32.762,-3.36993
32.764,1.77744
32.766,-0.181446
32.768,0.34574
32.77,3.15675
32.772,1.9255
32.774,3.29428
32.776,-0.711649
32.778,-1.62537
32.78,1.23304
32.782,-0.920561
32.784,0.307062
32.786,1.67905
32.788,-1.26145
32.79,-3.84868
32.792,1.60491
32.794,-2.51061
32.796,-2.2688
32.798,-1.3315
32.8,-0.296107
32.802,2.07318
32.804,0.649107
32.806,1.3
32.808,-2.22377
32.81,3.1412
32.812,-2.08709
32.814,-1.10936
32.816,-3.76216
32.818,-1.41998
32.82,1.94557
32.822,2.33484
32.824,-0.980632
32.826,-2.82905
32.828,0.965623
32.83,-0.135267
32.832,-1.79959
32.834,-2.84378
32.836,-2.31458
32.838,-0.193197
32.84,1.81648
32.842,-1.69487
32.844,-0.150429
32.846,0.806192
32.848,2.09389
32.85,1.00106
32.852,0.0832965
32.854,1.31656
32.856,1.70782
32.858,-0.539762
32.86,0.876459
32.862,-0.678751
32.864,-0.563957
32.866,-1.19742
32.868,-1.38371
32.87,0.256767
32.872,-0.159042
32.874,-0.0284759
32.876,0.96163
32.878,-0.934516
32.88,-3.30456
32.882,-0.409261
32.884,-1.74815
32.886,-1.08122
32.888,0.967986
32.89,-2.81395
32.892,-0.683757
32.894,-1.94504
32.896,-2.40241
32.898,2.06466
32.9,-0.550014
32.902,2.68204
32.904,-0.310911
32.906,-2.52981
32.908,-1.30864
32.91,-1.50628
32.912,-2.54298
32.914,-2.82131
32.916,1.57468
32.918,3.17915
32.92,1.79302
32.922,0.943405
32.924,0.762189
32.926,0.406242
32.928,-2.27132
32.93,1.09332
32.932,3.35376
32.934,1.66313
32.936,-1.84613
32.938,1.14567
32.94,-1.12508
32.942,0.356026
32.944,-3.04934
32.946,0.0590639
32.948,-0.64897
32.95,0.848661
32.952,0.892239
32.954,1.12353
32.956,-0.0598273
32.958,1.6335
32.96,1.74593
32.962,-0.237033
32.964,-1.06266
32.966,-1.99121
32.968,-0.145659
32.97,0.438323
32.972,-2.92322
32.974,-1.56416
32.976,0.10919
32.978,1.27123
32.98,3.54137
32.982,-0.337749
32.984,-0.492332
32.986,-0.379668
32.988,-1.32441
32.99,0.628418
32.992,1.80917
32.994,-2.53007
32.996,-0.959995
32.998,0.588563
33,-1.30404
33.002,3.08642
33.004,2.95287
33.006,-0.497204
33.008,1.04865
33.01,-1.85941
33.012,-4.05259
33.014,0.00538766
33.016,-1.598
33.018,-2.91405
33.02,-1.5297
33.022,-1.91586
33.024,-4.41644
33.026,-6.19455
33.028,-0.580539
33.03,-2.77816
33.032,-1.60626
33.034,-0.330187
33.036,-1.36769
33.038,-1.71763
33.04,0.104494
33.042,2.24744
33.044,1.5415
33.046,-2.29519
33.048,2.51471
33.05,3.74777
33.052,4.88917
33.054,4.64028
33.056,0.376787
33.058,2.55987
33.06,-1.28407
33.062,-1.36715
33.064,-1.13445
33.066,-0.282912
33.068,0.427137
33.07,-0.67859
33.072,1.60674
33.074,1.61129
33.076,-0.220597
33.078,2.27058
33.08,1.33856
33.082,0.507677
33.084,-0.163647
33.086,-1.29813
33.088,2.47012
33.09,1.11412
33.092,-0.259976
33.094,-5.2184
33.096,-1.44633
33.098,3.06377
33.1,2.10674
33.102,2.1674
33.104,-1.06857
33.106,-2.02173
33.108,0.688279
33.11,0.291905
33.112,-1.65346
33.114,-2.10458
33.116,-0.617348
33.118,-1.01871
33.12,0.928368
33.122,0.317127
33.124,-0.543166
33.126,3.29254
33.128,0.226167
33.13,1.72923
33.132,-1.31797
33.134,1.16312
33.136,-0.991429
33.138,-2.63696
33.14,0.823759
33.142,0.996343
33.144,-0.0514393
33.146,0.710413
33.148,-3.14692
33.15,3.21108
33.152,-0.473895
33.154,-1.93024
33.156,0.454546
33.158,-0.980881
33.16,-1.28863
33.162,1.7142
33.164,-1.86367
33.166,-2.0731
33.168,0.309687
33.17,-0.121925
33.172,1.48118
33.174,-1.36419
33.176,-3.92773
33.178,-3.07524
33.18,-1.50093
33.182,-1.21577
33.184,-1.05558
33.186,-1.81115
33.188,0.958322
33.19,0.494464
33.192,0.110785
33.194,-4.00122
33.196,-0.811596
33.198,-1.45227
33.2,1.45175
33.202,-3.53329
33.204,0.354055
33.206,3.67874
33.208,1.28029
33.21,-0.570864
33.212,2.1218
33.214,0.169448
33.216,-1.93949
33.218,-0.284285
33.22,1.85194
33.222,0.647461
33.224,4.27107
33.226,1.63394
33.228,-0.92423
33.23,1.30955
33.232,1.83196
33.234,-5.61177
33.236,-0.425615
33.238,1.40095
33.24,-0.0313188
33.242,1.56371
33.244,3.27152
33.246,-0.757364
33.248,1.42853
33.25,0.910986
33.252,-0.370881
33.254,-0.186266
33.256,-2.9978
33.258,-2.90071
33.26,1.30271
33.262,3.01489
33.264,1.80231
33.266,0.0948612
33.268,3.44254
33.27,1.05439
33.272,2.7468
33.274,0.117091
33.276,-1.39862
33.278,-0.62182
33.28,2.58449
33.282,-0.487965
33.284,-0.535607
33.286,-2.12484
33.288,0.0337508
33.29,-1.41182
33.292,0.311466
33.294,0.779889
33.296,-4.847
33.298,-1.81136
33.3,-1.87185
33.302,0.781171
33.304,1.70091
33.306,-1.86298
33.308,-2.32137
33.31,0.356632
33.312,0.0112508
33.314,0.456707
33.316,3.07231
33.318,4.34357
33.32,-0.910266
33.322,1.85486
33.324,0.887842
33.326,-4.43344
33.328,-0.754496
33.33,1.75034
33.332,-1.52384
33.334,2.39004
33.336,1.28229
33.338,2.27124
33.34,-0.215735
33.342,-1.13417
33.344,-0.124588
33.346,-1.83939
33.348,0.908326
33.35,1.37434
33.352,0.00489602
33.354,0.731682
33.356,-2.7509
33.358,1.58351
33.36,-1.81285
33.362,0.426905
33.364,-2.14296
33.366,0.682855
33.368,-2.91727
33.37,-3.21214
33.372,1.01328
33.374,1.3253
33.376,-0.0852801
33.378,0.455249
33.38,1.64733
33.382,-3.5694
33.384,-0.665554
33.386,-3.5021
33.388,-1.76597
33.39,1.17995
33.392,0.917537
33.394,-0.272864
33.396,-2.35847
33.398,0.67316
33.4,0.816595
33.402,2.34898
33.404,-2.31039
33.406,0.78205
33.408,-1.75884
33.41,-1.77112
33.412,-2.56219
33.414,-1.78703
33.416,-1.64244
33.418,-1.12389
33.42,-3.23521
33.422,-0.469536
33.424,-0.846523
33.426,-1.31569
33.428,1.457
33.43,1.34539
33.432,-2.60282
33.434,-1.53697
33.436,1.81593
33.438,-0.738532
33.44,0.608691
33.442,2.73047
33.444,1.87122
33.446,-1.3795
33.448,-0.128812
33.45,0.704553
33.452,0.344356
33.454,1.07203
33.456,2.08202
33.458,-0.593761
33.46,0.918642
33.462,4.45817
33.464,-0.562414
33.466,2.17886
33.468,0.952022
33.47,-0.765434
33.472,-0.465158
33.474,1.83928
33.476,-0.747977
33.478,-2.77683
33.48,0.8361
33.482,-2.2813
33.484,-2.73477
33.486,1.56035
33.488,1.43073
33.49,-0.667876
33.492,1.10696
33.494,-2.30694
33.496,0.130641
33.498,-2.45494
33.5,-5.006
33.502,-0.954081
33.504,-3.19111
33.506,-4.03069
33.508,-2.88794
33.51,-1.72906
33.512,-0.0704216
33.514,-4.45597
33.516,2.42184
33.518,-0.662314
33.52,-1.91033
33.522,-0.820044
33.524,-1.19784
33.526,-0.127465
33.528,1.13425
33.53,-2.08622
33.532,1.35851
33.534,0.305858
33.536,-0.362715
33.538,3.68655
33.54,0.56699
33.542,-0.549975
33.544,3.42691
33.546,-2.37168
33.548,2.19538
33.55,-0.578006
33.552,1.56788
33.554,3.66837
33.556,1.35734
33.558,-0.968617
33.56,-0.532157
33.562,3.41865
33.564,1.30542
33.566,1.22508
33.568,-0.635275
33.57,0.258978
33.572,0.785498
33.574,-1.11129
33.576,0.0059505
33.578,-0.825406
33.58,-0.842461
33.582,-1.22836
33.584,0.665079
33.586,-0.804016
33.588,-0.633119
33.59,0.492889
33.592,0.676474
33.594,0.129284
33.596,2.22032
33.598,-0.483165
33.6,-1.53384
33.602,0.416466
33.604,-1.21538
33.606,1.06091
33.608,0.868289
33.61,-0.286924
33.612,-1.95153
33.614,-0.581471
33.616,-0.92626
33.618,4.78226
33.62,1.77564
33.622,2.90557
33.624,4.15858
33.626,3.30303
33.628,2.55164
33.63,2.50094
33.632,-2.82267
33.634,2.76165
33.636,1.68667
33.638,-1.93294
33.64,-1.64193
33.642,-2.22264
33.644,2.67512
33.646,-1.10801
33.648,-1.49467
33.65,1.95851
33.652,-0.0110999
33.654,0.0592412
33.656,-2.93263
33.658,-0.676469
33.66,-2.12983
33.662,-2.12069
33.664,-2.7745
33.666,-3.652
33.668,-3.82683
33.67,1.82905
33.672,-0.308988
33.674,0.467725
33.676,-0.50734
33.678,-0.75895
33.68,0.753518
33.682,4.26923
33.684,-1.1494
33.686,3.79662
33.688,0.335297
33.69,4.33649
33.692,4.19254
33.694,2.46666
33.696,3.31961
33.698,-1.1118
33.7,3.4225
33.702,2.64766
33.704,0.521568
33.706,0.133549
33.708,0.229935
33.71,1.56972
33.712,-1.07657
33.714,-0.124664
33.716,-3.67036
33.718,-0.26541
33.72,0.681482
33.722,-2.96924
33.724,0.0615637
33.726,-2.60869
33.728,-0.0959061
33.73,-2.85159
33.732,-3.27201
33.734,-0.966796
33.736,-3.60243
33.738,-3.58737
33.74,0.0682393
33.742,0.0755387
33.744,-1.05847
33.746,-0.727489
33.748,-0.0289451
33.75,-1.53083
33.752,-0.612217
33.754,-0.947352
33.756,-0.774603
33.758,-0.309166
33.76,1.26123
33.762,0.862726
33.764,0.101815
33.766,0.459421
33.768,-5.12226
33.77,0.274796
33.772,-0.464116
33.774,0.133493
33.776,-2.14177
33.778,1.58991
33.78,-3.01083
33.782,-3.01284
33.784,2.68587
33.786,-0.327135
33.788,-1.51995
33.79,-2.51932
33.792,0.956371
33.794,-1.22429
33.796,0.449283
33.798,3.52732
33.8,-1.44299
33.802,-0.0434298
33.804,-1.29504
33.806,0.0442359
33.808,2.373
33.81,1.78469
33.812,-1.54371
33.814,3.25964
33.816,2.82331
33.818,0.0345308
33.82,0.40095
33.822,1.67102
33.824,2.42138
33.826,-0.488717
33.828,-0.211647
33.83,-0.843166
33.832,-1.40149
33.834,-2.08064
33.836,2.14912
33.838,2.01278
33.84,2.81169
33.842,2.48099
33.844,1.87541
33.846,-0.484185
33.848,2.45018
33.85,-1.77254
33.852,1.83628
33.854,-3.36881
33.856,-2.40635
33.858,1.75867
33.86,-1.55159
33.862,-1.51152
33.864,-1.90047
33.866,5.37778
33.868,0.0962152
33.87,2.65183
33.872,0.348038
33.874,0.99432
33.876,-0.454933
33.878,-0.149972
33.88,-0.091449
33.882,1.75309
33.884,0.530098
33.886,-1.09146
33.888,-1.36146
33.89,-0.653407
33.892,-1.81762
33.894,-0.869918
33.896,-3.69085
33.898,-0.00830307
33.9,-0.578631
33.902,0.0354774
33.904,1.43453
33.906,0.820404
33.908,2.62789
33.91,0.9951
33.912,1.27354
33.914,0.419352
33.916,0.59889
33.918,1.18304
33.92,-1.23742
33.922,2.32714
33.924,-1.17929
33.926,-0.662663
33.928,-2.52824
33.93,2.95235
33.932,-2.84046
33.934,-2.15108
33.936,-1.08352
33.938,-0.0456675
33.94,2.79938
33.942,-1.29651
33.944,2.40085
33.946,-1.00069
33.948,4.12839
33.95,-1.02449
33.952,0.90428
33.954,-1.54703
33.956,-1.63822
33.958,-0.914326
33.96,1.19944
33.962,-2.27092
33.964,1.52098
33.966,-0.249194
33.968,1.60716
33.97,3.40376
33.972,-2.02316
33.974,-3.79403
33.976,-0.0478005
33.978,-1.53255
33.98,-2.05971
33.982,-2.88106
33.984,-0.67695
33.986,-3.791
33.988,-1.29767
33.99,-1.25877
33.992,-2.53682
33.994,-2.22989
33.996,-2.68947
33.998,-1.09671
34,3.87824
34.002,-1.97169
34.004,1.16164
34.006,0.32706
34.008,1.83239
34.01,1.12566
34.012,-1.14016
34.014,-2.38475
34.016,-1.34727
34.018,-0.0873526
34.02,-0.519931
34.022,-1.04716
34.024,1.3693
34.026,1.89854
34.028,0.0397428
34.03,1.14637
34.032,3.47226
34.034,-0.372134
34.036,0.289897
34.038,2.91984
34.04,-2.89835
34.042,0.305533
34.044,-0.130023
34.046,-0.0320997
34.048,2.39225
34.05,2.61314
34.052,-2.62
34.054,-0.429865
34.056,3.74044
34.058,-2.52471
34.06,-2.05273
34.062,-0.457666
34.064,-3.66167
34.066,2.94286
34.068,2.64365
34.07,0.642067
34.072,2.79372
34.074,1.53401
34.076,-0.286881
34.078,1.33844
34.08,3.26606
34.082,0.665093
34.084,2.3931
34.086,-2.92656
34.088,2.33913
34.09,-0.151649
34.092,-1.18653
34.094,2.29517
34.096,0.977832
34.098,-2.02598
34.1,-0.321952
34.102,2.64019
34.104,4.23673
34.106,-3.83565
34.108,1.95173
34.11,-0.701516
34.112,-4.04259
34.114,-1.59143
34.116,-2.30446
34.118,-2.73946
34.12,0.295984
34.122,-2.51539
34.124,1.33686
34.126,-1.43029
34.128,-2.10098
34.13,3.56309
34.132,0.749739
34.134,-0.945296
34.136,1.42467
34.138,0.0164945
34.14,-0.0962575
34.142,-0.992304
34.144,1.15858
34.146,-1.50674
34.148,-3.00463
34.15,-3.74319
34.152,0.358561
34.154,0.816318
34.156,-2.21712
34.158,0.21249
34.16,1.15038
34.162,1.60339
34.164,-1.55419
34.166,-4.70198
34.168,1.74607
34.17,5.60538
34.172,2.15751
34.174,1.03666
34.176,-0.971513
34.178,-2.10236
34.18,-2.61172
34.182,0.223993
34.184,0.0733076
34.186,2.99815
34.188,-0.262887
34.19,-1.66593
34.192,-0.499892
34.194,-0.459162
34.196,1.6665
34.198,-2.23414
34.2,-1.22873
34.202,0.622416
34.204,0.342019
34.206,2.97549
34.208,0.637486
34.21,1.43649
34.212,-0.679854
34.214,-0.57573
34.216,-0.805853
34.218,1.31887
34.22,0.243701
34.222,-0.632158
34.224,1.76312
34.226,-2.50859
34.228,-1.32769
34.23,4.14356
34.232,1.43596
34.234,-1.50623
34.236,5.37768
34.238,-2.24895
34.24,3.42051
34.242,0.52202
34.244,-0.877808
34.246,2.11946
34.248,-0.0399313
34.25,-1.20933
34.252,-0.870822
34.254,-0.557415
34.256,-1.40929
34.258,1.99247
34.26,-0.710927
34.262,1.54319
34.264,1.03646
34.266,1.22626
34.268,-0.503691
34.27,-2.26513
34.272,0.482112
34.274,-0.62488
34.276,-2.88737
34.278,3.08167
34.28,-0.833321
34.282,-0.488028
34.284,0.432103
34.286,0.622028
34.288,-0.145863
34.29,0.718056
34.292,-1.43346
34.294,2.00007
34.296,-1.0239
34.298,-1.51735
34.3,-1.21615
34.302,-1.4627
34.304,0.461201
34.306,-1.03996
34.308,-3.42283
34.31,-1.47409
34.312,1.49969
34.314,-2.47936
34.316,-0.653297
34.318,0.0156913
34.32,-0.298213
34.322,-1.95561
34.324,-1.92968
34.326,-1.99293
34.328,-1.19736
34.33,-0.432965
34.332,2.38405
34.334,3.23671
34.336,-2.17597
34.338,2.49387
34.34,2.81045
34.342,2.29668
34.344,5.2221
34.346,-2.44502
34.348,2.78702
34.35,2.17951
34.352,-0.938665
34.354,2.15165
34.356,-1.69348
34.358,-1.98036
34.36,-1.15024
34.362,0.718324
34.364,-2.47552
34.366,-1.38291
34.368,1.95271
34.37,-0.792459
34.372,-1.70113
34.374,-5.5231
34.376,-0.408064
34.378,-2.60533
34.38,0.509701
34.382,1.89954
34.384,1.24975
34.386,-1.73248
34.388,-1.75429
34.39,0.164064
34.392,-0.359724
34.394,1.91029
34.396,-0.67003
34.398,2.54442
34.4,-1.19787
34.402,-2.242
34.404,0.397036
34.406,-0.170242
34.408,-0.599278
34.41,3.33937
34.412,3.60782
34.414,-0.356425
34.416,2.33771
34.418,-1.39884
34.42,-1.16513
34.422,-2.57218
34.424,3.13775
34.426,1.49681
34.428,2.76461
34.43,-1.64581
34.432,-1.10507
34.434,-0.0884924
34.436,2.24921
34.438,-0.348187
34.44,-2.81133
34.442,-2.07236
34.444,-0.752819
34.446,1.64673
34.448,2.40328
34.45,1.07145
34.452,-1.34895
34.454,1.14348
34.456,-0.0897564
34.458,1.14513
34.46,2.00838
34.462,0.668483
34.464,0.596996
34.466,2.07847
34.468,2.55347
34.47,-1.99966
34.472,-1.089
34.474,2.21007
34.476,0.350088
34.478,1.11667
34.48,1.34931
34.482,0.111945
34.484,-0.511703
34.486,-1.54608
34.488,-0.737679
34.49,-3.67892
34.492,0.732744
34.494,0.587463
34.496,-0.504033
34.498,-1.56552
34.5,0.607617
34.502,0.757692
34.504,1.09296
34.506,-1.362
34.508,-1.90628
34.51,1.21859
34.512,-2.42292
34.514,0.262615
34.516,0.220115
34.518,-0.231594
34.52,3.20612
34.522,1.69278
34.524,3.13443
34.526,-2.08485
34.528,1.47845
34.53,1.15073
34.532,0.455817
34.534,0.316671
34.536,-2.77191
34.538,-3.395
34.54,1.15301
34.542,2.1252
34.544,-2.49489
34.546,-2.65042
34.548,-0.934075
34.55,0.309445
34.552,-2.34123
34.554,-0.630813
34.556,-2.72135
34.558,-3.16686
34.56,-0.774267
34.562,-3.69698
34.564,-2.159
34.566,-1.53033
34.568,-0.529859
34.57,-0.356875
34.572,-4.32574
34.574,2.63025
34.576,-0.489502
34.578,1.45788
34.58,1.72561
34.582,0.926699
34.584,-0.771072
34.586,3.09387
34.588,0.717612
34.59,3.21913
34.592,0.452925
34.594,0.846738
34.596,0.522055
34.598,0.259414
34.6,0.249153
34.602,-4.25307
34.604,3.44883
34.606,1.87078
34.608,0.804619
34.61,0.786779
34.612,3.54142
34.614,0.336517
34.616,0.426042
34.618,0.6138
34.62,-0.462135
34.622,3.7341
34.624,-1.12561
34.626,0.699006
34.628,-0.459474
34.63,1.23185
34.632,-0.913801
34.634,-0.728812
34.636,-2.59107
34.638,-1.22504
34.64,3.3204
34.642,1.26765
34.644,-1.72507
34.646,1.11287
34.648,-1.03852
34.65,-2.25433
34.652,-2.00703
34.654,-4.73675
34.656,1.26444
34.658,-0.811336
34.66,-0.337614
34.662,2.08777
34.664,-4.20297
34.666,-3.43118
34.668,0.453269
34.67,-0.828072
34.672,1.895
34.674,-1.85794
34.676,-2.85325
34.678,2.72969
34.68,1.81011
34.682,-1.10135
34.684,-3.21667
34.686,0.580075
34.688,-1.87971
34.69,-5.91068
34.692,0.85263
34.694,4.93215
34.696,-0.898543
34.698,1.89169
34.7,-2.24587
34.702,0.320437
34.704,2.53181
34.706,0.058217
34.708,0.133169
34.71,0.575301
34.712,1.78706
34.714,1.18743
34.716,0.924744
34.718,0.524919
34.72,-1.0256
34.722,0.108337
34.724,-1.16247
34.726,0.919583
34.728,3.70438
34.73,-0.378758
34.732,5.48137
34.734,0.182773
34.736,0.0831109
34.738,-1.00625
34.74,-0.600574
34.742,3.28827
34.744,-1.21011
34.746,6.81485
34.748,-0.443089
34.75,0.962094
34.752,-0.405963
34.754,1.3822
34.756,-0.272034
34.758,2.76129
34.76,-2.09749
34.762,-1.92542
34.764,-2.70506
34.766,0.646813
34.768,-2.3196
34.77,-3.09179
34.772,-0.205079
34.774,2.56267
34.776,-0.269924
34.778,0.953412
34.78,-2.12941
34.782,-0.728978
34.784,-1.91632
34.786,-1.21988
34.788,-2.25957
34.79,-3.42025
34.792,-3.01437
34.794,-3.02888
34.796,2.24521
34.798,-2.18202
34.8,0.789355
34.802,-0.0320017
34.804,-2.80363
34.806,-1.91847
34.808,0.804081
34.81,-0.587647
34.812,-1.51892
34.814,4.09098
34.816,1.24119
34.818,0.678726
34.82,-0.475747
34.822,1.03821
34.824,1.72041
34.826,-1.81686
34.828,1.45728
34.83,-0.748375
34.832,1.22881
34.834,-1.50088
34.836,-0.988347
34.838,-1.68324
34.84,2.53785
34.842,0.40872
34.844,-2.14945
34.846,1.67814
34.848,1.63452
34.85,2.76499
34.852,-1.22356
34.854,3.70759
34.856,0.55479
34.858,1.53977
34.86,-3.15801
34.862,-1.39244
34.864,-1.71518
34.866,2.46581
34.868,0.318192
34.87,0.442567
34.872,-0.737004
34.874,-2.39203
34.876,-0.942201
34.878,-2.16695
34.88,-4.81126
34.882,-2.19875
34.884,-2.08416
34.886,0.559383
34.888,0.597969
34.89,-0.69601
34.892,1.36516
34.894,-1.02963
34.896,0.417387
34.898,-2.43666
34.9,-2.05901
34.902,1.23809
34.904,-3.11598
34.906,0.249397
34.908,0.998205
34.91,-0.21523
34.912,2.45411
34.914,0.7857
34.916,-1.43344
34.918,-0.00295583
34.92,0.797458
34.922,1.97348
34.924,0.0797115
34.926,-2.97973
34.928,3.41526
34.93,1.46328
34.932,1.92204
34.934,2.67737
34.936,-0.443729
34.938,-1.50416
34.94,0.511179
34.942,-2.8252
34.944,-1.48784
34.946,-2.18215
34.948,0.336902
34.95,-3.26357
34.952,0.443517
34.954,0.383873
34.956,2.59735
34.958,2.03479
34.96,-0.867865
34.962,1.81315
34.964,0.563685
34.966,6.38332
34.968,2.97466
34.97,1.20609
34.972,3.05427
34.974,1.89171
34.976,-1.24862
34.978,0.621662
34.98,1.38541
34.982,0.15215
34.984,1.53821
34.986,0.934859
34.988,0.804258
34.99,-0.474894
34.992,1.72402
34.994,-0.677001
34.996,-2.9138
34.998,5.11936
35,0.380344
35.002,0.700413
35.004,0.957347
35.006,1.72356
35.008,-1.64703
35.01,-0.232297
35.012,-0.531103
35.014,1.97929
35.016,-1.37874
35.018,-0.156766
35.02,-1.15941
35.022,-0.512326
35.024,-0.217621
35.026,-1.41261
35.028,-0.559594
35.03,-2.8191
35.032,1.03036
35.034,-3.42037
35.036,0.81748
35.038,-0.657976
35.04,-1.65461
35.042,-2.04594
35.044,0.419793
35.046,-3.74578
35.048,0.163234
35.05,0.230887
35.052,-3.21548
35.054,1.07521
35.056,-0.990345
35.058,-5.60891
35.06,3.41626
35.062,0.662448
35.064,3.4165
35.066,1.21436
35.068,-3.65068
35.07,0.800551
35.072,-0.0173555
35.074,2.42429
35.076,-1.11244
35.078,-3.47316
35.08,-2.96208
35.082,1.34376
35.084,-3.63119
35.086,-0.875446
35.088,-2.13947
35.09,-0.296219
35.092,0.587745
35.094,0.209687
35.096,-1.21964
35.098,-1.52541
35.1,-3.8789
35.102,0.0652811
35.104,3.10829
35.106,0.995265
35.108,5.30737
35.11,0.114231
35.112,4.51869
35.114,0.79386
35.116,0.188727
35.118,2.32186
35.12,-0.97457
35.122,-1.56867
35.124,0.972055
35.126,-0.915675
35.128,-2.15266
35.13,6.38558
35.132,2.08945
35.134,-1.13694
35.136,-2.93273
35.138,-0.744084
35.14,1.81617
35.142,3.24336
35.144,-0.892506
35.146,3.88888
35.148,0.531016
35.15,2.80222
35.152,1.70973
35.154,2.94544
35.156,1.41702
35.158,-1.0512
35.16,-0.179509
35.162,-1.71379
35.164,-0.581099
35.166,0.54151
35.168,1.18368
35.17,-1.7064
35.172,0.650577
35.174,-2.1035
35.176,0.87223
35.178,-0.902805
35.18,-0.574948
35.182,0.89235
35.184,-2.128
35.186,2.17591
35.188,0.764644
35.19,-1.34286
35.192,0.76987
35.194,-0.859074
35.196,-2.46181
35.198,-2.46382
35.2,-0.150613
35.202,-1.41066
35.204,-1.51558
35.206,-1.55158
35.208,3.31474
35.21,-2.31569
35.212,-2.12678
35.214,-0.422091
35.216,1.6764
35.218,-0.890728
35.22,2.81392
35.222,0.527261
35.224,2.04914
35.226,-0.829157
35.228,-2.99455
35.23,0.847805
35.232,-3.19584
35.234,-2.31936
35.236,0.100971
35.238,-2.70802
35.24,-4.69015
35.242,1.49949
35.244,0.672438
35.246,1.96649
35.248,-0.711885
35.25,0.951201
35.252,-1.11299
35.254,0.0894279
35.256,2.80996
35.258,1.82419
35.26,3.82591
35.262,-1.79974
35.264,1.35535
35.266,2.21774
35.268,0.456615
35.27,2.56415
35.272,2.4143
35.274,-0.625393
35.276,-3.58702
35.278,1.3705
35.28,0.907453
35.282,-2.25827
35.284,0.503425
35.286,-2.91735
35.288,-1.75173
35.29,2.38233
35.292,-0.282831
35.294,0.557646
35.296,-5.43468
35.298,-2.1334
35.3,2.10634
35.302,-1.46288
35.304,-3.73789
35.306,-0.624045
35.308,-0.512503
35.31,-3.31137
35.312,-1.98605
35.314,-2.81362
35.316,-2.52476
35.318,-1.16453
35.32,-1.83656
35.322,1.38158
35.324,2.69382
35.326,-3.07382
35.328,-0.717709
35.33,-2.86324
35.332,0.869649
35.334,0.618
35.336,2.11172
35.338,-2.1814
35.34,0.307005
35.342,-1.48437
35.344,-0.143755
35.346,1.82336
35.348,3.92831
35.35,2.55604
35.352,-1.04975
35.354,-2.29054
35.356,1.59397
35.358,-1.08094
35.36,-0.948723
35.362,-3.59153
35.364,2.4868
35.366,6.25669
35.368,2.00545
35.37,0.354113
35.372,0.437225
35.374,-0.0409469
35.376,3.80846
35.378,1.07375
35.38,3.62224
35.382,0.514026
35.384,-1.13737
35.386,0.0206562
35.388,0.393201
35.39,-0.514121
35.392,2.07103
35.394,2.17717
35.396,-0.2969
35.398,1.47766
35.4,2.22152
35.402,-1.78552
35.404,-0.0284085
35.406,3.30864
35.408,-0.996818
35.41,-0.0699851
35.412,-1.76654
35.414,-2.26168
35.416,-1.32407
35.418,-1.93036
35.42,-1.52116
35.422,-2.22626
35.424,1.84732
35.426,-3.17697
35.428,-0.468823
35.43,-0.563537
35.432,0.183649
35.434,-0.619677
35.436,-2.80214
35.438,0.55401
35.44,-0.717176
35.442,-0.595256
35.444,-3.03877
35.446,-3.93079
35.448,1.03712
35.45,-0.131642
35.452,2.38823
35.454,2.55397
35.456,3.74764
35.458,4.95787
35.46,0.406191
35.462,-1.18439
35.464,-1.85474
35.466,0.662582
35.468,0.206484
35.47,-0.609081
35.472,-2.20966
35.474,1.78639
35.476,0.147175
35.478,-1.05441
35.48,-2.16584
35.482,-3.11697
35.484,0.800454
35.486,2.75277
35.488,0.192364
35.49,-1.34153
35.492,-0.997486
35.494,-0.156873
35.496,0.433047
35.498,-1.67985
35.5,-2.41
35.502,0.0902689
35.504,-1.07962
35.506,0.871607
35.508,-0.745531
35.51,2.29648
35.512,-1.43487
35.514,-2.38675
35.516,2.51155
35.518,0.884166
35.52,4.58386
35.522,-1.42362
35.524,-0.0579278
35.526,2.58066
35.528,2.0889
35.53,1.58234
35.532,0.377472
35.534,0.429494
35.536,0.643293
35.538,4.12612
35.54,2.41294
35.542,-0.496139
35.544,-1.03181
35.546,1.99741
35.548,-0.258747
35.55,-2.5135
35.552,-0.455069
35.554,0.663221
35.556,-0.715252
35.558,-1.48786
35.56,2.50093
35.562,-0.796183
35.564,-1.11049
35.566,2.21007
35.568,-2.22883
35.57,-0.280702
35.572,-1.41838
35.574,-1.46592
35.576,-1.04647
35.578,-1.42637
35.58,-2.63613
35.582,2.36026
35.584,1.08335
35.586,-2.29395
35.588,-2.1341
35.59,-0.244423
35.592,-0.528495
35.594,1.25415
35.596,-2.00714
35.598,-0.0269006
35.6,0.176175
35.602,0.255671
35.604,-1.38103
35.606,-3.13396
35.608,1.23287
35.61,-2.44695
35.612,-0.870399
35.614,1.17779
35.616,-1.06147
35.618,1.36338
35.62,1.42511
35.622,2.44513
35.624,-1.53609
35.626,1.93949
35.628,-0.856275
35.63,1.26053
35.632,2.50388
35.634,3.11326
35.636,2.95157
35.638,-0.364899
35.64,3.21346
35.642,2.29516
35.644,0.496136
35.646,-1.98126
35.648,-0.392879
35.65,5.37384
35.652,0.940438
35.654,-0.927308
35.656,-0.737929
35.658,3.83967
35.66,-1.84063
35.662,-1.29575
35.664,0.0576768
35.666,-0.0628706
35.668,-0.637726
35.67,1.27595
35.672,1.70726
35.674,-0.466127
35.676,1.53109
35.678,1.57254
35.68,-2.21473
35.682,-0.782735
35.684,0.880666
35.686,-4.43269
35.688,1.0911
35.69,-3.69905
35.692,-2.64677
35.694,-5.92671
35.696,0.0642873
35.698,0.0701322
35.7,-1.9296
35.702,0.469474
35.704,1.05149
35.706,-0.977461
35.708,-1.62923
35.71,-4.32622
35.712,-2.94892
35.714,2.32896
35.716,1.1283
35.718,-0.302066
35.72,-0.465038
35.722,-1.78389
35.724,-1.20555
35.726,-2.03382
35.728,2.34434
35.73,-0.184497
35.732,2.18566
35.734,-3.93054
35.736,1.11283
35.738,-3.24604
35.74,-0.294311
35.742,0.301644
35.744,-0.764161
35.746,1.50335
35.748,-0.82583
35.75,4.38403
35.752,-1.04717
35.754,-3.99913
35.756,2.39986
35.758,1.14017
35.76,2.06405
35.762,1.4722
35.764,1.90684
35.766,0.781022
35.768,2.35632
35.77,-1.41106
35.772,1.75254
35.774,-0.875591
35.776,0.324084
35.778,0.949941
35.78,-4.72986
35.782,1.71971
35.784,-2.69282
35.786,-2.88983
35.788,2.50656
35.79,-1.3301
35.792,-4.63284
35.794,-1.27356
35.796,3.89444
35.798,5.50229
35.8,-0.851077
35.802,1.04812
35.804,-0.0851501
35.806,0.390782
35.808,2.05275
35.81,0.863157
35.812,-2.02005
35.814,-0.607183
35.816,-1.37239
35.818,3.51303
35.82,2.72006
35.822,-0.443084
35.824,-0.32085
35.826,-1.70482
35.828,0.322024
35.83,-3.88934
35.832,-1.08286
35.834,-3.60956
35.836,-1.41166
35.838,1.55507
35.84,-1.16114
35.842,-3.20838
35.844,-0.270299
35.846,-1.09057
35.848,1.02558
35.85,-0.09283
35.852,0.705913
35.854,-1.96857
35.856,2.28735
35.858,-1.07106
35.86,-0.00655051
35.862,2.67398
35.864,2.49444
35.866,0.87055
35.868,1.15191
35.87,-0.0391995
35.872,-1.0315
35.874,2.12422
35.876,0.569699
35.878,-2.37393
35.88,2.22117
35.882,0.0739972
35.884,2.33439
35.886,3.57415
35.888,-0.952301
35.89,2.49954
35.892,-0.18831
35.894,0.753473
35.896,0.0768332
35.898,0.726562
35.9,-4.22361
35.902,3.5446
35.904,3.66866
35.906,-1.42375
35.908,-4.00078
35.91,-0.394625
35.912,-1.35965
35.914,-0.0999594
35.916,-2.23662
35.918,2.07242
35.92,1.53806
35.922,-2.75161
35.924,-0.721375
35.926,2.12837
35.928,-0.573499
35.93,1.36722
35.932,-1.33108
35.934,-2.22213
35.936,0.284843
35.938,-0.307858
35.94,2.22002
35.942,0.0819034
35.944,1.76817
35.946,-0.777167
35.948,-3.46258
35.95,-3.67317
35.952,-1.69864
35.954,0.620648
35.956,0.155832
35.958,-3.13543
35.96,-1.2631
35.962,-2.63825
35.964,-0.523784
35.966,3.94302
35.968,-1.81344
35.97,1.14936
35.972,1.82259
35.974,-4.621
35.976,1.65247
35.978,2.61422
35.98,2.37251
35.982,-0.473131
35.984,-1.76184
35.986,-0.0887212
35.988,-0.0693716
35.99,2.41084
35.992,-1.89939
35.994,-1.27262
35.996,-0.71594
35.998,-0.00807189
36,-2.11629
36.002,-0.529263
36.004,3.37072
36.006,1.48539
36.008,1.55424
36.01,0.372073
36.012,-2.29683
36.014,-2.55639
36.016,-1.48558
36.018,2.33661
36.02,-1.64521
36.022,1.89039
36.024,-2.28947
36.026,-3.4167
36.028,-2.29064
36.03,1.46042
36.032,1.26828
36.034,-1.85443
36.036,-3.15941
36.038,4.89198
36.04,1.8734
36.042,1.1538
36.044,-0.342611
36.046,-3.4524
36.048,0.48465
36.05,-0.808926
36.052,-0.456689
36.054,1.38672
36.056,2.95024
36.058,-1.15244
36.06,0.503736
36.062,-0.549274
36.064,0.841854
36.066,2.05359
36.068,1.40495
36.07,1.98591
36.072,2.36745
36.074,-2.17465
36.076,-1.739
36.078,1.69222
36.08,-0.00438332
36.082,-0.0154576
36.084,-0.600421
36.086,-0.560012
36.088,-0.945308
36.09,-1.18597
36.092,-1.54065
36.094,-2.38801
36.096,-0.991622
36.098,0.722133
36.1,-2.02912
36.102,-3.92599
36.104,-5.51824
36.106,-4.49106
36.108,0.0408931
36.11,0.448202
36.112,0.890512
36.114,-1.4117
36.116,-3.46161
36.118,-2.75172
36.12,0.733556
36.122,-0.310425
36.124,2.04718
36.126,0.585646
36.128,2.20652
36.13,0.0288532
36.132,1.23377
36.134,1.94448
36.136,0.196214
36.138,-0.163231
36.14,0.33541
36.142,2.25696
36.144,0.879515
36.146,-0.00938238
36.148,2.89588
36.15,1.70752
36.152,0.91322
36.154,-0.166491
36.156,2.45555
36.158,-0.553413
36.16,-0.300262
36.162,1.6483
36.164,3.29408
36.166,1.7938
36.168,0.742085
36.17,-0.14782
36.172,0.59805
36.174,-4.16147
36.176,-4.07048
36.178,-3.6543
36.18,-2.38863
36.182,3.17955
36.184,1.43114
36.186,1.21486
36.188,-2.02096
36.19,0.00571692
36.192,0.475571
36.194,-2.94348
36.196,0.296195
36.198,-0.474485
36.2,-2.46042
36.202,0.103126
36.204,-2.93617
36.206,3.10897
36.208,0.411628
36.21,-0.668037
36.212,0.257321
36.214,1.97661
36.216,-1.47865
36.218,0.0218195
36.22,-1.19699
36.222,-0.294905
36.224,-3.03996
36.226,-0.408847
36.228,-1.54914
36.23,0.0236036
36.232,-1.60585
36.234,-1.09048
36.236,-4.18033
36.238,0.544797
36.24,-2.90063
36.242,0.821214
36.244,1.40971
36.246,-0.471072
36.248,-0.774851
36.25,1.36399
36.252,1.9801
36.254,2.70819
36.256,1.65825
36.258,-2.8702
36.26,2.37262
36.262,2.45209
36.264,-2.49078
36.266,0.506663
36.268,1.92417
36.27,-1.70817
36.272,-0.500399
36.274,1.32937
36.276,1.95826
36.278,2.15394
36.28,1.76695
36.282,-0.973894
36.284,-0.834121
36.286,-0.236139
36.288,2.468
36.29,0.0689634
36.292,-1.91258
36.294,-0.071021
36.296,1.64308
36.298,1.45945
36.3,4.44637
36.302,2.31865
36.304,-2.4288
36.306,-0.841643
36.308,-0.285703
36.31,0.4312
36.312,1.60465
36.314,3.53962
36.316,1.75118
36.318,4.48451
36.32,-1.27092
36.322,1.59499
36.324,0.23011
36.326,-0.403571
36.328,0.560692
36.33,-2.36915
36.332,0.407172
36.334,-0.164598
36.336,2.40695
36.338,-0.38666
36.34,3.07035
36.342,-2.08357
36.344,2.16041
36.346,-1.21848
36.348,-1.04101
36.35,-2.91188
36.352,-2.88649
36.354,0.99944
36.356,-0.332705
36.358,1.39058
36.36,1.85559
36.362,-1.58817
36.364,-1.18793
36.366,-0.649292
36.368,-2.76746
36.37,-1.82505
36.372,-1.14672
36.374,1.15752
36.376,0.19912
36.378,-1.69232
36.38,-0.250422
36.382,-1.07177
36.384,1.18465
36.386,2.40866
36.388,-1.08345
36.39,-0.791363
36.392,-3.36891
36.394,0.333536
36.396,0.554474
36.398,-1.28571
36.4,-3.19584
36.402,0.205981
36.404,-1.73772
36.406,1.88045
36.408,-1.49209
36.41,3.72682
36.412,1.22105
36.414,0.188325
36.416,-1.38799
36.418,0.948629
36.42,3.10781
36.422,2.08135
36.424,4.08194
36.426,-1.20117
36.428,1.18256
36.43,-1.39044
36.432,-0.920152
36.434,-0.226944
36.436,0.389911
36.438,2.37745
36.44,-1.5266
36.442,-0.846155
36.444,-1.27912
36.446,-3.99457
36.448,-0.24323
36.45,-2.43618
36.452,2.58923
36.454,0.869604
36.456,2.55609
36.458,-2.28492
36.46,0.174841
36.462,0.276733
36.464,0.4733
36.466,2.01183
36.468,-0.779786
36.47,-0.615108
36.472,-0.914888
36.474,-0.98325
36.476,-3.12039
36.478,-0.441597
36.48,-1.76742
36.482,-2.2841
36.484,1.17375
36.486,-4.26146
36.488,0.287869
36.49,-0.239801
36.492,0.285857
36.494,1.01855
36.496,-1.46836
36.498,-3.77626
36.5,1.16203
36.502,0.459389
36.504,1.52567
36.506,-0.645025
36.508,-2.14493
36.51,-0.482456
36.512,2.25471
36.514,-1.44652
36.516,-2.51323
36.518,-1.96969
36.52,-0.212467
36.522,-4.00568
36.524,2.69268
36.526,2.17799
36.528,-0.44543
36.53,0.175951
36.532,-2.74032
36.534,2.03671
36.536,0.322904
36.538,-2.71098
36.54,-2.2359
36.542,0.0134551
36.544,0.377852
36.546,2.96704
36.548,3.87921
36.55,-1.7095
36.552,1.26434
36.554,-1.50375
36.556,1.38765
36.558,0.797428
36.56,1.96652
36.562,-1.0654
36.564,-3.01522
36.566,-1.6862
36.568,0.972306
36.57,-0.991494
36.572,-1.87033
36.574,1.0828
36.576,1.28354
36.578,-0.882786
36.58,1.47253
36.582,-0.425509
36.584,2.81617
36.586,1.68159
36.588,2.8334
36.59,0.106499
36.592,0.209851
36.594,0.810572
36.596,-2.334
36.598,-1.72335
36.6,0.665917
36.602,-2.83557
36.604,-0.111118
36.606,0.11748
36.608,1.73771
36.61,0.823458
36.612,0.421655
36.614,2.70881
36.616,2.14976
36.618,0.26621
36.62,-0.896154
36.622,2.49
36.624,-0.807103
36.626,-1.41831
36.628,0.563029
36.63,1.78128
36.632,1.64084
36.634,3.24514
36.636,-1.12635
36.638,-2.90785
36.64,-2.26373
36.642,-2.69828
36.644,-2.07928
36.646,1.54475
36.648,-1.10841
36.65,-2.25466
36.652,-0.218898
36.654,0.341144
36.656,3.16602
36.658,1.60057
36.66,3.02373
36.662,-3.56995
36.664,-0.229986
36.666,-0.132221
36.668,0.986523
36.67,0.239455
36.672,2.29177
36.674,-0.0626003
36.676,-0.296929
36.678,0.576447
36.68,-1.82944
36.682,1.37801
36.684,-3.26717
36.686,-2.79425
36.688,-2.2452
36.69,-1.38346
36.692,-0.750566
36.694,-2.43267
36.696,-0.851658
36.698,-1.68694
36.7,-2.31225
36.702,-4.18671
36.704,1.23516
36.706,0.554084
36.708,-2.95814
36.71,1.22549
36.712,-1.54801
36.714,-3.06174
36.716,0.418291
36.718,-2.44766
36.72,-2.03508
36.722,-0.288137
36.724,2.12662
36.726,2.27516
36.728,3.04694
36.73,-1.40588
36.732,-1.41002
36.734,-1.56349
36.736,-1.18131
36.738,2.89289
36.74,-0.310301
36.742,-1.57431
36.744,3.16292
36.746,-1.71858
36.748,-1.43149
36.75,0.866104
36.752,-3.04875
36.754,2.53015
36.756,-0.636821
36.758,-0.223702
36.76,1.81944
36.762,3.95826
36.764,-0.998667
36.766,3.13796
36.768,3.31968
36.77,1.93203
36.772,0.763977
36.774,-0.086881
36.776,2.00836
36.778,2.13231
36.78,0.912238
36.782,0.985177
36.784,-0.624871
36.786,-1.01725
36.788,0.771988
36.79,-2.1785
36.792,0.651051
36.794,0.259514
36.796,-1.79761
36.798,-0.204862
36.8,0.765563
36.802,2.03321
36.804,-1.69893
36.806,-0.6107
36.808,-3.13825
36.81,-1.75655
36.812,-0.767152
36.814,0.257069
36.816,-2.75462
36.818,-0.437304
36.82,1.59744
36.822,-0.480175
36.824,-1.49186
36.826,3.4885
36.828,1.66221
36.83,0.709338
36.832,-3.26364
36.834,-2.00941
36.836,-0.999327
36.838,-0.243286
36.84,-4.1821
36.842,-0.229184
36.844,-2.5002
36.846,-1.25952
36.848,-0.135071
36.85,-0.0167718
36.852,1.50911
36.854,-0.0230494
36.856,3.30603
36.858,-0.749447
36.86,-1.05785
36.862,2.33177
36.864,-0.286791
36.866,-0.128113
36.868,0.864941
36.87,-1.78416
36.872,-2.88222
36.874,-1.29681
36.876,2.99883
36.878,1.44479
36.88,-2.70941
36.882,5.28678
36.884,-0.45464
36.886,3.10693
36.888,2.22246
36.89,-0.414278
36.892,0.778923
36.894,3.56591
36.896,2.08828
36.898,0.379916
36.9,1.23495
36.902,1.70971
36.904,-1.93278
36.906,-2.93156
36.908,-2.04581
36.91,-0.541867
36.912,-0.00178379
36.914,-3.63322
36.916,2.16354
36.918,0.0828021
36.92,-0.808544
36.922,1.82999
36.924,0.730425
36.926,-0.815926
36.928,3.12566
36.93,-2.72182
36.932,-1.18033
36.934,-0.612054
36.936,0.850818
36.938,-2.7447
36.94,-0.288819
36.942,-2.14743
36.944,-0.96162
36.946,-0.101728
36.948,-2.96332
36.95,5.17043
36.952,1.38628
36.954,2.58848
36.956,2.59376
36.958,0.937964
36.96,-1.99384
36.962,0.592395
36.964,2.02765
36.966,-0.975563
36.968,0.740218
36.97,-0.871853
36.972,1.3864
36.974,-1.77157
36.976,-0.70843
36.978,-2.84237
36.98,1.8139
36.982,-3.16925
36.984,0.853898
36.986,2.81191
36.988,-0.711363
36.99,-1.81202
36.992,-2.87791
36.994,1.07343
36.996,-2.76427
36.998,-1.49262
37,-3.73434
37.002,-1.85116
37.004,-0.737339
37.006,-0.624541
37.008,2.1078
37.01,0.439013
37.012,-0.492901
37.014,1.40703
37.016,-1.81972
37.018,-0.624214
37.02,-0.321613
37.022,0.285267
37.024,0.592813
37.026,1.57432
37.028,0.0487794
37.03,1.49752
37.032,-2.52132
37.034,-3.6443
37.036,0.454262
37.038,2.19359
37.04,-2.82248
37.042,-0.628927
37.044,-0.253719
37.046,-3.50825
37.048,2.54513
37.05,-1.91488
37.052,0.667832
37.054,-0.579557
37.056,-3.63112
37.058,2.1912
37.06,-1.37374
37.062,0.998572
37.064,2.48301
37.066,3.2904
37.068,1.45896
37.07,4.19622
37.072,1.01309
37.074,-0.172418
37.076,1.67752
37.078,2.71113
37.08,-0.22153
37.082,-0.198688
37.084,-3.66947
37.086,1.60067
37.088,0.836815
37.09,-0.913945
37.092,2.6622
37.094,2.42801
37.096,-1.62155
37.098,-0.163399
37.1,-1.27213
37.102,0.805444
37.104,-1.46995
37.106,-2.11949
37.108,1.29024
37.11,0.526703
37.112,-1.40899
37.114,-1.41029
37.116,2.22056
37.118,-2.59398
37.12,-3.09841
37.122,-1.06253
37.124,-0.118633
37.126,-3.67151
37.128,0.0578656
37.13,0.826162
37.132,-1.24121
37.134,-2.38902
37.136,1.40741
37.138,-1.18199
37.14,-4.14769
37.142,1.42827
37.144,0.939572
37.146,1.41463
37.148,0.589774
37.15,0.418435
37.152,-1.24223
37.154,0.491858
37.156,1.46565
37.158,1.70513
37.16,-2.11268
37.162,2.18908
37.164,-0.189415
37.166,-2.18849
37.168,-0.354304
37.17,2.38686
37.172,-3.82578
37.174,2.31926
37.176,2.26509
37.178,-3.81434
37.18,-1.2574
37.182,-2.17044
37.184,-1.65138
37.186,1.48709
37.188,-3.9515
37.19,-0.794298
37.192,-1.07936
37.194,-2.53785
37.196,-1.17422
37.198,-2.68796
37.2,-4.31394
37.202,-0.402978
37.204,-1.29571
37.206,1.04061
37.208,-2.41255
37.21,-1.74952
37.212,0.0891124
37.214,-1.84185
37.216,1.0399
37.218,-1.04823
37.22,4.40357
37.222,-1.16989
37.224,1.27996
37.226,-2.19867
37.228,2.05272
37.23,-0.354357
37.232,0.517239
37.234,2.08267
37.236,1.85533
37.238,-0.760279
37.24,-0.282352
37.242,0.320454
37.244,2.51183
37.246,-1.44796
37.248,-1.03765
37.25,1.21585
37.252,1.13546
37.254,3.04496
37.256,5.4156
37.258,2.32079
37.26,1.71839
37.262,-2.9771
37.264,1.13781
37.266,1.69402
37.268,-0.103638
37.27,-0.98787
37.272,0.41356
37.274,0.147126
37.276,-0.670974
37.278,2.26508
37.28,-1.11808
37.282,-0.758811
37.284,1.60987
37.286,0.140579
37.288,-1.09498
37.29,-0.0214662
37.292,1.577
37.294,-0.942435
37.296,0.794694
37.298,-2.90391
37.3,0.430214
37.302,0.188701
37.304,-3.87612
37.306,-1.92157
37.308,3.0133
37.31,-5.98092
37.312,-2.40849
37.314,-1.3213
37.316,-5.96389
37.318,-1.14267
37.32,2.78361
37.322,-2.18711
37.324,-1.90284
37.326,-0.0927403
37.328,0.56394
37.33,1.05341
37.332,-0.854487
37.334,-4.4498
37.336,0.430641
37.338,1.00601
37.34,1.03893
37.342,-1.34446
37.344,-1.19791
37.346,-0.250056
37.348,0.471356
37.35,-0.89404
37.352,-0.0901569
37.354,-3.17622
37.356,1.67956
37.358,1.56732
37.36,-2.4012
37.362,0.650223
37.364,-2.47639
37.366,0.567854
37.368,4.37136
37.37,2.18081
37.372,4.2966
37.374,3.41378
37.376,-1.23368
37.378,-0.300725
37.38,-0.465576
37.382,-0.708187
37.384,0.553829
37.386,1.49254
37.388,-0.395294
37.39,0.512661
37.392,-0.184555
37.394,-0.450728
37.396,0.442547
37.398,0.864248
37.4,1.39542
37.402,3.4605
37.404,-1.27759
37.406,0.122475
37.408,1.1037
37.41,-0.168639
37.412,0.212246
37.414,1.3404
37.416,1.39834
37.418,3.60802
37.42,0.655088
37.422,-3.9221
37.424,-0.752935
37.426,-1.87812
37.428,-2.42613
37.43,-0.641253
37.432,-0.137092
37.434,1.98987
37.436,0.819729
37.438,-0.244607
37.44,-0.208873
37.442,1.81016
37.444,3.35779
37.446,0.303803
37.448,-2.03322
37.45,-0.17893
37.452,1.81239
37.454,-0.928403
37.456,-0.357963
37.458,0.0590239
37.46,3.97313
37.462,-2.92514
37.464,-3.02101
37.466,0.777031
37.468,1.47664
37.47,-0.57484
37.472,-2.04547
37.474,-4.16745
37.476,-0.396337
37.478,0.88059
37.48,-1.8344
37.482,-3.38878
37.484,1.51663
37.486,-1.79315
37.488,0.917889
37.49,0.188778
37.492,0.728942
37.494,-1.93375
37.496,-0.873169
37.498,-1.58619
37.5,-3.89816
37.502,-1.38828
37.504,-0.222348
37.506,-3.60203
37.508,-0.958923
37.51,0.638824
37.512,3.87523
37.514,2.69883
37.516,-2.89177
37.518,1.5256
37.52,0.984786
37.522,-0.0771313
37.524,-0.295124
37.526,3.47428
37.528,0.505883
37.53,2.22636
37.532,-0.178412
37.534,0.84575
37.536,3.58086
37.538,0.22888
37.54,-0.0355689
37.542,0.800977
37.544,-2.87115
37.546,-0.924289
37.548,1.02706
37.55,-1.82053
37.552,0.0712207
37.554,-0.0838581
37.556,-1.54796
37.558,-1.41619
37.56,1.73509
37.562,-0.707433
37.564,1.09989
37.566,-0.0768909
37.568,-0.933812
37.57,-1.85851
37.572,-1.72175
37.574,-2.70885
37.576,-3.86859
37.578,-2.93597
37.58,1.69831
37.582,-2.27671
37.584,-3.08716
37.586,1.6455
37.588,-0.0908302
37.59,-1.06137
37.592,1.74957
37.594,-4.7552
37.596,0.34572
37.598,-1.74211
37.6,2.31054
37.602,0.0794745
37.604,1.12167
37.606,-2.02923
37.608,0.891604
37.61,3.00879
37.612,1.09316
37.614,-0.260308
37.616,2.50817
37.618,3.27999
37.62,0.210394
37.622,-1.15994
37.624,2.21929
37.626,-0.946051
37.628,3.33501
37.63,0.444773
37.632,-3.73624
37.634,-1.5736
37.636,-1.45294
37.638,0.20375
37.64,1.50421
37.642,1.89158
37.644,-0.267609
37.646,-0.619718
37.648,0.300329
37.65,2.45246
37.652,-0.488049
37.654,-0.216591
37.656,2.80723
37.658,-1.86183
37.66,-0.757087
37.662,0.879292
37.664,0.74175
37.666,-2.9563
37.668,-1.97509
37.67,-2.25117
37.672,-2.85097
37.674,-0.977812
37.676,0.563582
37.678,-0.134105
37.68,2.4096
37.682,-0.00652273
37.684,0.895039
37.686,2.57339
37.688,-1.62844
37.69,2.00014
37.692,0.275444
37.694,-1.12922
37.696,-0.806888
37.698,-1.35553
37.7,0.290852
37.702,-0.710566
37.704,3.50188
37.706,1.86178
37.708,-0.303696
37.71,-2.03378
37.712,-3.2989
37.714,-0.627821
37.716,-1.30357
37.718,-0.37528
37.72,-0.134324
37.722,3.55661
37.724,3.7376
37.726,0.158948
37.728,-0.976093
37.73,-1.61784
37.732,-1.30079
37.734,-0.813963
37.736,-1.0878
37.738,-4.13372
37.74,-1.20371
37.742,-1.44116
37.744,-1.87959
37.746,-0.378657
37.748,-2.20425
37.75,-1.94656
37.752,-2.40828
37.754,2.77626
37.756,3.70193
37.758,2.02376
37.76,0.908423
37.762,-1.05857
37.764,4.45339
37.766,-2.33515
