"Time","state"
0,-0,-3.14159,0,0
0.002,-0,-3.14159,0,0
0.004,-0,-3.14159,0,0
0.006,-0,-3.14159,0,0
0.008,-0,-3.14159,0,0
0.01,-0,-3.14159,0,0
0.012,-0,-3.14159,0,0
0.014,-0,-3.14159,0,0
0.016,-0,-3.14159,0,0
0.018,-0,-3.14159,0,0
0.02,-0,-3.14159,0,0
0.022,-0,-3.14159,0,0
0.024,-0,-3.14159,0,0
0.026,-0,-3.14159,0,0
0.028,-0,-3.14159,0,0
0.03,-0,-3.14159,0,0
0.032,-0,-3.14159,0,0
0.034,-0,-3.14159,0,0
0.036,-0,-3.14159,0,0
0.038,-0,-3.14159,0,0
0.04,-0,-3.14159,0,0
0.042,-0,-3.14159,0,0
0.044,-0,-3.14159,0,0
0.046,-0,-3.14159,0,0
0.048,-0,-3.14159,0,0
0.05,-0,-3.14159,0,0
0.052,-0,-3.14159,0,0
0.054,-0,-3.14159,0,0
0.056,-0,-3.14159,0,0
0.058,-0,-3.14159,0,0
0.06,-0,-3.14159,0,0
0.062,-0,-3.14159,0,0
0.064,-0,-3.14159,0,0
0.066,-0,-3.14159,0,0
0.068,-0,-3.14159,0,0
0.07,-0,-3.14159,0,0
0.072,-0,-3.14159,0,0
0.074,-0,-3.14159,0,0
0.076,-0,-3.14159,0,0
0.078,-0,-3.14159,0,0
0.08,-0,-3.14159,0,0
0.082,-0,-3.14159,0,0
0.084,-0,-3.14159,0,0
0.086,-0,-3.14159,0,0
0.088,-0,-3.14159,0,0
0.09,-0,-3.14159,0,0
0.092,-0,-3.14159,0,0
0.094,-0,-3.14159,0,0
0.096,-0,-3.14159,0,0
0.098,-0,-3.14159,0,0
0.1,-0,-3.14159,0,0
0.102,-0,-3.14159,0,0
0.104,-0,-3.14159,0,0
0.106,-0,-3.14159,0,0
0.108,-0,-3.14159,0,0
0.11,-0,-3.14159,0,0
0.112,-0,-3.14159,0,0
0.114,-0,-3.14159,0,0
0.116,-0,-3.14159,0,0
0.118,-0,-3.14159,0,0
0.12,-0,-3.14159,0,0
0.122,-0,-3.14159,0,0
0.124,-0,-3.14159,0,0
0.126,-0,-3.14159,0,0
0.128,-0,-3.14159,0,0
0.13,-0,-3.14159,0,0
0.132,-0,-3.14159,0,0
0.134,-0,-3.14159,0,0
0.136,-0,-3.14159,0,0
0.138,-0,-3.14159,0,0
0.14,-0,-3.14159,0,0
0.142,-0,-3.14159,0,0
0.144,-0,-3.14159,0,0
0.146,-0,-3.14159,0,0
0.148,-0,-3.14159,0,0
0.15,-0,-3.14159,0,0
0.152,-0,-3.14159,0,0
0.154,-0,-3.14159,0,0
0.156,-0,-3.14159,0,0
0.158,-0,-3.14159,0,0
0.16,-0,-3.14159,0,0
0.162,-0,-3.14159,0,0
0.164,-0,-3.14159,0,0
0.166,-0,-3.14159,0,0
0.168,-0,-3.14159,0,0
0.17,-0,-3.14159,0,0
0.172,-0,-3.14159,0,0
0.174,-0,-3.14159,0,0
0.176,-0,-3.14159,0,0
0.178,-0,-3.14159,0,0
0.18,-0,-3.14159,0,0
0.182,-0,-3.14159,0,0
0.184,-0,-3.14159,0,0
0.186,-0,-3.14159,0,0
0.188,-0,-3.14159,0,0
0.19,-0,-3.14159,0,0
0.192,-0,-3.14159,0,0
0.194,-0,-3.14159,0,0
0.196,-0,-3.14159,0,0
0.198,-0,-3.14159,0,0
0.2,-0,-3.14159,0,0
0.202,-0,-3.14159,0,0
0.204,-0,-3.14159,0,0
0.206,-0,-3.14159,0,0
0.208,-0,-3.14159,0,0
0.21,-0,-3.14159,0,0
0.212,-0,-3.14159,0,0
0.214,-0,-3.14159,0,0
0.216,-0,-3.14159,0,0
0.218,-0,-3.14159,0,0
0.22,-0,-3.14159,0,0
0.222,-0,-3.14159,0,0
0.224,-0,-3.14159,0,0
0.226,-0,-3.14159,0,0
0.228,-0,-3.14159,0,0
0.23,-0,-3.14159,0,0
0.232,-0,-3.14159,0,0
0.234,-0,-3.14159,0,0
0.236,-0,-3.14159,0,0
0.238,-0,-3.14159,0,0
0.24,-0,-3.14159,0,0
0.242,-0,-3.14159,0,0
0.244,-0,-3.14159,0,0
0.246,-0,-3.14159,0,0
0.248,-0,-3.14159,0,0
0.25,-0,-3.14159,0,0
0.252,-0,-3.14159,0,0
0.254,-0,-3.14159,0,0
0.256,-0,-3.14159,0,0
0.258,-0,-3.14159,0,0
0.26,-0,-3.14159,0,0
0.262,-0,-3.14159,0,0
0.264,-0,-3.14159,0,0
0.266,-0,-3.14159,0,0
0.268,-0,-3.14159,0,0
0.27,-0,-3.14159,0,0
0.272,-0,-3.14159,0,0
0.274,-0,-3.14159,0,0
0.276,-0,-3.14159,0,0
0.278,-0,-3.14159,0,0
0.28,-0,-3.14159,0,0
0.282,-0,-3.14159,0,0
0.284,-0,-3.14159,0,0
0.286,-0,-3.14159,0,0
0.288,-0,-3.14159,0,0
0.29,-0,-3.14159,0,0
0.292,-0,-3.14159,0,0
0.294,-0,-3.14159,0,0
0.296,-0,-3.14159,0,0
0.298,-0,-3.14159,0,0
0.3,-0,-3.14159,0,0
0.302,-0,-3.14159,0,0
0.304,-0,-3.14159,0,0
0.306,-0,-3.14159,0,0
0.308,-0,-3.14159,0,0
0.31,-0,-3.14159,0,0
0.312,-0,-3.14159,0,0
0.314,-0,-3.14159,0,0
0.316,-0,-3.14159,0,0
0.318,-0,-3.14159,0,0
0.32,-0,-3.14159,0,0
0.322,-0,-3.14159,0,0
0.324,-0,-3.14159,0,0
0.326,-0,-3.14159,0,0
0.328,-0,-3.14159,0,0
0.33,-0,-3.14159,0,0
0.332,-0,-3.14159,0,0
0.334,-0,-3.14159,0,0
0.336,-0,-3.14159,0,0
0.338,-0,-3.14159,0,0
0.34,-0,-3.14159,0,0
0.342,-0,-3.14159,0,0
0.344,-0,-3.14159,0,0
0.346,-0,-3.14159,0,0
0.348,-0,-3.14159,0,0
0.35,-0,-3.14159,0,0
0.352,-0,-3.14159,0,0
0.354,-0,-3.14159,0,0
0.356,-0,-3.14159,0,0
0.358,-0,-3.14159,0,0
0.36,-0,-3.14159,0,0
0.362,-0,-3.14159,0,0
0.364,-0,-3.14159,0,0
0.366,-0,-3.14159,0,0
0.368,-0,-3.14159,0,0
0.37,-0,-3.14159,0,0
0.372,-0,-3.14159,0,0
0.374,-0,-3.14159,0,0
0.376,-0,-3.14159,0,0
0.378,-0,-3.14159,0,0
0.38,-0,-3.14159,0,0
0.382,-0,-3.14159,0,0
0.384,-0,-3.14159,0,0
0.386,-0,-3.14159,0,0
0.388,-0,-3.14159,0,0
0.39,-0,-3.14159,0,0
0.392,-0,-3.14159,0,0
0.394,-0,-3.14159,0,0
0.396,-0,-3.14159,0,0
0.398,-0,-3.14159,0,0
0.4,-0,-3.14159,0,0
0.402,-0,-3.14159,0,0
0.404,-0,-3.14159,0,0
0.406,-0,-3.14159,0,0
0.408,-0,-3.14159,0,0
0.41,-0,-3.14159,0,0
0.412,-0,-3.14159,0,0
0.414,-0,-3.14159,0,0
0.416,-0,-3.14159,0,0
0.418,-0,-3.14159,0,0
0.42,-0,-3.14159,0,0
0.422,-0,-3.14159,0,0
0.424,-0,-3.14159,0,0
0.426,-0,-3.14159,0,0
0.428,-0,-3.14159,0,0
0.43,-0,-3.14159,0,0
0.432,-0,-3.14159,0,0
0.434,-0,-3.14159,0,0
0.436,-0,-3.14159,0,0
0.438,-0,-3.14159,0,0
0.44,-0,-3.14159,0,0
0.442,-0,-3.14159,0,0
0.444,-0,-3.14159,0,0
0.446,-0,-3.14159,0,0
0.448,-0,-3.14159,0,0
0.45,-0,-3.14159,0,0
0.452,-0,-3.14159,0,0
0.454,-0,-3.14159,0,0
0.456,-0,-3.14159,0,0
0.458,-0,-3.14159,0,0
0.46,-0,-3.14159,0,0
0.462,-0,-3.14159,0,0
0.464,-0,-3.14159,0,0
0.466,-0,-3.14159,0,0
0.468,-0,-3.14159,0,0
0.47,-0,-3.14159,0,0
0.472,-0,-3.14159,0,0
0.474,-0,-3.14159,0,0
0.476,-0,-3.14159,0,0
0.478,-0,-3.14159,0,0
0.48,-0,-3.14159,0,0
0.482,-0,-3.14159,0,0
0.484,-0,-3.14159,0,0
0.486,-0,-3.14159,0,0
0.488,-0,-3.14159,0,0
0.49,-0,-3.14159,0,0
0.492,-0,-3.14159,0,0
0.494,-0,-3.14159,0,0
0.496,-0,-3.14159,0,0
0.498,-0,-3.14159,0,0
0.5,-0,-3.14159,0,0
0.502,-0,-3.14159,0,0
0.504,-0,-3.14159,0,0
0.506,-0,-3.14159,0,0
0.508,-0,-3.14159,0,0
0.51,-0,-3.14159,0,0
0.512,-0,-3.14159,0,0
0.514,-0,-3.14159,0,0
0.516,-0,-3.14159,0,0
0.518,-0,-3.14159,0,0
0.52,-0,-3.14159,0,0
0.522,-0,-3.14159,0,0
0.524,-0,-3.14159,0,0
0.526,-0,-3.14159,0,0
0.528,-0,-3.14159,0,0
0.53,-0,-3.14159,0,0
0.532,-0,-3.14159,0,0
0.534,-0,-3.14159,0,0
0.536,-0,-3.14159,0,0
0.538,-0,-3.14159,0,0
0.54,-0,-3.14159,0,0
0.542,-0,-3.14159,0,0
0.544,-0,-3.14159,0,0
0.546,-0,-3.14159,0,0
0.548,-0,-3.14159,0,0
0.55,-0,-3.14159,0,0
0.552,-0,-3.14159,0,0
0.554,-0,-3.14159,0,0
0.556,-0,-3.14159,0,0
0.558,-0,-3.14159,0,0
0.56,-0,-3.14159,0,0
0.562,-0,-3.14159,0,0
0.564,-0,-3.14159,0,0
0.566,-0,-3.14159,0,0
0.568,-0,-3.14159,0,0
0.57,-0,-3.14159,0,0
0.572,-0,-3.14159,0,0
0.574,-0,-3.14159,0,0
0.576,-0,-3.14159,0,0
0.578,-0,-3.14159,0,0
0.58,-0,-3.14159,0,0
0.582,-0,-3.14159,0,0
0.584,-0,-3.14159,0,0
0.586,-0,-3.14159,0,0
0.588,-0,-3.14159,0,0
0.59,-0,-3.14159,0,0
0.592,-0,-3.14159,0,0
0.594,-0,-3.14159,0,0
0.596,-0,-3.14159,0,0
0.598,-0,-3.14159,0,0
0.6,-0,-3.14159,0,0
0.602,-0,-3.14159,0,0
0.604,-0,-3.14159,0,0
0.606,-0,-3.14159,0,0
0.608,-0,-3.14159,0,0
0.61,-0,-3.14159,0,0
0.612,-0,-3.14159,0,0
0.614,-0,-3.14159,0,0
0.616,-0,-3.14159,0,0
0.618,-0,-3.14159,0,0
0.62,-0,-3.14159,0,0
0.622,-0,-3.14159,0,0
0.624,-0,-3.14159,0,0
0.626,-0,-3.14159,0,0
0.628,-0,-3.14159,0,0
0.63,-0,-3.14159,0,0
0.632,-0,-3.14159,0,0
0.634,-0,-3.14159,0,0
0.636,-0,-3.14159,0,0
0.638,-0,-3.14159,0,0
0.64,-0,-3.14159,0,0
0.642,-0,-3.14159,0,0
0.644,-0,-3.14159,0,0
0.646,-0,-3.14159,0,0
0.648,-0,-3.14159,0,0
0.65,-0,-3.14159,0,0
0.652,-0,-3.14159,0,0
0.654,-0,-3.14159,0,0
0.656,-0,-3.14159,0,0
0.658,-0,-3.14159,0,0
0.66,-0,-3.14159,0,0
0.662,-0,-3.14159,0,0
0.664,-0,-3.14159,0,0
0.666,-0,-3.14159,0,0
0.668,-0,-3.14159,0,0
0.67,-0,-3.14159,0,0
0.672,-0,-3.14159,0,0
0.674,-0,-3.14159,0,0
0.676,-0,-3.14159,0,0
0.678,-0,-3.14159,0,0
0.68,-0,-3.14159,0,0
0.682,-0,-3.14159,0,0
0.684,-0,-3.14159,0,0
0.686,-0,-3.14159,0,0
0.688,-0,-3.14159,0,0
0.69,-0,-3.14159,0,0
0.692,-0,-3.14159,0,0
0.694,-0,-3.14159,0,0
0.696,-0,-3.14159,0,0
0.698,-0,-3.14159,0,0
0.7,-0,-3.14159,0,0
0.702,-0,-3.14159,0,0
0.704,-0,-3.14159,0,0
0.706,-0,-3.14159,0,0
0.708,-0,-3.14159,0,0
0.71,-0,-3.14159,0,0
0.712,-0,-3.14159,0,0
0.714,-0,-3.14159,0,0
0.716,-0,-3.14159,0,0
0.718,-0,-3.14159,0,0
0.72,-0,-3.14159,0,0
0.722,-0,-3.14159,0,0
0.724,-0,-3.14159,0,0
0.726,-0,-3.14159,0,0
0.728,-0,-3.14159,0,0
0.73,-0,-3.14159,0,0
0.732,-0,-3.14159,0,0
0.734,-0,-3.14159,0,0
0.736,-0,-3.14159,0,0
0.738,-0,-3.14159,0,0
0.74,-0,-3.14159,0,0
0.742,-0,-3.14159,0,0
0.744,-0,-3.14159,0,0
0.746,-0,-3.14159,0,0
0.748,-0,-3.14159,0,0
0.75,-0,-3.14159,0,0
0.752,-0,-3.14159,0,0
0.754,-0,-3.14159,0,0
0.756,-0,-3.14159,0,0
0.758,-0,-3.14159,0,0
0.76,-0,-3.14159,0,0
0.762,-0,-3.14159,0,0
0.764,-0,-3.14159,0,0
0.766,-0,-3.14159,0,0
0.768,-0,-3.14159,0,0
0.77,-0,-3.14159,0,0
0.772,-0,-3.14159,0,0
0.774,-0,-3.14159,0,0
0.776,-0,-3.14159,0,0
0.778,-0,-3.14159,0,0
0.78,-0,-3.14159,0,0
0.782,-0,-3.14159,0,0
0.784,-0,-3.14159,0,0
0.786,-0,-3.14159,0,0
0.788,-0,-3.14159,0,0
0.79,-0,-3.14159,0,0
0.792,-0,-3.14159,0,0
0.794,-0,-3.14159,0,0
0.796,-0,-3.14159,0,0
0.798,-0,-3.14159,0,0
0.8,-0,-3.14159,0,0
0.802,-0,-3.14159,0,0
0.804,-0,-3.14159,0,0
0.806,-0,-3.14159,0,0
0.808,-0,-3.14159,0,0
0.81,-0,-3.14159,0,0
0.812,-0,-3.14159,0,0
0.814,-0,-3.14159,0,0
0.816,-0,-3.14159,0,0
0.818,-0,-3.14159,0,0
0.82,-0,-3.14159,0,0
0.822,-0,-3.14159,0,0
0.824,-0,-3.14159,0,0
0.826,-0,-3.14159,0,0
0.828,-0,-3.14159,0,0
0.83,-0,-3.14159,0,0
0.832,-0,-3.14159,0,0
0.834,-0,-3.14159,0,0
0.836,-0,-3.14159,0,0
0.838,-0,-3.14159,0,0
0.84,-0,-3.14159,0,0
0.842,-0,-3.14159,0,0
0.844,-0,-3.14159,0,0
0.846,-0,-3.14159,0,0
0.848,-0,-3.14159,0,0
0.85,-0,-3.14159,0,0
0.852,-0,-3.14159,0,0
0.854,-0,-3.14159,0,0
0.856,-0,-3.14159,0,0
0.858,-0,-3.14159,0,0
0.86,-0,-3.14159,0,0
0.862,-0,-3.14159,0,0
0.864,-0,-3.14159,0,0
0.866,-0,-3.14159,0,0
0.868,-0,-3.14159,0,0
0.87,-0,-3.14159,0,0
0.872,-0,-3.14159,0,0
0.874,-0,-3.14159,0,0
0.876,-0,-3.14159,0,0
0.878,-0,-3.14159,0,0
0.88,-0,-3.14159,0,0
0.882,-0,-3.14159,0,0
0.884,-0,-3.14159,0,0
0.886,-0,-3.14159,0,0
0.888,-0,-3.14159,0,0
0.89,-0,-3.14159,0,0
0.892,-0,-3.14159,0,0
0.894,-0,-3.14159,0,0
0.896,-0,-3.14159,0,0
0.898,-0,-3.14159,0,0
0.9,-0,-3.14159,0,0
0.902,-0,-3.14159,0,0
0.904,-0,-3.14159,0,0
0.906,-0,-3.14159,0,0
0.908,-0,-3.14159,0,0
0.91,-0,-3.14159,0,0
0.912,-0,-3.14159,0,0
0.914,-0,-3.14159,0,0
0.916,-0,-3.14159,0,0
0.918,-0,-3.14159,0,0
0.92,-0,-3.14159,0,0
0.922,-0,-3.14159,0,0
0.924,-0,-3.14159,0,0
0.926,-0,-3.14159,0,0
0.928,-0,-3.14159,0,0
0.93,-0,-3.14159,0,0
0.932,-0,-3.14159,0,0
0.934,-0,-3.14159,0,0
0.936,-0,-3.14159,0,0
0.938,-0,-3.14159,0,0
0.94,-0,-3.14159,0,0
0.942,-0,-3.14159,0,0
0.944,-0,-3.14159,0,0
0.946,-0,-3.14159,0,0
0.948,-0,-3.14159,0,0
0.95,-0,-3.14159,0,0
0.952,-0,-3.14159,0,0
0.954,-0,-3.14159,0,0
0.956,-0,-3.14159,0,0
0.958,-0,-3.14159,0,0
0.96,-0,-3.14159,0,0
0.962,-0,-3.14159,0,0
0.964,-0,-3.14159,0,0
0.966,-0,-3.14159,0,0
0.968,-0,-3.14159,0,0
0.97,-0,-3.14159,0,0
0.972,-0,-3.14159,0,0
0.974,-0,-3.14159,0,0
0.976,-0,-3.14159,0,0
0.978,-0,-3.14159,0,0
0.98,-0,-3.14159,0,0
0.982,-0,-3.14159,0,0
0.984,-0,-3.14159,0,0
0.986,-0,-3.14159,0,0
0.988,-0,-3.14159,0,0
0.99,-0,-3.14159,0,0
0.992,-0,-3.14159,0,0
0.994,-0,-3.14159,0,0
0.996,-0,-3.14159,0,0
0.998,-0,-3.14159,0,0
1,-0,-3.14159,0,0
1.002,-0,-3.14159,0,0
1.004,-0,-3.14159,0,0
1.006,-0,-3.14159,0,0
1.008,-0,-3.14159,0,0
1.01,-0,-3.14159,0,0
1.012,-0,-3.14159,0,0
1.014,-0,-3.14159,0,0
1.016,-0,-3.14159,0,0
1.018,-0,-3.14159,0,0
1.02,-0,-3.14159,0,0
1.022,-0,-3.14159,0,0
1.024,-0,-3.14159,0,0
1.026,-0,-3.14159,0,0
1.028,-0,-3.14159,0,0
1.03,-0,-3.14159,0,0
1.032,-0,-3.14159,0,0
1.034,-0,-3.14159,0,0
1.036,-0,-3.14159,0,0
1.038,0.00306796,-3.14159,0.153398,0
1.04,0.00306796,-3.14159,0.138058,0
1.042,0.00306796,-3.14159,0.124252,0
1.044,0.00306796,-3.14159,0.111827,0
1.046,0.00306796,-3.14159,0.100644,0
1.048,0.00306796,-3.14159,0.09058,0
1.05,0.00306796,-3.14159,0.081522,0
1.052,0.00306796,-3.14159,0.0733698,0
1.054,0.00306796,-3.14159,0.0660328,0
1.056,0.00306796,-3.14159,0.0594296,0
1.058,0.00306796,-3.14159,0.0534866,0
1.06,0.00306796,-3.14159,0.0481379,0
1.062,0.00306796,-3.14159,0.0433241,0
1.064,0.00306796,-3.14159,0.0389917,0
1.066,0.00306796,-3.14159,0.0350926,0
1.068,0.00306796,-3.14159,0.0315833,0
1.07,0.00306796,-3.14159,0.028425,0
1.072,0.00306796,-3.14159,0.0255825,0
1.074,0.00306796,-3.14159,0.0230242,0
1.076,0.00306796,3.13852,0.0207218,-0.153398
1.078,0.00613592,3.13852,0.172048,-0.138058
1.08,0.00613592,3.13852,0.154843,-0.124252
1.082,0.00613592,3.13546,0.139359,-0.265225
1.084,0.00920388,3.13546,0.278821,-0.238703
1.086,0.00920388,3.13239,0.250939,-0.368231
1.088,0.0122718,3.13239,0.379243,-0.331407
1.09,0.0153398,3.12625,0.494717,-0.605063
1.092,0.0184078,3.12318,0.598643,-0.697955
1.094,0.0214757,3.12012,0.692177,-0.781557
1.096,0.0276117,3.11705,0.929755,-0.8568
1.098,0.0306796,3.11091,0.990178,-1.07792
1.1,0.0368155,3.10478,1.19796,-1.27692
1.102,0.0429515,3.09864,1.38496,-1.45602
1.104,0.0490874,3.09251,1.55326,-1.61722
1.106,0.0552233,3.08637,1.70473,-1.76229
1.108,0.0613592,3.08023,1.84105,-1.89286
1.11,0.0705631,3.07103,2.11714,-2.16377
1.112,0.076699,3.06489,2.21222,-2.25419
1.114,0.0859029,3.05569,2.45119,-2.48896
1.116,0.0951068,3.04649,2.66627,-2.70026
1.118,0.101243,3.03728,2.70644,-2.89043
1.12,0.110447,3.03115,2.89599,-2.90818
1.122,0.119651,3.01887,3.06658,-3.23096
1.124,0.131922,3.00967,3.37352,-3.36805
1.126,0.141126,3.00047,3.49636,-3.49144
1.128,0.15033,2.99126,3.60692,-3.60249
1.13,0.162602,2.97899,3.85982,-3.85584
1.132,0.171806,2.96979,3.93403,-3.93045
1.134,0.184078,2.95751,4.15422,-4.15099
1.136,0.193282,2.94831,4.19899,-4.19609
1.138,0.205553,2.93604,4.39269,-4.39007
1.14,0.217825,2.92377,4.56701,-4.56466
1.142,0.230097,2.9115,4.7239,-4.72178
1.144,0.242369,2.89922,4.8651,-4.8632
1.146,0.254641,2.89002,4.99219,-4.83707
1.148,0.266913,2.87775,5.10656,-4.96696
1.15,0.279185,2.86548,5.2095,-5.08385
1.152,0.294524,2.8532,5.45554,-5.18906
1.154,0.306796,2.84093,5.52357,-5.28375
1.156,0.319068,2.82866,5.58481,-5.36896
1.158,0.334408,2.81639,5.79332,-5.44566
1.16,0.34668,2.80412,5.82758,-5.51469
1.162,0.362019,2.79185,6.01181,-5.57681
1.164,0.374291,2.77957,6.02422,-5.63272
1.166,0.389631,2.7673,6.18879,-5.68304
1.168,0.401903,2.75503,6.1835,-5.72833
1.17,0.414175,2.74276,6.17875,-5.76909
1.172,0.429515,2.73355,6.32786,-5.65237
1.174,0.444854,2.72128,6.46207,-5.70073
1.176,0.457126,2.70901,6.42945,-5.74425
1.178,0.472466,2.69674,6.5535,-5.78342
1.18,0.484738,2.68447,6.51174,-5.81867
1.182,0.500078,2.67526,6.62756,-5.69699
1.184,0.51235,2.66299,6.57839,-5.74089
1.186,0.527689,2.65072,6.68754,-5.78039
1.188,0.539961,2.64151,6.63238,-5.66255
1.19,0.555301,2.62924,6.73613,-5.70988
1.192,0.570641,2.62004,6.82951,-5.59909
1.194,0.582913,2.60777,6.76015,-5.65277
1.196,0.598253,2.59856,6.85113,-5.54769
1.198,0.610524,2.58936,6.77961,-5.45312
1.2,0.625864,2.57709,6.86864,-5.5214
1.202,0.638136,2.56788,6.79537,-5.42945
1.204,0.653476,2.55868,6.88282,-5.3467
1.206,0.668816,2.54948,6.96153,-5.27222
1.208,0.681087,2.54027,6.87897,-5.2052
1.21,0.696427,2.53107,6.95806,-5.14487
1.212,0.708699,2.52186,6.87585,-5.09058
1.214,0.724039,2.51266,6.95525,-5.04171
1.216,0.736311,2.50652,6.87332,-4.84434
1.218,0.751651,2.49732,6.95298,-4.8201
1.22,0.763922,2.48812,6.87127,-4.79828
1.222,0.779262,2.48198,6.95114,-4.62525
1.224,0.791534,2.47278,6.86961,-4.62292
1.226,0.806874,2.46664,6.94964,-4.46742
1.228,0.819146,2.46051,6.86827,-4.32748
1.23,0.831418,2.4513,6.79504,-4.35492
1.232,0.846757,2.44517,6.88252,-4.22623
1.234,0.859029,2.43903,6.80786,-4.1104
1.236,0.874369,2.43289,6.89407,-4.00616
1.238,0.886641,2.42676,6.81825,-3.91234
1.24,0.901981,2.42062,6.90342,-3.8279
1.242,0.914253,2.41755,6.82667,-3.59851
1.244,0.926524,2.41142,6.75759,-3.54545
1.246,0.941864,2.40835,6.84883,-3.34431
1.248,0.954136,2.40221,6.77753,-3.31667
1.25,0.966408,2.39608,6.71337,-3.2918
1.252,0.981748,2.39301,6.80903,-3.11602
1.254,0.99402,2.38994,6.74172,-2.95782
1.256,1.00936,2.38687,6.83454,-2.81543
1.258,1.02163,2.38381,6.76467,-2.68729
1.26,1.03697,2.38074,6.8552,-2.57196
1.262,1.04924,2.37767,6.78327,-2.46816
1.264,1.06151,2.3746,6.71853,-2.37474
1.266,1.07685,2.37153,6.81367,-2.29066
1.268,1.08913,2.36847,6.7459,-2.215
1.27,1.1014,2.36847,6.6849,-1.9935
1.272,1.11674,2.3654,6.7834,-1.94755
1.274,1.12901,2.36233,6.71865,-1.90619
1.276,1.14128,2.36233,6.66038,-1.71557
1.278,1.15662,2.36233,6.76133,-1.54401
1.28,1.16889,2.35926,6.69879,-1.54301
1.282,1.18423,2.35926,6.7959,-1.38871
1.284,1.19651,2.35926,6.7299,-1.24984
1.286,1.20878,2.35926,6.67051,-1.12485
1.288,1.22412,2.35926,6.77045,-1.01237
1.29,1.23639,2.35926,6.70699,-0.911132
1.292,1.24866,2.36233,6.64989,-0.66662
1.294,1.264,2.36233,6.75189,-0.599958
1.296,1.27627,2.36233,6.69029,-0.539963
1.298,1.28854,2.3654,6.63485,-0.332568
1.3,1.30388,2.36847,6.73836,-0.145913
1.302,1.31616,2.36847,6.67812,-0.131322
1.304,1.3315,2.37153,6.77729,0.0352083
1.306,1.3407,2.3746,6.55976,0.185086
1.308,1.35297,2.37767,6.51738,0.319975
1.31,1.36524,2.38074,6.47923,0.441376
1.312,1.37751,2.38687,6.4449,0.704034
1.314,1.38979,2.38994,6.414,0.787029
1.316,1.39899,2.39608,6.2328,1.01512
1.318,1.41126,2.40221,6.22311,1.22041
1.32,1.42047,2.40835,6.06099,1.40516
1.322,1.43274,2.41449,6.06849,1.57144
1.324,1.44194,2.42369,5.92183,1.87449
1.326,1.45115,2.43289,5.78984,2.14724
1.328,1.45728,2.4421,5.51765,2.39271
1.33,1.46649,2.4513,5.42608,2.61363
1.332,1.47569,2.46051,5.34367,2.81246
1.334,1.48183,2.46971,5.1161,2.99141
1.336,1.48796,2.48198,4.91128,3.30586
1.338,1.4941,2.49425,4.72695,3.58887
1.34,1.50023,2.50959,4.56105,3.99697
1.342,1.50637,2.52186,4.41174,4.21087
1.344,1.50944,2.5372,4.12397,4.55677
1.346,1.51557,2.55254,4.01837,4.86808
1.348,1.51864,2.56788,3.76993,5.14827
1.35,1.52171,2.58322,3.54633,5.40043
1.352,1.52478,2.60163,3.3451,5.78077
1.354,1.52478,2.62004,3.01059,6.12309
1.356,1.52784,2.63845,2.86293,6.43117
1.358,1.52784,2.65992,2.57664,6.86184
1.36,1.52784,2.6814,2.31897,7.24944
1.362,1.52478,2.70287,1.93368,7.59828
1.364,1.52478,2.72435,1.74031,7.91224
1.366,1.52171,2.74889,1.41288,8.3482
1.368,1.51864,2.77344,1.11819,8.74057
1.37,1.51251,2.79798,0.699578,9.09369
1.372,1.50637,2.82559,0.322824,9.56491
1.374,1.5033,2.8532,0.137144,9.989
1.376,1.4941,2.88082,-0.336765,10.3707
1.378,1.48796,2.9115,-0.609885,10.8676
1.38,1.47876,2.94218,-1.00909,11.3148
1.382,1.46955,2.97285,-1.36838,11.7173
1.384,1.46035,3.0066,-1.69173,12.233
1.386,1.44808,3.03728,-2.13615,12.5436
1.388,1.43581,3.07103,-2.53613,12.9767
1.39,1.42353,3.10785,-2.89611,13.5198
1.392,1.41126,-3.14159,-3.22009,13.8552
1.394,1.39899,-3.10478,-3.51167,14.3104
1.396,1.38365,-3.07103,-3.9275,14.5668
1.398,1.37138,-3.03421,-4.14834,14.9509
1.4,1.35604,-2.9974,-4.5005,15.2966
1.402,1.34377,-2.96058,-4.66404,15.6077
1.404,1.32843,-2.92377,-4.96462,15.8877
1.406,1.31309,-2.89002,-5.23515,15.9863
1.408,1.30082,-2.8532,-5.32523,16.2284
1.41,1.28548,-2.81639,-5.5597,16.4464
1.412,1.2732,-2.78264,-5.61732,16.4891
1.414,1.26093,-2.74583,-5.66918,16.681
1.416,1.24866,-2.71208,-5.71585,16.7003
1.418,1.23639,-2.67833,-5.75786,16.7176
1.42,1.22412,-2.64458,-5.79567,16.7332
1.422,1.21184,-2.61084,-5.82969,16.7473
1.424,1.19957,-2.58016,-5.86032,16.6065
1.426,1.1873,-2.54641,-5.88788,16.6333
1.428,1.1781,-2.51573,-5.75928,16.5039
1.43,1.16583,-2.48505,-5.79695,16.3875
1.432,1.15662,-2.45437,-5.67745,16.2827
1.434,1.14742,-2.42369,-5.5699,16.1884
1.436,1.13821,-2.39608,-5.4731,15.9502
1.438,1.12901,-2.3654,-5.38599,15.8891
1.44,1.11981,-2.33779,-5.30758,15.6808
1.442,1.1106,-2.31018,-5.23702,15.4933
1.444,1.1014,-2.28256,-5.17351,15.3246
1.446,1.09526,-2.25495,-4.96295,15.1727
1.448,1.08606,-2.23041,-4.92685,14.8826
1.45,1.07992,-2.20586,-4.74096,14.6215
1.452,1.07379,-2.17825,-4.57366,14.54
1.454,1.06458,-2.15371,-4.57649,14.3132
1.456,1.05845,-2.12917,-4.42564,14.109
1.458,1.05231,-2.10769,-4.28987,13.7719
1.46,1.04617,-2.08315,-4.16768,13.6219
1.462,1.04004,-2.06167,-4.05771,13.3335
1.464,1.0339,-2.04019,-3.95873,13.0739
1.466,1.02777,-2.01872,-3.86966,12.8403
1.468,1.02163,-1.99724,-3.78949,12.6301
1.47,1.0155,-1.97577,-3.71733,12.4409
1.472,1.00936,-1.95429,-3.6524,12.2706
1.474,1.00322,-1.93588,-3.59395,11.9639
1.476,0.997088,-1.91748,-3.54135,11.6879
1.478,0.990952,-1.89907,-3.49402,11.4395
1.48,0.987884,-1.88066,-3.29801,11.2159
1.482,0.981748,-1.86225,-3.27501,11.0147
1.484,0.975612,-1.84384,-3.2543,10.8336
1.486,0.972544,-1.82851,-3.08227,10.5173
1.488,0.966408,-1.8101,-3.08084,10.3859
1.49,0.96334,-1.79476,-2.92615,10.1143
1.492,0.957204,-1.77942,-2.94033,9.86988
1.494,0.951068,-1.76408,-2.9531,9.64989
1.496,0.944932,-1.75181,-2.96458,9.29849
1.498,0.941864,-1.73647,-2.82152,9.13563
1.5,0.935728,-1.72419,-2.84617,8.83566
1.502,0.929592,-1.70885,-2.86835,8.71908
1.504,0.926524,-1.69658,-2.73491,8.46077
1.506,0.920388,-1.68431,-2.76822,8.22828
1.508,0.917321,-1.67511,-2.64479,7.86565
1.51,0.911185,-1.66284,-2.68711,7.69268
1.512,0.905049,-1.65056,-2.72519,7.537
1.514,0.901981,-1.64136,-2.60607,7.2435
1.516,0.895845,-1.63216,-2.65226,6.97934
1.518,0.889709,-1.62295,-2.69383,6.7416
1.52,0.883573,-1.61375,-2.73124,6.52763
1.522,0.880505,-1.60454,-2.61152,6.33507
1.524,0.874369,-1.59841,-2.65716,6.00836
1.526,0.868233,-1.59227,-2.69824,5.71432
1.528,0.862097,-1.58307,-2.73521,5.60308
1.53,0.855961,-1.57693,-2.76849,5.34957
1.532,0.852893,-1.5708,-2.64504,5.12141
1.534,0.846757,-1.56773,-2.68733,4.76266
1.536,0.840621,-1.56159,-2.72539,4.59319
1.538,0.834486,-1.55852,-2.75965,4.28727
1.54,0.82835,-1.55546,-2.79048,4.01194
1.542,0.825282,-1.55239,-2.66483,3.76415
1.544,0.819146,-1.54932,-2.70514,3.54113
1.546,0.81301,-1.54625,-2.74143,3.34042
1.548,0.806874,-1.54318,-2.77408,3.15977
1.55,0.803806,-1.54318,-2.65007,2.84379
1.552,0.79767,-1.54318,-2.69186,2.55942
1.554,0.791534,-1.54318,-2.72947,2.30347
1.556,0.785398,-1.54318,-2.76332,2.07313
1.558,0.78233,-1.54318,-2.64038,1.86581
1.56,0.776194,-1.54318,-2.68314,1.67923
1.562,0.770058,-1.54318,-2.72162,1.51131
1.564,0.76699,-1.54625,-2.60286,1.20678
1.566,0.760854,-1.54932,-2.64937,0.932704
1.568,0.757787,-1.55239,-2.53783,0.686036
1.57,0.751651,-1.55546,-2.59084,0.464034
1.572,0.748583,-1.55852,-2.48516,0.264232
1.574,0.742447,-1.56466,-2.54344,-0.068987
1.576,0.739379,-1.56773,-2.44249,-0.215486
1.578,0.733243,-1.57386,-2.50504,-0.500734
1.58,0.730175,-1.58,-2.40793,-0.757457
1.582,0.724039,-1.58614,-2.47394,-0.988507
1.584,0.720971,-1.59227,-2.37994,-1.19645
1.586,0.717903,-1.60148,-2.29534,-1.537
1.588,0.711767,-1.60761,-2.37261,-1.6901
1.59,0.708699,-1.61682,-2.28874,-1.98128
1.592,0.705631,-1.62602,-2.21327,-2.24335
1.594,0.699495,-1.63522,-2.29874,-2.47921
1.596,0.696427,-1.64443,-2.22226,-2.69148
1.598,0.693359,-1.65363,-2.15343,-2.88253
1.6,0.690291,-1.6659,-2.09149,-3.20787
1.602,0.684155,-1.67511,-2.18914,-3.34727
1.604,0.681087,-1.68738,-2.12362,-3.62614
1.606,0.681087,-1.69965,-1.91126,-3.87712
1.608,0.674952,-1.71192,-2.02693,-4.103
1.61,0.671884,-1.72726,-1.97763,-4.45969
1.612,0.671884,-1.73953,-1.77987,-4.62731
1.614,0.668816,-1.75487,-1.75528,-4.93157
1.616,0.665748,-1.77021,-1.73315,-5.2054
1.618,0.66268,-1.78249,-1.71323,-5.29846
1.62,0.66268,-1.80089,-1.54191,-5.689
1.622,0.659612,-1.81623,-1.54112,-5.88709
1.624,0.659612,-1.83157,-1.38701,-6.06537
1.626,0.656544,-1.84998,-1.4017,-6.37922
1.628,0.656544,-1.86839,-1.26153,-6.66169
1.63,0.656544,-1.8868,-1.13538,-6.91591
1.632,0.656544,-1.9052,-1.02184,-7.14471
1.634,0.656544,-1.92361,-0.919658,-7.35062
1.636,0.656544,-1.94509,-0.827692,-7.68935
1.638,0.656544,-1.96656,-0.744923,-7.9942
1.64,0.656544,-1.98804,-0.67043,-8.26857
1.642,0.656544,-2.00951,-0.603387,-8.5155
1.644,0.656544,-2.03099,-0.543049,-8.73773
1.646,0.659612,-2.05247,-0.335346,-8.93775
1.648,0.659612,-2.07701,-0.301811,-9.27116
1.65,0.66268,-2.10155,-0.118232,-9.57123
1.652,0.665748,-2.1261,0.0469893,-9.84129
1.654,0.668816,-2.15064,0.195688,-10.0843
1.656,0.671884,-2.17825,0.329518,-10.4565
1.658,0.67802,-2.20586,0.603362,-10.7914
1.66,0.681087,-2.23041,0.696424,-10.9395
1.662,0.687223,-2.26109,0.933578,-11.3795
1.664,0.693359,-2.2887,1.14702,-11.6221
1.666,0.699495,-2.31938,1.33911,-11.9939
1.668,0.705631,-2.35006,1.512,-12.3285
1.67,0.714835,-2.38074,1.82099,-12.6296
1.672,0.720971,-2.41142,1.94569,-12.9006
1.674,0.730175,-2.44517,2.21131,-13.298
1.676,0.742447,-2.47891,2.60377,-13.6555
1.678,0.751651,-2.51266,2.80359,-13.9774
1.68,0.763922,-2.54948,3.13682,-14.4204
1.682,0.776194,-2.58629,3.43673,-14.8191
1.684,0.788466,-2.62311,3.70665,-15.178
1.686,0.803806,-2.66299,4.10298,-15.6544
1.688,0.819146,-2.70287,4.45967,-16.0831
1.69,0.834486,-2.74276,4.78069,-16.469
1.692,0.852893,-2.78571,5.22301,-16.9697
1.694,0.871301,-2.82866,5.6211,-17.4203
1.696,0.892777,-2.87468,6.13278,-17.9792
1.698,0.911185,-2.91763,6.43989,-18.3289
1.7,0.93266,-2.96365,6.86969,-18.7969
1.702,0.957204,-3.01274,7.4099,-19.3716
1.704,0.97868,-3.05876,7.7427,-19.7354
1.706,1.00322,-3.10785,8.19561,-20.2163
1.708,1.02777,3.12625,8.60324,-20.649
1.71,1.05231,3.07717,8.9701,-21.0385
1.712,1.07379,3.03115,9.14687,-21.2356
1.714,1.09833,2.98206,9.45937,-21.5664
1.716,1.12287,2.93297,9.74062,-21.8641
1.718,1.14435,2.88695,9.84034,-21.9787
1.72,1.16583,2.84093,9.9301,-22.0818
1.722,1.1873,2.79491,10.0109,-22.1746
1.724,1.20878,2.74889,10.0836,-22.2581
1.726,1.22718,2.70594,9.9956,-22.1799
1.728,1.24559,2.66299,9.91643,-22.1094
1.73,1.264,2.62004,9.84518,-22.0461
1.732,1.28241,2.58016,9.78105,-21.8356
1.734,1.29775,2.54027,9.56993,-21.6463
1.736,1.31002,2.50039,9.22653,-21.4758
1.738,1.32536,2.46051,9.07087,-21.3224
1.74,1.3407,2.42369,8.93077,-21.0309
1.742,1.35297,2.38687,8.65129,-20.7686
1.744,1.36524,2.35006,8.39975,-20.5325
1.746,1.37445,2.31631,8.01997,-20.1667
1.748,1.38672,2.28256,7.83157,-19.8374
1.75,1.39592,2.24882,7.5086,-19.541
1.752,1.40819,2.21507,7.37134,-19.2743
1.754,1.4174,2.18132,7.0944,-19.0342
1.756,1.42353,2.15064,6.69175,-18.6648
1.758,1.43274,2.11996,6.48277,-18.3323
1.76,1.44194,2.08928,6.29469,-18.033
1.762,1.44808,2.0586,5.97202,-17.7637
1.764,1.45421,2.03099,5.68161,-17.3679
1.766,1.46035,2.00338,5.42025,-17.0117
1.768,1.46649,1.9727,5.18502,-16.8445
1.77,1.47262,1.94509,4.97331,-16.5407
1.772,1.47876,1.92054,4.78278,-16.1138
1.774,1.48183,1.89293,4.4579,-15.883
1.776,1.48489,1.86839,4.16551,-15.5219
1.778,1.49103,1.84384,4.05575,-15.1969
1.78,1.4941,1.8193,3.80357,-14.9044
1.782,1.49717,1.79476,3.57661,-14.6411
1.784,1.5033,1.77021,3.52575,-14.4042
1.786,1.50637,1.74874,3.32657,-14.0376
1.788,1.50637,1.72419,2.99392,-13.861
1.79,1.51251,1.70272,3.00132,-13.5487
1.792,1.51557,1.68124,2.85459,-13.2676
1.794,1.51557,1.65977,2.56913,-13.0146
1.796,1.51864,1.64136,2.46561,-12.6335
1.798,1.52171,1.61988,2.37245,-12.444
1.8,1.52478,1.60148,2.2886,-12.12
1.802,1.52478,1.58307,2.05974,-11.8284
1.804,1.52784,1.56466,2.00717,-11.5659
1.806,1.52784,1.54625,1.80645,-11.3297
1.808,1.53091,1.53091,1.7792,-10.9637
1.81,1.53091,1.51251,1.60128,-10.7877
1.812,1.53398,1.49717,1.59455,-10.476
1.814,1.53398,1.48183,1.4351,-10.1954
1.816,1.53398,1.46342,1.29159,-10.0962
1.818,1.53705,1.45115,1.31583,-9.70018
1.82,1.53705,1.43581,1.18424,-9.49715
1.822,1.53705,1.42047,1.06582,-9.31443
1.824,1.53705,1.40819,0.959238,-8.99658
1.826,1.53705,1.39285,0.863314,-8.86391
1.828,1.53705,1.38058,0.776983,-8.59111
1.83,1.53705,1.36831,0.699284,-8.34559
1.832,1.53705,1.35604,0.629356,-8.12463
1.834,1.53398,1.34684,0.413022,-7.77236
1.836,1.53398,1.33456,0.37172,-7.60871
1.838,1.53398,1.32536,0.334548,-7.30804
1.84,1.53091,1.31309,0.147695,-7.19083
1.842,1.53091,1.30388,0.132926,-6.93194
1.844,1.53091,1.29468,0.119633,-6.69894
1.846,1.52784,1.28854,-0.0457284,-6.33584
1.848,1.52784,1.27934,-0.0411555,-6.16245
1.85,1.52784,1.27014,-0.03704,-6.0064
1.852,1.52478,1.264,-0.186734,-5.71256
1.854,1.52171,1.25786,-0.321459,-5.4481
1.856,1.52171,1.24866,-0.289313,-5.36348
1.858,1.51864,1.24252,-0.41378,-5.13393
1.86,1.51864,1.23946,-0.372402,-4.77393
1.862,1.51557,1.23332,-0.48856,-4.60334
1.864,1.51251,1.22718,-0.593102,-4.4498
1.866,1.51251,1.22412,-0.533792,-4.15822
1.868,1.50944,1.22105,-0.63381,-3.89579
1.87,1.50637,1.21798,-0.723827,-3.65961
1.872,1.50637,1.21491,-0.651445,-3.44705
1.874,1.5033,1.21184,-0.739698,-3.25574
1.876,1.50023,1.20878,-0.819127,-3.08357
1.878,1.49717,1.20878,-0.890612,-2.77521
1.88,1.49717,1.20571,-0.801551,-2.65109
1.882,1.4941,1.20571,-0.874794,-2.38598
1.884,1.49103,1.20571,-0.940713,-2.14738
1.886,1.48796,1.20571,-1.00004,-1.93264
1.888,1.48489,1.20571,-1.05343,-1.73938
1.89,1.48183,1.20571,-1.10149,-1.56544
1.892,1.48183,1.20878,-0.991339,-1.2555
1.894,1.47876,1.20878,-1.0456,-1.12995
1.896,1.47569,1.21184,-1.09444,-0.863555
1.898,1.47262,1.21491,-1.1384,-0.623802
1.9,1.46955,1.21798,-1.17795,-0.408024
1.902,1.46649,1.22105,-1.21356,-0.213823
1.904,1.46342,1.22718,-1.2456,0.114355
1.906,1.46035,1.23025,-1.27444,0.256318
1.908,1.45728,1.23639,-1.30039,0.537482
1.91,1.45421,1.23946,-1.32375,0.637132
1.912,1.45115,1.24559,-1.34477,0.880215
1.914,1.44808,1.2548,-1.36369,1.25239
1.916,1.44501,1.26093,-1.38072,1.43395
1.918,1.44501,1.26707,-1.24265,1.59735
1.92,1.44194,1.27627,-1.27178,1.89781
1.922,1.43887,1.28548,-1.298,2.16822
1.924,1.43581,1.29161,-1.3216,2.25819
1.926,1.43274,1.30388,-1.34284,2.64597
1.928,1.43274,1.31309,-1.20856,2.84156
1.93,1.42967,1.32229,-1.2411,3.0176
1.932,1.4266,1.33456,-1.27039,3.32943
1.934,1.42353,1.34377,-1.29675,3.45669
1.936,1.42047,1.35604,-1.32047,3.72461
1.938,1.42047,1.36831,-1.18842,3.96574
1.94,1.4174,1.38058,-1.22298,4.18276
1.942,1.41433,1.39592,-1.25408,4.53147
1.944,1.41126,1.40819,-1.28207,4.69192
1.946,1.40819,1.42353,-1.30726,4.98972
1.948,1.40819,1.43581,-1.17653,5.10434
1.95,1.40513,1.45115,-1.21228,5.36089
1.952,1.40206,1.46649,-1.24445,5.5918
1.954,1.39899,1.48489,-1.2734,5.953
1.956,1.39592,1.50023,-1.29946,6.12469
1.958,1.39592,1.51557,-1.16951,6.27922
1.96,1.39285,1.53398,-1.20596,6.57168
1.962,1.38979,1.55239,-1.23876,6.8349
1.964,1.38672,1.5708,-1.26828,7.0718
1.966,1.38365,1.5892,-1.29485,7.28501
1.968,1.38058,1.61068,-1.31877,7.63029
1.97,1.37445,1.63216,-1.49369,7.94105
1.972,1.37138,1.65056,-1.49772,8.06733
1.974,1.36831,1.67204,-1.50134,8.33439
1.976,1.36524,1.69351,-1.50461,8.57474
1.978,1.35911,1.71499,-1.66094,8.79105
1.98,1.35604,1.73953,-1.64825,9.13913
1.982,1.3499,1.76101,-1.79022,9.299
1.984,1.34684,1.78555,-1.76459,9.59629
1.986,1.33763,1.8101,-2.04833,9.86384
1.988,1.33456,1.83464,-1.99689,10.1046
1.99,1.32536,1.85918,-2.2574,10.3214
1.992,1.31922,1.88373,-2.33845,10.5164
1.994,1.31309,1.91134,-2.41141,10.8454
1.996,1.30388,1.93895,-2.63046,11.1414
1.998,1.29775,1.96656,-2.67421,11.4078
2,1.28854,1.99418,-2.86698,11.6476
2.002,1.27934,2.02485,-3.04048,12.0169
2.004,1.27014,2.05247,-3.19663,12.1958
2.006,1.25786,2.08315,-3.49055,12.5102
2.008,1.24866,2.11383,-3.60169,12.7931
2.01,1.23639,2.14757,-3.85512,13.2012
2.012,1.22412,2.17825,-4.0832,13.4151
2.014,1.20878,2.212,-4.44187,13.7609
2.016,1.19651,2.24575,-4.61127,14.0722
2.018,1.18117,2.2795,-4.91714,14.3524
2.02,1.16583,2.31631,-5.19241,14.7579
2.022,1.15049,2.35313,-5.44016,15.1229
2.024,1.13208,2.38994,-5.81653,15.4514
2.026,1.11367,2.42676,-6.15527,15.747
2.028,1.09219,2.46664,-6.61353,16.1665
2.03,1.07379,2.50652,-6.87256,16.544
2.032,1.04924,2.54948,-7.41249,17.0372
2.034,1.02777,2.59243,-7.74503,17.481
2.036,1.00322,2.63538,-8.19771,17.8805
2.038,0.975612,2.6814,-8.75852,18.3934
2.04,0.948,2.72742,-9.26325,18.8551
2.042,0.920388,2.77344,-9.71751,19.2705
2.044,0.889709,2.82252,-10.2797,19.7978
2.046,0.859029,2.87161,-10.7857,20.2724
2.048,0.825282,2.92377,-11.3946,20.853
2.05,0.791534,2.97592,-11.9425,21.3754
2.052,0.757787,3.02808,-12.4356,21.8456
2.054,0.720971,3.08023,-13.0328,22.2689
2.056,0.684155,3.13546,-13.5703,22.8031
2.058,0.650408,-3.09557,-13.9007,23.1306
2.06,0.613592,-3.04035,-14.3514,23.5787
2.062,0.579845,-2.98819,-14.6036,23.8286
2.064,0.546097,-2.93297,-14.8306,24.2069
2.066,0.51235,-2.88082,-15.0349,24.394
2.068,0.478602,-2.83173,-15.2188,24.4089
2.07,0.447922,-2.78264,-15.2309,24.4224
2.072,0.417243,-2.73049,-15.2418,24.5879
2.074,0.386563,-2.68447,-15.2516,24.4301
2.076,0.358952,-2.63538,-15.107,24.4415
2.078,0.33134,-2.58936,-14.9769,24.2983
2.08,0.303728,-2.54334,-14.8598,24.1694
2.082,0.279185,-2.49732,-14.601,24.0535
2.084,0.257709,-2.45437,-14.2147,23.7957
2.086,0.233165,-2.41142,-14.0204,23.5637
2.088,0.211689,-2.36847,-13.6922,23.3549
2.09,0.190214,-2.32858,-13.3967,23.0136
2.092,0.171806,-2.2887,-12.9774,22.7064
2.094,0.153398,-2.24882,-12.6001,22.4299
2.096,0.131922,-2.20893,-12.4139,22.1811
2.098,0.116583,-2.17212,-11.9395,21.8038
2.1,0.0981748,-2.13223,-11.6659,21.6176
2.102,0.082835,-2.09542,-11.2663,21.2966
2.104,0.0674952,-2.0586,-10.9067,21.0077
2.106,0.0521553,-2.02485,-10.583,20.5943
2.108,0.0368155,-1.98804,-10.2917,20.3757
2.11,0.0245437,-1.95429,-9.87611,20.0255
2.112,0.00920388,-1.92054,-9.65549,19.7103
2.114,-0.00306796,-1.8868,-9.30353,19.4267
2.116,-0.0153398,-1.85612,-8.98677,19.018
2.118,-0.0276117,-1.82237,-8.70169,18.8036
2.12,-0.0398835,-1.79169,-8.44511,18.4572
2.122,-0.0490874,-1.76101,-8.06079,18.1454
2.124,-0.0613592,-1.73033,-7.86831,17.8649
2.126,-0.0705631,-1.69965,-7.54167,17.6124
2.128,-0.079767,-1.66897,-7.2477,17.3851
2.13,-0.0889709,-1.64136,-6.98312,17.0272
2.132,-0.101243,-1.61375,-6.8984,16.7051
2.134,-0.110447,-1.58307,-6.66876,16.5685
2.136,-0.116583,-1.55546,-6.30868,16.2923
2.138,-0.125786,-1.53091,-6.138,15.8902
2.14,-0.13499,-1.5033,-5.9844,15.6818
2.142,-0.144194,-1.47876,-5.84615,15.3408
2.144,-0.15033,-1.45115,-5.56833,15.1873
2.146,-0.159534,-1.4266,-5.47169,14.8957
2.148,-0.16567,-1.40206,-5.23132,14.6334
2.15,-0.174874,-1.37751,-5.16838,14.3972
2.152,-0.18101,-1.35297,-4.95834,14.1847
2.154,-0.187146,-1.3315,-4.7693,13.84
2.156,-0.19635,-1.30695,-4.75257,13.6832
2.158,-0.202485,-1.28548,-4.58411,13.3886
2.16,-0.208621,-1.264,-4.43249,13.1236
2.162,-0.214757,-1.24252,-4.29604,12.885
2.164,-0.220893,-1.22105,-4.17323,12.6703
2.166,-0.227029,-1.19957,-4.0627,12.477
2.168,-0.233165,-1.18117,-3.96323,12.1497
2.17,-0.239301,-1.15969,-3.8737,12.0085
2.172,-0.245437,-1.14128,-3.79313,11.7281
2.174,-0.251573,-1.12287,-3.72061,11.4757
2.176,-0.257709,-1.10447,-3.65535,11.2485
2.178,-0.263845,-1.08606,-3.59661,11.044
2.18,-0.266913,-1.06765,-3.39035,10.86
2.182,-0.273049,-1.04924,-3.35811,10.6944
2.184,-0.279185,-1.0339,-3.32909,10.3919
2.186,-0.28532,-1.0155,-3.30298,10.2731
2.188,-0.288388,-1.00016,-3.12608,10.0128
2.19,-0.294524,-0.984816,-3.12027,9.77852
2.192,-0.30066,-0.969476,-3.11504,9.56766
2.194,-0.303728,-0.954136,-2.95693,9.37789
2.196,-0.309864,-0.938796,-2.96803,9.20709
2.198,-0.312932,-0.923456,-2.82463,9.05337
2.2,-0.319068,-0.911185,-2.84896,8.76162
2.202,-0.325204,-0.895845,-2.87086,8.65245
2.204,-0.33134,-0.883573,-2.89057,8.4008
2.206,-0.334408,-0.871301,-2.75491,8.17431
2.208,-0.340544,-0.859029,-2.78622,7.97047
2.21,-0.34668,-0.846757,-2.81439,7.78702
2.212,-0.349748,-0.837554,-2.68635,7.46851
2.214,-0.355884,-0.825282,-2.72451,7.33525
2.216,-0.362019,-0.816078,-2.75886,7.06192
2.218,-0.368155,-0.803806,-2.78977,6.96932
2.22,-0.371223,-0.794602,-2.66419,6.73258
2.222,-0.377359,-0.785398,-2.70457,6.51952
2.224,-0.383495,-0.776194,-2.74091,6.32776
2.226,-0.389631,-0.770058,-2.77361,6.00178
2.228,-0.395767,-0.760854,-2.80305,5.8618
2.23,-0.401903,-0.751651,-2.82954,5.73581
2.232,-0.408039,-0.745515,-2.85338,5.46903
2.234,-0.411107,-0.739379,-2.72144,5.22892
2.236,-0.420311,-0.733243,-2.90949,5.01282
2.238,-0.423379,-0.727107,-2.77194,4.81834
2.24,-0.429515,-0.720971,-2.80154,4.6433
2.242,-0.435651,-0.714835,-2.82818,4.48577
2.244,-0.441786,-0.708699,-2.85216,4.34399
2.246,-0.447922,-0.705631,-2.87374,4.06299
2.248,-0.457126,-0.699495,-3.04656,3.96348
2.25,-0.460194,-0.696427,-2.8953,3.72053
2.252,-0.469398,-0.693359,-3.06597,3.50188
2.254,-0.472466,-0.690291,-2.91277,3.30509
2.256,-0.48167,-0.687223,-3.08169,3.12798
2.258,-0.487806,-0.684155,-3.08031,2.96858
2.26,-0.493942,-0.684155,-3.07908,2.67172
2.262,-0.500078,-0.681087,-3.07797,2.55795
2.264,-0.506214,-0.681087,-3.07697,2.30215
2.266,-0.515418,-0.681087,-3.22946,2.07194
2.268,-0.521553,-0.681087,-3.21331,1.86474
2.27,-0.527689,-0.681087,-3.19878,1.67827
2.272,-0.533825,-0.681087,-3.1857,1.51044
2.274,-0.543029,-0.681087,-3.32732,1.3594
2.276,-0.549165,-0.681087,-3.30139,1.22346
2.278,-0.555301,-0.684155,-3.27804,0.947714
2.28,-0.564505,-0.684155,-3.41043,0.852942
2.282,-0.570641,-0.687223,-3.37619,0.61425
2.284,-0.579845,-0.690291,-3.49876,0.399427
2.286,-0.585981,-0.693359,-3.45568,0.206086
2.288,-0.595185,-0.696427,-3.57031,0.0320795
2.29,-0.60132,-0.702563,-3.52007,-0.277925
2.292,-0.610524,-0.705631,-3.62826,-0.40353
2.294,-0.61666,-0.708699,-3.57223,-0.516575
2.296,-0.625864,-0.714835,-3.6752,-0.771714
2.298,-0.632,-0.720971,-3.61448,-1.00134
2.3,-0.641204,-0.727107,-3.71322,-1.208
2.302,-0.650408,-0.733243,-3.8021,-1.394
2.304,-0.656544,-0.739379,-3.72868,-1.56139
2.306,-0.665748,-0.745515,-3.81601,-1.71205
2.308,-0.671884,-0.754719,-3.7412,-2.00104
2.31,-0.681087,-0.760854,-3.82728,-2.10773
2.312,-0.690291,-0.770058,-3.90474,-2.35715
2.314,-0.699495,-0.779262,-3.97446,-2.58163
2.316,-0.705631,-0.788466,-3.88381,-2.78366
2.318,-0.714835,-0.79767,-3.95563,-2.96549
2.32,-0.724039,-0.806874,-4.02026,-3.12914
2.322,-0.730175,-0.819146,-3.92503,-3.42981
2.324,-0.739379,-0.82835,-3.99272,-3.54703
2.326,-0.748583,-0.840621,-4.05364,-3.80592
2.328,-0.757787,-0.852893,-4.10847,-4.03892
2.33,-0.76699,-0.865165,-4.15782,-4.24862
2.332,-0.773126,-0.877437,-4.04883,-4.43735
2.334,-0.78233,-0.889709,-4.10414,-4.60721
2.336,-0.791534,-0.901981,-4.15392,-4.76008
2.338,-0.800738,-0.917321,-4.19873,-5.05106
2.34,-0.809942,-0.929592,-4.23905,-5.15955
2.342,-0.816078,-0.944932,-4.12194,-5.41058
2.344,-0.825282,-0.960272,-4.16994,-5.63651
2.346,-0.834486,-0.975612,-4.21314,-5.83985
2.348,-0.840621,-0.990952,-4.09862,-6.02286
2.35,-0.849825,-1.00629,-4.14895,-6.18756
2.352,-0.859029,-1.02163,-4.19425,-6.3358
2.354,-0.868233,-1.04004,-4.23502,-6.62261
2.356,-0.874369,-1.05845,-4.11832,-6.88073
2.358,-0.883573,-1.07379,-4.16668,-6.95965
2.36,-0.889709,-1.09219,-4.05681,-7.18407
2.362,-0.898913,-1.1106,-4.11132,-7.38606
2.364,-0.908117,-1.13208,-4.16038,-7.72124
2.366,-0.914253,-1.15049,-4.05114,-7.8695
2.368,-0.923456,-1.16889,-4.10622,-8.00294
2.37,-0.929592,-1.19037,-4.00239,-8.27643
2.372,-0.938796,-1.21184,-4.06235,-8.52258
2.374,-0.944932,-1.23332,-3.96291,-8.7441
2.376,-0.951068,-1.2548,-3.87342,-8.94348
2.378,-0.960272,-1.27627,-3.94627,-9.12292
2.38,-0.966408,-1.29775,-3.85844,-9.28441
2.382,-0.972544,-1.32229,-3.77939,-9.58316
2.384,-0.97868,-1.34377,-3.70825,-9.69863
2.386,-0.987884,-1.36831,-3.79762,-9.95595
2.388,-0.99402,-1.39285,-3.72465,-10.1875
2.39,-1.00016,-1.4174,-3.65898,-10.396
2.392,-1.00629,-1.44194,-3.59988,-10.5836
2.394,-1.00936,-1.46649,-3.39329,-10.7524
2.396,-1.0155,-1.4941,-3.36076,-11.0577
2.398,-1.02163,-1.51864,-3.33148,-11.1791
2.4,-1.02777,-1.54625,-3.30513,-11.4418
2.402,-1.03084,-1.57386,-3.12801,-11.6782
2.404,-1.03697,-1.60148,-3.12201,-11.891
2.406,-1.04004,-1.63216,-2.9632,-12.2359
2.408,-1.04311,-1.65977,-2.82028,-12.3929
2.41,-1.04617,-1.69045,-2.69165,-12.6875
2.412,-1.04924,-1.71806,-2.57588,-12.7994
2.414,-1.05231,-1.74874,-2.47169,-13.0534
2.416,-1.05538,-1.77942,-2.37792,-13.2821
2.418,-1.05845,-1.81317,-2.29353,-13.6412
2.42,-1.05845,-1.84384,-2.06418,-13.8111
2.422,-1.05845,-1.87759,-1.85776,-14.1174
2.424,-1.06151,-1.91134,-1.82538,-14.393
2.426,-1.06151,-1.94509,-1.64284,-14.6411
2.428,-1.05845,-1.97884,-1.32516,-14.8644
2.43,-1.05845,-2.01565,-1.19264,-15.2187
2.432,-1.05845,-2.05247,-1.07338,-15.5376
2.434,-1.05538,-2.08928,-0.812644,-15.8246
2.436,-1.04924,-2.1261,-0.424583,-16.0829
2.438,-1.04617,-2.16598,-0.228727,-16.4688
2.44,-1.04004,-2.2028,0.100942,-16.6627
2.442,-1.03697,-2.24575,0.244246,-17.144
2.444,-1.02777,-2.28563,0.680016,-17.4238
2.446,-1.02163,-2.32858,0.91881,-17.829
2.448,-1.01243,-2.37153,1.28712,-18.1937
2.45,-1.00322,-2.41449,1.61861,-18.5219
2.452,-0.990952,-2.46051,2.07034,-18.9706
2.454,-0.97868,-2.50959,2.4769,-19.528
2.456,-0.966408,-2.55561,2.8428,-19.8761
2.458,-0.951068,-2.6047,3.32551,-20.3429
2.46,-0.935728,-2.65685,3.75995,-20.9164
2.462,-0.917321,-2.70901,4.30434,-21.4325
2.464,-0.895845,-2.76423,4.94769,-22.0504
2.466,-0.874369,-2.81946,5.52671,-22.6065
2.468,-0.852893,-2.87468,6.04783,-23.107
2.47,-0.82835,-2.93297,6.67023,-23.7109
2.472,-0.803806,-2.99433,7.23039,-24.4078
2.474,-0.776194,-3.05262,7.88793,-24.8816
2.476,-0.748583,-3.11398,8.47972,-25.4614
2.478,-0.720971,3.10478,9.01233,-26.1366
2.48,-0.693359,3.04342,9.49168,-26.5909
2.482,-0.665748,2.98206,9.9231,-26.9998
2.484,-0.638136,2.9207,10.3114,-27.3678
2.486,-0.613592,2.86241,10.5074,-27.5455
2.488,-0.589049,2.80412,10.6839,-27.7055
2.49,-0.564505,2.74583,10.8427,-27.8496
2.492,-0.543029,2.6906,10.8322,-27.8258
2.494,-0.521553,2.63538,10.8227,-27.8044
2.496,-0.503146,2.58016,10.6609,-27.7851
2.498,-0.484738,2.528,10.5152,-27.6143
2.5,-0.46633,2.47584,10.384,-27.4607
2.502,-0.45099,2.42676,10.1126,-27.169
2.504,-0.435651,2.37767,9.86835,-26.9065
2.506,-0.423379,2.33165,9.49511,-26.5168
2.508,-0.411107,2.28256,9.15919,-26.3195
2.51,-0.398835,2.23654,8.85686,-25.9885
2.512,-0.389631,2.19052,8.43137,-25.6906
2.514,-0.380427,2.14757,8.04843,-25.2691
2.516,-0.371223,2.10462,7.70378,-24.8898
2.518,-0.362019,2.06167,7.3936,-24.5484
2.52,-0.355884,2.01872,6.96103,-24.2411
2.522,-0.349748,1.97884,6.57173,-23.8112
2.524,-0.343612,1.93895,6.22135,-23.4242
2.526,-0.337476,1.89907,5.90601,-23.076
2.528,-0.33134,1.85918,5.62221,-22.7626
2.53,-0.328272,1.82237,5.21338,-22.3271
2.532,-0.322136,1.78249,4.99884,-22.0886
2.534,-0.319068,1.74567,4.65235,-21.7205
2.536,-0.316,1.70885,4.34052,-21.3892
2.538,-0.312932,1.67511,4.05986,-20.9377
2.54,-0.312932,1.63829,3.65388,-20.6847
2.542,-0.309864,1.60454,3.44189,-20.3036
2.544,-0.309864,1.56773,3.0977,-20.114
2.546,-0.306796,1.53398,2.94133,-19.79
2.548,-0.306796,1.5033,2.64719,-19.345
2.55,-0.306796,1.46955,2.38247,-19.0978
2.552,-0.306796,1.43581,2.14423,-18.8754
2.554,-0.306796,1.40513,1.9298,-18.5219
2.556,-0.306796,1.37445,1.73682,-18.2037
2.558,-0.306796,1.34377,1.56314,-17.9173
2.56,-0.309864,1.31309,1.25343,-17.6595
2.562,-0.309864,1.28241,1.12809,-17.4276
2.564,-0.312932,1.25173,0.86188,-17.2188
2.566,-0.312932,1.22105,0.775692,-17.0309
2.568,-0.316,1.19344,0.544725,-16.7084
2.57,-0.319068,1.16276,0.336854,-16.5715
2.572,-0.322136,1.13515,0.149771,-16.295
2.574,-0.325204,1.10753,-0.0186045,-16.046
2.576,-0.328272,1.07992,-0.170142,-15.822
2.578,-0.33134,1.05231,-0.306526,-15.6204
2.58,-0.334408,1.0247,-0.429272,-15.4389
2.582,-0.340544,0.997088,-0.693141,-15.2756
2.584,-0.343612,0.972544,-0.777225,-14.9753
2.586,-0.34668,0.944932,-0.8529,-14.8583
2.588,-0.352816,0.920388,-1.07441,-14.5997
2.59,-0.358952,0.892777,-1.27376,-14.5203
2.592,-0.362019,0.868233,-1.29978,-14.2954
2.594,-0.368155,0.843689,-1.4766,-14.0931
2.596,-0.371223,0.819146,-1.48234,-13.911
2.598,-0.377359,0.794602,-1.6409,-13.747
2.6,-0.383495,0.770058,-1.78361,-13.5995
2.602,-0.389631,0.745515,-1.91204,-13.4668
2.604,-0.395767,0.720971,-2.02763,-13.3473
2.606,-0.398835,0.699495,-1.97827,-13.0863
2.608,-0.408039,0.674952,-2.24064,-13.0049
2.61,-0.411107,0.650408,-2.16997,-12.9316
2.612,-0.417243,0.628932,-2.25977,-12.7122
2.614,-0.423379,0.607456,-2.34059,-12.5148
2.616,-0.429515,0.582913,-2.41333,-12.4905
2.618,-0.435651,0.561437,-2.47879,-12.3152
2.62,-0.444854,0.539961,-2.69111,-12.1575
2.622,-0.447922,0.518486,-2.57539,-12.0155
2.624,-0.457126,0.49701,-2.77805,-11.8878
2.626,-0.463262,0.475534,-2.80704,-11.7728
2.628,-0.469398,0.457126,-2.83313,-11.5159
2.63,-0.475534,0.435651,-2.85661,-11.4381
2.632,-0.48167,0.414175,-2.87775,-11.3681
2.634,-0.487806,0.395767,-2.89677,-11.1516
2.636,-0.493942,0.374291,-2.91389,-11.1103
2.638,-0.500078,0.355884,-2.9293,-10.9196
2.64,-0.506214,0.334408,-2.94316,-10.9014
2.642,-0.515418,0.316,-3.10904,-10.7317
2.644,-0.521553,0.297592,-3.10493,-10.5789
2.646,-0.527689,0.276117,-3.10124,-10.5948
2.648,-0.533825,0.257709,-3.09791,-10.4557
2.65,-0.539961,0.239301,-3.09491,-10.3305
2.652,-0.546097,0.220893,-3.09222,-10.2179
2.654,-0.552233,0.202485,-3.08979,-10.1165
2.656,-0.558369,0.184078,-3.08761,-10.0252
2.658,-0.564505,0.16567,-3.08564,-9.94308
2.66,-0.567573,0.15033,-2.93048,-9.71576
2.662,-0.567573,0.131922,-2.63743,-9.66457
2.664,-0.570641,0.116583,-2.52709,-9.46511
2.666,-0.570641,0.104311,-2.27438,-9.13219
2.668,-0.567573,0.0951068,-1.89354,-8.67916
2.67,-0.567573,0.0859029,-1.70419,-8.27144
2.672,-0.561437,0.079767,-1.22697,-7.75109
2.674,-0.555301,0.076699,-0.797479,-7.12938
2.676,-0.546097,0.0736311,-0.257537,-6.56984
2.678,-0.536893,0.0736311,0.228411,-5.91286
2.68,-0.524621,0.0736311,0.819162,-5.32157
2.682,-0.51235,0.076699,1.35084,-4.63602
2.684,-0.49701,0.079767,1.98274,-4.01902
2.686,-0.48167,0.0859029,2.55146,-3.31032
2.688,-0.46633,0.0920388,3.06331,-2.67249
2.69,-0.447922,0.101243,3.67736,-1.94505
2.692,-0.432583,0.107379,4.07662,-1.44375
2.694,-0.411107,0.116583,4.74274,-0.839178
2.696,-0.392699,0.128854,5.18886,-0.141668
2.698,-0.371223,0.138058,5.74376,0.332693
2.7,-0.349748,0.15033,6.24317,0.913016
2.702,-0.33134,0.162602,6.53924,1.43531
2.704,-0.309864,0.174874,6.9591,1.90537
2.706,-0.288388,0.187146,7.33698,2.32842
2.708,-0.266913,0.199418,7.67707,2.70917
2.71,-0.245437,0.211689,7.98315,3.05185
2.712,-0.223961,0.227029,8.25862,3.51365
2.714,-0.202485,0.239301,8.50654,3.77588
2.716,-0.184078,0.251573,8.57628,4.01189
2.718,-0.162602,0.266913,8.79244,4.37769
2.72,-0.141126,0.279185,8.98698,4.55351
2.722,-0.119651,0.294524,9.16207,4.86515
2.724,-0.0981748,0.306796,9.31965,4.99223
2.726,-0.076699,0.322136,9.46147,5.26
2.728,-0.0552233,0.337476,9.58911,5.50099
2.73,-0.0368155,0.352816,9.55059,5.71788
2.732,-0.0153398,0.368155,9.66931,5.91308
2.734,0.00613592,0.383495,9.77617,6.08876
2.736,0.0276117,0.398835,9.87234,6.24688
2.738,0.0490874,0.414175,9.95889,6.38918
2.74,0.0705631,0.429515,10.0368,6.51725
2.742,0.0889709,0.447922,9.9535,6.78592
2.744,0.110447,0.463262,10.0319,6.87431
2.746,0.131922,0.48167,10.1025,7.10727
2.748,0.15033,0.500078,10.0127,7.31693
2.75,0.171806,0.515418,10.0852,7.35223
2.752,0.193282,0.533825,10.1505,7.5374
2.754,0.211689,0.552233,10.0558,7.70404
2.756,0.230097,0.570641,9.9706,7.85403
2.758,0.251573,0.592117,10.0473,8.14241
2.76,0.269981,0.610524,9.96299,8.24856
2.762,0.291456,0.628932,10.0405,8.34409
2.764,0.309864,0.650408,9.95682,8.58347
2.766,0.328272,0.668816,9.88152,8.64551
2.768,0.349748,0.690291,9.96716,8.85475
2.77,0.368155,0.711767,9.89083,9.04306
2.772,0.386563,0.733243,9.82213,9.21254
2.774,0.404971,0.754719,9.76031,9.36507
2.776,0.423379,0.776194,9.70467,9.50235
2.778,0.438719,0.800738,9.50119,9.7793
2.78,0.457126,0.822214,9.47146,9.87516
2.782,0.475534,0.846757,9.4447,10.1148
2.784,0.490874,0.868233,9.26722,10.1771
2.786,0.509282,0.892777,9.26089,10.3866
2.788,0.524621,0.917321,9.10179,10.5751
2.79,0.543029,0.941864,9.112,10.7448
2.792,0.558369,0.966408,8.96779,10.8975
2.794,0.573709,0.990952,8.838,11.0349
2.796,0.589049,1.01856,8.72119,11.312
2.798,0.604388,1.04311,8.61606,11.408
2.8,0.619728,1.07072,8.52145,11.6478
2.802,0.635068,1.09526,8.43629,11.7102
2.804,0.650408,1.12287,8.35965,11.9198
2.806,0.66268,1.15049,8.13728,12.1084
2.808,0.67802,1.1781,8.09054,12.2781
2.81,0.690291,1.20571,7.89508,12.4309
2.812,0.705631,1.23639,7.87256,12.7218
2.814,0.717903,1.264,7.6989,12.8302
2.816,0.730175,1.29468,7.5426,13.0811
2.818,0.742447,1.32229,7.40193,13.1536
2.82,0.754719,1.35297,7.27533,13.3722
2.822,0.76699,1.38365,7.16139,13.569
2.824,0.779262,1.41433,7.05885,13.7461
2.826,0.788466,1.44808,6.81315,14.0588
2.828,0.800738,1.47876,6.74543,14.1869
2.83,0.809942,1.51251,6.53108,14.4556
2.832,0.819146,1.54318,6.33817,14.544
2.834,0.82835,1.57693,6.16455,14.777
2.836,0.837554,1.61068,6.00829,14.9867
2.838,0.846757,1.6475,5.86765,15.3288
2.84,0.855961,1.68124,5.74108,15.4833
2.842,0.862097,1.71806,5.47377,15.7757
2.844,0.868233,1.75487,5.23319,16.0389
2.846,0.877437,1.79169,5.17006,16.2758
2.848,0.883573,1.82851,4.95985,16.489
2.85,0.889709,1.86532,4.77066,16.6809
2.852,0.892777,1.9052,4.447,17.007
2.854,0.895845,1.94202,4.15569,17.1471
2.856,0.901981,1.98497,4.04692,17.5799
2.858,0.901981,2.02485,3.64223,17.8161
2.86,0.905049,2.06474,3.4314,18.0287
2.862,0.905049,2.10769,3.08826,18.3734
2.864,0.905049,2.15064,2.77944,18.6836
2.866,0.905049,2.19666,2.50149,19.1162
2.868,0.905049,2.23961,2.25134,19.3522
2.87,0.901981,2.28563,1.87281,19.7179
2.872,0.898913,2.33472,1.53213,20.2005
2.874,0.892777,2.38381,1.07212,20.6348
2.876,0.889709,2.43289,0.811513,21.0257
2.878,0.880505,2.48198,0.270167,21.3775
2.88,0.871301,2.53414,-0.217044,21.8475
2.882,0.862097,2.58936,-0.655534,22.4239
2.884,0.849825,2.64458,-1.20357,22.9427
2.886,0.837554,2.70287,-1.69681,23.563
2.888,0.822214,2.76117,-2.29412,24.1213
2.89,0.806874,2.81946,-2.8317,24.6237
2.892,0.788466,2.88082,-3.46891,25.2293
2.894,0.76699,2.94524,-4.19581,25.9277
2.896,0.745515,3.00967,-4.85002,26.5563
2.898,0.724039,3.07717,-5.4388,27.2754
2.9,0.702563,-3.14159,-5.96871,27.7693
2.902,0.681087,-3.0741,-6.44562,28.3671
2.904,0.656544,-3.0066,-7.02825,28.9051
2.906,0.635068,-2.94218,-7.39921,29.236
2.908,0.61666,-2.88082,-7.57967,29.3803
2.91,0.598253,-2.81639,-7.7421,29.6637
2.912,0.579845,-2.7581,-7.88827,29.6119
2.914,0.564505,-2.69674,-7.86644,29.7186
2.916,0.549165,-2.63845,-7.84678,29.6613
2.918,0.536893,-2.58016,-7.6757,29.6098
2.92,0.521553,-2.52186,-7.67512,29.5634
2.922,0.51235,-2.46664,-7.3678,29.3682
2.924,0.500078,-2.41449,-7.24461,29.0391
2.926,0.493942,-2.36233,-6.82695,28.743
2.928,0.487806,-2.31324,-6.45105,28.3231
2.93,0.478602,-2.26416,-6.26614,27.9451
2.932,0.475534,-2.212,-5.79292,27.7584
2.934,0.469398,-2.16291,-5.52043,27.4369
2.936,0.463262,-2.11689,-5.27518,26.9942
2.938,0.460194,-2.07087,-4.90106,26.5957
2.94,0.460194,-2.02485,-4.41095,26.2371
2.942,0.457126,-1.97884,-4.12326,25.9144
2.944,0.457126,-1.93588,-3.71093,25.4705
2.946,0.457126,-1.89293,-3.33984,25.071
2.948,0.457126,-1.84998,-3.00585,24.7115
2.95,0.457126,-1.80703,-2.70527,24.3879
2.952,0.457126,-1.76408,-2.43474,24.0967
2.954,0.460194,-1.72419,-2.03787,23.6812
2.956,0.463262,-1.68431,-1.68068,23.3073
2.958,0.46633,-1.64443,-1.35922,22.9707
2.96,0.469398,-1.60454,-1.0699,22.6678
2.962,0.472466,-1.56773,-0.80951,22.2418
2.964,0.478602,-1.52784,-0.421763,22.0118
2.966,0.48167,-1.49103,-0.226189,21.6514
2.968,0.487806,-1.45421,0.103226,21.327
2.97,0.493942,-1.4174,0.3997,21.0351
2.972,0.500078,-1.38058,0.666526,20.7724
2.974,0.506214,-1.34377,0.90667,20.5359
2.976,0.51235,-1.31002,1.1228,20.1697
2.978,0.521553,-1.2732,1.47071,19.9935
2.98,0.530757,-1.23946,1.78384,19.6815
2.982,0.536893,-1.20264,1.91225,19.5542
2.984,0.546097,-1.16889,2.18122,19.2861
2.986,0.555301,-1.13515,2.42329,19.0449
2.988,0.564505,-1.1014,2.64116,18.8278
2.99,0.573709,-1.06765,2.83723,18.6324
2.992,0.585981,-1.03697,3.1671,18.3031
2.994,0.595185,-1.00322,3.31059,18.1602
2.996,0.607456,-0.969476,3.59312,18.0316
2.998,0.61666,-0.938796,3.694,17.7624
3,0.628932,-0.905049,3.93819,17.6735
3.002,0.641204,-0.874369,4.15797,17.4401
3.004,0.653476,-0.843689,4.35576,17.2301
3.006,0.665748,-0.81301,4.53378,17.0411
3.008,0.67802,-0.779262,4.69399,17.0244
3.01,0.690291,-0.748583,4.83819,16.8559
3.012,0.702563,-0.717903,4.96796,16.7043
3.014,0.717903,-0.687223,5.23815,16.5678
3.016,0.730175,-0.659612,5.32793,16.2916
3.018,0.745515,-0.628932,5.56213,16.1965
3.02,0.757787,-0.598253,5.61951,16.1108
3.022,0.773126,-0.567573,5.82455,16.0337
3.024,0.788466,-0.539961,6.00908,15.8109
3.026,0.803806,-0.509282,6.17517,15.7638
3.028,0.819146,-0.478602,6.32464,15.7214
3.03,0.834486,-0.45099,6.45917,15.5298
3.032,0.852893,-0.423379,6.73364,15.3574
3.034,0.868233,-0.392699,6.82726,15.3557
3.036,0.883573,-0.365087,6.91153,15.2007
3.038,0.898913,-0.337476,6.98737,15.0612
3.04,0.917321,-0.306796,7.20902,15.0891
3.042,0.93266,-0.279185,7.25511,14.9607
3.044,0.948,-0.251573,7.29659,14.8453
3.046,0.96334,-0.223961,7.33392,14.7413
3.048,0.981748,-0.19635,7.52091,14.6478
3.05,0.997088,-0.168738,7.53581,14.5636
3.052,1.00936,-0.141126,7.39582,14.4878
3.054,0.99402,-0.116583,5.88925,14.2662
3.056,0.966408,-0.0920388,3.91974,14.0668
3.058,0.938796,-0.0674952,2.14719,13.8873
3.06,0.929592,-0.0490874,1.47227,13.4189
3.062,0.935728,-0.0337476,1.63184,12.844
3.064,0.938796,-0.0184078,1.62206,12.3266
3.066,0.938796,-0.00306796,1.45985,11.8609
3.068,0.938796,0.00613592,1.31387,11.135
3.07,0.935728,0.0153398,1.02908,10.4817
3.072,0.929592,0.0214757,0.619377,9.74036
3.074,0.926524,0.0245437,0.404041,8.91972
3.076,0.917321,0.0276117,-0.0965573,8.18115
3.078,0.905049,0.0276117,-0.700494,7.36303
3.08,0.892777,0.0245437,-1.24404,6.47333
3.082,0.880505,0.0184078,-1.73323,5.5192
3.084,0.865165,0.0153398,-2.32689,4.81388
3.086,0.846757,0.00613592,-3.01459,3.8723
3.088,0.82835,-0.00613592,-3.63352,2.87148
3.09,0.806874,-0.0153398,-4.34396,2.12414
3.092,0.785398,-0.0306796,-4.98335,1.14473
3.094,0.763922,-0.0429515,-5.5588,0.416666
3.096,0.742447,-0.0582913,-6.07671,-0.391991
3.098,0.717903,-0.0736311,-6.69622,-1.11978
3.1,0.693359,-0.0920388,-7.25378,-1.92819
3.102,0.668816,-0.107379,-7.75559,-2.50236
3.104,0.641204,-0.125786,-8.36061,-3.17252
3.106,0.61666,-0.144194,-8.75174,-3.77565
3.108,0.592117,-0.159534,-9.10375,-4.16508
3.11,0.570641,-0.177942,-9.26716,-4.66896
3.112,0.549165,-0.193282,-9.41423,-4.96905
3.114,0.524621,-0.208621,-9.69999,-5.23914
3.116,0.500078,-0.227029,-9.95718,-5.63561
3.118,0.475534,-0.245437,-10.1886,-5.99244
3.12,0.45099,-0.260777,-10.397,-6.16019
3.122,0.426447,-0.279185,-10.5845,-6.46456
3.124,0.401903,-0.297592,-10.7532,-6.73849
3.126,0.377359,-0.316,-10.9051,-6.98503
3.128,0.352816,-0.334408,-11.0417,-7.20691
3.13,0.328272,-0.352816,-11.1647,-7.40661
3.132,0.303728,-0.371223,-11.2755,-7.58634
3.134,0.279185,-0.389631,-11.3751,-7.74809
3.136,0.254641,-0.408039,-11.4648,-7.89367
3.138,0.230097,-0.426447,-11.5455,-8.02469
3.14,0.205553,-0.447922,-11.6181,-8.29601
3.142,0.184078,-0.46633,-11.5301,-8.3868
3.144,0.159534,-0.487806,-11.6043,-8.6219
3.146,0.13499,-0.509282,-11.671,-8.8335
3.148,0.113515,-0.527689,-11.5777,-8.87054
3.15,0.0920388,-0.549165,-11.4937,-9.05727
3.152,0.0674952,-0.570641,-11.5715,-9.22533
3.154,0.0460194,-0.592117,-11.4882,-9.37658
3.156,0.0245437,-0.613592,-11.4131,-9.51271
3.158,0.00306796,-0.638136,-11.3456,-9.78863
3.16,-0.0184078,-0.659612,-11.2848,-9.88355
3.162,-0.0398835,-0.684155,-11.2301,-10.1224
3.164,-0.0613592,-0.705631,-11.1809,-10.1839
3.166,-0.082835,-0.730175,-11.1366,-10.3927
3.168,-0.101243,-0.754719,-10.9433,-10.5806
3.17,-0.122718,-0.779262,-10.9228,-10.7498
3.172,-0.144194,-0.803806,-10.9043,-10.902
3.174,-0.162602,-0.82835,-10.7343,-11.039
3.176,-0.184078,-0.852893,-10.7346,-11.1622
3.178,-0.202485,-0.877437,-10.5815,-11.2732
3.18,-0.220893,-0.905049,-10.4438,-11.5265
3.182,-0.239301,-0.929592,-10.3198,-11.601
3.184,-0.257709,-0.957204,-10.2082,-11.8215
3.186,-0.276117,-0.984816,-10.1078,-12.0199
3.188,-0.294524,-1.01243,-10.0174,-12.1985
3.19,-0.312932,-1.04004,-9.93603,-12.3592
3.192,-0.33134,-1.06765,-9.86281,-12.5039
3.194,-0.34668,-1.09833,-9.64352,-12.7875
3.196,-0.362019,-1.12594,-9.44616,-12.8893
3.198,-0.380427,-1.15662,-9.42193,-13.1344
3.2,-0.395767,-1.18423,-9.24673,-13.2015
3.202,-0.411107,-1.21491,-9.08905,-13.4153
3.204,-0.426447,-1.24559,-8.94713,-13.6078
3.206,-0.441786,-1.27627,-8.81941,-13.781
3.208,-0.457126,-1.31002,-8.70446,-14.0903
3.21,-0.469398,-1.3407,-8.44761,-14.2152
3.212,-0.484738,-1.37138,-8.36984,-14.3277
3.214,-0.49701,-1.40513,-8.14644,-14.5823
3.216,-0.509282,-1.43887,-7.94539,-14.8114
3.218,-0.521553,-1.47262,-7.76445,-15.0177
3.22,-0.533825,-1.50637,-7.60159,-15.2033
3.222,-0.546097,-1.54012,-7.45503,-15.3703
3.224,-0.558369,-1.57386,-7.32312,-15.5207
3.226,-0.567573,-1.61068,-7.051,-15.8094
3.228,-0.579845,-1.6475,-6.95949,-16.0692
3.23,-0.589049,-1.68124,-6.72374,-16.1497
3.232,-0.598253,-1.72113,-6.51156,-16.5289
3.234,-0.607456,-1.75794,-6.3206,-16.7168
3.236,-0.61666,-1.79476,-6.14873,-16.8859
3.238,-0.622796,-1.83464,-5.84065,-17.1915
3.24,-0.632,-1.87146,-5.71678,-17.3131
3.242,-0.638136,-1.91134,-5.4519,-17.576
3.244,-0.644272,-1.95429,-5.21351,-17.9659
3.246,-0.650408,-1.99418,-4.99895,-18.1635
3.248,-0.653476,-2.03713,-4.65245,-18.4947
3.25,-0.656544,-2.08008,-4.34061,-18.7928
3.252,-0.66268,-2.12303,-4.21334,-19.0611
3.254,-0.66268,-2.16598,-3.79201,-19.3026
3.256,-0.665748,-2.212,-3.56621,-19.6733
3.258,-0.665748,-2.25802,-3.20959,-20.0069
3.26,-0.665748,-2.30404,-2.88863,-20.3072
3.262,-0.665748,-2.35313,-2.59976,-20.7309
3.264,-0.66268,-2.40221,-2.18639,-21.1121
3.266,-0.656544,-2.45437,-1.66095,-21.6087
3.268,-0.653476,-2.50652,-1.34146,-22.0556
3.27,-0.64734,-2.55868,-0.900519,-22.4578
3.272,-0.638136,-2.6139,-0.350273,-22.9732
3.274,-0.628932,-2.66913,0.144949,-23.437
3.276,-0.619728,-2.72742,0.590648,-24.0079
3.278,-0.607456,-2.78571,1.14518,-24.5217
3.28,-0.592117,-2.84707,1.79765,-25.1375
3.282,-0.576777,-2.9115,2.38487,-25.8451
3.284,-0.558369,-2.97592,3.06678,-26.4819
3.286,-0.539961,-3.04035,3.68049,-27.0551
3.288,-0.521553,-3.10785,4.23283,-27.7243
3.29,-0.500078,3.11091,4.88333,-28.1733
3.292,-0.48167,3.04342,5.31539,-28.7307
3.294,-0.460194,2.97592,5.85763,-29.2324
3.296,-0.444854,2.9115,6.03886,-29.5305
3.298,-0.426447,2.84707,6.35536,-29.7988
3.3,-0.411107,2.78571,6.48682,-29.8869
3.302,-0.395767,2.72435,6.60513,-29.9662
3.304,-0.383495,2.66606,6.55821,-29.8841
3.306,-0.371223,2.60777,6.51598,-29.8103
3.308,-0.358952,2.54948,6.47797,-29.7438
3.31,-0.349748,2.49118,6.29037,-29.684
3.312,-0.340544,2.43596,6.12153,-29.4768
3.314,-0.334408,2.38074,5.81617,-29.2902
3.316,-0.328272,2.32858,5.54135,-28.969
3.318,-0.322136,2.2795,5.29401,-28.5265
3.32,-0.319068,2.23041,4.91801,-28.1282
3.322,-0.316,2.18132,4.5796,-27.7697
3.324,-0.312932,2.13223,4.27504,-27.4471
3.326,-0.312932,2.08315,3.84754,-27.1568
3.328,-0.309864,2.03713,3.61618,-26.7421
3.33,-0.309864,1.99111,3.25456,-26.3688
3.332,-0.312932,1.94509,2.77571,-26.0329
3.334,-0.312932,1.89907,2.49814,-25.7306
3.336,-0.316,1.85612,2.09493,-25.3051
3.338,-0.319068,1.81317,1.73204,-24.9222
3.34,-0.322136,1.77021,1.40543,-24.5775
3.342,-0.325204,1.73033,1.11149,-24.114
3.344,-0.328272,1.68738,0.846945,-23.8501
3.346,-0.334408,1.6475,0.455455,-23.4593
3.348,-0.337476,1.60761,0.256511,-23.1075
3.35,-0.34668,1.56773,-0.229334,-22.791
3.352,-0.352816,1.52784,-0.513197,-22.506
3.354,-0.358952,1.48796,-0.768673,-22.2496
3.356,-0.365087,1.45115,-0.998602,-21.8654
3.358,-0.374291,1.41433,-1.35894,-21.5197
3.36,-0.380427,1.37751,-1.52984,-21.2085
3.362,-0.389631,1.3407,-1.83705,-20.9284
3.364,-0.398835,1.30388,-2.11354,-20.6763
3.366,-0.408039,1.26707,-2.36238,-20.4495
3.368,-0.417243,1.23025,-2.58634,-20.2453
3.37,-0.429515,1.19651,-2.94129,-19.9082
3.372,-0.438719,1.15969,-3.10736,-19.7581
3.374,-0.45099,1.12594,-3.41022,-19.4697
3.376,-0.463262,1.09219,-3.68279,-19.2101
3.378,-0.472466,1.05845,-3.7747,-18.9765
3.38,-0.484738,1.0247,-4.01082,-18.7662
3.382,-0.500078,0.990952,-4.37673,-18.577
3.384,-0.51235,0.957204,-4.55265,-18.4066
3.386,-0.524621,0.923456,-4.71098,-18.2534
3.388,-0.539961,0.892777,-5.00687,-17.962
3.39,-0.555301,0.859029,-5.27317,-17.8532
3.392,-0.567573,0.825282,-5.35945,-17.7552
3.394,-0.582913,0.794602,-5.59049,-17.5137
3.396,-0.598253,0.763922,-5.79844,-17.2963
3.398,-0.61666,0.730175,-6.13898,-17.2541
3.4,-0.632,0.699495,-6.29207,-17.0626
3.402,-0.64734,0.668816,-6.42986,-16.8903
3.404,-0.665748,0.638136,-6.70726,-16.7353
3.406,-0.681087,0.604388,-6.80352,-16.7491
3.408,-0.699495,0.573709,-7.04356,-16.6082
3.41,-0.717903,0.543029,-7.25959,-16.4814
3.412,-0.736311,0.51235,-7.45402,-16.3672
3.414,-0.754719,0.48167,-7.62901,-16.2645
3.416,-0.773126,0.454058,-7.7865,-16.0186
3.418,-0.791534,0.423379,-7.92823,-15.9507
3.42,-0.81301,0.392699,-8.2092,-15.8896
3.422,-0.831418,0.362019,-8.30867,-15.8347
3.424,-0.849825,0.33134,-8.39819,-15.7852
3.426,-0.871301,0.303728,-8.63216,-15.5872
3.428,-0.889709,0.273049,-8.68933,-15.5625
3.43,-0.911185,0.245437,-8.89418,-15.3868
3.432,-0.929592,0.214757,-8.92515,-15.3821
3.434,-0.951068,0.187146,-9.10642,-15.2245
3.436,-0.969476,0.156466,-9.11617,-15.236
3.438,-0.984816,0.128854,-8.97154,-15.093
3.44,-0.972544,0.101243,-7.4608,-14.9643
3.442,-0.941864,0.0736311,-5.18074,-14.8484
3.444,-0.911185,0.0460194,-3.12868,-14.7442
3.446,-0.901981,0.0276117,-2.35562,-14.1902
3.448,-0.911185,0.00920388,-2.58025,-13.6915
3.45,-0.917321,-0.00920388,-2.62902,-13.2428
3.452,-0.923456,-0.0245437,-2.67292,-12.6855
3.454,-0.929592,-0.0368155,-2.71242,-12.0305
3.456,-0.929592,-0.0460194,-2.44118,-11.2877
3.458,-0.93266,-0.0552233,-2.35046,-10.6191
3.46,-0.93266,-0.0613592,-2.11541,-9.86398
3.462,-0.926524,-0.0644272,-1.59708,-9.03098
3.464,-0.923456,-0.0674952,-1.28397,-8.28128
3.466,-0.917321,-0.0674952,-0.848777,-7.45315
3.468,-0.908117,-0.0674952,-0.303705,-6.70783
3.47,-0.895845,-0.0613592,0.340258,-5.73026
3.472,-0.883573,-0.0552233,0.919824,-4.85043
3.474,-0.871301,-0.0490874,1.44143,-4.05859
3.476,-0.852893,-0.0398835,2.21768,-3.19254
3.478,-0.837554,-0.0306796,2.7629,-2.41309
3.48,-0.819146,-0.0184078,3.407,-1.55819
3.482,-0.79767,-0.00613592,4.14009,-0.788779
3.484,-0.779262,0.00920388,4.64647,0.0570891
3.486,-0.757787,0.0245437,5.25561,0.818371
3.488,-0.736311,0.0398835,5.80383,1.50352
3.49,-0.714835,0.0552233,6.29724,2.12016
3.492,-0.693359,0.0705631,6.7413,2.67514
3.494,-0.671884,0.0889709,7.14096,3.32801
3.496,-0.653476,0.104311,7.34725,3.7622
3.498,-0.638136,0.119651,7.37951,4.15297
3.5,-0.625864,0.138058,7.25515,4.65806
3.502,-0.61666,0.153398,6.98983,4.95925
3.504,-0.610524,0.168738,6.59765,5.23031
3.506,-0.607456,0.18101,6.09128,5.32087
3.508,-0.598253,0.19635,5.94235,5.55578
3.51,-0.579845,0.205553,6.2685,5.46039
3.512,-0.558369,0.220893,6.71544,5.68134
3.514,-0.543029,0.233165,6.81088,5.7268
3.516,-0.524621,0.248505,7.05018,5.92111
3.518,-0.506214,0.260777,7.26555,5.94259
3.52,-0.487806,0.276117,7.45939,6.11532
3.522,-0.469398,0.288388,7.63384,6.11738
3.524,-0.45099,0.30066,7.79084,6.11924
3.526,-0.432583,0.316,7.93215,6.2743
3.528,-0.414175,0.33134,8.05932,6.41386
3.53,-0.395767,0.343612,8.17378,6.38607
3.532,-0.377359,0.358952,8.27679,6.51445
3.534,-0.358952,0.374291,8.3695,6.63
3.536,-0.343612,0.389631,8.29954,6.73399
3.538,-0.325204,0.404971,8.38997,6.82758
3.54,-0.306796,0.420311,8.47136,6.91181
3.542,-0.288388,0.438719,8.54462,7.14102
3.544,-0.269981,0.454058,8.61054,7.19391
3.546,-0.251573,0.469398,8.66988,7.24151
3.548,-0.236233,0.487806,8.56988,7.43775
3.55,-0.217825,0.503146,8.63328,7.46096
3.552,-0.199418,0.521553,8.69034,7.63525
3.554,-0.18101,0.539961,8.74169,7.79212
3.556,-0.162602,0.558369,8.78791,7.93329
3.558,-0.147262,0.576777,8.67611,8.06035
3.56,-0.128854,0.595185,8.72889,8.17471
3.562,-0.113515,0.61666,8.62299,8.43102
3.564,-0.0951068,0.635068,8.68108,8.50831
3.566,-0.079767,0.653476,8.57996,8.57787
3.568,-0.0613592,0.674952,8.64236,8.79387
3.57,-0.0460194,0.693359,8.54511,8.83487
3.572,-0.0276117,0.714835,8.61099,9.02517
3.574,-0.0122718,0.736311,8.51688,9.19644
3.576,0.00306796,0.757787,8.43218,9.35058
3.578,0.0184078,0.779262,8.35595,9.48931
3.58,0.0337476,0.800738,8.28735,9.61416
3.582,0.0521553,0.825282,8.379,9.87993
3.584,0.0674952,0.846757,8.30809,9.96573
3.586,0.082835,0.871301,8.24427,10.1963
3.588,0.0951068,0.892777,8.03344,10.2505
3.59,0.110447,0.917321,7.99709,10.4526
3.592,0.125786,0.941864,7.96437,10.6345
3.594,0.141126,0.966408,7.93492,10.7983
3.596,0.153398,0.990952,7.75502,10.9456
3.598,0.168738,1.0155,7.74651,11.0783
3.6,0.18101,1.04004,7.58545,11.1976
3.602,0.193282,1.06765,7.4405,11.4584
3.604,0.208621,1.09219,7.46344,11.5398
3.606,0.220893,1.11981,7.33069,11.7664
3.608,0.233165,1.14435,7.21121,11.8169
3.61,0.245437,1.17196,7.10368,12.0158
3.612,0.257709,1.19957,7.00691,12.1948
3.614,0.269981,1.23025,6.91981,12.5093
3.616,0.282252,1.25786,6.84142,12.639
3.618,0.291456,1.28548,6.61747,12.7557
3.62,0.303728,1.31616,6.56932,13.0141
3.622,0.316,1.34377,6.52598,13.0932
3.624,0.325204,1.37445,6.33357,13.3179
3.626,0.337476,1.40513,6.31381,13.5201
3.628,0.34668,1.43581,6.14262,13.7021
3.63,0.355884,1.46955,5.98855,14.0192
3.632,0.365087,1.50023,5.84989,14.1513
3.634,0.374291,1.53398,5.7251,14.4235
3.636,0.380427,1.56466,5.45938,14.5152
3.638,0.389631,1.59841,5.37364,14.751
3.64,0.398835,1.63522,5.29647,15.1167
3.642,0.404971,1.66897,5.07362,15.2924
3.644,0.411107,1.70272,4.87305,15.4506
3.646,0.417243,1.73953,4.69254,15.7463
3.648,0.423379,1.77635,4.53009,16.0124
3.65,0.429515,1.81317,4.38387,16.252
3.652,0.432583,1.84998,4.09888,16.4675
3.654,0.438719,1.8868,3.99579,16.6616
3.656,0.441786,1.92668,3.74961,16.9896
3.658,0.444854,1.96656,3.52805,17.2848
3.66,0.447922,2.00645,3.32864,17.5505
3.662,0.447922,2.04633,2.99578,17.7896
3.664,0.447922,2.08928,2.6962,18.1582
3.666,0.447922,2.12917,2.42658,18.3366
3.668,0.447922,2.17518,2.18392,18.8039
3.67,0.447922,2.21814,1.96553,19.0711
3.672,0.444854,2.26416,1.61558,19.4649
3.674,0.438719,2.31018,1.14722,19.8194
3.676,0.435651,2.35619,0.879104,20.1384
3.678,0.429515,2.40528,0.484397,20.579
3.68,0.423379,2.45437,0.129161,20.9754
3.682,0.414175,2.50652,-0.343949,21.4857
3.684,0.401903,2.55868,-0.923146,21.9449
3.686,0.392699,2.6139,-1.29103,22.5115
3.688,0.377359,2.66913,-1.92891,23.0216
3.69,0.365087,2.72435,-2.34961,23.4806
3.692,0.349748,2.78264,-2.88164,24.0471
3.694,0.33134,2.844,-3.51387,24.7103
3.696,0.312932,2.90536,-4.08287,25.3073
3.698,0.291456,2.96979,-4.74837,25.9979
3.7,0.266913,3.03421,-5.50072,26.6195
3.702,0.245437,3.09864,-6.02443,27.1789
3.704,0.223961,-3.12012,-6.49578,27.6823
3.706,0.199418,-3.05262,-7.07338,28.2889
3.708,0.177942,-2.98819,-7.43983,28.6813
3.71,0.156466,-2.92377,-7.76963,29.0346
3.712,0.13499,-2.86241,-8.06646,29.1991
3.714,0.116583,-2.80105,-8.1802,29.3471
3.716,0.101243,-2.73969,-8.12917,29.4804
3.718,0.082835,-2.6814,-8.23664,29.4469
3.72,0.0674952,-2.62311,-8.17997,29.4168
3.722,0.0552233,-2.56482,-7.97556,29.3897
3.724,0.0429515,-2.50959,-7.7916,29.2119
3.726,0.0306796,-2.45744,-7.62603,28.8984
3.728,0.0214757,-2.40528,-7.32362,28.6164
3.73,0.0122718,-2.35313,-7.05145,28.3625
3.732,0.00613592,-2.30404,-6.65311,27.9806
3.734,-0.00306796,-2.25495,-6.44799,27.6369
3.736,-0.00613592,-2.20586,-5.95659,27.3276
3.738,-0.0122718,-2.15984,-5.66773,26.8958
3.74,-0.0184078,-2.11076,-5.40775,26.6606
3.742,-0.0214757,-2.06781,-5.02037,26.1421
3.744,-0.0245437,-2.02179,-4.67173,25.8289
3.746,-0.0245437,-1.97884,-4.20456,25.3936
3.748,-0.0276117,-1.93588,-3.9375,25.0018
3.75,-0.0276117,-1.89293,-3.54375,24.6492
3.752,-0.0276117,-1.84998,-3.18938,24.3318
3.754,-0.0276117,-1.8101,-2.87044,23.8928
3.756,-0.0245437,-1.76715,-2.43,23.6511
3.758,-0.0245437,-1.73033,-2.187,23.1268
3.76,-0.0214757,-1.69045,-1.8149,22.8083
3.762,-0.0184078,-1.65056,-1.48001,22.5216
3.764,-0.0153398,-1.61068,-1.17861,22.2636
3.766,-0.0122718,-1.57386,-0.907353,21.878
3.768,-0.00920388,-1.53705,-0.66322,21.531
3.77,-0.00306796,-1.50023,-0.290101,21.2187
3.772,-0,-1.46342,-0.107693,20.9376
3.774,0.00613592,-1.4266,0.209872,20.6846
3.776,0.0122718,-1.39285,0.495681,20.3035
3.778,0.0184078,-1.35604,0.752909,20.114
3.78,0.0245437,-1.32229,0.984414,19.7899
3.782,0.0337476,-1.28548,1.34617,19.6517
3.784,0.0398835,-1.25173,1.51835,19.3739
3.786,0.0460194,-1.22105,1.67331,18.9705
3.788,0.0552233,-1.1873,1.96617,18.7608
3.79,0.0644272,-1.15355,2.22975,18.5721
3.792,0.0736311,-1.11981,2.46697,18.4023
3.794,0.082835,-1.08606,2.68047,18.2495
3.796,0.0920388,-1.05538,2.87261,17.9585
3.798,0.101243,-1.0247,3.04555,17.6966
3.8,0.113515,-0.990952,3.35458,17.6143
3.802,0.122718,-0.960272,3.47932,17.3869
3.804,0.131922,-0.929592,3.59158,17.1822
3.806,0.144194,-0.898913,3.84602,16.9979
3.808,0.156466,-0.868233,4.07501,16.8321
3.81,0.168738,-0.837554,4.2811,16.6829
3.812,0.18101,-0.809942,4.46658,16.3952
3.814,0.193282,-0.779262,4.63352,16.2897
3.816,0.205553,-0.748583,4.78376,16.1947
3.818,0.217825,-0.720971,4.91897,15.9558
3.82,0.230097,-0.690291,5.04067,15.8942
3.822,0.242369,-0.66268,5.15019,15.6853
3.824,0.257709,-0.632,5.40216,15.6508
3.826,0.273049,-0.604388,5.62894,15.4663
3.828,0.28532,-0.576777,5.67964,15.3003
3.83,0.30066,-0.549165,5.87866,15.1508
3.832,0.316,-0.518486,6.05779,15.1697
3.834,0.33134,-0.490874,6.219,15.0333
3.836,0.34668,-0.463262,6.36409,14.9106
3.838,0.362019,-0.435651,6.49467,14.8001
3.84,0.377359,-0.408039,6.61219,14.7007
3.842,0.392699,-0.380427,6.71797,14.6112
3.844,0.408039,-0.352816,6.81316,14.5306
3.846,0.426447,-0.328272,7.05223,14.3048
3.848,0.441786,-0.30066,7.114,14.2549
3.85,0.457126,-0.273049,7.16959,14.21
3.852,0.472466,-0.245437,7.21962,14.1696
3.854,0.487806,-0.220893,7.26465,13.9798
3.856,0.506214,-0.193282,7.45857,13.9624
3.858,0.521553,-0.168738,7.47971,13.7933
3.86,0.533825,-0.141126,7.34533,13.7946
3.862,0.530757,-0.116583,6.4574,13.6423
3.864,0.521553,-0.0951068,5.35146,13.3519
3.866,0.515418,-0.0736311,4.50952,13.0905
3.868,0.518486,-0.0552233,4.21197,12.7018
3.87,0.524621,-0.0398835,4.09757,12.1986
3.872,0.527689,-0.0245437,3.84121,11.7457
3.874,0.530757,-0.0153398,3.61048,11.0314
3.876,0.530757,-0.00613592,3.24944,10.3884
3.878,0.527689,0.00306796,2.77109,9.80978
3.88,0.524621,0.00613592,2.34059,8.9822
3.882,0.518486,0.00920388,1.79973,8.23737
3.884,0.509282,0.0122718,1.15956,7.56703
3.886,0.500078,0.00920388,0.583414,6.65693
3.888,0.487806,0.00613592,-0.0885197,5.83784
3.89,0.475534,0.00306796,-0.69326,5.10066
3.892,0.460194,-0.00613592,-1.39092,4.1304
3.894,0.444854,-0.0153398,-2.01882,3.25717
3.896,0.426447,-0.0245437,-2.73733,2.47125
3.898,0.408039,-0.0368155,-3.38398,1.61054
3.9,0.389631,-0.0490874,-3.96597,0.835891
3.902,0.368155,-0.0613592,-4.64316,0.138709
3.904,0.34668,-0.076699,-5.25263,-0.642152
3.906,0.325204,-0.0920388,-5.80116,-1.34493
3.908,0.303728,-0.107379,-6.29483,-1.97742
3.91,0.282252,-0.122718,-6.73913,-2.54667
3.912,0.260777,-0.138058,-7.139,-3.059
3.914,0.239301,-0.153398,-7.49889,-3.52009
3.916,0.214757,-0.168738,-7.97619,-3.93507
3.918,0.193282,-0.184078,-8.25235,-4.30855
3.92,0.171806,-0.199418,-8.50091,-4.64469
3.922,0.15033,-0.211689,-8.7246,-4.79381
3.924,0.128854,-0.227029,-8.92593,-5.08142
3.926,0.107379,-0.242369,-9.10712,-5.34027
3.928,0.0859029,-0.257709,-9.2702,-5.57323
3.93,0.0644272,-0.273049,-9.41696,-5.7829
3.932,0.0429515,-0.288388,-9.54905,-5.9716
3.934,0.0214757,-0.303728,-9.66793,-6.14143
3.936,-0,-0.322136,-9.77493,-6.44768
3.938,-0.0184078,-0.337476,-9.71782,-6.5699
3.94,-0.0398835,-0.352816,-9.81983,-6.6799
3.942,-0.0644272,-0.371223,-10.065,-6.9323
3.944,-0.082835,-0.386563,-9.97891,-7.00606
3.946,-0.104311,-0.404971,-10.0548,-7.22584
3.948,-0.125786,-0.423379,-10.1231,-7.42365
3.95,-0.144194,-0.438719,-10.0312,-7.44827
3.952,-0.16567,-0.457126,-10.1019,-7.62383
3.954,-0.187146,-0.475534,-10.1655,-7.78184
3.956,-0.205553,-0.493942,-10.0693,-7.92404
3.958,-0.227029,-0.51235,-10.1362,-8.05203
3.96,-0.245437,-0.530757,-10.0429,-8.16721
3.962,-0.263845,-0.552233,-9.95903,-8.42428
3.964,-0.28532,-0.570641,-10.0369,-8.50224
3.966,-0.303728,-0.589049,-9.95361,-8.5724
3.968,-0.322136,-0.610524,-9.87864,-8.78895
3.97,-0.343612,-0.632,-9.96456,-8.98384
3.972,-0.362019,-0.650408,-9.88849,-9.00585
3.974,-0.380427,-0.671884,-9.82003,-9.17905
3.976,-0.398835,-0.693359,-9.75842,-9.33493
3.978,-0.417243,-0.714835,-9.70296,-9.47522
3.98,-0.432583,-0.736311,-9.49966,-9.60149
3.982,-0.45099,-0.757787,-9.47008,-9.71512
3.984,-0.469398,-0.78233,-9.44346,-9.9708
3.986,-0.487806,-0.803806,-9.4195,-10.0475
3.988,-0.506214,-0.82835,-9.39794,-10.2699
3.99,-0.521553,-0.852893,-9.22514,-10.4701
3.992,-0.536893,-0.877437,-9.06961,-10.6503
3.994,-0.555301,-0.901981,-9.08304,-10.8125
3.996,-0.570641,-0.926524,-8.94173,-10.9584
3.998,-0.589049,-0.951068,-8.96794,-11.0897
4,-0.604388,-0.975612,-8.83814,-11.208
4.002,-0.619728,-1.00322,-8.72132,-11.4677
4.004,-0.635068,-1.02777,-8.61617,-11.5481
4.006,-0.650408,-1.05538,-8.52155,-11.7739
4.008,-0.665748,-1.08299,-8.43638,-11.9771
4.01,-0.67802,-1.1106,-8.20634,-12.16
4.012,-0.693359,-1.13821,-8.15269,-12.3246
4.014,-0.705631,-1.16583,-7.95102,-12.4727
4.016,-0.720971,-1.19344,-7.92291,-12.606
4.018,-0.733243,-1.22105,-7.74421,-12.726
4.02,-0.745515,-1.25173,-7.58338,-12.9874
4.022,-0.757787,-1.28241,-7.43863,-13.2226
4.024,-0.770058,-1.31002,-7.30836,-13.2809
4.026,-0.78233,-1.3407,-7.19112,-13.4868
4.028,-0.794602,-1.37138,-7.0856,-13.6721
4.03,-0.806874,-1.40206,-6.99063,-13.8389
4.032,-0.816078,-1.43274,-6.75176,-13.989
4.034,-0.82835,-1.46649,-6.69018,-14.2775
4.036,-0.837554,-1.49717,-6.48135,-14.3837
4.038,-0.846757,-1.53091,-6.29341,-14.6327
4.04,-0.855961,-1.56466,-6.12427,-14.8568
4.042,-0.865165,-1.59841,-5.97203,-15.0585
4.044,-0.874369,-1.63216,-5.83502,-15.24
4.046,-0.883573,-1.66897,-5.71172,-15.5568
4.048,-0.889709,-1.70272,-5.44734,-15.6885
4.05,-0.898913,-1.73953,-5.3628,-15.9604
4.052,-0.905049,-1.77635,-5.13332,-16.2052
4.054,-0.911185,-1.81317,-4.92678,-16.4254
4.056,-0.917321,-1.84998,-4.7409,-16.6237
4.058,-0.923456,-1.88986,-4.57361,-16.9555
4.06,-0.926524,-1.92975,-4.26964,-17.2541
4.062,-0.93266,-1.96963,-4.14948,-17.5229
4.064,-0.935728,-2.00951,-3.88793,-17.7648
4.066,-0.935728,-2.0494,-3.49913,-17.9825
4.068,-0.938796,-2.09235,-3.30262,-18.3318
4.07,-0.938796,-2.1353,-2.97236,-18.6462
4.072,-0.938796,-2.17825,-2.67512,-18.9291
4.074,-0.938796,-2.22427,-2.40761,-19.3372
4.076,-0.938796,-2.26722,-2.16685,-19.551
4.078,-0.935728,-2.31631,-1.79676,-20.0503
4.08,-0.93266,-2.36233,-1.46369,-20.3462
4.082,-0.926524,-2.41142,-1.01053,-20.766
4.084,-0.920388,-2.46051,-0.602676,-21.1438
4.086,-0.911185,-2.51266,-0.0822145,-21.6372
4.088,-0.901981,-2.56482,0.386201,-22.0812
4.09,-0.892777,-2.62004,0.807775,-22.6343
4.092,-0.880505,-2.67526,1.34059,-23.132
4.094,-0.868233,-2.73049,1.82012,-23.58
4.096,-0.852893,-2.79185,2.4051,-24.2899
4.098,-0.837554,-2.85014,2.93158,-24.7755
4.1,-0.819146,-2.91456,3.55881,-25.5193
4.102,-0.79767,-2.97592,4.27672,-26.0353
4.104,-0.776194,-3.04035,4.92283,-26.6532
4.106,-0.754719,-3.10785,5.50434,-27.3626
4.108,-0.733243,3.10785,6.02769,-28.0011
4.11,-0.711767,3.04342,6.49871,-28.4224
4.112,-0.687223,2.97592,7.07602,-28.9549
4.114,-0.665748,2.9115,7.4422,-29.2807
4.116,-0.64734,2.85014,7.61837,-29.4206
4.118,-0.628932,2.78571,7.77692,-29.6999
4.12,-0.610524,2.72742,7.91962,-29.6445
4.122,-0.595185,2.66606,7.89465,-29.748
4.124,-0.579845,2.60777,7.87217,-29.6878
4.126,-0.567573,2.54948,7.69855,-29.6336
4.128,-0.555301,2.49425,7.54229,-29.4314
4.13,-0.543029,2.43903,7.40165,-29.2494
4.132,-0.533825,2.38381,7.12168,-29.0856
4.134,-0.524621,2.33472,6.86971,-28.6314
4.136,-0.518486,2.28563,6.48953,-28.2227
4.138,-0.51235,2.23348,6.14737,-28.0082
4.14,-0.506214,2.18746,5.83943,-27.5083
4.142,-0.503146,2.13837,5.40889,-27.2119
4.144,-0.500078,2.08928,5.0214,-26.945
4.146,-0.49701,2.04326,4.67266,-26.5515
4.148,-0.493942,1.99724,4.35879,-26.1973
4.15,-0.493942,1.95429,3.92291,-25.7252
4.152,-0.493942,1.91134,3.53062,-25.3002
4.154,-0.493942,1.86839,3.17756,-24.9178
4.156,-0.493942,1.82544,2.8598,-24.5736
4.158,-0.493942,1.78249,2.57382,-24.2638
4.16,-0.493942,1.7426,2.31644,-23.8316
4.162,-0.49701,1.69965,1.9314,-23.596
4.164,-0.500078,1.65977,1.58486,-23.2306
4.166,-0.503146,1.61988,1.27297,-22.9017
4.168,-0.506214,1.58,0.992279,-22.6057
4.17,-0.509282,1.54318,0.739653,-22.1859
4.172,-0.515418,1.50637,0.358892,-21.8081
4.174,-0.518486,1.46649,0.169605,-21.6215
4.176,-0.524621,1.42967,-0.154152,-21.3001
4.178,-0.530757,1.39285,-0.445533,-21.0109
4.18,-0.536893,1.35604,-0.707776,-20.7505
4.182,-0.543029,1.32229,-0.943794,-20.3629
4.184,-0.552233,1.28548,-1.30961,-20.1674
4.186,-0.558369,1.25173,-1.48544,-19.838
4.188,-0.567573,1.21798,-1.79709,-19.5416
4.19,-0.573709,1.18117,-1.92418,-19.4282
4.192,-0.582913,1.14742,-2.19196,-19.1728
4.194,-0.592117,1.11367,-2.43296,-18.9429
4.196,-0.60132,1.08299,-2.64985,-18.5826
4.198,-0.610524,1.04924,-2.84506,-18.4117
4.2,-0.619728,1.0155,-3.02075,-18.2579
4.202,-0.632,0.984816,-3.33227,-17.9661
4.204,-0.641204,0.951068,-3.45924,-17.8569
4.206,-0.653476,0.920388,-3.7269,-17.6051
4.208,-0.665748,0.886641,-3.96781,-17.532
4.21,-0.67802,0.855961,-4.18462,-17.3128
4.212,-0.690291,0.825282,-4.37975,-17.1155
4.214,-0.702563,0.794602,-4.55537,-16.9379
4.216,-0.714835,0.763922,-4.71342,-16.7781
4.218,-0.727107,0.730175,-4.85567,-16.7877
4.22,-0.739379,0.702563,-4.9837,-16.4895
4.222,-0.754719,0.671884,-5.25232,-16.3745
4.224,-0.76699,0.641204,-5.34068,-16.2711
4.226,-0.78233,0.610524,-5.5736,-16.1779
4.228,-0.79767,0.579845,-5.78323,-16.0941
4.23,-0.81301,0.549165,-5.9719,-16.0187
4.232,-0.82835,0.521553,-6.1417,-15.7974
4.234,-0.843689,0.490874,-6.29452,-15.7516
4.236,-0.859029,0.463262,-6.43206,-15.5571
4.238,-0.874369,0.432583,-6.55584,-15.5353
4.24,-0.889709,0.404971,-6.66725,-15.3624
4.242,-0.908117,0.374291,-6.92091,-15.3601
4.244,-0.923456,0.34668,-6.99581,-15.2047
4.246,-0.938796,0.316,-7.06322,-15.2182
4.248,-0.957204,0.288388,-7.27729,-15.077
4.25,-0.972544,0.260777,-7.31655,-14.9499
4.252,-0.987884,0.233165,-7.35188,-14.8355
4.254,-1.00629,0.202485,-7.53708,-14.8859
4.256,-1.02163,0.174874,-7.55037,-14.7779
4.258,-1.04004,0.147262,-7.71572,-14.6807
4.26,-1.05231,0.119651,-7.55774,-14.5932
4.262,-1.04311,0.0920388,-6.34177,-14.5145
4.264,-1.01856,0.0674952,-4.48041,-14.2902
4.266,-0.997088,0.0429515,-2.95858,-14.0884
4.268,-0.990952,0.0245437,-2.35593,-13.5999
4.27,-1.00016,0.00613592,-2.58053,-13.1603
4.272,-1.00322,-0.00920388,-2.47587,-12.6113
4.274,-1.00629,-0.0214757,-2.38168,-11.9637
4.276,-1.00936,-0.0337476,-2.29691,-11.381
4.278,-1.00629,-0.0460194,-1.91382,-10.8565
4.28,-1.00322,-0.0521553,-1.56904,-10.0776
4.282,-1.00016,-0.0552233,-1.25874,-9.22324
4.284,-0.99402,-0.0613592,-0.826071,-8.60771
4.286,-0.984816,-0.0613592,-0.28327,-7.74694
4.288,-0.975612,-0.0613592,0.205251,-6.97225
4.29,-0.96334,-0.0582913,0.798318,-6.12162
4.292,-0.948,-0.0521553,1.48548,-5.20267
4.294,-0.93266,-0.0460194,2.10392,-4.3756
4.296,-0.917321,-0.0368155,2.66052,-3.47785
4.298,-0.895845,-0.0276117,3.46825,-2.66987
4.3,-0.877437,-0.0153398,4.04182,-1.78929
4.302,-0.855961,-0.00306796,4.71142,-0.996768
4.304,-0.831418,0.00920388,5.46746,-0.283499
4.306,-0.809942,0.0245437,5.9945,0.511841
4.308,-0.785398,0.0398835,6.62224,1.22765
4.31,-0.760854,0.0582913,7.1872,2.02527
4.312,-0.733243,0.0736311,7.84906,2.58973
4.314,-0.708699,0.0920388,8.29134,3.25115
4.316,-0.684155,0.107379,8.68939,3.69302
4.318,-0.659612,0.125786,9.04764,4.24411
4.32,-0.635068,0.144194,9.37006,4.74009
4.322,-0.613592,0.159534,9.50684,5.03307
4.324,-0.592117,0.177942,9.62994,5.45015
4.326,-0.573709,0.193282,9.58734,5.67213
4.328,-0.549165,0.208621,9.85579,5.8719
4.33,-0.524621,0.223961,10.0974,6.0517
4.332,-0.500078,0.242369,10.3148,6.36692
4.334,-0.478602,0.257709,10.3571,6.49722
4.336,-0.454058,0.276117,10.5486,6.76789
4.338,-0.429515,0.291456,10.7209,6.85809
4.34,-0.408039,0.309864,10.7226,7.09267
4.342,-0.383495,0.325204,10.8775,7.15039
4.344,-0.358952,0.343612,11.017,7.35574
4.346,-0.337476,0.362019,10.9891,7.54056
4.348,-0.312932,0.380427,11.1173,7.70689
4.35,-0.291456,0.398835,11.0794,7.85659
4.352,-0.269981,0.417243,11.0452,7.99132
4.354,-0.245437,0.435651,11.1679,8.11257
4.356,-0.223961,0.454058,11.1249,8.22171
4.358,-0.202485,0.475534,11.0862,8.47332
4.36,-0.177942,0.493942,11.2048,8.54638
4.362,-0.156466,0.51235,11.1581,8.61213
4.364,-0.13499,0.533825,11.1161,8.8247
4.366,-0.113515,0.555301,11.0782,9.01602
4.368,-0.0920388,0.576777,11.0442,9.1882
4.37,-0.0705631,0.595185,11.0136,9.18977
4.372,-0.0490874,0.619728,10.986,9.49798
4.374,-0.0276117,0.641204,10.9612,9.62197
4.376,-0.00613592,0.66268,10.9388,9.73356
4.378,0.0153398,0.684155,10.9188,9.83399
4.38,0.0337476,0.708699,10.7473,10.0778
4.382,0.0552233,0.730175,10.7463,10.1438
4.384,0.0736311,0.754719,10.5921,10.3566
4.386,0.0951068,0.779262,10.6067,10.5481
4.388,0.113515,0.803806,10.4664,10.7205
4.39,0.131922,0.82835,10.3401,10.8756
4.392,0.153398,0.852893,10.3799,11.0152
4.394,0.171806,0.880505,10.2623,11.2943
4.396,0.190214,0.905049,10.1565,11.3921
4.398,0.205553,0.929592,9.90781,11.48
4.4,0.223961,0.957204,9.83741,11.7126
4.402,0.242369,0.984816,9.77406,11.9219
4.404,0.260777,1.00936,9.71704,11.9569
4.406,0.276117,1.03697,9.51233,12.1418
4.408,0.291456,1.06765,9.32809,12.4616
4.41,0.309864,1.09526,9.31567,12.596
4.412,0.325204,1.12287,9.15109,12.717
4.414,0.340544,1.15049,9.00297,12.8259
4.416,0.355884,1.18117,8.86966,13.0773
4.418,0.371223,1.21184,8.74969,13.3035
4.42,0.386563,1.24252,8.64171,13.5072
4.422,0.398835,1.27014,8.39113,13.537
4.424,0.414175,1.30082,8.31901,13.7173
4.426,0.426447,1.33456,8.1007,14.033
4.428,0.438719,1.36524,7.90422,14.1636
4.43,0.45099,1.39592,7.72739,14.2813
4.432,0.46633,1.42967,7.72164,14.5405
4.434,0.475534,1.46342,7.40967,14.7738
4.436,0.487806,1.49717,7.2823,14.9838
4.438,0.500078,1.53091,7.16766,15.1728
4.44,0.51235,1.56466,7.06449,15.3429
4.442,0.521553,1.59841,6.81823,15.496
4.444,0.530757,1.63522,6.5966,15.7872
4.446,0.543029,1.67204,6.55054,16.0492
4.448,0.549165,1.70885,6.20228,16.2851
4.45,0.558369,1.74567,6.04224,16.4974
4.452,0.567573,1.78249,5.89821,16.6884
4.454,0.573709,1.82237,5.61519,17.0137
4.456,0.582913,1.85918,5.51386,17.1531
4.458,0.585981,1.89907,5.11588,17.432
4.46,0.592117,1.94202,4.91108,17.8364
4.462,0.598253,1.9819,4.72677,18.0469
4.464,0.60132,2.02485,4.40749,18.3898
4.466,0.607456,2.06474,4.27354,18.545
4.468,0.607456,2.11076,3.84619,18.9915
4.47,0.610524,2.15371,3.61497,19.2399
4.472,0.610524,2.19973,3.25347,19.6169
4.474,0.610524,2.24575,2.92812,19.9562
4.476,0.610524,2.29177,2.63531,20.2615
4.478,0.607456,2.34085,2.21838,20.6897
4.48,0.604388,2.38994,1.84314,21.0751
4.482,0.60132,2.43903,1.50543,21.422
4.484,0.595185,2.49118,1.04809,21.8876
4.486,0.589049,2.54334,0.636487,22.3066
4.488,0.579845,2.59856,0.112644,22.8371
4.49,0.570641,2.65685,-0.358814,23.4679
4.492,0.558369,2.71208,-0.936525,23.8823
4.494,0.546097,2.77344,-1.45647,24.562
4.496,0.530757,2.8348,-2.07781,25.1738
4.498,0.51235,2.89616,-2.79042,25.7244
4.5,0.49701,2.96058,-3.27837,26.3733
4.502,0.475534,3.02501,-4.02432,26.9573
4.504,0.457126,3.09251,-4.54227,27.6364
4.506,0.435651,-3.12625,-5.16183,28.0941
4.508,0.414175,-3.05876,-5.71943,28.6594
4.51,0.395767,-2.99126,-6.06788,29.1682
4.512,0.377359,-2.92684,-6.38148,29.4728
4.514,0.358952,-2.86241,-6.66372,29.7469
4.516,0.343612,-2.80105,-6.76434,29.8401
4.518,0.328272,-2.73969,-6.8549,29.9241
4.52,0.312932,-2.6814,-6.9364,29.8462
4.522,0.30066,-2.62311,-6.85635,29.7762
4.524,0.288388,-2.56175,-6.78431,29.8665
4.526,0.279185,-2.50652,-6.56607,29.641
4.528,0.269981,-2.4513,-6.36966,29.4381
4.53,0.263845,-2.39608,-6.03949,29.2555
4.532,0.254641,-2.34392,-5.89573,28.9377
4.534,0.251573,-2.29484,-5.45956,28.4983
4.536,0.248505,-2.24575,-5.067,28.1028
4.538,0.242369,-2.19359,-4.8671,27.9003
4.54,0.239301,-2.14451,-4.53378,27.5646
4.542,0.239301,-2.09849,-4.08041,27.1091
4.544,0.236233,-2.0494,-3.82576,26.8526
4.546,0.236233,-2.00645,-3.44319,26.3149
4.548,0.236233,-1.96043,-3.09887,25.9844
4.55,0.239301,-1.91748,-2.63558,25.5335
4.552,0.239301,-1.87146,-2.37203,25.2811
4.554,0.242369,-1.82851,-1.98142,24.9006
4.556,0.242369,-1.78555,-1.78328,24.5581
4.558,0.248505,-1.7426,-1.29816,24.2499
4.56,0.251573,-1.70272,-1.01494,23.8191
4.562,0.254641,-1.66284,-0.760052,23.4313
4.564,0.260777,-1.62295,-0.37725,23.0824
4.566,0.266913,-1.58307,-0.032729,22.7683
4.568,0.273049,-1.54318,0.27734,22.4857
4.57,0.279185,-1.5033,0.556402,22.2313
4.572,0.28532,-1.46649,0.807558,21.8489
4.574,0.291456,-1.42967,1.0336,21.5048
4.576,0.30066,-1.39285,1.39043,21.1951
4.578,0.309864,-1.35604,1.71158,20.9164
4.58,0.319068,-1.31922,2.00062,20.6655
4.582,0.328272,-1.28241,2.26075,20.4397
4.584,0.337476,-1.24559,2.49487,20.2365
4.586,0.34668,-1.21184,2.70558,19.9003
4.588,0.358952,-1.17503,3.04861,19.751
4.59,0.368155,-1.14128,3.20395,19.4633
4.592,0.380427,-1.10753,3.49714,19.2043
4.594,0.389631,-1.07072,3.60762,19.1247
4.596,0.401903,-1.03697,3.86045,18.8996
4.598,0.414175,-1.00322,4.088,18.697
4.6,0.429515,-0.969476,4.44619,18.5147
4.602,0.441786,-0.938796,4.61516,18.1972
4.604,0.454058,-0.905049,4.76724,18.0649
4.606,0.469398,-0.871301,5.05751,17.9458
4.608,0.484738,-0.840621,5.31875,17.6852
4.61,0.49701,-0.806874,5.40046,17.604
4.612,0.51235,-0.776194,5.62741,17.3776
4.614,0.527689,-0.742447,5.83166,17.3272
4.616,0.543029,-0.711767,6.01548,17.1285
4.618,0.558369,-0.681087,6.18092,16.9496
4.62,0.576777,-0.650408,6.48322,16.7886
4.622,0.592117,-0.619728,6.60189,16.6437
4.624,0.610524,-0.585981,6.86209,16.6668
4.626,0.625864,-0.555301,6.94287,16.5341
4.628,0.644272,-0.524621,7.16897,16.4146
4.63,0.659612,-0.49701,7.21906,16.1538
4.632,0.681087,-0.46633,7.57094,16.0724
4.634,0.696427,-0.435651,7.58084,15.9991
4.636,0.717903,-0.404971,7.89654,15.9332
4.638,0.733243,-0.377359,7.87388,15.7204
4.64,0.754719,-0.34668,8.16028,15.6824
4.642,0.773126,-0.316,8.26464,15.6481
4.644,0.791534,-0.288388,8.35856,15.4639
4.646,0.809942,-0.257709,8.4431,15.4515
4.648,0.82835,-0.230097,8.51917,15.2869
4.65,0.849825,-0.202485,8.74104,15.1388
4.652,0.868233,-0.171806,8.78733,15.1589
4.654,0.880505,-0.144194,8.52219,15.0236
4.656,0.871301,-0.116583,7.20977,14.9018
4.658,0.843689,-0.0920388,5.10821,14.6388
4.66,0.822214,-0.0674952,3.52361,14.4021
4.662,0.816078,-0.0460194,2.86445,14.0357
4.664,0.825282,-0.0306796,3.0382,13.3991
4.666,0.831418,-0.0122718,3.04117,12.9796
4.668,0.834486,0.00306796,2.89046,12.4486
4.67,0.837554,0.0122718,2.75481,11.664
4.672,0.837554,0.0214757,2.47933,10.9578
4.674,0.834486,0.0306796,2.078,10.3222
4.676,0.831418,0.0337476,1.7168,9.44336
4.678,0.82835,0.0398835,1.39172,8.80582
4.68,0.819146,0.0398835,0.792354,7.92524
4.682,0.809942,0.0398835,0.252925,7.13271
4.684,0.800738,0.0368155,-0.232562,6.26604
4.686,0.785398,0.0306796,-0.976296,5.33264
4.688,0.773126,0.0245437,-1.49226,4.49258
4.69,0.757787,0.0153398,-2.11002,3.58313
4.692,0.739379,0.00306796,-2.81941,2.61122
4.694,0.720971,-0.00920388,-3.45786,1.73651
4.696,0.702563,-0.0214757,-4.03246,0.949266
4.698,0.681087,-0.0337476,-4.703,0.240747
4.7,0.659612,-0.0490874,-5.30649,-0.550318
4.702,0.638136,-0.0644272,-5.84962,-1.26228
4.704,0.613592,-0.079767,-6.49185,-1.90304
4.706,0.592117,-0.0981748,-6.91645,-2.63312
4.708,0.570641,-0.113515,-7.29859,-3.1368
4.71,0.549165,-0.131922,-7.64252,-3.74351
4.712,0.524621,-0.147262,-8.10545,-4.13615
4.714,0.506214,-0.162602,-8.21529,-4.48952
4.716,0.490874,-0.177942,-8.16076,-4.80756
4.718,0.475534,-0.193282,-8.11167,-5.0938
4.72,0.454058,-0.205553,-8.37429,-5.19801
4.722,0.432583,-0.223961,-8.61065,-5.5986
4.724,0.411107,-0.236233,-8.82337,-5.65233
4.726,0.389631,-0.254641,-9.01482,-6.00749
4.728,0.368155,-0.269981,-9.18712,-6.17373
4.73,0.34668,-0.28532,-9.3422,-6.32334
4.732,0.325204,-0.30066,-9.48176,-6.458
4.734,0.303728,-0.316,-9.60737,-6.57919
4.736,0.282252,-0.334408,-9.72042,-6.84166
4.738,0.260777,-0.349748,-9.82217,-6.92448
4.74,0.239301,-0.365087,-9.91374,-6.99903
4.742,0.217825,-0.383495,-9.99615,-7.21951
4.744,0.19635,-0.401903,-10.0703,-7.41795
4.746,0.177942,-0.417243,-9.98368,-7.44315
4.748,0.156466,-0.435651,-10.0591,-7.61922
4.75,0.13499,-0.454058,-10.127,-7.77769
4.752,0.116583,-0.472466,-10.0347,-7.92031
4.754,0.0951068,-0.490874,-10.105,-8.04866
4.756,0.0736311,-0.509282,-10.1683,-8.16419
4.758,0.0552233,-0.527689,-10.0718,-8.26816
4.76,0.0337476,-0.549165,-10.1384,-8.51513
4.762,0.0153398,-0.567573,-10.045,-8.584
4.764,-0.00306796,-0.589049,-9.96087,-8.79939
4.766,-0.0214757,-0.607456,-9.88517,-8.83984
4.768,-0.0398835,-0.628932,-9.81704,-9.02964
4.77,-0.0613592,-0.650408,-9.90913,-9.20046
4.772,-0.079767,-0.671884,-9.8386,-9.3542
4.774,-0.0981748,-0.693359,-9.77513,-9.49257
4.776,-0.116583,-0.714835,-9.71801,-9.6171
4.778,-0.13499,-0.736311,-9.66659,-9.72918
4.78,-0.15033,-0.760854,-9.46693,-9.98344
4.782,-0.168738,-0.78233,-9.44062,-10.0589
4.784,-0.187146,-0.806874,-9.41695,-10.2802
4.786,-0.205553,-0.831418,-9.39564,-10.4793
4.788,-0.223961,-0.852893,-9.37647,-10.5052
4.79,-0.239301,-0.877437,-9.20581,-10.6819
4.792,-0.257709,-0.901981,-9.20562,-10.8409
4.794,-0.273049,-0.929592,-9.05205,-11.1374
4.796,-0.288388,-0.954136,-8.91383,-11.2508
4.798,-0.306796,-0.97868,-8.94284,-11.3529
4.8,-0.322136,-1.00629,-8.81554,-11.5982
4.802,-0.337476,-1.03084,-8.70098,-11.6656
4.804,-0.352816,-1.05845,-8.59787,-11.8796
4.806,-0.368155,-1.08606,-8.50508,-12.0722
4.808,-0.380427,-1.11367,-8.26816,-12.2456
4.81,-0.395767,-1.14128,-8.20833,-12.4016
4.812,-0.411107,-1.17196,-8.15449,-12.6954
4.814,-0.423379,-1.19957,-7.95263,-12.8065
4.816,-0.435651,-1.22718,-7.77096,-12.9064
4.818,-0.45099,-1.25786,-7.76086,-13.1497
4.82,-0.463262,-1.28854,-7.59836,-13.3687
4.822,-0.475534,-1.31922,-7.45212,-13.5659
4.824,-0.487806,-1.34684,-7.3205,-13.5899
4.826,-0.500078,-1.38058,-7.20204,-13.9182
4.828,-0.509282,-1.41126,-6.94203,-14.0604
4.83,-0.521553,-1.44194,-6.86142,-14.1883
4.832,-0.530757,-1.47569,-6.63547,-14.4569
4.834,-0.543029,-1.50637,-6.58552,-14.5452
4.836,-0.552233,-1.54012,-6.38716,-14.778
4.838,-0.561437,-1.57386,-6.20864,-14.9876
4.84,-0.570641,-1.61068,-6.04797,-15.3296
4.842,-0.579845,-1.64443,-5.90337,-15.484
4.844,-0.589049,-1.68124,-5.77322,-15.7764
4.846,-0.595185,-1.71499,-5.5027,-15.8862
4.848,-0.604388,-1.75181,-5.41262,-16.1383
4.85,-0.610524,-1.78862,-5.17816,-16.3653
4.852,-0.61666,-1.82544,-4.96714,-16.5695
4.854,-0.622796,-1.86532,-4.77722,-16.9067
4.856,-0.628932,-1.9052,-4.60629,-17.2102
4.858,-0.632,-1.94509,-4.29906,-17.4834
4.86,-0.638136,-1.98497,-4.17595,-17.7292
4.862,-0.641204,-2.02485,-3.91176,-17.9505
4.864,-0.641204,-2.06781,-3.52058,-18.303
4.866,-0.644272,-2.10769,-3.32192,-18.4669
4.868,-0.644272,-2.15064,-2.98973,-18.7678
4.87,-0.644272,-2.19666,-2.69075,-19.192
4.872,-0.644272,-2.23961,-2.42168,-19.4203
4.874,-0.644272,-2.28563,-2.17951,-19.7793
4.876,-0.641204,-2.33472,-1.80816,-20.2557
4.878,-0.638136,-2.38074,-1.47395,-20.5311
4.88,-0.632,-2.42983,-1.01976,-20.9324
4.882,-0.625864,-2.48198,-0.610985,-21.4469
4.884,-0.61666,-2.53414,-0.0896924,-21.91
4.886,-0.607456,-2.58629,0.379471,-22.3267
4.888,-0.598253,-2.64151,0.801718,-22.8552
4.89,-0.585981,-2.69674,1.33514,-23.3309
4.892,-0.573709,-2.75503,1.81522,-23.9124
4.894,-0.558369,-2.81332,2.40069,-24.4357
4.896,-0.543029,-2.87468,2.92761,-25.0601
4.898,-0.521553,-2.93911,3.70863,-25.7754
4.9,-0.503146,-3.00353,4.25816,-26.4192
4.902,-0.48167,-3.06796,4.90613,-26.9987
4.904,-0.460194,-3.13239,5.4893,-27.5202
4.906,-0.435651,3.0833,6.16756,-28.1429
4.908,-0.417243,3.01887,6.47119,-28.55
4.91,-0.395767,2.95138,6.89786,-29.0697
4.912,-0.374291,2.88695,7.28186,-29.3841
4.914,-0.355884,2.82559,7.47406,-29.5137
4.916,-0.337476,2.76423,7.64704,-29.6303
4.918,-0.322136,2.70594,7.64933,-29.5818
4.92,-0.306796,2.64458,7.65139,-29.6916
4.922,-0.294524,2.58936,7.49984,-29.4836
4.924,-0.282252,2.53107,7.36345,-29.4498
4.926,-0.269981,2.47278,7.2407,-29.4194
4.928,-0.260777,2.42062,6.97682,-29.0852
4.93,-0.251573,2.36847,6.73933,-28.7845
4.932,-0.245437,2.31631,6.3722,-28.5138
4.934,-0.239301,2.26722,6.04177,-28.1168
4.936,-0.233165,2.21814,5.74439,-27.7595
4.938,-0.227029,2.16905,5.47675,-27.4379
4.94,-0.223961,2.12303,5.08247,-26.9951
4.942,-0.220893,2.07394,4.72762,-26.7499
4.944,-0.220893,2.02792,4.25486,-26.3759
4.946,-0.217825,1.98497,3.98277,-25.8859
4.948,-0.217825,1.93895,3.5845,-25.5983
4.95,-0.217825,1.896,3.22605,-25.186
4.952,-0.217825,1.85305,2.90344,-24.815
4.954,-0.217825,1.8101,2.6131,-24.4811
4.956,-0.220893,1.77021,2.19839,-24.0271
4.958,-0.223961,1.73033,1.82515,-23.6186
4.96,-0.223961,1.68738,1.64264,-23.4043
4.962,-0.227029,1.6475,1.32498,-23.0581
4.964,-0.233165,1.61068,0.885681,-22.593
4.966,-0.236233,1.5708,0.643715,-22.3279
4.968,-0.242369,1.53091,0.272548,-22.0893
4.97,-0.248505,1.4941,-0.0615033,-21.7211
4.972,-0.251573,1.45728,-0.208751,-21.3898
4.974,-0.257709,1.42047,-0.494672,-21.0916
4.976,-0.263845,1.38365,-0.752001,-20.8232
4.978,-0.273049,1.3499,-1.137,-20.4283
4.98,-0.279185,1.31309,-1.33009,-20.2262
4.982,-0.28532,1.27934,-1.50388,-19.891
4.984,-0.294524,1.24559,-1.81369,-19.5893
4.986,-0.303728,1.20878,-2.09251,-19.4711
4.988,-0.309864,1.17503,-2.19006,-19.2114
4.99,-0.322136,1.14128,-2.58464,-18.9776
4.992,-0.33134,1.10753,-2.78637,-18.7672
4.994,-0.340544,1.07685,-2.96793,-18.4245
4.996,-0.349748,1.04311,-3.13133,-18.2694
4.998,-0.362019,1.00936,-3.43179,-18.1299
5,-0.371223,0.97868,-3.54881,-17.8509
5.002,-0.383495,0.948,-3.80752,-17.5997
5.004,-0.395767,0.914253,-4.04036,-17.5272
5.006,-0.408039,0.883573,-4.24991,-17.3084
5.008,-0.420311,0.852893,-4.43852,-17.1116
5.01,-0.432583,0.822214,-4.60826,-16.9344
5.012,-0.444854,0.791534,-4.76102,-16.7749
5.014,-0.460194,0.760854,-5.05191,-16.6314
5.016,-0.472466,0.730175,-5.16031,-16.5023
5.018,-0.487806,0.699495,-5.41127,-16.386
5.02,-0.503146,0.668816,-5.63713,-16.2814
5.022,-0.515418,0.638136,-5.68701,-16.1872
5.024,-0.530757,0.610524,-5.8853,-15.9491
5.026,-0.546097,0.579845,-6.06376,-15.8882
5.028,-0.561437,0.549165,-6.22438,-15.8333
5.03,-0.579845,0.521553,-6.52233,-15.6306
5.032,-0.595185,0.490874,-6.63709,-15.6015
5.034,-0.610524,0.463262,-6.74037,-15.4219
5.036,-0.625864,0.432583,-6.83332,-15.4137
5.038,-0.644272,0.404971,-7.07038,-15.2529
5.04,-0.659612,0.377359,-7.13033,-15.1082
5.042,-0.67802,0.34668,-7.33769,-15.1314
5.044,-0.693359,0.319068,-7.37091,-14.9988
5.046,-0.711767,0.291456,-7.5542,-14.8795
5.048,-0.730175,0.263845,-7.71917,-14.7722
5.05,-0.745515,0.236233,-7.71425,-14.6755
5.052,-0.763922,0.208621,-7.86321,-14.5886
5.054,-0.78233,0.18101,-7.99728,-14.5103
5.056,-0.800738,0.153398,-8.11794,-14.4398
5.058,-0.81301,0.125786,-7.91974,-14.3764
5.06,-0.800738,0.0981748,-6.51417,-14.3194
5.062,-0.773126,0.0736311,-4.48217,-14.1146
5.064,-0.742447,0.0490874,-2.49997,-13.9303
5.066,-0.733243,0.0306796,-1.78978,-13.4577
5.068,-0.739379,0.0153398,-1.9176,-12.8789
5.07,-0.742447,-0.00306796,-1.87924,-12.5114
5.072,-0.748583,-0.0153398,-1.99811,-11.8739
5.074,-0.751651,-0.0245437,-1.9517,-11.1467
5.076,-0.751651,-0.0368155,-1.75653,-10.6456
5.078,-0.748583,-0.0429515,-1.42748,-9.88783
5.08,-0.745515,-0.0460194,-1.13133,-9.05245
5.082,-0.739379,-0.0490874,-0.711402,-8.3006
5.084,-0.733243,-0.0521553,-0.333465,-7.62394
5.086,-0.724039,-0.0490874,0.160076,-6.70815
5.088,-0.711767,-0.0460194,0.75766,-5.88394
5.09,-0.699495,-0.0429515,1.29549,-5.14214
5.092,-0.684155,-0.0337476,1.93293,-4.16773
5.094,-0.668816,-0.0276117,2.50663,-3.44417
5.096,-0.650408,-0.0153398,3.17635,-2.48616
5.098,-0.628932,-0.00306796,3.9325,-1.62395
5.1,-0.607456,0.00920388,4.61304,-0.847961
5.102,-0.585981,0.0245437,5.22552,0.0038252
5.104,-0.564505,0.0398835,5.77676,0.770433
5.106,-0.543029,0.0552233,6.27287,1.46038
5.108,-0.518486,0.0705631,6.87277,2.08133
5.11,-0.493942,0.0859029,7.41267,2.64019
5.112,-0.472466,0.104311,7.74519,3.29656
5.114,-0.447922,0.119651,8.19786,3.73389
5.116,-0.429515,0.138058,8.29846,4.28089
5.118,-0.411107,0.153398,8.389,4.61979
5.12,-0.395767,0.171806,8.31709,5.0782
5.122,-0.383495,0.187146,8.09898,5.33737
5.124,-0.374291,0.202485,7.74927,5.57063
5.126,-0.349748,0.217825,8.20153,5.78055
5.128,-0.328272,0.233165,8.45516,5.96949
5.13,-0.306796,0.248505,8.68343,6.13953
5.132,-0.28532,0.263845,8.88888,6.29257
5.134,-0.263845,0.279185,9.07378,6.4303
5.136,-0.242369,0.297592,9.24018,6.70766
5.138,-0.220893,0.312932,9.38995,6.80388
5.14,-0.199418,0.328272,9.52474,6.89049
5.142,-0.177942,0.34668,9.64606,7.12183
5.144,-0.159534,0.362019,9.60184,7.17663
5.146,-0.138058,0.377359,9.71544,7.22596
5.148,-0.116583,0.395767,9.81768,7.42375
5.15,-0.0951068,0.414175,9.9097,7.60177
5.152,-0.0736311,0.432583,9.99252,7.76198
5.154,-0.0552233,0.447922,9.91366,7.75277
5.156,-0.0337476,0.469398,9.99608,8.05128
5.158,-0.0122718,0.484738,10.0703,8.01314
5.16,0.00613592,0.506214,9.98362,8.28561
5.162,0.0276117,0.524621,10.059,8.37744
5.164,0.0460194,0.543029,9.97353,8.46009
5.166,0.0674952,0.564505,10.05,8.68786
5.168,0.0859029,0.582913,9.96535,8.73947
5.17,0.107379,0.604388,10.0426,8.93931
5.172,0.125786,0.625864,9.95873,9.11916
5.174,0.144194,0.64734,9.88325,9.28103
5.176,0.16567,0.668816,9.96871,9.42672
5.178,0.184078,0.690291,9.89223,9.55783
5.18,0.202485,0.711767,9.82339,9.67583
5.182,0.220893,0.733243,9.76144,9.78204
5.184,0.239301,0.757787,9.70569,10.031
5.186,0.254641,0.779262,9.50211,10.1017
5.188,0.273049,0.803806,9.47229,10.3187
5.19,0.291456,0.82835,9.44545,10.514
5.192,0.306796,0.849825,9.26789,10.5364
5.194,0.325204,0.874369,9.26149,10.71
5.196,0.340544,0.898913,9.10233,10.8661
5.198,0.358952,0.926524,9.11249,11.1601
5.2,0.374291,0.951068,8.96823,11.2713
5.202,0.389631,0.975612,8.8384,11.3713
5.204,0.404971,1.00322,8.72155,11.6148
5.206,0.420311,1.02777,8.61638,11.6805
5.208,0.435651,1.05538,8.52174,11.893
5.21,0.45099,1.08299,8.43655,12.0843
5.212,0.46633,1.1106,8.35989,12.2565
5.214,0.478602,1.13821,8.13749,12.4114
5.216,0.493942,1.16583,8.09073,12.5508
5.218,0.509282,1.19344,8.04865,12.6763
5.22,0.521553,1.22105,7.85738,12.7893
5.222,0.533825,1.25173,7.68523,13.0443
5.224,0.546097,1.28241,7.5303,13.2739
5.226,0.558369,1.31309,7.39086,13.4805
5.228,0.570641,1.3407,7.26537,13.513
5.23,0.582913,1.37445,7.15242,13.8491
5.232,0.595185,1.40513,7.05077,13.9982
5.234,0.604388,1.43581,6.80589,14.1323
5.236,0.61666,1.46955,6.73889,14.4065
5.238,0.625864,1.50023,6.5252,14.4998
5.24,0.635068,1.53398,6.33287,14.7372
5.242,0.644272,1.56773,6.15978,14.9509
5.244,0.656544,1.60148,6.15739,15.1432
5.246,0.66268,1.63829,5.84845,15.4696
5.248,0.671884,1.67511,5.7238,15.7634
5.25,0.67802,1.70885,5.45822,15.8745
5.252,0.687223,1.74567,5.37259,16.1278
5.254,0.693359,1.78249,5.14213,16.3558
5.256,0.699495,1.82237,4.93471,16.7144
5.258,0.705631,1.85918,4.74804,16.8837
5.26,0.708699,1.89907,4.42663,17.1895
5.262,0.714835,1.93895,4.29076,17.4648
5.264,0.717903,1.97884,4.01508,17.7125
5.266,0.720971,2.01872,3.76697,17.9354
5.268,0.720971,2.06167,3.39028,18.2894
5.27,0.724039,2.10462,3.20465,18.608
5.272,0.724039,2.14757,2.88418,18.8948
5.274,0.724039,2.19052,2.59576,19.1529
5.276,0.720971,2.23654,2.18279,19.5386
5.278,0.720971,2.28256,1.96451,19.8857
5.28,0.717903,2.33165,1.61466,20.3515
5.282,0.711767,2.38074,1.1464,20.7707
5.284,0.705631,2.42983,0.724963,21.148
5.286,0.699495,2.47891,0.345671,21.4876
5.288,0.690291,2.53107,-0.149091,21.9466
5.29,0.681087,2.58629,-0.594376,22.5131
5.292,0.671884,2.64151,-0.995132,23.023
5.294,0.656544,2.69981,-1.66261,23.6352
5.296,0.644272,2.7581,-2.10994,24.1863
5.298,0.625864,2.81639,-2.81934,24.6822
5.3,0.607456,2.87775,-3.45779,25.2819
5.302,0.589049,2.94218,-4.0324,25.9751
5.304,0.567573,3.0066,-4.70295,26.599
5.306,0.546097,3.07103,-5.30644,27.1604
5.308,0.524621,3.13852,-5.84958,27.8191
5.31,0.500078,-3.07717,-6.49181,28.412
5.312,0.478602,-3.01274,-6.91641,28.7921
5.314,0.457126,-2.94831,-7.29856,29.1343
5.316,0.438719,-2.88388,-7.48909,29.4422
5.318,0.420311,-2.81946,-7.66057,29.7194
5.32,0.401903,-2.76117,-7.8149,29.662
5.322,0.386563,-2.69981,-7.8004,29.7637
5.324,0.371223,-2.64151,-7.78735,29.7019
5.326,0.358952,-2.58322,-7.62221,29.6463
5.328,0.343612,-2.52493,-7.62698,29.5962
5.33,0.334408,-2.46971,-7.32448,29.3978
5.332,0.325204,-2.41449,-7.05222,29.2192
5.334,0.316,-2.3654,-6.80719,28.7516
5.336,0.309864,-2.31324,-6.43327,28.4842
5.338,0.303728,-2.26416,-6.09674,28.0902
5.34,0.297592,-2.21507,-5.79386,27.7355
5.342,0.291456,-2.16598,-5.52127,27.4163
5.344,0.288388,-2.11689,-5.12254,27.1291
5.346,0.28532,-2.07087,-4.76369,26.7171
5.348,0.28532,-2.02485,-4.28732,26.3464
5.35,0.282252,-1.9819,-4.01198,25.8593
5.352,0.282252,-1.93588,-3.61079,25.5744
5.354,0.282252,-1.89293,-3.24971,25.1645
5.356,0.282252,-1.84998,-2.92474,24.7956
5.358,0.282252,-1.80703,-2.63226,24.4636
5.36,0.28532,-1.76408,-2.21564,24.1648
5.362,0.288388,-1.72419,-1.84068,23.7425
5.364,0.288388,-1.68431,-1.65661,23.3625
5.366,0.291456,-1.64443,-1.33755,23.0204
5.368,0.294524,-1.60454,-1.0504,22.7125
5.37,0.30066,-1.56466,-0.638561,22.4354
5.372,0.303728,-1.52784,-0.421307,22.0327
5.374,0.309864,-1.49103,-0.07238,21.6702
5.376,0.316,-1.45421,0.241654,21.3439
5.378,0.322136,-1.4174,0.524285,21.0503
5.38,0.328272,-1.38058,0.778653,20.7861
5.382,0.337476,-1.34377,1.16098,20.5482
5.384,0.343612,-1.30695,1.35168,20.3342
5.386,0.349748,-1.27014,1.52331,20.1416
5.388,0.358952,-1.23639,1.83117,19.8148
5.39,0.368155,-1.20264,2.10825,19.5207
5.392,0.377359,-1.16889,2.35762,19.256
5.394,0.386563,-1.13515,2.58205,19.0178
5.396,0.395767,-1.09833,2.78404,18.9568
5.398,0.408039,-1.06458,3.11923,18.7485
5.4,0.417243,-1.03084,3.2675,18.561
5.402,0.426447,-1.00016,3.40094,18.2389
5.404,0.438719,-0.966408,3.67444,18.1024
5.406,0.45099,-0.935728,3.92059,17.8261
5.408,0.463262,-0.901981,4.14212,17.7309
5.41,0.475534,-0.871301,4.3415,17.4918
5.412,0.487806,-0.837554,4.52095,17.43
5.414,0.500078,-0.806874,4.68244,17.221
5.416,0.51235,-0.776194,4.82779,17.0328
5.418,0.524621,-0.745515,4.9586,16.8635
5.42,0.539961,-0.714835,5.22973,16.7112
5.422,0.555301,-0.684155,5.47375,16.574
5.424,0.567573,-0.653476,5.53997,16.4506
5.426,0.582913,-0.622796,5.75296,16.3395
5.428,0.598253,-0.592117,5.94466,16.2396
5.43,0.613592,-0.561437,6.11718,16.1496
5.432,0.628932,-0.530757,6.27245,16.0686
5.434,0.644272,-0.503146,6.4122,15.8423
5.436,0.659612,-0.472466,6.53797,15.7921
5.438,0.67802,-0.441786,6.80456,15.7468
5.44,0.693359,-0.414175,6.89109,15.5527
5.442,0.708699,-0.383495,6.96898,15.5315
5.444,0.727107,-0.355884,7.19247,15.3589
5.446,0.742447,-0.328272,7.24021,15.2036
5.448,0.760854,-0.297592,7.43658,15.2172
5.45,0.779262,-0.269981,7.61331,15.0761
5.452,0.794602,-0.242369,7.61897,14.949
5.454,0.81301,-0.214757,7.77746,14.8347
5.456,0.82835,-0.184078,7.7667,14.8852
5.458,0.843689,-0.156466,7.75702,14.7773
5.46,0.859029,-0.128854,7.74831,14.6801
5.462,0.849825,-0.104311,6.51329,14.4393
5.464,0.82835,-0.079767,4.78817,14.2226
5.466,0.809942,-0.0552233,3.38897,14.0275
5.468,0.803806,-0.0368155,2.74327,13.5451
5.47,0.81301,-0.0184078,2.92914,13.111
5.472,0.816078,-0.00306796,2.78962,12.5669
5.474,0.819146,0.00920388,2.66406,11.9238
5.476,0.819146,0.0214757,2.39765,11.345
5.478,0.819146,0.0306796,2.15789,10.6707
5.48,0.81301,0.0368155,1.6353,9.91043
5.482,0.806874,0.0398835,1.16498,9.07279
5.484,0.800738,0.0429515,0.741683,8.31891
5.486,0.791534,0.0460194,0.207321,7.64041
5.488,0.779262,0.0429515,-0.427004,6.72297
5.49,0.76699,0.0398835,-0.997896,5.89728
5.492,0.751651,0.0337476,-1.6651,5.00075
5.494,0.736311,0.0276117,-2.26558,4.19388
5.496,0.717903,0.0184078,-2.95941,3.3143
5.498,0.699495,0.00613592,-3.58386,2.36928
5.5,0.67802,-0.00613592,-4.29926,1.51876
5.502,0.656544,-0.0214757,-4.94312,0.599892
5.504,0.635068,-0.0337476,-5.52259,-0.0736897
5.506,0.610524,-0.0490874,-6.19752,-0.833311
5.508,0.585981,-0.0674952,-6.80495,-1.67037
5.51,0.561437,-0.082835,-7.35164,-2.27032
5.512,0.536893,-0.101243,-7.84366,-2.96368
5.514,0.51235,-0.119651,-8.28648,-3.5877
5.516,0.484738,-0.13499,-8.83841,-3.99592
5.518,0.460194,-0.153398,-9.18176,-4.51672
5.52,0.435651,-0.168738,-9.49077,-4.83203
5.522,0.414175,-0.187146,-9.61548,-5.26922
5.524,0.389631,-0.202485,-9.88111,-5.50929
5.526,0.365087,-0.217825,-10.1202,-5.72535
5.528,0.343612,-0.236233,-10.182,-6.0732
5.53,0.319068,-0.251573,-10.3909,-6.23287
5.532,0.294524,-0.266913,-10.579,-6.37658
5.534,0.269981,-0.28532,-10.7483,-6.65931
5.536,0.245437,-0.303728,-10.9007,-6.91376
5.538,0.223961,-0.319068,-10.8844,-6.98938
5.54,0.199418,-0.337476,-11.0231,-7.21083
5.542,0.174874,-0.355884,-11.148,-7.41013
5.544,0.153398,-0.374291,-11.107,-7.58951
5.546,0.128854,-0.392699,-11.2235,-7.75095
5.548,0.104311,-0.411107,-11.3283,-7.89624
5.55,0.082835,-0.429515,-11.2693,-8.02701
5.552,0.0582913,-0.447922,-11.3695,-8.14469
5.554,0.0337476,-0.469398,-11.4598,-8.40401
5.556,0.0122718,-0.487806,-11.3876,-8.484
5.558,-0.00920388,-0.509282,-11.3226,-8.70938
5.56,-0.0306796,-0.527689,-11.2641,-8.75883
5.562,-0.0552233,-0.549165,-11.3649,-8.95674
5.564,-0.076699,-0.570641,-11.3022,-9.13485
5.566,-0.0981748,-0.592117,-11.2458,-9.29515
5.568,-0.119651,-0.610524,-11.195,-9.28603
5.57,-0.141126,-0.635068,-11.1493,-9.58461
5.572,-0.162602,-0.656544,-11.1081,-9.69993
5.574,-0.18101,-0.67802,-10.9177,-9.80373
5.576,-0.202485,-0.702563,-10.8997,-10.0505
5.578,-0.223961,-0.724039,-10.8835,-10.1193
5.58,-0.242369,-0.748583,-10.7156,-10.3345
5.582,-0.260777,-0.770058,-10.5644,-10.3749
5.584,-0.282252,-0.794602,-10.5817,-10.5646
5.586,-0.30066,-0.819146,-10.444,-10.7353
5.588,-0.319068,-0.843689,-10.32,-10.8889
5.59,-0.337476,-0.871301,-10.2083,-11.1806
5.592,-0.358952,-0.895845,-10.2613,-11.2898
5.594,-0.374291,-0.920388,-10.0022,-11.388
5.596,-0.392699,-0.948,-9.92233,-11.6298
5.598,-0.411107,-0.975612,-9.85049,-11.8474
5.6,-0.429515,-1.00016,-9.78583,-11.8898
5.602,-0.444854,-1.02777,-9.57423,-12.0814
5.604,-0.463262,-1.05538,-9.5372,-12.2539
5.606,-0.478602,-1.08606,-9.35047,-12.5624
5.608,-0.49701,-1.11367,-9.33581,-12.6868
5.61,-0.51235,-1.14128,-9.16922,-12.7987
5.612,-0.527689,-1.17196,-9.01929,-13.0528
5.614,-0.543029,-1.20264,-8.88435,-13.2815
5.616,-0.558369,-1.23025,-8.76291,-13.3339
5.618,-0.570641,-1.26093,-8.50021,-13.5345
5.62,-0.585981,-1.29161,-8.41718,-13.715
5.622,-0.60132,-1.32536,-8.34245,-14.0309
5.624,-0.613592,-1.35604,-8.1218,-14.1618
5.626,-0.625864,-1.38672,-7.92321,-14.2796
5.628,-0.638136,-1.42047,-7.74448,-14.539
5.63,-0.650408,-1.45421,-7.58363,-14.7725
5.632,-0.66268,-1.48489,-7.43885,-14.8292
5.634,-0.674952,-1.51864,-7.30856,-15.0337
5.636,-0.687223,-1.55546,-7.1913,-15.3711
5.638,-0.696427,-1.5892,-6.93236,-15.5214
5.64,-0.705631,-1.62295,-6.69932,-15.6566
5.642,-0.717903,-1.65977,-6.64298,-15.9317
5.644,-0.727107,-1.69658,-6.43888,-16.1793
5.646,-0.736311,-1.7334,-6.25518,-16.4022
5.648,-0.742447,-1.77021,-5.93646,-16.6027
5.65,-0.751651,-1.80703,-5.80301,-16.7832
5.652,-0.757787,-1.84691,-5.5295,-17.0991
5.654,-0.763922,-1.8868,-5.28335,-17.3834
5.656,-0.770058,-1.92668,-5.06181,-17.6392
5.658,-0.776194,-1.96656,-4.86243,-17.8694
5.66,-0.78233,-2.00645,-4.68298,-18.0767
5.662,-0.785398,-2.0494,-4.36808,-18.4166
5.664,-0.788466,-2.09235,-4.08467,-18.7225
5.666,-0.791534,-2.1353,-3.8296,-18.9978
5.668,-0.791534,-2.18132,-3.44664,-19.399
5.67,-0.794602,-2.22427,-3.25537,-19.6067
5.672,-0.794602,-2.27029,-2.92984,-19.947
5.674,-0.791534,-2.31938,-2.48346,-20.4067
5.676,-0.791534,-2.36847,-2.23511,-20.8204
5.678,-0.788466,-2.41755,-1.8582,-21.1927
5.68,-0.78233,-2.46664,-1.36558,-21.5278
5.682,-0.776194,-2.5188,-0.92223,-21.9828
5.684,-0.770058,-2.57402,-0.523211,-22.5457
5.686,-0.760854,-2.62924,-0.0106956,-23.0523
5.688,-0.751651,-2.68447,0.450568,-23.5082
5.69,-0.739379,-2.74276,1.0191,-24.0719
5.692,-0.724039,-2.80105,1.68418,-24.5793
5.694,-0.708699,-2.86241,2.28276,-25.1893
5.696,-0.693359,-2.92684,2.82147,-25.8918
5.698,-0.674952,-2.99126,3.45971,-26.524
5.7,-0.653476,-3.05569,4.18753,-27.0929
5.702,-0.635068,-3.12318,4.68916,-27.7584
5.704,-0.613592,3.09557,5.29403,-28.2039
5.706,-0.592117,3.02808,5.83842,-28.7583
5.708,-0.573709,2.96058,6.17496,-29.2572
5.71,-0.555301,2.89616,6.47786,-29.5528
5.712,-0.536893,2.83173,6.75046,-29.8189
5.714,-0.521553,2.77037,6.8424,-29.905
5.716,-0.506214,2.71208,6.92515,-29.8291
5.718,-0.493942,2.65072,6.84623,-29.9141
5.72,-0.48167,2.59243,6.7752,-29.8373
5.722,-0.469398,2.53414,6.71127,-29.7681
5.724,-0.457126,2.47891,6.65374,-29.5525
5.726,-0.447922,2.42369,6.44856,-29.3584
5.728,-0.441786,2.36847,6.1105,-29.1837
5.73,-0.435651,2.31631,5.80624,-28.8731
5.732,-0.429515,2.26722,5.53242,-28.4402
5.734,-0.426447,2.21814,5.13257,-28.0505
5.736,-0.423379,2.16905,4.77271,-27.6998
5.738,-0.420311,2.11996,4.44884,-27.3842
5.74,-0.417243,2.07394,4.15735,-26.9468
5.742,-0.417243,2.02485,3.74162,-26.7065
5.744,-0.417243,1.9819,3.36746,-26.1834
5.746,-0.417243,1.93588,3.03071,-25.866
5.748,-0.417243,1.89293,2.72764,-25.427
5.75,-0.420311,1.84691,2.30148,-25.1853
5.752,-0.420311,1.80396,2.07133,-24.8143
5.754,-0.423379,1.76408,1.7108,-24.3271
5.756,-0.426447,1.72113,1.38632,-24.0419
5.758,-0.432583,1.68124,0.940893,-23.6319
5.76,-0.435651,1.63829,0.693405,-23.4163
5.762,-0.441786,1.59841,0.317269,-23.0688
5.764,-0.444854,1.55852,0.132144,-22.7561
5.766,-0.45099,1.52171,-0.187867,-22.3213
5.768,-0.457126,1.48183,-0.475876,-22.0833
5.77,-0.463262,1.44501,-0.735085,-21.7158
5.772,-0.472466,1.40819,-1.12177,-21.385
5.774,-0.478602,1.37138,-1.31639,-21.0873
5.776,-0.487806,1.33456,-1.64494,-20.8193
5.778,-0.49701,1.29775,-1.94064,-20.5782
5.78,-0.506214,1.26093,-2.20677,-20.3611
5.782,-0.51235,1.22718,-2.29289,-20.0124
5.784,-0.521553,1.19037,-2.5238,-19.8519
5.786,-0.533825,1.15662,-2.88501,-19.5541
5.788,-0.543029,1.12287,-3.0567,-19.2861
5.79,-0.555301,1.08606,-3.36463,-19.1982
5.792,-0.567573,1.05231,-3.64176,-18.9658
5.794,-0.579845,1.02163,-3.89117,-18.6032
5.796,-0.592117,0.987884,-4.11565,-18.4303
5.798,-0.604388,0.954136,-4.31767,-18.2746
5.8,-0.61666,0.920388,-4.4995,-18.1345
5.802,-0.628932,0.889709,-4.66314,-17.8551
5.804,-0.641204,0.855961,-4.81042,-17.7569
5.806,-0.656544,0.825282,-5.09637,-17.5152
5.808,-0.671884,0.791534,-5.35372,-17.4511
5.81,-0.687223,0.760854,-5.58534,-17.2399
5.812,-0.702563,0.727107,-5.7938,-17.2033
5.814,-0.714835,0.696427,-5.82801,-17.017
5.816,-0.730175,0.665748,-6.0122,-16.8493
5.818,-0.748583,0.635068,-6.33137,-16.6983
5.82,-0.763922,0.604388,-6.46522,-16.5625
5.822,-0.78233,0.573709,-6.73909,-16.4402
5.824,-0.79767,0.543029,-6.83217,-16.3302
5.826,-0.816078,0.51235,-7.06934,-16.2311
5.828,-0.834486,0.48167,-7.2828,-16.142
5.83,-0.849825,0.45099,-7.32151,-16.0618
5.832,-0.868233,0.420311,-7.50974,-15.9896
5.834,-0.886641,0.392699,-7.67916,-15.7712
5.836,-0.905049,0.362019,-7.83163,-15.7281
5.838,-0.923456,0.33134,-7.96886,-15.6892
5.84,-0.944932,0.303728,-8.24576,-15.5009
5.842,-0.96334,0.273049,-8.34157,-15.4848
5.844,-0.981748,0.242369,-8.4278,-15.4703
5.846,-1.00016,0.214757,-8.50541,-15.3038
5.848,-1.02163,0.187146,-8.72866,-15.154
5.85,-1.04004,0.156466,-8.77618,-15.1726
5.852,-1.05538,0.128854,-8.66555,-15.0359
5.854,-1.04311,0.101243,-7.1854,-14.9129
5.856,-1.0155,0.0736311,-5.08628,-14.8022
5.858,-0.990952,0.0490874,-3.35047,-14.5492
5.86,-0.981748,0.0276117,-2.55523,-14.168
5.862,-0.987884,0.00920388,-2.6065,-13.6716
5.864,-0.997088,-0.00920388,-2.80604,-13.2249
5.866,-1.00322,-0.0214757,-2.83224,-12.516
5.868,-1.00629,-0.0337476,-2.70241,-11.878
5.87,-1.00629,-0.0460194,-2.43217,-11.3038
5.872,-1.00629,-0.0552233,-2.18895,-10.6336
5.874,-1.00629,-0.0613592,-1.97006,-9.87701
5.876,-1.00016,-0.0644272,-1.46626,-9.04271
5.878,-0.997088,-0.0674952,-1.16623,-8.29184
5.88,-0.987884,-0.0674952,-0.589414,-7.46265
5.882,-0.97868,-0.0674952,-0.0702787,-6.71639
5.884,-0.966408,-0.0613592,0.550341,-5.73795
5.886,-0.954136,-0.0552233,1.1089,-4.85736
5.888,-0.938796,-0.0490874,1.765,-4.06483
5.89,-0.920388,-0.0398835,2.50889,-3.19815
5.892,-0.901981,-0.0276117,3.17839,-2.26474
5.894,-0.883573,-0.0153398,3.78094,-1.42468
5.896,-0.862097,-0.00306796,4.47663,-0.668618
5.898,-0.840621,0.0122718,5.10275,0.165234
5.9,-0.819146,0.0245437,5.66627,0.762303
5.902,-0.79767,0.0398835,6.17343,1.45306
5.904,-0.776194,0.0582913,6.62987,2.22815
5.906,-0.751651,0.0736311,7.19407,2.77232
5.908,-0.730175,0.0889709,7.54845,3.26208
5.91,-0.708699,0.107379,7.86739,3.85626
5.912,-0.690291,0.122718,8.00104,4.23762
5.914,-0.671884,0.138058,8.12132,4.58085
5.916,-0.659612,0.153398,7.92278,4.88976
5.918,-0.64734,0.168738,7.7441,5.16777
5.92,-0.635068,0.184078,7.58328,5.41799
5.922,-0.625864,0.199418,7.28515,5.64318
5.924,-0.604388,0.211689,7.63042,5.69245
5.926,-0.582913,0.223961,7.94116,5.7368
5.928,-0.564505,0.239301,8.06743,5.93011
5.93,-0.543029,0.254641,8.33448,6.10409
5.932,-0.521553,0.266913,8.57482,6.10727
5.934,-0.503146,0.282252,8.63772,6.26354
5.936,-0.484738,0.297592,8.69434,6.40417
5.938,-0.463262,0.309864,8.89869,6.37735
5.94,-0.444854,0.325204,8.92921,6.5066
5.942,-0.423379,0.340544,9.11008,6.62293
5.944,-0.404971,0.355884,9.11946,6.72763
5.946,-0.386563,0.371223,9.1279,6.82186
5.948,-0.365087,0.389631,9.2889,7.06006
5.95,-0.34668,0.404971,9.2804,7.12104
5.952,-0.328272,0.420311,9.27274,7.17593
5.954,-0.309864,0.438719,9.26586,7.37873
5.956,-0.288388,0.454058,9.41306,7.40784
5.958,-0.269981,0.472466,9.39214,7.58745
5.96,-0.251573,0.490874,9.37332,7.74909
5.962,-0.233165,0.506214,9.35637,7.74117
5.964,-0.211689,0.527689,9.49452,8.04084
5.966,-0.193282,0.546097,9.46546,8.15715
5.968,-0.174874,0.564505,9.4393,8.26182
5.97,-0.156466,0.582913,9.41576,8.35603
5.972,-0.138058,0.604388,9.39457,8.59421
5.974,-0.119651,0.622796,9.3755,8.65518
5.976,-0.101243,0.644272,9.35834,8.86345
5.978,-0.082835,0.66268,9.3429,8.89749
5.98,-0.0644272,0.684155,9.32899,9.08153
5.982,-0.0490874,0.705631,9.16309,9.24716
5.984,-0.0306796,0.727107,9.16717,9.39623
5.986,-0.0122718,0.748583,9.17084,9.5304
5.988,0.00613592,0.773126,9.17414,9.80454
5.99,0.0214757,0.794602,9.02372,9.89787
5.992,0.0368155,0.816078,8.88834,9.98187
5.994,0.0552233,0.840621,8.91989,10.2109
5.996,0.0705631,0.865165,8.79489,10.417
5.998,0.0859029,0.886641,8.68239,10.4491
6,0.104311,0.911185,8.73454,10.6313
6.002,0.119651,0.935728,8.62808,10.7954
6.004,0.131922,0.96334,8.37886,11.0964
6.006,0.147262,0.987884,8.30797,11.214
6.008,0.162602,1.01243,8.24416,11.3198
6.01,0.177942,1.04004,8.18674,11.5684
6.012,0.193282,1.06458,8.13505,11.6387
6.014,0.205553,1.09219,7.93514,11.8554
6.016,0.220893,1.11981,7.90862,12.0505
6.018,0.233165,1.14742,7.73135,12.226
6.02,0.248505,1.17503,7.7252,12.384
6.022,0.260777,1.20264,7.56627,12.5262
6.024,0.273049,1.23025,7.42324,12.6541
6.026,0.28532,1.26093,7.29451,12.9227
6.028,0.297592,1.28854,7.17865,13.011
6.03,0.309864,1.31922,7.07438,13.2439
6.032,0.322136,1.3499,6.98053,13.4535
6.034,0.33134,1.38058,6.74267,13.6421
6.036,0.343612,1.41126,6.682,13.8119
6.038,0.352816,1.44194,6.47399,13.9647
6.04,0.365087,1.47569,6.44019,14.2556
6.042,0.374291,1.50637,6.25636,14.364
6.044,0.383495,1.54012,6.09092,14.615
6.046,0.392699,1.57386,5.94202,14.8409
6.048,0.401903,1.60761,5.80801,15.0442
6.05,0.411107,1.64136,5.68741,15.2271
6.052,0.417243,1.67817,5.42546,15.5452
6.054,0.426447,1.71192,5.34311,15.678
6.056,0.432583,1.74874,5.1156,15.951
6.058,0.438719,1.78555,4.91083,16.1967
6.06,0.444854,1.82237,4.72654,16.4178
6.062,0.45099,1.86225,4.56069,16.7702
6.064,0.454058,1.89907,4.25802,16.934
6.066,0.457126,1.93895,3.98561,17.2347
6.068,0.460194,1.97884,3.74045,17.5054
6.07,0.463262,2.02179,3.5198,17.9025
6.072,0.46633,2.06167,3.32122,18.1064
6.074,0.46633,2.10462,2.9891,18.4433
6.076,0.46633,2.14757,2.69019,18.7466
6.078,0.46633,2.19052,2.42117,19.0195
6.08,0.46633,2.23654,2.17905,19.4185
6.082,0.463262,2.28256,1.80775,19.7776
6.084,0.460194,2.32858,1.47358,20.1008
6.086,0.454058,2.37767,1.01942,20.5451
6.088,0.447922,2.42676,0.610684,20.945
6.09,0.441786,2.47891,0.242819,21.4582
6.092,0.432583,2.53107,-0.241657,21.9202
6.094,0.423379,2.58322,-0.677685,22.3359
6.096,0.414175,2.63845,-1.07011,22.8635
6.098,0.398835,2.69367,-1.73009,23.3383
6.1,0.386563,2.75196,-2.17067,23.9191
6.102,0.368155,2.81332,-2.87399,24.5951
6.104,0.352816,2.87161,-3.35359,25.0502
6.106,0.33134,2.93604,-4.09201,25.7665
6.108,0.312932,3.00047,-4.6032,26.4112
6.11,0.291456,3.06489,-5.21667,26.9915
6.112,0.266913,3.13239,-5.92219,27.6671
6.114,0.245437,-3.08637,-6.40375,28.1217
6.116,0.223961,-3.02194,-6.83716,28.5309
6.118,0.202485,-2.95445,-7.22723,29.0526
6.12,0.184078,-2.89309,-7.4249,29.2153
6.122,0.16567,-2.83173,-7.6028,29.3617
6.124,0.147262,-2.77037,-7.76291,29.4935
6.126,0.131922,-2.70901,-7.75361,29.6121
6.128,0.116583,-2.65072,-7.74524,29.5655
6.13,0.101243,-2.59243,-7.7377,29.5235
6.132,0.0889709,-2.5372,-7.57752,29.3323
6.134,0.076699,-2.48198,-7.43336,29.1602
6.136,0.0674952,-2.42676,-7.15022,29.0054
6.138,0.0582913,-2.3746,-6.89539,28.7126
6.14,0.0521553,-2.32551,-6.51265,28.2957
6.142,0.0460194,-2.27643,-6.16818,27.9205
6.144,0.0429515,-2.22734,-5.70476,27.5828
6.146,0.0368155,-2.17825,-5.44108,27.2789
6.148,0.0306796,-2.13223,-5.20377,26.852
6.15,0.0306796,-2.08315,-4.68339,26.6212
6.152,0.0276117,-2.04019,-4.36845,26.1066
6.154,0.0245437,-1.99418,-4.085,25.7969
6.156,0.0245437,-1.95122,-3.6765,25.3648
6.158,0.0245437,-1.90827,-3.30885,24.9759
6.16,0.0245437,-1.86532,-2.97797,24.6259
6.162,0.0245437,-1.82237,-2.68017,24.3109
6.164,0.0276117,-1.78249,-2.25876,23.874
6.166,0.0306796,-1.7426,-1.87948,23.4807
6.168,0.0306796,-1.70272,-1.69153,23.1268
6.17,0.0337476,-1.66284,-1.36898,22.8083
6.172,0.0368155,-1.62295,-1.07869,22.5217
6.174,0.0429515,-1.58307,-0.664022,22.2637
6.176,0.0460194,-1.54625,-0.444221,21.8781
6.178,0.0521553,-1.50944,-0.0930031,21.5311
6.18,0.0582913,-1.47262,0.223093,21.2187
6.182,0.0644272,-1.43581,0.50758,20.9376
6.184,0.0705631,-1.39899,0.763618,20.6846
6.186,0.076699,-1.36217,0.994053,20.457
6.188,0.082835,-1.32843,1.20144,20.0986
6.19,0.0920388,-1.29161,1.54149,19.9296
6.192,0.0981748,-1.25786,1.69414,19.624
6.194,0.107379,-1.22412,1.98492,19.349
6.196,0.116583,-1.19037,2.24662,19.1014
6.198,0.125786,-1.15662,2.48215,18.8787
6.2,0.13499,-1.12287,2.69413,18.6782
6.202,0.144194,-1.08913,2.88491,18.4977
6.204,0.156466,-1.05845,3.21002,18.182
6.206,0.16567,-1.0247,3.34921,18.0511
6.208,0.177942,-0.99402,3.62788,17.78
6.21,0.187146,-0.960272,3.72529,17.6894
6.212,0.199418,-0.929592,3.96635,17.4544
6.214,0.211689,-0.898913,4.18331,17.243
6.216,0.223961,-0.868233,4.37857,17.0526
6.218,0.236233,-0.837554,4.5543,16.8814
6.22,0.248505,-0.806874,4.71247,16.7272
6.222,0.263845,-0.776194,5.00821,16.5885
6.224,0.276117,-0.745515,5.12098,16.4636
6.226,0.288388,-0.714835,5.22248,16.3512
6.228,0.303728,-0.684155,5.46722,16.2501
6.23,0.316,-0.656544,5.53409,16.0057
6.232,0.33134,-0.625864,5.74767,15.9391
6.234,0.34668,-0.598253,5.93989,15.7257
6.236,0.362019,-0.567573,6.11289,15.6872
6.238,0.377359,-0.539961,6.2686,15.499
6.24,0.392699,-0.509282,6.40873,15.4831
6.242,0.411107,-0.48167,6.68824,15.3154
6.244,0.426447,-0.454058,6.78641,15.1644
6.246,0.441786,-0.426447,6.87476,15.0286
6.248,0.460194,-0.395767,7.10767,15.0597
6.25,0.475534,-0.368155,7.16389,14.9343
6.252,0.490874,-0.340544,7.21449,14.8215
6.254,0.509282,-0.312932,7.41343,14.7199
6.256,0.524621,-0.288388,7.43908,14.4751
6.258,0.543029,-0.260777,7.61556,14.4082
6.26,0.561437,-0.233165,7.77439,14.3479
6.262,0.576777,-0.205553,7.76394,14.2937
6.264,0.595185,-0.177942,7.90794,14.2449
6.266,0.610524,-0.153398,7.88414,14.0476
6.268,0.622796,-0.125786,7.70931,14.0234
6.27,0.613592,-0.0981748,6.47819,14.0017
6.272,0.592117,-0.076699,4.75658,13.6753
6.274,0.579845,-0.0552233,3.66733,13.3816
6.276,0.579845,-0.0368155,3.3006,12.9638
6.278,0.585981,-0.0214757,3.27734,12.4344
6.28,0.592117,-0.00613592,3.2564,11.9579
6.282,0.595185,0.00613592,3.08416,11.3757
6.284,0.595185,0.0153398,2.77574,10.6984
6.286,0.592117,0.0214757,2.34477,9.93533
6.288,0.589049,0.0276117,1.95689,9.24859
6.29,0.582913,0.0306796,1.45441,8.47713
6.292,0.576777,0.0337476,1.00217,7.78281
6.294,0.567573,0.0306796,0.44176,6.85113
6.296,0.555301,0.0276117,-0.216009,6.01262
6.298,0.543029,0.0245437,-0.808,5.25796
6.3,0.527689,0.0184078,-1.49419,4.42537
6.302,0.51235,0.00920388,-2.11176,3.52264
6.304,0.493942,-0.00306796,-2.82097,2.55678
6.306,0.475534,-0.0122718,-3.45927,1.84091
6.308,0.457126,-0.0276117,-4.03373,0.889829
6.31,0.435651,-0.0398835,-4.70414,0.187253
6.312,0.414175,-0.0552233,-5.30751,-0.598462
6.314,0.392699,-0.0705631,-5.85055,-1.30561
6.316,0.368155,-0.0859029,-6.49268,-1.94204
6.318,0.34668,-0.104311,-6.9172,-2.66822
6.32,0.325204,-0.119651,-7.29926,-3.16839
6.322,0.30066,-0.138058,-7.79652,-3.77194
6.324,0.279185,-0.153398,-8.09066,-4.16174
6.326,0.257709,-0.168738,-8.35538,-4.51255
6.328,0.236233,-0.184078,-8.59363,-4.82829
6.33,0.214757,-0.199418,-8.80805,-5.11245
6.332,0.193282,-0.214757,-9.00103,-5.36819
6.334,0.171806,-0.230097,-9.17472,-5.59837
6.336,0.15033,-0.245437,-9.33103,-5.80552
6.338,0.128854,-0.260777,-9.47171,-5.99196
6.34,0.107379,-0.276117,-9.59833,-6.15975
6.342,0.0859029,-0.291456,-9.71228,-6.31077
6.344,0.0644272,-0.309864,-9.81484,-6.60008
6.346,0.0429515,-0.325204,-9.90714,-6.70706
6.348,0.0214757,-0.340544,-9.99022,-6.80335
6.35,-0,-0.358952,-10.065,-7.0434
6.352,-0.0214757,-0.377359,-10.1323,-7.25945
6.354,-0.0429515,-0.392699,-10.1928,-7.30049
6.356,-0.0644272,-0.411107,-10.2473,-7.49083
6.358,-0.0859029,-0.429515,-10.2964,-7.66214
6.36,-0.104311,-0.447922,-10.1871,-7.81631
6.362,-0.125786,-0.46633,-10.2422,-7.95507
6.364,-0.147262,-0.484738,-10.2918,-8.07995
6.366,-0.16567,-0.503146,-10.183,-8.19234
6.368,-0.187146,-0.521553,-10.2385,-8.2935
6.37,-0.208621,-0.539961,-10.2884,-8.38454
6.372,-0.227029,-0.561437,-10.18,-8.61987
6.374,-0.245437,-0.579845,-10.0824,-8.67827
6.376,-0.266913,-0.60132,-10.1479,-8.88423
6.378,-0.28532,-0.619728,-10.0535,-8.9162
6.38,-0.303728,-0.641204,-9.96854,-9.09836
6.382,-0.322136,-0.66268,-9.89207,-9.26231
6.384,-0.340544,-0.684155,-9.82326,-9.40987
6.386,-0.358952,-0.705631,-9.76132,-9.54267
6.388,-0.377359,-0.727107,-9.70558,-9.66219
6.39,-0.395767,-0.748583,-9.65541,-9.76976
6.392,-0.414175,-0.773126,-9.61025,-10.02
6.394,-0.432583,-0.794602,-9.56962,-10.0918
6.396,-0.447922,-0.819146,-9.37965,-10.3098
6.398,-0.46633,-0.843689,-9.36207,-10.506
6.4,-0.484738,-0.868233,-9.34625,-10.6826
6.402,-0.500078,-0.889709,-9.17862,-10.6881
6.404,-0.518486,-0.917321,-9.18114,-10.9999
6.406,-0.533825,-0.941864,-9.03002,-11.1271
6.408,-0.549165,-0.966408,-8.89401,-11.2415
6.41,-0.567573,-0.99402,-8.925,-11.498
6.412,-0.579845,-1.01856,-8.64609,-11.5754
6.414,-0.595185,-1.04617,-8.54847,-11.7984
6.416,-0.610524,-1.07379,-8.46061,-11.9991
6.418,-0.625864,-1.1014,-8.38154,-12.1798
6.42,-0.641204,-1.12901,-8.31038,-12.3424
6.422,-0.653476,-1.15662,-8.09293,-12.4888
6.424,-0.668816,-1.18423,-8.05063,-12.6205
6.426,-0.681087,-1.21491,-7.85916,-12.8924
6.428,-0.696427,-1.24252,-7.84023,-12.9837
6.43,-0.708699,-1.2732,-7.6698,-13.2193
6.432,-0.720971,-1.30388,-7.51641,-13.4314
6.434,-0.733243,-1.33456,-7.37837,-13.6222
6.436,-0.745515,-1.36524,-7.25412,-13.794
6.438,-0.754719,-1.39592,-6.9889,-13.9486
6.44,-0.76699,-1.4266,-6.90361,-14.0877
6.442,-0.779262,-1.45728,-6.82684,-14.2129
6.444,-0.788466,-1.49103,-6.60435,-14.479
6.446,-0.800738,-1.52478,-6.55751,-14.7185
6.448,-0.809942,-1.55852,-6.36195,-14.934
6.45,-0.819146,-1.59227,-6.18595,-15.128
6.452,-0.825282,-1.62602,-5.87415,-15.3026
6.454,-0.834486,-1.66284,-5.74693,-15.6131
6.456,-0.843689,-1.69658,-5.63243,-15.7392
6.458,-0.849825,-1.7334,-5.37598,-16.006
6.46,-0.859029,-1.77021,-5.29858,-16.2462
6.462,-0.865165,-1.80703,-5.07552,-16.4624
6.464,-0.871301,-1.84384,-4.87476,-16.6569
6.466,-0.877437,-1.88373,-4.69408,-16.9854
6.468,-0.880505,-1.92054,-4.37807,-17.1276
6.47,-0.886641,-1.96043,-4.24706,-17.409
6.472,-0.889709,-2.00338,-3.97575,-17.8157
6.474,-0.892777,-2.04326,-3.73158,-18.0283
6.476,-0.892777,-2.08621,-3.35842,-18.373
6.478,-0.895845,-2.12917,-3.17597,-18.6833
6.48,-0.895845,-2.17212,-2.85838,-18.9626
6.482,-0.895845,-2.21507,-2.57254,-19.2139
6.484,-0.892777,-2.26109,-2.16189,-19.5935
6.486,-0.892777,-2.30711,-1.9457,-19.9351
6.488,-0.886641,-2.35619,-1.44433,-20.3959
6.49,-0.883573,-2.40528,-1.1465,-20.8107
6.492,-0.877437,-2.45437,-0.725055,-21.184
6.494,-0.871301,-2.50346,-0.345753,-21.52
6.496,-0.862097,-2.55868,0.149016,-22.1292
6.498,-0.852893,-2.61084,0.594309,-22.524
6.5,-0.840621,-2.66606,1.14847,-23.0328
6.502,-0.82835,-2.72435,1.64722,-23.6441
6.504,-0.81301,-2.78264,2.24948,-24.1942
6.506,-0.79767,-2.844,2.79153,-24.8428
6.508,-0.779262,-2.90536,3.43276,-25.4264
6.51,-0.760854,-2.96672,4.00987,-25.9518
6.512,-0.739379,-3.03115,4.68267,-26.5779
6.514,-0.717903,-3.09864,5.28819,-27.2949
6.516,-0.693359,3.12012,5.98656,-27.7868
6.518,-0.671884,3.05262,6.46169,-28.3829
6.52,-0.650408,2.98819,6.88931,-28.7659
6.522,-0.628932,2.9207,7.27416,-29.2641
6.524,-0.610524,2.85934,7.46713,-29.4056
6.526,-0.592117,2.79491,7.64081,-29.6864
6.528,-0.573709,2.73662,7.79712,-29.6324
6.53,-0.558369,2.67833,7.7844,-29.5837
6.532,-0.546097,2.61697,7.61955,-29.6933
6.534,-0.530757,2.56175,7.62458,-29.4851
6.536,-0.518486,2.50346,7.47572,-29.4512
6.538,-0.506214,2.44823,7.34174,-29.2672
6.54,-0.49701,2.39301,7.06776,-29.1017
6.542,-0.487806,2.34085,6.82118,-28.7993
6.544,-0.48167,2.29177,6.44586,-28.3737
6.546,-0.475534,2.24268,6.10807,-27.9907
6.548,-0.472466,2.19359,5.65066,-27.646
6.55,-0.46633,2.14757,5.39239,-27.1824
6.552,-0.463262,2.09849,5.00655,-26.9185
6.554,-0.460194,2.05247,4.65929,-26.5276
6.556,-0.457126,2.00645,4.34676,-26.1758
6.558,-0.457126,1.9635,3.91208,-25.7058
6.56,-0.457126,1.91748,3.52088,-25.4362
6.562,-0.457126,1.87452,3.16879,-25.0402
6.564,-0.457126,1.83157,2.85191,-24.6837
6.566,-0.457126,1.78862,2.56672,-24.3629
6.568,-0.460194,1.74874,2.15665,-23.9208
6.57,-0.460194,1.70885,1.94098,-23.5229
6.572,-0.463262,1.66897,1.59349,-23.1648
6.574,-0.469398,1.62909,1.12734,-22.8425
6.576,-0.472466,1.5892,0.86121,-22.5524
6.578,-0.475534,1.54932,0.621691,-22.2913
6.58,-0.48167,1.51251,0.252726,-21.903
6.582,-0.484738,1.47569,0.0740549,-21.5535
6.584,-0.490874,1.43887,-0.240147,-21.2389
6.586,-0.49701,1.40206,-0.522928,-20.9558
6.588,-0.503146,1.36524,-0.777432,-20.701
6.59,-0.509282,1.32843,-1.00648,-20.4717
6.592,-0.518486,1.29468,-1.36603,-20.1119
6.594,-0.524621,1.25786,-1.53622,-19.9415
6.596,-0.530757,1.22412,-1.6894,-19.6347
6.598,-0.539961,1.19037,-1.98065,-19.3586
6.6,-0.549165,1.15662,-2.24278,-19.1101
6.602,-0.558369,1.12287,-2.4787,-18.8865
6.604,-0.567573,1.08913,-2.69102,-18.6852
6.606,-0.576777,1.05538,-2.88211,-18.5041
6.608,-0.589049,1.0247,-3.20749,-18.1876
6.61,-0.598253,0.990952,-3.34694,-18.0563
6.612,-0.610524,0.960272,-3.62584,-17.7846
6.614,-0.619728,0.926524,-3.72345,-17.6935
6.616,-0.632,0.895845,-3.9647,-17.4582
6.618,-0.644272,0.862097,-4.18182,-17.3997
6.62,-0.656544,0.831418,-4.37723,-17.1937
6.622,-0.668816,0.800738,-4.5531,-17.0083
6.624,-0.681087,0.770058,-4.71138,-16.8415
6.626,-0.696427,0.739379,-5.00723,-16.6913
6.628,-0.708699,0.708699,-5.1201,-16.5562
6.63,-0.724039,0.67802,-5.37508,-16.4345
6.632,-0.736311,0.64734,-5.45117,-16.3251
6.634,-0.751651,0.619728,-5.67304,-16.0731
6.636,-0.76699,0.589049,-5.87273,-15.9998
6.638,-0.78233,0.558369,-6.05244,-15.9338
6.64,-0.79767,0.530757,-6.21419,-15.721
6.642,-0.81301,0.500078,-6.35976,-15.6829
6.644,-0.82835,0.469398,-6.49078,-15.6486
6.646,-0.843689,0.441786,-6.60869,-15.4643
6.648,-0.862097,0.411107,-6.86821,-15.4519
6.65,-0.877437,0.383495,-6.94838,-15.2873
6.652,-0.892777,0.355884,-7.02053,-15.1391
6.654,-0.911185,0.325204,-7.23887,-15.1592
6.656,-0.926524,0.297592,-7.28197,-15.0238
6.658,-0.944932,0.269981,-7.47416,-14.902
6.66,-0.960272,0.242369,-7.49374,-14.7924
6.662,-0.97868,0.214757,-7.66475,-14.6938
6.664,-0.99402,0.187146,-7.66527,-14.605
6.666,-1.01243,0.156466,-7.81913,-14.6785
6.668,-1.0247,0.128854,-7.65081,-14.5912
6.67,-1.01243,0.104311,-6.27213,-14.3593
6.672,-0.984816,0.076699,-4.26434,-14.3039
6.674,-0.957204,0.0521553,-2.45732,-14.1007
6.676,-0.948,0.0337476,-1.7514,-13.611
6.678,-0.954136,0.0153398,-1.88305,-13.1703
6.68,-0.960272,0,-2.00154,-12.6203
6.682,-0.96334,-0.0122718,-1.95479,-11.9718
6.684,-0.96334,-0.0245437,-1.75931,-11.3882
6.686,-0.96334,-0.0337476,-1.58338,-10.7096
6.688,-0.960272,-0.0429515,-1.27164,-10.0988
6.69,-0.960272,-0.0460194,-1.14448,-9.24236
6.692,-0.951068,-0.0490874,-0.569835,-8.47152
6.694,-0.944932,-0.0521553,-0.206056,-7.77777
6.696,-0.935728,-0.0490874,0.274744,-6.84659
6.698,-0.923456,-0.0490874,0.860862,-6.16193
6.7,-0.908117,-0.0429515,1.54177,-5.23894
6.702,-0.892777,-0.0368155,2.15458,-4.40825
6.704,-0.877437,-0.0276117,2.70611,-3.50723
6.706,-0.859029,-0.0184078,3.35589,-2.69632
6.708,-0.837554,-0.00613592,4.09409,-1.81309
6.71,-0.816078,0.00613592,4.75847,-1.01819
6.712,-0.794602,0.0214757,5.35641,-0.149381
6.714,-0.770058,0.0368155,6.04795,0.632547
6.716,-0.748583,0.0521553,6.51694,1.33628
6.718,-0.724039,0.0674952,7.09243,1.96965
6.72,-0.699495,0.0859029,7.61037,2.69307
6.722,-0.674952,0.101243,8.07652,3.19075
6.724,-0.650408,0.119651,8.49605,3.79207
6.726,-0.628932,0.138058,8.72023,4.33325
6.728,-0.607456,0.153398,8.922,4.66691
6.73,-0.589049,0.168738,8.95019,4.96721
6.732,-0.573709,0.187146,8.82216,5.39088
6.734,-0.558369,0.202485,8.70693,5.61878
6.736,-0.533825,0.214757,9.06342,5.6705
6.738,-0.51235,0.233165,9.23087,6.02383
6.74,-0.490874,0.248505,9.38157,6.18844
6.742,-0.469398,0.263845,9.5172,6.33659
6.744,-0.444854,0.282252,9.79266,6.62332
6.746,-0.423379,0.297592,9.88718,6.72798
6.748,-0.398835,0.316,10.1256,6.97557
6.75,-0.377359,0.33134,10.1869,7.045
6.752,-0.355884,0.349748,10.242,7.26089
6.754,-0.334408,0.365087,10.2916,7.30179
6.756,-0.312932,0.383495,10.3362,7.492
6.758,-0.288388,0.401903,10.5298,7.66319
6.76,-0.266913,0.420311,10.5506,7.81726
6.762,-0.245437,0.438719,10.5693,7.95592
6.764,-0.223961,0.457126,10.5862,8.08072
6.766,-0.202485,0.475534,10.6013,8.19303
6.768,-0.18101,0.493942,10.615,8.29412
6.77,-0.162602,0.51235,10.4739,8.3851
6.772,-0.138058,0.533825,10.6537,8.62037
6.774,-0.119651,0.552233,10.5087,8.67872
6.776,-0.0981748,0.573709,10.5316,8.88464
6.778,-0.076699,0.595185,10.5522,9.06996
6.78,-0.0552233,0.61666,10.5708,9.23675
6.782,-0.0368155,0.638136,10.4341,9.38686
6.784,-0.0153398,0.659612,10.4645,9.52196
6.786,0.00306796,0.681087,10.3384,9.64355
6.788,0.0214757,0.702563,10.225,9.75298
6.79,0.0429515,0.727107,10.2763,10.0049
6.792,0.0613592,0.748583,10.169,10.0782
6.794,0.079767,0.773126,10.0725,10.2975
6.796,0.0981748,0.79767,9.98564,10.495
6.798,0.119651,0.819146,10.0609,10.5193
6.8,0.13499,0.843689,9.82177,10.6945
6.802,0.153398,0.868233,9.75998,10.8523
6.804,0.171806,0.895845,9.70437,11.1476
6.806,0.190214,0.920388,9.65432,11.26
6.808,0.205553,0.944932,9.45588,11.3612
6.81,0.223961,0.972544,9.43068,11.6057
6.812,0.239301,1.00016,9.2546,11.8257
6.814,0.254641,1.0247,9.09613,11.8703
6.816,0.273049,1.05231,9.10691,12.0639
6.818,0.288388,1.07992,8.96321,12.2381
6.82,0.303728,1.10753,8.83388,12.3948
6.822,0.319068,1.13821,8.71748,12.6893
6.824,0.334408,1.16583,8.61272,12.801
6.826,0.34668,1.19651,8.36504,13.0549
6.828,0.362019,1.22412,8.29553,13.13
6.83,0.374291,1.2548,8.07957,13.3509
6.832,0.389631,1.28548,8.0386,13.5498
6.834,0.401903,1.31616,7.84833,13.7288
6.836,0.414175,1.34684,7.67709,13.8899
6.838,0.426447,1.37751,7.52298,14.0349
6.84,0.438719,1.41126,7.38427,14.3188
6.842,0.45099,1.44194,7.25944,14.4209
6.844,0.463262,1.47569,7.14708,14.6662
6.846,0.475534,1.50944,7.04597,14.887
6.848,0.484738,1.54318,6.80157,15.0856
6.85,0.49701,1.57693,6.735,15.2644
6.852,0.503146,1.61068,6.3683,15.4254
6.854,0.515418,1.6475,6.34506,15.7236
6.856,0.521553,1.68431,6.01735,15.992
6.858,0.530757,1.72113,5.87581,16.2336
6.86,0.539961,1.75794,5.74842,16.451
6.862,0.546097,1.79476,5.48038,16.6467
6.864,0.552233,1.83157,5.23914,16.8228
6.866,0.558369,1.87146,5.02202,17.1347
6.868,0.564505,1.91134,4.82661,17.4154
6.87,0.570641,1.95122,4.65075,17.668
6.872,0.573709,1.99111,4.33907,17.8954
6.874,0.576777,2.03406,4.05856,18.2534
6.876,0.579845,2.07701,3.8061,18.5757
6.878,0.582913,2.11996,3.57889,18.8657
6.88,0.582913,2.16291,3.221,19.1267
6.882,0.582913,2.20893,2.8989,19.515
6.884,0.582913,2.25495,2.60901,19.8645
6.886,0.579845,2.30097,2.19471,20.179
6.888,0.576777,2.35006,1.82184,20.6155
6.89,0.573709,2.39915,1.48626,21.0083
6.892,0.567573,2.4513,1.03084,21.5152
6.894,0.561437,2.50346,0.620958,21.9715
6.896,0.552233,2.55561,0.0986684,22.3821
6.898,0.546097,2.61084,-0.217995,22.905
6.9,0.533825,2.66606,-0.809787,23.3757
6.902,0.521553,2.72435,-1.3424,23.9527
6.904,0.506214,2.78264,-1.97515,24.472
6.906,0.490874,2.844,-2.54463,25.0928
6.908,0.472466,2.90536,-3.21055,25.6514
6.91,0.454058,2.96979,-3.80989,26.3077
6.912,0.435651,3.03728,-4.34929,27.0516
6.914,0.414175,3.10171,-4.98814,27.5678
6.916,0.392699,-3.11398,-5.56312,28.1858
6.918,0.371223,-3.04955,-6.08059,28.5886
6.92,0.349748,-2.98206,-6.54632,29.1045
6.922,0.33134,-2.91763,-6.81207,29.4154
6.924,0.312932,-2.85627,-7.05126,29.5418
6.926,0.297592,-2.79185,-7.11312,29.809
6.928,0.279185,-2.73355,-7.3222,29.7427
6.93,0.266913,-2.67219,-7.20357,29.8364
6.932,0.254641,-2.6139,-7.09681,29.7673
6.934,0.242369,-2.55561,-7.00072,29.7051
6.936,0.230097,-2.50039,-6.91424,29.4958
6.938,0.220893,-2.44517,-6.68301,29.3074
6.94,0.211689,-2.38994,-6.4749,29.1378
6.942,0.205553,-2.34085,-6.13421,28.6784
6.944,0.202485,-2.2887,-5.67418,28.4183
6.946,0.19635,-2.23961,-5.41356,28.0308
6.948,0.193282,-2.19052,-5.0256,27.6821
6.95,0.187146,-2.14144,-4.82984,27.3683
6.952,0.184078,-2.09235,-4.50025,27.0858
6.954,0.184078,-2.04633,-4.05023,26.6782
6.956,0.184078,-2.00338,-3.64521,26.158
6.958,0.184078,-1.95736,-3.28069,25.8431
6.96,0.184078,-1.91441,-2.95262,25.4064
6.962,0.184078,-1.87146,-2.65736,25.0133
6.964,0.187146,-1.82544,-2.23822,24.813
6.966,0.190214,-1.78555,-1.861,24.3259
6.968,0.190214,-1.7426,-1.6749,24.0408
6.97,0.193282,-1.70272,-1.35401,23.6309
6.972,0.199418,-1.66284,-0.911815,23.262
6.974,0.202485,-1.62295,-0.667236,22.93
6.976,0.208621,-1.58307,-0.293716,22.6312
6.978,0.214757,-1.54318,0.0424517,22.3622
6.98,0.220893,-1.50637,0.345003,21.9668
6.982,0.227029,-1.46955,0.617299,21.6109
6.984,0.233165,-1.42967,0.862365,21.444
6.986,0.239301,-1.39285,1.08292,21.1403
6.988,0.248505,-1.35604,1.43483,20.8671
6.99,0.254641,-1.31922,1.59814,20.6212
6.992,0.263845,-1.28548,1.89852,20.2464
6.994,0.273049,-1.24866,2.16886,20.0626
6.996,0.282252,-1.21491,2.41217,19.7437
6.998,0.294524,-1.1781,2.78455,19.6101
7,0.303728,-1.14435,2.96629,19.3365
7.002,0.316,-1.1106,3.28325,19.0902
7.004,0.325204,-1.07685,3.41512,18.8685
7.006,0.337476,-1.04311,3.6872,18.6691
7.008,0.349748,-1.00936,3.93207,18.4895
7.01,0.362019,-0.975612,4.15246,18.328
7.012,0.374291,-0.944932,4.3508,18.0292
7.014,0.386563,-0.911185,4.52932,17.9136
7.016,0.398835,-0.880505,4.68998,17.6562
7.018,0.414175,-0.846757,4.98797,17.578
7.02,0.426447,-0.816078,5.10276,17.3542
7.022,0.441786,-0.78233,5.35948,17.3061
7.024,0.454058,-0.751651,5.43712,17.1095
7.026,0.469398,-0.720971,5.6604,16.9325
7.028,0.484738,-0.690291,5.86135,16.7733
7.03,0.500078,-0.659612,6.04221,16.6299
7.032,0.515418,-0.628932,6.20498,16.5009
7.034,0.533825,-0.598253,6.50487,16.3848
7.036,0.549165,-0.567573,6.62137,16.2803
7.038,0.564505,-0.536893,6.72622,16.1862
7.04,0.582913,-0.506214,6.97399,16.1016
7.042,0.598253,-0.478602,7.04358,15.872
7.044,0.61666,-0.447922,7.25961,15.8188
7.046,0.635068,-0.417243,7.45404,15.7709
7.048,0.653476,-0.389631,7.62902,15.5744
7.05,0.671884,-0.358952,7.78651,15.5509
7.052,0.690291,-0.33134,7.92825,15.3764
7.054,0.708699,-0.30066,8.05581,15.3728
7.056,0.727107,-0.273049,8.17062,15.2161
7.058,0.745515,-0.245437,8.27395,15.075
7.06,0.760854,-0.217825,8.21354,14.9481
7.062,0.78233,-0.190214,8.46597,14.8339
7.064,0.79767,-0.159534,8.38637,14.8845
7.066,0.81301,-0.131922,8.31472,14.7766
7.068,0.803806,-0.107379,7.02305,14.5261
7.07,0.78233,-0.079767,5.24696,14.4541
7.072,0.760854,-0.0582913,3.64848,14.0825
7.074,0.757787,-0.0368155,3.13023,13.748
7.076,0.76699,-0.0214757,3.2774,13.1402
7.078,0.770058,-0.00306796,3.10306,12.7466
7.08,0.773126,0.00920388,2.94615,12.0855
7.082,0.776194,0.0214757,2.80494,11.4906
7.084,0.776194,0.0306796,2.52444,10.8017
7.086,0.773126,0.0368155,2.1186,10.0283
7.088,0.770058,0.0398835,1.75334,9.17889
7.09,0.763922,0.0460194,1.27121,8.56779
7.092,0.754719,0.0460194,0.683896,7.71101
7.094,0.745515,0.0429515,0.155313,6.78652
7.096,0.733243,0.0398835,-0.473811,5.95447
7.098,0.720971,0.0368155,-1.04002,5.20562
7.1,0.705631,0.0276117,-1.70301,4.22486
7.102,0.690291,0.0184078,-2.2997,3.34218
7.104,0.671884,0.00920388,-2.99012,2.54777
7.106,0.653476,-0.00306796,-3.61149,1.6794
7.108,0.632,-0.0184078,-4.32413,0.744471
7.11,0.610524,-0.0306796,-4.96551,0.0564318
7.112,0.589049,-0.0460194,-5.54274,-0.716202
7.114,0.567573,-0.0613592,-6.06225,-1.41157
7.116,0.543029,-0.076699,-6.68321,-2.03741
7.118,0.521553,-0.0951068,-7.08868,-2.75405
7.12,0.49701,-0.113515,-7.607,-3.39904
7.122,0.475534,-0.128854,-7.92008,-3.82612
7.124,0.45099,-0.144194,-8.35526,-4.2105
7.126,0.429515,-0.162602,-8.59352,-4.70984
7.128,0.411107,-0.177942,-8.65456,-5.00585
7.13,0.389631,-0.193282,-8.86289,-5.27225
7.132,0.368155,-0.205553,-9.05038,-5.35862
7.134,0.34668,-0.223961,-9.21913,-5.74315
7.136,0.325204,-0.239301,-9.37101,-5.93582
7.138,0.303728,-0.254641,-9.50769,-6.10923
7.14,0.279185,-0.269981,-9.78411,-6.2653
7.142,0.257709,-0.288388,-9.87948,-6.55916
7.144,0.236233,-0.303728,-9.96532,-6.67023
7.146,0.214757,-0.319068,-10.0426,-6.7702
7.148,0.193282,-0.337476,-10.1121,-7.01357
7.15,0.168738,-0.352816,-10.3281,-7.0792
7.152,0.147262,-0.371223,-10.3691,-7.29167
7.154,0.125786,-0.389631,-10.4059,-7.48289
7.156,0.104311,-0.404971,-10.4391,-7.50159
7.158,0.082835,-0.423379,-10.469,-7.67182
7.16,0.0613592,-0.441786,-10.4959,-7.82503
7.162,0.0429515,-0.460194,-10.3667,-7.96291
7.164,0.0214757,-0.478602,-10.4038,-8.08701
7.166,-0,-0.500078,-10.4372,-8.3521
7.168,-0.0214757,-0.518486,-10.4673,-8.43727
7.17,-0.0398835,-0.536893,-10.3409,-8.51394
7.172,-0.0613592,-0.558369,-10.3806,-8.73633
7.174,-0.079767,-0.576777,-10.263,-8.78308
7.176,-0.101243,-0.598253,-10.3104,-8.97856
7.178,-0.119651,-0.619728,-10.1998,-9.15449
7.18,-0.141126,-0.641204,-10.2536,-9.31283
7.182,-0.159534,-0.66268,-10.1486,-9.45533
7.184,-0.177942,-0.684155,-10.0542,-9.58359
7.186,-0.199418,-0.705631,-10.1225,-9.69901
7.188,-0.214757,-0.727107,-9.87726,-9.8029
7.19,-0.236233,-0.748583,-9.96332,-9.8964
7.192,-0.251573,-0.773126,-9.73398,-10.1339
7.194,-0.273049,-0.794602,-9.83437,-10.1943
7.196,-0.288388,-0.819146,-9.61792,-10.4021
7.198,-0.306796,-0.843689,-9.57652,-10.5891
7.2,-0.325204,-0.868233,-9.53926,-10.7573
7.202,-0.340544,-0.892777,-9.35232,-10.9088
7.204,-0.358952,-0.917321,-9.33748,-11.0451
7.206,-0.374291,-0.944932,-9.17072,-11.3212
7.208,-0.392699,-0.969476,-9.17404,-11.4162
7.21,-0.408039,-0.997088,-9.02362,-11.6552
7.212,-0.423379,-1.02163,-8.88825,-11.7169
7.214,-0.438719,-1.04924,-8.76642,-11.9258
7.216,-0.457126,-1.07685,-8.81016,-12.1138
7.218,-0.469398,-1.10447,-8.54274,-12.283
7.22,-0.484738,-1.13208,-8.45546,-12.4353
7.222,-0.500078,-1.16276,-8.3769,-12.7257
7.224,-0.51235,-1.19037,-8.1528,-12.8337
7.226,-0.527689,-1.22105,-8.10451,-13.0843
7.228,-0.539961,-1.24866,-7.90765,-13.1565
7.23,-0.555301,-1.27934,-7.88388,-13.3748
7.232,-0.567573,-1.31002,-7.70908,-13.5713
7.234,-0.579845,-1.3407,-7.55177,-13.7482
7.236,-0.592117,-1.37138,-7.41018,-13.9073
7.238,-0.604388,-1.40513,-7.28276,-14.204
7.24,-0.61666,-1.43581,-7.16807,-14.3176
7.242,-0.625864,-1.46955,-6.91146,-14.5732
7.244,-0.638136,-1.50023,-6.83391,-14.6498
7.246,-0.64734,-1.53398,-6.61071,-14.8722
7.248,-0.656544,-1.56773,-6.40983,-15.0724
7.25,-0.665748,-1.60148,-6.22904,-15.2525
7.252,-0.674952,-1.63829,-6.06633,-15.5681
7.254,-0.684155,-1.67511,-5.91989,-15.852
7.256,-0.693359,-1.70885,-5.7881,-15.9542
7.258,-0.699495,-1.7426,-5.51609,-16.0462
7.26,-0.705631,-1.77635,-5.27127,-16.1289
7.262,-0.714835,-1.80703,-5.20434,-16.05
7.264,-0.717903,-1.84078,-4.8373,-16.1324
7.266,-0.724039,-1.87452,-4.66037,-16.2065
7.268,-0.727107,-1.90827,-4.34773,-16.2733
7.27,-0.730175,-1.92054,-4.06636,-15.2595
7.272,-0.733243,-1.92361,-3.81312,-13.887
7.274,-0.736311,-1.92668,-3.5852,-12.6517
7.276,-0.736311,-1.92975,-3.22668,-11.5399
7.278,-0.733243,-1.93282,-2.75062,-10.5393
7.28,-0.733243,-1.93282,-2.47556,-9.48538
7.282,-0.733243,-1.92975,-2.228,-8.38344
7.284,-0.733243,-1.92361,-2.0052,-7.2383
7.286,-0.733243,-1.92054,-1.80468,-6.36107
7.288,-0.733243,-1.92054,-1.62421,-5.72497
7.29,-0.733243,-1.92054,-1.46179,-5.15247
7.292,-0.730175,-1.92054,-1.16221,-4.63722
7.294,-0.730175,-1.92054,-1.04599,-4.1735
7.296,-0.730175,-1.91748,-0.941393,-3.60275
7.298,-0.730175,-1.92054,-0.847254,-3.39588
7.3,-0.727107,-1.92361,-0.60913,-3.20969
7.302,-0.727107,-1.92668,-0.548217,-3.04212
7.304,-0.727107,-1.92668,-0.493396,-2.7379
7.306,-0.727107,-1.92668,-0.444056,-2.46411
7.308,-0.727107,-1.92361,-0.39965,-2.0643
7.31,-0.727107,-1.92361,-0.359685,-1.85787
7.312,-0.727107,-1.92361,-0.323717,-1.67209
7.314,-0.727107,-1.92054,-0.291345,-1.35148
7.316,-0.727107,-1.92054,-0.262211,-1.21633
7.318,-0.727107,-1.91441,-0.23599,-0.787902
7.32,-0.730175,-1.91134,-0.365789,-0.555714
7.322,-0.730175,-1.90827,-0.32921,-0.346744
7.324,-0.730175,-1.90827,-0.296289,-0.31207
7.326,-0.730175,-1.90827,-0.26666,-0.280863
7.328,-0.733243,-1.9052,-0.393392,-0.0993786
7.33,-0.733243,-1.9052,-0.354053,-0.0894407
7.332,-0.733243,-1.90214,-0.318648,0.0729014
7.334,-0.736311,-1.90214,-0.440181,0.0656113
7.336,-0.736311,-1.89907,-0.396163,0.212448
7.338,-0.736311,-1.89907,-0.356547,0.191203
7.34,-0.736311,-1.89907,-0.320892,0.172083
7.342,-0.739379,-1.89907,-0.442201,0.154875
7.344,-0.739379,-1.89907,-0.397981,0.139387
7.346,-0.739379,-1.89907,-0.358183,0.125449
7.348,-0.739379,-1.89907,-0.322364,0.112904
7.35,-0.742447,-1.896,-0.443526,0.255011
7.352,-0.742447,-1.896,-0.399173,0.22951
7.354,-0.745515,-1.89293,-0.512654,0.359957
7.356,-0.745515,-1.89293,-0.461389,0.323962
7.358,-0.748583,-1.88986,-0.568648,0.444964
7.36,-0.748583,-1.88986,-0.511783,0.400467
7.362,-0.751651,-1.8868,-0.614003,0.513819
7.364,-0.751651,-1.8868,-0.552603,0.462437
7.366,-0.751651,-1.8868,-0.497342,0.416193
7.368,-0.754719,-1.88373,-0.601006,0.527972
7.37,-0.754719,-1.88373,-0.540906,0.475175
7.372,-0.754719,-1.88373,-0.486815,0.427657
7.374,-0.757787,-1.88066,-0.591532,0.53829
7.376,-0.760854,-1.88066,-0.685777,0.484461
7.378,-0.760854,-1.88066,-0.617199,0.436014
7.38,-0.763922,-1.88066,-0.708877,0.392413
7.382,-0.763922,-1.88066,-0.637989,0.353172
7.384,-0.763922,-1.88066,-0.57419,0.317855
7.386,-0.76699,-1.87759,-0.670169,0.439467
7.388,-0.76699,-1.87759,-0.603153,0.39552
7.39,-0.770058,-1.87759,-0.696235,0.355968
7.392,-0.770058,-1.87452,-0.626612,0.47377
7.394,-0.773126,-1.87452,-0.717349,0.426393
7.396,-0.773126,-1.87452,-0.645614,0.383753
7.398,-0.776194,-1.87452,-0.734451,0.345378
7.4,-0.776194,-1.87146,-0.661005,0.464238
7.402,-0.779262,-1.87146,-0.748303,0.417815
7.404,-0.779262,-1.86839,-0.673473,0.529431
7.406,-0.78233,-1.86839,-0.759524,0.476488
7.408,-0.78233,-1.86839,-0.683571,0.428839
7.41,-0.785398,-1.86532,-0.768612,0.539353
7.412,-0.785398,-1.86532,-0.691751,0.485418
7.414,-0.788466,-1.86532,-0.775974,0.436876
7.416,-0.788466,-1.86225,-0.698377,0.546587
7.418,-0.791534,-1.86225,-0.781937,0.491928
7.42,-0.791534,-1.85918,-0.703743,0.596133
7.422,-0.791534,-1.85918,-0.633369,0.53652
7.424,-0.794602,-1.85612,-0.72343,0.636266
7.426,-0.794602,-1.85305,-0.651087,0.726038
7.428,-0.79767,-1.85305,-0.739376,0.653434
7.43,-0.79767,-1.84998,-0.665439,0.741488
7.432,-0.800738,-1.84691,-0.752293,0.820738
7.434,-0.800738,-1.84384,-0.677064,0.892062
7.436,-0.800738,-1.84384,-0.609357,0.802856
7.438,-0.803806,-1.84078,-0.70182,0.875968
7.44,-0.803806,-1.83771,-0.631638,0.94177
7.442,-0.803806,-1.83464,-0.568474,1.00099
7.444,-0.806874,-1.83157,-0.665025,1.05429
7.446,-0.806874,-1.82544,-0.598522,1.25566
7.448,-0.809942,-1.82237,-0.692068,1.28349
7.45,-0.809942,-1.8193,-0.622861,1.30854
7.452,-0.809942,-1.81623,-0.560575,1.33108
7.454,-0.81301,-1.81317,-0.657916,1.35137
7.456,-0.81301,-1.8101,-0.592124,1.36963
7.458,-0.81301,-1.80703,-0.532912,1.38607
7.46,-0.816078,-1.80703,-0.633019,1.24746
7.462,-0.816078,-1.80396,-0.569717,1.27611
7.464,-0.819146,-1.80089,-0.666143,1.3019
7.466,-0.819146,-1.80089,-0.599529,1.17171
7.468,-0.822214,-1.79783,-0.692974,1.20794
7.47,-0.822214,-1.79476,-0.623677,1.24054
7.472,-0.825282,-1.79169,-0.714707,1.26989
7.474,-0.825282,-1.79169,-0.643236,1.1429
7.476,-0.82835,-1.78862,-0.732311,1.18201
7.478,-0.82835,-1.78555,-0.65908,1.2172
7.48,-0.82835,-1.78555,-0.593172,1.09548
7.482,-0.831418,-1.78249,-0.687253,1.13933
7.484,-0.831418,-1.77942,-0.618527,1.1788
7.486,-0.834486,-1.77635,-0.710073,1.21432
7.488,-0.834486,-1.77635,-0.639065,1.09288
7.49,-0.834486,-1.77328,-0.575159,1.13699
7.492,-0.837554,-1.77328,-0.671041,1.02329
7.494,-0.837554,-1.77021,-0.603937,1.07436
7.496,-0.837554,-1.76715,-0.543543,1.12032
7.498,-0.840621,-1.76408,-0.642587,1.16169
7.5,-0.840621,-1.76408,-0.578328,1.04552
7.502,-0.840621,-1.76101,-0.520495,1.09437
7.504,-0.843689,-1.75794,-0.621844,1.13833
7.506,-0.843689,-1.75794,-0.55966,1.0245
7.508,-0.843689,-1.75487,-0.503694,1.07544
7.51,-0.846757,-1.75181,-0.606722,1.1213
7.512,-0.846757,-1.75181,-0.54605,1.00917
7.514,-0.849825,-1.74874,-0.644843,1.06165
7.516,-0.849825,-1.74874,-0.580359,0.955484
7.518,-0.849825,-1.74567,-0.522323,1.01333
7.52,-0.852893,-1.74567,-0.623489,0.912001
7.522,-0.852893,-1.7426,-0.56114,0.974199
7.524,-0.852893,-1.73953,-0.505026,1.03018
7.526,-0.855961,-1.73953,-0.607921,0.927159
7.528,-0.859029,-1.73647,-0.700527,0.987841
7.53,-0.859029,-1.73647,-0.630475,0.889057
7.532,-0.862097,-1.7334,-0.720825,0.95355
7.534,-0.862097,-1.7334,-0.648743,0.858195
7.536,-0.865165,-1.7334,-0.737267,0.772375
7.538,-0.865165,-1.73033,-0.66354,0.848536
7.54,-0.868233,-1.73033,-0.750584,0.763682
7.542,-0.868233,-1.73033,-0.675526,0.687314
7.544,-0.871301,-1.73033,-0.761371,0.618583
7.546,-0.874369,-1.73033,-0.838632,0.556724
7.548,-0.874369,-1.73033,-0.754769,0.501052
7.55,-0.877437,-1.7334,-0.83269,0.297549
7.552,-0.880505,-1.73647,-0.902819,0.114396
7.554,-0.880505,-1.73647,-0.812537,0.102956
7.556,-0.883573,-1.73953,-0.884682,-0.0607376
7.558,-0.886641,-1.7426,-0.949611,-0.208062
7.56,-0.886641,-1.74874,-0.85465,-0.494052
7.562,-0.889709,-1.75181,-0.922583,-0.598045
7.564,-0.889709,-1.75794,-0.830325,-0.845036
7.566,-0.892777,-1.76408,-0.900691,-1.06733
7.568,-0.892777,-1.76715,-0.810622,-1.11399
7.57,-0.895845,-1.77635,-0.882957,-1.46279
7.572,-0.895845,-1.78249,-0.794662,-1.62331
7.574,-0.895845,-1.78862,-0.715196,-1.76777
7.576,-0.898913,-1.79783,-0.797074,-2.05119
7.578,-0.898913,-1.80396,-0.717367,-2.15287
7.58,-0.898913,-1.81317,-0.64563,-2.39777
7.582,-0.898913,-1.82237,-0.581067,-2.61819
7.584,-0.898913,-1.83464,-0.52296,-2.96996
7.586,-0.898913,-1.84384,-0.470664,-3.13316
7.588,-0.898913,-1.85305,-0.423598,-3.28004
7.59,-0.898913,-1.86532,-0.381238,-3.56563
7.592,-0.898913,-1.87759,-0.343114,-3.82266
7.594,-0.895845,-1.88986,-0.155405,-4.05398
7.596,-0.895845,-1.90214,-0.139864,-4.26218
7.598,-0.892777,-1.91748,0.0275202,-4.60295
7.6,-0.892777,-1.92975,0.0247682,-4.75625
7.602,-0.889709,-1.94509,0.175689,-5.04761
7.604,-0.886641,-1.96043,0.311519,-5.30984
7.606,-0.886641,-1.97577,0.280367,-5.54585
7.608,-0.883573,-1.99418,0.405728,-5.91165
7.61,-0.877437,-2.00951,0.671951,-6.08748
7.612,-0.874369,-2.02792,0.758154,-6.39912
7.614,-0.871301,-2.04633,0.835737,-6.67959
7.616,-0.868233,-2.06474,0.905561,-6.93202
7.618,-0.862097,-2.08315,1.1218,-7.15921
7.62,-0.859029,-2.10155,1.16302,-7.36368
7.622,-0.852893,-2.12303,1.35351,-7.7011
7.624,-0.846757,-2.14451,1.52496,-8.00477
7.626,-0.840621,-2.16598,1.67926,-8.27808
7.628,-0.834486,-2.18746,1.81813,-8.52406
7.63,-0.82835,-2.212,1.94311,-8.89884
7.632,-0.819146,-2.23348,2.209,-9.08274
7.634,-0.81301,-2.25802,2.29489,-9.40165
7.636,-0.803806,-2.28256,2.5256,-9.68867
7.638,-0.794602,-2.31018,2.73323,-10.1004
7.64,-0.785398,-2.33472,2.9201,-10.3175
7.642,-0.776194,-2.36233,3.08829,-10.6664
7.644,-0.763922,-2.38994,3.39305,-10.9803
7.646,-0.751651,-2.42062,3.66734,-11.4163
7.648,-0.739379,-2.4513,3.9142,-11.8086
7.65,-0.727107,-2.47891,4.13637,-12.0083
7.652,-0.711767,-2.51266,4.48972,-12.4949
7.654,-0.696427,-2.54334,4.80774,-12.7794
7.656,-0.681087,-2.57709,5.09396,-13.1888
7.658,-0.665748,-2.61084,5.35155,-13.5573
7.66,-0.64734,-2.64458,5.73678,-13.889
7.662,-0.628932,-2.6814,6.08349,-14.3408
7.664,-0.607456,-2.71821,6.54893,-14.7475
7.666,-0.585981,-2.7581,6.96783,-15.267
7.668,-0.564505,-2.79491,7.34483,-15.581
7.67,-0.543029,-2.8348,7.68413,-16.0171
7.672,-0.518486,-2.87775,8.1429,-16.563
7.674,-0.493942,-2.91763,8.5558,-16.9008
7.676,-0.46633,-2.96365,9.0808,-17.5117
7.678,-0.438719,-3.0066,9.5533,-17.9081
7.68,-0.411107,-3.05262,9.97856,-18.4183
7.682,-0.383495,-3.09557,10.3613,-18.724
7.684,-0.355884,-3.14159,10.7057,-19.1526
7.686,-0.325204,3.09557,11.1691,-19.5383
7.688,-0.297592,3.04955,11.4328,-19.8855
7.69,-0.266913,3.00353,11.8235,-20.1979
7.692,-0.236233,2.95751,12.1751,-20.4791
7.694,-0.208621,2.9115,12.3382,-20.7321
7.696,-0.18101,2.86548,12.485,-20.9599
7.698,-0.153398,2.82252,12.6171,-21.0115
7.7,-0.125786,2.77957,12.7359,-21.0579
7.702,-0.101243,2.73662,12.6895,-21.0997
7.704,-0.076699,2.69367,12.6478,-21.1373
7.706,-0.0521553,2.65072,12.6102,-21.1711
7.708,-0.0276117,2.61084,12.5763,-21.0482
7.71,-0.00613592,2.57095,12.3925,-20.9375
7.712,0.0153398,2.53107,12.227,-20.838
7.714,0.0368155,2.49425,12.0781,-20.5949
7.716,0.0552233,2.45744,11.7907,-20.3762
7.718,0.076699,2.42062,11.6854,-20.1794
7.72,0.0951068,2.38381,11.4373,-20.0022
7.722,0.110447,2.34699,11.0605,-19.8428
7.724,0.128854,2.31324,10.8749,-19.5459
7.726,0.144194,2.2795,10.5544,-19.2787
7.728,0.162602,2.24575,10.4193,-19.0382
7.73,0.177942,2.21507,10.1444,-18.6683
7.732,0.190214,2.18132,9.74353,-18.4889
7.734,0.205553,2.15064,9.53616,-18.174
7.736,0.217825,2.11996,9.19614,-17.8906
7.738,0.233165,2.08928,9.04352,-17.6355
7.74,0.245437,2.0586,8.75276,-17.4059
7.742,0.257709,2.03099,8.49107,-17.0459
7.744,0.269981,2.00031,8.25556,-16.8753
7.746,0.282252,1.9727,8.0436,-16.5684
7.748,0.291456,1.94509,7.69943,-16.2921
7.75,0.303728,1.91748,7.54308,-16.0435
7.752,0.316,1.89293,7.40236,-15.6663
7.754,0.325204,1.86532,7.12232,-15.4803
7.756,0.337476,1.84078,7.02368,-15.1594
7.758,0.34668,1.81623,6.78151,-14.8707
7.76,0.355884,1.79169,6.56355,-14.6108
7.762,0.365087,1.76715,6.36739,-14.3769
7.764,0.374291,1.74567,6.19085,-14.013
7.766,0.383495,1.72113,6.03196,-13.8389
7.768,0.392699,1.69965,5.88895,-13.5288
7.77,0.401903,1.67817,5.76025,-13.2497
7.772,0.411107,1.6567,5.64442,-12.9985
7.774,0.417243,1.63522,5.38678,-12.7724
7.776,0.426447,1.61682,5.30829,-12.4156
7.778,0.435651,1.59534,5.23766,-12.2478
7.78,0.441786,1.57693,5.02069,-11.9434
7.782,0.45099,1.55852,4.97881,-11.6695
7.784,0.457126,1.54012,4.78773,-11.4229
7.786,0.46633,1.52171,4.76915,-11.201
7.788,0.472466,1.50637,4.59903,-10.8479
7.79,0.478602,1.48796,4.44592,-10.6835
7.792,0.487806,1.47262,4.46153,-10.3821
7.794,0.493942,1.45728,4.32217,-10.1109
7.796,0.500078,1.44194,4.19675,-9.86681
7.798,0.506214,1.4266,4.08387,-9.64712
7.8,0.51235,1.41126,3.98228,-9.4494
7.802,0.521553,1.39592,4.04425,-9.27145
7.804,0.524621,1.38365,3.79322,-8.9579
7.806,0.533825,1.37138,3.87409,-8.6757
7.808,0.536893,1.35911,3.64008,-8.42172
7.81,0.546097,1.34684,3.73627,-8.19314
7.812,0.549165,1.33456,3.51604,-7.98742
7.814,0.555301,1.32229,3.47123,-7.80227
7.816,0.561437,1.31309,3.4309,-7.48224
7.818,0.567573,1.30082,3.39461,-7.34761
7.82,0.573709,1.29161,3.36194,-7.07304
7.822,0.576777,1.28241,3.17915,-6.82593
7.824,0.582913,1.2732,3.16803,-6.60353
7.826,0.589049,1.264,3.15802,-6.40337
7.828,0.595185,1.2548,3.14902,-6.22323
7.83,0.598253,1.24866,2.98751,-5.9077
7.832,0.604388,1.24252,2.99556,-5.62373
7.834,0.610524,1.23332,3.0028,-5.52155
7.836,0.613592,1.22718,2.85592,-5.27619
7.838,0.619728,1.22105,2.87712,-5.05537
7.84,0.622796,1.21798,2.74281,-4.70323
7.842,0.628932,1.21184,2.77532,-4.5397
7.844,0.632,1.20878,2.65119,-4.23913
7.846,0.638136,1.20264,2.69287,-4.12201
7.848,0.644272,1.19957,2.73038,-3.86321
7.85,0.64734,1.19651,2.61074,-3.63029
7.852,0.650408,1.19344,2.50306,-3.42066
7.854,0.656544,1.19344,2.55955,-3.07859
7.856,0.659612,1.19037,2.45699,-2.92413
7.858,0.665748,1.1873,2.51809,-2.78512
7.86,0.668816,1.1873,2.41968,-2.5066
7.862,0.674952,1.1873,2.48451,-2.25594
7.864,0.67802,1.1873,2.38945,-2.03035
7.866,0.684155,1.1873,2.45731,-1.82731
7.868,0.687223,1.1873,2.36497,-1.64458
7.87,0.690291,1.19037,2.28187,-1.32673
7.872,0.696427,1.19037,2.36048,-1.19405
7.874,0.699495,1.19037,2.27783,-1.07465
7.876,0.699495,1.1873,2.05005,-1.12058
7.878,0.702563,1.18423,1.99844,-1.16192
7.88,0.702563,1.18117,1.7986,-1.19913
7.882,0.702563,1.17196,1.61874,-1.53941
7.884,0.699495,1.16276,1.30347,-1.84566
7.886,0.696427,1.15355,1.01972,-2.12129
7.888,0.696427,1.14128,0.917749,-2.52275
7.89,0.693359,1.12901,0.672576,-2.88407
7.892,0.690291,1.11981,0.451921,-3.05586
7.894,0.687223,1.10753,0.253331,-3.36386
7.896,0.684155,1.09219,0.0745995,-3.79447
7.898,0.67802,1.07992,-0.239657,-4.02861
7.9,0.674952,1.06765,-0.369089,-4.23934
7.902,0.671884,1.05538,-0.485578,-4.429
7.904,0.668816,1.04311,-0.590418,-4.59969
7.906,0.66268,1.0339,-0.838173,-4.59992
7.908,0.659612,1.02163,-0.907754,-4.75352
7.91,0.656544,1.01243,-0.970376,-4.73836
7.912,0.650408,1.00016,-1.18013,-4.87812
7.914,0.64734,0.990952,-1.21552,-4.8505
7.916,0.644272,0.97868,-1.24737,-4.97904
7.918,0.638136,0.969476,-1.42943,-4.94133
7.92,0.635068,0.960272,-1.43988,-4.90739
7.922,0.628932,0.951068,-1.60269,-4.87685
7.924,0.625864,0.941864,-1.59582,-4.84936
7.926,0.619728,0.93266,-1.74303,-4.82462
7.928,0.61666,0.923456,-1.72213,-4.80235
7.93,0.610524,0.914253,-1.85671,-4.78231
7.932,0.604388,0.905049,-1.97784,-4.76427
7.934,0.60132,0.895845,-1.93345,-4.74804
7.936,0.595185,0.886641,-2.0469,-4.73343
7.938,0.592117,0.880505,-1.99561,-4.56688
7.94,0.585981,0.871301,-2.10284,-4.57039
7.942,0.579845,0.862097,-2.19936,-4.57354
7.944,0.576777,0.855961,-2.13282,-4.42299
7.946,0.570641,0.846757,-2.22633,-4.44088
7.948,0.564505,0.840621,-2.3105,-4.30359
7.95,0.561437,0.831418,-2.23284,-4.33342
7.952,0.555301,0.822214,-2.31636,-4.36028
7.954,0.549165,0.816078,-2.39152,-4.23104
7.956,0.546097,0.806874,-2.30576,-4.26813
7.958,0.539961,0.800738,-2.38198,-4.14812
7.96,0.533825,0.791534,-2.45058,-4.1935
7.962,0.530757,0.78233,-2.35892,-4.23434
7.964,0.524621,0.776194,-2.42982,-4.11771
7.966,0.518486,0.76699,-2.49364,-4.16613
7.968,0.51235,0.760854,-2.55107,-4.05631
7.97,0.509282,0.751651,-2.44936,-4.11088
7.972,0.503146,0.745515,-2.51122,-4.00658
7.974,0.500078,0.736311,-2.4135,-4.06612
7.976,0.493942,0.730175,-2.47894,-3.9663
7.978,0.487806,0.720971,-2.53785,-4.02987
7.98,0.484738,0.714835,-2.43746,-3.93368
7.982,0.478602,0.708699,-2.50051,-3.84711
7.984,0.475534,0.699495,-2.40386,-3.92259
7.986,0.469398,0.693359,-2.47027,-3.83713
7.988,0.46633,0.687223,-2.37664,-3.76021
7.99,0.460194,0.681087,-2.44577,-3.69099
7.992,0.457126,0.674952,-2.35459,-3.62868
7.994,0.45099,0.668816,-2.42593,-3.57261
7.996,0.447922,0.66268,-2.33673,-3.52215
7.998,0.444854,0.656544,-2.25646,-3.47673
8,0.438719,0.650408,-2.33761,-3.43585
8.002,0.435651,0.644272,-2.25725,-3.39906
8.004,0.432583,0.638136,-2.18492,-3.36595
8.006,0.426447,0.635068,-2.27322,-3.18275
8.008,0.423379,0.628932,-2.1993,-3.17128
8.01,0.420311,0.622796,-2.13277,-3.16094
8.012,0.417243,0.61666,-2.07289,-3.15165
8.014,0.414175,0.613592,-2.019,-2.98988
8.016,0.411107,0.607456,-1.9705,-2.99769
8.018,0.408039,0.604388,-1.92684,-2.85132
8.02,0.404971,0.598253,-1.88756,-2.87298
8.022,0.401903,0.592117,-1.8522,-2.89248
8.024,0.398835,0.589049,-1.82038,-2.75663
8.026,0.398835,0.582913,-1.63834,-2.78776
8.028,0.395767,0.579845,-1.6279,-2.66238
8.03,0.392699,0.573709,-1.61851,-2.70294
8.032,0.389631,0.567573,-1.61006,-2.73944
8.034,0.389631,0.564505,-1.44905,-2.6189
8.036,0.386563,0.558369,-1.45755,-2.6638
8.038,0.383495,0.555301,-1.46519,-2.55082
8.04,0.380427,0.552233,-1.47207,-2.44914
8.042,0.380427,0.546097,-1.32486,-2.51102
8.044,0.377359,0.543029,-1.34577,-2.41332
8.046,0.377359,0.539961,-1.2112,-2.32538
8.048,0.374291,0.536893,-1.24347,-2.24624
8.05,0.374291,0.530757,-1.11913,-2.32841
8.052,0.371223,0.530757,-1.16061,-2.09557
8.054,0.368155,0.527689,-1.19795,-2.03941
8.056,0.368155,0.524621,-1.07815,-1.98887
8.058,0.365087,0.521553,-1.12374,-1.94338
8.06,0.365087,0.521553,-1.01136,-1.74904
8.062,0.365087,0.521553,-0.910227,-1.57414
8.064,0.365087,0.518486,-0.819204,-1.57012
8.066,0.362019,0.518486,-0.890682,-1.41311
8.068,0.362019,0.518486,-0.801614,-1.2718
8.07,0.362019,0.518486,-0.721452,-1.14462
8.072,0.362019,0.521553,-0.649307,-0.87676
8.074,0.362019,0.521553,-0.584376,-0.789084
8.076,0.358952,0.521553,-0.679337,-0.710175
8.078,0.358952,0.524621,-0.611403,-0.48576
8.08,0.358952,0.527689,-0.550263,-0.283786
8.082,0.358952,0.530757,-0.495237,-0.102009
8.084,0.358952,0.533825,-0.445713,0.0615899
8.086,0.358952,0.536893,-0.401142,0.208829
8.088,0.358952,0.539961,-0.361027,0.341344
8.09,0.362019,0.543029,-0.171527,0.460608
8.092,0.362019,0.546097,-0.154374,0.567945
8.094,0.362019,0.552233,-0.138937,0.817947
8.096,0.362019,0.558369,-0.125043,1.04295
8.098,0.365087,0.561437,0.0408594,1.09205
8.1,0.365087,0.567573,0.0367735,1.28964
8.102,0.365087,0.573709,0.0330961,1.46747
8.104,0.368155,0.579845,0.183185,1.62752
8.106,0.368155,0.585981,0.164866,1.77157
8.108,0.371223,0.595185,0.301778,2.0546
8.11,0.371223,0.60132,0.2716,2.15594
8.112,0.374291,0.610524,0.397838,2.40054
8.114,0.374291,0.61666,0.358054,2.46728
8.116,0.377359,0.625864,0.475647,2.68075
8.118,0.380427,0.635068,0.58148,2.87287
8.12,0.380427,0.644272,0.523332,3.04578
8.122,0.383495,0.653476,0.624397,3.20139
8.124,0.386563,0.66268,0.715355,3.34145
8.126,0.389631,0.674952,0.797218,3.62089
8.128,0.389631,0.684155,0.717496,3.719
8.13,0.392699,0.696427,0.799145,3.96069
8.132,0.395767,0.705631,0.872628,4.02482
8.134,0.398835,0.717903,0.938763,4.23593
8.136,0.401903,0.730175,0.998285,4.42593
8.138,0.404971,0.742447,1.05185,4.59693
8.14,0.408039,0.757787,1.10007,4.90422
8.142,0.411107,0.770058,1.14346,5.02739
8.144,0.414175,0.785398,1.18251,5.29165
8.146,0.417243,0.79767,1.21766,5.37607
8.148,0.420311,0.81301,1.24929,5.60546
8.15,0.423379,0.82835,1.27776,5.8119
8.152,0.426447,0.843689,1.30338,5.9977
8.154,0.426447,0.859029,1.17304,6.16492
8.156,0.432583,0.874369,1.36254,6.31542
8.158,0.435651,0.892777,1.37968,6.60427
8.16,0.438719,0.908117,1.39511,6.71083
8.162,0.438719,0.926524,1.2556,6.96014
8.164,0.441786,0.941864,1.28344,7.03111
8.166,0.447922,0.960272,1.46189,7.24839
8.168,0.447922,0.97868,1.3157,7.44394
8.17,0.45099,0.997088,1.33753,7.61993
8.172,0.454058,1.0155,1.35717,7.77833
8.174,0.457126,1.03697,1.37485,8.07428
8.176,0.460194,1.05538,1.39077,8.18724
8.178,0.463262,1.07685,1.40509,8.4423
8.18,0.46633,1.09526,1.41798,8.51846
8.182,0.469398,1.11674,1.42958,8.7404
8.184,0.472466,1.13515,1.44002,8.78675
8.186,0.472466,1.14742,1.29602,8.52167
8.188,0.475534,1.15969,1.31981,8.28309
8.19,0.475534,1.16889,1.18783,7.91498
8.192,0.475534,1.1781,1.06905,7.58368
8.194,0.475534,1.18423,0.962144,7.1321
8.196,0.475534,1.19344,0.865929,6.87909
8.198,0.475534,1.20264,0.779336,6.65137
8.2,0.475534,1.21184,0.701403,6.44643
8.202,0.475534,1.21798,0.631262,6.10858
8.204,0.472466,1.22718,0.414738,5.95792
8.206,0.472466,1.23332,0.373264,5.66892
8.208,0.469398,1.23639,0.18254,5.25543
8.21,0.469398,1.24252,0.164286,5.03668
8.212,0.46633,1.24559,-0.00554086,4.68641
8.214,0.46633,1.24866,-0.00498677,4.37117
8.216,0.46633,1.2548,-0.0044881,4.24085
8.218,0.46633,1.25786,-0.00403929,3.97016
8.22,0.463262,1.26093,-0.157033,3.72654
8.222,0.463262,1.26093,-0.14133,3.35389
8.224,0.463262,1.264,-0.127197,3.1719
8.226,0.463262,1.26707,-0.114477,3.00811
8.228,0.463262,1.27014,-0.10303,2.86069
8.23,0.46633,1.2732,0.0606714,2.72802
8.232,0.46633,1.27627,0.0546043,2.60862
8.234,0.46633,1.27627,0.0491438,2.34776
8.236,0.46633,1.27934,0.0442295,2.26638
8.238,0.46633,1.28241,0.0398065,2.19314
8.24,0.46633,1.28241,0.0358259,1.97383
8.242,0.46633,1.28548,0.0322433,1.92984
8.244,0.46633,1.28854,0.0290189,1.89025
8.246,0.46633,1.29161,0.0261171,1.85463
8.248,0.46633,1.29161,0.0235053,1.66916
8.25,0.46633,1.29161,0.0211548,1.50225
8.252,0.46633,1.29468,0.0190393,1.50542
8.254,0.46633,1.29468,0.0171354,1.35488
8.256,0.46633,1.29775,0.0154219,1.37279
8.258,0.46633,1.29775,0.0138797,1.23551
8.26,0.46633,1.30082,0.0124917,1.26536
8.262,0.46633,1.30082,0.0112425,1.13882
8.264,0.463262,1.30082,-0.14328,1.02494
8.266,0.463262,1.30082,-0.128952,0.922446
8.268,0.463262,1.30082,-0.116057,0.830201
8.27,0.463262,1.30388,-0.104451,0.900579
8.272,0.463262,1.30388,-0.0940059,0.810521
8.274,0.463262,1.30388,-0.0846053,0.729469
8.276,0.463262,1.30388,-0.0761448,0.656522
8.278,0.463262,1.30082,-0.0685303,0.437472
8.28,0.463262,1.30082,-0.0616773,0.393725
8.282,0.463262,1.30082,-0.0555095,0.354352
8.284,0.463262,1.30082,-0.0499586,0.318917
8.286,0.463262,1.30082,-0.0449627,0.287025
8.288,0.463262,1.29775,-0.0404664,0.104925
8.29,0.46633,1.29775,0.116978,0.0944322
8.292,0.46633,1.29775,0.10528,0.084989
8.294,0.46633,1.29468,0.0947524,-0.076908
8.296,0.46633,1.29468,0.0852772,-0.0692172
8.298,0.46633,1.29468,0.0767494,-0.0622955
8.3,0.46633,1.29468,0.0690745,-0.0560659
8.302,0.46633,1.29468,0.0621671,-0.0504593
8.304,0.463262,1.29468,-0.0974477,-0.0454134
8.306,0.463262,1.29161,-0.087703,-0.19427
8.308,0.463262,1.29161,-0.0789327,-0.174843
8.31,0.463262,1.29161,-0.0710394,-0.157359
8.312,0.463262,1.29161,-0.0639355,-0.141623
8.314,0.463262,1.29468,-0.0575419,0.0259374
8.316,0.463262,1.29468,-0.0517877,0.0233437
8.318,0.463262,1.29468,-0.0466089,0.0210093
8.32,0.463262,1.29775,-0.0419481,0.172306
8.322,0.463262,1.29775,-0.0377532,0.155076
8.324,0.463262,1.30082,-0.0339779,0.292966
8.326,0.463262,1.30388,-0.0305801,0.417068
8.328,0.460194,1.30388,-0.18092,0.375361
8.33,0.460194,1.30695,-0.162828,0.491223
8.332,0.460194,1.31002,-0.146545,0.595499
8.334,0.460194,1.31309,-0.131891,0.689347
8.336,0.460194,1.31922,-0.118702,0.927208
8.338,0.460194,1.32229,-0.106832,0.987886
8.34,0.460194,1.32536,-0.0961484,1.0425
8.342,0.460194,1.3315,-0.0865336,1.24504
8.344,0.460194,1.33456,-0.0778802,1.27394
8.346,0.457126,1.3407,-0.22349,1.45334
8.348,0.457126,1.34684,-0.201141,1.6148
8.35,0.457126,1.35297,-0.181027,1.76012
8.352,0.457126,1.35911,-0.162924,1.8909
8.354,0.454058,1.36524,-0.30003,2.00861
8.356,0.454058,1.37138,-0.270027,2.11454
8.358,0.454058,1.37751,-0.243024,2.20988
8.36,0.45099,1.38672,-0.37212,2.44909
8.362,0.45099,1.39592,-0.334908,2.66438
8.364,0.45099,1.40206,-0.301417,2.70473
8.366,0.45099,1.41126,-0.271275,2.89445
8.368,0.447922,1.42047,-0.397546,3.0652
8.37,0.447922,1.42967,-0.357791,3.21888
8.372,0.447922,1.44194,-0.322012,3.51058
8.374,0.447922,1.45115,-0.289811,3.61972
8.376,0.447922,1.46035,-0.26083,3.71794
8.378,0.444854,1.47262,-0.388145,3.95974
8.38,0.444854,1.48183,-0.349331,4.02396
8.382,0.444854,1.4941,-0.314397,4.23516
8.384,0.444854,1.5033,-0.282958,4.27183
8.386,0.441786,1.51557,-0.40806,4.45824
8.388,0.441786,1.52784,-0.367254,4.62601
8.39,0.441786,1.53705,-0.330529,4.6236
8.392,0.441786,1.54932,-0.297476,4.77484
8.394,0.441786,1.56159,-0.267728,4.91094
8.396,0.438719,1.57386,-0.394353,5.03344
8.398,0.438719,1.5892,-0.354918,5.29709
8.4,0.438719,1.60148,-0.319426,5.38097
8.402,0.438719,1.61682,-0.287484,5.60987
8.404,0.435651,1.62909,-0.412133,5.66247
8.406,0.435651,1.64443,-0.37092,5.86321
8.408,0.435651,1.6567,-0.333828,5.89049
8.41,0.432583,1.67204,-0.453843,6.06843
8.412,0.432583,1.68431,-0.408459,6.07518
8.414,0.429515,1.69965,-0.521011,6.23465
8.416,0.426447,1.71499,-0.622308,6.37817
8.418,0.426447,1.73033,-0.560077,6.50735
8.42,0.423379,1.7426,-0.657468,6.47021
8.422,0.420311,1.75794,-0.745119,6.59018
8.424,0.420311,1.77328,-0.670607,6.69815
8.426,0.417243,1.78862,-0.756944,6.79532
8.428,0.414175,1.80089,-0.834648,6.72938
8.43,0.411107,1.81623,-0.904581,6.82344
8.432,0.408039,1.83157,-0.967521,6.90808
8.434,0.404971,1.84998,-1.02417,7.13766
8.436,0.401903,1.86532,-1.07515,7.19089
8.438,0.398835,1.88373,-1.12103,7.39219
8.44,0.392699,1.89907,-1.31572,7.41996
8.442,0.389631,1.91748,-1.33755,7.59835
8.444,0.386563,1.93588,-1.35719,7.7589
8.446,0.380427,1.95736,-1.52827,8.0568
8.448,0.374291,1.97577,-1.68224,8.17151
8.45,0.368155,1.99724,-1.82081,8.42814
8.452,0.362019,2.01872,-1.94553,8.65912
8.454,0.355884,2.04019,-2.05777,8.86699
8.456,0.349748,2.06167,-2.15879,9.05408
8.458,0.343612,2.08315,-2.24971,9.22246
8.46,0.334408,2.10769,-2.48493,9.5274
8.462,0.328272,2.13223,-2.54323,9.80184
8.464,0.319068,2.15678,-2.7491,10.0488
8.466,0.309864,2.18132,-2.93439,10.2711
8.468,0.30066,2.20893,-3.10114,10.6246
8.47,0.291456,2.23348,-3.25122,10.7893
8.472,0.279185,2.26109,-3.53969,11.091
8.474,0.266913,2.29177,-3.79932,11.5159
8.476,0.257709,2.31938,-3.87958,11.7449
8.478,0.242369,2.35006,-4.25861,12.1044
8.48,0.230097,2.38074,-4.44634,12.4279
8.482,0.217825,2.41142,-4.6153,12.7191
8.484,0.202485,2.4421,-4.92076,12.9812
8.486,0.187146,2.47584,-5.19568,13.3704
8.488,0.168738,2.50959,-5.5965,13.7208
8.49,0.153398,2.54334,-5.80384,14.0361
8.492,0.131922,2.58016,-6.29724,14.4732
8.494,0.113515,2.61697,-6.5879,14.8667
8.496,0.0951068,2.65379,-6.8495,15.2208
8.498,0.0705631,2.69367,-7.39174,15.6929
8.5,0.0490874,2.73355,-7.72635,16.1178
8.502,0.0245437,2.77344,-8.1809,16.5002
8.504,-0,2.81639,-8.58999,16.9977
8.506,-0.0245437,2.85934,-8.95818,17.4455
8.508,-0.0521553,2.90229,-9.44294,17.8486
8.51,-0.079767,2.94831,-9.87923,18.3647
8.512,-0.110447,2.99433,-10.4253,18.8292
8.514,-0.138058,3.04035,-10.7633,19.2472
8.516,-0.168738,3.08637,-11.221,19.6235
8.518,-0.199418,3.13239,-11.6329,19.9621
8.52,-0.230097,-3.10171,-12.0036,20.4203
8.522,-0.260777,-3.05569,-12.3372,20.6792
8.524,-0.291456,-3.0066,-12.6375,21.0657
8.526,-0.322136,-2.96058,-12.9077,21.2601
8.528,-0.352816,-2.91456,-13.1509,21.435
8.53,-0.380427,-2.86854,-13.2164,21.5925
8.532,-0.408039,-2.82252,-13.2753,21.7342
8.534,-0.435651,-2.77651,-13.3284,21.8618
8.536,-0.463262,-2.73355,-13.3761,21.8232
8.538,-0.490874,-2.6906,-13.4191,21.7884
8.54,-0.515418,-2.64765,-13.3044,21.7571
8.542,-0.539961,-2.6047,-13.2011,21.729
8.544,-0.561437,-2.56482,-12.9548,21.5503
8.546,-0.582913,-2.52493,-12.7331,21.3894
8.548,-0.604388,-2.48812,-12.5336,21.0913
8.55,-0.625864,-2.44823,-12.354,20.9763
8.552,-0.644272,-2.41142,-12.039,20.7195
8.554,-0.66268,-2.3746,-11.7555,20.4883
8.556,-0.681087,-2.33779,-11.5003,20.2802
8.558,-0.699495,-2.30097,-11.2707,20.093
8.56,-0.714835,-2.26722,-10.9106,19.7711
8.562,-0.730175,-2.23348,-10.5865,19.4813
8.564,-0.745515,-2.19973,-10.2949,19.2206
8.566,-0.760854,-2.16598,-10.0324,18.9859
8.568,-0.776194,-2.1353,-9.79613,18.6213
8.57,-0.788466,-2.10462,-9.43011,18.2931
8.572,-0.803806,-2.07087,-9.25409,18.1512
8.574,-0.816078,-2.04019,-8.94227,17.8701
8.576,-0.82835,-2.01258,-8.66163,17.4636
8.578,-0.840621,-1.9819,-8.40906,17.2513
8.58,-0.852893,-1.95429,-8.18175,16.9067
8.582,-0.865165,-1.92361,-7.97717,16.75
8.584,-0.874369,-1.89907,-7.63964,16.3022
8.586,-0.886641,-1.87146,-7.48927,16.0526
8.588,-0.895845,-1.84384,-7.20054,15.8279
8.59,-0.905049,-1.81623,-6.94068,15.6257
8.592,-0.917321,-1.79169,-6.8602,15.2903
8.594,-0.926524,-1.76715,-6.63438,14.9885
8.596,-0.935728,-1.7426,-6.43113,14.7168
8.598,-0.944932,-1.71806,-6.24822,14.4723
8.6,-0.954136,-1.69351,-6.08359,14.2523
8.602,-0.96334,-1.67204,-5.93542,13.9008
8.604,-0.972544,-1.65056,-5.80208,13.5845
8.606,-0.97868,-1.62602,-5.52866,13.4533
8.608,-0.987884,-1.60454,-5.43599,13.1817
8.61,-0.997088,-1.58307,-5.35259,12.9373
8.612,-1.00322,-1.56466,-5.12412,12.564
8.614,-1.01243,-1.54318,-5.07191,12.3814
8.616,-1.01856,-1.52478,-4.87151,12.0636
8.618,-1.02777,-1.50637,-4.84455,11.7777
8.62,-1.0339,-1.48796,-4.6669,11.5203
8.622,-1.04004,-1.46955,-4.507,11.2886
8.624,-1.04924,-1.45115,-4.5165,11.0802
8.626,-1.05538,-1.43274,-4.37164,10.8925
8.628,-1.06151,-1.4174,-4.24127,10.5703
8.63,-1.06765,-1.40206,-4.12394,10.2802
8.632,-1.07379,-1.38365,-4.01835,10.1726
8.634,-1.08299,-1.37138,-4.0767,9.76893
8.636,-1.08606,-1.35604,-3.82243,9.55903
8.638,-1.09526,-1.3407,-3.90038,9.37012
8.64,-1.09833,-1.32536,-3.66374,9.20009
8.642,-1.10447,-1.31309,-3.60416,8.89368
8.644,-1.1106,-1.29775,-3.55054,8.7713
8.646,-1.11674,-1.28548,-3.50229,8.50776
8.648,-1.12287,-1.2732,-3.45885,8.27058
8.65,-1.12594,-1.264,-3.26637,7.90371
8.652,-1.13208,-1.25173,-3.24653,7.72694
8.654,-1.13821,-1.23946,-3.22867,7.56783
8.656,-1.14435,-1.23025,-3.2126,7.27125
8.658,-1.14742,-1.22105,-3.04474,7.00432
8.66,-1.15355,-1.21184,-3.04706,6.76408
8.662,-1.15969,-1.20264,-3.04915,6.54786
8.664,-1.16276,-1.19344,-2.89763,6.35327
8.666,-1.16889,-1.18423,-2.91467,6.17814
8.668,-1.17196,-1.1781,-2.7766,5.86712
8.67,-1.1781,-1.16889,-2.80573,5.7406
8.672,-1.18423,-1.16276,-2.83196,5.47334
8.674,-1.1873,-1.15662,-2.70216,5.2328
8.676,-1.19344,-1.15049,-2.73874,5.01632
8.678,-1.19651,-1.14435,-2.61826,4.82148
8.68,-1.20264,-1.13821,-2.66323,4.64613
8.682,-1.20571,-1.13515,-2.55031,4.33491
8.684,-1.21184,-1.13208,-2.60207,4.05482
8.686,-1.21491,-1.12594,-2.49526,3.95614
8.688,-1.22105,-1.12287,-2.55253,3.71392
8.69,-1.22412,-1.11981,-2.45068,3.49593
8.692,-1.23025,-1.11674,-2.51241,3.29973
8.694,-1.23332,-1.11674,-2.41456,2.96976
8.696,-1.23946,-1.11367,-2.4799,2.82618
8.698,-1.24252,-1.11367,-2.38531,2.54356
8.7,-1.24866,-1.11367,-2.45358,2.28921
8.702,-1.25173,-1.11367,-2.36162,2.06029
8.704,-1.2548,-1.11367,-2.27885,1.85426
8.706,-1.26093,-1.11367,-2.35776,1.66883
8.708,-1.26707,-1.11367,-2.42878,1.50195
8.71,-1.27014,-1.11367,-2.3393,1.35175
8.712,-1.2732,-1.11674,-2.25877,1.06318
8.714,-1.27934,-1.11981,-2.33969,0.803464
8.716,-1.28241,-1.12287,-2.25912,0.569719
8.718,-1.28548,-1.12594,-2.18661,0.359349
8.72,-1.29161,-1.12901,-2.27474,0.170016
8.722,-1.29468,-1.13208,-2.20067,-0.000383296
8.724,-1.30082,-1.13821,-2.28739,-0.307141
8.726,-1.30388,-1.14128,-2.21205,-0.429825
8.728,-1.30695,-1.14742,-2.14425,-0.693639
8.73,-1.31309,-1.15355,-2.23662,-0.931071
8.732,-1.31616,-1.15969,-2.16635,-1.14476
8.734,-1.32229,-1.16583,-2.25651,-1.33708
8.736,-1.32536,-1.17503,-2.18426,-1.66357
8.738,-1.3315,-1.18117,-2.27263,-1.80401
8.74,-1.33456,-1.19037,-2.19877,-2.0838
8.742,-1.3407,-1.19957,-2.28569,-2.33561
8.744,-1.34377,-1.20878,-2.21052,-2.56225
8.746,-1.3499,-1.21798,-2.29626,-2.76622
8.748,-1.35297,-1.22718,-2.22003,-2.94979
8.75,-1.35911,-1.23946,-2.30482,-3.2684
8.752,-1.36217,-1.24866,-2.22774,-3.40176
8.754,-1.36831,-1.26093,-2.31176,-3.67517
8.756,-1.37138,-1.2732,-2.23398,-3.92125
8.758,-1.37751,-1.28548,-2.31738,-4.14272
8.76,-1.38058,-1.29775,-2.23904,-4.34204
8.762,-1.38672,-1.31002,-2.32193,-4.52142
8.764,-1.38979,-1.32536,-2.24314,-4.83627
8.766,-1.39592,-1.3407,-2.32562,-5.11964
8.768,-1.39899,-1.35297,-2.24646,-5.22126
8.77,-1.40513,-1.36831,-2.32861,-5.46613
8.772,-1.40819,-1.38365,-2.24914,-5.68651
8.774,-1.41433,-1.40206,-2.33103,-6.03824
8.776,-1.4174,-1.4174,-2.25132,-6.20141
8.778,-1.42353,-1.43581,-2.33299,-6.50166
8.78,-1.4266,-1.45115,-2.25309,-6.61848
8.782,-1.42967,-1.46955,-2.18117,-6.87702
8.784,-1.43581,-1.48796,-2.26985,-7.10971
8.786,-1.43887,-1.50944,-2.19627,-7.47252
8.788,-1.44194,-1.52784,-2.13004,-7.64566
8.79,-1.44808,-1.54625,-2.22383,-7.80148
8.792,-1.45115,-1.56773,-2.15485,-8.09512
8.794,-1.45421,-1.5892,-2.09276,-8.3594
8.796,-1.45728,-1.61068,-2.03688,-8.59724
8.798,-1.46035,-1.63522,-1.98659,-8.9647
8.8,-1.46342,-1.6567,-1.94133,-9.14202
8.802,-1.46649,-1.67817,-1.9006,-9.3016
8.804,-1.46649,-1.70272,-1.71054,-9.59863
8.806,-1.46955,-1.72726,-1.69288,-9.86595
8.808,-1.46955,-1.75181,-1.52359,-10.1065
8.81,-1.47262,-1.77635,-1.52463,-10.3231
8.812,-1.47262,-1.80089,-1.37217,-10.5179
8.814,-1.47569,-1.82851,-1.38835,-10.8467
8.816,-1.47569,-1.85612,-1.24951,-11.1426
8.818,-1.47569,-1.88373,-1.12456,-11.409
8.82,-1.47262,-1.91134,-0.858708,-11.6486
8.822,-1.47262,-1.93895,-0.772838,-11.8644
8.824,-1.46955,-1.96963,-0.542156,-12.2119
8.826,-1.46955,-1.99724,-0.48794,-12.3713
8.828,-1.46649,-2.02792,-0.285748,-12.6682
8.83,-1.46342,-2.0586,-0.103775,-12.9353
8.832,-1.46035,-2.09235,0.0600004,-13.3292
8.834,-1.45421,-2.1261,0.360797,-13.6836
8.836,-1.45115,-2.15678,0.478115,-13.8492
8.838,-1.44501,-2.19359,0.7371,-14.3051
8.84,-1.43887,-2.22734,0.970186,-14.562
8.842,-1.42967,-2.26416,1.33336,-14.9465
8.844,-1.42353,-2.30097,1.50682,-15.2927
8.846,-1.41433,-2.33779,1.81633,-15.6042
8.848,-1.40206,-2.3746,2.24829,-15.8845
8.85,-1.39285,-2.41449,2.48366,-16.2903
8.852,-1.38058,-2.45437,2.84888,-16.6554
8.854,-1.36831,-2.49732,3.17759,-17.1374
8.856,-1.35297,-2.54027,3.62682,-17.5713
8.858,-1.33763,-2.58629,4.03113,-18.1151
8.86,-1.32229,-2.62924,4.39501,-18.4512
8.862,-1.30388,-2.67833,4.87589,-19.0604
8.864,-1.28241,-2.72435,5.46209,-19.4554
8.866,-1.264,-2.77344,5.83627,-19.9642
8.868,-1.24252,-2.82559,6.32643,-20.5755
8.87,-1.21798,-2.87775,6.92097,-21.1258
8.872,-1.19344,-2.9299,7.45606,-21.6209
8.874,-1.16583,-2.98513,8.09104,-22.22
8.876,-1.13821,-3.04035,8.66251,-22.7592
8.878,-1.1106,-3.09864,9.17685,-23.3978
8.88,-1.07992,3.12932,9.79314,-23.8192
8.882,-1.05231,3.07103,10.1944,-24.3519
8.884,-1.02163,3.01274,10.709,-24.8312
8.886,-0.99402,2.95751,11.0186,-25.1093
8.888,-0.966408,2.90229,11.2974,-25.3595
8.89,-0.938796,2.84707,11.5482,-25.5847
8.892,-0.914253,2.79185,11.6206,-25.7874
8.894,-0.889709,2.73969,11.6857,-25.8164
8.896,-0.865165,2.68753,11.7443,-25.8426
8.898,-0.843689,2.63538,11.6437,-25.8661
8.9,-0.822214,2.58629,11.5531,-25.7338
8.902,-0.800738,2.5372,11.4716,-25.6148
8.904,-0.78233,2.49118,11.2448,-25.3543
8.906,-0.763922,2.44517,11.0407,-25.1199
8.908,-0.748583,2.39915,10.7036,-24.9088
8.91,-0.733243,2.35313,10.4003,-24.7189
8.912,-0.717903,2.31018,10.1272,-24.3946
8.914,-0.702563,2.26722,9.88149,-24.1027
8.916,-0.690291,2.22427,9.50693,-23.84
8.918,-0.67802,2.18439,9.16983,-23.4502
8.92,-0.665748,2.14451,8.86644,-23.0993
8.922,-0.656544,2.10462,8.43999,-22.7836
8.924,-0.64734,2.06781,8.05618,-22.346
8.926,-0.638136,2.02792,7.71076,-22.1056
8.928,-0.628932,1.99111,7.39988,-21.7358
8.93,-0.619728,1.95429,7.12008,-21.403
8.932,-0.610524,1.91748,6.86827,-21.1035
8.934,-0.604388,1.88373,6.48824,-20.6805
8.936,-0.595185,1.84691,6.29961,-20.4532
8.938,-0.592117,1.81317,5.82305,-20.0953
8.94,-0.582913,1.77942,5.70094,-19.7731
8.942,-0.579845,1.74567,5.28424,-19.4832
8.944,-0.573709,1.71499,5.06261,-19.0689
8.946,-0.567573,1.68124,4.86315,-18.8494
8.948,-0.564505,1.65056,4.53023,-18.4984
8.95,-0.558369,1.61988,4.384,-18.1825
8.952,-0.555301,1.5892,4.099,-17.8983
8.954,-0.549165,1.55852,3.9959,-17.6424
8.956,-0.546097,1.52784,3.74971,-17.4122
8.958,-0.543029,1.50023,3.52813,-17.0515
8.96,-0.539961,1.47262,3.32872,-16.727
8.962,-0.536893,1.44501,3.14924,-16.4348
8.964,-0.533825,1.4174,2.98772,-16.1719
8.966,-0.533825,1.38979,2.68895,-15.9353
8.968,-0.530757,1.36217,2.57345,-15.7224
8.97,-0.530757,1.33763,2.3161,-15.3773
8.972,-0.527689,1.31002,2.23789,-15.2202
8.974,-0.524621,1.28548,2.1675,-14.9253
8.976,-0.524621,1.26093,1.95075,-14.66
8.978,-0.524621,1.23639,1.75568,-14.4212
8.98,-0.521553,1.21184,1.73351,-14.2062
8.982,-0.521553,1.1873,1.56016,-14.0128
8.984,-0.521553,1.16583,1.40414,-13.6853
8.986,-0.521553,1.14128,1.26373,-13.544
8.988,-0.521553,1.11981,1.13735,-13.2634
8.99,-0.521553,1.09526,1.02362,-13.1642
8.992,-0.521553,1.07379,0.921256,-12.9216
8.994,-0.521553,1.05231,0.829131,-12.7032
8.996,-0.521553,1.03084,0.746218,-12.5067
8.998,-0.521553,1.00936,0.671596,-12.3298
9,-0.521553,0.990952,0.604436,-12.0172
9.002,-0.521553,0.969476,0.543993,-11.8893
9.004,-0.524621,0.951068,0.336195,-11.6207
9.006,-0.524621,0.93266,0.302576,-11.379
9.008,-0.524621,0.911185,0.272318,-11.3149
9.01,-0.524621,0.892777,0.245086,-11.1038
9.012,-0.527689,0.874369,0.0671797,-10.9138
9.014,-0.527689,0.855961,0.0604617,-10.7428
9.016,-0.527689,0.840621,0.0544156,-10.4355
9.018,-0.530757,0.822214,-0.104424,-10.3124
9.02,-0.530757,0.803806,-0.0939817,-10.2015
9.022,-0.530757,0.788466,-0.0845835,-9.94836
9.024,-0.530757,0.773126,-0.0761252,-9.72052
9.026,-0.533825,0.757787,-0.221911,-9.51546
9.028,-0.533825,0.742447,-0.19972,-9.3309
9.03,-0.533825,0.727107,-0.179748,-9.1648
9.032,-0.533825,0.711767,-0.161773,-9.01531
9.034,-0.536893,0.696427,-0.298994,-8.88077
9.036,-0.536893,0.681087,-0.269094,-8.75968
9.038,-0.536893,0.668816,-0.242185,-8.49731
9.04,-0.536893,0.656544,-0.217966,-8.26117
9.042,-0.539961,0.641204,-0.349568,-8.20204
9.044,-0.539961,0.628932,-0.314611,-7.99543
9.046,-0.539961,0.61666,-0.28315,-7.80948
9.048,-0.539961,0.604388,-0.254835,-7.64212
9.05,-0.539961,0.595185,-0.229351,-7.33811
9.052,-0.539961,0.582913,-0.206416,-7.21789
9.054,-0.539961,0.570641,-0.185775,-7.10969
9.056,-0.539961,0.561437,-0.167197,-6.85892
9.058,-0.539961,0.549165,-0.150477,-6.78662
9.06,-0.539961,0.539961,-0.13543,-6.56815
9.062,-0.539961,0.530757,-0.121887,-6.37153
9.064,-0.539961,0.521553,-0.109698,-6.19457
9.066,-0.539961,0.51235,-0.0987283,-6.03531
9.068,-0.539961,0.503146,-0.0888555,-5.89197
9.07,-0.536893,0.49701,0.0734282,-5.60957
9.072,-0.536893,0.487806,0.0660854,-5.50881
9.074,-0.536893,0.48167,0.0594768,-5.26472
9.076,-0.533825,0.472466,0.206927,-5.19844
9.078,-0.533825,0.46633,0.186234,-4.9854
9.08,-0.533825,0.460194,0.167611,-4.79365
9.082,-0.530757,0.454058,0.304248,-4.62108
9.084,-0.530757,0.447922,0.273823,-4.46577
9.086,-0.527689,0.441786,0.399839,-4.32599
9.088,-0.527689,0.435651,0.359855,-4.20019
9.09,-0.524621,0.429515,0.477268,-4.08697
9.092,-0.521553,0.426447,0.582939,-3.83167
9.094,-0.518486,0.420311,0.678043,-3.7553
9.096,-0.518486,0.417243,0.610239,-3.53316
9.098,-0.515418,0.414175,0.702613,-3.33325
9.1,-0.51235,0.411107,0.78575,-3.15332
9.102,-0.509282,0.408039,0.860573,-2.99139
9.104,-0.506214,0.404971,0.927914,-2.84565
9.106,-0.503146,0.401903,0.98852,-2.71448
9.108,-0.500078,0.398835,1.04307,-2.59643
9.11,-0.49701,0.398835,1.09216,-2.33679
9.112,-0.493942,0.395767,1.13634,-2.25651
9.114,-0.490874,0.395767,1.1761,-2.03086
9.116,-0.487806,0.395767,1.21189,-1.82777
9.118,-0.484738,0.395767,1.2441,-1.64499
9.12,-0.478602,0.395767,1.42649,-1.48049
9.122,-0.475534,0.395767,1.43724,-1.33244
9.124,-0.472466,0.395767,1.44691,-1.1992
9.126,-0.46633,0.395767,1.60902,-1.07928
9.128,-0.463262,0.395767,1.60151,-0.971352
9.13,-0.457126,0.398835,1.74816,-0.720818
9.132,-0.454058,0.398835,1.72674,-0.648737
9.134,-0.447922,0.401903,1.86086,-0.430465
9.136,-0.444854,0.401903,1.82817,-0.387418
9.138,-0.438719,0.404971,1.95215,-0.195278
9.14,-0.435651,0.408039,1.91034,-0.0223525
9.142,-0.429515,0.411107,2.0261,0.133281
9.144,-0.423379,0.414175,2.13028,0.273351
9.146,-0.420311,0.417243,2.07065,0.399414
9.148,-0.414175,0.423379,2.17038,0.666269
9.15,-0.408039,0.426447,2.26014,0.75304
9.152,-0.401903,0.432583,2.34092,0.984532
9.154,-0.395767,0.435651,2.41363,1.03948
9.156,-0.389631,0.441786,2.47906,1.24233
9.158,-0.383495,0.447922,2.53795,1.42489
9.16,-0.380427,0.454058,2.43755,1.5892
9.162,-0.374291,0.460194,2.5006,1.73707
9.164,-0.368155,0.46633,2.55733,1.87016
9.166,-0.358952,0.472466,2.76179,1.98994
9.168,-0.352816,0.478602,2.79241,2.09774
9.17,-0.34668,0.487806,2.81996,2.34816
9.172,-0.340544,0.493942,2.84476,2.42014
9.174,-0.334408,0.503146,2.86708,2.63832
9.176,-0.328272,0.51235,2.88717,2.83469
9.178,-0.322136,0.521553,2.90525,3.01141
9.18,-0.312932,0.530757,3.07492,3.17046
9.182,-0.306796,0.539961,3.07422,3.31361
9.184,-0.30066,0.549165,3.0736,3.44244
9.186,-0.291456,0.558369,3.22643,3.55839
9.188,-0.28532,0.570641,3.21059,3.81615
9.19,-0.276117,0.579845,3.34972,3.89473
9.192,-0.269981,0.592117,3.32155,4.11885
9.194,-0.263845,0.604388,3.29619,4.32055
9.196,-0.254641,0.61666,3.42676,4.50209
9.198,-0.248505,0.628932,3.39088,4.66547
9.2,-0.239301,0.641204,3.51199,4.81252
9.202,-0.233165,0.653476,3.46759,4.94486
9.204,-0.223961,0.665748,3.58102,5.06397
9.206,-0.217825,0.681087,3.52972,5.32456
9.208,-0.211689,0.693359,3.48354,5.4057
9.21,-0.202485,0.708699,3.59538,5.63212
9.212,-0.19635,0.720971,3.54264,5.6825
9.214,-0.187146,0.736311,3.64857,5.88124
9.216,-0.177942,0.751651,3.74391,6.0601
9.218,-0.171806,0.76699,3.67631,6.22108
9.22,-0.16567,0.785398,3.61548,6.51936
9.222,-0.156466,0.800738,3.71412,6.63442
9.224,-0.15033,0.816078,3.64951,6.73797
9.226,-0.141126,0.834486,3.74475,6.98456
9.228,-0.13499,0.852893,3.67707,7.20649
9.23,-0.125786,0.868233,3.76956,7.25283
9.232,-0.119651,0.886641,3.6994,7.44794
9.234,-0.113515,0.905049,3.63626,7.62353
9.236,-0.104311,0.923456,3.73282,7.78157
9.238,-0.0981748,0.944932,3.66634,8.0772
9.24,-0.0889709,0.96334,3.7599,8.18987
9.242,-0.082835,0.981748,3.6907,8.29127
9.244,-0.076699,1.00322,3.62843,8.53593
9.246,-0.0705631,1.0247,3.57238,8.75612
9.248,-0.0644272,1.04617,3.52194,8.9543
9.25,-0.0552233,1.06765,3.62994,9.13265
9.252,-0.0490874,1.08913,3.57374,9.29317
9.254,-0.0429515,1.1106,3.52317,9.43764
9.256,-0.0368155,1.13208,3.47764,9.56767
9.258,-0.0306796,1.15662,3.43668,9.83808
9.26,-0.0245437,1.18117,3.3998,10.0815
9.262,-0.0184078,1.20264,3.36662,10.1471
9.264,-0.0122718,1.22718,3.33675,10.3596
9.266,-0.00613592,1.25173,3.30988,10.5508
9.268,-0.00306796,1.27934,3.13229,10.8763
9.27,0.00306796,1.30388,3.12585,11.0159
9.272,0.00920388,1.32843,3.12006,11.1415
9.274,0.0122718,1.35604,2.96146,11.4079
9.276,0.0184078,1.38365,2.97211,11.6477
9.278,0.0214757,1.41126,2.82829,11.8635
9.28,0.0276117,1.43887,2.85226,12.0577
9.282,0.0306796,1.46649,2.72043,12.2325
9.284,0.0368155,1.4941,2.75519,12.3899
9.286,0.0398835,1.52478,2.63307,12.6849
9.288,0.0429515,1.55239,2.52316,12.797
9.29,0.0460194,1.58307,2.42424,13.0512
9.292,0.0490874,1.61375,2.33521,13.2801
9.294,0.0521553,1.64443,2.25509,13.4861
9.296,0.0521553,1.67817,2.02958,13.8248
9.298,0.0552233,1.70885,1.98002,13.9763
9.3,0.0552233,1.7426,1.78202,14.2661
9.302,0.0582913,1.77635,1.75722,14.5269
9.304,0.0582913,1.8101,1.58149,14.7615
9.306,0.0582913,1.84384,1.42334,14.9728
9.308,0.0582913,1.87759,1.28101,15.1629
9.31,0.0552233,1.91441,0.999511,15.4874
9.312,0.0552233,1.95122,0.89956,15.7794
9.314,0.0521553,1.98804,0.656206,16.0422
9.316,0.0490874,2.02485,0.437187,16.2788
9.318,0.0460194,2.06474,0.24007,16.6451
9.32,0.0398835,2.10155,-0.090733,16.8214
9.322,0.0337476,2.14451,-0.388456,17.2868
9.324,0.0276117,2.18439,-0.656406,17.5523
9.326,0.0214757,2.22734,-0.897562,17.9446
9.328,0.0122718,2.27029,-1.268,18.2977
9.33,0.00613592,2.31324,-1.448,18.6155
9.332,-0.00613592,2.35926,-1.91679,19.055
9.334,-0.0153398,2.40528,-2.1853,19.4504
9.336,-0.0276117,2.4513,-2.58037,19.8064
9.338,-0.0429515,2.50039,-3.08932,20.2801
9.34,-0.0582913,2.54948,-3.54738,20.7065
9.342,-0.0736311,2.60163,-3.95963,21.2436
9.344,-0.0920388,2.65379,-4.48406,21.727
9.346,-0.113515,2.70594,-5.10944,22.1621
9.348,-0.131922,2.76117,-5.51888,22.707
9.35,-0.156466,2.81946,-6.19418,23.3509
9.352,-0.177942,2.87468,-6.64855,23.777
9.354,-0.205553,2.93604,-7.36428,24.4672
9.356,-0.233165,2.9974,-8.00843,25.0885
9.358,-0.260777,3.05876,-8.58817,25.6476
9.36,-0.288388,3.12318,-9.10994,26.3042
9.362,-0.319068,-3.09864,-9.73292,26.7417
9.364,-0.34668,-3.03421,-10.1402,27.2889
9.366,-0.374291,-2.97285,-10.5068,27.628
9.368,-0.401903,-2.9115,-10.8367,27.9331
9.37,-0.426447,-2.8532,-10.9802,28.0544
9.372,-0.45099,-2.79491,-11.1094,28.1635
9.374,-0.472466,-2.73662,-11.0722,28.2617
9.376,-0.493942,-2.6814,-11.0388,28.1967
9.378,-0.515418,-2.62618,-11.0087,28.1382
9.38,-0.536893,-2.57095,-10.9816,28.0856
9.382,-0.555301,-2.51573,-10.8038,28.0382
9.384,-0.570641,-2.46664,-10.4904,27.6887
9.386,-0.585981,-2.41449,-10.2084,27.5276
9.388,-0.598253,-2.36847,-9.80114,27.0758
9.39,-0.610524,-2.32245,-9.43462,26.6692
9.392,-0.622796,-2.27336,-9.10475,26.4567
9.394,-0.635068,-2.22734,-8.80787,26.112
9.396,-0.644272,-2.18132,-8.38727,25.8017
9.398,-0.653476,-2.13837,-8.00874,25.3691
9.4,-0.66268,-2.09542,-7.66806,24.9798
9.402,-0.668816,-2.05247,-7.20805,24.6294
9.404,-0.674952,-2.01258,-6.79404,24.1606
9.406,-0.681087,-1.96963,-6.42143,23.8921
9.408,-0.687223,-1.92975,-6.08609,23.4971
9.41,-0.693359,-1.88986,-5.78427,23.1416
9.412,-0.696427,-1.84998,-5.35924,22.8216
9.414,-0.702563,-1.81317,-5.13012,22.3802
9.416,-0.702563,-1.77635,-4.6171,21.983
9.418,-0.705631,-1.73953,-4.30879,21.6254
9.42,-0.708699,-1.70272,-4.03131,21.3037
9.422,-0.711767,-1.6659,-3.78158,21.0141
9.424,-0.711767,-1.62909,-3.40342,20.7535
9.426,-0.714835,-1.59534,-3.21648,20.3655
9.428,-0.714835,-1.56159,-2.89483,20.0163
9.43,-0.714835,-1.52784,-2.60535,19.7021
9.432,-0.714835,-1.4941,-2.34481,19.4192
9.434,-0.714835,-1.46035,-2.11033,19.1647
9.436,-0.714835,-1.4266,-1.8993,18.9356
9.438,-0.711767,-1.39592,-1.55597,18.576
9.44,-0.711767,-1.36217,-1.40037,18.4058
9.442,-0.708699,-1.3315,-1.10694,18.0992
9.444,-0.705631,-1.30082,-0.842845,17.8233
9.446,-0.702563,-1.27014,-0.605163,17.5749
9.448,-0.702563,-1.23946,-0.544646,17.3514
9.45,-0.699495,-1.20878,-0.336784,17.1502
9.452,-0.693359,-1.18117,0.00369082,16.8158
9.454,-0.690291,-1.15049,0.15672,16.6682
9.456,-0.687223,-1.12287,0.294446,16.382
9.458,-0.681087,-1.09526,0.571797,16.1244
9.46,-0.67802,-1.06458,0.668016,16.0459
9.462,-0.674952,-1.03697,0.754612,15.8219
9.464,-0.668816,-1.00936,0.985947,15.6203
9.466,-0.66268,-0.984816,1.19415,15.2854
9.468,-0.656544,-0.957204,1.38153,15.1375
9.47,-0.653476,-0.929592,1.39678,15.0043
9.472,-0.644272,-0.901981,1.71729,14.8845
9.474,-0.641204,-0.877437,1.69896,14.6232
9.476,-0.632,-0.852893,1.98926,14.3881
9.478,-0.625864,-0.825282,2.09713,14.3298
9.48,-0.619728,-0.800738,2.19421,14.124
9.482,-0.613592,-0.776194,2.28159,13.9388
9.484,-0.607456,-0.748583,2.36022,13.9255
9.486,-0.598253,-0.724039,2.5844,13.7602
9.488,-0.592117,-0.699495,2.63275,13.6113
9.49,-0.582913,-0.67802,2.82967,13.324
9.492,-0.576777,-0.653476,2.8535,13.2188
9.494,-0.567573,-0.628932,3.02835,13.1241
9.496,-0.558369,-0.604388,3.1857,13.0389
9.498,-0.552233,-0.582913,3.17393,12.8088
9.5,-0.543029,-0.558369,3.31673,12.7551
9.502,-0.533825,-0.536893,3.44525,12.5533
9.504,-0.527689,-0.51235,3.40752,12.5252
9.506,-0.518486,-0.490874,3.52697,12.3465
9.508,-0.509282,-0.46633,3.63446,12.339
9.51,-0.500078,-0.444854,3.73121,12.1789
9.512,-0.490874,-0.423379,3.81828,12.0348
9.514,-0.48167,-0.401903,3.89665,11.9051
9.516,-0.472466,-0.380427,3.96718,11.7884
9.518,-0.463262,-0.355884,4.03066,11.8367
9.52,-0.454058,-0.337476,4.08778,11.5734
9.522,-0.444854,-0.316,4.1392,11.4899
9.524,-0.435651,-0.294524,4.18547,11.4147
9.526,-0.426447,-0.273049,4.22712,11.347
9.528,-0.417243,-0.251573,4.2646,11.2861
9.53,-0.408039,-0.230097,4.29834,11.2313
9.532,-0.398835,-0.211689,4.3287,11.0285
9.534,-0.389631,-0.190214,4.35602,10.9995
9.536,-0.380427,-0.168738,4.38061,10.9733
9.538,-0.374291,-0.15033,4.24935,10.7964
9.54,-0.374291,-0.128854,3.82441,10.7905
9.542,-0.368155,-0.113515,3.74877,10.4784
9.544,-0.365087,-0.0981748,3.52729,10.1976
9.546,-0.362019,-0.0859029,3.32796,9.79143
9.548,-0.362019,-0.076699,2.99516,9.27248
9.55,-0.365087,-0.0674952,2.54225,8.80542
9.552,-0.371223,-0.0613592,1.98123,8.23168
9.554,-0.374291,-0.0582913,1.62971,7.56191
9.556,-0.383495,-0.0552233,1.00654,6.95912
9.558,-0.392699,-0.0552233,0.445694,6.2632
9.56,-0.404971,-0.0582913,-0.212468,5.48349
9.562,-0.417243,-0.0613592,-0.804814,4.78174
9.564,-0.432583,-0.0674952,-1.49132,3.99677
9.566,-0.447922,-0.0736311,-2.10918,3.2903
9.568,-0.46633,-0.082835,-2.81865,2.50107
9.57,-0.484738,-0.0951068,-3.45717,1.63737
9.572,-0.503146,-0.104311,-4.03185,1.01344
9.574,-0.524621,-0.119651,-4.70245,0.145106
9.576,-0.546097,-0.131922,-5.30599,-0.482997
9.578,-0.567573,-0.144194,-5.84918,-1.04829
9.58,-0.589049,-0.159534,-6.33805,-1.71045
9.582,-0.613592,-0.174874,-6.93143,-2.3064
9.584,-0.635068,-0.190214,-7.31207,-2.84275
9.586,-0.656544,-0.205553,-7.65465,-3.32546
9.588,-0.681087,-0.220893,-8.11637,-3.75991
9.59,-0.702563,-0.236233,-8.37852,-4.15091
9.592,-0.727107,-0.251573,-8.76785,-4.50281
9.594,-0.748583,-0.266913,-8.96485,-4.81952
9.596,-0.770058,-0.282252,-9.14215,-5.10455
9.598,-0.791534,-0.30066,-9.30173,-5.51449
9.6,-0.816078,-0.316,-9.59874,-5.73003
9.602,-0.837554,-0.33134,-9.71265,-5.92402
9.604,-0.859029,-0.349748,-9.81517,-6.252
9.606,-0.880505,-0.365087,-9.90744,-6.39379
9.608,-0.901981,-0.383495,-9.99048,-6.6748
9.61,-0.923456,-0.401903,-10.0652,-6.92771
9.612,-0.948,-0.420311,-10.2859,-7.15533
9.614,-0.969476,-0.435651,-10.3311,-7.20679
9.616,-0.987884,-0.454058,-10.2184,-7.4065
9.618,-1.00936,-0.472466,-10.2703,-7.58623
9.62,-1.03084,-0.490874,-10.3171,-7.748
9.622,-1.05231,-0.51235,-10.3591,-8.04699
9.624,-1.07379,-0.530757,-10.397,-8.16268
9.626,-1.09526,-0.549165,-10.4311,-8.2668
9.628,-1.11367,-0.570641,-10.3084,-8.5139
9.63,-1.13515,-0.589049,-10.3513,-8.5829
9.632,-1.15355,-0.610524,-10.2366,-8.7984
9.634,-1.17503,-0.632,-10.2867,-8.99234
9.636,-1.19344,-0.650408,-10.1784,-9.0135
9.638,-1.21184,-0.671884,-10.081,-9.18594
9.64,-1.23025,-0.693359,-9.99327,-9.34113
9.642,-1.25173,-0.714835,-10.0677,-9.4808
9.644,-1.27014,-0.736311,-9.98134,-9.60651
9.646,-1.28854,-0.757787,-9.9036,-9.71964
9.648,-1.30695,-0.78233,-9.83363,-9.97486
9.65,-1.32229,-0.803806,-9.61725,-10.0512
9.652,-1.3407,-0.825282,-9.57592,-10.1198
9.654,-1.35911,-0.849825,-9.53871,-10.335
9.656,-1.37751,-0.874369,-9.50523,-10.5287
9.658,-1.39285,-0.898913,-9.3217,-10.703
9.66,-1.40819,-0.920388,-9.15652,-10.7065
9.662,-1.4266,-0.948,-9.16126,-11.0164
9.664,-1.44194,-0.972544,-9.01212,-11.142
9.666,-1.45728,-0.997088,-8.8779,-11.255
9.668,-1.47262,-1.0247,-8.7571,-11.5101
9.67,-1.48796,-1.04924,-8.64838,-11.5862
9.672,-1.5033,-1.07685,-8.55053,-11.8082
9.674,-1.51557,-1.10447,-8.30907,-12.008
9.676,-1.53091,-1.13208,-8.24515,-12.1877
9.678,-1.54625,-1.15969,-8.18763,-12.3496
9.68,-1.55852,-1.1873,-7.98246,-12.4952
9.682,-1.57386,-1.21491,-7.9512,-12.6262
9.684,-1.58614,-1.24559,-7.76968,-12.8976
9.686,-1.59841,-1.2732,-7.6063,-12.9884
9.688,-1.61068,-1.30388,-7.45926,-13.2236
9.69,-1.62295,-1.33456,-7.32693,-13.4352
9.692,-1.63522,-1.36524,-7.20783,-13.6256
9.694,-1.64443,-1.39592,-6.94724,-13.7971
9.696,-1.6567,-1.4266,-6.86611,-13.9513
9.698,-1.6659,-1.46035,-6.63969,-14.2436
9.7,-1.67511,-1.49103,-6.43592,-14.3532
9.702,-1.68738,-1.52478,-6.40592,-14.6053
9.704,-1.69658,-1.55852,-6.22552,-14.8321
9.706,-1.70579,-1.59227,-6.06316,-15.0363
9.708,-1.71499,-1.62602,-5.91704,-15.22
9.71,-1.72113,-1.65977,-5.63213,-15.3854
9.712,-1.73033,-1.69658,-5.52911,-15.6876
9.714,-1.73647,-1.73033,-5.283,-15.8063
9.716,-1.74567,-1.76715,-5.21489,-16.0664
9.718,-1.74874,-1.80396,-4.8468,-16.3005
9.72,-1.75487,-1.84078,-4.66892,-16.5113
9.722,-1.76101,-1.88066,-4.50882,-16.8543
9.724,-1.76408,-1.91748,-4.21134,-17.0097
9.726,-1.77021,-1.95736,-4.097,-17.3029
9.728,-1.77328,-1.99724,-3.8407,-17.5668
9.73,-1.77328,-2.04019,-3.45663,-17.9577
9.732,-1.77635,-2.08008,-3.26436,-18.1561
9.734,-1.77635,-2.12303,-2.93793,-18.488
9.736,-1.77635,-2.16598,-2.64413,-18.7868
9.738,-1.77635,-2.212,-2.37972,-19.2091
9.74,-1.77328,-2.25495,-1.98835,-19.4358
9.742,-1.77021,-2.30097,-1.63612,-19.7932
9.744,-1.76715,-2.35006,-1.31911,-20.2682
9.746,-1.76101,-2.39915,-0.880401,-20.6958
9.748,-1.75487,-2.44823,-0.485565,-21.0805
9.75,-1.74567,-2.50039,0.0231861,-21.5803
9.752,-1.73647,-2.55254,0.481062,-22.03
9.754,-1.72726,-2.6047,0.89315,-22.4348
9.756,-1.71192,-2.65992,1.57083,-22.9525
9.758,-1.69965,-2.71821,2.02733,-23.5718
9.76,-1.68431,-2.77651,2.59159,-24.1292
9.762,-1.6659,-2.83786,3.25282,-24.7842
9.764,-1.6475,-2.89922,3.84793,-25.3737
9.766,-1.62602,-2.96365,4.53692,-26.0577
9.768,-1.60454,-3.02808,5.15702,-26.6733
9.77,-1.58307,-3.09251,5.7151,-27.2273
9.772,-1.55852,3.12318,6.37078,-27.8794
9.774,-1.53398,3.05569,6.96088,-28.4662
9.776,-1.51251,2.99126,7.33858,-28.8409
9.778,-1.48796,2.92377,7.83191,-29.3316
9.78,-1.46649,2.85934,8.1225,-29.6198
9.782,-1.44808,2.79798,8.23064,-29.7258
9.784,-1.42967,2.73662,8.32797,-29.8212
9.786,-1.41433,2.67833,8.26216,-29.7536
9.788,-1.39899,2.62004,8.20293,-29.6928
9.79,-1.38365,2.56175,8.14963,-29.6381
9.792,-1.36831,2.50346,8.10166,-29.5888
9.794,-1.35604,2.44517,7.90508,-29.5445
9.796,-1.34377,2.39301,7.72817,-29.1978
9.798,-1.33456,2.34085,7.41555,-28.8858
9.8,-1.32843,2.2887,6.98079,-28.605
9.802,-1.31922,2.23961,6.7429,-28.1989
9.804,-1.31309,2.19052,6.37541,-27.8334
9.806,-1.30695,2.14451,6.04466,-27.351
9.808,-1.30388,2.09542,5.5936,-27.0703
9.81,-1.29775,2.04633,5.34103,-26.8176
9.812,-1.29468,2.00338,4.96033,-26.2834
9.814,-1.29468,1.95736,4.46429,-25.956
9.816,-1.29161,1.91441,4.17126,-25.508
9.818,-1.29161,1.87146,3.75414,-25.1048
9.82,-1.29161,1.82544,3.37872,-24.8953
9.822,-1.29161,1.78249,3.04085,-24.5533
9.824,-1.29161,1.7426,2.73677,-24.0922
9.826,-1.29161,1.70272,2.46309,-23.6771
9.828,-1.29468,1.65977,2.06338,-23.457
9.83,-1.29468,1.61988,1.85704,-23.1055
9.832,-1.29775,1.58307,1.51794,-22.6357
9.834,-1.30082,1.54318,1.21275,-22.3663
9.836,-1.30695,1.5033,0.784678,-22.1238
9.838,-1.31002,1.46649,0.552812,-21.7522
9.84,-1.31616,1.42967,0.190735,-21.4178
9.842,-1.31922,1.39285,0.0182633,-21.1168
9.844,-1.32536,1.35604,-0.290359,-20.8459
9.846,-1.3315,1.31922,-0.568119,-20.6021
9.848,-1.33763,1.28241,-0.818104,-20.3826
9.85,-1.34377,1.24866,-1.04309,-20.0318
9.852,-1.35297,1.21184,-1.39897,-19.8694
9.854,-1.35911,1.1781,-1.56587,-19.5698
9.856,-1.36524,1.14435,-1.71608,-19.3002
9.858,-1.37445,1.10753,-2.00467,-19.211
9.86,-1.38365,1.07379,-2.2644,-18.9772
9.862,-1.39285,1.04004,-2.49815,-18.7669
9.864,-1.40206,1.00936,-2.70853,-18.4242
9.866,-1.41126,0.975612,-2.89787,-18.2691
9.868,-1.42047,0.941864,-3.06828,-18.1296
9.87,-1.42967,0.911185,-3.22164,-17.8506
9.872,-1.44194,0.877437,-3.51307,-17.7529
9.874,-1.45115,0.843689,-3.62196,-17.665
9.876,-1.46342,0.81301,-3.87336,-17.4325
9.878,-1.47569,0.78233,-4.09961,-17.2232
9.88,-1.48796,0.748583,-4.30324,-17.1883
9.882,-1.50023,0.717903,-4.48651,-17.0034
9.884,-1.51251,0.687223,-4.65145,-16.8371
9.886,-1.52478,0.656544,-4.7999,-16.6874
9.888,-1.53705,0.625864,-4.9335,-16.5526
9.89,-1.54932,0.595185,-5.05374,-16.4313
9.892,-1.56466,0.564505,-5.31536,-16.3222
9.894,-1.57693,0.533825,-5.39742,-16.2239
9.896,-1.59227,0.503146,-5.62467,-16.1355
9.898,-1.60761,0.472466,-5.82919,-16.0559
9.9,-1.62295,0.444854,-6.01326,-15.8309
9.902,-1.63522,0.414175,-6.02553,-15.7818
9.904,-1.65056,0.383495,-6.18996,-15.7376
9.906,-1.6659,0.355884,-6.33796,-15.5444
9.908,-1.68124,0.325204,-6.47115,-15.524
9.91,-1.69658,0.294524,-6.59103,-15.5056
9.912,-1.71192,0.266913,-6.69892,-15.3356
9.914,-1.73033,0.236233,-6.94941,-15.336
9.916,-1.74567,0.208621,-7.02146,-15.183
9.918,-1.76101,0.177942,-7.08631,-15.1987
9.92,-1.77635,0.15033,-7.14467,-15.0594
9.922,-1.78555,0.122718,-6.89039,-14.934
9.924,-1.77328,0.0951068,-5.58776,-14.8212
9.926,-1.74567,0.0674952,-3.6484,-14.7197
9.928,-1.72113,0.0429515,-2.05638,-14.4749
9.93,-1.70885,0.0214757,-1.23715,-14.1012
9.932,-1.71499,0.00306796,-1.42023,-13.6115
9.934,-1.71806,-0.0122718,-1.4316,-13.0173
9.936,-1.72113,-0.0276117,-1.44184,-12.4826
9.938,-1.72113,-0.0368155,-1.29766,-11.6945
9.94,-1.71499,-0.0490874,-0.861096,-11.1386
9.942,-1.71192,-0.0552233,-0.621588,-10.3316
9.944,-1.70579,-0.0613592,-0.252633,-9.60521
9.946,-1.69658,-0.0674952,0.232824,-8.95149
9.948,-1.68738,-0.0674952,0.669736,-8.05634
9.95,-1.67511,-0.0674952,1.21635,-7.25071
9.952,-1.65977,-0.0644272,1.86171,-6.37224
9.954,-1.64443,-0.0613592,2.44253,-5.58162
9.956,-1.62909,-0.0521553,2.96527,-4.56326
9.958,-1.61068,-0.0460194,3.58913,-3.80014
9.96,-1.58614,-0.0368155,4.4574,-2.95993
9.962,-1.56466,-0.0245437,5.08545,-2.05034
9.964,-1.54318,-0.00920388,5.65069,-1.07832
9.966,-1.51864,0.00306796,6.3128,-0.356895
9.968,-1.49103,0.0184078,7.06211,0.445785
9.97,-1.46649,0.0337476,7.58308,1.1682
9.972,-1.43887,0.0521553,8.20536,1.97177
9.974,-1.41126,0.0674952,8.7654,2.54158
9.976,-1.38672,0.0859029,9.11605,3.20781
9.978,-1.35604,0.101243,9.73842,3.65402
9.98,-1.3315,0.119651,9.99177,4.20901
9.982,-1.30388,0.138058,10.3732,4.70849
9.984,-1.28241,0.153398,10.4096,5.00463
9.986,-1.26093,0.171806,10.4425,5.42456
9.988,-1.24252,0.187146,10.3186,5.64909
9.99,-1.22412,0.202485,10.2071,5.85118
9.992,-1.19651,0.217825,10.567,6.03305
9.994,-1.17196,0.233165,10.7375,6.19673
9.996,-1.14742,0.251573,10.8909,6.49745
9.998,-1.12287,0.266913,11.029,6.61469
10,-1.09833,0.28532,11.1533,6.87361
10.002,-1.07072,0.30066,11.4186,6.95324
10.004,-1.04617,0.319068,11.5039,7.17831
10.006,-1.02163,0.334408,11.5807,7.22747
10.008,-0.997088,0.352816,11.6498,7.42511
10.01,-0.972544,0.371223,11.712,7.60299
10.012,-0.948,0.389631,11.768,7.76308
10.014,-0.923456,0.408039,11.8184,7.90716
10.016,-0.898913,0.426447,11.8637,8.03683
10.018,-0.874369,0.444854,11.9045,8.15353
10.02,-0.849825,0.46633,11.9413,8.41197
10.022,-0.825282,0.484738,11.9743,8.49116
10.024,-0.800738,0.506214,12.0041,8.71583
10.026,-0.776194,0.524621,12.0309,8.76464
10.028,-0.754719,0.546097,11.9016,8.96196
10.03,-0.730175,0.567573,11.9386,9.13955
10.032,-0.708699,0.589049,11.8185,9.29938
10.034,-0.684155,0.610524,11.8638,9.44323
10.036,-0.66268,0.632,11.7512,9.57269
10.038,-0.638136,0.656544,11.8033,9.84261
10.04,-0.61666,0.67802,11.6968,9.93213
10.042,-0.595185,0.699495,11.6009,10.0127
10.044,-0.570641,0.724039,11.668,10.2386
10.046,-0.552233,0.748583,11.4216,10.4419
10.048,-0.530757,0.773126,11.3532,10.6249
10.05,-0.509282,0.79767,11.2917,10.7896
10.052,-0.487806,0.822214,11.2363,10.9378
10.054,-0.46633,0.846757,11.1864,11.0712
10.056,-0.444854,0.874369,11.1416,11.3447
10.058,-0.426447,0.898913,10.9478,11.4374
10.06,-0.404971,0.926524,10.9268,11.6743
10.062,-0.386563,0.954136,10.7545,11.8874
10.064,-0.368155,0.981748,10.5995,12.0793
10.066,-0.34668,1.00936,10.6133,12.2519
10.068,-0.328272,1.03697,10.4724,12.4073
10.07,-0.309864,1.06458,10.3455,12.5472
10.072,-0.294524,1.09526,10.078,12.8264
10.074,-0.276117,1.12287,9.99054,12.9244
10.076,-0.257709,1.15355,9.91188,13.1659
10.078,-0.242369,1.18423,9.68768,13.3833
10.08,-0.223961,1.21491,9.6393,13.5789
10.082,-0.208621,1.24559,9.44236,13.755
10.084,-0.193282,1.27627,9.26512,13.9135
10.086,-0.177942,1.31002,9.10559,14.2095
10.088,-0.162602,1.3407,8.96203,14.3226
10.09,-0.147262,1.37445,8.83281,14.5777
10.092,-0.13499,1.40513,8.56312,14.6539
10.094,-0.119651,1.43887,8.4738,14.8759
10.096,-0.107379,1.47569,8.24001,15.2291
10.098,-0.0920388,1.50944,8.183,15.3935
10.1,-0.079767,1.54318,7.9783,15.5416
10.102,-0.0674952,1.58,7.79406,15.8282
10.104,-0.0552233,1.61375,7.62824,15.9328
10.106,-0.0429515,1.65056,7.47901,16.1803
10.108,-0.0337476,1.68738,7.19131,16.403
10.11,-0.0214757,1.72419,7.08577,16.6035
10.112,-0.0122718,1.76408,6.83738,16.9373
10.114,-0.00306796,1.80396,6.61384,17.2378
10.116,0.00613592,1.84078,6.41265,17.3548
10.118,0.0153398,1.88066,6.23158,17.6135
10.12,0.0214757,1.92361,5.91522,17.9997
10.122,0.0276117,1.9635,5.63049,18.1939
10.124,0.0337476,2.00645,5.37424,18.5221
10.126,0.0398835,2.0494,5.14361,18.8174
10.128,0.0460194,2.09235,4.93605,19.0833
10.13,0.0490874,2.1353,4.59584,19.3225
10.132,0.0521553,2.18132,4.28965,19.6912
10.134,0.0552233,2.22734,4.01409,20.0231
10.136,0.0582913,2.27336,3.76608,20.3217
10.138,0.0582913,2.32245,3.38947,20.7439
10.14,0.0582913,2.37153,3.05052,21.1239
10.142,0.0552233,2.42062,2.59207,21.4659
10.144,0.0521553,2.47278,2.17947,21.9271
10.146,0.0490874,2.52493,1.80812,22.3421
10.148,0.0429515,2.58016,1.32051,22.8691
10.15,0.0368155,2.63538,0.881666,23.3433
10.152,0.0276117,2.69367,0.333305,23.9236
10.154,0.0184078,2.75196,-0.16022,24.4458
10.156,0.00613592,2.81332,-0.75779,25.0692
10.158,-0.00613592,2.87468,-1.2956,25.6302
10.16,-0.0184078,2.93604,-1.77964,26.1351
10.162,-0.0337476,3.00047,-2.36866,26.743
10.164,-0.0521553,3.06489,-3.05218,27.2901
10.166,-0.0674952,3.13239,-3.51396,27.9358
10.168,-0.0859029,-3.08637,-4.08295,28.3636
10.17,-0.104311,-3.01887,-4.59504,28.902
10.172,-0.119651,-2.95445,-4.90253,29.2331
10.174,-0.13499,-2.89002,-5.17927,29.5312
10.176,-0.15033,-2.82866,-5.42833,29.646
10.178,-0.162602,-2.7673,-5.49909,29.7494
10.18,-0.174874,-2.70594,-5.56277,29.8424
10.182,-0.184078,-2.64765,-5.46669,29.7727
10.184,-0.193282,-2.58629,-5.38022,29.8634
10.186,-0.202485,-2.53107,-5.30239,29.6382
10.188,-0.208621,-2.47278,-5.07895,29.589
10.19,-0.214757,-2.42062,-4.87785,29.2379
10.192,-0.217825,-2.36847,-4.54346,28.9218
10.194,-0.220893,-2.31631,-4.24251,28.6374
10.196,-0.223961,-2.26722,-3.97166,28.228
10.198,-0.223961,-2.21814,-3.57449,27.8596
10.2,-0.227029,-2.16598,-3.37044,27.6814
10.202,-0.227029,-2.11996,-3.0334,27.2142
10.204,-0.223961,-2.07087,-2.57666,26.9472
10.206,-0.223961,-2.02485,-2.31899,26.5534
10.208,-0.220893,-1.9819,-1.9337,26.0457
10.21,-0.217825,-1.93588,-1.58693,25.7421
10.212,-0.214757,-1.88986,-1.27484,25.4688
10.214,-0.208621,-1.84691,-0.840558,25.0695
10.216,-0.205553,-1.80396,-0.603104,24.7101
10.218,-0.199418,-1.76408,-0.235997,24.2333
10.22,-0.193282,-1.72113,0.0943985,23.9576
10.222,-0.187146,-1.68124,0.391755,23.556
10.224,-0.18101,-1.63829,0.659375,23.3479
10.226,-0.171806,-1.59841,1.05363,23.0073
10.228,-0.16567,-1.55852,1.25507,22.7008
10.23,-0.156466,-1.52171,1.58975,22.2715
10.232,-0.147262,-1.48183,1.89097,22.0385
10.234,-0.138058,-1.44501,2.16207,21.6754
10.236,-0.128854,-1.40513,2.40606,21.5021
10.238,-0.116583,-1.36831,2.77904,21.1926
10.24,-0.107379,-1.3315,2.96133,20.9141
10.242,-0.0951068,-1.29468,3.27879,20.6635
10.244,-0.082835,-1.26093,3.5645,20.2845
10.246,-0.0736311,-1.22412,3.66825,20.0969
10.248,-0.0582913,-1.1873,4.06841,19.9279
10.25,-0.0460194,-1.15355,4.27517,19.6225
10.252,-0.0337476,-1.11674,4.46124,19.5011
10.254,-0.0184078,-1.08299,4.78211,19.2383
10.256,-0.00613592,-1.04924,4.91749,19.0019
10.258,0.00920388,-1.0155,5.19273,18.7891
10.26,0.0245437,-0.981748,5.44045,18.5975
10.262,0.0398835,-0.951068,5.66339,18.2718
10.264,0.0552233,-0.917321,5.86404,18.132
10.266,0.0736311,-0.883573,6.19803,18.0062
10.268,0.0889709,-0.849825,6.34522,17.8929
10.27,0.107379,-0.819146,6.63108,17.6376
10.272,0.122718,-0.788466,6.73496,17.4078
10.274,0.141126,-0.754719,6.98186,17.3544
10.276,0.159534,-0.724039,7.20406,17.153
10.278,0.177942,-0.693359,7.40404,16.9716
10.28,0.19635,-0.66268,7.58403,16.8085
10.282,0.217825,-0.632,7.89941,16.6616
10.284,0.236233,-0.598253,8.02986,16.6828
10.286,0.257709,-0.570641,8.30066,16.3951
10.288,0.276117,-0.539961,8.39098,16.2896
10.29,0.297592,-0.509282,8.62567,16.1946
10.292,0.319068,-0.478602,8.83689,16.1091
10.294,0.340544,-0.447922,9.02699,16.0322
10.296,0.362019,-0.420311,9.19807,15.8096
10.298,0.383495,-0.389631,9.35205,15.7626
10.3,0.404971,-0.362019,9.49063,15.5669
10.302,0.426447,-0.33134,9.61536,15.5442
10.304,0.447922,-0.303728,9.72761,15.3704
10.306,0.469398,-0.276117,9.82863,15.2139
10.308,0.493942,-0.245437,10.073,15.2265
10.31,0.515418,-0.217825,10.1394,15.0844
10.312,0.536893,-0.190214,10.1993,14.9566
10.314,0.558369,-0.162602,10.2531,14.8415
10.316,0.576777,-0.13499,10.1482,14.7379
10.318,0.570641,-0.107379,8.8266,14.6447
10.32,0.552233,-0.082835,7.02355,14.4074
10.322,0.536893,-0.0582913,5.55421,14.1939
10.324,0.536893,-0.0398835,4.99879,13.6949
10.326,0.549165,-0.0214757,5.1125,13.2458
10.328,0.558369,-0.00613592,5.06144,12.6882
10.33,0.567573,0.00613592,5.01549,12.033
10.332,0.573709,0.0153398,4.82074,11.2899
10.334,0.576777,0.0245437,4.49207,10.6211
10.336,0.576777,0.0306796,4.04286,9.86576
10.338,0.576777,0.0368155,3.63857,9.18598
10.34,0.576777,0.0398835,3.27472,8.42078
10.342,0.570641,0.0398835,2.64045,7.5787
10.344,0.564505,0.0368155,2.06961,6.66743
10.346,0.558369,0.0337476,1.55585,5.84729
10.348,0.549165,0.0276117,0.940071,4.95577
10.35,0.536893,0.0184078,0.232471,3.99999
10.352,0.527689,0.0122718,-0.25097,3.2932
10.354,0.51235,0.00306796,-0.992863,2.50369
10.356,0.500078,-0.00920388,-1.50717,1.63972
10.358,0.484738,-0.0214757,-2.12344,0.862159
10.36,0.469398,-0.0337476,-2.67809,0.162351
10.362,0.454058,-0.0460194,-3.17727,-0.467476
10.364,0.438719,-0.0613592,-3.62653,-1.18772
10.366,0.423379,-0.0736311,-4.03087,-1.68254
10.368,0.404971,-0.0889709,-4.54817,-2.28128
10.37,0.389631,-0.101243,-4.86035,-2.66674
10.372,0.374291,-0.113515,-5.1413,-3.01366
10.374,0.362019,-0.125786,-5.24076,-3.32589
10.376,0.349748,-0.138058,-5.33028,-3.60689
10.378,0.337476,-0.15033,-5.41084,-3.85979
10.38,0.33134,-0.162602,-5.17656,-4.08741
10.382,0.325204,-0.171806,-4.9657,-4.13886
10.384,0.325204,-0.184078,-4.46913,-4.33857
10.386,0.319068,-0.193282,-4.32901,-4.3649
10.388,0.303728,-0.199418,-4.6631,-4.23521
10.39,0.291456,-0.208621,-4.81038,-4.27188
10.392,0.282252,-0.217825,-4.78954,-4.30489
10.394,0.269981,-0.227029,-4.92418,-4.33459
10.396,0.257709,-0.236233,-5.04535,-4.36133
10.398,0.245437,-0.245437,-5.15441,-4.38539
10.4,0.233165,-0.254641,-5.25256,-4.40705
10.402,0.220893,-0.263845,-5.3409,-4.42653
10.404,0.208621,-0.273049,-5.4204,-4.44408
10.406,0.19635,-0.28532,-5.49195,-4.61326
10.408,0.184078,-0.294524,-5.55635,-4.61213
10.41,0.174874,-0.303728,-5.46091,-4.61111
10.412,0.162602,-0.316,-5.52841,-4.76359
10.414,0.15033,-0.328272,-5.58916,-4.90082
10.416,0.138058,-0.337476,-5.64384,-4.87094
10.418,0.125786,-0.349748,-5.69305,-4.99743
10.42,0.116583,-0.362019,-5.58394,-5.11128
10.422,0.107379,-0.377359,-5.48574,-5.36715
10.424,0.101243,-0.389631,-5.24396,-5.44402
10.426,0.0920388,-0.404971,-5.17976,-5.66661
10.428,0.0859029,-0.417243,-4.96858,-5.71354
10.43,0.079767,-0.432583,-4.77852,-5.90918
10.432,0.0705631,-0.444854,-4.76086,-5.93185
10.434,0.0674952,-0.460194,-4.43817,-6.10566
10.436,0.0582913,-0.475534,-4.45455,-6.26208
10.438,0.0521553,-0.490874,-4.31589,-6.40287
10.44,0.0460194,-0.506214,-4.1911,-6.52957
10.442,0.0398835,-0.521553,-4.07878,-6.6436
10.444,0.0337476,-0.536893,-3.9777,-6.74623
10.446,0.0276117,-0.555301,-3.88673,-6.992
10.448,0.0214757,-0.570641,-3.80485,-7.05979
10.45,0.0153398,-0.585981,-3.73116,-7.1208
10.452,0.0122718,-0.604388,-3.51144,-7.32911
10.454,0.00613592,-0.619728,-3.4671,-7.36319
10.456,-0,-0.638136,-3.42718,-7.54726
10.458,-0.00306796,-0.653476,-3.23786,-7.55952
10.46,-0.00920388,-0.671884,-3.22087,-7.72396
10.462,-0.0122718,-0.687223,-3.05218,-7.71855
10.464,-0.0184078,-0.705631,-3.05376,-7.86709
10.466,-0.0214757,-0.720971,-2.90178,-7.84737
10.468,-0.0214757,-0.736311,-2.6116,-7.82962
10.47,-0.0245437,-0.751651,-2.50384,-7.81365
10.472,-0.0245437,-0.770058,-2.25346,-7.95267
10.474,-0.0245437,-0.785398,-2.02811,-7.9244
10.476,-0.0245437,-0.800738,-1.8253,-7.89895
10.478,-0.0245437,-0.816078,-1.64277,-7.87604
10.48,-0.0214757,-0.831418,-1.3251,-7.85543
10.482,-0.0214757,-0.849825,-1.19259,-7.99027
10.484,-0.0184078,-0.865165,-0.919929,-7.95824
10.486,-0.0153398,-0.880505,-0.674538,-7.9294
10.488,-0.0153398,-0.895845,-0.607084,-7.90345
10.49,-0.0122718,-0.914253,-0.392978,-8.0335
10.492,-0.00920388,-0.929592,-0.200282,-7.99714
10.494,-0.00613592,-0.948,-0.0268558,-8.11781
10.496,-0.00306796,-0.966408,0.129228,-8.22642
10.498,-0,-0.984816,0.269703,-8.32417
10.5,0.00306796,-1.00322,0.396131,-8.41214
10.502,0.00306796,-1.02163,0.356518,-8.49131
10.504,0.00613592,-1.04004,0.474264,-8.56257
10.506,0.00920388,-1.05845,0.580236,-8.6267
10.508,0.0122718,-1.07992,0.67561,-8.83782
10.51,0.0153398,-1.09833,0.761447,-8.87442
10.512,0.0153398,-1.11674,0.685303,-8.90737
10.514,0.0184078,-1.13208,0.77017,-8.78362
10.516,0.0184078,-1.14742,0.693153,-8.67225
10.518,0.0214757,-1.16276,0.777236,-8.57202
10.52,0.0214757,-1.17503,0.699513,-8.32841
10.522,0.0214757,-1.1873,0.629561,-8.10916
10.524,0.0245437,-1.19957,0.720003,-7.91184
10.526,0.0276117,-1.21184,0.801401,-7.73424
10.528,0.0276117,-1.22718,0.721261,-7.72781
10.53,0.0306796,-1.23946,0.802533,-7.56862
10.532,0.0306796,-1.25173,0.72228,-7.42535
10.534,0.0337476,-1.26093,0.80345,-7.14301
10.536,0.0337476,-1.2732,0.723105,-7.0423
10.538,0.0368155,-1.28548,0.804192,-6.95166
10.54,0.0398835,-1.29775,0.877171,-6.87009
10.542,0.0398835,-1.31309,0.789454,-6.95007
10.544,0.0429515,-1.32536,0.863907,-6.86866
10.546,0.0429515,-1.33763,0.777516,-6.79538
10.548,0.0460194,-1.3499,0.853163,-6.72944
10.55,0.0460194,-1.36524,0.767846,-6.82348
10.552,0.0490874,-1.37751,0.84446,-6.75473
10.554,0.0490874,-1.38979,0.760014,-6.69285
10.556,0.0521553,-1.40513,0.83741,-6.79055
10.558,0.0521553,-1.4174,0.753669,-6.72509
10.56,0.0521553,-1.42967,0.678302,-6.66617
10.562,0.0552233,-1.44194,0.76387,-6.61315
10.564,0.0552233,-1.45421,0.687483,-6.56543
10.566,0.0552233,-1.46649,0.618735,-6.52248
10.568,0.0552233,-1.47569,0.556861,-6.33042
10.57,0.0552233,-1.48796,0.501175,-6.31097
10.572,0.0552233,-1.49717,0.451058,-6.14007
10.574,0.0552233,-1.50637,0.405952,-5.98626
10.576,0.0552233,-1.51557,0.365357,-5.84783
10.578,0.0552233,-1.52478,0.328821,-5.72324
10.58,0.0552233,-1.53091,0.295939,-5.45771
10.582,0.0552233,-1.53705,0.266345,-5.21873
10.584,0.0552233,-1.54318,0.239711,-5.00366
10.586,0.0521553,-1.54932,0.0623415,-4.81009
10.588,0.0521553,-1.55239,0.0561073,-4.48248
10.59,0.0521553,-1.55546,0.0504966,-4.18763
10.592,0.0490874,-1.55546,-0.107951,-3.76886
10.594,0.0490874,-1.55852,-0.097156,-3.54538
10.596,0.0460194,-1.55852,-0.240839,-3.19084
10.598,0.0460194,-1.55852,-0.216755,-2.87175
10.6,0.0460194,-1.55546,-0.195079,-2.43118
10.602,0.0429515,-1.55546,-0.328969,-2.18806
10.604,0.0429515,-1.55239,-0.296072,-1.81586
10.606,0.0429515,-1.54625,-0.266465,-1.32748
10.608,0.0429515,-1.54318,-0.239819,-1.04133
10.61,0.0429515,-1.53705,-0.215837,-0.630402
10.612,0.0398835,-1.53091,-0.347651,-0.260565
10.614,0.0398835,-1.52478,-0.312886,0.0722873
10.616,0.0398835,-1.51864,-0.281597,0.371855
10.618,0.0398835,-1.51251,-0.253438,0.641465
10.62,0.0429515,-1.5033,-0.0746959,1.03751
10.622,0.0429515,-1.49717,-0.0672263,1.24056
10.624,0.0429515,-1.48796,-0.0605037,1.5767
10.626,0.0429515,-1.47876,-0.0544533,1.87922
10.628,0.0429515,-1.46955,-0.049008,2.15149
10.63,0.0429515,-1.46035,-0.0441072,2.39654
10.632,0.0460194,-1.45115,0.113702,2.61708
10.634,0.0460194,-1.44194,0.102331,2.81556
10.636,0.0460194,-1.43274,0.0920983,2.9942
10.638,0.0490874,-1.42353,0.236287,3.15498
10.64,0.0490874,-1.41126,0.212658,3.45307
10.642,0.0521553,-1.40206,0.34479,3.56796
10.644,0.0521553,-1.39285,0.310311,3.67136
10.646,0.0552233,-1.38058,0.432678,3.91781
10.648,0.0552233,-1.37138,0.38941,3.98623
10.65,0.0582913,-1.35911,0.503867,4.2012
10.652,0.0582913,-1.34684,0.453481,4.39467
10.654,0.0613592,-1.33763,0.561531,4.4154
10.656,0.0644272,-1.32536,0.658776,4.58745
10.658,0.0644272,-1.31309,0.592898,4.7423
10.66,0.0674952,-1.30082,0.687006,4.88166
10.662,0.0705631,-1.28854,0.771704,5.00709
10.664,0.0705631,-1.27627,0.694533,5.11997
10.666,0.0736311,-1.264,0.778478,5.22156
10.668,0.0736311,-1.25173,0.70063,5.313
10.67,0.076699,-1.23946,0.783965,5.39529
10.672,0.079767,-1.22412,0.858967,5.62275
10.674,0.079767,-1.21184,0.77307,5.67407
10.676,0.082835,-1.19957,0.849161,5.72026
10.678,0.0859029,-1.18423,0.917643,5.91522
10.68,0.0889709,-1.17196,0.979277,5.93729
10.682,0.0889709,-1.15662,0.881349,6.11055
10.684,0.0920388,-1.14435,0.946612,6.11309
10.686,0.0951068,-1.12901,1.00535,6.26877
10.688,0.0981748,-1.11367,1.05821,6.40888
10.69,0.0981748,-1.1014,0.952391,6.38159
10.692,0.101243,-1.08606,1.01055,6.51042
10.694,0.104311,-1.07379,1.06289,6.47297
10.696,0.107379,-1.05845,1.11,6.59266
10.698,0.107379,-1.04617,0.999002,6.54699
10.7,0.110447,-1.03084,1.0525,6.65928
10.702,0.110447,-1.01856,0.94725,6.60695
10.704,0.113515,-1.00322,1.00592,6.71324
10.706,0.113515,-0.990952,0.905331,6.65551
10.708,0.116583,-0.97868,0.968196,6.60355
10.71,0.116583,-0.966408,0.871376,6.55679
10.712,0.119651,-0.951068,0.937636,6.6681
10.714,0.119651,-0.938796,0.843873,6.61488
10.716,0.119651,-0.926524,0.759486,6.56699
10.718,0.122718,-0.914253,0.836935,6.52388
10.72,0.122718,-0.901981,0.753242,6.48508
10.722,0.122718,-0.889709,0.677917,6.45017
10.724,0.122718,-0.877437,0.610126,6.41874
10.726,0.125786,-0.865165,0.702511,6.39046
10.728,0.125786,-0.852893,0.63226,6.36501
10.73,0.125786,-0.840621,0.569034,6.3421
10.732,0.125786,-0.831418,0.512131,6.16808
10.734,0.125786,-0.819146,0.460918,6.16487
10.736,0.128854,-0.806874,0.568224,6.16197
10.738,0.128854,-0.794602,0.511402,6.15937
10.74,0.128854,-0.785398,0.460261,6.00363
10.742,0.128854,-0.773126,0.414235,6.01686
10.744,0.128854,-0.763922,0.372812,5.87536
10.746,0.128854,-0.754719,0.335531,5.74802
10.748,0.131922,-0.742447,0.455376,5.78681
10.75,0.131922,-0.733243,0.409838,5.66832
10.752,0.131922,-0.724039,0.368854,5.56169
10.754,0.131922,-0.714835,0.331969,5.46571
10.756,0.131922,-0.702563,0.298772,5.53273
10.758,0.13499,-0.693359,0.422293,5.43965
10.76,0.13499,-0.684155,0.380064,5.35588
10.762,0.13499,-0.674952,0.342057,5.28049
10.764,0.138058,-0.665748,0.46125,5.21263
10.766,0.138058,-0.656544,0.415125,5.15157
10.768,0.141126,-0.64734,0.52701,5.0966
10.77,0.141126,-0.641204,0.474309,4.89374
10.772,0.144194,-0.632,0.580276,4.86456
10.774,0.144194,-0.622796,0.522249,4.8383
10.776,0.147262,-0.613592,0.623422,4.81466
10.778,0.147262,-0.604388,0.56108,4.79339
10.78,0.15033,-0.598253,0.65837,4.62085
10.782,0.153398,-0.589049,0.745931,4.61896
10.784,0.153398,-0.579845,0.671338,4.61726
10.786,0.156466,-0.573709,0.757602,4.46233
10.788,0.156466,-0.564505,0.681842,4.47629
10.79,0.156466,-0.558369,0.613658,4.33545
10.792,0.159534,-0.549165,0.70569,4.3621
10.794,0.159534,-0.539961,0.635121,4.38609
10.796,0.159534,-0.533825,0.571609,4.25427
10.798,0.162602,-0.524621,0.667846,4.28904
10.8,0.162602,-0.518486,0.601061,4.16693
10.802,0.162602,-0.509282,0.540955,4.21043
10.804,0.16567,-0.503146,0.640258,4.09619
10.806,0.16567,-0.49701,0.576232,3.99336
10.808,0.16567,-0.487806,0.518609,4.05422
10.81,0.16567,-0.48167,0.466748,3.9556
10.812,0.16567,-0.472466,0.420073,4.02023
10.814,0.16567,-0.46633,0.378066,3.925
10.816,0.16567,-0.460194,0.340259,3.8393
10.818,0.16567,-0.45099,0.306233,3.91556
10.82,0.16567,-0.444854,0.27561,3.8308
10.822,0.16567,-0.438719,0.248049,3.75452
10.824,0.16567,-0.429515,0.223244,3.83926
10.826,0.16567,-0.423379,0.20092,3.76213
10.828,0.16567,-0.417243,0.180828,3.69271
10.83,0.16567,-0.411107,0.162745,3.63024
10.832,0.16567,-0.404971,0.14647,3.57401
10.834,0.16567,-0.395767,0.131823,3.6768
10.836,0.16567,-0.389631,0.118641,3.61592
10.838,0.16567,-0.383495,0.106777,3.56112
10.84,0.16567,-0.377359,0.0960993,3.51181
10.842,0.162602,-0.371223,-0.0669087,3.46742
10.844,0.162602,-0.365087,-0.0602179,3.42748
10.846,0.162602,-0.358952,-0.0541961,3.39153
10.848,0.159534,-0.352816,-0.202175,3.35917
10.85,0.159534,-0.34668,-0.181957,3.33005
10.852,0.159534,-0.343612,-0.163761,3.15044
10.854,0.156466,-0.337476,-0.300783,3.14219
10.856,0.156466,-0.33134,-0.270705,3.13477
10.858,0.156466,-0.328272,-0.243634,2.97469
10.86,0.153398,-0.322136,-0.372669,2.98402
10.862,0.153398,-0.316,-0.335402,2.99241
10.864,0.15033,-0.312932,-0.45526,2.84657
10.866,0.15033,-0.306796,-0.409734,2.86871
10.868,0.147262,-0.303728,-0.522159,2.73524
10.87,0.147262,-0.30066,-0.469943,2.61511
10.872,0.144194,-0.294524,-0.576347,2.6604
10.874,0.144194,-0.291456,-0.518712,2.54775
10.876,0.141126,-0.288388,-0.620239,2.44638
10.878,0.141126,-0.28532,-0.558215,2.35514
10.88,0.138058,-0.279185,-0.655792,2.42642
10.882,0.138058,-0.276117,-0.590212,2.33718
10.884,0.13499,-0.273049,-0.684589,2.25686
10.886,0.13499,-0.269981,-0.61613,2.18457
10.888,0.131922,-0.266913,-0.707915,2.11951
10.89,0.131922,-0.260777,-0.637124,2.21436
10.892,0.128854,-0.257709,-0.72681,2.14632
10.894,0.128854,-0.254641,-0.654129,2.08508
10.896,0.128854,-0.248505,-0.588716,2.18337
10.898,0.128854,-0.242369,-0.529844,2.27183
10.9,0.128854,-0.239301,-0.47686,2.19805
10.902,0.125786,-0.233165,-0.582572,2.28504
10.904,0.125786,-0.227029,-0.524315,2.36333
10.906,0.125786,-0.220893,-0.471883,2.43379
10.908,0.125786,-0.214757,-0.424695,2.49721
10.91,0.125786,-0.208621,-0.382225,2.55428
10.912,0.125786,-0.202485,-0.344003,2.60565
10.914,0.125786,-0.19635,-0.309603,2.65188
10.916,0.128854,-0.187146,-0.125244,2.84689
10.918,0.128854,-0.18101,-0.11272,2.869
10.92,0.128854,-0.171806,-0.101448,3.04229
10.922,0.128854,-0.16567,-0.091303,3.04486
10.924,0.128854,-0.156466,-0.0821727,3.20057
10.926,0.128854,-0.147262,-0.0739555,3.3407
10.928,0.128854,-0.138058,-0.0665599,3.46683
10.93,0.128854,-0.131922,-0.0599039,3.42694
10.932,0.128854,-0.122718,-0.0539135,3.54444
10.934,0.128854,-0.113515,-0.0485222,3.65019
10.936,0.128854,-0.107379,-0.04367,3.59197
10.938,0.128854,-0.0981748,-0.039303,3.69297
10.94,0.128854,-0.0889709,-0.0353727,3.78386
10.942,0.128854,-0.082835,-0.0318354,3.71227
10.944,0.128854,-0.0736311,-0.0286519,3.80124
10.946,0.128854,-0.0674952,-0.0257867,3.72791
10.948,0.128854,-0.0582913,-0.023208,3.81532
10.95,0.128854,-0.0521553,-0.0208872,3.74058
10.952,0.128854,-0.0460194,-0.0187985,3.67332
10.954,0.128854,-0.0398835,-0.0169186,3.61278
10.956,0.128854,-0.0337476,-0.0152268,3.5583
10.958,0.128854,-0.0245437,-0.0137041,3.66266
10.96,0.128854,-0.0184078,-0.0123337,3.60319
10.962,0.128854,-0.0122718,-0.0111003,3.54967
10.964,0.125786,-0.00613592,-0.163388,3.5015
10.966,0.125786,0,-0.14705,3.45815
10.968,0.125786,0.00306796,-0.132345,3.26573
10.97,0.125786,0.00920388,-0.11911,3.24595
10.972,0.125786,0.0153398,-0.107199,3.22815
10.974,0.122718,0.0214757,-0.249877,3.21213
10.976,0.122718,0.0276117,-0.22489,3.19772
10.978,0.122718,0.0306796,-0.202401,3.03134
10.98,0.122718,0.0368155,-0.182161,3.03501
10.982,0.119651,0.0429515,-0.317343,3.0383
10.984,0.119651,0.0460194,-0.285608,2.88787
10.986,0.119651,0.0521553,-0.257047,2.90588
10.988,0.119651,0.0552233,-0.231343,2.76869
10.99,0.119651,0.0613592,-0.208208,2.79862
10.992,0.116583,0.0644272,-0.340786,2.67215
10.994,0.116583,0.0705631,-0.306707,2.71173
10.996,0.116583,0.0736311,-0.276036,2.59396
10.998,0.116583,0.079767,-0.248433,2.64136
11,0.113515,0.082835,-0.376988,2.53062
11.002,0.113515,0.0859029,-0.339289,2.43096
11.004,0.113515,0.0889709,-0.30536,2.34126
11.006,0.110447,0.0951068,-0.428222,2.41393
11.008,0.110447,0.0981748,-0.3854,2.32593
11.01,0.110447,0.101243,-0.34686,2.24674
11.012,0.110447,0.104311,-0.312174,2.17546
11.014,0.107379,0.107379,-0.434355,2.11131
11.016,0.107379,0.110447,-0.390919,2.05358
11.018,0.107379,0.113515,-0.351827,2.00162
11.02,0.107379,0.116583,-0.316644,1.95486
11.022,0.107379,0.119651,-0.28498,1.91277
11.024,0.107379,0.122718,-0.256482,1.87489
11.026,0.104311,0.125786,-0.384232,1.8408
11.028,0.104311,0.128854,-0.345809,1.81012
11.03,0.104311,0.128854,-0.311228,1.62911
11.032,0.104311,0.131922,-0.280105,1.61959
11.034,0.101243,0.13499,-0.405493,1.61103
11.036,0.101243,0.13499,-0.364943,1.44993
11.038,0.101243,0.138058,-0.328449,1.45833
11.04,0.101243,0.138058,-0.295604,1.3125
11.042,0.101243,0.141126,-0.266044,1.33465
11.044,0.0981748,0.141126,-0.392837,1.20118
11.046,0.0981748,0.141126,-0.353554,1.08107
11.048,0.0981748,0.144194,-0.318198,1.12636
11.05,0.0981748,0.144194,-0.286378,1.01372
11.052,0.0981748,0.144194,-0.257741,0.912349
11.054,0.0951068,0.144194,-0.385365,0.821114
11.056,0.0951068,0.144194,-0.346828,0.739003
11.058,0.0951068,0.147262,-0.312145,0.818501
11.06,0.0951068,0.147262,-0.280931,0.736651
11.062,0.0951068,0.147262,-0.252838,0.662986
11.064,0.0951068,0.147262,-0.227554,0.596687
11.066,0.0951068,0.147262,-0.204799,0.537018
11.068,0.0920388,0.147262,-0.337717,0.483316
11.07,0.0920388,0.144194,-0.303945,0.281587
11.072,0.0920388,0.144194,-0.273551,0.253428
11.074,0.0920388,0.144194,-0.246196,0.228085
11.076,0.0920388,0.144194,-0.221576,0.205277
11.078,0.0920388,0.144194,-0.199418,0.184749
11.08,0.0920388,0.144194,-0.179477,0.166274
11.082,0.0920388,0.144194,-0.161529,0.149647
11.084,0.0920388,0.144194,-0.145376,0.134682
11.086,0.0920388,0.141126,-0.130838,-0.0321842
11.088,0.0889709,0.141126,-0.271153,-0.0289658
11.09,0.0889709,0.141126,-0.244037,-0.0260692
11.092,0.0889709,0.141126,-0.219634,-0.0234623
11.094,0.0889709,0.141126,-0.19767,-0.0211161
11.096,0.0889709,0.141126,-0.177903,-0.0190045
11.098,0.0889709,0.141126,-0.160113,-0.017104
11.1,0.0889709,0.141126,-0.144102,-0.0153936
11.102,0.0889709,0.141126,-0.129691,-0.0138543
11.104,0.0889709,0.141126,-0.116722,-0.0124688
11.106,0.0889709,0.141126,-0.10505,-0.0112219
11.108,0.0889709,0.141126,-0.0945451,-0.0100997
11.11,0.0889709,0.138058,-0.0850906,-0.162488
11.112,0.0889709,0.138058,-0.0765815,-0.146239
11.114,0.0889709,0.138058,-0.0689234,-0.131615
11.116,0.0889709,0.138058,-0.062031,-0.118454
11.118,0.0889709,0.138058,-0.0558279,-0.106608
11.12,0.0889709,0.138058,-0.0502451,-0.0959475
11.122,0.0889709,0.138058,-0.0452206,-0.0863527
11.124,0.0889709,0.138058,-0.0406986,-0.0777174
11.126,0.0889709,0.138058,-0.0366287,-0.0699457
11.128,0.0889709,0.138058,-0.0329658,-0.0629511
11.13,0.0889709,0.13499,-0.0296692,-0.210054
11.132,0.0889709,0.13499,-0.0267023,-0.189049
11.134,0.0859029,0.13499,-0.17743,-0.170144
11.136,0.0859029,0.13499,-0.159687,-0.153129
11.138,0.0859029,0.131922,-0.143718,-0.291215
11.14,0.0859029,0.131922,-0.129347,-0.262093
11.142,0.0859029,0.131922,-0.116412,-0.235884
11.144,0.0859029,0.131922,-0.104771,-0.212295
11.146,0.0859029,0.128854,-0.0942937,-0.344464
11.148,0.082835,0.128854,-0.238262,-0.310018
11.15,0.082835,0.128854,-0.214436,-0.279016
11.152,0.082835,0.125786,-0.192993,-0.404512
11.154,0.082835,0.125786,-0.173693,-0.364061
11.156,0.082835,0.125786,-0.156324,-0.327655
11.158,0.082835,0.125786,-0.140692,-0.294889
11.16,0.082835,0.122718,-0.126622,-0.418799
11.162,0.079767,0.122718,-0.267358,-0.376919
11.164,0.079767,0.122718,-0.240622,-0.339227
11.166,0.079767,0.122718,-0.21656,-0.305304
11.168,0.079767,0.119651,-0.194904,-0.428172
11.17,0.079767,0.119651,-0.175414,-0.385355
11.172,0.079767,0.119651,-0.157872,-0.346819
11.174,0.076699,0.119651,-0.295483,-0.312137
11.176,0.076699,0.116583,-0.265935,-0.434322
11.178,0.076699,0.116583,-0.239341,-0.390889
11.18,0.076699,0.116583,-0.215407,-0.351801
11.182,0.076699,0.116583,-0.193867,-0.31662
11.184,0.0736311,0.116583,-0.327878,-0.284958
11.186,0.0736311,0.116583,-0.29509,-0.256463
11.188,0.0736311,0.116583,-0.265581,-0.230816
11.19,0.0736311,0.113515,-0.239023,-0.361133
11.192,0.0705631,0.113515,-0.368519,-0.325019
11.194,0.0705631,0.113515,-0.331667,-0.292518
11.196,0.0705631,0.113515,-0.2985,-0.263266
11.198,0.0705631,0.113515,-0.26865,-0.236939
11.2,0.0674952,0.113515,-0.395183,-0.213245
11.202,0.0674952,0.113515,-0.355665,-0.191921
11.204,0.0674952,0.113515,-0.320098,-0.172729
11.206,0.0644272,0.113515,-0.441487,-0.155456
11.208,0.0644272,0.110447,-0.397338,-0.293308
11.21,0.0644272,0.110447,-0.357604,-0.263977
11.212,0.0613592,0.110447,-0.475242,-0.23758
11.214,0.0613592,0.110447,-0.427718,-0.213822
11.216,0.0582913,0.110447,-0.538344,-0.19244
11.218,0.0582913,0.110447,-0.48451,-0.173196
11.22,0.0582913,0.110447,-0.436059,-0.155876
11.222,0.0552233,0.107379,-0.545851,-0.293687
11.224,0.0552233,0.107379,-0.491266,-0.264318
11.226,0.0552233,0.107379,-0.442139,-0.237886
11.228,0.0521553,0.107379,-0.551323,-0.214097
11.23,0.0521553,0.107379,-0.496191,-0.192688
11.232,0.0490874,0.107379,-0.59997,-0.173419
11.234,0.0490874,0.107379,-0.539973,-0.156077
11.236,0.0460194,0.104311,-0.639374,-0.293867
11.238,0.0460194,0.104311,-0.575436,-0.264481
11.24,0.0460194,0.104311,-0.517893,-0.238033
11.242,0.0429515,0.104311,-0.619502,-0.214229
11.244,0.0429515,0.104311,-0.557551,-0.192806
11.246,0.0398835,0.104311,-0.655194,-0.173526
11.248,0.0398835,0.101243,-0.589675,-0.309571
11.25,0.0368155,0.101243,-0.684105,-0.278614
11.252,0.0368155,0.101243,-0.615695,-0.250753
11.254,0.0337476,0.101243,-0.707524,-0.225677
11.256,0.0337476,0.101243,-0.636771,-0.20311
11.258,0.0306796,0.101243,-0.726492,-0.182799
11.26,0.0306796,0.101243,-0.653843,-0.164519
11.262,0.0276117,0.0981748,-0.741857,-0.301465
11.264,0.0276117,0.0981748,-0.667671,-0.271319
11.266,0.0245437,0.0981748,-0.754302,-0.244187
11.268,0.0214757,0.0981748,-0.83227,-0.219768
11.27,0.0214757,0.0981748,-0.749043,-0.197791
11.272,0.0184078,0.0981748,-0.827537,-0.178012
11.274,0.0184078,0.0981748,-0.744783,-0.160211
11.276,0.0184078,0.0951068,-0.670305,-0.297588
11.278,0.0153398,0.0951068,-0.756672,-0.267829
11.28,0.0122718,0.0951068,-0.834403,-0.241046
11.282,0.0122718,0.0951068,-0.750963,-0.216942
11.284,0.00920388,0.0951068,-0.829265,-0.195247
11.286,0.00920388,0.0951068,-0.746338,-0.175723
11.288,0.00613592,0.0920388,-0.825102,-0.311548
11.29,0.00613592,0.0920388,-0.742592,-0.280394
11.292,0.00306796,0.0920388,-0.821731,-0.252354
11.294,0.00306796,0.0920388,-0.739558,-0.227119
11.296,-0,0.0920388,-0.819,-0.204407
11.298,-0,0.0920388,-0.7371,-0.183966
11.3,-0.00306796,0.0920388,-0.816788,-0.16557
11.302,-0.00306796,0.0920388,-0.735109,-0.149013
11.304,-0.00613592,0.0889709,-0.814997,-0.287509
11.306,-0.00613592,0.0889709,-0.733497,-0.258759
11.308,-0.00613592,0.0889709,-0.660147,-0.232883
11.31,-0.00920388,0.0889709,-0.747531,-0.209594
11.312,-0.0122718,0.0889709,-0.826176,-0.188635
11.314,-0.0122718,0.0889709,-0.743558,-0.169771
11.316,-0.0153398,0.0889709,-0.8226,-0.152794
11.318,-0.0153398,0.0889709,-0.74034,-0.137515
11.32,-0.0153398,0.0859029,-0.666306,-0.277161
11.322,-0.0184078,0.0859029,-0.753074,-0.249445
11.324,-0.0184078,0.0859029,-0.677766,-0.224501
11.326,-0.0214757,0.0859029,-0.763388,-0.202051
11.328,-0.0214757,0.0859029,-0.687049,-0.181846
11.33,-0.0245437,0.082835,-0.771742,-0.317059
11.332,-0.0245437,0.082835,-0.694568,-0.285353
11.334,-0.0276117,0.082835,-0.778509,-0.256818
11.336,-0.0276117,0.082835,-0.700658,-0.231136
11.338,-0.0306796,0.079767,-0.783991,-0.361421
11.34,-0.0306796,0.079767,-0.705592,-0.325279
11.342,-0.0337476,0.079767,-0.78843,-0.292751
11.344,-0.0337476,0.079767,-0.709587,-0.263476
11.346,-0.0368155,0.076699,-0.792027,-0.390526
11.348,-0.0368155,0.076699,-0.712824,-0.351474
11.35,-0.0398835,0.076699,-0.79494,-0.316326
11.352,-0.0398835,0.076699,-0.715446,-0.284694
11.354,-0.0429515,0.0736311,-0.797299,-0.409622
11.356,-0.0429515,0.0736311,-0.717569,-0.36866
11.358,-0.0429515,0.0736311,-0.645812,-0.331794
11.36,-0.0460194,0.0705631,-0.734629,-0.452013
11.362,-0.0490874,0.0705631,-0.814564,-0.406811
11.364,-0.0490874,0.0705631,-0.733108,-0.36613
11.366,-0.0521553,0.0674952,-0.813195,-0.482915
11.368,-0.0521553,0.0674952,-0.731876,-0.434624
11.37,-0.0552233,0.0674952,-0.812086,-0.391161
11.372,-0.0552233,0.0644272,-0.730878,-0.505443
11.374,-0.0582913,0.0644272,-0.811188,-0.454899
11.376,-0.0582913,0.0613592,-0.730069,-0.562807
11.378,-0.0613592,0.0613592,-0.81046,-0.506526
11.38,-0.0644272,0.0582913,-0.882812,-0.609272
11.382,-0.0644272,0.0582913,-0.794531,-0.548345
11.384,-0.0674952,0.0552233,-0.868476,-0.646908
11.386,-0.0705631,0.0521553,-0.935027,-0.735616
11.388,-0.0736311,0.0521553,-0.994922,-0.662054
11.39,-0.076699,0.0490874,-1.04883,-0.749247
11.392,-0.076699,0.0460194,-0.943945,-0.82772
11.394,-0.079767,0.0460194,-1.00295,-0.744948
11.396,-0.082835,0.0429515,-1.05605,-0.823851
11.398,-0.0859029,0.0398835,-1.10384,-0.894864
11.4,-0.0889709,0.0368155,-1.14686,-0.958776
11.402,-0.0889709,0.0368155,-1.03217,-0.862898
11.404,-0.0920388,0.0337476,-1.08235,-0.930007
11.406,-0.0951068,0.0306796,-1.12752,-0.990404
11.408,-0.0981748,0.0276117,-1.16816,-1.04476
11.41,-0.0981748,0.0276117,-1.05135,-0.940286
11.412,-0.101243,0.0245437,-1.09961,-0.999655
11.414,-0.104311,0.0214757,-1.14305,-1.05309
11.416,-0.104311,0.0184078,-1.02874,-1.10118
11.418,-0.107379,0.0184078,-1.07927,-0.991059
11.42,-0.107379,0.0153398,-0.971339,-1.04535
11.422,-0.110447,0.0153398,-1.0276,-0.940816
11.424,-0.113515,0.0122718,-1.07824,-1.00013
11.426,-0.113515,0.00920388,-0.970417,-1.05352
11.428,-0.113515,0.00920388,-0.873375,-0.948166
11.43,-0.116583,0.00613592,-0.939436,-1.00675
11.432,-0.116583,0.00613592,-0.845492,-0.906073
11.434,-0.116583,0.00306796,-0.760943,-0.968863
11.436,-0.116583,0.00306796,-0.684849,-0.871977
11.438,-0.116583,0.00306796,-0.616364,-0.784779
11.44,-0.116583,0,-0.554728,-0.859699
11.442,-0.119651,0,-0.652653,-0.77373
11.444,-0.119651,0,-0.587388,-0.696357
11.446,-0.119651,0,-0.528649,-0.626721
11.448,-0.119651,0,-0.475784,-0.564049
11.45,-0.119651,-0.00306796,-0.428206,-0.661042
11.452,-0.119651,-0.00306796,-0.385385,-0.594938
11.454,-0.116583,-0.00306796,-0.193448,-0.535444
11.456,-0.116583,-0.00306796,-0.174104,-0.4819
11.458,-0.116583,-0.00306796,-0.156693,-0.43371
11.46,-0.116583,-0.00306796,-0.141024,-0.390339
11.462,-0.116583,-0.00306796,-0.126922,-0.351305
11.464,-0.116583,-0.00306796,-0.114229,-0.316174
11.466,-0.113515,-0.00306796,0.0505917,-0.284557
11.468,-0.113515,-0.00306796,0.0455325,-0.256101
11.47,-0.113515,-0.00306796,0.0409792,-0.230491
11.472,-0.113515,0,0.0368813,-0.0540439
11.474,-0.110447,0,0.186591,-0.0486395
11.476,-0.110447,0,0.167932,-0.0437756
11.478,-0.107379,0,0.304537,-0.039398
11.48,-0.107379,0,0.274083,-0.0354582
11.482,-0.107379,0.00306796,0.246675,0.121486
11.484,-0.104311,0.00306796,0.375406,0.109337
11.486,-0.104311,0.00306796,0.337865,0.0984034
11.488,-0.104311,0.00306796,0.304078,0.0885631
11.49,-0.101243,0.00306796,0.427069,0.0797068
11.492,-0.101243,0.00306796,0.384362,0.0717361
11.494,-0.101243,0.00613592,0.345926,0.217961
11.496,-0.0981748,0.00613592,0.464731,0.196164
11.498,-0.0981748,0.00613592,0.418258,0.176548
11.5,-0.0981748,0.00613592,0.376432,0.158893
11.502,-0.0951068,0.00613592,0.492187,0.143004
11.504,-0.0951068,0.00613592,0.442968,0.128704
11.506,-0.0920388,0.00920388,0.55207,0.269231
11.508,-0.0920388,0.00920388,0.496863,0.242308
11.51,-0.0920388,0.00920388,0.447176,0.218077
11.512,-0.0920388,0.00920388,0.402459,0.19627
11.514,-0.0889709,0.00920388,0.515611,0.176643
11.516,-0.0889709,0.00920388,0.46405,0.158978
11.518,-0.0889709,0.00920388,0.417645,0.143081
11.52,-0.0889709,0.0122718,0.37588,0.282171
11.522,-0.0859029,0.0122718,0.49169,0.253953
11.524,-0.0859029,0.0122718,0.442521,0.228558
11.526,-0.0859029,0.0122718,0.398269,0.205702
11.528,-0.0859029,0.0122718,0.358442,0.185132
11.53,-0.082835,0.0122718,0.475996,0.166619
11.532,-0.082835,0.0122718,0.428397,0.149957
11.534,-0.082835,0.0122718,0.385557,0.134961
11.536,-0.082835,0.0122718,0.347001,0.121465
11.538,-0.079767,0.0122718,0.465699,0.109319
11.54,-0.079767,0.0122718,0.419129,0.0983868
11.542,-0.079767,0.0122718,0.377216,0.0885481
11.544,-0.079767,0.0122718,0.339495,0.0796933
11.546,-0.079767,0.0122718,0.305545,0.071724
11.548,-0.079767,0.0122718,0.274991,0.0645516
11.55,-0.076699,0.0122718,0.40089,0.0580964
11.552,-0.076699,0.0122718,0.360801,0.0522868
11.554,-0.076699,0.0122718,0.324721,0.0470581
11.556,-0.076699,0.0122718,0.292249,0.0423523
11.558,-0.076699,0.0122718,0.263024,0.0381171
11.56,-0.076699,0.0122718,0.236721,0.0343054
11.562,-0.076699,0.0122718,0.213049,0.0308748
11.564,-0.076699,0.0122718,0.191744,0.0277873
11.566,-0.076699,0.0122718,0.17257,0.0250086
11.568,-0.076699,0.0122718,0.155313,0.0225077
11.57,-0.0736311,0.0122718,0.29318,0.020257
11.572,-0.0736311,0.00920388,0.263862,-0.135167
11.574,-0.0736311,0.00920388,0.237476,-0.12165
11.576,-0.0736311,0.00920388,0.213728,-0.109485
11.578,-0.0736311,0.00920388,0.192355,-0.0985366
11.58,-0.0736311,0.00920388,0.17312,-0.0886829
11.582,-0.0736311,0.00920388,0.155808,-0.0798146
11.584,-0.0736311,0.00920388,0.140227,-0.0718332
11.586,-0.0736311,0.00920388,0.126204,-0.0646499
11.588,-0.0736311,0.00920388,0.113584,-0.0581849
11.59,-0.0736311,0.00920388,0.102225,-0.0523664
11.592,-0.0705631,0.00920388,0.245401,-0.0471298
11.594,-0.0705631,0.00920388,0.220861,-0.0424168
11.596,-0.0705631,0.00920388,0.198775,-0.0381751
11.598,-0.0705631,0.00920388,0.178897,-0.0343576
11.6,-0.0705631,0.00920388,0.161008,-0.0309218
11.602,-0.0705631,0.00920388,0.144907,-0.0278296
11.604,-0.0705631,0.00920388,0.130416,-0.0250467
11.606,-0.0705631,0.00920388,0.117375,-0.022542
11.608,-0.0705631,0.00613592,0.105637,-0.173686
11.61,-0.0705631,0.00613592,0.0950734,-0.156317
11.612,-0.0705631,0.00613592,0.085566,-0.140686
11.614,-0.0674952,0.00613592,0.230408,-0.126617
11.616,-0.0674952,0.00613592,0.207367,-0.113955
11.618,-0.0674952,0.00613592,0.18663,-0.10256
11.62,-0.0674952,0.00613592,0.167967,-0.0923038
11.622,-0.0674952,0.00613592,0.15117,-0.0830734
11.624,-0.0674952,0.00613592,0.136053,-0.0747661
11.626,-0.0674952,0.00613592,0.122448,-0.0672895
11.628,-0.0674952,0.00613592,0.110203,-0.0605605
11.63,-0.0674952,0.00613592,0.0991829,-0.0545045
11.632,-0.0674952,0.00613592,0.0892646,-0.049054
11.634,-0.0674952,0.00613592,0.0803381,-0.0441486
11.636,-0.0644272,0.00613592,0.225702,-0.0397338
11.638,-0.0644272,0.00613592,0.203132,-0.0357604
11.64,-0.0644272,0.00613592,0.182819,-0.0321843
11.642,-0.0644272,0.00613592,0.164537,-0.0289659
11.644,-0.0644272,0.00613592,0.148083,-0.0260693
11.646,-0.0644272,0.00613592,0.133275,-0.0234624
11.648,-0.0644272,0.00613592,0.119948,-0.0211161
11.65,-0.0644272,0.00613592,0.107953,-0.0190045
11.652,-0.0644272,0.00613592,0.0971575,-0.0171041
11.654,-0.0644272,0.00613592,0.0874417,-0.0153937
11.656,-0.0644272,0.00613592,0.0786976,-0.0138543
11.658,-0.0644272,0.00613592,0.0708278,-0.0124689
11.66,-0.0613592,0.00613592,0.217143,-0.011222
11.662,-0.0613592,0.00613592,0.195429,-0.0100998
11.664,-0.0613592,0.00613592,0.175886,-0.00908981
11.666,-0.0613592,0.00613592,0.158297,-0.00818083
11.668,-0.0613592,0.00613592,0.142468,-0.00736275
11.67,-0.0613592,0.00613592,0.128221,-0.00662647
11.672,-0.0613592,0.00613592,0.115399,-0.00596382
11.674,-0.0613592,0.00613592,0.103859,-0.00536744
11.676,-0.0613592,0.00613592,0.093473,-0.0048307
11.678,-0.0613592,0.00613592,0.0841257,-0.00434763
11.68,-0.0582913,0.00613592,0.229111,-0.00391287
11.682,-0.0582913,0.00613592,0.2062,-0.00352158
11.684,-0.0582913,0.00613592,0.18558,-0.00316942
11.686,-0.0582913,0.00613592,0.167022,-0.00285248
11.688,-0.0582913,0.00613592,0.15032,-0.00256723
11.69,-0.0582913,0.00613592,0.135288,-0.00231051
11.692,-0.0582913,0.00613592,0.121759,-0.00207946
11.694,-0.0582913,0.00613592,0.109583,-0.00187151
11.696,-0.0582913,0.00613592,0.0986249,-0.00168436
11.698,-0.0582913,0.00613592,0.0887624,-0.00151592
11.7,-0.0582913,0.00613592,0.0798861,-0.00136433
11.702,-0.0582913,0.00613592,0.0718975,-0.0012279
11.704,-0.0552233,0.00613592,0.218106,-0.00110511
11.706,-0.0552233,0.00613592,0.196295,-0.000994598
11.708,-0.0552233,0.00613592,0.176666,-0.000895138
11.71,-0.0552233,0.00613592,0.158999,-0.000805624
11.712,-0.0552233,0.00613592,0.143099,-0.000725062
11.714,-0.0552233,0.00613592,0.128789,-0.000652556
11.716,-0.0552233,0.00613592,0.11591,-0.0005873
11.718,-0.0552233,0.00613592,0.104319,-0.00052857
11.72,-0.0552233,0.00613592,0.0938874,-0.000475713
11.722,-0.0552233,0.00613592,0.0844987,-0.000428142
11.724,-0.0552233,0.00306796,0.0760488,-0.153783
11.726,-0.0552233,0.00306796,0.0684439,-0.138405
11.728,-0.0552233,0.00306796,0.0615995,-0.124565
11.73,-0.0552233,0.00306796,0.0554396,-0.112108
11.732,-0.0552233,0.00306796,0.0498956,-0.100897
11.734,-0.0552233,0.00306796,0.0449061,-0.0908076
11.736,-0.0552233,0.00306796,0.0404155,-0.0817268
11.738,-0.0552233,0.00306796,0.0363739,-0.0735541
11.74,-0.0552233,0.00306796,0.0327365,-0.0661987
11.742,-0.0521553,0.00306796,0.182861,-0.0595788
11.744,-0.0521553,0.00306796,0.164575,-0.053621
11.746,-0.0521553,0.00306796,0.148117,-0.0482589
11.748,-0.0521553,0.00306796,0.133306,-0.043433
11.75,-0.0521553,0.00306796,0.119975,-0.0390897
11.752,-0.0521553,0.00306796,0.107978,-0.0351807
11.754,-0.0521553,0.00306796,0.0971798,-0.0316626
11.756,-0.0521553,0.00306796,0.0874618,-0.0284964
11.758,-0.0521553,0.00306796,0.0787156,-0.0256467
11.76,-0.0521553,0.00306796,0.0708441,-0.0230821
11.762,-0.0521553,0.00306796,0.0637597,-0.0207739
11.764,-0.0521553,0.00306796,0.0573837,-0.0186965
11.766,-0.0521553,0.00306796,0.0516453,-0.0168268
11.768,-0.0521553,0.00306796,0.0464808,-0.0151441
11.77,-0.0521553,0.00306796,0.0418327,-0.0136297
11.772,-0.0521553,0.00306796,0.0376494,-0.0122668
11.774,-0.0521553,0.00306796,0.0338845,-0.0110401
11.776,-0.0521553,0.00306796,0.0304961,-0.00993607
11.778,-0.0521553,0.00306796,0.0274464,-0.00894246
11.78,-0.0521553,0.00306796,0.0247018,-0.00804822
11.782,-0.0521553,0.00306796,0.0222316,-0.0072434
11.784,-0.0521553,0,0.0200085,-0.159917
11.786,-0.0521553,0,0.0180076,-0.143925
11.788,-0.0521553,0,0.0162069,-0.129533
11.79,-0.0521553,0,0.0145862,-0.11658
11.792,-0.0521553,0,0.0131276,-0.104922
11.794,-0.0521553,0,0.0118148,-0.0944295
11.796,-0.0521553,0,0.0106333,-0.0849865
11.798,-0.0521553,0,0.00956998,-0.0764879
11.8,-0.0521553,0,0.00861299,-0.0688391
11.802,-0.0521553,0,0.00775169,-0.0619552
11.804,-0.0521553,0,0.00697652,-0.0557597
11.806,-0.0521553,0,0.00627887,-0.0501837
11.808,-0.0521553,0,0.00565098,-0.0451653
11.81,-0.0521553,0,0.00508588,-0.0406488
11.812,-0.0521553,0,0.00457729,-0.0365839
11.814,-0.0521553,0,0.00411956,-0.0329255
11.816,-0.0521553,0,0.00370761,-0.029633
11.818,-0.0521553,0,0.00333685,-0.0266697
11.82,-0.0521553,0,0.00300316,-0.0240027
11.822,-0.0521553,-0.00306796,0.00270285,-0.175001
11.824,-0.0490874,-0.00306796,0.155831,-0.1575
11.826,-0.0490874,-0.00306796,0.140248,-0.14175
11.828,-0.0490874,-0.00306796,0.126223,-0.127575
11.83,-0.0490874,-0.00306796,0.113601,-0.114818
11.832,-0.0490874,-0.00306796,0.10224,-0.103336
11.834,-0.0490874,-0.00306796,0.0920164,-0.0930024
11.836,-0.0490874,-0.00306796,0.0828148,-0.0837022
11.838,-0.0490874,-0.00306796,0.0745333,-0.075332
11.84,-0.0490874,-0.00306796,0.06708,-0.0677988
11.842,-0.0490874,-0.00306796,0.060372,-0.0610189
11.844,-0.0490874,-0.00306796,0.0543348,-0.054917
11.846,-0.0490874,-0.00306796,0.0489013,-0.0494253
11.848,-0.0460194,-0.00306796,0.197409,-0.0444828
11.85,-0.0460194,-0.00306796,0.177668,-0.0400345
11.852,-0.0460194,-0.00306796,0.159901,-0.0360311
11.854,-0.0460194,-0.00306796,0.143911,-0.0324279
11.856,-0.0460194,-0.00306796,0.12952,-0.0291852
11.858,-0.0460194,-0.00306796,0.116568,-0.0262666
11.86,-0.0460194,0,0.104911,0.129758
11.862,-0.0460194,0,0.0944202,0.116782
11.864,-0.0429515,0,0.238376,0.105104
11.866,-0.0429515,0,0.214539,0.0945937
11.868,-0.0429515,0,0.193085,0.0851343
11.87,-0.0429515,0,0.173776,0.0766209
11.872,-0.0429515,0,0.156399,0.0689588
11.874,-0.0429515,0,0.140759,0.0620629
11.876,-0.0429515,0,0.126683,0.0558566
11.878,-0.0429515,0,0.114015,0.0502709
11.88,-0.0429515,0,0.102613,0.0452439
11.882,-0.0429515,0,0.0923519,0.0407195
11.884,-0.0398835,0,0.236515,0.0366475
11.886,-0.0398835,0,0.212863,0.0329828
11.888,-0.0398835,0,0.191577,0.0296845
11.89,-0.0398835,0,0.172419,0.026716
11.892,-0.0398835,0,0.155177,0.0240444
11.894,-0.0398835,0,0.13966,0.02164
11.896,-0.0398835,0,0.125694,0.019476
11.898,-0.0398835,0,0.113124,0.0175284
11.9,-0.0398835,0,0.101812,0.0157756
11.902,-0.0398835,0,0.0916307,0.014198
11.904,-0.0398835,0,0.0824676,0.0127782
11.906,-0.0398835,0,0.0742208,0.0115004
11.908,-0.0398835,0,0.0667988,0.0103503
11.91,-0.0398835,0,0.0601189,0.00931531
11.912,-0.0398835,0,0.054107,0.00838378
11.914,-0.0368155,0,0.202094,0.0075454
11.916,-0.0368155,0,0.181885,0.00679086
11.918,-0.0368155,0,0.163696,0.00611177
11.92,-0.0368155,0,0.147327,0.0055006
11.922,-0.0368155,0,0.132594,0.00495054
11.924,-0.0368155,0,0.119335,0.00445548
11.926,-0.0368155,0,0.107401,0.00400993
11.928,-0.0368155,0,0.0966611,0.00360894
11.93,-0.0368155,0,0.086995,0.00324805
11.932,-0.0368155,0,0.0782955,0.00292324
11.934,-0.0368155,0,0.0704659,0.00263092
11.936,-0.0368155,0,0.0634194,0.00236783
11.938,-0.0368155,0,0.0570774,0.00213104
11.94,-0.0368155,0,0.0513697,0.00191794
11.942,-0.0368155,0,0.0462327,0.00172615
11.944,-0.0368155,-0.00306796,0.0416094,-0.151845
11.946,-0.0368155,-0.00306796,0.0374485,-0.13666
11.948,-0.0368155,-0.00306796,0.0337036,-0.122994
11.95,-0.0337476,-0.00306796,0.183731,-0.110695
11.952,-0.0337476,-0.00306796,0.165358,-0.0996252
11.954,-0.0337476,-0.00306796,0.148822,-0.0896627
11.956,-0.0337476,-0.00306796,0.13394,-0.0806964
11.958,-0.0337476,-0.00306796,0.120546,-0.0726268
11.96,-0.0337476,-0.00306796,0.108492,-0.0653641
11.962,-0.0337476,-0.00306796,0.0976424,-0.0588277
11.964,-0.0337476,-0.00306796,0.0878781,-0.0529449
11.966,-0.0337476,-0.00306796,0.0790903,-0.0476504
11.968,-0.0306796,-0.00306796,0.224579,-0.0428854
11.97,-0.0306796,-0.00306796,0.202121,-0.0385968
11.972,-0.0306796,-0.00306796,0.181909,-0.0347372
11.974,-0.0306796,-0.00306796,0.163718,-0.0312634
11.976,-0.0306796,-0.00306796,0.147347,-0.0281371
11.978,-0.0306796,-0.00306796,0.132612,-0.0253234
11.98,-0.0306796,0,0.119351,0.130607
11.982,-0.0276117,0,0.260814,0.117546
11.984,-0.0276117,0,0.234732,0.105792
11.986,-0.0276117,0,0.211259,0.0952125
11.988,-0.0276117,0,0.190133,0.0856913
11.99,-0.0276117,0,0.17112,0.0771221
11.992,-0.0276117,0,0.154008,0.0694099
11.994,-0.0276117,0,0.138607,0.0624689
11.996,-0.0245437,0,0.278144,0.056222
11.998,-0.0245437,0,0.25033,0.0505998
12,-0.0245437,0.00306796,0.225297,0.198938
12.002,-0.0245437,0.00306796,0.202767,0.179044
12.004,-0.0245437,0.00306796,0.182491,0.16114
12.006,-0.0245437,0.00306796,0.164242,0.145026
12.008,-0.0245437,0.00306796,0.147817,0.130523
12.01,-0.0214757,0.00306796,0.286434,0.117471
12.012,-0.0214757,0.00306796,0.25779,0.105724
12.014,-0.0214757,0.00306796,0.232011,0.0951514
12.016,-0.0214757,0.00306796,0.20881,0.0856363
12.018,-0.0214757,0.00306796,0.187929,0.0770726
12.02,-0.0214757,0.00306796,0.169136,0.0693654
12.022,-0.0214757,0.00306796,0.152223,0.0624288
12.024,-0.0214757,0.00306796,0.137,0.0561859
12.026,-0.0214757,0.00306796,0.1233,0.0505674
12.028,-0.0214757,0.00306796,0.11097,0.0455106
12.03,-0.0184078,0.00306796,0.253271,0.0409596
12.032,-0.0184078,0.00306796,0.227944,0.0368636
12.034,-0.0184078,0.00306796,0.20515,0.0331772
12.036,-0.0184078,0.00306796,0.184635,0.0298595
12.038,-0.0184078,0.00306796,0.166171,0.0268736
12.04,-0.0184078,0,0.149554,-0.129212
12.042,-0.0184078,0,0.134599,-0.116291
12.044,-0.0184078,0,0.121139,-0.104662
12.046,-0.0184078,0,0.109025,-0.0941955
12.048,-0.0184078,0,0.0981225,-0.0847759
12.05,-0.0184078,0,0.0883103,-0.0762983
12.052,-0.0184078,0,0.0794792,-0.0686685
12.054,-0.0184078,0,0.0715313,-0.0618016
12.056,-0.0153398,0,0.217776,-0.0556215
12.058,-0.0153398,0,0.195999,-0.0500593
12.06,-0.0153398,0,0.176399,-0.0450534
12.062,-0.0153398,0,0.158759,-0.0405481
12.064,-0.0153398,0,0.142883,-0.0364932
12.066,-0.0153398,0,0.128595,-0.0328439
12.068,-0.0153398,0,0.115735,-0.0295595
12.07,-0.0153398,0.00306796,0.104162,0.126795
12.072,-0.0153398,0.00306796,0.0937455,0.114115
12.074,-0.0153398,0.00306796,0.084371,0.102704
12.076,-0.0122718,0.00306796,0.229332,0.0924332
12.078,-0.0122718,0.00306796,0.206399,0.0831899
12.08,-0.0122718,0.00306796,0.185759,0.0748709
12.082,-0.0122718,0.00306796,0.167183,0.0673838
12.084,-0.0122718,0.00306796,0.150465,0.0606454
12.086,-0.0122718,0.00306796,0.135418,0.0545809
12.088,-0.0122718,0.00306796,0.121876,0.0491228
12.09,-0.0122718,0.00306796,0.109689,0.0442105
12.092,-0.00920388,0.00306796,0.252118,0.0397895
12.094,-0.00920388,0.00306796,0.226906,0.0358105
12.096,-0.00920388,0.00306796,0.204216,0.0322295
12.098,-0.00920388,0.00306796,0.183794,0.0290065
12.1,-0.00920388,0.00306796,0.165415,0.0261059
12.102,-0.00920388,0.00306796,0.148873,0.0234953
12.104,-0.00920388,0.00306796,0.133986,0.0211457
12.106,-0.00920388,0.00306796,0.120587,0.0190312
12.108,-0.00920388,0.00306796,0.108529,0.0171281
12.11,-0.00920388,0.00306796,0.0976757,0.0154153
12.112,-0.00920388,0.00306796,0.0879081,0.0138737
12.114,-0.00613592,0.00306796,0.232515,0.0124864
12.116,-0.00613592,0.00306796,0.209264,0.0112377
12.118,-0.00613592,0.00306796,0.188337,0.0101139
12.12,-0.00613592,0.00306796,0.169504,0.00910255
12.122,-0.00613592,0.00306796,0.152553,0.0081923
12.124,-0.00613592,0.00306796,0.137298,0.00737307
12.126,-0.00613592,0.00306796,0.123568,0.00663576
12.128,-0.00613592,0.00306796,0.111211,0.00597218
12.13,-0.00613592,0.00306796,0.10009,0.00537497
12.132,-0.00613592,0.00306796,0.0900812,0.00483747
12.134,-0.00613592,0.00306796,0.0810731,0.00435372
12.136,-0.00613592,0.00306796,0.0729658,0.00391835
12.138,-0.00613592,0.00306796,0.0656692,0.00352652
12.14,-0.00613592,0,0.0591023,-0.150224
12.142,-0.00613592,0,0.0531921,-0.135202
12.144,-0.00613592,0,0.0478729,-0.121682
12.146,-0.00613592,0,0.0430856,-0.109513
12.148,-0.00613592,0,0.038777,-0.0985621
12.15,-0.00613592,0,0.0348993,-0.0887059
12.152,-0.00613592,0,0.0314094,-0.0798353
12.154,-0.00613592,0,0.0282684,-0.0718518
12.156,-0.00306796,0,0.17884,-0.0646666
12.158,-0.00306796,0,0.160956,-0.0581999
12.16,-0.00306796,0,0.14486,-0.0523799
12.162,-0.00306796,0,0.130374,-0.047142
12.164,-0.00306796,0,0.117337,-0.0424278
12.166,-0.00306796,0,0.105603,-0.038185
12.168,-0.00306796,0,0.0950427,-0.0343665
12.17,-0.00306796,0,0.0855385,-0.0309298
12.172,-0.00306796,0,0.0769846,-0.0278369
12.174,-0.00306796,0,0.0692862,-0.0250532
12.176,-0.00306796,0,0.0623575,-0.0225478
12.178,-0.00306796,0,0.0561218,-0.0202931
12.18,-0.00306796,0,0.0505096,-0.0182638
12.182,-0.00306796,0,0.0454586,-0.0164374
12.184,-0,0,0.194311,-0.0147936
12.186,-0,0,0.17488,-0.0133143
12.188,-0,0,0.157392,-0.0119829
12.19,-0,0,0.141653,-0.0107846
12.192,-0,0,0.127487,-0.00970611
12.194,-0,0,0.114739,-0.0087355
12.196,-0,0,0.103265,-0.00786195
12.198,-0,0,0.0929383,-0.00707575
12.2,-0,0,0.0836445,-0.00636818
12.202,-0,0,0.07528,-0.00573136
12.204,-0,0,0.067752,-0.00515822
12.206,0.00306796,0,0.214375,-0.0046424
12.208,0.00306796,0,0.192937,-0.00417816
12.21,0.00306796,0,0.173644,-0.00376035
12.212,0.00306796,0,0.156279,-0.00338431
12.214,0.00306796,0,0.140651,-0.00304588
12.216,0.00306796,0,0.126586,-0.00274129
12.218,0.00306796,0,0.113928,-0.00246716
12.22,0.00306796,0,0.102535,-0.00222045
12.222,0.00306796,0,0.0922814,-0.0019984
12.224,0.00306796,0,0.0830532,-0.00179856
12.226,0.00306796,0,0.0747479,-0.00161871
12.228,0.00613592,0,0.220671,-0.00145683
12.23,0.00613592,0,0.198604,-0.00131115
12.232,0.00613592,0,0.178744,-0.00118004
12.234,0.00613592,0,0.160869,-0.00106203
12.236,0.00613592,0,0.144782,-0.000955829
12.238,0.00613592,0,0.130304,-0.000860246
12.24,0.00613592,0,0.117274,-0.000774222
12.242,0.00613592,0,0.105546,-0.0006968
12.244,0.00613592,0,0.0949917,-0.00062712
12.246,0.00613592,0,0.0854925,-0.000564408
12.248,0.00613592,0,0.0769433,-0.000507967
12.25,0.00613592,0,0.069249,-0.00045717
12.252,0.00613592,0,0.0623241,-0.000411453
12.254,0.00613592,0,0.0560917,-0.000370308
12.256,0.00920388,0,0.203881,-0.000333277
12.258,0.00920388,0,0.183493,-0.000299949
12.26,0.00920388,0,0.165143,-0.000269954
12.262,0.00920388,0,0.148629,-0.000242959
12.264,0.00920388,0,0.133766,-0.000218663
12.266,0.00920388,0,0.120389,-0.000196797
12.268,0.00920388,0,0.10835,-0.000177117
12.27,0.00920388,0,0.0975154,-0.000159405
12.272,0.00920388,0,0.0877639,-0.000143465
12.274,0.00920388,0,0.0789875,-0.000129118
12.276,0.00920388,0,0.0710888,-0.000116207
12.278,0.00920388,0,0.0639799,-0.000104586
12.28,0.00920388,0,0.0575819,-9.41273e-05
12.282,0.00920388,0,0.0518237,-8.47146e-05
12.284,0.00920388,0,0.0466413,-7.62431e-05
12.286,0.00920388,0,0.0419772,-6.86188e-05
12.288,0.00920388,0,0.0377795,-6.17569e-05
12.29,0.00920388,0,0.0340015,-5.55812e-05
12.292,0.00920388,0,0.0306014,-5.00231e-05
12.294,0.00920388,0,0.0275412,-4.50208e-05
12.296,0.00920388,0,0.0247871,-4.05187e-05
12.298,0.00920388,0,0.0223084,-3.64668e-05
12.3,0.00920388,0,0.0200776,-3.28202e-05
12.302,0.00920388,0,0.0180698,-2.95381e-05
12.304,0.00920388,-0.00306796,0.0162628,-0.153425
12.306,0.00920388,-0.00306796,0.0146365,-0.138082
12.308,0.00920388,-0.00306796,0.0131729,-0.124274
12.31,0.00920388,-0.00306796,0.0118556,-0.111847
12.312,0.00920388,-0.00306796,0.01067,-0.100662
12.314,0.00920388,-0.00306796,0.00960304,-0.0905957
12.316,0.00920388,-0.00306796,0.00864273,-0.0815362
12.318,0.00920388,-0.00306796,0.00777846,-0.0733825
12.32,0.00920388,-0.00306796,0.00700061,-0.0660443
12.322,0.00920388,-0.00306796,0.00630055,-0.0594399
12.324,0.0122718,-0.00306796,0.159069,-0.0534959
12.326,0.0122718,-0.00306796,0.143162,-0.0481463
12.328,0.0122718,-0.00306796,0.128846,-0.0433317
12.33,0.0122718,-0.00306796,0.115961,-0.0389985
12.332,0.0122718,-0.00306796,0.104365,-0.0350986
12.334,0.0122718,-0.00306796,0.0939284,-0.0315888
12.336,0.0122718,-0.00306796,0.0845356,-0.0284299
12.338,0.0122718,-0.00306796,0.076082,-0.0255869
12.34,0.0122718,-0.00306796,0.0684738,-0.0230282
12.342,0.0122718,-0.00306796,0.0616264,-0.0207254
12.344,0.0122718,-0.00306796,0.0554638,-0.0186529
12.346,0.0153398,-0.00306796,0.203315,-0.0167876
12.348,0.0153398,-0.00306796,0.182984,-0.0151088
12.35,0.0153398,-0.00306796,0.164686,-0.0135979
12.352,0.0153398,-0.00306796,0.148217,-0.0122381
12.354,0.0153398,-0.00306796,0.133395,-0.0110143
12.356,0.0153398,-0.00306796,0.120056,-0.00991289
12.358,0.0153398,-0.00306796,0.10805,-0.0089216
12.36,0.0184078,-0.00306796,0.250643,-0.00802944
12.362,0.0184078,-0.00306796,0.225579,-0.0072265
12.364,0.0184078,-0.00306796,0.203021,-0.00650385
12.366,0.0184078,0,0.182719,0.147545
12.368,0.0184078,0,0.164447,0.13279
12.37,0.0184078,0,0.148002,0.119511
12.372,0.0214757,0,0.2866,0.10756
12.374,0.0214757,0,0.25794,0.096804
12.376,0.0214757,0,0.232146,0.0871236
12.378,0.0214757,0,0.208932,0.0784113
12.38,0.0214757,0,0.188038,0.0705701
12.382,0.0214757,0.00306796,0.169235,0.216911
12.384,0.0214757,0.00306796,0.152311,0.19522
12.386,0.0214757,0.00306796,0.13708,0.175698
12.388,0.0245437,0.00306796,0.27677,0.158128
12.39,0.0245437,0.00306796,0.249093,0.142315
12.392,0.0245437,0.00306796,0.224184,0.128084
12.394,0.0245437,0.00306796,0.201765,0.115276
12.396,0.0245437,0.00306796,0.181589,0.103748
12.398,0.0245437,0.00306796,0.16343,0.0933732
12.4,0.0245437,0.00306796,0.147087,0.0840358
12.402,0.0245437,0.00306796,0.132378,0.0756323
12.404,0.0245437,0.00306796,0.11914,0.068069
12.406,0.0276117,0.00306796,0.260624,0.0612621
12.408,0.0276117,0.00306796,0.234562,0.0551359
12.41,0.0276117,0.00306796,0.211106,0.0496223
12.412,0.0276117,0.00306796,0.189995,0.0446601
12.414,0.0276117,0.00306796,0.170996,0.0401941
12.416,0.0276117,0.00306796,0.153896,0.0361747
12.418,0.0276117,0.00306796,0.138507,0.0325572
12.42,0.0276117,0.00306796,0.124656,0.0293015
12.422,0.0276117,0.00306796,0.11219,0.0263713
12.424,0.0276117,0.00306796,0.100971,0.0237342
12.426,0.0276117,0.00306796,0.0908741,0.0213608
12.428,0.0276117,0.00306796,0.0817867,0.0192247
12.43,0.0276117,0.00306796,0.073608,0.0173022
12.432,0.0276117,0.00306796,0.0662472,0.015572
12.434,0.0276117,0,0.0596225,-0.139383
12.436,0.0276117,0,0.0536603,-0.125445
12.438,0.0276117,0,0.0482942,-0.1129
12.44,0.0276117,0,0.0434648,-0.10161
12.442,0.0276117,0,0.0391183,-0.0914494
12.444,0.0276117,0,0.0352065,-0.0823044
12.446,0.0306796,0,0.185084,-0.074074
12.448,0.0306796,0,0.166576,-0.0666666
12.45,0.0306796,0,0.149918,-0.0599999
12.452,0.0306796,0,0.134926,-0.0539999
12.454,0.0306796,0,0.121434,-0.0485999
12.456,0.0306796,0,0.10929,-0.0437399
12.458,0.0306796,0,0.0983612,-0.039366
12.46,0.0306796,0,0.0885251,-0.0354294
12.462,0.0306796,0,0.0796726,-0.0318864
12.464,0.0306796,0,0.0717053,-0.0286978
12.466,0.0306796,0,0.0645348,-0.025828
12.468,0.0337476,0,0.211479,-0.0232452
12.47,0.0337476,0,0.190331,-0.0209207
12.472,0.0337476,0,0.171298,-0.0188286
12.474,0.0337476,0,0.154168,-0.0169458
12.476,0.0337476,0.00306796,0.138752,0.138147
12.478,0.0337476,0.00306796,0.124876,0.124332
12.48,0.0337476,0.00306796,0.112389,0.111899
12.482,0.0337476,0.00306796,0.10115,0.100709
12.484,0.0337476,0.00306796,0.0910349,0.0906382
12.486,0.0337476,0.00306796,0.0819314,0.0815744
12.488,0.0368155,0.00306796,0.227136,0.0734169
12.49,0.0368155,0.00306796,0.204423,0.0660752
12.492,0.0368155,0.00306796,0.18398,0.0594677
12.494,0.0368155,0.00306796,0.165582,0.0535209
12.496,0.0368155,0.00306796,0.149024,0.0481688
12.498,0.0368155,0.00306796,0.134122,0.043352
12.5,0.0368155,0.00306796,0.12071,0.0390168
12.502,0.0368155,0.00306796,0.108639,0.0351151
12.504,0.0368155,0.00306796,0.0977748,0.0316036
12.506,0.0398835,0.00306796,0.241395,0.0284432
12.508,0.0398835,0.00306796,0.217256,0.0255989
12.51,0.0398835,0.00306796,0.19553,0.023039
12.512,0.0398835,0.00306796,0.175977,0.0207351
12.514,0.0398835,0.00306796,0.158379,0.0186616
12.516,0.0398835,0.00306796,0.142542,0.0167954
12.518,0.0398835,0.00306796,0.128287,0.0151159
12.52,0.0398835,0.00306796,0.115459,0.0136043
12.522,0.0398835,0.00306796,0.103913,0.0122439
12.524,0.0398835,0.00306796,0.0935215,0.0110195
12.526,0.0398835,0.00306796,0.0841694,0.00991754
12.528,0.0398835,0.00306796,0.0757524,0.00892578
12.53,0.0398835,0.00306796,0.0681772,0.00803321
12.532,0.0398835,0.00306796,0.0613595,0.00722989
12.534,0.0429515,0.00306796,0.208622,0.0065069
12.536,0.0429515,0.00306796,0.187759,0.00585621
12.538,0.0429515,0.00306796,0.168983,0.00527059
12.54,0.0429515,0.00306796,0.152085,0.00474353
12.542,0.0429515,0.00306796,0.136877,0.00426918
12.544,0.0429515,0.00306796,0.123189,0.00384226
12.546,0.0429515,0.00306796,0.11087,0.00345803
12.548,0.0429515,0.00306796,0.0997831,0.00311223
12.55,0.0429515,0.00306796,0.0898048,0.00280101
12.552,0.0429515,0.00306796,0.0808243,0.00252091
12.554,0.0429515,0.00306796,0.0727419,0.00226881
12.556,0.0429515,0.00306796,0.0654677,0.00204193
12.558,0.0429515,0.00306796,0.0589209,0.00183774
12.56,0.0429515,0.00306796,0.0530288,0.00165397
12.562,0.0429515,0.00306796,0.0477259,0.00148857
12.564,0.0429515,0.00306796,0.0429533,0.00133971
12.566,0.0429515,0.00306796,0.038658,0.00120574
12.568,0.0429515,0.00306796,0.0347922,0.00108517
12.57,0.0429515,0.00306796,0.031313,0.00097665
12.572,0.0429515,0.00306796,0.0281817,0.000878985
12.574,0.0429515,0.00306796,0.0253635,0.000791087
12.576,0.0429515,0.00306796,0.0228272,0.000711978
12.578,0.0429515,0.00306796,0.0205444,0.00064078
12.58,0.0429515,0.00306796,0.01849,0.000576702
12.582,0.0429515,0,0.016641,-0.152879
12.584,0.0429515,0,0.0149769,-0.137591
12.586,0.0429515,0,0.0134792,-0.123832
12.588,0.0429515,0,0.0121313,-0.111449
12.59,0.0429515,0,0.0109182,-0.100304
12.592,0.0429515,0,0.00982635,-0.0902735
12.594,0.0429515,0,0.00884371,-0.0812462
12.596,0.0429515,0,0.00795934,-0.0731216
12.598,0.0429515,0,0.00716341,-0.0658094
12.6,0.0429515,0,0.00644707,-0.0592285
12.602,0.0429515,0,0.00580236,-0.0533056
12.604,0.0429515,0,0.00522212,-0.0479751
12.606,0.0429515,0,0.00469991,-0.0431776
12.608,0.0429515,0,0.00422992,-0.0388598
12.61,0.0429515,0,0.00380693,-0.0349738
12.612,0.0429515,0,0.00342623,-0.0314764
12.614,0.0429515,0,0.00308361,-0.0283288
12.616,0.0429515,0,0.00277525,-0.0254959
12.618,0.0429515,0,0.00249773,-0.0229463
12.62,0.0429515,0,0.00224795,-0.0206517
12.622,0.0429515,0,0.00202316,-0.0185865
12.624,0.0429515,0,0.00182084,-0.0167279
12.626,0.0429515,0,0.00163876,-0.0150551
12.628,0.0429515,0,0.00147488,-0.0135496
12.63,0.0429515,0,0.00132739,-0.0121946
12.632,0.0429515,0,0.00119465,-0.0109752
12.634,0.0429515,0,0.00107519,-0.00987764
12.636,0.0429515,0,0.00096767,-0.00888988
12.638,0.0429515,0,0.000870903,-0.00800089
12.64,0.0429515,0,0.000783813,-0.0072008
12.642,0.0429515,0,0.000705431,-0.00648072
12.644,0.0429515,0,0.000634888,-0.00583265
12.646,0.0429515,0,0.000571399,-0.00524938
12.648,0.0429515,0,0.000514259,-0.00472444
12.65,0.0429515,0,0.000462834,-0.004252
12.652,0.0429515,0,0.00041655,-0.0038268
12.654,0.0429515,-0.00306796,0.000374895,-0.156842
12.656,0.0429515,-0.00306796,0.000337406,-0.141158
12.658,0.0429515,-0.00306796,0.000303665,-0.127042
12.66,0.0429515,-0.00306796,0.000273299,-0.114338
12.662,0.0429515,-0.00306796,0.000245969,-0.102904
12.664,0.0429515,-0.00306796,0.000221372,-0.0926138
12.666,0.0429515,-0.00306796,0.000199235,-0.0833524
12.668,0.0429515,-0.00306796,0.000179311,-0.0750171
12.67,0.0429515,-0.00306796,0.00016138,-0.0675154
12.672,0.0429515,-0.00306796,0.000145242,-0.0607639
12.674,0.0429515,-0.00306796,0.000130718,-0.0546875
12.676,0.0429515,-0.00306796,0.000117646,-0.0492187
12.678,0.0429515,-0.00306796,0.000105881,-0.0442969
12.68,0.0460194,-0.00306796,0.153493,-0.0398672
12.682,0.0460194,-0.00306796,0.138144,-0.0358805
12.684,0.0460194,-0.00306796,0.12433,-0.0322924
12.686,0.0460194,-0.00306796,0.111897,-0.0290632
12.688,0.0460194,-0.00306796,0.100707,-0.0261569
12.69,0.0460194,0,0.0906363,0.129857
12.692,0.0460194,0,0.0815727,0.116871
12.694,0.0460194,0,0.0734154,0.105184
12.696,0.0460194,0,0.0660739,0.0946657
12.698,0.0460194,0,0.0594665,0.0851991
12.7,0.0460194,0,0.0535198,0.0766792
12.702,0.0460194,0,0.0481678,0.0690113
12.704,0.0490874,0,0.196749,0.0621102
12.706,0.0490874,0,0.177074,0.0558991
12.708,0.0490874,0,0.159367,0.0503092
12.71,0.0490874,0,0.14343,0.0452783
12.712,0.0490874,0.00306796,0.129087,0.194149
12.714,0.0490874,0.00306796,0.116178,0.174734
12.716,0.0490874,0.00306796,0.104561,0.15726
12.718,0.0490874,0.00306796,0.0941045,0.141534
12.72,0.0490874,0.00306796,0.0846941,0.127381
12.722,0.0490874,0.00306796,0.0762246,0.114643
12.724,0.0490874,0.00306796,0.0686022,0.103179
12.726,0.0490874,0.00306796,0.061742,0.0928607
12.728,0.0490874,0.00306796,0.0555678,0.0835746
12.73,0.0490874,0.00306796,0.050011,0.0752171
12.732,0.0490874,0.00306796,0.0450099,0.0676954
12.734,0.0490874,0.00306796,0.0405089,0.0609259
12.736,0.0490874,0.00306796,0.036458,0.0548333
12.738,0.0490874,0.00306796,0.0328122,0.04935
12.74,0.0490874,0.00306796,0.029531,0.044415
12.742,0.0490874,0.00306796,0.0265779,0.0399735
12.744,0.0490874,0.00306796,0.0239201,0.0359761
12.746,0.0490874,0.00306796,0.0215281,0.0323785
12.748,0.0490874,0,0.0193753,-0.124257
12.75,0.0490874,0,0.0174378,-0.111832
12.752,0.0490874,0,0.015694,-0.100649
12.754,0.0490874,0,0.0141246,-0.0905837
12.756,0.0490874,0,0.0127121,-0.0815253
12.758,0.0490874,0,0.0114409,-0.0733728
12.76,0.0490874,0,0.0102968,-0.0660355
12.762,0.0490874,0,0.00926714,-0.0594319
12.764,0.0521553,0,0.161739,-0.0534887
12.766,0.0521553,0,0.145565,-0.0481399
12.768,0.0521553,0,0.131008,-0.0433259
12.77,0.0521553,0,0.117907,-0.0389933
12.772,0.0521553,0,0.106117,-0.035094
12.774,0.0521553,0,0.095505,-0.0315846
12.776,0.0521553,0,0.0859545,-0.0284261
12.778,0.0521553,0,0.077359,-0.0255835
12.78,0.0521553,0,0.0696231,-0.0230252
12.782,0.0521553,0,0.0626608,-0.0207226
12.784,0.0521553,0,0.0563947,-0.0186504
12.786,0.0521553,0.00306796,0.0507553,0.136613
12.788,0.0521553,0.00306796,0.0456797,0.122951
12.79,0.0521553,0.00306796,0.0411118,0.110656
12.792,0.0552233,0.00306796,0.190399,0.0995907
12.794,0.0552233,0.00306796,0.171359,0.0896316
12.796,0.0552233,0.00306796,0.154223,0.0806685
12.798,0.0552233,0.00306796,0.138801,0.0726016
12.8,0.0552233,0.00306796,0.124921,0.0653415
12.802,0.0552233,0.00306796,0.112429,0.0588073
12.804,0.0552233,0.00306796,0.101186,0.0529266
12.806,0.0552233,0.00306796,0.0910671,0.0476339
12.808,0.0552233,0.00306796,0.0819604,0.0428705
12.81,0.0552233,0.00306796,0.0737643,0.0385835
12.812,0.0552233,0.00306796,0.0663879,0.0347251
12.814,0.0552233,0.00306796,0.0597491,0.0312526
12.816,0.0552233,0.00306796,0.0537742,0.0281274
12.818,0.0552233,0.00306796,0.0483968,0.0253146
12.82,0.0552233,0.00306796,0.0435571,0.0227832
12.822,0.0552233,0.00306796,0.0392014,0.0205048
12.824,0.0552233,0.00306796,0.0352813,0.0184544
12.826,0.0552233,0.00306796,0.0317531,0.0166089
12.828,0.0552233,0.00306796,0.0285778,0.014948
12.83,0.0552233,0.00306796,0.02572,0.0134532
12.832,0.0552233,0.00306796,0.023148,0.0121079
12.834,0.0552233,0.00306796,0.0208332,0.0108971
12.836,0.0552233,0.00306796,0.0187499,0.0098074
12.838,0.0552233,0.00306796,0.0168749,0.00882666
12.84,0.0552233,0.00306796,0.0151874,0.007944
12.842,0.0552233,0.00306796,0.0136687,0.0071496
12.844,0.0552233,0,0.0123018,-0.146963
12.846,0.0552233,0,0.0110716,-0.132267
12.848,0.0552233,0,0.00996447,-0.11904
12.85,0.0552233,0,0.00896802,-0.107136
12.852,0.0552233,0,0.00807122,-0.0964227
12.854,0.0552233,0,0.0072641,-0.0867804
12.856,0.0552233,0,0.00653769,-0.0781024
12.858,0.0552233,0,0.00588392,-0.0702922
12.86,0.0552233,0,0.00529553,-0.0632629
12.862,0.0552233,0,0.00476597,-0.0569366
12.864,0.0552233,0,0.00428938,-0.051243
12.866,0.0552233,0,0.00386044,-0.0461187
12.868,0.0552233,0,0.0034744,-0.0415068
12.87,0.0552233,0,0.00312696,-0.0373561
12.872,0.0552233,0,0.00281426,-0.0336205
12.874,0.0552233,0.00306796,0.00253283,0.12314
12.876,0.0552233,0.00306796,0.00227955,0.110826
12.878,0.0552233,0.00306796,0.0020516,0.0997431
12.88,0.0552233,0.00306796,0.00184644,0.0897688
12.882,0.0552233,0.00306796,0.00166179,0.0807919
12.884,0.0552233,0.00306796,0.00149561,0.0727127
12.886,0.0552233,0.00306796,0.00134605,0.0654414
12.888,0.0552233,0.00306796,0.00121145,0.0588973
12.89,0.0552233,0.00306796,0.0010903,0.0530076
12.892,0.0552233,0.00306796,0.000981272,0.0477068
12.894,0.0552233,0.00306796,0.000883145,0.0429361
12.896,0.0552233,0.00306796,0.00079483,0.0386425
12.898,0.0552233,0.00306796,0.000715347,0.0347783
12.9,0.0552233,0.00306796,0.000643812,0.0313004
12.902,0.0552233,0.00306796,0.000579431,0.0281704
12.904,0.0552233,0.00306796,0.000521488,0.0253534
12.906,0.0552233,0.00306796,0.000469339,0.022818
12.908,0.0552233,0.00306796,0.000422405,0.0205362
12.91,0.0552233,0.00306796,0.000380165,0.0184826
12.912,0.0552233,0.00306796,0.000342148,0.0166343
12.914,0.0552233,0.00306796,0.000307934,0.0149709
12.916,0.0552233,0.00306796,0.00027714,0.0134738
12.918,0.0552233,0.00306796,0.000249426,0.0121264
12.92,0.0552233,0.00306796,0.000224484,0.0109138
12.922,0.0552233,0.00306796,0.000202035,0.00982241
12.924,0.0552233,0,0.000181832,-0.144558
12.926,0.0552233,0,0.000163648,-0.130102
12.928,0.0552233,0,0.000147284,-0.117092
12.93,0.0552233,0,0.000132555,-0.105383
12.932,0.0552233,0,0.0001193,-0.0948444
12.934,0.0552233,0,0.00010737,-0.08536
12.936,0.0552233,0,9.66328e-05,-0.076824
12.938,0.0552233,0,8.69695e-05,-0.0691416
12.94,0.0552233,0,7.82726e-05,-0.0622274
12.942,0.0552233,0,7.04453e-05,-0.0560047
12.944,0.0552233,0,6.34008e-05,-0.0504042
12.946,0.0552233,0,5.70607e-05,-0.0453638
12.948,0.0552233,0.00306796,5.13546e-05,0.112571
12.95,0.0552233,0.00306796,4.62192e-05,0.101314
12.952,0.0552233,0.00306796,4.15973e-05,0.0911822
12.954,0.0552233,0.00306796,3.74375e-05,0.082064
12.956,0.0552233,0.00306796,3.36938e-05,0.0738576
12.958,0.0552233,0.00306796,3.03244e-05,0.0664718
12.96,0.0552233,0.00306796,2.7292e-05,0.0598247
12.962,0.0552233,0.00306796,2.45628e-05,0.0538422
12.964,0.0552233,0.00306796,2.21065e-05,0.048458
12.966,0.0552233,0.00306796,1.98958e-05,0.0436122
12.968,0.0552233,0.00306796,1.79063e-05,0.039251
12.97,0.0552233,0.00306796,1.61156e-05,0.0353259
12.972,0.0552233,0.00306796,1.45041e-05,0.0317933
12.974,0.0552233,0.00306796,1.30537e-05,0.028614
12.976,0.0552233,0.00306796,1.17483e-05,0.0257526
12.978,0.0552233,0.00306796,1.05735e-05,0.0231773
12.98,0.0552233,0.00306796,9.51612e-06,0.0208596
12.982,0.0552233,0.00306796,8.56451e-06,0.0187736
12.984,0.0552233,0.00306796,7.70805e-06,0.0168963
12.986,0.0552233,0.00306796,6.93725e-06,0.0152066
12.988,0.0552233,0.00306796,6.24352e-06,0.013686
12.99,0.0552233,0.00306796,5.61917e-06,0.0123174
12.992,0.0552233,0.00306796,5.05725e-06,0.0110856
12.994,0.0552233,0.00306796,4.55153e-06,0.00997707
12.996,0.0552233,0.00306796,4.09638e-06,0.00897936
12.998,0.0552233,0.00306796,3.68674e-06,0.00808142
13,0.0552233,0.00306796,3.31806e-06,0.00727328
13.002,0.0552233,0.00306796,2.98626e-06,0.00654595
13.004,0.0552233,0.00306796,2.68763e-06,0.00589136
13.006,0.0552233,0.00306796,2.41887e-06,0.00530222
13.008,0.0552233,0.00306796,2.17698e-06,0.004772
13.01,0.0552233,0.00306796,1.95928e-06,0.0042948
13.012,0.0521553,0.00306796,-0.153396,0.00386532
13.014,0.0521553,0.00306796,-0.138057,0.00347879
13.016,0.0521553,0.00306796,-0.124251,0.00313091
13.018,0.0521553,0.00306796,-0.111826,0.00281782
13.02,0.0521553,0.00306796,-0.100643,0.00253604
13.022,0.0521553,0.00306796,-0.090579,0.00228243
13.024,0.0521553,0.00306796,-0.0815211,0.00205419
13.026,0.0521553,0.00306796,-0.073369,0.00184877
13.028,0.0521553,0.00306796,-0.0660321,0.00166389
13.03,0.0521553,0.00306796,-0.0594289,0.0014975
13.032,0.0521553,0.00306796,-0.053486,0.00134775
13.034,0.0521553,0.00306796,-0.0481374,0.00121298
13.036,0.0521553,0.00306796,-0.0433237,0.00109168
13.038,0.0521553,0.00306796,-0.0389913,0.000982513
13.04,0.0521553,0.00306796,-0.0350922,0.000884261
13.042,0.0521553,0.00306796,-0.0315829,0.000795835
13.044,0.0521553,0.00306796,-0.0284246,0.000716252
13.046,0.0521553,0.00306796,-0.0255822,0.000644627
13.048,0.0521553,0.00306796,-0.023024,0.000580164
13.05,0.0521553,0.00306796,-0.0207216,0.000522147
13.052,0.0521553,0.00306796,-0.0186494,0.000469933
13.054,0.0521553,0.00306796,-0.0167845,0.000422939
13.056,0.0521553,0.00306796,-0.015106,0.000380646
13.058,0.0521553,0.00306796,-0.0135954,0.000342581
13.06,0.0521553,0.00306796,-0.0122359,0.000308323
13.062,0.0521553,0.00306796,-0.0110123,0.000277491
13.064,0.0521553,0.00306796,-0.00991106,0.000249742
13.066,0.0490874,0.00306796,-0.162318,0.000224767
13.068,0.0490874,0.00306796,-0.146086,0.000202291
13.07,0.0490874,0.00306796,-0.131478,0.000182062
13.072,0.0490874,0.00306796,-0.11833,0.000163855
13.074,0.0490874,0.00306796,-0.106497,0.00014747
13.076,0.0490874,0.00306796,-0.0958472,0.000132723
13.078,0.0490874,0.00306796,-0.0862625,0.000119451
13.08,0.0490874,0.00306796,-0.0776362,0.000107506
13.082,0.0490874,0.00306796,-0.0698726,9.6755e-05
13.084,0.0490874,0.00306796,-0.0628853,8.70795e-05
13.086,0.0490874,0.00306796,-0.0565968,7.83715e-05
13.088,0.0490874,0.00306796,-0.0509371,7.05344e-05
13.09,0.0490874,0.00306796,-0.0458434,6.34809e-05
13.092,0.0490874,0.00306796,-0.0412591,5.71328e-05
13.094,0.0490874,0.00306796,-0.0371332,5.14196e-05
13.096,0.0490874,0.00306796,-0.0334198,4.62776e-05
13.098,0.0490874,0.00306796,-0.0300779,4.16498e-05
13.1,0.0490874,0.00306796,-0.0270701,3.74849e-05
13.102,0.0490874,0.00306796,-0.0243631,3.37364e-05
13.104,0.0490874,0.00306796,-0.0219268,3.03627e-05
13.106,0.0490874,0.00306796,-0.0197341,2.73265e-05
13.108,0.0490874,0.00306796,-0.0177607,2.45938e-05
13.11,0.0490874,0.00306796,-0.0159846,2.21344e-05
13.112,0.0490874,0.00306796,-0.0143861,1.9921e-05
13.114,0.0460194,0.00306796,-0.166346,1.79289e-05
13.116,0.0460194,0.00306796,-0.149711,1.6136e-05
13.118,0.0460194,0.00306796,-0.13474,1.45224e-05
13.12,0.0460194,0.00306796,-0.121266,1.30702e-05
13.122,0.0460194,0.00306796,-0.109139,1.17631e-05
13.124,0.0460194,0.00306796,-0.0982254,1.05868e-05
13.126,0.0460194,0.00306796,-0.0884029,9.52815e-06
13.128,0.0460194,0.00306796,-0.0795626,8.57533e-06
13.13,0.0460194,0.00306796,-0.0716063,7.7178e-06
13.132,0.0460194,0.00306796,-0.0644457,6.94602e-06
13.134,0.0460194,0.00306796,-0.0580011,6.25142e-06
13.136,0.0460194,0.00306796,-0.052201,5.62628e-06
13.138,0.0460194,0.00306796,-0.0469809,5.06365e-06
13.14,0.0460194,0.00306796,-0.0422828,4.55728e-06
13.142,0.0460194,0.00306796,-0.0380545,4.10156e-06
13.144,0.0460194,0.00306796,-0.0342491,3.6914e-06
13.146,0.0460194,0.00306796,-0.0308242,3.32226e-06
13.148,0.0460194,0.00306796,-0.0277418,2.99003e-06
13.15,0.0460194,0.00306796,-0.0249676,2.69103e-06
13.152,0.0460194,0.00306796,-0.0224708,2.42193e-06
13.154,0.0460194,0.00306796,-0.0202237,2.17973e-06
13.156,0.0460194,0.00306796,-0.0182014,1.96176e-06
13.158,0.0460194,0.00306796,-0.0163812,1.76559e-06
13.16,0.0460194,0.00306796,-0.0147431,1.58903e-06
13.162,0.0460194,0.00306796,-0.0132688,1.43012e-06
13.164,0.0460194,0.00306796,-0.0119419,1.28711e-06
13.166,0.0460194,0.00613592,-0.0107477,0.153399
13.168,0.0460194,0.00613592,-0.00967295,0.138059
13.17,0.0460194,0.00613592,-0.00870566,0.124253
13.172,0.0460194,0.00613592,-0.00783509,0.111828
13.174,0.0429515,0.00613592,-0.16045,0.100645
13.176,0.0429515,0.00613592,-0.144405,0.0905807
13.178,0.0429515,0.00613592,-0.129964,0.0815226
13.18,0.0429515,0.00613592,-0.116968,0.0733704
13.182,0.0429515,0.00613592,-0.105271,0.0660333
13.184,0.0429515,0.00306796,-0.0947439,-0.0939681
13.186,0.0429515,0.00306796,-0.0852695,-0.0845713
13.188,0.0429515,0.00306796,-0.0767426,-0.0761141
13.19,0.0429515,0.00306796,-0.0690683,-0.0685027
13.192,0.0398835,0.00306796,-0.21556,-0.0616525
13.194,0.0398835,0.00306796,-0.194004,-0.0554872
13.196,0.0398835,0.00306796,-0.174603,-0.0499385
13.198,0.0398835,0.00306796,-0.157143,-0.0449446
13.2,0.0398835,0.00306796,-0.141429,-0.0404502
13.202,0.0398835,0.00306796,-0.127286,-0.0364052
13.204,0.0368155,0.00306796,-0.267955,-0.0327646
13.206,0.0368155,0.00306796,-0.24116,-0.0294882
13.208,0.0368155,0.00306796,-0.217044,-0.0265394
13.21,0.0368155,0.00306796,-0.195339,-0.0238854
13.212,0.0368155,0.00306796,-0.175805,-0.0214969
13.214,0.0368155,0.00306796,-0.158225,-0.0193472
13.216,0.0337476,0,-0.2958,-0.170811
13.218,0.0337476,0,-0.26622,-0.153729
13.22,0.0337476,0,-0.239598,-0.138357
13.222,0.0337476,0,-0.215639,-0.124521
13.224,0.0337476,0,-0.194075,-0.112069
13.226,0.0337476,0,-0.174667,-0.100862
13.228,0.0337476,0,-0.157201,-0.0907757
13.23,0.0306796,0,-0.294879,-0.0816982
13.232,0.0306796,0,-0.265391,-0.0735283
13.234,0.0306796,0,-0.238852,-0.0661755
13.236,0.0306796,0,-0.214966,-0.059558
13.238,0.0306796,0,-0.19347,-0.0536022
13.24,0.0306796,0,-0.174123,-0.0482419
13.242,0.0306796,-0.00306796,-0.156711,-0.196816
13.244,0.0306796,-0.00306796,-0.141039,-0.177134
13.246,0.0276117,-0.00306796,-0.280334,-0.159421
13.248,0.0276117,-0.00306796,-0.2523,-0.143479
13.25,0.0276117,-0.00306796,-0.22707,-0.129131
13.252,0.0276117,-0.00306796,-0.204363,-0.116218
13.254,0.0276117,-0.00306796,-0.183927,-0.104596
13.256,0.0276117,-0.00306796,-0.165534,-0.0941364
13.258,0.0276117,-0.00306796,-0.148981,-0.0847228
13.26,0.0245437,-0.00306796,-0.287481,-0.0762505
13.262,0.0245437,-0.00306796,-0.258733,-0.0686254
13.264,0.0245437,-0.00306796,-0.232859,-0.0617629
13.266,0.0245437,-0.00306796,-0.209573,-0.0555866
13.268,0.0245437,-0.00306796,-0.188616,-0.0500279
13.27,0.0245437,-0.00306796,-0.169755,-0.0450251
13.272,0.0245437,-0.00306796,-0.152779,-0.0405226
13.274,0.0245437,-0.00306796,-0.137501,-0.0364704
13.276,0.0245437,-0.00306796,-0.123751,-0.0328233
13.278,0.0245437,-0.00306796,-0.111376,-0.029541
13.28,0.0214757,-0.00306796,-0.253636,-0.0265869
13.282,0.0214757,-0.00306796,-0.228273,-0.0239282
13.284,0.0214757,-0.00306796,-0.205446,-0.0215354
13.286,0.0214757,-0.00306796,-0.184901,-0.0193819
13.288,0.0214757,-0.00306796,-0.166411,-0.0174437
13.29,0.0214757,-0.00306796,-0.14977,-0.0156993
13.292,0.0214757,-0.00306796,-0.134793,-0.0141294
13.294,0.0214757,-0.00306796,-0.121314,-0.0127164
13.296,0.0214757,-0.00306796,-0.109182,-0.0114448
13.298,0.0214757,-0.00306796,-0.0982639,-0.0103003
13.3,0.0214757,-0.00306796,-0.0884376,-0.00927028
13.302,0.0214757,-0.00306796,-0.0795938,-0.00834325
13.304,0.0214757,-0.00306796,-0.0716344,-0.00750893
13.306,0.0214757,-0.00306796,-0.064471,-0.00675803
13.308,0.0184078,-0.00306796,-0.211422,-0.00608223
13.31,0.0184078,-0.00306796,-0.19028,-0.00547401
13.312,0.0184078,-0.00306796,-0.171252,-0.00492661
13.314,0.0184078,-0.00306796,-0.154127,-0.00443395
13.316,0.0184078,-0.00306796,-0.138714,-0.00399055
13.318,0.0184078,-0.00306796,-0.124843,-0.0035915
13.32,0.0184078,-0.00306796,-0.112358,-0.00323235
13.322,0.0184078,-0.00306796,-0.101122,-0.00290911
13.324,0.0184078,-0.00306796,-0.0910102,-0.0026182
13.326,0.0184078,-0.00306796,-0.0819092,-0.00235638
13.328,0.0184078,-0.00306796,-0.0737183,-0.00212074
13.33,0.0184078,-0.00306796,-0.0663465,-0.00190867
13.332,0.0184078,-0.00306796,-0.0597118,-0.0017178
13.334,0.0184078,-0.00306796,-0.0537406,-0.00154602
13.336,0.0184078,-0.00306796,-0.0483666,-0.00139142
13.338,0.0184078,-0.00306796,-0.0435299,-0.00125228
13.34,0.0184078,-0.00306796,-0.0391769,-0.00112705
13.342,0.0184078,-0.00306796,-0.0352592,-0.00101434
13.344,0.0184078,-0.00306796,-0.0317333,-0.00091291
13.346,0.0184078,-0.00306796,-0.02856,-0.000821619
13.348,0.0184078,-0.00306796,-0.025704,-0.000739457
13.35,0.0184078,0,-0.0231336,0.152733
13.352,0.0153398,0,-0.174218,0.137459
13.354,0.0153398,0,-0.156796,0.123713
13.356,0.0153398,0,-0.141117,0.111342
13.358,0.0153398,0,-0.127005,0.100208
13.36,0.0153398,0,-0.114305,0.0901871
13.362,0.0153398,0,-0.102874,0.0811683
13.364,0.0153398,0,-0.0925867,0.0730515
13.366,0.0153398,0,-0.0833281,0.0657464
13.368,0.0153398,0,-0.0749953,0.0591717
13.37,0.0153398,0,-0.0674957,0.0532546
13.372,0.0153398,0,-0.0607462,0.0479291
13.374,0.0122718,-0.00306796,-0.20807,-0.110262
13.376,0.0122718,-0.00306796,-0.187263,-0.0992357
13.378,0.0122718,-0.00306796,-0.168536,-0.0893121
13.38,0.0122718,-0.00306796,-0.151683,-0.0803809
13.382,0.0122718,-0.00306796,-0.136514,-0.0723428
13.384,0.0122718,-0.00306796,-0.122863,-0.0651085
13.386,0.0122718,-0.00306796,-0.110577,-0.0585977
13.388,0.0122718,-0.00306796,-0.0995191,-0.0527379
13.39,0.00920388,-0.00306796,-0.242965,-0.0474641
13.392,0.00920388,-0.00306796,-0.218669,-0.0427177
13.394,0.00920388,-0.00306796,-0.196802,-0.0384459
13.396,0.00920388,-0.00306796,-0.177122,-0.0346013
13.398,0.00920388,-0.00306796,-0.159409,-0.0311412
13.4,0.00920388,-0.00306796,-0.143469,-0.0280271
13.402,0.00920388,-0.00306796,-0.129122,-0.0252244
13.404,0.00920388,-0.00306796,-0.11621,-0.0227019
13.406,0.00920388,-0.00306796,-0.104589,-0.0204318
13.408,0.00920388,-0.00306796,-0.0941297,-0.0183886
13.41,0.00920388,-0.00306796,-0.0847167,-0.0165497
13.412,0.00920388,-0.00306796,-0.0762451,-0.0148947
13.414,0.00920388,-0.00306796,-0.0686206,-0.0134053
13.416,0.00920388,-0.00306796,-0.0617585,-0.0120647
13.418,0.00920388,-0.00306796,-0.0555827,-0.0108583
13.42,0.00613592,-0.00306796,-0.203422,-0.00977244
13.422,0.00613592,-0.00306796,-0.18308,-0.0087952
13.424,0.00613592,-0.00306796,-0.164772,-0.00791568
13.426,0.00613592,-0.00306796,-0.148295,-0.00712411
13.428,0.00613592,-0.00306796,-0.133465,-0.0064117
13.43,0.00613592,-0.00306796,-0.120119,-0.00577053
13.432,0.00613592,-0.00306796,-0.108107,-0.00519348
13.434,0.00613592,-0.00306796,-0.0972963,-0.00467413
13.436,0.00613592,-0.00306796,-0.0875667,-0.00420672
13.438,0.00613592,-0.00306796,-0.07881,-0.00378604
13.44,0.00613592,-0.00306796,-0.070929,-0.00340744
13.442,0.00613592,-0.00306796,-0.0638361,-0.0030667
13.444,0.00613592,-0.00306796,-0.0574525,-0.00276003
13.446,0.00613592,-0.00306796,-0.0517073,-0.00248402
13.448,0.00613592,-0.00306796,-0.0465365,-0.00223562
13.45,0.00613592,-0.00306796,-0.0418829,-0.00201206
13.452,0.00613592,-0.00306796,-0.0376946,-0.00181085
13.454,0.00613592,-0.00306796,-0.0339251,-0.00162977
13.456,0.00613592,-0.00306796,-0.0305326,-0.00146679
13.458,0.00613592,0,-0.0274794,0.152078
13.46,0.00613592,0,-0.0247314,0.13687
13.462,0.00613592,0,-0.0222583,0.123183
13.464,0.00613592,0,-0.0200325,0.110865
13.466,0.00613592,0,-0.0180292,0.0997784
13.468,0.00613592,0,-0.0162263,0.0898005
13.47,0.00613592,0,-0.0146037,0.0808205
13.472,0.00613592,0,-0.0131433,0.0727384
13.474,0.00613592,0,-0.011829,0.0654646
13.476,0.00306796,0,-0.164044,0.0589181
13.478,0.00306796,0,-0.14764,0.0530263
13.48,0.00306796,0,-0.132876,0.0477237
13.482,0.00306796,0,-0.119588,0.0429513
13.484,0.00306796,0,-0.107629,0.0386562
13.486,0.00306796,0,-0.0968664,0.0347906
13.488,0.00306796,0,-0.0871798,0.0313115
13.49,0.00306796,0,-0.0784618,0.0281804
13.492,0.00306796,0,-0.0706156,0.0253623
13.494,0.00306796,0,-0.0635541,0.0228261
13.496,0.00306796,0,-0.0571987,0.0205435
13.498,0.00306796,0,-0.0514788,0.0184891
13.5,-0,0,-0.199729,0.0166402
13.502,-0,0,-0.179756,0.0149762
13.504,-0,0,-0.16178,0.0134786
13.506,-0,-0.00306796,-0.145602,-0.141267
13.508,-0,-0.00306796,-0.131042,-0.127141
13.51,-0,-0.00306796,-0.117938,-0.114427
13.512,-0,-0.00306796,-0.106144,-0.102984
13.514,-0,-0.00306796,-0.0955298,-0.0926855
13.516,-0,-0.00306796,-0.0859768,-0.083417
13.518,-0,-0.00306796,-0.0773791,-0.0750753
13.52,-0,-0.00306796,-0.0696412,-0.0675677
13.522,-0,-0.00306796,-0.0626771,-0.060811
13.524,-0,-0.00306796,-0.0564094,-0.0547299
13.526,-0,-0.00306796,-0.0507684,-0.0492569
13.528,-0.00306796,-0.00306796,-0.19909,-0.0443312
13.53,-0.00306796,-0.00306796,-0.179181,-0.0398981
13.532,-0.00306796,-0.00306796,-0.161263,-0.0359083
13.534,-0.00306796,-0.00306796,-0.145136,-0.0323174
13.536,-0.00306796,-0.00306796,-0.130623,-0.0290857
13.538,-0.00306796,-0.00306796,-0.11756,-0.0261771
13.54,-0.00306796,-0.00306796,-0.105804,-0.0235594
13.542,-0.00306796,-0.00306796,-0.095224,-0.0212035
13.544,-0.00306796,0,-0.0857016,0.134315
13.546,-0.00306796,0,-0.0771314,0.120883
13.548,-0.00306796,0,-0.0694183,0.108795
13.55,-0.00306796,0,-0.0624764,0.0979156
13.552,-0.00306796,0,-0.0562288,0.088124
13.554,-0.00306796,0,-0.0506059,0.0793116
13.556,-0.00306796,0,-0.0455453,0.0713805
13.558,-0.00306796,0,-0.0409908,0.0642424
13.56,-0.00306796,0,-0.0368917,0.0578182
13.562,-0.00306796,0,-0.0332025,0.0520364
13.564,-0.00306796,0,-0.0298823,0.0468327
13.566,-0.00306796,0,-0.0268941,0.0421495
13.568,-0.00306796,0,-0.0242047,0.0379345
13.57,-0.00306796,0,-0.0217842,0.0341411
13.572,-0.00306796,0,-0.0196058,0.030727
13.574,-0.00306796,0,-0.0176452,0.0276543
13.576,-0.00613592,0,-0.169279,0.0248888
13.578,-0.00613592,0,-0.152351,0.0223999
13.58,-0.00613592,-0.00306796,-0.137116,-0.133238
13.582,-0.00613592,-0.00306796,-0.123404,-0.119914
13.584,-0.00613592,-0.00306796,-0.111064,-0.107923
13.586,-0.00613592,-0.00306796,-0.0999574,-0.0971306
13.588,-0.00613592,-0.00306796,-0.0899617,-0.0874175
13.59,-0.00613592,-0.00306796,-0.0809655,-0.0786758
13.592,-0.00613592,-0.00306796,-0.072869,-0.0708082
13.594,-0.00613592,-0.00306796,-0.0655821,-0.0637274
13.596,-0.00613592,-0.00306796,-0.0590239,-0.0573546
13.598,-0.00613592,-0.00306796,-0.0531215,-0.0516192
13.6,-0.00613592,-0.00306796,-0.0478093,-0.0464573
13.602,-0.00613592,-0.00306796,-0.0430284,-0.0418115
13.604,-0.00613592,-0.00306796,-0.0387255,-0.0376304
13.606,-0.00613592,-0.00306796,-0.034853,-0.0338673
13.608,-0.00613592,0,-0.0313677,0.122917
13.61,-0.00613592,0,-0.0282309,0.110626
13.612,-0.00613592,0,-0.0254078,0.0995632
13.614,-0.00613592,0,-0.022867,0.0896068
13.616,-0.00613592,0,-0.0205803,0.0806462
13.618,-0.00613592,0,-0.0185223,0.0725815
13.62,-0.00613592,0,-0.0166701,0.0653234
13.622,-0.00613592,0,-0.0150031,0.058791
13.624,-0.00613592,0,-0.0135028,0.0529119
13.626,-0.00920388,0,-0.165551,0.0476207
13.628,-0.00920388,0,-0.148996,0.0428587
13.63,-0.00920388,0,-0.134096,0.0385728
13.632,-0.00920388,0,-0.120686,0.0347155
13.634,-0.00920388,0,-0.108618,0.031244
13.636,-0.00920388,0,-0.097756,0.0281196
13.638,-0.00920388,0,-0.0879804,0.0253076
13.64,-0.00920388,0,-0.0791823,0.0227769
13.642,-0.00920388,0,-0.0712641,0.0204992
13.644,-0.00920388,0,-0.0641377,0.0184493
13.646,-0.00920388,0,-0.0577239,0.0166043
13.648,-0.00920388,0,-0.0519515,0.0149439
13.65,-0.00920388,-0.00306796,-0.0467564,-0.139949
13.652,-0.0122718,-0.00306796,-0.195479,-0.125954
13.654,-0.0122718,-0.00306796,-0.175931,-0.113358
13.656,-0.0122718,-0.00306796,-0.158338,-0.102023
13.658,-0.0122718,-0.00306796,-0.142504,-0.0918203
13.66,-0.0122718,-0.00306796,-0.128254,-0.0826382
13.662,-0.0122718,-0.00306796,-0.115428,-0.0743744
13.664,-0.0122718,-0.00306796,-0.103885,-0.066937
13.666,-0.0122718,-0.00306796,-0.0934969,-0.0602433
13.668,-0.0122718,-0.00306796,-0.0841472,-0.0542189
13.67,-0.0122718,-0.00306796,-0.0757325,-0.0487971
13.672,-0.0122718,-0.00306796,-0.0681592,-0.0439173
13.674,-0.0122718,-0.00306796,-0.0613433,-0.0395256
13.676,-0.0122718,-0.00306796,-0.055209,-0.035573
13.678,-0.0122718,0,-0.0496881,0.121382
13.68,-0.0122718,0,-0.0447193,0.109244
13.682,-0.0122718,0,-0.0402474,0.0983197
13.684,-0.0122718,0,-0.0362226,0.0884877
13.686,-0.0122718,0,-0.0326004,0.0796389
13.688,-0.0122718,0,-0.0293403,0.0716751
13.69,-0.0122718,0,-0.0264063,0.0645075
13.692,-0.0122718,0,-0.0237657,0.0580568
13.694,-0.0122718,0,-0.0213891,0.0522511
13.696,-0.0122718,0,-0.0192502,0.047026
13.698,-0.0122718,0,-0.0173252,0.0423234
13.7,-0.0122718,0,-0.0155926,0.0380911
13.702,-0.0153398,0,-0.167431,0.034282
13.704,-0.0153398,0,-0.150688,0.0308538
13.706,-0.0153398,0,-0.135619,0.0277684
13.708,-0.0153398,0,-0.122058,0.0249915
13.71,-0.0153398,0,-0.109852,0.0224924
13.712,-0.0153398,0,-0.0988666,0.0202432
13.714,-0.0153398,0,-0.0889799,0.0182188
13.716,-0.0153398,0,-0.0800819,0.016397
13.718,-0.0153398,0,-0.0720738,0.0147573
13.72,-0.0153398,0,-0.0648664,0.0132815
13.722,-0.0153398,-0.00306796,-0.0583797,-0.141445
13.724,-0.0153398,-0.00306796,-0.0525418,-0.1273
13.726,-0.0153398,-0.00306796,-0.0472876,-0.11457
13.728,-0.0153398,-0.00306796,-0.0425588,-0.103113
13.73,-0.0153398,-0.00306796,-0.0383029,-0.0928019
13.732,-0.0153398,-0.00306796,-0.0344727,-0.0835217
13.734,-0.0153398,-0.00306796,-0.0310254,-0.0751695
13.736,-0.0153398,-0.00306796,-0.0279228,-0.0676526
13.738,-0.0153398,-0.00306796,-0.0251306,-0.0608873
13.74,-0.0153398,-0.00306796,-0.0226175,-0.0547986
13.742,-0.0153398,-0.00306796,-0.0203558,-0.0493187
13.744,-0.0153398,0,-0.0183202,0.109011
13.746,-0.0153398,0,-0.0164882,0.0981101
13.748,-0.0153398,0,-0.0148393,0.0882991
13.75,-0.0153398,0,-0.0133554,0.0794692
13.752,-0.0153398,0,-0.0120199,0.0715223
13.754,-0.0153398,0,-0.0108179,0.06437
13.756,-0.0153398,0,-0.0097361,0.057933
13.758,-0.0153398,0,-0.00876249,0.0521397
13.76,-0.0153398,0,-0.00788624,0.0469258
13.762,-0.0153398,0,-0.00709761,0.0422332
13.764,-0.0153398,0,-0.00638785,0.0380099
13.766,-0.0153398,0,-0.00574907,0.0342089
13.768,-0.0153398,0,-0.00517416,0.030788
13.77,-0.0153398,0,-0.00465674,0.0277092
13.772,-0.0153398,0,-0.00419107,0.0249383
13.774,-0.0153398,0,-0.00377196,0.0224444
13.776,-0.0153398,0,-0.00339477,0.0202
13.778,-0.0153398,0,-0.00305529,0.01818
13.78,-0.0153398,0,-0.00274976,0.016362
13.782,-0.0153398,0,-0.00247478,0.0147258
13.784,-0.0153398,0,-0.00222731,0.0132532
13.786,-0.0153398,0.00306796,-0.00200458,0.165326
13.788,-0.0153398,0.00306796,-0.00180412,0.148793
13.79,-0.0153398,0.00306796,-0.00162371,0.133914
13.792,-0.0153398,0.00306796,-0.00146134,0.120523
13.794,-0.0153398,0.00306796,-0.0013152,0.10847
13.796,-0.0153398,0.00306796,-0.00118368,0.0976233
13.798,-0.0153398,0.00306796,-0.00106531,0.087861
13.8,-0.0153398,0.00306796,-0.000958782,0.0790749
13.802,-0.0184078,0.00306796,-0.154261,0.0711674
13.804,-0.0184078,0.00306796,-0.138835,0.0640507
13.806,-0.0184078,0.00306796,-0.124951,0.0576456
13.808,-0.0184078,0.00306796,-0.112456,0.051881
13.81,-0.0184078,0.00306796,-0.101211,0.0466929
13.812,-0.0184078,0,-0.0910896,-0.111374
13.814,-0.0184078,0,-0.0819806,-0.100237
13.816,-0.0184078,0,-0.0737825,-0.0902133
13.818,-0.0184078,0,-0.0664043,-0.081192
13.82,-0.0184078,0,-0.0597639,-0.0730728
13.822,-0.0214757,0,-0.207186,-0.0657655
13.824,-0.0214757,0,-0.186467,-0.0591889
13.826,-0.0214757,0,-0.16782,-0.05327
13.828,-0.0214757,0,-0.151038,-0.047943
13.83,-0.0214757,0,-0.135934,-0.0431487
13.832,-0.0214757,0,-0.122341,-0.0388339
13.834,-0.0214757,0,-0.110107,-0.0349505
13.836,-0.0214757,0,-0.0990962,-0.0314554
13.838,-0.0214757,0,-0.0891866,-0.0283099
13.84,-0.0214757,0,-0.0802679,-0.0254789
13.842,-0.0245437,0,-0.225639,-0.022931
13.844,-0.0245437,0,-0.203075,-0.0206379
13.846,-0.0245437,0,-0.182768,-0.0185741
13.848,-0.0245437,0,-0.164491,-0.0167167
13.85,-0.0245437,0,-0.148042,-0.015045
13.852,-0.0245437,-0.00306796,-0.133238,-0.166939
13.854,-0.0245437,-0.00306796,-0.119914,-0.150245
13.856,-0.0245437,-0.00306796,-0.107923,-0.13522
13.858,-0.0245437,-0.00306796,-0.0971303,-0.121698
13.86,-0.0245437,-0.00306796,-0.0874173,-0.109528
13.862,-0.0245437,-0.00306796,-0.0786755,-0.0985756
13.864,-0.0245437,-0.00306796,-0.070808,-0.088718
13.866,-0.0245437,-0.00306796,-0.0637272,-0.0798462
13.868,-0.0245437,-0.00306796,-0.0573545,-0.0718616
13.87,-0.0276117,-0.00306796,-0.205017,-0.0646754
13.872,-0.0276117,-0.00306796,-0.184515,-0.0582079
13.874,-0.0276117,-0.00306796,-0.166064,-0.0523871
13.876,-0.0276117,-0.00306796,-0.149457,-0.0471484
13.878,-0.0276117,-0.00306796,-0.134512,-0.0424336
13.88,-0.0276117,-0.00306796,-0.121061,-0.0381902
13.882,-0.0276117,-0.00306796,-0.108954,-0.0343712
13.884,-0.0276117,-0.00306796,-0.098059,-0.0309341
13.886,-0.0276117,-0.00306796,-0.0882531,-0.0278407
13.888,-0.0276117,-0.00306796,-0.0794278,-0.0250566
13.89,-0.0276117,-0.00306796,-0.071485,-0.0225509
13.892,-0.0276117,-0.00306796,-0.0643365,-0.0202958
13.894,-0.0276117,0,-0.0579029,0.135132
13.896,-0.0276117,0,-0.0521126,0.121619
13.898,-0.0276117,0,-0.0469013,0.109457
13.9,-0.0276117,0,-0.0422112,0.0985111
13.902,-0.0276117,0,-0.0379901,0.08866
13.904,-0.0276117,0,-0.0341911,0.079794
13.906,-0.0276117,0,-0.030772,0.0718146
13.908,-0.0276117,0,-0.0276948,0.0646331
13.91,-0.0276117,0,-0.0249253,0.0581698
13.912,-0.0276117,0,-0.0224328,0.0523528
13.914,-0.0276117,0,-0.0201895,0.0471176
13.916,-0.0276117,0,-0.0181705,0.0424058
13.918,-0.0276117,0,-0.0163535,0.0381652
13.92,-0.0276117,0,-0.0147181,0.0343487
13.922,-0.0276117,0,-0.0132463,0.0309138
13.924,-0.0276117,0,-0.0119217,0.0278224
13.926,-0.0276117,0,-0.0107295,0.0250402
13.928,-0.0276117,0,-0.00965657,0.0225362
13.93,-0.0276117,0,-0.00869091,0.0202826
13.932,-0.0276117,0,-0.00782182,0.0182543
13.934,-0.0276117,0,-0.00703964,0.0164289
13.936,-0.0276117,0,-0.00633567,0.014786
13.938,-0.0276117,0,-0.00570211,0.0133074
13.94,-0.0276117,0,-0.0051319,0.0119767
13.942,-0.0306796,0,-0.158017,0.010779
13.944,-0.0306796,0,-0.142215,0.00970109
13.946,-0.0306796,0,-0.127994,0.00873098
13.948,-0.0306796,0,-0.115194,0.00785788
13.95,-0.0306796,0,-0.103675,0.00707209
13.952,-0.0306796,0,-0.0933073,0.00636488
13.954,-0.0306796,0,-0.0839766,0.00572839
13.956,-0.0306796,0,-0.0755789,0.00515556
13.958,-0.0306796,0,-0.068021,0.00464
13.96,-0.0306796,0,-0.0612189,0.004176
13.962,-0.0306796,0,-0.055097,0.0037584
13.964,-0.0306796,0,-0.0495873,0.00338256
13.966,-0.0306796,0,-0.0446286,0.0030443
13.968,-0.0306796,0,-0.0401657,0.00273987
13.97,-0.0306796,0,-0.0361492,0.00246589
13.972,-0.0306796,0,-0.0325343,0.0022193
13.974,-0.0306796,0,-0.0292808,0.00199737
13.976,-0.0306796,0,-0.0263527,0.00179763
13.978,-0.0306796,0,-0.0237175,0.00161787
13.98,-0.0306796,0,-0.0213457,0.00145608
13.982,-0.0306796,0,-0.0192112,0.00131047
13.984,-0.0306796,0,-0.01729,0.00117943
13.986,-0.0306796,0,-0.015561,0.00106148
13.988,-0.0306796,0,-0.0140049,0.000955335
13.99,-0.0306796,0,-0.0126044,0.000859801
13.992,-0.0306796,0,-0.011344,0.000773821
13.994,-0.0306796,0,-0.0102096,0.000696439
13.996,-0.0306796,0,-0.00918863,0.000626795
13.998,-0.0306796,0,-0.00826977,0.000564116
14,-0.0306796,0.00306796,-0.00744279,0.153906
14.002,-0.0306796,0.00306796,-0.00669851,0.138515
14.004,-0.0306796,0.00306796,-0.00602866,0.124664
14.006,-0.0306796,0.00306796,-0.0054258,0.112197
14.008,-0.0306796,0.00306796,-0.00488322,0.100978
14.01,-0.0306796,0.00306796,-0.0043949,0.0908798
14.012,-0.0306796,0.00306796,-0.00395541,0.0817918
14.014,-0.0306796,0.00306796,-0.00355987,0.0736127
14.016,-0.0306796,0.00306796,-0.00320388,0.0662514
14.018,-0.0306796,0.00306796,-0.00288349,0.0596263
14.02,-0.0306796,0.00306796,-0.00259514,0.0536636
14.022,-0.0306796,0.00306796,-0.00233563,0.0482973
14.024,-0.0306796,0.00306796,-0.00210206,0.0434675
14.026,-0.0306796,0.00306796,-0.00189186,0.0391208
14.028,-0.0337476,0,-0.155101,-0.118189
14.03,-0.0337476,0,-0.139591,-0.10637
14.032,-0.0337476,0,-0.125632,-0.0957334
14.034,-0.0337476,0,-0.113068,-0.0861601
14.036,-0.0337476,0,-0.101762,-0.077544
14.038,-0.0337476,0,-0.0915854,-0.0697896
14.04,-0.0337476,0,-0.0824269,-0.0628107
14.042,-0.0337476,0,-0.0741842,-0.0565296
14.044,-0.0337476,0,-0.0667658,-0.0508766
14.046,-0.0337476,0,-0.0600892,-0.045789
14.048,-0.0337476,0,-0.0540803,-0.0412101
14.05,-0.0337476,0,-0.0486723,-0.0370891
14.052,-0.0368155,0,-0.197203,-0.0333802
14.054,-0.0368155,0,-0.177483,-0.0300422
14.056,-0.0368155,0,-0.159735,-0.0270379
14.058,-0.0368155,0,-0.143761,-0.0243341
14.06,-0.0368155,0,-0.129385,-0.0219007
14.062,-0.0368155,0,-0.116446,-0.0197107
14.064,-0.0368155,0,-0.104802,-0.0177396
14.066,-0.0368155,0,-0.0943216,-0.0159656
14.068,-0.0368155,0,-0.0848895,-0.0143691
14.07,-0.0368155,0,-0.0764005,-0.0129322
14.072,-0.0368155,0,-0.0687605,-0.0116389
14.074,-0.0368155,0,-0.0618844,-0.0104751
14.076,-0.0368155,0,-0.055696,-0.00942755
14.078,-0.0368155,0,-0.0501264,-0.00848479
14.08,-0.0368155,0,-0.0451137,-0.00763631
14.082,-0.0368155,0,-0.0406024,-0.00687268
14.084,-0.0368155,0,-0.0365421,-0.00618541
14.086,-0.0398835,0,-0.186286,-0.00556687
14.088,-0.0398835,0,-0.167657,-0.00501018
14.09,-0.0398835,0,-0.150892,-0.00450917
14.092,-0.0398835,0,-0.135802,-0.00405825
14.094,-0.0398835,0,-0.122222,-0.00365242
14.096,-0.0398835,0,-0.11,-0.00328718
14.098,-0.0398835,0,-0.099,-0.00295846
14.1,-0.0398835,0,-0.0891,-0.00266262
14.102,-0.0398835,0,-0.08019,-0.00239636
14.104,-0.0398835,0,-0.072171,-0.00215672
14.106,-0.0398835,0,-0.0649539,-0.00194105
14.108,-0.0398835,0,-0.0584585,-0.00174694
14.11,-0.0398835,0,-0.0526127,-0.00157225
14.112,-0.0398835,0,-0.0473514,-0.00141502
14.114,-0.0398835,0,-0.0426163,-0.00127352
14.116,-0.0398835,0,-0.0383546,-0.00114617
14.118,-0.0398835,0,-0.0345192,-0.00103155
14.12,-0.0398835,0,-0.0310673,-0.000928397
14.122,-0.0398835,0,-0.0279605,-0.000835558
14.124,-0.0398835,0,-0.0251645,-0.000752002
14.126,-0.0398835,0,-0.022648,-0.000676802
14.128,-0.0398835,0,-0.0203832,-0.000609121
14.13,-0.0398835,0,-0.0183449,-0.000548209
14.132,-0.0398835,0,-0.0165104,-0.000493388
14.134,-0.0398835,0,-0.0148594,-0.00044405
14.136,-0.0398835,0,-0.0133734,-0.000399645
14.138,-0.0398835,0,-0.0120361,-0.00035968
14.14,-0.0398835,0.00306796,-0.0108325,0.153074
14.142,-0.0398835,0.00306796,-0.00974923,0.137767
14.144,-0.0398835,0.00306796,-0.00877431,0.12399
14.146,-0.0398835,0.00306796,-0.00789688,0.111591
14.148,-0.0398835,0.00306796,-0.00710719,0.100432
14.15,-0.0398835,0.00306796,-0.00639647,0.0903889
14.152,-0.0398835,0.00306796,-0.00575683,0.08135
14.154,-0.0398835,0.00306796,-0.00518114,0.073215
14.156,-0.0398835,0.00306796,-0.00466303,0.0658935
14.158,-0.0398835,0.00306796,-0.00419673,0.0593041
14.16,-0.0429515,0.00306796,-0.157175,0.0533737
14.162,-0.0429515,0.00306796,-0.141458,0.0480364
14.164,-0.0429515,0.00306796,-0.127312,0.0432327
14.166,-0.0429515,0.00306796,-0.114581,0.0389095
14.168,-0.0429515,0.00306796,-0.103123,0.0350185
14.17,-0.0429515,0,-0.0928103,-0.121881
14.172,-0.0429515,0,-0.0835293,-0.109693
14.174,-0.0429515,0,-0.0751764,-0.098724
14.176,-0.0429515,0,-0.0676587,-0.0888516
14.178,-0.0429515,0,-0.0608929,-0.0799664
14.18,-0.0460194,0,-0.208202,-0.0719698
14.182,-0.0460194,0,-0.187381,-0.0647728
14.184,-0.0460194,0,-0.168643,-0.0582955
14.186,-0.0460194,0,-0.151779,-0.052466
14.188,-0.0460194,0,-0.136601,-0.0472194
14.19,-0.0460194,0,-0.122941,-0.0424974
14.192,-0.0460194,0,-0.110647,-0.0382477
14.194,-0.0490874,0,-0.25298,-0.0344229
14.196,-0.0490874,-0.00306796,-0.227682,-0.184379
14.198,-0.0490874,-0.00306796,-0.204914,-0.165941
14.2,-0.0490874,-0.00306796,-0.184423,-0.149347
14.202,-0.0490874,-0.00306796,-0.16598,-0.134412
14.204,-0.0490874,-0.00306796,-0.149382,-0.120971
14.206,-0.0490874,-0.00306796,-0.134444,-0.108874
14.208,-0.0490874,-0.00306796,-0.121,-0.0979864
14.21,-0.0521553,-0.00306796,-0.262298,-0.0881878
14.212,-0.0521553,-0.00306796,-0.236068,-0.079369
14.214,-0.0521553,-0.00306796,-0.212461,-0.0714321
14.216,-0.0521553,-0.00306796,-0.191215,-0.0642889
14.218,-0.0521553,-0.00306796,-0.172094,-0.05786
14.22,-0.0521553,-0.00306796,-0.154884,-0.052074
14.222,-0.0521553,-0.00306796,-0.139396,-0.0468666
14.224,-0.0521553,-0.00306796,-0.125456,-0.0421799
14.226,-0.0521553,-0.00306796,-0.112911,-0.0379619
14.228,-0.0521553,-0.00306796,-0.10162,-0.0341657
14.23,-0.0521553,-0.00306796,-0.0914576,-0.0307492
14.232,-0.0521553,-0.00306796,-0.0823118,-0.0276743
14.234,-0.0521553,-0.00306796,-0.0740806,-0.0249068
14.236,-0.0521553,-0.00306796,-0.0666726,-0.0224161
14.238,-0.0521553,-0.00306796,-0.0600053,-0.0201745
14.24,-0.0521553,-0.00306796,-0.0540048,-0.0181571
14.242,-0.0521553,-0.00306796,-0.0486043,-0.0163414
14.244,-0.0521553,-0.00306796,-0.0437439,-0.0147072
14.246,-0.0521553,-0.00306796,-0.0393695,-0.0132365
14.248,-0.0521553,-0.00306796,-0.0354325,-0.0119129
14.25,-0.0521553,-0.00306796,-0.0318893,-0.0107216
14.252,-0.0521553,-0.00306796,-0.0287004,-0.00964942
14.254,-0.0521553,-0.00306796,-0.0258303,-0.00868447
14.256,-0.0521553,-0.00306796,-0.0232473,-0.00781603
14.258,-0.0521553,-0.00306796,-0.0209226,-0.00703442
14.26,-0.0521553,-0.00306796,-0.0188303,-0.00633098
14.262,-0.0521553,-0.00306796,-0.0169473,-0.00569788
14.264,-0.0521553,-0.00306796,-0.0152525,-0.0051281
14.266,-0.0521553,0,-0.0137273,0.148783
14.268,-0.0521553,0,-0.0123546,0.133905
14.27,-0.0521553,0,-0.0111191,0.120514
14.272,-0.0521553,0,-0.0100072,0.108463
14.274,-0.0521553,0,-0.00900648,0.0976164
14.276,-0.0521553,0,-0.00810583,0.0878548
14.278,-0.0521553,0,-0.00729525,0.0790693
14.28,-0.0521553,0,-0.00656572,0.0711623
14.282,-0.0521553,0,-0.00590915,0.0640461
14.284,-0.0521553,0,-0.00531823,0.0576415
14.286,-0.0521553,0,-0.00478641,0.0518774
14.288,-0.0552233,0,-0.157706,0.0466896
14.29,-0.0552233,0,-0.141935,0.0420207
14.292,-0.0552233,0,-0.127742,0.0378186
14.294,-0.0552233,0,-0.114968,0.0340367
14.296,-0.0552233,0,-0.103471,0.0306331
14.298,-0.0552233,0,-0.0931237,0.0275698
14.3,-0.0552233,0,-0.0838114,0.0248128
14.302,-0.0552233,-0.00306796,-0.0754302,-0.131067
14.304,-0.0552233,-0.00306796,-0.0678872,-0.11796
14.306,-0.0552233,-0.00306796,-0.0610985,-0.106164
14.308,-0.0552233,-0.00306796,-0.0549886,-0.0955475
14.31,-0.0552233,-0.00306796,-0.0494898,-0.0859928
14.312,-0.0582913,-0.00306796,-0.197939,-0.0773935
14.314,-0.0582913,-0.00306796,-0.178145,-0.0696542
14.316,-0.0582913,-0.00306796,-0.16033,-0.0626887
14.318,-0.0582913,-0.00306796,-0.144297,-0.0564199
14.32,-0.0582913,-0.00306796,-0.129868,-0.0507779
14.322,-0.0582913,-0.00306796,-0.116881,-0.0457001
14.324,-0.0582913,-0.00306796,-0.105193,-0.0411301
14.326,-0.0582913,-0.00306796,-0.0946735,-0.0370171
14.328,-0.0582913,-0.00306796,-0.0852062,-0.0333154
14.33,-0.0582913,-0.00306796,-0.0766856,-0.0299838
14.332,-0.0582913,-0.00306796,-0.069017,-0.0269854
14.334,-0.0582913,-0.00306796,-0.0621153,-0.0242869
14.336,-0.0582913,-0.00306796,-0.0559038,-0.0218582
14.338,-0.0582913,-0.00306796,-0.0503134,-0.0196724
14.34,-0.0613592,-0.00306796,-0.19868,-0.0177052
14.342,-0.0613592,-0.00306796,-0.178812,-0.0159346
14.344,-0.0613592,-0.00306796,-0.160931,-0.0143412
14.346,-0.0613592,-0.00306796,-0.144838,-0.0129071
14.348,-0.0613592,-0.00306796,-0.130354,-0.0116163
14.35,-0.0613592,-0.00306796,-0.117319,-0.0104547
14.352,-0.0613592,-0.00306796,-0.105587,-0.00940924
14.354,-0.0613592,-0.00306796,-0.0950281,-0.00846832
14.356,-0.0613592,-0.00306796,-0.0855253,-0.00762149
14.358,-0.0613592,-0.00306796,-0.0769728,-0.00685934
14.36,-0.0613592,-0.00306796,-0.0692755,-0.0061734
14.362,-0.0613592,-0.00306796,-0.0623479,-0.00555606
14.364,-0.0613592,-0.00306796,-0.0561131,-0.00500046
14.366,-0.0613592,-0.00306796,-0.0505018,-0.00450041
14.368,-0.0613592,-0.00306796,-0.0454516,-0.00405037
14.37,-0.0613592,-0.00306796,-0.0409065,-0.00364533
14.372,-0.0613592,-0.00306796,-0.0368158,-0.0032808
14.374,-0.0613592,-0.00306796,-0.0331342,-0.00295272
14.376,-0.0613592,-0.00306796,-0.0298208,-0.00265745
14.378,-0.0613592,-0.00306796,-0.0268387,-0.0023917
14.38,-0.0613592,-0.00306796,-0.0241549,-0.00215253
14.382,-0.0613592,-0.00306796,-0.0217394,-0.00193728
14.384,-0.0613592,-0.00306796,-0.0195654,-0.00174355
14.386,-0.0613592,-0.00306796,-0.0176089,-0.0015692
14.388,-0.0613592,-0.00306796,-0.015848,-0.00141228
14.39,-0.0613592,-0.00306796,-0.0142632,-0.00127105
14.392,-0.0613592,-0.00306796,-0.0128369,-0.00114394
14.394,-0.0613592,-0.00306796,-0.0115532,-0.00102955
14.396,-0.0613592,-0.00306796,-0.0103979,-0.000926595
14.398,-0.0613592,-0.00306796,-0.00935809,-0.000833935
14.4,-0.0613592,-0.00306796,-0.00842228,-0.000750542
14.402,-0.0613592,0,-0.00758005,0.152723
14.404,-0.0613592,0,-0.00682205,0.13745
14.406,-0.0613592,0,-0.00613984,0.123705
14.408,-0.0613592,0,-0.00552586,0.111335
14.41,-0.0613592,0,-0.00497327,0.100201
14.412,-0.0613592,0,-0.00447595,0.0901812
14.414,-0.0613592,0,-0.00402835,0.081163
14.416,-0.0613592,0,-0.00362552,0.0730467
14.418,-0.0613592,0,-0.00326296,0.0657421
14.42,-0.0613592,0,-0.00293667,0.0591679
14.422,-0.0613592,-0.00306796,-0.002643,-0.100147
14.424,-0.0613592,-0.00306796,-0.0023787,-0.0901323
14.426,-0.0613592,-0.00306796,-0.00214083,-0.0811191
14.428,-0.0613592,-0.00306796,-0.00192675,-0.0730072
14.43,-0.0613592,-0.00306796,-0.00173407,-0.0657064
14.432,-0.0613592,-0.00306796,-0.00156067,-0.0591358
14.434,-0.0613592,-0.00306796,-0.0014046,-0.0532222
14.436,-0.0613592,-0.00306796,-0.00126414,-0.0479
14.438,-0.0613592,-0.00306796,-0.00113773,-0.04311
14.44,-0.0613592,-0.00306796,-0.00102395,-0.038799
14.442,-0.0644272,-0.00306796,-0.15432,-0.0349191
14.444,-0.0644272,-0.00306796,-0.138888,-0.0314272
14.446,-0.0644272,-0.00306796,-0.124999,-0.0282845
14.448,-0.0644272,-0.00306796,-0.112499,-0.025456
14.45,-0.0644272,-0.00306796,-0.101249,-0.0229104
14.452,-0.0644272,-0.00306796,-0.0911242,-0.0206194
14.454,-0.0644272,-0.00306796,-0.0820118,-0.0185574
14.456,-0.0644272,-0.00306796,-0.0738106,-0.0167017
14.458,-0.0644272,-0.00306796,-0.0664295,-0.0150315
14.46,-0.0644272,-0.00306796,-0.0597866,-0.0135284
14.462,-0.0644272,-0.00306796,-0.0538079,-0.0121755
14.464,-0.0644272,-0.00306796,-0.0484271,-0.010958
14.466,-0.0644272,-0.00306796,-0.0435844,-0.00986219
14.468,-0.0644272,-0.00306796,-0.039226,-0.00887597
14.47,-0.0644272,-0.00306796,-0.0353034,-0.00798837
14.472,-0.0644272,-0.00306796,-0.031773,-0.00718953
14.474,-0.0644272,-0.00306796,-0.0285957,-0.00647058
14.476,-0.0644272,-0.00306796,-0.0257362,-0.00582352
14.478,-0.0644272,-0.00306796,-0.0231625,-0.00524117
14.48,-0.0644272,-0.00306796,-0.0208463,-0.00471705
14.482,-0.0613592,-0.00306796,0.134636,-0.00424535
14.484,-0.0613592,0,0.121173,0.149577
14.486,-0.0613592,0,0.109055,0.13462
14.488,-0.0613592,0,0.0981499,0.121158
14.49,-0.0613592,0,0.088335,0.109042
14.492,-0.0613592,0,0.0795015,0.0981376
14.494,-0.0613592,0,0.0715513,0.0883239
14.496,-0.0613592,0,0.0643962,0.0794915
14.498,-0.0613592,0,0.0579566,0.0715423
14.5,-0.0613592,0,0.0521609,0.0643881
14.502,-0.0613592,0,0.0469448,0.0579493
14.504,-0.0613592,0,0.0422503,0.0521544
14.506,-0.0613592,0,0.0380253,0.0469389
14.508,-0.0613592,-0.00306796,0.0342228,-0.111153
14.51,-0.0613592,-0.00306796,0.0308005,-0.100038
14.512,-0.0613592,-0.00306796,0.0277204,-0.090034
14.514,-0.0613592,-0.00306796,0.0249484,-0.0810306
14.516,-0.0613592,-0.00306796,0.0224536,-0.0729275
14.518,-0.0613592,-0.00306796,0.0202082,-0.0656348
14.52,-0.0613592,-0.00306796,0.0181874,-0.0590713
14.522,-0.0613592,-0.00306796,0.0163686,-0.0531642
14.524,-0.0613592,-0.00306796,0.0147318,-0.0478477
14.526,-0.0613592,-0.00306796,0.0132586,-0.043063
14.528,-0.0613592,-0.00306796,0.0119327,-0.0387567
14.53,-0.0613592,-0.00306796,0.0107395,-0.034881
14.532,-0.0613592,-0.00306796,0.00966552,-0.0313929
14.534,-0.0613592,-0.00306796,0.00869897,-0.0282536
14.536,-0.0613592,-0.00306796,0.00782907,-0.0254283
14.538,-0.0613592,-0.00306796,0.00704616,-0.0228854
14.54,-0.0613592,-0.00306796,0.00634155,-0.0205969
14.542,-0.0613592,-0.00306796,0.00570739,-0.0185372
14.544,-0.0613592,-0.00306796,0.00513665,-0.0166835
14.546,-0.0613592,0,0.00462299,0.138383
14.548,-0.0613592,0,0.00416069,0.124545
14.55,-0.0613592,0,0.00374462,0.11209
14.552,-0.0613592,0,0.00337016,0.100881
14.554,-0.0613592,0,0.00303314,0.0907931
14.556,-0.0613592,0,0.00272983,0.0817137
14.558,-0.0613592,0,0.00245685,0.0735424
14.56,-0.0613592,0,0.00221116,0.0661881
14.562,-0.0613592,0,0.00199005,0.0595693
14.564,-0.0613592,-0.00306796,0.00179104,-0.0997857
14.566,-0.0613592,-0.00306796,0.00161194,-0.0898071
14.568,-0.0644272,-0.00306796,-0.151947,-0.0808264
14.57,-0.0644272,-0.00306796,-0.136753,-0.0727438
14.572,-0.0644272,-0.00306796,-0.123077,-0.0654694
14.574,-0.0644272,-0.00306796,-0.11077,-0.0589225
14.576,-0.0644272,-0.00306796,-0.0996926,-0.0530302
14.578,-0.0644272,-0.00306796,-0.0897234,-0.0477272
14.58,-0.0644272,-0.00306796,-0.080751,-0.0429545
14.582,-0.0644272,-0.00306796,-0.0726759,-0.038659
14.584,-0.0644272,-0.00306796,-0.0654083,-0.0347931
14.586,-0.0644272,-0.00306796,-0.0588675,-0.0313138
14.588,-0.0644272,-0.00306796,-0.0529808,-0.0281824
14.59,-0.0644272,-0.00306796,-0.0476827,-0.0253642
14.592,-0.0644272,-0.00306796,-0.0429144,-0.0228278
14.594,-0.0644272,-0.00306796,-0.038623,-0.020545
14.596,-0.0644272,-0.00306796,-0.0347607,-0.0184905
14.598,-0.0644272,-0.00306796,-0.0312846,-0.0166414
14.6,-0.0644272,-0.00306796,-0.0281561,-0.0149773
14.602,-0.0644272,-0.00306796,-0.0253405,-0.0134796
14.604,-0.0644272,-0.00306796,-0.0228065,-0.0121316
14.606,-0.0644272,-0.00306796,-0.0205258,-0.0109184
14.608,-0.0644272,-0.00306796,-0.0184732,-0.0098266
14.61,-0.0644272,-0.00306796,-0.0166259,-0.00884394
14.612,-0.0644272,-0.00306796,-0.0149633,-0.00795955
14.614,-0.0644272,-0.00306796,-0.013467,-0.00716359
14.616,-0.0644272,-0.00306796,-0.0121203,-0.00644724
14.618,-0.0644272,-0.00306796,-0.0109083,-0.00580251
14.62,-0.0644272,-0.00306796,-0.00981744,-0.00522226
14.622,-0.0644272,-0.00306796,-0.0088357,-0.00470003
14.624,-0.0644272,-0.00306796,-0.00795213,-0.00423003
14.626,-0.0644272,-0.00306796,-0.00715692,-0.00380703
14.628,-0.0644272,-0.00306796,-0.00644122,-0.00342633
14.63,-0.0644272,-0.00306796,-0.0057971,-0.00308369
14.632,-0.0613592,-0.00306796,0.148181,-0.00277532
14.634,-0.0613592,-0.00306796,0.133363,-0.00249779
14.636,-0.0613592,-0.00306796,0.120026,-0.00224801
14.638,-0.0613592,-0.00306796,0.108024,-0.00202321
14.64,-0.0613592,-0.00306796,0.0972213,-0.00182089
14.642,-0.0613592,-0.00306796,0.0874992,-0.0016388
14.644,-0.0613592,-0.00306796,0.0787493,-0.00147492
14.646,-0.0613592,-0.00306796,0.0708744,-0.00132743
14.648,-0.0613592,-0.00306796,0.0637869,-0.00119469
14.65,-0.0613592,-0.00306796,0.0574082,-0.00107522
14.652,-0.0613592,-0.00306796,0.0516674,-0.000967695
14.654,-0.0613592,-0.00306796,0.0465007,-0.000870926
14.656,-0.0613592,-0.00306796,0.0418506,-0.000783833
14.658,-0.0613592,-0.00306796,0.0376655,-0.00070545
14.66,-0.0613592,-0.00306796,0.033899,-0.000634905
14.662,-0.0613592,-0.00306796,0.0305091,-0.000571414
14.664,-0.0613592,-0.00306796,0.0274582,-0.000514273
14.666,-0.0613592,-0.00306796,0.0247124,-0.000462846
14.668,-0.0613592,-0.00306796,0.0222411,-0.000416561
14.67,-0.0613592,-0.00306796,0.020017,-0.000374905
14.672,-0.0613592,-0.00306796,0.0180153,-0.000337415
14.674,-0.0613592,-0.00306796,0.0162138,-0.000303673
14.676,-0.0613592,-0.00306796,0.0145924,-0.000273306
14.678,-0.0613592,-0.00306796,0.0131332,-0.000245975
14.68,-0.0613592,-0.00306796,0.0118198,-0.000221378
14.682,-0.0613592,-0.00306796,0.0106379,-0.00019924
14.684,-0.0613592,-0.00306796,0.00957408,-0.000179316
14.686,-0.0613592,-0.00306796,0.00861667,-0.000161384
14.688,-0.0613592,-0.00306796,0.007755,-0.000145246
14.69,-0.0613592,-0.00306796,0.0069795,-0.000130721
14.692,-0.0613592,-0.00306796,0.00628155,-0.000117649
14.694,-0.0613592,-0.00306796,0.0056534,-0.000105884
14.696,-0.0613592,-0.00306796,0.00508806,-9.52958e-05
14.698,-0.0613592,-0.00306796,0.00457925,-8.57662e-05
14.7,-0.0613592,-0.00306796,0.00412133,-7.71896e-05
14.702,-0.0613592,-0.00306796,0.00370919,-6.94707e-05
14.704,-0.0613592,-0.00306796,0.00333827,-6.25236e-05
14.706,-0.0613592,-0.00306796,0.00300445,-5.62712e-05
14.708,-0.0613592,-0.00306796,0.002704,-5.06441e-05
14.71,-0.0582913,-0.00306796,0.155832,-4.55797e-05
14.712,-0.0582913,-0.00306796,0.140249,-4.10217e-05
14.714,-0.0582913,-0.00306796,0.126224,-3.69196e-05
14.716,-0.0582913,-0.00306796,0.113601,-3.32276e-05
14.718,-0.0582913,-0.00306796,0.102241,-2.99048e-05
14.72,-0.0582913,-0.00306796,0.092017,-2.69144e-05
14.722,-0.0582913,-0.00306796,0.0828153,-2.42229e-05
14.724,-0.0582913,-0.00306796,0.0745338,-2.18006e-05
14.726,-0.0582913,-0.00306796,0.0670804,-1.96206e-05
14.728,-0.0582913,-0.00306796,0.0603724,-1.76585e-05
14.73,-0.0582913,-0.00306796,0.0543351,-1.58927e-05
14.732,-0.0582913,-0.00306796,0.0489016,-1.43034e-05
14.734,-0.0582913,-0.00306796,0.0440115,-1.28731e-05
14.736,-0.0582913,-0.00306796,0.0396103,-1.15857e-05
14.738,-0.0582913,-0.00306796,0.0356493,-1.04272e-05
14.74,-0.0582913,-0.00306796,0.0320844,-9.38446e-06
14.742,-0.0582913,-0.00306796,0.0288759,-8.44601e-06
14.744,-0.0582913,-0.00306796,0.0259883,-7.60141e-06
14.746,-0.0582913,-0.00306796,0.0233895,-6.84127e-06
14.748,-0.0582913,-0.00306796,0.0210505,-6.15714e-06
14.75,-0.0582913,-0.00306796,0.0189455,-5.54143e-06
14.752,-0.0582913,-0.00306796,0.0170509,-4.98728e-06
14.754,-0.0582913,-0.00306796,0.0153459,-4.48856e-06
14.756,-0.0582913,-0.00306796,0.0138113,-4.0397e-06
14.758,-0.0582913,-0.00306796,0.0124301,-3.63573e-06
14.76,-0.0582913,-0.00306796,0.0111871,-3.27216e-06
14.762,-0.0582913,-0.00306796,0.0100684,-2.94494e-06
14.764,-0.0582913,-0.00306796,0.00906157,-2.65045e-06
14.766,-0.0582913,-0.00306796,0.00815541,-2.3854e-06
14.768,-0.0582913,-0.00306796,0.00733987,-2.14686e-06
14.77,-0.0582913,-0.00306796,0.00660589,-1.93218e-06
14.772,-0.0582913,-0.00306796,0.0059453,-1.73896e-06
14.774,-0.0582913,-0.00306796,0.00535077,-1.56506e-06
14.776,-0.0582913,-0.00306796,0.00481569,-1.40856e-06
14.778,-0.0582913,-0.00306796,0.00433412,-1.2677e-06
14.78,-0.0582913,-0.00306796,0.00390071,-1.14093e-06
14.782,-0.0582913,-0.00306796,0.00351064,-1.02684e-06
14.784,-0.0582913,-0.00306796,0.00315957,-9.24154e-07
14.786,-0.0582913,-0.00306796,0.00284362,-8.31739e-07
14.788,-0.0582913,-0.00306796,0.00255926,-7.48565e-07
14.79,-0.0582913,-0.00306796,0.00230333,-6.73708e-07
14.792,-0.0582913,-0.00306796,0.002073,-6.06337e-07
14.794,-0.0582913,-0.00306796,0.0018657,-5.45704e-07
14.796,-0.0582913,-0.00306796,0.00167913,-4.91133e-07
14.798,-0.0582913,-0.00306796,0.00151121,-4.4202e-07
14.8,-0.0552233,-0.00306796,0.154758,-3.97818e-07
14.802,-0.0552233,-0.00306796,0.139282,-3.58036e-07
14.804,-0.0552233,-0.00306796,0.125354,-3.22233e-07
14.806,-0.0552233,-0.00306796,0.112819,-2.90009e-07
14.808,-0.0552233,-0.00613592,0.101537,-0.153398
14.81,-0.0552233,-0.00613592,0.0913832,-0.138059
14.812,-0.0552233,-0.00613592,0.0822448,-0.124253
14.814,-0.0552233,-0.00613592,0.0740204,-0.111827
14.816,-0.0552233,-0.00613592,0.0666183,-0.100645
14.818,-0.0552233,-0.00613592,0.0599565,-0.0905802
14.82,-0.0552233,-0.00613592,0.0539608,-0.0815222
14.822,-0.0552233,-0.00613592,0.0485648,-0.07337
14.824,-0.0552233,-0.00613592,0.0437083,-0.066033
14.826,-0.0552233,-0.00613592,0.0393375,-0.0594297
14.828,-0.0552233,-0.00613592,0.0354037,-0.0534867
14.83,-0.0552233,-0.00613592,0.0318633,-0.048138
14.832,-0.0552233,-0.00306796,0.028677,0.110074
14.834,-0.0521553,-0.00306796,0.179207,0.0990665
14.836,-0.0521553,-0.00306796,0.161287,0.0891598
14.838,-0.0521553,-0.00306796,0.145158,0.0802438
14.84,-0.0521553,-0.00306796,0.130642,0.0722195
14.842,-0.0521553,-0.00306796,0.117578,0.0649975
14.844,-0.0521553,-0.00306796,0.10582,0.0584978
14.846,-0.0521553,-0.00306796,0.0952381,0.052648
14.848,-0.0521553,-0.00306796,0.0857143,0.0473832
14.85,-0.0521553,-0.00306796,0.0771429,0.0426449
14.852,-0.0521553,-0.00306796,0.0694286,0.0383804
14.854,-0.0521553,-0.00306796,0.0624857,0.0345423
14.856,-0.0521553,-0.00306796,0.0562372,0.0310881
14.858,-0.0490874,-0.00306796,0.204012,0.0279793
14.86,-0.0490874,-0.00306796,0.18361,0.0251814
14.862,-0.0490874,0,0.165249,0.176061
14.864,-0.0490874,0,0.148724,0.158455
14.866,-0.0490874,0,0.133852,0.14261
14.868,-0.0490874,0,0.120467,0.128349
14.87,-0.0490874,0,0.10842,0.115514
14.872,-0.0490874,0,0.0975781,0.103962
14.874,-0.0490874,0,0.0878203,0.0935662
14.876,-0.0490874,0,0.0790382,0.0842096
14.878,-0.0490874,0,0.0711344,0.0757886
14.88,-0.0490874,0,0.064021,0.0682098
14.882,-0.0490874,0,0.0576189,0.0613888
14.884,-0.0490874,0,0.051857,0.0552499
14.886,-0.0490874,-0.00306796,0.0466713,-0.103673
14.888,-0.0490874,-0.00306796,0.0420042,-0.0933058
14.89,-0.0490874,-0.00306796,0.0378037,-0.0839753
14.892,-0.0490874,-0.00306796,0.0340234,-0.0755777
14.894,-0.0490874,-0.00306796,0.030621,-0.06802
14.896,-0.0490874,-0.00306796,0.0275589,-0.061218
14.898,-0.0460194,-0.00306796,0.178201,-0.0550962
14.9,-0.0460194,-0.00306796,0.160381,-0.0495866
14.902,-0.0460194,-0.00306796,0.144343,-0.0446279
14.904,-0.0460194,-0.00306796,0.129909,-0.0401651
14.906,-0.0460194,-0.00306796,0.116918,-0.0361486
14.908,-0.0460194,-0.00306796,0.105226,-0.0325337
14.91,-0.0460194,-0.00306796,0.0947034,-0.0292804
14.912,-0.0460194,-0.00306796,0.085233,-0.0263523
14.914,-0.0460194,-0.00306796,0.0767097,-0.0237171
14.916,-0.0460194,-0.00306796,0.0690388,-0.0213454
14.918,-0.0460194,-0.00306796,0.0621349,-0.0192108
14.92,-0.0460194,-0.00306796,0.0559214,-0.0172898
14.922,-0.0460194,-0.00306796,0.0503293,-0.0155608
14.924,-0.0460194,-0.00306796,0.0452963,-0.0140047
14.926,-0.0429515,-0.00306796,0.194165,-0.0126042
14.928,-0.0429515,-0.00306796,0.174748,-0.0113438
14.93,-0.0429515,-0.00306796,0.157273,-0.0102094
14.932,-0.0429515,-0.00306796,0.141546,-0.00918849
14.934,-0.0429515,-0.00306796,0.127392,-0.00826964
14.936,-0.0429515,-0.00306796,0.114652,-0.00744268
14.938,-0.0429515,-0.00306796,0.103187,-0.00669841
14.94,-0.0429515,-0.00306796,0.0928684,-0.00602857
14.942,-0.0429515,-0.00306796,0.0835816,-0.00542571
14.944,-0.0429515,-0.00306796,0.0752234,-0.00488314
14.946,-0.0429515,-0.00306796,0.0677011,-0.00439483
14.948,-0.0429515,-0.00306796,0.060931,-0.00395534
14.95,-0.0429515,-0.00306796,0.0548379,-0.00355981
14.952,-0.0429515,-0.00306796,0.0493541,-0.00320383
14.954,-0.0398835,-0.00306796,0.197817,-0.00288345
14.956,-0.0398835,-0.00306796,0.178035,-0.0025951
14.958,-0.0398835,-0.00306796,0.160232,-0.00233559
14.96,-0.0398835,-0.00306796,0.144208,-0.00210203
14.962,-0.0398835,-0.00306796,0.129788,-0.00189183
14.964,-0.0398835,-0.00306796,0.116809,-0.00170265
14.966,-0.0398835,-0.00306796,0.105128,-0.00153238
14.968,-0.0398835,-0.00306796,0.0946151,-0.00137914
14.97,-0.0398835,-0.00306796,0.0851536,-0.00124123
14.972,-0.0398835,-0.00306796,0.0766383,-0.00111711
14.974,-0.0398835,-0.00306796,0.0689744,-0.0010054
14.976,-0.0398835,-0.00306796,0.062077,-0.000904856
14.978,-0.0398835,-0.00306796,0.0558693,-0.00081437
14.98,-0.0398835,-0.00306796,0.0502824,-0.000732933
14.982,-0.0368155,-0.00306796,0.198652,-0.00065964
14.984,-0.0368155,-0.00306796,0.178787,-0.000593676
14.986,-0.0368155,-0.00306796,0.160908,-0.000534308
14.988,-0.0368155,-0.00306796,0.144817,-0.000480877
14.99,-0.0368155,-0.00306796,0.130336,-0.00043279
14.992,-0.0368155,-0.00306796,0.117302,-0.000389511
14.994,-0.0368155,-0.00306796,0.105572,-0.00035056
14.996,-0.0368155,-0.00306796,0.0950147,-0.000315504
14.998,-0.0368155,-0.00306796,0.0855133,-0.000283953
15,-0.0337476,-0.00306796,0.23036,-0.000255558
15.002,-0.0337476,-0.00306796,0.207324,-0.000230002
15.004,-0.0337476,-0.00306796,0.186592,-0.000207002
15.006,-0.0337476,-0.00306796,0.167932,-0.000186302
15.008,-0.0337476,-0.00306796,0.151139,-0.000167672
15.01,-0.0337476,-0.00306796,0.136025,-0.000150904
15.012,-0.0337476,0,0.122423,0.153262
15.014,-0.0337476,0,0.11018,0.137936
15.016,-0.0337476,0,0.0991624,0.124142
15.018,-0.0306796,0,0.242644,0.111728
15.02,-0.0306796,0,0.21838,0.100555
15.022,-0.0306796,0,0.196542,0.0904998
15.024,-0.0306796,0,0.176888,0.0814499
15.026,-0.0306796,0,0.159199,0.0733049
15.028,-0.0306796,0,0.143279,0.0659744
15.03,-0.0306796,0,0.128951,0.0593769
15.032,-0.0306796,0,0.116056,0.0534392
15.034,-0.0306796,0,0.10445,0.0480953
15.036,-0.0306796,0,0.0940054,0.0432858
15.038,-0.0306796,0,0.0846048,0.0389572
15.04,-0.0306796,0,0.0761443,0.0350615
15.042,-0.0276117,0,0.221928,0.0315553
15.044,-0.0276117,0,0.199735,0.0283998
15.046,-0.0276117,0,0.179762,0.0255598
15.048,-0.0276117,0,0.161786,0.0230038
15.05,-0.0276117,0,0.145607,0.0207035
15.052,-0.0276117,0,0.131046,0.0186331
15.054,-0.0276117,0,0.117942,0.0167698
15.056,-0.0276117,0,0.106147,0.0150928
15.058,-0.0276117,0,0.0955327,0.0135835
15.06,-0.0276117,0,0.0859794,0.0122252
15.062,-0.0276117,-0.00306796,0.0773815,-0.142395
15.064,-0.0276117,-0.00306796,0.0696434,-0.128156
15.066,-0.0276117,-0.00306796,0.062679,-0.11534
15.068,-0.0276117,-0.00306796,0.0564111,-0.103806
15.07,-0.0276117,-0.00306796,0.05077,-0.0934256
15.072,-0.0276117,-0.00306796,0.045693,-0.0840831
15.074,-0.0276117,-0.00306796,0.0411237,-0.0756748
15.076,-0.0245437,-0.00306796,0.190409,-0.0681073
15.078,-0.0245437,-0.00306796,0.171368,-0.0612966
15.08,-0.0245437,-0.00306796,0.154232,-0.0551669
15.082,-0.0245437,-0.00306796,0.138808,-0.0496502
15.084,-0.0245437,-0.00306796,0.124928,-0.0446852
15.086,-0.0245437,-0.00306796,0.112435,-0.0402167
15.088,-0.0245437,0,0.101191,0.117203
15.09,-0.0214757,0,0.24447,0.105483
15.092,-0.0214757,0,0.220023,0.0949345
15.094,-0.0214757,0,0.198021,0.085441
15.096,-0.0214757,0,0.178219,0.0768969
15.098,-0.0214757,0,0.160397,0.0692072
15.1,-0.0214757,0,0.144357,0.0622865
15.102,-0.0184078,0,0.28332,0.0560579
15.104,-0.0184078,0,0.254988,0.0504521
15.106,-0.0184078,0,0.229489,0.0454069
15.108,-0.0184078,0,0.20654,0.0408662
15.11,-0.0184078,0,0.185886,0.0367796
15.112,-0.0184078,0.00306796,0.167297,0.1865
15.114,-0.0184078,0.00306796,0.150568,0.16785
15.116,-0.0184078,0.00306796,0.135511,0.151065
15.118,-0.0184078,0.00306796,0.12196,0.135958
15.12,-0.0153398,0.00306796,0.263162,0.122362
15.122,-0.0153398,0.00306796,0.236846,0.110126
15.124,-0.0153398,0.00306796,0.213161,0.0991136
15.126,-0.0153398,0.00306796,0.191845,0.0892022
15.128,-0.0153398,0.00306796,0.172661,0.080282
15.13,-0.0153398,0.00306796,0.155394,0.0722538
15.132,-0.0153398,0.00306796,0.139855,0.0650284
15.134,-0.0153398,0.00306796,0.12587,0.0585256
15.136,-0.0153398,0.00306796,0.113283,0.052673
15.138,-0.0153398,0.00306796,0.101954,0.0474057
15.14,-0.0153398,0.00306796,0.0917589,0.0426651
15.142,-0.0153398,0.00306796,0.082583,0.0383986
15.144,-0.0153398,0.00306796,0.0743247,0.0345588
15.146,-0.0153398,0.00306796,0.0668922,0.0311029
15.148,-0.0153398,0.00306796,0.060203,0.0279926
15.15,-0.0122718,0.00306796,0.207581,0.0251933
15.152,-0.0122718,0.00306796,0.186823,0.022674
15.154,-0.0122718,0.00306796,0.16814,0.0204066
15.156,-0.0122718,0.00306796,0.151326,0.0183659
15.158,-0.0122718,0.00306796,0.136194,0.0165294
15.16,-0.0122718,0,0.122574,-0.138522
15.162,-0.0122718,0,0.110317,-0.124669
15.164,-0.0122718,0,0.0992852,-0.112203
15.166,-0.0122718,0,0.0893567,-0.100982
15.168,-0.0122718,0,0.080421,-0.0908841
15.17,-0.0122718,0,0.0723789,-0.0817957
15.172,-0.0122718,0,0.065141,-0.0736161
15.174,-0.0122718,0,0.0586269,-0.0662545
15.176,-0.00920388,0,0.206162,-0.059629
15.178,-0.00920388,0,0.185546,-0.0536661
15.18,-0.00920388,0,0.166991,-0.0482995
15.182,-0.00920388,0,0.150292,-0.0434696
15.184,-0.00920388,0,0.135263,-0.0391226
15.186,-0.00920388,0.00306796,0.121737,0.118188
15.188,-0.00920388,0.00306796,0.109563,0.106369
15.19,-0.00613592,0.00306796,0.252005,0.0957321
15.192,-0.00613592,0.00306796,0.226804,0.0861589
15.194,-0.00613592,0.00306796,0.204124,0.077543
15.196,-0.00613592,0.00306796,0.183712,0.0697887
15.198,-0.00613592,0.00306796,0.16534,0.0628098
15.2,-0.00613592,0.00306796,0.148806,0.0565288
15.202,-0.00613592,0.00306796,0.133926,0.0508759
15.204,-0.00613592,0.00306796,0.120533,0.0457883
15.206,-0.00613592,0.00306796,0.10848,0.0412095
15.208,-0.00613592,0.00306796,0.0976319,0.0370886
15.21,-0.00306796,0.00306796,0.241267,0.0333797
15.212,-0.00306796,0.00306796,0.21714,0.0300417
15.214,-0.00306796,0.00306796,0.195426,0.0270376
15.216,-0.00306796,0.00306796,0.175883,0.0243338
15.218,-0.00306796,0.00306796,0.158295,0.0219004
15.22,-0.00306796,0.00306796,0.142466,0.0197104
15.222,-0.00306796,0.00306796,0.128219,0.0177393
15.224,-0.00306796,0.00306796,0.115397,0.0159654
15.226,-0.00306796,0.00306796,0.103857,0.0143689
15.228,-0.00306796,0.00306796,0.0934717,0.012932
15.23,-0.00306796,0.00306796,0.0841245,0.0116388
15.232,-0.00306796,0.00306796,0.0757121,0.0104749
15.234,-0.00306796,0.00306796,0.0681409,0.00942741
15.236,-0.00306796,0.00306796,0.0613268,0.00848467
15.238,-0.00306796,0.00306796,0.0551941,0.00763621
15.24,-0,0.00306796,0.203073,0.00687259
15.242,-0,0.00306796,0.182765,0.00618533
15.244,-0,0.00306796,0.164489,0.00556679
15.246,-0,0.00306796,0.14804,0.00501011
15.248,-0,0.00306796,0.133236,0.0045091
15.25,-0,0.00306796,0.119912,0.00405819
15.252,-0,0.00306796,0.107921,0.00365237
15.254,-0,0.00306796,0.0971291,0.00328714
15.256,-0,0.00306796,0.0874162,0.00295842
15.258,-0,0.00306796,0.0786745,0.00266258
15.26,-0,0.00306796,0.0708071,0.00239632
15.262,-0,0.00306796,0.0637264,0.00215669
15.264,-0,0.00306796,0.0573537,0.00194102
15.266,-0,0.00306796,0.0516184,0.00174692
15.268,-0,0.00306796,0.0464565,0.00157223
15.27,-0,0.00306796,0.0418109,0.001415
15.272,-0,0.00306796,0.0376298,0.0012735
15.274,-0,0.00306796,0.0338668,0.00114615
15.276,-0,0.00306796,0.0304801,0.00103154
15.278,-0,0.00306796,0.0274321,0.000928384
15.28,-0,0.00306796,0.0246889,0.000835546
15.282,-0,0.00306796,0.02222,0.000751991
15.284,-0,0.00306796,0.019998,0.000676792
15.286,-0,0.00306796,0.0179982,0.000609113
15.288,-0,0.00306796,0.0161984,0.000548202
15.29,-0,0.00306796,0.0145786,0.000493382
15.292,-0,0.00306796,0.0131207,0.000444043
15.294,-0,0.00306796,0.0118086,0.000399639
15.296,-0,0.00306796,0.0106278,0.000359675
15.298,-0,0,0.00956499,-0.153074
15.3,-0,0,0.00860849,-0.137767
15.302,-0,0,0.00774764,-0.12399
15.304,-0,0,0.00697288,-0.111591
15.306,-0,0,0.00627559,-0.100432
15.308,-0,0,0.00564803,-0.0903889
15.31,-0,0,0.00508323,-0.08135
15.312,-0,0,0.0045749,-0.073215
15.314,-0,0,0.00411741,-0.0658935
15.316,-0,0,0.00370567,-0.0593041
15.318,-0,0,0.00333511,-0.0533737
15.32,-0,0,0.00300159,-0.0480364
15.322,-0,0,0.00270144,-0.0432327
15.324,-0,0,0.00243129,-0.0389095
15.326,-0,0,0.00218816,-0.0350185
15.328,-0,0,0.00196935,-0.0315167
15.33,-0,0,0.00177241,-0.028365
15.332,-0,0,0.00159517,-0.0255285
15.334,-0,0,0.00143565,-0.0229756
15.336,-0,0,0.00129209,-0.0206781
15.338,-0,0,0.00116288,-0.0186103
15.34,-0,0,0.00104659,-0.0167492
15.342,-0,0,0.000941932,-0.0150743
15.344,-0,0,0.000847739,-0.0135669
15.346,-0,0,0.000762965,-0.0122102
15.348,-0,0,0.000686669,-0.0109892
15.35,-0,0,0.000618002,-0.00989026
15.352,-0,0,0.000556202,-0.00890123
15.354,-0,-0.00306796,0.000500581,-0.161409
15.356,-0,-0.00306796,0.000450523,-0.145268
15.358,-0,-0.00306796,0.000405471,-0.130741
15.36,-0,-0.00306796,0.000364924,-0.117667
15.362,-0,-0.00306796,0.000328431,-0.105901
15.364,-0,-0.00306796,0.000295588,-0.0953105
15.366,-0,-0.00306796,0.000266029,-0.0857795
15.368,-0,-0.00306796,0.000239427,-0.0772015
15.37,0.00306796,-0.00306796,0.153614,-0.0694814
15.372,0.00306796,-0.00306796,0.138252,-0.0625332
15.374,0.00306796,-0.00306796,0.124427,-0.0562799
15.376,0.00306796,-0.00306796,0.111984,-0.0506519
15.378,0.00306796,-0.00306796,0.100786,-0.0455867
15.38,0.00306796,-0.00306796,0.0907073,-0.0410281
15.382,0.00306796,-0.00306796,0.0816365,-0.0369252
15.384,0.00306796,-0.00306796,0.0734729,-0.0332327
15.386,0.00306796,-0.00306796,0.0661256,-0.0299094
15.388,0.00306796,0,0.059513,0.12648
15.39,0.00613592,0,0.20696,0.113832
15.392,0.00613592,0,0.186264,0.102448
15.394,0.00613592,0,0.167637,0.0922036
15.396,0.00613592,0,0.150874,0.0829832
15.398,0.00613592,0,0.135786,0.0746849
15.4,0.00613592,0,0.122208,0.0672164
15.402,0.00613592,0,0.109987,0.0604948
15.404,0.00613592,0,0.0989882,0.0544453
15.406,0.00613592,0,0.0890894,0.0490008
15.408,0.00613592,0,0.0801805,0.0441007
15.41,0.00613592,0,0.0721624,0.0396906
15.412,0.00613592,0,0.0649462,0.0357216
15.414,0.00920388,0.00306796,0.21185,0.185547
15.416,0.00920388,0.00306796,0.190665,0.166993
15.418,0.00920388,0.00306796,0.171598,0.150293
15.42,0.00920388,0.00306796,0.154438,0.135264
15.422,0.00920388,0.00306796,0.138995,0.121738
15.424,0.00920388,0.00306796,0.125095,0.109564
15.426,0.00920388,0.00306796,0.112586,0.0986075
15.428,0.00920388,0.00306796,0.101327,0.0887468
15.43,0.00920388,0.00306796,0.0911943,0.0798721
15.432,0.00920388,0.00306796,0.0820749,0.0718849
15.434,0.00920388,0.00306796,0.0738674,0.0646964
15.436,0.00920388,0.00306796,0.0664807,0.0582268
15.438,0.00920388,0.00306796,0.0598326,0.0524041
15.44,0.00920388,0.00306796,0.0538493,0.0471637
15.442,0.00920388,0,0.0484644,-0.110951
15.444,0.00920388,0,0.043618,-0.0998557
15.446,0.00920388,0,0.0392562,-0.0898701
15.448,0.00920388,0,0.0353306,-0.0808831
15.45,0.00920388,0,0.0317975,-0.0727948
15.452,0.00920388,0,0.0286177,-0.0655153
15.454,0.00920388,0,0.025756,-0.0589638
15.456,0.00920388,0,0.0231804,-0.0530674
15.458,0.00920388,0,0.0208623,-0.0477607
15.46,0.00920388,0,0.0187761,-0.0429846
15.462,0.00920388,0,0.0168985,-0.0386861
15.464,0.00920388,0,0.0152086,-0.0348175
15.466,0.00920388,0,0.0136878,-0.0313358
15.468,0.00920388,0,0.012319,-0.0282022
15.47,0.00920388,0,0.0110871,-0.025382
15.472,0.00920388,0,0.00997839,-0.0228438
15.474,0.00920388,0,0.00898055,-0.0205594
15.476,0.00920388,0,0.0080825,-0.0185035
15.478,0.00920388,0,0.00727425,-0.0166531
15.48,0.00920388,0,0.00654682,-0.0149878
15.482,0.00920388,0,0.00589214,-0.013489
15.484,0.00920388,0,0.00530293,-0.0121401
15.486,0.00920388,0,0.00477263,-0.0109261
15.488,0.00920388,0,0.00429537,-0.0098335
15.49,0.00920388,0,0.00386583,-0.00885015
15.492,0.00920388,0,0.00347925,-0.00796513
15.494,0.00920388,0,0.00313132,-0.00716862
15.496,0.00920388,0,0.00281819,-0.00645176
15.498,0.00920388,0,0.00253637,-0.00580658
15.5,0.00920388,0,0.00228274,-0.00522592
15.502,0.00920388,0,0.00205446,-0.00470333
15.504,0.00920388,0,0.00184902,-0.004233
15.506,0.00920388,0,0.00166411,-0.0038097
15.508,0.00920388,-0.00306796,0.0014977,-0.156827
15.51,0.00920388,-0.00306796,0.00134793,-0.141144
15.512,0.00920388,-0.00306796,0.00121314,-0.12703
15.514,0.00920388,-0.00306796,0.00109183,-0.114327
15.516,0.00920388,-0.00306796,0.000982643,-0.102894
15.518,0.00920388,-0.00306796,0.000884379,-0.0926047
15.52,0.00920388,-0.00306796,0.000795941,-0.0833442
15.522,0.00920388,-0.00306796,0.000716347,-0.0750098
15.524,0.00920388,-0.00306796,0.000644712,-0.0675088
15.526,0.00920388,-0.00306796,0.000580241,-0.0607579
15.528,0.00920388,-0.00306796,0.000522217,-0.0546821
15.53,0.00920388,-0.00306796,0.000469995,-0.0492139
15.532,0.00920388,0,0.000422996,0.109106
15.534,0.00920388,0,0.000380696,0.098195
15.536,0.00920388,0,0.000342626,0.0883755
15.538,0.00920388,0,0.000308364,0.079538
15.54,0.0122718,0,0.153676,0.0715842
15.542,0.0122718,0,0.138308,0.0644257
15.544,0.0122718,0,0.124477,0.0579832
15.546,0.0122718,0,0.11203,0.0521848
15.548,0.0122718,0,0.100827,0.0469664
15.55,0.0122718,0,0.0907439,0.0422697
15.552,0.0122718,0,0.0816695,0.0380428
15.554,0.0122718,0,0.0735026,0.0342385
15.556,0.0122718,0,0.0661523,0.0308146
15.558,0.0122718,0,0.0595371,0.0277332
15.56,0.0122718,0,0.0535834,0.0249599
15.562,0.0122718,0,0.048225,0.0224639
15.564,0.0122718,0,0.0434025,0.0202175
15.566,0.0122718,0,0.0390623,0.0181957
15.568,0.0122718,0,0.035156,0.0163762
15.57,0.0122718,0,0.0316404,0.0147385
15.572,0.0122718,0,0.0284764,0.0132647
15.574,0.0122718,0,0.0256288,0.0119382
15.576,0.0122718,0,0.0230659,0.0107444
15.578,0.0122718,-0.00306796,0.0207593,-0.143728
15.58,0.0122718,-0.00306796,0.0186834,-0.129355
15.582,0.0122718,-0.00306796,0.016815,-0.11642
15.584,0.0122718,-0.00306796,0.0151335,-0.104778
15.586,0.0122718,-0.00306796,0.0136202,-0.0943
15.588,0.0122718,-0.00306796,0.0122582,-0.08487
15.59,0.0122718,-0.00306796,0.0110323,-0.076383
15.592,0.0122718,-0.00306796,0.00992911,-0.0687447
15.594,0.0122718,-0.00306796,0.0089362,-0.0618702
15.596,0.0122718,-0.00306796,0.00804258,-0.0556832
15.598,0.0122718,-0.00306796,0.00723832,-0.0501149
15.6,0.0122718,-0.00306796,0.00651449,-0.0451034
15.602,0.0122718,-0.00306796,0.00586304,-0.0405931
15.604,0.0122718,-0.00306796,0.00527673,-0.0365338
15.606,0.0122718,-0.00306796,0.00474906,-0.0328804
15.608,0.0122718,-0.00306796,0.00427415,-0.0295923
15.61,0.0122718,-0.00306796,0.00384674,-0.0266331
15.612,0.0122718,0,0.00346207,0.129428
15.614,0.0122718,0,0.00311586,0.116485
15.616,0.0153398,0,0.156202,0.104837
15.618,0.0153398,0,0.140582,0.0943532
15.62,0.0153398,0,0.126524,0.0849179
15.622,0.0153398,0,0.113872,0.0764261
15.624,0.0153398,0,0.102484,0.0687835
15.626,0.0153398,0,0.0922359,0.0619051
15.628,0.0153398,0,0.0830123,0.0557146
15.63,0.0153398,0,0.0747111,0.0501432
15.632,0.0153398,0,0.06724,0.0451289
15.634,0.0153398,0,0.060516,0.040616
15.636,0.0153398,0,0.0544644,0.0365544
15.638,0.0153398,0,0.049018,0.0328989
15.64,0.0153398,0,0.0441162,0.029609
15.642,0.0153398,-0.00306796,0.0397045,-0.12675
15.644,0.0153398,-0.00306796,0.0357341,-0.114075
15.646,0.0153398,-0.00306796,0.0321607,-0.102667
15.648,0.0153398,-0.00306796,0.0289446,-0.0924007
15.65,0.0153398,-0.00306796,0.0260502,-0.0831606
15.652,0.0153398,-0.00306796,0.0234451,-0.0748446
15.654,0.0153398,-0.00306796,0.0211006,-0.0673601
15.656,0.0153398,-0.00306796,0.0189906,-0.0606241
15.658,0.0153398,-0.00306796,0.0170915,-0.0545617
15.66,0.0153398,-0.00306796,0.0153824,-0.0491055
15.662,0.0153398,-0.00306796,0.0138441,-0.044195
15.664,0.0153398,-0.00306796,0.0124597,-0.0397755
15.666,0.0153398,-0.00306796,0.0112137,-0.0357979
15.668,0.0153398,-0.00306796,0.0100924,-0.0322181
15.67,0.0153398,-0.00306796,0.00908313,-0.0289963
15.672,0.0153398,-0.00306796,0.00817481,-0.0260967
15.674,0.0184078,-0.00306796,0.160755,-0.023487
15.676,0.0184078,-0.00306796,0.14468,-0.0211383
15.678,0.0184078,-0.00306796,0.130212,-0.0190245
15.68,0.0184078,0,0.117191,0.136276
15.682,0.0184078,0,0.105472,0.122648
15.684,0.0184078,0,0.0949245,0.110384
15.686,0.0184078,0,0.085432,0.0993452
15.688,0.0184078,0,0.0768888,0.0894107
15.69,0.0184078,0,0.0691999,0.0804696
15.692,0.0184078,0,0.0622799,0.0724227
15.694,0.0184078,0,0.0560519,0.0651804
15.696,0.0184078,0,0.0504468,0.0586624
15.698,0.0184078,0,0.0454021,0.0527961
15.7,0.0184078,0,0.0408619,0.0475165
15.702,0.0184078,0,0.0367757,0.0427649
15.704,0.0184078,0,0.0330981,0.0384884
15.706,0.0184078,0,0.0297883,0.0346395
15.708,0.0184078,0,0.0268095,0.0311756
15.71,0.0184078,0,0.0241285,0.028058
15.712,0.0184078,0,0.0217157,0.0252522
15.714,0.0214757,0,0.172942,0.022727
15.716,0.0214757,0,0.155648,0.0204543
15.718,0.0214757,0,0.140083,0.0184089
15.72,0.0214757,0,0.126075,0.016568
15.722,0.0214757,0,0.113467,0.0149112
15.724,0.0214757,0,0.102121,0.0134201
15.726,0.0214757,0,0.0919086,0.0120781
15.728,0.0214757,0,0.0827177,0.0108703
15.73,0.0214757,0,0.0744459,0.00978323
15.732,0.0214757,0,0.0670013,0.00880491
15.734,0.0214757,0,0.0603012,0.00792442
15.736,0.0214757,0,0.0542711,0.00713197
15.738,0.0214757,0,0.048844,0.00641878
15.74,0.0214757,0,0.0439596,0.0057769
15.742,0.0214757,0,0.0395636,0.00519921
15.744,0.0214757,0,0.0356073,0.00467929
15.746,0.0214757,0,0.0320465,0.00421136
15.748,0.0214757,0,0.0288419,0.00379022
15.75,0.0214757,0,0.0259577,0.0034112
15.752,0.0214757,0,0.0233619,0.00307008
15.754,0.0214757,-0.00306796,0.0210257,-0.150635
15.756,0.0214757,-0.00306796,0.0189232,-0.135572
15.758,0.0214757,-0.00306796,0.0170308,-0.122014
15.76,0.0214757,-0.00306796,0.0153278,-0.109813
15.762,0.0214757,-0.00306796,0.013795,-0.0988316
15.764,0.0214757,-0.00306796,0.0124155,-0.0889485
15.766,0.0214757,-0.00306796,0.0111739,-0.0800536
15.768,0.0214757,-0.00306796,0.0100565,-0.0720483
15.77,0.0214757,-0.00306796,0.00905089,-0.0648434
15.772,0.0214757,-0.00306796,0.0081458,-0.0583591
15.774,0.0214757,-0.00306796,0.00733122,-0.0525232
15.776,0.0214757,-0.00306796,0.0065981,-0.0472709
15.778,0.0214757,-0.00306796,0.00593829,-0.0425438
15.78,0.0214757,-0.00306796,0.00534446,-0.0382894
15.782,0.0214757,-0.00306796,0.00481001,-0.0344605
15.784,0.0214757,0,0.00432901,0.122384
15.786,0.0214757,0,0.00389611,0.110145
15.788,0.0214757,0,0.0035065,0.0991308
15.79,0.0214757,0,0.00315585,0.0892177
15.792,0.0214757,0,0.00284026,0.0802959
15.794,0.0214757,0,0.00255624,0.0722663
15.796,0.0214757,0,0.00230061,0.0650397
15.798,0.0214757,0,0.00207055,0.0585357
15.8,0.0214757,0,0.0018635,0.0526822
15.802,0.0214757,0,0.00167715,0.0474139
15.804,0.0214757,0,0.00150943,0.0426725
15.806,0.0214757,0,0.00135849,0.0384053
15.808,0.0245437,0,0.154621,0.0345648
15.81,0.0245437,0,0.139159,0.0311083
15.812,0.0245437,0,0.125243,0.0279975
15.814,0.0245437,0,0.112719,0.0251977
15.816,0.0245437,0,0.101447,0.0226779
15.818,0.0245437,0,0.091302,0.0204101
15.82,0.0245437,0,0.0821718,0.0183691
15.822,0.0245437,0,0.0739546,0.0165322
15.824,0.0245437,0,0.0665591,0.014879
15.826,0.0245437,0,0.0599032,0.0133911
15.828,0.0245437,0,0.0539129,0.012052
15.83,0.0245437,0,0.0485216,0.0108468
15.832,0.0245437,0,0.0436695,0.00976211
15.834,0.0245437,0,0.0393025,0.0087859
15.836,0.0245437,0,0.0353723,0.00790731
15.838,0.0245437,-0.00306796,0.031835,-0.146282
15.84,0.0245437,-0.00306796,0.0286515,-0.131653
15.842,0.0245437,-0.00306796,0.0257864,-0.118488
15.844,0.0245437,-0.00306796,0.0232077,-0.106639
15.846,0.0245437,-0.00306796,0.020887,-0.0959753
15.848,0.0245437,-0.00306796,0.0187983,-0.0863778
15.85,0.0245437,-0.00306796,0.0169184,-0.07774
15.852,0.0245437,-0.00306796,0.0152266,-0.069966
15.854,0.0245437,-0.00306796,0.0137039,-0.0629694
15.856,0.0245437,-0.00306796,0.0123335,-0.0566725
15.858,0.0245437,-0.00306796,0.0111002,-0.0510052
15.86,0.0245437,-0.00306796,0.00999017,-0.0459047
15.862,0.0245437,-0.00306796,0.00899115,-0.0413142
15.864,0.0245437,-0.00306796,0.00809204,-0.0371828
15.866,0.0245437,-0.00306796,0.00728283,-0.0334645
15.868,0.0245437,0,0.00655455,0.12328
15.87,0.0245437,0,0.0058991,0.110952
15.872,0.0245437,0,0.00530919,0.0998568
15.874,0.0276117,0,0.158176,0.0898711
15.876,0.0276117,0,0.142359,0.080884
15.878,0.0276117,0,0.128123,0.0727956
15.88,0.0276117,0,0.115311,0.0655161
15.882,0.0276117,0,0.10378,0.0589644
15.884,0.0276117,0,0.0934016,0.053068
15.886,0.0276117,0,0.0840614,0.0477612
15.888,0.0276117,0,0.0756553,0.0429851
15.89,0.0276117,0,0.0680897,0.0386866
15.892,0.0276117,0,0.0612808,0.0348179
15.894,0.0276117,0,0.0551527,0.0313361
15.896,0.0276117,0,0.0496374,0.0282025
15.898,0.0276117,0,0.0446737,0.0253823
15.9,0.0276117,0,0.0402063,0.022844
15.902,0.0276117,0,0.0361857,0.0205596
15.904,0.0276117,0,0.0325671,0.0185037
15.906,0.0276117,0,0.0293104,0.0166533
15.908,0.0276117,0,0.0263794,0.014988
15.91,0.0276117,0,0.0237414,0.0134892
15.912,0.0276117,0,0.0213673,0.0121403
15.914,0.0276117,0,0.0192306,0.0109262
15.916,0.0276117,0,0.0173075,0.00983361
15.918,0.0276117,-0.00306796,0.0155767,-0.144548
15.92,0.0276117,-0.00306796,0.0140191,-0.130093
15.922,0.0276117,-0.00306796,0.0126172,-0.117084
15.924,0.0276117,-0.00306796,0.0113554,-0.105375
15.926,0.0276117,-0.00306796,0.0102199,-0.0948378
15.928,0.0276117,-0.00306796,0.00919791,-0.085354
15.93,0.0276117,-0.00306796,0.00827812,-0.0768186
15.932,0.0276117,-0.00306796,0.00745031,-0.0691368
15.934,0.0276117,-0.00306796,0.00670528,-0.0622231
15.936,0.0276117,-0.00306796,0.00603475,-0.0560008
15.938,0.0276117,-0.00306796,0.00543128,-0.0504007
15.94,0.0276117,-0.00306796,0.00488815,-0.0453606
15.942,0.0276117,-0.00306796,0.00439933,-0.0408246
15.944,0.0276117,-0.00306796,0.0039594,-0.0367421
15.946,0.0306796,-0.00306796,0.156962,-0.0330679
15.948,0.0306796,-0.00306796,0.141265,-0.0297611
15.95,0.0306796,-0.00306796,0.127139,-0.026785
15.952,0.0306796,-0.00306796,0.114425,-0.0241065
15.954,0.0306796,0,0.102982,0.131702
15.956,0.0306796,0,0.0926842,0.118532
15.958,0.0306796,0,0.0834158,0.106679
15.96,0.0306796,0,0.0750742,0.0960109
15.962,0.0306796,0,0.0675668,0.0864098
15.964,0.0306796,0,0.0608101,0.0777688
15.966,0.0306796,0,0.0547291,0.069992
15.968,0.0306796,0,0.0492562,0.0629928
15.97,0.0306796,0,0.0443306,0.0566935
15.972,0.0337476,0,0.193296,0.0510241
15.974,0.0337476,0,0.173966,0.0459217
15.976,0.0337476,0,0.156569,0.0413296
15.978,0.0337476,0,0.140912,0.0371966
15.98,0.0337476,0,0.126821,0.0334769
15.982,0.0337476,0.00306796,0.114139,0.183527
15.984,0.0337476,0.00306796,0.102725,0.165175
15.986,0.0337476,0.00306796,0.0924527,0.148657
15.988,0.0337476,0.00306796,0.0832074,0.133791
15.99,0.0337476,0.00306796,0.0748867,0.120412
15.992,0.0337476,0.00306796,0.067398,0.108371
15.994,0.0337476,0.00306796,0.0606582,0.0975339
15.996,0.0337476,0.00306796,0.0545924,0.0877805
15.998,0.0337476,0.00306796,0.0491331,0.0790025
16,0.0337476,0.00306796,0.0442198,0.0711022
16.002,0.0337476,0.00306796,0.0397978,0.063992
16.004,0.0337476,0,0.0358181,-0.0958053
16.006,0.0337476,0,0.0322363,-0.0862247
16.008,0.0337476,0,0.0290126,-0.0776023
16.01,0.0337476,0,0.0261114,-0.069842
16.012,0.0337476,0,0.0235002,-0.0628578
16.014,0.0337476,0,0.0211502,-0.056572
16.016,0.0337476,0,0.0190352,-0.0509148
16.018,0.0337476,0,0.0171317,-0.0458234
16.02,0.0337476,0,0.0154185,-0.041241
16.022,0.0337476,0,0.0138767,-0.0371169
16.024,0.0337476,0,0.012489,-0.0334052
16.026,0.0337476,0,0.0112401,-0.0300647
16.028,0.0337476,0,0.0101161,-0.0270582
16.03,0.0337476,0,0.00910447,-0.0243524
16.032,0.0337476,0,0.00819402,-0.0219172
16.034,0.0337476,0,0.00737462,-0.0197255
16.036,0.0337476,0,0.00663716,-0.0177529
16.038,0.0337476,0,0.00597344,-0.0159776
16.04,0.0337476,0,0.0053761,-0.0143799
16.042,0.0337476,0,0.00483849,-0.0129419
16.044,0.0337476,0,0.00435464,-0.0116477
16.046,0.0337476,0,0.00391918,-0.0104829
16.048,0.0337476,0,0.00352726,-0.00943462
16.05,0.0337476,0,0.00317453,-0.00849116
16.052,0.0337476,0,0.00285708,-0.00764204
16.054,0.0337476,0,0.00257137,-0.00687784
16.056,0.0337476,0,0.00231423,-0.00619006
16.058,0.0337476,0,0.00208281,-0.00557105
16.06,0.0337476,0,0.00187453,-0.00501395
16.062,0.0337476,0,0.00168708,-0.00451255
16.064,0.0337476,0,0.00151837,-0.0040613
16.066,0.0337476,0,0.00136653,-0.00365517
16.068,0.0337476,0,0.00122988,-0.00328965
16.07,0.0337476,0,0.00110689,-0.00296068
16.072,0.0337476,0,0.000996202,-0.00266462
16.074,0.0337476,-0.00306796,0.000896582,-0.155796
16.076,0.0337476,-0.00306796,0.000806924,-0.140217
16.078,0.0337476,-0.00306796,0.000726231,-0.126195
16.08,0.0337476,-0.00306796,0.000653608,-0.113575
16.082,0.0337476,-0.00306796,0.000588247,-0.102218
16.084,0.0337476,-0.00306796,0.000529423,-0.0919961
16.086,0.0337476,-0.00306796,0.00047648,-0.0827965
16.088,0.0337476,-0.00306796,0.000428832,-0.0745169
16.09,0.0337476,-0.00306796,0.000385949,-0.0670652
16.092,0.0337476,-0.00306796,0.000347354,-0.0603587
16.094,0.0337476,-0.00306796,0.000312619,-0.0543228
16.096,0.0337476,-0.00306796,0.000281357,-0.0488905
16.098,0.0337476,0,0.000253221,0.109397
16.1,0.0337476,0,0.000227899,0.098457
16.102,0.0337476,0,0.000205109,0.0886113
16.104,0.0337476,0,0.000184598,0.0797501
16.106,0.0337476,0,0.000166138,0.0717751
16.108,0.0337476,0,0.000149525,0.0645976
16.11,0.0368155,0,0.153533,0.0581378
16.112,0.0368155,0,0.138179,0.0523241
16.114,0.0368155,0,0.124361,0.0470917
16.116,0.0368155,0,0.111925,0.0423825
16.118,0.0368155,0,0.100733,0.0381442
16.12,0.0368155,0,0.0906595,0.0343298
16.122,0.0368155,0,0.0815935,0.0308968
16.124,0.0368155,0,0.0734342,0.0278072
16.126,0.0368155,0,0.0660908,0.0250264
16.128,0.0368155,0,0.0594817,0.0225238
16.13,0.0368155,0,0.0535335,0.0202714
16.132,0.0368155,0,0.0481802,0.0182443
16.134,0.0368155,0,0.0433622,0.0164198
16.136,0.0368155,0,0.0390259,0.0147779
16.138,0.0368155,0,0.0351233,0.0133001
16.14,0.0368155,0,0.031611,0.0119701
16.142,0.0368155,0,0.0284499,0.0107731
16.144,0.0368155,0,0.0256049,0.00969575
16.146,0.0368155,0,0.0230444,0.00872618
16.148,0.0368155,0,0.02074,0.00785356
16.15,0.0368155,0,0.018666,0.00706821
16.152,0.0368155,0,0.0167994,0.00636138
16.154,0.0368155,0,0.0151194,0.00572525
16.156,0.0368155,0,0.0136075,0.00515272
16.158,0.0368155,0,0.0122468,0.00463745
16.16,0.0368155,0,0.0110221,0.0041737
16.162,0.0368155,0,0.00991987,0.00375633
16.164,0.0368155,0,0.00892788,0.0033807
16.166,0.0368155,0,0.00803509,0.00304263
16.168,0.0368155,0,0.00723159,0.00273837
16.17,0.0368155,0,0.00650843,0.00246453
16.172,0.0368155,0,0.00585758,0.00221808
16.174,0.0337476,-0.00306796,-0.148126,-0.151402
16.176,0.0337476,-0.00306796,-0.133314,-0.136262
16.178,0.0337476,-0.00306796,-0.119982,-0.122635
16.18,0.0337476,-0.00306796,-0.107984,-0.110372
16.182,0.0337476,-0.00306796,-0.0971856,-0.0993347
16.184,0.0337476,-0.00306796,-0.0874671,-0.0894013
16.186,0.0337476,-0.00306796,-0.0787204,-0.0804611
16.188,0.0337476,-0.00306796,-0.0708483,-0.072415
16.19,0.0337476,-0.00306796,-0.0637635,-0.0651735
16.192,0.0337476,-0.00306796,-0.0573871,-0.0586562
16.194,0.0337476,-0.00306796,-0.0516484,-0.0527905
16.196,0.0337476,-0.00306796,-0.0464836,-0.0475115
16.198,0.0337476,-0.00306796,-0.0418352,-0.0427603
16.2,0.0337476,-0.00306796,-0.0376517,-0.0384843
16.202,0.0368155,-0.00306796,0.119512,-0.0346359
16.204,0.0368155,-0.00306796,0.10756,-0.0311723
16.206,0.0368155,-0.00306796,0.0968044,-0.0280551
16.208,0.0368155,-0.00306796,0.0871239,-0.0252496
16.21,0.0368155,-0.00306796,0.0784115,-0.0227246
16.212,0.0368155,-0.00306796,0.0705704,-0.0204521
16.214,0.0368155,0,0.0635133,0.134991
16.216,0.0368155,0,0.057162,0.121492
16.218,0.0368155,0,0.0514458,0.109343
16.22,0.0368155,0,0.0463012,0.0984086
16.222,0.0368155,0,0.0416711,0.0885677
16.224,0.0368155,0,0.037504,0.0797109
16.226,0.0368155,0,0.0337536,0.0717398
16.228,0.0368155,0,0.0303782,0.0645659
16.23,0.0368155,0,0.0273404,0.0581093
16.232,0.0368155,0,0.0246064,0.0522983
16.234,0.0368155,0,0.0221457,0.0470685
16.236,0.0368155,0,0.0199312,0.0423617
16.238,0.0368155,0,0.017938,0.0381255
16.24,0.0368155,0,0.0161442,0.0343129
16.242,0.0368155,0,0.0145298,0.0308816
16.244,0.0368155,0,0.0130768,0.0277935
16.246,0.0368155,0,0.0117691,0.0250141
16.248,0.0368155,0,0.0105922,0.0225127
16.25,0.0368155,0,0.00953301,0.0202614
16.252,0.0368155,0,0.00857971,0.0182353
16.254,0.0368155,0,0.00772174,0.0164118
16.256,0.0368155,0,0.00694956,0.0147706
16.258,0.0368155,0,0.00625461,0.0132935
16.26,0.0368155,0,0.00562915,0.0119642
16.262,0.0368155,0,0.00506623,0.0107678
16.264,0.0368155,0,0.00455961,0.00969099
16.266,0.0368155,0,0.00410365,0.00872189
16.268,0.0368155,0,0.00369328,0.0078497
16.27,0.0368155,0,0.00332396,0.00706473
16.272,0.0368155,0,0.00299156,0.00635826
16.274,0.0368155,0,0.0026924,0.00572243
16.276,0.0368155,0,0.00242316,0.00515019
16.278,0.0368155,0,0.00218085,0.00463517
16.28,0.0368155,0,0.00196276,0.00417165
16.282,0.0368155,0,0.00176649,0.00375449
16.284,0.0368155,-0.00306796,0.00158984,-0.150019
16.286,0.0368155,-0.00306796,0.00143085,-0.135017
16.288,0.0368155,-0.00306796,0.00128777,-0.121515
16.29,0.0368155,-0.00306796,0.00115899,-0.109364
16.292,0.0368155,-0.00306796,0.00104309,-0.0984275
16.294,0.0368155,-0.00306796,0.000938783,-0.0885847
16.296,0.0368155,-0.00306796,0.000844905,-0.0797263
16.298,0.0368155,-0.00306796,0.000760414,-0.0717536
16.3,0.0368155,-0.00306796,0.000684373,-0.0645783
16.302,0.0368155,-0.00306796,0.000615936,-0.0581204
16.304,0.0368155,-0.00306796,0.000554342,-0.0523084
16.306,0.0368155,0,0.000498908,0.106321
16.308,0.0368155,0,0.000449017,0.0956885
16.31,0.0398835,0,0.153802,0.0861196
16.312,0.0398835,0,0.138422,0.0775077
16.314,0.0398835,0,0.12458,0.0697569
16.316,0.0398835,0,0.112122,0.0627812
16.318,0.0398835,0,0.10091,0.0565031
16.32,0.0398835,0,0.0908187,0.0508528
16.322,0.0398835,0,0.0817368,0.0457675
16.324,0.0398835,0,0.0735631,0.0411907
16.326,0.0398835,0,0.0662068,0.0370717
16.328,0.0398835,0,0.0595861,0.0333645
16.33,0.0398835,0,0.0536275,0.0300281
16.332,0.0398835,0,0.0482648,0.0270252
16.334,0.0398835,0,0.0434383,0.0243227
16.336,0.0398835,0,0.0390945,0.0218905
16.338,0.0398835,0,0.035185,0.0197014
16.34,0.0398835,0,0.0316665,0.0177313
16.342,0.0398835,0,0.0284999,0.0159581
16.344,0.0398835,0,0.0256499,0.0143623
16.346,0.0398835,0,0.0230849,0.0129261
16.348,0.0398835,0,0.0207764,0.0116335
16.35,0.0398835,0,0.0186988,0.0104701
16.352,0.0398835,0,0.0168289,0.00942312
16.354,0.0398835,0,0.015146,0.00848081
16.356,0.0398835,0,0.0136314,0.00763273
16.358,0.0398835,0,0.0122683,0.00686946
16.36,0.0398835,0,0.0110414,0.00618251
16.362,0.0398835,0,0.00993729,0.00556426
16.364,0.0398835,0,0.00894356,0.00500783
16.366,0.0398835,0,0.0080492,0.00450705
16.368,0.0398835,0,0.00724428,0.00405634
16.37,0.0398835,0,0.00651985,0.00365071
16.372,0.0398835,0,0.00586787,0.00328564
16.374,0.0398835,0,0.00528108,0.00295708
16.376,0.0398835,0,0.00475297,0.00266137
16.378,0.0398835,0,0.00427768,0.00239523
16.38,0.0398835,0,0.00384991,0.00215571
16.382,0.0398835,-0.00306796,0.00346492,-0.151458
16.384,0.0398835,-0.00306796,0.00311843,-0.136312
16.386,0.0398835,-0.00306796,0.00280658,-0.122681
16.388,0.0398835,-0.00306796,0.00252592,-0.110413
16.39,0.0398835,-0.00306796,0.00227333,-0.0993716
16.392,0.0398835,-0.00306796,0.002046,-0.0894344
16.394,0.0398835,-0.00306796,0.0018414,-0.080491
16.396,0.0398835,-0.00306796,0.00165726,-0.0724419
16.398,0.0398835,-0.00306796,0.00149153,-0.0651977
16.4,0.0398835,-0.00306796,0.00134238,-0.0586779
16.402,0.0398835,-0.00306796,0.00120814,-0.0528101
16.404,0.0398835,0,0.00108733,0.105869
16.406,0.0398835,0,0.000978595,0.0952821
16.408,0.0398835,0,0.000880735,0.0857539
16.41,0.0398835,0,0.000792662,0.0771785
16.412,0.0398835,0,0.000713396,0.0694606
16.414,0.0398835,0,0.000642056,0.0625146
16.416,0.0398835,0,0.000577851,0.0562631
16.418,0.0398835,0,0.000520065,0.0506368
16.42,0.0398835,0,0.000468059,0.0455731
16.422,0.0398835,0,0.000421253,0.0410158
16.424,0.0398835,0,0.000379128,0.0369142
16.426,0.0398835,0,0.000341215,0.0332228
16.428,0.0398835,0,0.000307093,0.0299005
16.43,0.0398835,0,0.000276384,0.0269105
16.432,0.0429515,0,0.153647,0.0242194
16.434,0.0429515,0,0.138282,0.0217975
16.436,0.0429515,0,0.124454,0.0196177
16.438,0.0429515,0,0.112009,0.017656
16.44,0.0429515,0,0.100808,0.0158904
16.442,0.0429515,0,0.0907269,0.0143013
16.444,0.0429515,0,0.0816542,0.0128712
16.446,0.0429515,0.00306796,0.0734888,0.164982
16.448,0.0429515,0.00306796,0.0661399,0.148484
16.45,0.0429515,0.00306796,0.0595259,0.133636
16.452,0.0429515,0.00306796,0.0535733,0.120272
16.454,0.0429515,0.00306796,0.048216,0.108245
16.456,0.0429515,0.00306796,0.0433944,0.0974203
16.458,0.0429515,0.00306796,0.039055,0.0876783
16.46,0.0429515,0,0.0351495,-0.0744876
16.462,0.0429515,0,0.0316345,-0.0670389
16.464,0.0429515,0,0.0284711,-0.060335
16.466,0.0429515,0,0.025624,-0.0543015
16.468,0.0398835,0,-0.130337,-0.0488713
16.47,0.0398835,0,-0.117303,-0.0439842
16.472,0.0398835,0,-0.105573,-0.0395858
16.474,0.0398835,0,-0.0950153,-0.0356272
16.476,0.0398835,0,-0.0855138,-0.0320645
16.478,0.0398835,0,-0.0769624,-0.028858
16.48,0.0398835,0,-0.0692662,-0.0259722
16.482,0.0398835,0,-0.0623396,-0.023375
16.484,0.0398835,0,-0.0561056,-0.0210375
16.486,0.0398835,0,-0.050495,-0.0189338
16.488,0.0398835,0,-0.0454455,-0.0170404
16.49,0.0398835,0,-0.040901,-0.0153363
16.492,0.0398835,0,-0.0368109,-0.0138027
16.494,0.0398835,0,-0.0331298,-0.0124224
16.496,0.0398835,0,-0.0298168,-0.0111802
16.498,0.0398835,0,-0.0268351,-0.0100622
16.5,0.0398835,0,-0.0241516,-0.00905596
16.502,0.0398835,0,-0.0217365,-0.00815036
16.504,0.0398835,0,-0.0195628,-0.00733532
16.506,0.0398835,0,-0.0176065,-0.00660179
16.508,0.0398835,0,-0.0158459,-0.00594161
16.51,0.0398835,0,-0.0142613,-0.00534745
16.512,0.0398835,0,-0.0128352,-0.00481271
16.514,0.0398835,0,-0.0115516,-0.00433144
16.516,0.0398835,0,-0.0103965,-0.00389829
16.518,0.0398835,0,-0.00935683,-0.00350846
16.52,0.0398835,0,-0.00842115,-0.00315762
16.522,0.0398835,0,-0.00757903,-0.00284186
16.524,0.0398835,0,-0.00682113,-0.00255767
16.526,0.0398835,0,-0.00613902,-0.0023019
16.528,0.0398835,0,-0.00552512,-0.00207171
16.53,0.0398835,0,-0.0049726,-0.00186454
16.532,0.0398835,0,-0.00447534,-0.00167809
16.534,0.0398835,0,-0.00402781,-0.00151028
16.536,0.0398835,0.00306796,-0.00362503,0.152039
16.538,0.0398835,0.00306796,-0.00326253,0.136835
16.54,0.0398835,0.00306796,-0.00293627,0.123151
16.542,0.0398835,0.00306796,-0.00264265,0.110836
16.544,0.0398835,0.00306796,-0.00237838,0.0997527
16.546,0.0398835,0.00306796,-0.00214054,0.0897774
16.548,0.0398835,0.00306796,-0.00192649,0.0807997
16.55,0.0398835,0,-0.00173384,-0.0806784
16.552,0.0398835,0,-0.00156046,-0.0726105
16.554,0.0398835,0,-0.00140441,-0.0653495
16.556,0.0398835,0,-0.00126397,-0.0588145
16.558,0.0398835,0,-0.00113757,-0.0529331
16.56,0.0398835,0,-0.00102382,-0.0476398
16.562,0.0398835,0,-0.000921434,-0.0428758
16.564,0.0398835,0,-0.00082929,-0.0385882
16.566,0.0398835,0,-0.000746361,-0.0347294
16.568,0.0398835,0,-0.000671725,-0.0312565
16.57,0.0398835,0,-0.000604553,-0.0281308
16.572,0.0398835,0,-0.000544097,-0.0253177
16.574,0.0398835,0,-0.000489688,-0.022786
16.576,0.0398835,0,-0.000440719,-0.0205074
16.578,0.0398835,0,-0.000396647,-0.0184566
16.58,0.0398835,0,-0.000356982,-0.016611
16.582,0.0398835,0,-0.000321284,-0.0149499
16.584,0.0398835,0,-0.000289156,-0.0134549
16.586,0.0398835,0,-0.00026024,-0.0121094
16.588,0.0398835,0.00306796,-0.000234216,0.1425
16.59,0.0398835,0.00306796,-0.000210794,0.12825
16.592,0.0398835,0.00306796,-0.000189715,0.115425
16.594,0.0398835,0.00306796,-0.000170744,0.103882
16.596,0.0368155,0.00306796,-0.153552,0.093494
16.598,0.0368155,0.00306796,-0.138197,0.0841446
16.6,0.0368155,0.00306796,-0.124377,0.0757301
16.602,0.0368155,0.00306796,-0.111939,0.0681571
16.604,0.0368155,0.00306796,-0.100745,0.0613414
16.606,0.0368155,0.00306796,-0.0906708,0.0552073
16.608,0.0368155,0,-0.0816037,-0.103712
16.61,0.0368155,0,-0.0734433,-0.0933404
16.612,0.0368155,0,-0.066099,-0.0840063
16.614,0.0368155,0,-0.0594891,-0.0756057
16.616,0.0368155,0,-0.0535402,-0.0680451
16.618,0.0368155,0,-0.0481862,-0.0612406
16.62,0.0368155,0,-0.0433675,-0.0551166
16.622,0.0337476,0,-0.192429,-0.0496049
16.624,0.0337476,0,-0.173186,-0.0446444
16.626,0.0337476,0,-0.155867,-0.04018
16.628,0.0337476,0,-0.140281,-0.036162
16.63,0.0337476,0,-0.126253,-0.0325458
16.632,0.0337476,0,-0.113627,-0.0292912
16.634,0.0337476,0,-0.102265,-0.0263621
16.636,0.0337476,0,-0.0920381,-0.0237259
16.638,0.0337476,0,-0.0828343,-0.0213533
16.64,0.0337476,0,-0.0745509,-0.019218
16.642,0.0337476,0,-0.0670958,-0.0172962
16.644,0.0337476,0,-0.0603862,-0.0155665
16.646,0.0337476,0,-0.0543476,-0.0140099
16.648,0.0337476,0,-0.0489128,-0.0126089
16.65,0.0337476,-0.00306796,-0.0440216,-0.164746
16.652,0.0337476,-0.00306796,-0.0396194,-0.148271
16.654,0.0337476,-0.00306796,-0.0356575,-0.133444
16.656,0.0337476,-0.00306796,-0.0320917,-0.1201
16.658,0.0337476,-0.00306796,-0.0288825,-0.10809
16.66,0.0337476,-0.00306796,-0.0259943,-0.0972809
16.662,0.0337476,-0.00306796,-0.0233949,-0.0875528
16.664,0.0337476,-0.00306796,-0.0210554,-0.0787975
16.666,0.0337476,-0.00306796,-0.0189498,-0.0709178
16.668,0.0337476,-0.00306796,-0.0170549,-0.063826
16.67,0.0337476,-0.00306796,-0.0153494,-0.0574434
16.672,0.0337476,0,-0.0138144,0.101699
16.674,0.0337476,0,-0.012433,0.0915291
16.676,0.0337476,0,-0.0111897,0.0823762
16.678,0.0337476,0,-0.0100707,0.0741386
16.68,0.0337476,0,-0.00906365,0.0667247
16.682,0.0337476,0,-0.00815728,0.0600522
16.684,0.0337476,0,-0.00734155,0.054047
16.686,0.0337476,0,-0.0066074,0.0486423
16.688,0.0337476,0,-0.00594666,0.0437781
16.69,0.0337476,0.00306796,-0.00535199,0.192798
16.692,0.0337476,0.00306796,-0.00481679,0.173519
16.694,0.0337476,0.00306796,-0.00433511,0.156167
16.696,0.0337476,0.00306796,-0.0039016,0.14055
16.698,0.0337476,0.00306796,-0.00351144,0.126495
16.7,0.0337476,0.00306796,-0.0031603,0.113846
16.702,0.0337476,0.00306796,-0.00284427,0.102461
16.704,0.0337476,0.00306796,-0.00255984,0.0922149
16.706,0.0337476,0.00306796,-0.00230386,0.0829934
16.708,0.0337476,0.00306796,-0.00207347,0.074694
16.71,0.0337476,0.00306796,-0.00186612,0.0672246
16.712,0.0337476,0,-0.00167951,-0.0928959
16.714,0.0337476,0,-0.00151156,-0.0836063
16.716,0.0306796,0,-0.154758,-0.0752457
16.718,0.0306796,0,-0.139283,-0.0677211
16.72,0.0306796,0,-0.125354,-0.060949
16.722,0.0306796,0,-0.112819,-0.0548541
16.724,0.0306796,0,-0.101537,-0.0493687
16.726,0.0306796,0,-0.0913833,-0.0444318
16.728,0.0306796,0,-0.082245,-0.0399886
16.73,0.0306796,0,-0.0740205,-0.0359898
16.732,0.0306796,0,-0.0666185,-0.0323908
16.734,0.0306796,0,-0.0599566,-0.0291517
16.736,0.0306796,0,-0.0539609,-0.0262365
16.738,0.0306796,0,-0.0485649,-0.0236129
16.74,0.0306796,0,-0.0437084,-0.0212516
16.742,0.0306796,0,-0.0393375,-0.0191264
16.744,0.0306796,0,-0.0354038,-0.0172138
16.746,0.0306796,0,-0.0318634,-0.0154924
16.748,0.0306796,0,-0.0286771,-0.0139432
16.75,0.0306796,0,-0.0258094,-0.0125489
16.752,0.0306796,0,-0.0232284,-0.011294
16.754,0.0276117,0,-0.174304,-0.0101646
16.756,0.0276117,0,-0.156873,-0.00914812
16.758,0.0276117,0,-0.141186,-0.00823331
16.76,0.0276117,0,-0.127067,-0.00740998
16.762,0.0276117,0,-0.114361,-0.00666898
16.764,0.0276117,0,-0.102925,-0.00600208
16.766,0.0276117,0,-0.0926321,-0.00540187
16.768,0.0276117,0,-0.0833689,-0.00486169
16.77,0.0276117,0,-0.075032,-0.00437552
16.772,0.0276117,0,-0.0675288,-0.00393797
16.774,0.0276117,0,-0.0607759,-0.00354417
16.776,0.0276117,0,-0.0546983,-0.00318975
16.778,0.0276117,0,-0.0492285,-0.00287078
16.78,0.0276117,0,-0.0443057,-0.0025837
16.782,0.0276117,0,-0.0398751,-0.00232533
16.784,0.0276117,0,-0.0358876,-0.0020928
16.786,0.0276117,0,-0.0322988,-0.00188352
16.788,0.0276117,0,-0.0290689,-0.00169516
16.79,0.0276117,0,-0.026162,-0.00152565
16.792,0.0276117,0,-0.0235458,-0.00137308
16.794,0.0276117,0,-0.0211913,-0.00123578
16.796,0.0276117,0,-0.0190721,-0.0011122
16.798,0.0276117,0,-0.0171649,-0.00100098
16.8,0.0276117,0,-0.0154484,-0.00090088
16.802,0.0276117,0,-0.0139036,-0.000810792
16.804,0.0276117,0,-0.0125132,-0.000729713
16.806,0.0276117,0,-0.0112619,-0.000656742
16.808,0.0276117,0.00306796,-0.0101357,0.152807
16.81,0.0276117,0.00306796,-0.00912214,0.137526
16.812,0.0276117,0.00306796,-0.00820993,0.123774
16.814,0.0245437,0.00306796,-0.160787,0.111396
16.816,0.0245437,0.00306796,-0.144708,0.100257
16.818,0.0245437,0.00306796,-0.130237,0.090231
16.82,0.0245437,0.00306796,-0.117214,0.0812079
16.822,0.0245437,0.00306796,-0.105492,0.0730871
16.824,0.0245437,0.00306796,-0.0949431,0.0657784
16.826,0.0245437,0.00306796,-0.0854488,0.0592006
16.828,0.0245437,0,-0.0769039,-0.100118
16.83,0.0245437,0,-0.0692135,-0.0901058
16.832,0.0245437,0,-0.0622922,-0.0810952
16.834,0.0214757,0,-0.209461,-0.0729857
16.836,0.0214757,0,-0.188515,-0.0656871
16.838,0.0214757,0,-0.169663,-0.0591184
16.84,0.0214757,0,-0.152697,-0.0532066
16.842,0.0214757,0,-0.137427,-0.0478859
16.844,0.0214757,0,-0.123685,-0.0430973
16.846,0.0214757,0,-0.111316,-0.0387876
16.848,0.0214757,0,-0.100185,-0.0349088
16.85,0.0214757,0,-0.0901661,-0.031418
16.852,0.0214757,0,-0.0811495,-0.0282762
16.854,0.0184078,0,-0.226433,-0.0254485
16.856,0.0184078,0,-0.203789,-0.0229037
16.858,0.0184078,0,-0.18341,-0.0206133
16.86,0.0184078,-0.00306796,-0.165069,-0.17195
16.862,0.0184078,-0.00306796,-0.148562,-0.154755
16.864,0.0184078,-0.00306796,-0.133706,-0.13928
16.866,0.0184078,-0.00306796,-0.120336,-0.125352
16.868,0.0184078,-0.00306796,-0.108302,-0.112816
16.87,0.0184078,-0.00306796,-0.0974718,-0.101535
16.872,0.0184078,-0.00306796,-0.0877246,-0.0913813
16.874,0.0184078,-0.00306796,-0.0789522,-0.0822432
16.876,0.0184078,-0.00306796,-0.071057,-0.0740189
16.878,0.0184078,-0.00306796,-0.0639513,-0.066617
16.88,0.0184078,-0.00306796,-0.0575561,-0.0599553
16.882,0.0184078,-0.00306796,-0.0518005,-0.0539598
16.884,0.0184078,-0.00306796,-0.0466205,-0.0485638
16.886,0.0184078,-0.00306796,-0.0419584,-0.0437074
16.888,0.0184078,-0.00306796,-0.0377626,-0.0393367
16.89,0.0184078,0,-0.0339863,0.117995
16.892,0.0184078,0,-0.0305877,0.106196
16.894,0.0184078,0,-0.0275289,0.095576
16.896,0.0184078,0,-0.024776,0.0860184
16.898,0.0153398,0,-0.175697,0.0774166
16.9,0.0153398,0,-0.158127,0.0696749
16.902,0.0153398,0,-0.142314,0.0627074
16.904,0.0153398,0,-0.128083,0.0564367
16.906,0.0153398,0,-0.115274,0.050793
16.908,0.0153398,0,-0.103747,0.0457137
16.91,0.0153398,0,-0.0933723,0.0411423
16.912,0.0153398,0,-0.0840351,0.0370281
16.914,0.0153398,0,-0.0756316,0.0333253
16.916,0.0153398,0,-0.0680684,0.0299928
16.918,0.0153398,0,-0.0612616,0.0269935
16.92,0.0153398,0,-0.0551354,0.0242941
16.922,0.0153398,0,-0.0496219,0.0218647
16.924,0.0153398,0,-0.0446597,0.0196783
16.926,0.0153398,0,-0.0401937,0.0177104
16.928,0.0153398,0,-0.0361744,0.0159394
16.93,0.0153398,0,-0.0325569,0.0143454
16.932,0.0153398,0,-0.0293012,0.0129109
16.934,0.0153398,0,-0.0263711,0.0116198
16.936,0.0122718,0,-0.177132,0.0104578
16.938,0.0122718,0,-0.159419,0.00941205
16.94,0.0122718,0,-0.143477,0.00847084
16.942,0.0122718,0,-0.129129,0.00762376
16.944,0.0122718,0,-0.116216,0.00686138
16.946,0.0122718,0,-0.104595,0.00617524
16.948,0.0122718,0,-0.0941352,0.00555772
16.95,0.0122718,0,-0.0847217,0.00500195
16.952,0.0122718,0,-0.0762495,0.00450175
16.954,0.0122718,0,-0.0686246,0.00405158
16.956,0.0122718,0,-0.0617621,0.00364642
16.958,0.0122718,0,-0.0555859,0.00328178
16.96,0.0122718,0,-0.0500273,0.0029536
16.962,0.0122718,0,-0.0450246,0.00265824
16.964,0.0122718,0,-0.0405221,0.00239242
16.966,0.0122718,0,-0.0364699,0.00215317
16.968,0.0122718,0,-0.0328229,0.00193786
16.97,0.0122718,0.00306796,-0.0295406,0.155142
16.972,0.0122718,0.00306796,-0.0265866,0.139628
16.974,0.0122718,0.00306796,-0.0239279,0.125665
16.976,0.0122718,0.00306796,-0.0215351,0.113099
16.978,0.0122718,0.00306796,-0.0193816,0.101789
16.98,0.0122718,0.00306796,-0.0174435,0.0916099
16.982,0.0122718,0.00306796,-0.0156991,0.0824489
16.984,0.0122718,0.00306796,-0.0141292,0.074204
16.986,0.0122718,0.00306796,-0.0127163,0.0667836
16.988,0.00920388,0.00306796,-0.164843,0.0601052
16.99,0.00920388,0.00306796,-0.148358,0.0540947
16.992,0.00920388,0.00306796,-0.133523,0.0486853
16.994,0.00920388,0.00306796,-0.12017,0.0438167
16.996,0.00920388,0.00306796,-0.108153,0.0394351
16.998,0.00920388,0,-0.097338,-0.117907
17,0.00920388,0,-0.0876042,-0.106116
17.002,0.00920388,0,-0.0788438,-0.0955043
17.004,0.00920388,0,-0.0709594,-0.0859539
17.006,0.00920388,0,-0.0638634,-0.0773585
17.008,0.00920388,0,-0.0574771,-0.0696226
17.01,0.00920388,0,-0.0517294,-0.0626604
17.012,0.00613592,0,-0.199955,-0.0563943
17.014,0.00613592,0,-0.179959,-0.0507549
17.016,0.00613592,0,-0.161963,-0.0456794
17.018,0.00613592,0,-0.145767,-0.0411115
17.02,0.00613592,0,-0.13119,-0.0370003
17.022,0.00613592,0,-0.118071,-0.0333003
17.024,0.00613592,0,-0.106264,-0.0299703
17.026,0.00613592,0,-0.0956376,-0.0269732
17.028,0.00613592,0,-0.0860739,-0.0242759
17.03,0.00613592,0,-0.0774665,-0.0218483
17.032,0.00613592,0,-0.0697198,-0.0196635
17.034,0.00613592,0,-0.0627479,-0.0176971
17.036,0.00306796,0,-0.209871,-0.0159274
17.038,0.00306796,0,-0.188884,-0.0143347
17.04,0.00306796,0,-0.169996,-0.0129012
17.042,0.00306796,0,-0.152996,-0.0116111
17.044,0.00306796,0,-0.137696,-0.01045
17.046,0.00306796,0,-0.123927,-0.00940498
17.048,0.00306796,0,-0.111534,-0.00846449
17.05,0.00306796,0,-0.100381,-0.00761804
17.052,0.00306796,0,-0.0903426,-0.00685623
17.054,0.00306796,0,-0.0813084,-0.00617061
17.056,0.00306796,0,-0.0731775,-0.00555355
17.058,0.00306796,0,-0.0658598,-0.00499819
17.06,-0,0,-0.212672,-0.00449837
17.062,-0,0,-0.191405,-0.00404854
17.064,-0,0,-0.172264,-0.00364368
17.066,-0,0,-0.155038,-0.00327932
17.068,-0,0,-0.139534,-0.00295138
17.07,-0,0,-0.125581,-0.00265625
17.072,-0,0,-0.113023,-0.00239062
17.074,-0,0,-0.10172,-0.00215156
17.076,-0,0,-0.0915483,-0.0019364
17.078,-0,0,-0.0823934,-0.00174276
17.08,-0,0,-0.0741541,-0.00156849
17.082,-0,0,-0.0667387,-0.00141164
17.084,-0,0,-0.0600648,-0.00127047
17.086,-0,0,-0.0540583,-0.00114343
17.088,-0.00306796,0,-0.202051,-0.00102908
17.09,-0.00306796,0,-0.181846,-0.000926176
17.092,-0.00306796,0,-0.163661,-0.000833558
17.094,-0.00306796,0,-0.147295,-0.000750202
17.096,-0.00306796,0,-0.132565,-0.000675182
17.098,-0.00306796,0,-0.119309,-0.000607664
17.1,-0.00306796,0,-0.107378,-0.000546897
17.102,-0.00306796,0,-0.0966402,-0.000492208
17.104,-0.00306796,0,-0.0869762,-0.000442987
17.106,-0.00306796,0,-0.0782785,-0.000398688
17.108,-0.00306796,0,-0.0704507,-0.000358819
17.11,-0.00306796,0,-0.0634056,-0.000322937
17.112,-0.00306796,0,-0.0570651,-0.000290644
17.114,-0.00306796,0,-0.0513585,-0.000261579
17.116,-0.00306796,0,-0.0462227,-0.000235421
17.118,-0.00306796,0,-0.0416004,-0.000211879
17.12,-0.00306796,0,-0.0374404,-0.000190691
17.122,-0.00306796,0,-0.0336963,-0.000171622
17.124,-0.00306796,0,-0.0303267,-0.00015446
17.126,-0.00306796,0,-0.027294,-0.000139014
17.128,-0.00306796,0,-0.0245646,-0.000125113
17.13,-0.00306796,0,-0.0221082,-0.000112601
17.132,-0.00613592,0,-0.173295,-0.000101341
17.134,-0.00613592,0,-0.155966,-9.12071e-05
17.136,-0.00613592,0,-0.140369,-8.20864e-05
17.138,-0.00613592,0,-0.126332,-7.38777e-05
17.14,-0.00613592,0,-0.113699,-6.649e-05
17.142,-0.00613592,0,-0.102329,-5.9841e-05
17.144,-0.00613592,0,-0.0920963,-5.38569e-05
17.146,-0.00613592,0,-0.0828867,-4.84712e-05
17.148,-0.00613592,0,-0.074598,-4.36241e-05
17.15,-0.00613592,0,-0.0671382,-3.92617e-05
17.152,-0.00613592,0,-0.0604244,-3.53355e-05
17.154,-0.00613592,0,-0.0543819,-3.18019e-05
17.156,-0.00613592,0,-0.0489437,-2.86217e-05
17.158,-0.00613592,0.00306796,-0.0440494,0.153372
17.16,-0.00613592,0.00306796,-0.0396444,0.138035
17.162,-0.00613592,0.00306796,-0.03568,0.124232
17.164,-0.00613592,0.00306796,-0.032112,0.111808
17.166,-0.00613592,0.00306796,-0.0289008,0.100628
17.168,-0.00613592,0.00306796,-0.0260107,0.0905648
17.17,-0.00613592,0.00306796,-0.0234096,0.0815083
17.172,-0.00613592,0.00306796,-0.0210687,0.0733575
17.174,-0.00613592,0.00306796,-0.0189618,0.0660218
17.176,-0.00613592,0.00306796,-0.0170656,0.0594196
17.178,-0.00613592,0.00306796,-0.0153591,0.0534776
17.18,-0.00613592,0.00306796,-0.0138232,0.0481299
17.182,-0.00613592,0.00306796,-0.0124408,0.0433169
17.184,-0.00920388,0.00306796,-0.164595,0.0389852
17.186,-0.00920388,0.00306796,-0.148135,0.0350867
17.188,-0.00920388,0.00306796,-0.133322,0.031578
17.19,-0.00920388,0.00306796,-0.11999,0.0284202
17.192,-0.00920388,0.00306796,-0.107991,0.0255782
17.194,-0.00920388,0,-0.0971916,-0.130378
17.196,-0.00920388,0,-0.0874724,-0.11734
17.198,-0.0122718,0,-0.232123,-0.105606
17.2,-0.0122718,0,-0.208911,-0.0950454
17.202,-0.0122718,0,-0.18802,-0.0855408
17.204,-0.0122718,0,-0.169218,-0.0769867
17.206,-0.0122718,0,-0.152296,-0.0692881
17.208,-0.0122718,0,-0.137066,-0.0623593
17.21,-0.0122718,0,-0.12336,-0.0561233
17.212,-0.0122718,0,-0.111024,-0.050511
17.214,-0.0122718,0,-0.0999215,-0.0454599
17.216,-0.0153398,0,-0.243327,-0.0409139
17.218,-0.0153398,0,-0.218995,-0.0368225
17.22,-0.0153398,0,-0.197095,-0.0331403
17.222,-0.0153398,0,-0.177386,-0.0298262
17.224,-0.0153398,0,-0.159647,-0.0268436
17.226,-0.0153398,0,-0.143682,-0.0241593
17.228,-0.0153398,0,-0.129314,-0.0217433
17.23,-0.0153398,0,-0.116383,-0.019569
17.232,-0.0153398,0,-0.104744,-0.0176121
17.234,-0.0153398,-0.00306796,-0.09427,-0.169249
17.236,-0.0153398,-0.00306796,-0.084843,-0.152324
17.238,-0.0184078,-0.00306796,-0.229757,-0.137092
17.24,-0.0184078,-0.00306796,-0.206781,-0.123382
17.242,-0.0184078,-0.00306796,-0.186103,-0.111044
17.244,-0.0184078,-0.00306796,-0.167493,-0.0999398
17.246,-0.0184078,-0.00306796,-0.150743,-0.0899458
17.248,-0.0184078,-0.00306796,-0.135669,-0.0809513
17.25,-0.0184078,-0.00306796,-0.122102,-0.0728561
17.252,-0.0184078,-0.00306796,-0.109892,-0.0655705
17.254,-0.0184078,-0.00306796,-0.0989028,-0.0590135
17.256,-0.0184078,-0.00306796,-0.0890125,-0.0531121
17.258,-0.0184078,-0.00306796,-0.0801112,-0.0478009
17.26,-0.0184078,0,-0.0721001,0.110377
17.262,-0.0184078,0,-0.0648901,0.0993395
17.264,-0.0184078,0,-0.0584011,0.0894056
17.266,-0.0184078,0,-0.052561,0.080465
17.268,-0.0184078,0,-0.0473049,0.0724185
17.27,-0.0184078,0,-0.0425744,0.0651767
17.272,-0.0184078,0,-0.038317,0.058659
17.274,-0.0184078,0,-0.0344853,0.0527931
17.276,-0.0214757,0,-0.184435,0.0475138
17.278,-0.0214757,0,-0.165991,0.0427624
17.28,-0.0214757,0,-0.149392,0.0384862
17.282,-0.0214757,0,-0.134453,0.0346376
17.284,-0.0214757,0,-0.121008,0.0311738
17.286,-0.0214757,0,-0.108907,0.0280564
17.288,-0.0214757,0,-0.0980162,0.0252508
17.29,-0.0214757,-0.00306796,-0.0882146,-0.130672
17.292,-0.0214757,-0.00306796,-0.0793931,-0.117605
17.294,-0.0245437,-0.00306796,-0.224852,-0.105845
17.296,-0.0245437,-0.00306796,-0.202367,-0.0952602
17.298,-0.0245437,-0.00306796,-0.18213,-0.0857341
17.3,-0.0245437,-0.00306796,-0.163917,-0.0771607
17.302,-0.0245437,-0.00306796,-0.147525,-0.0694447
17.304,-0.0245437,-0.00306796,-0.132773,-0.0625002
17.306,-0.0245437,-0.00306796,-0.119496,-0.0562502
17.308,-0.0245437,-0.00306796,-0.107546,-0.0506252
17.31,-0.0245437,-0.00306796,-0.0967914,-0.0455626
17.312,-0.0276117,-0.00306796,-0.24051,-0.0410064
17.314,-0.0276117,-0.00306796,-0.216459,-0.0369057
17.316,-0.0276117,-0.00306796,-0.194813,-0.0332152
17.318,-0.0276117,-0.00306796,-0.175332,-0.0298936
17.32,-0.0276117,-0.00306796,-0.157799,-0.0269043
17.322,-0.0276117,-0.00306796,-0.142019,-0.0242139
17.324,-0.0276117,-0.00306796,-0.127817,-0.0217925
17.326,-0.0276117,-0.00306796,-0.115035,-0.0196132
17.328,-0.0276117,-0.00306796,-0.103532,-0.0176519
17.33,-0.0276117,-0.00306796,-0.0931786,-0.0158867
17.332,-0.0276117,-0.00306796,-0.0838608,-0.014298
17.334,-0.0276117,-0.00306796,-0.0754747,-0.0128682
17.336,-0.0276117,-0.00306796,-0.0679272,-0.0115814
17.338,-0.0276117,-0.00306796,-0.0611345,-0.0104233
17.34,-0.0276117,-0.00306796,-0.055021,-0.00938094
17.342,-0.0276117,-0.00306796,-0.0495189,-0.00844285
17.344,-0.0276117,-0.00306796,-0.044567,-0.00759856
17.346,-0.0276117,-0.00306796,-0.0401103,-0.00683871
17.348,-0.0276117,-0.00306796,-0.0360993,-0.00615484
17.35,-0.0276117,-0.00306796,-0.0324894,-0.00553935
17.352,-0.0276117,-0.00306796,-0.0292404,-0.00498542
17.354,-0.0276117,0,-0.0263164,0.148911
17.356,-0.0276117,0,-0.0236848,0.13402
17.358,-0.0276117,0,-0.0213163,0.120618
17.36,-0.0276117,0,-0.0191847,0.108556
17.362,-0.0276117,0,-0.0172662,0.0977006
17.364,-0.0276117,0,-0.0155396,0.0879306
17.366,-0.0306796,0,-0.167384,0.0791375
17.368,-0.0306796,0,-0.150645,0.0712238
17.37,-0.0306796,0,-0.135581,0.0641014
17.372,-0.0306796,0,-0.122023,0.0576913
17.374,-0.0306796,0,-0.10982,0.0519221
17.376,-0.0306796,0,-0.0988384,0.0467299
17.378,-0.0306796,0,-0.0889546,0.0420569
17.38,-0.0306796,0,-0.0800591,0.0378512
17.382,-0.0306796,0,-0.0720532,0.0340661
17.384,-0.0306796,0,-0.0648479,0.0306595
17.386,-0.0306796,0,-0.0583631,0.0275935
17.388,-0.0306796,0,-0.0525268,0.0248342
17.39,-0.0337476,-0.00306796,-0.200672,-0.131047
17.392,-0.0337476,-0.00306796,-0.180605,-0.117943
17.394,-0.0337476,-0.00306796,-0.162544,-0.106148
17.396,-0.0337476,-0.00306796,-0.14629,-0.0955335
17.398,-0.0337476,-0.00306796,-0.131661,-0.0859801
17.4,-0.0337476,-0.00306796,-0.118495,-0.0773821
17.402,-0.0337476,-0.00306796,-0.106645,-0.0696439
17.404,-0.0337476,-0.00306796,-0.0959809,-0.0626795
17.406,-0.0368155,-0.00306796,-0.239781,-0.0564116
17.408,-0.0368155,-0.00306796,-0.215803,-0.0507704
17.41,-0.0368155,-0.00306796,-0.194223,-0.0456934
17.412,-0.0368155,-0.00306796,-0.1748,-0.041124
17.414,-0.0368155,-0.00306796,-0.15732,-0.0370116
17.416,-0.0368155,-0.00306796,-0.141588,-0.0333105
17.418,-0.0368155,-0.00306796,-0.127429,-0.0299794
17.42,-0.0368155,-0.00306796,-0.114686,-0.0269815
17.422,-0.0368155,-0.00306796,-0.103218,-0.0242833
17.424,-0.0368155,-0.00306796,-0.092896,-0.021855
17.426,-0.0368155,-0.00306796,-0.0836064,-0.0196695
17.428,-0.0368155,-0.00306796,-0.0752458,-0.0177025
17.43,-0.0368155,-0.00306796,-0.0677212,-0.0159323
17.432,-0.0368155,-0.00306796,-0.0609491,-0.0143391
17.434,-0.0368155,-0.00306796,-0.0548542,-0.0129052
17.436,-0.0398835,-0.00306796,-0.202767,-0.0116146
17.438,-0.0398835,-0.00306796,-0.18249,-0.0104532
17.44,-0.0398835,-0.00306796,-0.164241,-0.00940786
17.442,-0.0398835,-0.00306796,-0.147817,-0.00846707
17.444,-0.0398835,-0.00306796,-0.133035,-0.00762037
17.446,-0.0398835,-0.00306796,-0.119732,-0.00685833
17.448,-0.0398835,-0.00306796,-0.107759,-0.0061725
17.45,-0.0398835,-0.00306796,-0.0969827,-0.00555525
17.452,-0.0398835,-0.00306796,-0.0872845,-0.00499972
17.454,-0.0398835,-0.00306796,-0.078556,-0.00449975
17.456,-0.0398835,-0.00306796,-0.0707004,-0.00404978
17.458,-0.0398835,-0.00306796,-0.0636304,-0.0036448
17.46,-0.0398835,-0.00306796,-0.0572673,-0.00328032
17.462,-0.0398835,-0.00306796,-0.0515406,-0.00295229
17.464,-0.0398835,-0.00306796,-0.0463865,-0.00265706
17.466,-0.0398835,-0.00306796,-0.0417479,-0.00239135
17.468,-0.0398835,-0.00306796,-0.0375731,-0.00215222
17.47,-0.0398835,-0.00306796,-0.0338158,-0.00193699
17.472,-0.0398835,-0.00306796,-0.0304342,-0.0017433
17.474,-0.0398835,-0.00306796,-0.0273908,-0.00156897
17.476,-0.0398835,0,-0.0246517,0.151986
17.478,-0.0398835,0,-0.0221865,0.136787
17.48,-0.0398835,0,-0.0199679,0.123109
17.482,-0.0398835,0,-0.0179711,0.110798
17.484,-0.0398835,0,-0.016174,0.099718
17.486,-0.0398835,0,-0.0145566,0.0897462
17.488,-0.0398835,0,-0.0131009,0.0807716
17.49,-0.0398835,0,-0.0117908,0.0726944
17.492,-0.0398835,0,-0.0106118,0.065425
17.494,-0.0398835,0,-0.00955058,0.0588825
17.496,-0.0398835,0,-0.00859552,0.0529942
17.498,-0.0398835,0,-0.00773597,0.0476948
17.5,-0.0398835,0,-0.00696237,0.0429253
17.502,-0.0398835,0,-0.00626613,0.0386328
17.504,-0.0398835,0,-0.00563952,0.0347695
17.506,-0.0398835,0,-0.00507557,0.0312926
17.508,-0.0398835,0,-0.00456801,0.0281633
17.51,-0.0398835,0,-0.00411121,0.025347
17.512,-0.0398835,0,-0.00370009,0.0228123
17.514,-0.0398835,-0.00306796,-0.00333008,-0.132867
17.516,-0.0429515,-0.00306796,-0.156395,-0.11958
17.518,-0.0429515,-0.00306796,-0.140756,-0.107622
17.52,-0.0429515,-0.00306796,-0.12668,-0.0968601
17.522,-0.0429515,-0.00306796,-0.114012,-0.0871741
17.524,-0.0429515,-0.00306796,-0.102611,-0.0784566
17.526,-0.0429515,-0.00306796,-0.0923498,-0.070611
17.528,-0.0429515,-0.00306796,-0.0831148,-0.0635499
17.53,-0.0429515,-0.00306796,-0.0748033,-0.0571949
17.532,-0.0429515,-0.00306796,-0.067323,-0.0514754
17.534,-0.0429515,-0.00306796,-0.0605907,-0.0463279
17.536,-0.0429515,0,-0.0545316,0.111703
17.538,-0.0429515,0,-0.0490785,0.100533
17.54,-0.0429515,0,-0.0441706,0.0904794
17.542,-0.0429515,0,-0.0397535,0.0814315
17.544,-0.0429515,0,-0.0357782,0.0732883
17.546,-0.0429515,0,-0.0322004,0.0659595
17.548,-0.0429515,0,-0.0289803,0.0593636
17.55,-0.0429515,0,-0.0260823,0.0534272
17.552,-0.0429515,0,-0.0234741,0.0480845
17.554,-0.0429515,0,-0.0211267,0.043276
17.556,-0.0429515,0,-0.019014,0.0389484
17.558,-0.0429515,0,-0.0171126,0.0350536
17.56,-0.0429515,0,-0.0154013,0.0315482
17.562,-0.0429515,0,-0.0138612,0.0283934
17.564,-0.0429515,0,-0.0124751,0.0255541
17.566,-0.0429515,-0.00306796,-0.0112276,-0.130399
17.568,-0.0460194,-0.00306796,-0.163503,-0.117359
17.57,-0.0460194,-0.00306796,-0.147153,-0.105624
17.572,-0.0460194,-0.00306796,-0.132437,-0.0950612
17.574,-0.0460194,-0.00306796,-0.119194,-0.0855551
17.576,-0.0460194,-0.00306796,-0.107274,-0.0769996
17.578,-0.0460194,-0.00306796,-0.0965468,-0.0692996
17.58,-0.0460194,-0.00306796,-0.0868921,-0.0623696
17.582,-0.0460194,-0.00306796,-0.0782029,-0.0561327
17.584,-0.0460194,-0.00306796,-0.0703826,-0.0505194
17.586,-0.0460194,-0.00306796,-0.0633444,-0.0454675
17.588,-0.0460194,-0.00306796,-0.0570099,-0.0409207
17.59,-0.0460194,-0.00306796,-0.0513089,-0.0368286
17.592,-0.0460194,-0.00306796,-0.046178,-0.0331458
17.594,-0.0460194,-0.00306796,-0.0415602,-0.0298312
17.596,-0.0460194,-0.00306796,-0.0374042,-0.0268481
17.598,-0.0460194,0,-0.0336638,0.129235
17.6,-0.0460194,0,-0.0302974,0.116311
17.602,-0.0460194,0,-0.0272677,0.10468
17.604,-0.0460194,0,-0.0245409,0.0942122
17.606,-0.0460194,0,-0.0220868,0.084791
17.608,-0.0460194,0,-0.0198781,0.0763119
17.61,-0.0460194,0,-0.0178903,0.0686807
17.612,-0.0460194,0,-0.0161013,0.0618126
17.614,-0.0460194,0,-0.0144912,0.0556313
17.616,-0.0460194,0,-0.013042,0.0500682
17.618,-0.0460194,0,-0.0117378,0.0450614
17.62,-0.0460194,0,-0.0105641,0.0405553
17.622,-0.0460194,0,-0.00950765,0.0364997
17.624,-0.0490874,0,-0.161955,0.0328498
17.626,-0.0490874,0,-0.145759,0.0295648
17.628,-0.0490874,0,-0.131184,0.0266083
17.63,-0.0490874,0,-0.118065,0.0239475
17.632,-0.0490874,0,-0.106259,0.0215527
17.634,-0.0490874,0,-0.0956328,0.0193975
17.636,-0.0490874,-0.00306796,-0.0860695,-0.13594
17.638,-0.0490874,-0.00306796,-0.0774626,-0.122346
17.64,-0.0490874,-0.00306796,-0.0697163,-0.110112
17.642,-0.0490874,-0.00306796,-0.0627447,-0.0991005
17.644,-0.0490874,-0.00306796,-0.0564702,-0.0891905
17.646,-0.0490874,-0.00306796,-0.0508232,-0.0802714
17.648,-0.0521553,-0.00306796,-0.199139,-0.0722443
17.65,-0.0521553,-0.00306796,-0.179225,-0.0650199
17.652,-0.0521553,-0.00306796,-0.161303,-0.0585179
17.654,-0.0521553,-0.00306796,-0.145172,-0.0526661
17.656,-0.0521553,-0.00306796,-0.130655,-0.0473995
17.658,-0.0521553,-0.00306796,-0.11759,-0.0426595
17.66,-0.0521553,-0.00306796,-0.105831,-0.0383936
17.662,-0.0521553,-0.00306796,-0.0952475,-0.0345542
17.664,-0.0521553,-0.00306796,-0.0857228,-0.0310988
17.666,-0.0521553,-0.00306796,-0.0771505,-0.0279889
17.668,-0.0521553,-0.00306796,-0.0694355,-0.02519
17.67,-0.0521553,-0.00306796,-0.0624919,-0.022671
17.672,-0.0521553,-0.00306796,-0.0562427,-0.0204039
17.674,-0.0521553,-0.00306796,-0.0506184,-0.0183635
17.676,-0.0521553,-0.00306796,-0.0455566,-0.0165272
17.678,-0.0521553,-0.00306796,-0.0410009,-0.0148745
17.68,-0.0521553,-0.00306796,-0.0369008,-0.013387
17.682,-0.0521553,-0.00306796,-0.0332108,-0.0120483
17.684,-0.0521553,-0.00306796,-0.0298897,-0.0108435
17.686,-0.0521553,-0.00306796,-0.0269007,-0.00975913
17.688,-0.0521553,-0.00306796,-0.0242106,-0.00878322
17.69,-0.0521553,-0.00306796,-0.0217896,-0.0079049
17.692,-0.0521553,-0.00306796,-0.0196106,-0.00711441
17.694,-0.0521553,-0.00306796,-0.0176496,-0.00640297
17.696,-0.0521553,-0.00306796,-0.0158846,-0.00576267
17.698,-0.0521553,-0.00306796,-0.0142961,-0.0051864
17.7,-0.0521553,-0.00306796,-0.0128665,-0.00466776
17.702,-0.0521553,-0.00306796,-0.0115799,-0.00420099
17.704,-0.0521553,-0.00306796,-0.0104219,-0.00378089
17.706,-0.0521553,-0.00306796,-0.0093797,-0.0034028
17.708,-0.0521553,-0.00306796,-0.00844173,-0.00306252
17.71,-0.0521553,0,-0.00759756,0.150642
17.712,-0.0521553,0,-0.0068378,0.135578
17.714,-0.0521553,0,-0.00615402,0.12202
17.716,-0.0521553,0,-0.00553862,0.109818
17.718,-0.0521553,0,-0.00498476,0.0988361
17.72,-0.0521553,0,-0.00448628,0.0889525
17.722,-0.0521553,0,-0.00403765,0.0800572
17.724,-0.0521553,0,-0.00363389,0.0720515
17.726,-0.0521553,0,-0.0032705,0.0648464
17.728,-0.0521553,0,-0.00294345,0.0583617
17.73,-0.0521553,-0.00306796,-0.0026491,-0.100873
17.732,-0.0521553,-0.00306796,-0.00238419,-0.0907853
17.734,-0.0521553,-0.00306796,-0.00214577,-0.0817067
17.736,-0.0521553,-0.00306796,-0.0019312,-0.0735361
17.738,-0.0521553,-0.00306796,-0.00173808,-0.0661825
17.74,-0.0521553,-0.00306796,-0.00156427,-0.0595642
17.742,-0.0521553,-0.00306796,-0.00140784,-0.0536078
17.744,-0.0521553,-0.00306796,-0.00126706,-0.048247
17.746,-0.0521553,-0.00306796,-0.00114035,-0.0434223
17.748,-0.0521553,-0.00306796,-0.00102632,-0.0390801
17.75,-0.0521553,-0.00306796,-0.000923686,-0.0351721
17.752,-0.0521553,-0.00306796,-0.000831317,-0.0316549
17.754,-0.0521553,-0.00306796,-0.000748185,-0.0284894
17.756,-0.0521553,-0.00306796,-0.000673367,-0.0256404
17.758,-0.0521553,-0.00306796,-0.00060603,-0.0230764
17.76,-0.0521553,-0.00306796,-0.000545427,-0.0207688
17.762,-0.0521553,-0.00306796,-0.000490884,-0.0186919
17.764,-0.0521553,-0.00306796,-0.000441796,-0.0168227
17.766,-0.0521553,-0.00306796,-0.000397616,-0.0151404
17.768,-0.0521553,-0.00306796,-0.000357855,-0.0136264
17.77,-0.0521553,-0.00306796,-0.000322069,-0.0122637
17.772,-0.0521553,-0.00306796,-0.000289862,-0.0110374
17.774,-0.0521553,-0.00306796,-0.000260876,-0.00993363
17.776,-0.0521553,-0.00306796,-0.000234788,-0.00894027
17.778,-0.0521553,-0.00306796,-0.00021131,-0.00804624
17.78,-0.0521553,-0.00306796,-0.000190179,-0.00724162
17.782,-0.0521553,-0.00306796,-0.000171161,-0.00651746
17.784,-0.0521553,-0.00306796,-0.000154045,-0.00586571
17.786,-0.0521553,-0.00306796,-0.00013864,-0.00527914
17.788,-0.0521553,0,-0.000124776,0.148647
17.79,-0.0521553,0,-0.000112299,0.133782
17.792,-0.0521553,0,-0.000101069,0.120404
17.794,-0.0521553,0,-9.09619e-05,0.108364
17.796,-0.0521553,0,-8.18657e-05,0.0975272
17.798,-0.0521553,0,-7.36791e-05,0.0877745
17.8,-0.0521553,0,-6.63112e-05,0.078997
17.802,-0.0521553,0,-5.96801e-05,0.0710973
17.804,-0.0521553,-0.00306796,-5.37121e-05,-0.0894105
17.806,-0.0521553,-0.00306796,-4.83409e-05,-0.0804694
17.808,-0.0521553,-0.00306796,-4.35068e-05,-0.0724225
17.81,-0.0521553,-0.00306796,-3.91561e-05,-0.0651802
17.812,-0.0521553,-0.00306796,-3.52405e-05,-0.0586622
17.814,-0.0521553,-0.00306796,-3.17164e-05,-0.052796
17.816,-0.0552233,-0.00306796,-0.153427,-0.0475164
17.818,-0.0552233,-0.00306796,-0.138084,-0.0427648
17.82,-0.0552233,-0.00306796,-0.124276,-0.0384883
17.822,-0.0552233,-0.00306796,-0.111848,-0.0346395
17.824,-0.0552233,-0.00306796,-0.100663,-0.0311755
17.826,-0.0552233,-0.00306796,-0.0905969,-0.028058
17.828,-0.0552233,-0.00306796,-0.0815372,-0.0252522
17.83,-0.0552233,-0.00306796,-0.0733835,-0.0227269
17.832,-0.0552233,-0.00306796,-0.0660451,-0.0204543
17.834,-0.0552233,-0.00306796,-0.0594406,-0.0184088
17.836,-0.0552233,-0.00306796,-0.0534966,-0.0165679
17.838,-0.0552233,-0.00306796,-0.0481469,-0.0149111
17.84,-0.0552233,-0.00306796,-0.0433322,-0.01342
17.842,-0.0552233,-0.00306796,-0.038999,-0.012078
17.844,-0.0552233,-0.00306796,-0.0350991,-0.0108702
17.846,-0.0552233,-0.00306796,-0.0315892,-0.0097832
17.848,-0.0552233,-0.00306796,-0.0284303,-0.00880488
17.85,-0.0552233,-0.00306796,-0.0255872,-0.0079244
17.852,-0.0552233,-0.00306796,-0.0230285,-0.00713196
17.854,-0.0552233,-0.00306796,-0.0207257,-0.00641876
17.856,-0.0552233,-0.00306796,-0.0186531,-0.00577688
17.858,-0.0521553,-0.00306796,0.13661,-0.0051992
17.86,-0.0521553,-0.00306796,0.122949,-0.00467928
17.862,-0.0521553,-0.00306796,0.110654,-0.00421135
17.864,-0.0521553,-0.00306796,0.0995889,-0.00379021
17.866,-0.0521553,-0.00306796,0.08963,-0.00341119
17.868,-0.0521553,-0.00306796,0.080667,-0.00307007
17.87,-0.0521553,-0.00306796,0.0726003,-0.00276307
17.872,-0.0521553,-0.00306796,0.0653403,-0.00248676
17.874,-0.0521553,-0.00306796,0.0588063,-0.00223808
17.876,-0.0521553,0,0.0529256,0.151384
17.878,-0.0521553,0,0.0476331,0.136245
17.88,-0.0521553,0,0.0428698,0.122621
17.882,-0.0521553,0,0.0385828,0.110359
17.884,-0.0521553,0,0.0347245,0.0993229
17.886,-0.0521553,0,0.0312521,0.0893906
17.888,-0.0521553,0,0.0281268,0.0804516
17.89,-0.0521553,-0.00306796,0.0253142,-0.0809917
17.892,-0.0521553,-0.00306796,0.0227827,-0.0728925
17.894,-0.0521553,-0.00306796,0.0205045,-0.0656033
17.896,-0.0521553,-0.00306796,0.018454,-0.0590429
17.898,-0.0521553,-0.00306796,0.0166086,-0.0531386
17.9,-0.0521553,-0.00306796,0.0149478,-0.0478248
17.902,-0.0521553,-0.00306796,0.013453,-0.0430423
17.904,-0.0521553,-0.00306796,0.0121077,-0.0387381
17.906,-0.0521553,-0.00306796,0.0108969,-0.0348643
17.908,-0.0521553,-0.00306796,0.00980723,-0.0313778
17.91,-0.0521553,-0.00306796,0.0088265,-0.0282401
17.912,-0.0521553,-0.00306796,0.00794385,-0.025416
17.914,-0.0521553,-0.00306796,0.00714947,-0.0228744
17.916,-0.0521553,-0.00306796,0.00643452,-0.020587
17.918,-0.0521553,-0.00306796,0.00579107,-0.0185283
17.92,-0.0521553,-0.00306796,0.00521196,-0.0166755
17.922,-0.0521553,-0.00306796,0.00469077,-0.0150079
17.924,-0.0521553,-0.00306796,0.00422169,-0.0135071
17.926,-0.0521553,-0.00306796,0.00379952,-0.0121564
17.928,-0.0521553,-0.00306796,0.00341957,-0.0109408
17.93,-0.0521553,-0.00306796,0.00307761,-0.0098467
17.932,-0.0521553,-0.00306796,0.00276985,-0.00886203
17.934,-0.0521553,-0.00306796,0.00249287,-0.00797582
17.936,-0.0521553,-0.00306796,0.00224358,-0.00717824
17.938,-0.0521553,-0.00306796,0.00201922,-0.00646042
17.94,-0.0521553,-0.00306796,0.0018173,-0.00581438
17.942,-0.0521553,-0.00306796,0.00163557,-0.00523294
17.944,-0.0521553,-0.00306796,0.00147201,-0.00470964
17.946,-0.0521553,-0.00306796,0.00132481,-0.00423868
17.948,-0.0521553,-0.00306796,0.00119233,-0.00381481
17.95,-0.0521553,-0.00306796,0.0010731,-0.00343333
17.952,-0.0521553,-0.00306796,0.000965787,-0.00309
17.954,-0.0521553,-0.00306796,0.000869208,-0.002781
17.956,-0.0521553,-0.00306796,0.000782287,-0.0025029
17.958,-0.0521553,-0.00306796,0.000704059,-0.00225261
17.96,-0.0521553,-0.00306796,0.000633653,-0.00202735
17.962,-0.0521553,-0.00306796,0.000570288,-0.00182461
17.964,-0.0521553,-0.00306796,0.000513259,-0.00164215
17.966,-0.0521553,-0.00306796,0.000461933,-0.00147794
17.968,-0.0521553,-0.00306796,0.00041574,-0.00133014
17.97,-0.0521553,-0.00306796,0.000374166,-0.00119713
17.972,-0.0521553,-0.00306796,0.000336749,-0.00107742
17.974,-0.0521553,-0.00306796,0.000303074,-0.000969674
17.976,-0.0521553,-0.00306796,0.000272767,-0.000872707
17.978,-0.0521553,-0.00306796,0.00024549,-0.000785436
17.98,-0.0521553,-0.00306796,0.000220941,-0.000706892
17.982,-0.0521553,-0.00306796,0.000198847,-0.000636203
17.984,-0.0521553,-0.00306796,0.000178962,-0.000572583
17.986,-0.0521553,-0.00306796,0.000161066,-0.000515325
17.988,-0.0521553,-0.00306796,0.000144959,-0.000463792
17.99,-0.0521553,-0.00306796,0.000130464,-0.000417413
17.992,-0.0521553,-0.00306796,0.000117417,-0.000375672
17.994,-0.0521553,-0.00306796,0.000105675,-0.000338104
17.996,-0.0521553,-0.00306796,9.51079e-05,-0.000304294
17.998,-0.0521553,-0.00306796,8.55971e-05,-0.000273865
18,-0.0521553,-0.00306796,7.70374e-05,-0.000246478
18.002,-0.0521553,-0.00306796,6.93337e-05,-0.00022183
18.004,-0.0521553,-0.00306796,6.24003e-05,-0.000199647
18.006,-0.0521553,-0.00306796,5.61603e-05,-0.000179683
18.008,-0.0521553,-0.00306796,5.05442e-05,-0.000161714
18.01,-0.0521553,-0.00306796,4.54898e-05,-0.000145543
18.012,-0.0521553,-0.00306796,4.09408e-05,-0.000130989
18.014,-0.0521553,-0.00306796,3.68467e-05,-0.00011789
18.016,-0.0521553,-0.00306796,3.31621e-05,-0.000106101
18.018,-0.0521553,-0.00306796,2.98459e-05,-9.54907e-05
18.02,-0.0521553,-0.00306796,2.68613e-05,-8.59416e-05
18.022,-0.0521553,-0.00306796,2.41752e-05,-7.73475e-05
18.024,-0.0521553,-0.00306796,2.17576e-05,-6.96127e-05
18.026,-0.0521553,-0.00306796,1.95819e-05,-6.26514e-05
18.028,-0.0521553,-0.00613592,1.76237e-05,-0.153454
18.03,-0.0521553,-0.00613592,1.58613e-05,-0.138109
18.032,-0.0521553,-0.00613592,1.42752e-05,-0.124298
18.034,-0.0521553,-0.00613592,1.28477e-05,-0.111868
18.036,-0.0521553,-0.00613592,1.15629e-05,-0.100681
18.038,-0.0521553,-0.00613592,1.04066e-05,-0.0906133
18.04,-0.0521553,-0.00613592,9.36595e-06,-0.081552
18.042,-0.0521553,-0.00613592,8.42935e-06,-0.0733968
18.044,-0.0521553,-0.00613592,7.58642e-06,-0.0660571
18.046,-0.0521553,-0.00613592,6.82778e-06,-0.0594514
18.048,-0.0521553,-0.00613592,6.145e-06,-0.0535063
18.05,-0.0521553,-0.00613592,5.5305e-06,-0.0481556
18.052,-0.0521553,-0.00306796,4.97745e-06,0.110058
18.054,-0.0521553,-0.00306796,4.4797e-06,0.0990522
18.056,-0.0521553,-0.00306796,4.03173e-06,0.089147
18.058,-0.0490874,-0.00306796,0.153402,0.0802323
18.06,-0.0490874,-0.00306796,0.138062,0.0722091
18.062,-0.0490874,-0.00306796,0.124255,0.0649882
18.064,-0.0490874,-0.00306796,0.11183,0.0584893
18.066,-0.0490874,-0.00306796,0.100647,0.0526404
18.068,-0.0490874,-0.00306796,0.0905822,0.0473764
18.07,-0.0490874,-0.00306796,0.081524,0.0426387
18.072,-0.0490874,-0.00306796,0.0733716,0.0383749
18.074,-0.0490874,-0.00306796,0.0660344,0.0345374
18.076,-0.0490874,-0.00306796,0.059431,0.0310836
18.078,-0.0490874,-0.00306796,0.0534879,0.0279753
18.08,-0.0490874,-0.00306796,0.0481391,0.0251777
18.082,-0.0490874,-0.00306796,0.0433252,0.02266
18.084,-0.0490874,-0.00306796,0.0389927,0.020394
18.086,-0.0490874,-0.00306796,0.0350934,0.0183546
18.088,-0.0490874,-0.00306796,0.0315841,0.0165191
18.09,-0.0490874,-0.00306796,0.0284256,0.0148672
18.092,-0.0490874,-0.00306796,0.0255831,0.0133805
18.094,-0.0490874,-0.00306796,0.0230248,0.0120424
18.096,-0.0490874,-0.00306796,0.0207223,0.0108382
18.098,-0.0490874,-0.00306796,0.0186501,0.00975437
18.1,-0.0490874,-0.00306796,0.0167851,0.00877894
18.102,-0.0490874,-0.00306796,0.0151066,0.00790104
18.104,-0.0460194,-0.00306796,0.166994,0.00711094
18.106,-0.0460194,-0.00306796,0.150295,0.00639984
18.108,-0.0460194,-0.00306796,0.135265,0.00575986
18.11,-0.0460194,-0.00306796,0.121739,0.00518387
18.112,-0.0460194,-0.00306796,0.109565,0.00466549
18.114,-0.0460194,-0.00306796,0.0986083,0.00419894
18.116,-0.0460194,-0.00613592,0.0887474,-0.149619
18.118,-0.0460194,-0.00613592,0.0798727,-0.134657
18.12,-0.0460194,-0.00613592,0.0718854,-0.121191
18.122,-0.0460194,-0.00613592,0.0646969,-0.109072
18.124,-0.0460194,-0.00613592,0.0582272,-0.098165
18.126,-0.0460194,-0.00613592,0.0524045,-0.0883485
18.128,-0.0460194,-0.00613592,0.047164,-0.0795137
18.13,-0.0460194,-0.00613592,0.0424476,-0.0715623
18.132,-0.0429515,-0.00613592,0.191601,-0.0644061
18.134,-0.0429515,-0.00613592,0.172441,-0.0579655
18.136,-0.0429515,-0.00613592,0.155197,-0.0521689
18.138,-0.0429515,-0.00306796,0.139677,0.106446
18.14,-0.0429515,-0.00306796,0.125709,0.0958014
18.142,-0.0429515,-0.00306796,0.113138,0.0862213
18.144,-0.0429515,-0.00306796,0.101825,0.0775992
18.146,-0.0398835,-0.00306796,0.24504,0.0698392
18.148,-0.0398835,-0.00306796,0.220536,0.0628553
18.15,-0.0398835,0,0.198483,0.209968
18.152,-0.0398835,0,0.178634,0.188971
18.154,-0.0398835,0,0.160771,0.170074
18.156,-0.0398835,0,0.144694,0.153067
18.158,-0.0398835,0,0.130224,0.13776
18.16,-0.0398835,0,0.117202,0.123984
18.162,-0.0368155,0,0.25888,0.111586
18.164,-0.0368155,0,0.232992,0.100427
18.166,-0.0368155,0,0.209693,0.0903843
18.168,-0.0368155,0,0.188723,0.0813459
18.17,-0.0368155,0,0.169851,0.0732113
18.172,-0.0368155,0,0.152866,0.0658901
18.174,-0.0368155,0,0.137579,0.0593011
18.176,-0.0368155,0,0.123821,0.053371
18.178,-0.0368155,0,0.111439,0.0480339
18.18,-0.0337476,0,0.253693,0.0432305
18.182,-0.0337476,0,0.228324,0.0389075
18.184,-0.0337476,0,0.205492,0.0350167
18.186,-0.0337476,0,0.184943,0.0315151
18.188,-0.0337476,0.00306796,0.166448,0.181762
18.19,-0.0337476,0.00306796,0.149803,0.163585
18.192,-0.0337476,0.00306796,0.134823,0.147227
18.194,-0.0337476,0.00306796,0.121341,0.132504
18.196,-0.0337476,0.00306796,0.109207,0.119254
18.198,-0.0337476,0.00306796,0.098286,0.107328
18.2,-0.0337476,0.00306796,0.0884574,0.0965956
18.202,-0.0337476,0.00306796,0.0796117,0.086936
18.204,-0.0337476,0.00306796,0.0716505,0.0782424
18.206,-0.0337476,0,0.0644855,-0.0829799
18.208,-0.0337476,0,0.0580369,-0.0746819
18.21,-0.0306796,0,0.205631,-0.0672137
18.212,-0.0306796,0,0.185068,-0.0604923
18.214,-0.0306796,0,0.166561,-0.0544431
18.216,-0.0306796,0,0.149905,-0.0489988
18.218,-0.0306796,0,0.134915,-0.0440989
18.22,-0.0306796,0,0.121423,-0.039689
18.222,-0.0306796,0,0.109281,-0.0357201
18.224,-0.0306796,0,0.0983528,-0.0321481
18.226,-0.0306796,0,0.0885175,-0.0289333
18.228,-0.0306796,0,0.0796658,-0.02604
18.23,-0.0306796,0,0.0716992,-0.023436
18.232,-0.0306796,0,0.0645293,-0.0210924
18.234,-0.0306796,0,0.0580764,-0.0189831
18.236,-0.0306796,0,0.0522687,-0.0170848
18.238,-0.0306796,0,0.0470418,-0.0153763
18.24,-0.0306796,0,0.0423377,-0.0138387
18.242,-0.0306796,0,0.0381039,-0.0124548
18.244,-0.0306796,0,0.0342935,-0.0112094
18.246,-0.0306796,0,0.0308642,-0.0100884
18.248,-0.0306796,0,0.0277777,-0.00907958
18.25,-0.0306796,0,0.025,-0.00817162
18.252,-0.0306796,0,0.0225,-0.00735446
18.254,-0.0306796,0,0.02025,-0.00661901
18.256,-0.0306796,0,0.018225,-0.00595711
18.258,-0.0306796,0,0.0164025,-0.0053614
18.26,-0.0306796,0,0.0147622,-0.00482526
18.262,-0.0306796,0,0.013286,-0.00434273
18.264,-0.0306796,0,0.0119574,-0.00390846
18.266,-0.0306796,-0.00306796,0.0107617,-0.156916
18.268,-0.0306796,-0.00306796,0.0096855,-0.141224
18.27,-0.0306796,-0.00306796,0.00871695,-0.127102
18.272,-0.0306796,-0.00306796,0.00784525,-0.114392
18.274,-0.0306796,-0.00306796,0.00706073,-0.102952
18.276,-0.0306796,-0.00306796,0.00635466,-0.0926571
18.278,-0.0276117,-0.00306796,0.159117,-0.0833914
18.28,-0.0276117,-0.00306796,0.143206,-0.0750523
18.282,-0.0276117,-0.00306796,0.128885,-0.0675471
18.284,-0.0276117,-0.00306796,0.115996,-0.0607924
18.286,-0.0276117,-0.00306796,0.104397,-0.0547131
18.288,-0.0276117,-0.00306796,0.0939572,-0.0492418
18.29,-0.0276117,-0.00306796,0.0845614,-0.0443176
18.292,-0.0276117,-0.00306796,0.0761053,-0.0398859
18.294,-0.0276117,0,0.0684948,0.117501
18.296,-0.0276117,0,0.0616453,0.105751
18.298,-0.0276117,0,0.0554808,0.0951756
18.3,-0.0245437,0,0.203331,0.0856581
18.302,-0.0245437,0,0.182998,0.0770923
18.304,-0.0245437,0,0.164698,0.069383
18.306,-0.0245437,0,0.148228,0.0624447
18.308,-0.0245437,0,0.133405,0.0562003
18.31,-0.0245437,0,0.120065,0.0505802
18.312,-0.0245437,0,0.108058,0.0455222
18.314,-0.0245437,0,0.0972525,0.04097
18.316,-0.0245437,0,0.0875272,0.036873
18.318,-0.0214757,0,0.232173,0.0331857
18.32,-0.0214757,0,0.208955,0.0298671
18.322,-0.0214757,0,0.18806,0.0268804
18.324,-0.0214757,0,0.169254,0.0241924
18.326,-0.0214757,0,0.152328,0.0217731
18.328,-0.0214757,0,0.137096,0.0195958
18.33,-0.0214757,0,0.123386,0.0176362
18.332,-0.0214757,0.00306796,0.111047,0.169271
18.334,-0.0214757,0.00306796,0.0999427,0.152344
18.336,-0.0214757,0.00306796,0.0899484,0.137109
18.338,-0.0214757,0.00306796,0.0809536,0.123398
18.34,-0.0214757,0.00306796,0.0728582,0.111059
18.342,-0.0214757,0.00306796,0.0655724,0.0999527
18.344,-0.0184078,0.00306796,0.212413,0.0899574
18.346,-0.0184078,0,0.191172,-0.0724364
18.348,-0.0184078,0,0.172055,-0.0651928
18.35,-0.0184078,0,0.154849,-0.0586735
18.352,-0.0184078,0,0.139364,-0.0528062
18.354,-0.0184078,0,0.125428,-0.0475255
18.356,-0.0184078,0,0.112885,-0.042773
18.358,-0.0184078,0,0.101597,-0.0384957
18.36,-0.0184078,0,0.0914369,-0.0346461
18.362,-0.0184078,0,0.0822932,-0.0311815
18.364,-0.0184078,0,0.0740639,-0.0280634
18.366,-0.0184078,0,0.0666575,-0.025257
18.368,-0.0184078,0,0.0599918,-0.0227313
18.37,-0.0184078,0,0.0539926,-0.0204582
18.372,-0.0184078,0,0.0485933,-0.0184124
18.374,-0.0184078,0,0.043734,-0.0165711
18.376,-0.0184078,0,0.0393606,-0.014914
18.378,-0.0184078,0,0.0354245,-0.0134226
18.38,-0.0184078,0,0.0318821,-0.0120804
18.382,-0.0184078,0,0.0286939,-0.0108723
18.384,-0.0184078,0,0.0258245,-0.00978509
18.386,-0.0184078,0,0.023242,-0.00880658
18.388,-0.0184078,0,0.0209178,-0.00792592
18.39,-0.0184078,0,0.0188261,-0.00713333
18.392,-0.0184078,0,0.0169434,-0.00642
18.394,-0.0184078,0,0.0152491,-0.005778
18.396,-0.0184078,0,0.0137242,-0.0052002
18.398,-0.0184078,0,0.0123518,-0.00468018
18.4,-0.0184078,0,0.0111166,-0.00421216
18.402,-0.0184078,0,0.0100049,-0.00379094
18.404,-0.0184078,0,0.00900444,-0.00341185
18.406,-0.0184078,0,0.008104,-0.00307066
18.408,-0.0184078,-0.00306796,0.0072936,-0.156162
18.41,-0.0184078,-0.00306796,0.00656424,-0.140546
18.412,-0.0184078,-0.00306796,0.00590782,-0.126491
18.414,-0.0153398,-0.00306796,0.158715,-0.113842
18.416,-0.0153398,-0.00306796,0.142844,-0.102458
18.418,-0.0153398,-0.00306796,0.128559,-0.0922119
18.42,-0.0153398,-0.00306796,0.115703,-0.0829907
18.422,-0.0153398,-0.00306796,0.104133,-0.0746916
18.424,-0.0153398,-0.00306796,0.0937197,-0.0672225
18.426,-0.0153398,-0.00306796,0.0843477,-0.0605002
18.428,-0.0153398,-0.00306796,0.0759129,-0.0544502
18.43,-0.0153398,-0.00306796,0.0683217,-0.0490052
18.432,-0.0153398,-0.00306796,0.0614895,-0.0441047
18.434,-0.0153398,-0.00306796,0.0553405,-0.0396942
18.436,-0.0153398,0,0.0498065,0.117673
18.438,-0.0153398,0,0.0448258,0.105906
18.44,-0.0122718,0,0.193741,0.0953154
18.442,-0.0122718,0,0.174367,0.0857838
18.444,-0.0122718,0,0.15693,0.0772054
18.446,-0.0122718,0,0.141237,0.0694849
18.448,-0.0122718,0,0.127114,0.0625364
18.45,-0.0122718,0,0.114402,0.0562828
18.452,-0.0122718,0,0.102962,0.0506545
18.454,-0.0122718,0,0.0926659,0.045589
18.456,-0.0122718,0,0.0833993,0.0410301
18.458,-0.00920388,0,0.228457,0.0369271
18.46,-0.00920388,0,0.205612,0.0332344
18.462,-0.00920388,0,0.185051,0.029911
18.464,-0.00920388,0,0.166545,0.0269199
18.466,-0.00920388,0,0.149891,0.0242279
18.468,-0.00920388,0,0.134902,0.0218051
18.47,-0.00920388,0.00306796,0.121412,0.173023
18.472,-0.00920388,0.00306796,0.10927,0.15572
18.474,-0.00920388,0.00306796,0.0983434,0.140148
18.476,-0.00920388,0.00306796,0.0885091,0.126134
18.478,-0.00920388,0.00306796,0.0796582,0.11352
18.48,-0.00920388,0.00306796,0.0716924,0.102168
18.482,-0.00920388,0.00306796,0.0645231,0.0919513
18.484,-0.00920388,0.00306796,0.0580708,0.0827562
18.486,-0.00920388,0,0.0522637,-0.0789175
18.488,-0.00920388,0,0.0470374,-0.0710257
18.49,-0.00920388,0,0.0423336,-0.0639232
18.492,-0.00920388,0,0.0381003,-0.0575309
18.494,-0.00920388,0,0.0342902,-0.0517778
18.496,-0.00920388,0,0.0308612,-0.0466
18.498,-0.00920388,0,0.0277751,-0.04194
18.5,-0.00920388,0,0.0249976,-0.037746
18.502,-0.00920388,0,0.0224978,-0.0339714
18.504,-0.00920388,0,0.020248,-0.0305743
18.506,-0.00920388,0,0.0182232,-0.0275168
18.508,-0.00920388,0,0.0164009,-0.0247651
18.51,-0.00920388,0,0.0147608,-0.0222886
18.512,-0.00920388,0,0.0132847,-0.0200598
18.514,-0.00920388,0,0.0119563,-0.0180538
18.516,-0.00920388,0,0.0107606,-0.0162484
18.518,-0.00920388,0,0.00968458,-0.0146236
18.52,-0.00920388,-0.00306796,0.00871612,-0.166559
18.522,-0.00920388,-0.00306796,0.00784451,-0.149903
18.524,-0.00920388,-0.00306796,0.00706006,-0.134913
18.526,-0.00613592,-0.00306796,0.159752,-0.121422
18.528,-0.00613592,-0.00306796,0.143777,-0.10928
18.53,-0.00613592,-0.00306796,0.129399,-0.0983516
18.532,-0.00613592,-0.00306796,0.116459,-0.0885164
18.534,-0.00613592,-0.00306796,0.104813,-0.0796648
18.536,-0.00613592,-0.00306796,0.094332,-0.0716983
18.538,-0.00613592,-0.00306796,0.0848988,-0.0645285
18.54,-0.00613592,-0.00306796,0.0764089,-0.0580756
18.542,-0.00613592,-0.00306796,0.0687681,-0.0522681
18.544,-0.00613592,-0.00306796,0.0618912,-0.0470413
18.546,-0.00613592,-0.00306796,0.0557021,-0.0423371
18.548,-0.00306796,0,0.20353,0.115295
18.55,-0.00306796,0,0.183177,0.103765
18.552,-0.00306796,0,0.164859,0.0933887
18.554,-0.00306796,0,0.148373,0.0840498
18.556,-0.00306796,0,0.133536,0.0756448
18.558,-0.00306796,0,0.120182,0.0680803
18.56,-0.00306796,0,0.108164,0.0612723
18.562,-0.00306796,0,0.0973478,0.0551451
18.564,-0.00306796,0,0.087613,0.0496306
18.566,-0.00306796,0.00306796,0.0788517,0.198066
18.568,-0,0.00306796,0.224365,0.178259
18.57,-0,0.00306796,0.201928,0.160433
18.572,-0,0.00306796,0.181735,0.14439
18.574,-0,0.00306796,0.163562,0.129951
18.576,-0,0.00306796,0.147206,0.116956
18.578,-0,0.00306796,0.132485,0.10526
18.58,-0,0.00306796,0.119237,0.0947342
18.582,-0,0.00306796,0.107313,0.0852607
18.584,-0,0.00306796,0.0965816,0.0767347
18.586,-0,0.00306796,0.0869234,0.0690612
18.588,-0,0.00306796,0.0782311,0.0621551
18.59,0.00306796,0.00306796,0.223806,0.0559396
18.592,0.00306796,0.00306796,0.201425,0.0503456
18.594,0.00306796,0.00306796,0.181283,0.0453111
18.596,0.00306796,0.00306796,0.163155,0.0407799
18.598,0.00306796,0.00306796,0.146839,0.036702
18.6,0.00306796,0.00306796,0.132155,0.0330318
18.602,0.00306796,0.00306796,0.11894,0.0297286
18.604,0.00306796,0.00306796,0.107046,0.0267557
18.606,0.00306796,0.00306796,0.0963412,0.0240802
18.608,0.00306796,0.00306796,0.0867071,0.0216721
18.61,0.00306796,0.00306796,0.0780364,0.0195049
18.612,0.00306796,0.00306796,0.0702327,0.0175544
18.614,0.00306796,0.00306796,0.0632094,0.015799
18.616,0.00306796,0.00306796,0.0568885,0.0142191
18.618,0.00306796,0.00306796,0.0511996,0.0127972
18.62,0.00306796,0.00306796,0.0460797,0.0115175
18.622,0.00306796,0.00306796,0.0414717,0.0103657
18.624,0.00306796,0.00306796,0.0373245,0.00932914
18.626,0.00306796,0.00306796,0.0335921,0.00839623
18.628,0.00306796,0.00306796,0.0302329,0.00755661
18.63,0.00306796,0.00306796,0.0272096,0.00680095
18.632,0.00306796,0,0.0244886,-0.147277
18.634,0.00306796,0,0.0220398,-0.13255
18.636,0.00306796,0,0.0198358,-0.119295
18.638,0.00306796,0,0.0178522,-0.107365
18.64,0.00306796,0,0.016067,-0.0966286
18.642,0.00306796,0,0.0144603,-0.0869657
18.644,0.00306796,0,0.0130143,-0.0782692
18.646,0.00306796,0,0.0117128,-0.0704422
18.648,0.00306796,0,0.0105416,-0.063398
18.65,0.00306796,0,0.0094874,-0.0570582
18.652,0.00306796,0,0.00853866,-0.0513524
18.654,0.00306796,0,0.00768479,-0.0462172
18.656,0.00306796,0,0.00691631,-0.0415954
18.658,0.00306796,0,0.00622468,-0.0374359
18.66,0.00306796,0,0.00560221,-0.0336923
18.662,0.00306796,0,0.00504199,-0.0303231
18.664,0.00613592,0,0.157936,-0.0272908
18.666,0.00613592,0,0.142142,-0.0245617
18.668,0.00613592,0,0.127928,-0.0221055
18.67,0.00613592,0,0.115135,-0.019895
18.672,0.00613592,0,0.103622,-0.0179055
18.674,0.00613592,0,0.0932596,-0.0161149
18.676,0.00613592,0,0.0839336,-0.0145034
18.678,0.00613592,0,0.0755402,-0.0130531
18.68,0.00613592,0,0.0679862,-0.0117478
18.682,0.00613592,0,0.0611876,-0.010573
18.684,0.00613592,0,0.0550688,-0.0095157
18.686,0.00613592,0,0.049562,-0.00856413
18.688,0.00613592,0,0.0446058,-0.00770772
18.69,0.00613592,0,0.0401452,-0.00693695
18.692,0.00613592,0,0.0361307,-0.00624325
18.694,0.00613592,0,0.0325176,-0.00561893
18.696,0.00613592,0,0.0292658,-0.00505703
18.698,0.00613592,0,0.0263393,-0.00455133
18.7,0.00613592,0,0.0237053,-0.0040962
18.702,0.00613592,0,0.0213348,-0.00368658
18.704,0.00613592,0,0.0192013,-0.00331792
18.706,0.00613592,0,0.0172812,-0.00298613
18.708,0.00613592,0,0.0155531,-0.00268752
18.71,0.00613592,0,0.0139978,-0.00241876
18.712,0.00613592,0,0.012598,-0.00217689
18.714,0.00613592,0,0.0113382,-0.0019592
18.716,0.00613592,-0.00306796,0.0102044,-0.155161
18.718,0.00613592,-0.00306796,0.00918393,-0.139645
18.72,0.00613592,-0.00306796,0.00826554,-0.125681
18.722,0.00613592,-0.00306796,0.00743898,-0.113113
18.724,0.00613592,-0.00306796,0.00669508,-0.101801
18.726,0.00613592,-0.00306796,0.00602558,-0.0916212
18.728,0.00613592,-0.00306796,0.00542302,-0.0824591
18.73,0.00613592,-0.00306796,0.00488072,-0.0742132
18.732,0.00613592,-0.00306796,0.00439264,-0.0667919
18.734,0.00613592,-0.00306796,0.00395338,-0.0601127
18.736,0.00613592,-0.00306796,0.00355804,-0.0541014
18.738,0.00613592,-0.00306796,0.00320224,-0.0486913
18.74,0.00613592,-0.00306796,0.00288201,-0.0438222
18.742,0.00613592,-0.00306796,0.00259381,-0.0394399
18.744,0.00613592,0,0.00233443,0.117902
18.746,0.00613592,0,0.00210099,0.106112
18.748,0.00613592,0,0.00189089,0.0955007
18.75,0.00613592,0,0.0017018,0.0859507
18.752,0.00613592,0,0.00153162,0.0773556
18.754,0.00613592,0,0.00137846,0.06962
18.756,0.00613592,0,0.00124061,0.062658
18.758,0.00613592,0,0.00111655,0.0563922
18.76,0.00920388,0,0.154403,0.050753
18.762,0.00920388,0,0.138963,0.0456777
18.764,0.00920388,0,0.125066,0.0411099
18.766,0.00920388,0,0.11256,0.0369989
18.768,0.00920388,0,0.101304,0.033299
18.77,0.00920388,0,0.0911734,0.0299691
18.772,0.00920388,0,0.0820561,0.0269722
18.774,0.00920388,0,0.0738505,0.024275
18.776,0.00920388,0,0.0664654,0.0218475
18.778,0.00920388,0,0.0598189,0.0196628
18.78,0.00920388,0,0.053837,0.0176965
18.782,0.00920388,0,0.0484533,0.0159268
18.784,0.00920388,0,0.043608,0.0143341
18.786,0.00920388,-0.00306796,0.0392472,-0.140497
18.788,0.00920388,-0.00306796,0.0353224,-0.126448
18.79,0.00920388,-0.00306796,0.0317902,-0.113803
18.792,0.00920388,-0.00306796,0.0286112,-0.102423
18.794,0.00920388,-0.00306796,0.0257501,-0.0921803
18.796,0.00920388,-0.00306796,0.0231751,-0.0829623
18.798,0.00920388,-0.00306796,0.0208576,-0.0746661
18.8,0.00920388,-0.00306796,0.0187718,-0.0671994
18.802,0.00920388,-0.00306796,0.0168946,-0.0604795
18.804,0.00920388,-0.00306796,0.0152052,-0.0544316
18.806,0.00920388,-0.00306796,0.0136846,-0.0489884
18.808,0.00920388,-0.00306796,0.0123162,-0.0440896
18.81,0.00920388,-0.00306796,0.0110846,-0.0396806
18.812,0.00920388,-0.00306796,0.0099761,-0.0357125
18.814,0.00920388,-0.00306796,0.00897849,-0.0321413
18.816,0.00920388,-0.00306796,0.00808064,-0.0289272
18.818,0.00920388,-0.00306796,0.00727258,-0.0260344
18.82,0.00920388,-0.00306796,0.00654532,-0.023431
18.822,0.00920388,0,0.00589079,0.13231
18.824,0.00920388,0,0.00530171,0.119079
18.826,0.00920388,0,0.00477154,0.107171
18.828,0.00920388,0,0.00429439,0.0964541
18.83,0.00920388,0,0.00386495,0.0868087
18.832,0.00920388,0,0.00347845,0.0781278
18.834,0.0122718,0,0.156529,0.0703151
18.836,0.0122718,0,0.140876,0.0632835
18.838,0.0122718,0,0.126788,0.0569552
18.84,0.0122718,0,0.114109,0.0512597
18.842,0.0122718,0,0.102698,0.0461337
18.844,0.0122718,-0.00306796,0.0924286,-0.111878
18.846,0.0122718,-0.00306796,0.0831858,-0.10069
18.848,0.0122718,-0.00306796,0.0748672,-0.090621
18.85,0.0122718,-0.00306796,0.0673805,-0.0815589
18.852,0.0122718,-0.00306796,0.0606424,-0.073403
18.854,0.0122718,-0.00306796,0.0545782,-0.0660627
18.856,0.0122718,-0.00306796,0.0491204,-0.0594564
18.858,0.0122718,-0.00306796,0.0442083,-0.0535108
18.86,0.0122718,-0.00306796,0.0397875,-0.0481597
18.862,0.0122718,-0.00306796,0.0358087,-0.0433437
18.864,0.0122718,-0.00306796,0.0322279,-0.0390094
18.866,0.0122718,-0.00306796,0.0290051,-0.0351084
18.868,0.0122718,-0.00306796,0.0261046,-0.0315976
18.87,0.0122718,-0.00306796,0.0234941,-0.0284378
18.872,0.0122718,-0.00306796,0.0211447,-0.025594
18.874,0.0122718,-0.00306796,0.0190302,-0.0230346
18.876,0.0122718,0,0.0171272,0.132667
18.878,0.0153398,0,0.168813,0.1194
18.88,0.0153398,0,0.151931,0.10746
18.882,0.0153398,0,0.136738,0.0967142
18.884,0.0153398,0,0.123064,0.0870428
18.886,0.0153398,0,0.110758,0.0783385
18.888,0.0153398,0,0.0996821,0.0705046
18.89,0.0153398,0,0.0897139,0.0634542
18.892,0.0153398,0,0.0807425,0.0571088
18.894,0.0153398,0,0.0726683,0.0513979
18.896,0.0153398,0,0.0654014,0.0462581
18.898,0.0153398,0,0.0588613,0.0416323
18.9,0.0153398,0,0.0529752,0.0374691
18.902,0.0153398,0,0.0476777,0.0337221
18.904,0.0153398,0,0.0429099,0.0303499
18.906,0.0153398,0,0.0386189,0.0273149
18.908,0.0153398,0,0.034757,0.0245834
18.91,0.0153398,0,0.0312813,0.0221251
18.912,0.0153398,0,0.0281532,0.0199126
18.914,0.0153398,0,0.0253379,0.0179213
18.916,0.0153398,0,0.0228041,0.0161292
18.918,0.0153398,0,0.0205237,0.0145163
18.92,0.0153398,-0.00306796,0.0184713,-0.140333
18.922,0.0153398,-0.00306796,0.0166242,-0.1263
18.924,0.0153398,-0.00306796,0.0149618,-0.11367
18.926,0.0153398,-0.00306796,0.0134656,-0.102303
18.928,0.0153398,-0.00306796,0.012119,-0.0920728
18.93,0.0153398,-0.00306796,0.0109071,-0.0828655
18.932,0.0153398,-0.00306796,0.00981641,-0.0745789
18.934,0.0153398,-0.00306796,0.00883477,-0.067121
18.936,0.0153398,-0.00306796,0.00795129,-0.0604089
18.938,0.0153398,-0.00306796,0.00715616,-0.054368
18.94,0.0153398,-0.00306796,0.00644054,-0.0489312
18.942,0.0184078,-0.00306796,0.159195,-0.0440381
18.944,0.0184078,-0.00306796,0.143275,-0.0396343
18.946,0.0184078,-0.00306796,0.128948,-0.0356709
18.948,0.0184078,-0.00306796,0.116053,-0.0321038
18.95,0.0184078,-0.00306796,0.104448,-0.0288934
18.952,0.0184078,-0.00306796,0.0940028,-0.0260041
18.954,0.0184078,-0.00306796,0.0846025,-0.0234037
18.956,0.0184078,-0.00306796,0.0761423,-0.0210633
18.958,0.0184078,0,0.068528,0.134441
18.96,0.0184078,0,0.0616752,0.120997
18.962,0.0184078,0,0.0555077,0.108897
18.964,0.0184078,0,0.0499569,0.0980076
18.966,0.0214757,0,0.198359,0.0882068
18.968,0.0214757,0,0.178523,0.0793861
18.97,0.0214757,0,0.160671,0.0714475
18.972,0.0214757,0,0.144604,0.0643028
18.974,0.0214757,0,0.130144,0.0578725
18.976,0.0214757,0,0.117129,0.0520852
18.978,0.0214757,0,0.105416,0.0468767
18.98,0.0214757,0,0.0948747,0.042189
18.982,0.0214757,0,0.0853872,0.0379701
18.984,0.0214757,0,0.0768485,0.0341731
18.986,0.0214757,0,0.0691636,0.0307558
18.988,0.0214757,0,0.0622473,0.0276802
18.99,0.0214757,0,0.0560225,0.0249122
18.992,0.0214757,0,0.0504203,0.022421
18.994,0.0214757,0,0.0453783,0.0201789
18.996,0.0214757,0,0.0408404,0.018161
18.998,0.0245437,0,0.190154,0.0163449
19,0.0245437,0,0.171139,0.0147104
19.002,0.0245437,0,0.154025,0.0132394
19.004,0.0245437,0,0.138623,0.0119154
19.006,0.0245437,0,0.12476,0.0107239
19.008,0.0245437,0,0.112284,0.0096515
19.01,0.0245437,0,0.101056,0.00868635
19.012,0.0245437,0,0.0909503,0.00781772
19.014,0.0245437,0,0.0818553,0.00703594
19.016,0.0245437,0,0.0736697,0.00633235
19.018,0.0245437,0,0.0663028,0.00569911
19.02,0.0245437,0,0.0596725,0.0051292
19.022,0.0245437,0,0.0537052,0.00461628
19.024,0.0245437,0,0.0483347,0.00415465
19.026,0.0245437,0,0.0435012,0.00373919
19.028,0.0245437,0,0.0391511,0.00336527
19.03,0.0245437,0,0.035236,0.00302874
19.032,0.0245437,0,0.0317124,0.00272587
19.034,0.0245437,0,0.0285412,0.00245328
19.036,0.0245437,0,0.025687,0.00220795
19.038,0.0245437,0,0.0231183,0.00198716
19.04,0.0245437,0,0.0208065,0.00178844
19.042,0.0245437,0,0.0187259,0.0016096
19.044,0.0245437,0,0.0168533,0.00144864
19.046,0.0245437,0,0.0151679,0.00130377
19.048,0.0245437,0,0.0136512,0.0011734
19.05,0.0245437,0,0.012286,0.00105606
19.052,0.0245437,0,0.0110574,0.000950452
19.054,0.0245437,0,0.00995169,0.000855407
19.056,0.0245437,0,0.00895652,0.000769866
19.058,0.0245437,0,0.00806087,0.000692879
19.06,0.0245437,0,0.00725478,0.000623591
19.062,0.0245437,0,0.0065293,0.000561232
19.064,0.0245437,0,0.00587637,0.000505109
19.066,0.0245437,0,0.00528874,0.000454598
19.068,0.0245437,-0.00306796,0.00475986,-0.152989
19.07,0.0245437,-0.00306796,0.00428388,-0.13769
19.072,0.0245437,-0.00306796,0.00385549,-0.123921
19.074,0.0245437,-0.00306796,0.00346994,-0.111529
19.076,0.0245437,-0.00306796,0.00312295,-0.100376
19.078,0.0245437,-0.00306796,0.00281065,-0.0903384
19.08,0.0245437,-0.00306796,0.00252959,-0.0813046
19.082,0.0245437,-0.00306796,0.00227663,-0.0731741
19.084,0.0245437,-0.00306796,0.00204896,-0.0658567
19.086,0.0245437,-0.00306796,0.00184407,-0.0592711
19.088,0.0245437,-0.00306796,0.00165966,-0.0533439
19.09,0.0245437,-0.00306796,0.0014937,-0.0480096
19.092,0.0245437,-0.00306796,0.00134433,-0.0432086
19.094,0.0245437,-0.00306796,0.00120989,-0.0388877
19.096,0.0245437,-0.00306796,0.0010889,-0.034999
19.098,0.0276117,-0.00306796,0.154378,-0.0314991
19.1,0.0276117,0,0.13894,0.125049
19.102,0.0276117,0,0.125046,0.112544
19.104,0.0276117,0,0.112542,0.10129
19.106,0.0276117,0,0.101287,0.0911607
19.108,0.0276117,0,0.0911587,0.0820446
19.11,0.0276117,0,0.0820428,0.0738401
19.112,0.0276117,0,0.0738386,0.0664561
19.114,0.0276117,0,0.0664547,0.0598105
19.116,0.0276117,0,0.0598092,0.0538295
19.118,0.0276117,0,0.0538283,0.0484465
19.12,0.0276117,0,0.0484455,0.0436019
19.122,0.0276117,0,0.0436009,0.0392417
19.124,0.0276117,0,0.0392408,0.0353175
19.126,0.0306796,0,0.188715,0.0317858
19.128,0.0306796,0,0.169843,0.0286072
19.13,0.0306796,0,0.152859,0.0257465
19.132,0.0306796,0,0.137573,0.0231718
19.134,0.0306796,0,0.123816,0.0208546
19.136,0.0306796,0,0.111434,0.0187692
19.138,0.0306796,0,0.100291,0.0168923
19.14,0.0306796,0,0.0902617,0.015203
19.142,0.0306796,0,0.0812355,0.0136827
19.144,0.0306796,0,0.073112,0.0123145
19.146,0.0306796,0,0.0658008,0.011083
19.148,0.0306796,0,0.0592207,0.00997471
19.15,0.0306796,0,0.0532986,0.00897724
19.152,0.0306796,0,0.0479688,0.00807951
19.154,0.0306796,0,0.0431719,0.00727156
19.156,0.0306796,0,0.0388547,0.00654441
19.158,0.0306796,0,0.0349692,0.00588997
19.16,0.0306796,0,0.0314723,0.00530097
19.162,0.0306796,0,0.0283251,0.00477087
19.164,0.0306796,0,0.0254926,0.00429378
19.166,0.0306796,0,0.0229433,0.00386441
19.168,0.0306796,0,0.020649,0.00347797
19.17,0.0306796,0,0.0185841,0.00313017
19.172,0.0306796,0,0.0167257,0.00281715
19.174,0.0306796,0,0.0150531,0.00253544
19.176,0.0306796,0,0.0135478,0.00228189
19.178,0.0306796,0,0.012193,0.0020537
19.18,0.0306796,0,0.0109737,0.00184833
19.182,0.0306796,-0.00306796,0.00987635,-0.151735
19.184,0.0306796,-0.00306796,0.00888871,-0.136561
19.186,0.0306796,-0.00306796,0.00799984,-0.122905
19.188,0.0306796,-0.00306796,0.00719986,-0.110615
19.19,0.0306796,-0.00306796,0.00647987,-0.0995531
19.192,0.0306796,-0.00306796,0.00583188,-0.0895978
19.194,0.0306796,-0.00306796,0.0052487,-0.080638
19.196,0.0306796,-0.00306796,0.00472383,-0.0725742
19.198,0.0306796,-0.00306796,0.00425144,-0.0653168
19.2,0.0306796,-0.00306796,0.0038263,-0.0587851
19.202,0.0306796,-0.00306796,0.00344367,-0.0529066
19.204,0.0306796,-0.00306796,0.0030993,-0.0476159
19.206,0.0306796,-0.00306796,0.00278937,-0.0428543
19.208,0.0306796,-0.00306796,0.00251043,-0.0385689
19.21,0.0306796,0,0.00225939,0.118686
19.212,0.0306796,0,0.00203345,0.106817
19.214,0.0306796,0,0.00183011,0.0961357
19.216,0.0306796,0,0.0016471,0.0865221
19.218,0.0337476,0,0.15488,0.0778699
19.22,0.0337476,0,0.139392,0.0700829
19.222,0.0337476,0,0.125453,0.0630746
19.224,0.0337476,0,0.112908,0.0567672
19.226,0.0337476,0,0.101617,0.0510905
19.228,0.0337476,0,0.0914554,0.0459814
19.23,0.0337476,0,0.0823098,0.0413833
19.232,0.0337476,0,0.0740788,0.0372449
19.234,0.0337476,0,0.066671,0.0335205
19.236,0.0337476,0,0.0600039,0.0301684
19.238,0.0337476,0,0.0540035,0.0271516
19.24,0.0337476,0,0.0486031,0.0244364
19.242,0.0337476,0,0.0437428,0.0219928
19.244,0.0337476,0,0.0393685,0.0197935
19.246,0.0337476,0,0.0354317,0.0178141
19.248,0.0337476,0,0.0318885,0.0160327
19.25,0.0337476,0,0.0286997,0.0144295
19.252,0.0337476,0,0.0258297,0.0129865
19.254,0.0337476,0,0.0232467,0.0116879
19.256,0.0337476,0,0.0209221,0.0105191
19.258,0.0337476,0,0.0188298,0.00946717
19.26,0.0337476,0,0.0169469,0.00852045
19.262,0.0337476,0,0.0152522,0.0076684
19.264,0.0337476,0,0.013727,0.00690156
19.266,0.0337476,0,0.0123543,0.00621141
19.268,0.0337476,-0.00306796,0.0111188,-0.147808
19.27,0.0337476,-0.00306796,0.010007,-0.133027
19.272,0.0337476,-0.00306796,0.00900626,-0.119724
19.274,0.0337476,-0.00306796,0.00810563,-0.107752
19.276,0.0337476,-0.00306796,0.00729507,-0.0969767
19.278,0.0337476,-0.00306796,0.00656556,-0.087279
19.28,0.0337476,-0.00306796,0.00590901,-0.0785511
19.282,0.0337476,-0.00306796,0.00531811,-0.070696
19.284,0.0337476,-0.00306796,0.00478629,-0.0636264
19.286,0.0337476,-0.00306796,0.00430767,-0.0572638
19.288,0.0337476,-0.00306796,0.0038769,-0.0515374
19.29,0.0337476,-0.00306796,0.00348921,-0.0463837
19.292,0.0337476,-0.00306796,0.00314029,-0.0417453
19.294,0.0337476,-0.00306796,0.00282626,-0.0375708
19.296,0.0337476,-0.00306796,0.00254363,-0.0338137
19.298,0.0337476,0,0.00228927,0.122966
19.3,0.0337476,0,0.00206034,0.110669
19.302,0.0337476,0,0.00185431,0.0996023
19.304,0.0337476,0,0.00166888,0.089642
19.306,0.0368155,0,0.1549,0.0806778
19.308,0.0368155,0,0.13941,0.0726101
19.31,0.0368155,0,0.125469,0.065349
19.312,0.0368155,0,0.112922,0.0588141
19.314,0.0368155,0,0.10163,0.0529327
19.316,0.0368155,0,0.0914669,0.0476395
19.318,0.0368155,0,0.0823202,0.0428755
19.32,0.0368155,0,0.0740882,0.038588
19.322,0.0368155,0,0.0666794,0.0347292
19.324,0.0368155,0,0.0600115,0.0312562
19.326,0.0368155,0,0.0540103,0.0281306
19.328,0.0368155,0,0.0486093,0.0253176
19.33,0.0368155,0,0.0437484,0.0227858
19.332,0.0368155,0,0.0393735,0.0205072
19.334,0.0368155,0,0.0354362,0.0184565
19.336,0.0368155,0,0.0318926,0.0166109
19.338,0.0368155,0,0.0287033,0.0149498
19.34,0.0368155,0,0.025833,0.0134548
19.342,0.0368155,0,0.0232497,0.0121093
19.344,0.0368155,0,0.0209247,0.0108984
19.346,0.0368155,0,0.0188322,0.00980854
19.348,0.0368155,0,0.016949,0.00882769
19.35,0.0368155,0,0.0152541,0.00794492
19.352,0.0368155,0,0.0137287,0.00715043
19.354,0.0368155,0,0.0123558,0.00643538
19.356,0.0368155,-0.00306796,0.0111202,-0.147606
19.358,0.0368155,-0.00306796,0.0100082,-0.132846
19.36,0.0368155,-0.00306796,0.0090074,-0.119561
19.362,0.0368155,-0.00306796,0.00810666,-0.107605
19.364,0.0368155,-0.00306796,0.00729599,-0.0968444
19.366,0.0368155,-0.00306796,0.00656639,-0.08716
19.368,0.0368155,-0.00306796,0.00590975,-0.078444
19.37,0.0368155,-0.00306796,0.00531878,-0.0705996
19.372,0.0368155,-0.00306796,0.0047869,-0.0635396
19.374,0.0368155,-0.00306796,0.00430821,-0.0571857
19.376,0.0368155,-0.00306796,0.00387739,-0.0514671
19.378,0.0368155,-0.00306796,0.00348965,-0.0463204
19.38,0.0368155,-0.00306796,0.00314069,-0.0416884
19.382,0.0368155,-0.00306796,0.00282662,-0.0375195
19.384,0.0368155,-0.00306796,0.00254396,-0.0337676
19.386,0.0398835,0,0.155688,0.123007
19.388,0.0398835,0,0.140119,0.110707
19.39,0.0398835,0,0.126107,0.0996359
19.392,0.0398835,0,0.113496,0.0896723
19.394,0.0398835,0,0.102147,0.0807051
19.396,0.0398835,0,0.091932,0.0726346
19.398,0.0398835,0,0.0827388,0.0653711
19.4,0.0398835,0,0.0744649,0.058834
19.402,0.0398835,0,0.0670184,0.0529506
19.404,0.0398835,0,0.0603166,0.0476555
19.406,0.0398835,0,0.0542849,0.04289
19.408,0.0398835,0,0.0488564,0.038601
19.41,0.0398835,0,0.0439708,0.0347409
19.412,0.0398835,0,0.0395737,0.0312668
19.414,0.0398835,0,0.0356163,0.0281401
19.416,0.0398835,0,0.0320547,0.0253261
19.418,0.0398835,0,0.0288492,0.0227935
19.42,0.0398835,0,0.0259643,0.0205141
19.422,0.0398835,0,0.0233679,0.0184627
19.424,0.0398835,0,0.0210311,0.0166165
19.426,0.0398835,0,0.018928,0.0149548
19.428,0.0398835,0,0.0170352,0.0134593
19.43,0.0398835,0,0.0153317,0.0121134
19.432,0.0398835,0,0.0137985,0.0109021
19.434,0.0398835,0,0.0124186,0.00981185
19.436,0.0398835,0,0.0111768,0.00883067
19.438,0.0398835,0,0.0100591,0.0079476
19.44,0.0398835,0,0.0090532,0.00715284
19.442,0.0398835,0,0.00814788,0.00643756
19.444,0.0398835,-0.00306796,0.00733309,-0.147604
19.446,0.0398835,-0.00306796,0.00659978,-0.132844
19.448,0.0398835,-0.00306796,0.0059398,-0.119559
19.45,0.0398835,-0.00306796,0.00534582,-0.107604
19.452,0.0398835,-0.00306796,0.00481124,-0.0968432
19.454,0.0398835,-0.00306796,0.00433012,-0.0871589
19.456,0.0398835,-0.00306796,0.0038971,-0.078443
19.458,0.0398835,-0.00306796,0.00350739,-0.0705987
19.46,0.0398835,-0.00306796,0.00315665,-0.0635388
19.462,0.0398835,-0.00306796,0.00284099,-0.0571849
19.464,0.0398835,-0.00306796,0.00255689,-0.0514664
19.466,0.0398835,-0.00306796,0.0023012,-0.0463198
19.468,0.0429515,-0.00306796,0.155469,-0.0416878
19.47,0.0429515,-0.00306796,0.139922,-0.037519
19.472,0.0429515,-0.00306796,0.12593,-0.0337671
19.474,0.0429515,-0.00306796,0.113337,-0.0303904
19.476,0.0429515,0,0.102003,0.126047
19.478,0.0429515,0,0.091803,0.113442
19.48,0.0429515,0,0.0826227,0.102098
19.482,0.0429515,0,0.0743604,0.0918881
19.484,0.0429515,0,0.0669244,0.0826992
19.486,0.0429515,0,0.0602319,0.0744293
19.488,0.0429515,0,0.0542087,0.0669864
19.49,0.0460194,0,0.202186,0.0602877
19.492,0.0460194,0,0.181967,0.054259
19.494,0.0460194,0.00306796,0.163771,0.202231
19.496,0.0460194,0.00306796,0.147394,0.182008
19.498,0.0460194,0.00306796,0.132654,0.163807
19.5,0.0460194,0.00306796,0.119389,0.147427
19.502,0.0460194,0.00306796,0.10745,0.132684
19.504,0.0460194,0.00306796,0.0967049,0.119415
19.506,0.0460194,0.00306796,0.0870344,0.107474
19.508,0.0460194,0.00306796,0.078331,0.0967265
19.51,0.0460194,0.00306796,0.0704979,0.0870539
19.512,0.0460194,0.00306796,0.0634481,0.0783485
19.514,0.0460194,0.00306796,0.0571033,0.0705136
19.516,0.0460194,0.00306796,0.051393,0.0634623
19.518,0.0460194,0.00306796,0.0462537,0.0571161
19.52,0.0460194,0.00306796,0.0416283,0.0514044
19.522,0.0460194,0.00306796,0.0374655,0.046264
19.524,0.0460194,0.00306796,0.0337189,0.0416376
19.526,0.0460194,0.00306796,0.030347,0.0374738
19.528,0.0460194,0.00306796,0.0273123,0.0337265
19.53,0.0460194,0.00306796,0.0245811,0.0303538
19.532,0.0460194,0.00306796,0.022123,0.0273184
19.534,0.0460194,0.00306796,0.0199107,0.0245866
19.536,0.0460194,0.00306796,0.0179196,0.0221279
19.538,0.0460194,0.00306796,0.0161277,0.0199151
19.54,0.0460194,0.00306796,0.0145149,0.0179236
19.542,0.0460194,0.00306796,0.0130634,0.0161313
19.544,0.0460194,0.00306796,0.0117571,0.0145181
19.546,0.0460194,0,0.0105814,-0.140332
19.548,0.0460194,0,0.00952322,-0.126299
19.55,0.0460194,0,0.0085709,-0.113669
19.552,0.0460194,0,0.00771381,-0.102302
19.554,0.0460194,0,0.00694243,-0.0920717
19.556,0.0460194,0,0.00624818,-0.0828645
19.558,0.0460194,0,0.00562337,-0.074578
19.56,0.0460194,0,0.00506103,-0.0671202
19.562,0.0460194,0,0.00455493,-0.0604082
19.564,0.0460194,0,0.00409943,-0.0543674
19.566,0.0460194,0,0.00368949,-0.0489307
19.568,0.0460194,0,0.00332054,-0.0440376
19.57,0.0460194,0,0.00298849,-0.0396338
19.572,0.0460194,0,0.00268964,-0.0356705
19.574,0.0460194,0.00306796,0.00242067,0.121295
19.576,0.0460194,0.00306796,0.00217861,0.109165
19.578,0.0460194,0.00306796,0.00196075,0.0982487
19.58,0.0460194,0.00306796,0.00176467,0.0884238
19.582,0.0460194,0.00306796,0.0015882,0.0795814
19.584,0.0460194,0.00306796,0.00142938,0.0716233
19.586,0.0460194,0.00306796,0.00128645,0.064461
19.588,0.0460194,0.00306796,0.0011578,0.0580149
19.59,0.0460194,0.00306796,0.00104202,0.0522134
19.592,0.0460194,0.00306796,0.000937819,0.046992
19.594,0.0460194,0.00306796,0.000844037,0.0422928
19.596,0.0460194,0.00306796,0.000759633,0.0380636
19.598,0.0460194,0.00306796,0.00068367,0.0342572
19.6,0.0460194,0.00306796,0.000615303,0.0308315
19.602,0.0460194,0.00306796,0.000553773,0.0277483
19.604,0.0460194,0.00306796,0.000498395,0.0249735
19.606,0.0460194,0.00306796,0.000448556,0.0224761
19.608,0.0460194,0.00306796,0.0004037,0.0202285
19.61,0.0460194,0.00306796,0.00036333,0.0182057
19.612,0.0460194,0.00306796,0.000326997,0.0163851
19.614,0.0460194,0.00306796,0.000294297,0.0147466
19.616,0.0460194,0,0.000264868,-0.140126
19.618,0.0460194,0,0.000238381,-0.126114
19.62,0.0460194,0,0.000214543,-0.113502
19.622,0.0460194,0,0.000193089,-0.102152
19.624,0.0460194,0,0.00017378,-0.0919368
19.626,0.0460194,0,0.000156402,-0.0827431
19.628,0.0460194,0,0.000140762,-0.0744688
19.63,0.0460194,0,0.000126685,-0.0670219
19.632,0.0460194,0,0.000114017,-0.0603197
19.634,0.0460194,0,0.000102615,-0.0542877
19.636,0.0460194,0.00306796,9.23537e-05,0.104539
19.638,0.0460194,0.00306796,8.31183e-05,0.0940852
19.64,0.0460194,0.00306796,7.48065e-05,0.0846767
19.642,0.0460194,0.00306796,6.73258e-05,0.076209
19.644,0.0460194,0.00306796,6.05932e-05,0.0685881
19.646,0.0460194,0.00306796,5.45339e-05,0.0617293
19.648,0.0460194,0.00306796,4.90805e-05,0.0555564
19.65,0.0460194,0.00306796,4.41725e-05,0.0500007
19.652,0.0460194,0.00306796,3.97552e-05,0.0450007
19.654,0.0460194,0.00306796,3.57797e-05,0.0405006
19.656,0.0460194,0.00306796,3.22017e-05,0.0364505
19.658,0.0460194,0.00306796,2.89816e-05,0.0328055
19.66,0.0460194,0.00306796,2.60834e-05,0.0295249
19.662,0.0460194,0.00306796,2.34751e-05,0.0265724
19.664,0.0460194,0.00306796,2.11276e-05,0.0239152
19.666,0.0460194,0.00306796,1.90148e-05,0.0215237
19.668,0.0460194,0.00306796,1.71133e-05,0.0193713
19.67,0.0460194,0.00306796,1.5402e-05,0.0174342
19.672,0.0460194,0.00306796,1.38618e-05,0.0156908
19.674,0.0460194,0.00306796,1.24756e-05,0.0141217
19.676,0.0460194,0.00306796,1.12281e-05,0.0127095
19.678,0.0460194,0.00306796,1.01052e-05,0.0114386
19.68,0.0460194,0.00306796,9.09472e-06,0.0102947
19.682,0.0460194,0.00306796,8.18525e-06,0.00926524
19.684,0.0460194,0.00306796,7.36672e-06,0.00833871
19.686,0.0460194,0.00306796,6.63005e-06,0.00750484
19.688,0.0460194,0.00306796,5.96705e-06,0.00675436
19.69,0.0460194,0.00306796,5.37034e-06,0.00607892
19.692,0.0460194,0.00306796,4.83331e-06,0.00547103
19.694,0.0460194,0.00306796,4.34998e-06,0.00492393
19.696,0.0460194,0.00306796,3.91498e-06,0.00443153
19.698,0.0460194,0.00306796,3.52348e-06,0.00398838
19.7,0.0460194,0.00306796,3.17113e-06,0.00358954
19.702,0.0460194,0.00306796,2.85402e-06,0.00323059
19.704,0.0460194,0.00306796,2.56862e-06,0.00290753
19.706,0.0460194,0.00306796,2.31176e-06,0.00261678
19.708,0.0460194,0.00306796,2.08058e-06,0.0023551
19.71,0.0460194,0.00306796,1.87252e-06,0.00211959
19.712,0.0460194,0.00306796,1.68527e-06,0.00190763
19.714,0.0460194,0.00306796,1.51674e-06,0.00171687
19.716,0.0460194,0.00306796,1.36507e-06,0.00154518
19.718,0.0460194,0.00306796,1.22856e-06,0.00139066
19.72,0.0460194,0.00306796,1.10571e-06,0.0012516
19.722,0.0460194,0.00306796,9.95135e-07,0.00112644
19.724,0.0460194,0.00306796,8.95622e-07,0.00101379
19.726,0.0460194,0.00306796,8.06059e-07,0.000912414
19.728,0.0460194,0.00306796,7.25454e-07,0.000821172
19.73,0.0460194,0.00306796,6.52908e-07,0.000739055
19.732,0.0460194,0.00306796,5.87617e-07,0.00066515
19.734,0.0460194,0.00306796,5.28856e-07,0.000598635
19.736,0.0460194,0.00306796,4.7597e-07,0.000538771
19.738,0.0460194,0.00306796,4.28373e-07,0.000484894
19.74,0.0460194,0.00306796,3.85536e-07,0.000436405
19.742,0.0460194,0.00306796,3.46982e-07,0.000392764
19.744,0.0429515,0.00306796,-0.153398,0.000353488
19.746,0.0429515,0.00306796,-0.138058,0.000318139
19.748,0.0429515,0.00306796,-0.124252,0.000286325
19.75,0.0429515,0.00306796,-0.111827,0.000257693
19.752,0.0429515,0.00306796,-0.100644,0.000231923
19.754,0.0429515,0.00306796,-0.0905798,0.000208731
19.756,0.0429515,0.00306796,-0.0815219,0.000187858
19.758,0.0429515,0.00306796,-0.0733697,0.000169072
19.76,0.0429515,0.00306796,-0.0660327,0.000152165
19.762,0.0429515,0.00306796,-0.0594294,0.000136948
19.764,0.0429515,0.00306796,-0.0534865,0.000123254
19.766,0.0429515,0.00306796,-0.0481378,0.000110928
19.768,0.0429515,0.00306796,-0.0433241,9.98354e-05
19.77,0.0429515,0.00306796,-0.0389917,8.98518e-05
19.772,0.0429515,0.00306796,-0.0350925,8.08667e-05
19.774,0.0429515,0.00306796,-0.0315832,7.278e-05
19.776,0.0429515,0.00306796,-0.0284249,6.5502e-05
19.778,0.0429515,0.00306796,-0.0255824,5.89518e-05
19.78,0.0429515,0.00306796,-0.0230242,5.30566e-05
19.782,0.0429515,0.00306796,-0.0207218,4.77509e-05
19.784,0.0429515,0.00306796,-0.0186496,4.29759e-05
19.786,0.0429515,0.00306796,-0.0167846,3.86783e-05
19.788,0.0429515,0.00306796,-0.0151062,3.48104e-05
19.79,0.0429515,0.00306796,-0.0135955,3.13294e-05
19.792,0.0429515,0.00306796,-0.012236,2.81965e-05
19.794,0.0429515,0.00306796,-0.0110124,2.53768e-05
19.796,0.0429515,0.00306796,-0.00991116,2.28391e-05
19.798,0.0429515,0.00306796,-0.00892004,2.05552e-05
19.8,0.0429515,0.00306796,-0.00802804,1.84997e-05
19.802,0.0429515,0.00306796,-0.00722523,1.66497e-05
19.804,0.0398835,0.00306796,-0.159901,1.49848e-05
19.806,0.0398835,0.00306796,-0.143911,1.34863e-05
19.808,0.0398835,0.00306796,-0.12952,1.21377e-05
19.81,0.0398835,0.00306796,-0.116568,1.09239e-05
19.812,0.0398835,0.00306796,-0.104911,9.8315e-06
19.814,0.0398835,0.00306796,-0.0944198,8.84835e-06
19.816,0.0398835,0.00306796,-0.0849778,7.96351e-06
19.818,0.0398835,0.00306796,-0.0764801,7.16716e-06
19.82,0.0398835,0.00306796,-0.068832,6.45045e-06
19.822,0.0398835,0.00306796,-0.0619488,5.8054e-06
19.824,0.0398835,0.00306796,-0.055754,5.22486e-06
19.826,0.0398835,0.00306796,-0.0501786,4.70237e-06
19.828,0.0398835,0.00306796,-0.0451607,4.23214e-06
19.83,0.0398835,0.00306796,-0.0406446,3.80892e-06
19.832,0.0398835,0.00306796,-0.0365802,3.42803e-06
19.834,0.0398835,0.00306796,-0.0329222,3.08523e-06
19.836,0.0398835,0.00306796,-0.0296299,2.77671e-06
19.838,0.0398835,0.00306796,-0.0266669,2.49903e-06
19.84,0.0398835,0.00306796,-0.0240003,2.24913e-06
19.842,0.0398835,0.00306796,-0.0216002,2.02422e-06
19.844,0.0398835,0.00306796,-0.0194402,1.8218e-06
19.846,0.0398835,0.00306796,-0.0174962,1.63962e-06
19.848,0.0398835,0.00306796,-0.0157466,1.47565e-06
19.85,0.0398835,0.00306796,-0.0141719,1.32809e-06
19.852,0.0398835,0.00306796,-0.0127547,1.19528e-06
19.854,0.0398835,0.00306796,-0.0114792,1.07575e-06
19.856,0.0398835,0.00306796,-0.0103313,9.68177e-07
19.858,0.0398835,0.00306796,-0.00929819,8.7136e-07
19.86,0.0368155,0.00306796,-0.161766,7.84224e-07
19.862,0.0368155,0.00613592,-0.14559,0.153399
19.864,0.0368155,0.00613592,-0.131031,0.138059
19.866,0.0368155,0.00613592,-0.117928,0.124253
19.868,0.0368155,0.00613592,-0.106135,0.111828
19.87,0.0368155,0.00613592,-0.0955215,0.100645
19.872,0.0368155,0.00613592,-0.0859693,0.0905804
19.874,0.0368155,0.00613592,-0.0773724,0.0815224
19.876,0.0368155,0.00306796,-0.0696352,-0.0800279
19.878,0.0368155,0.00306796,-0.0626716,-0.0720251
19.88,0.0368155,0.00306796,-0.0564045,-0.0648226
19.882,0.0337476,0.00306796,-0.204162,-0.0583404
19.884,0.0337476,0.00306796,-0.183746,-0.0525063
19.886,0.0337476,0.00306796,-0.165371,-0.0472557
19.888,0.0337476,0.00306796,-0.148834,-0.0425301
19.89,0.0337476,0.00306796,-0.133951,-0.0382771
19.892,0.0337476,0.00306796,-0.120556,-0.0344494
19.894,0.0337476,0.00306796,-0.1085,-0.0310045
19.896,0.0337476,0.00306796,-0.0976501,-0.027904
19.898,0.0337476,0.00306796,-0.0878851,-0.0251136
19.9,0.0306796,0.00306796,-0.232495,-0.0226022
19.902,0.0306796,0.00306796,-0.209245,-0.020342
19.904,0.0306796,0.00306796,-0.188321,-0.0183078
19.906,0.0306796,0.00306796,-0.169489,-0.016477
19.908,0.0306796,0.00306796,-0.15254,-0.0148293
19.91,0.0306796,0.00306796,-0.137286,-0.0133464
19.912,0.0306796,0,-0.123557,-0.16541
19.914,0.0306796,0,-0.111201,-0.148869
19.916,0.0276117,0,-0.253479,-0.133982
19.918,0.0276117,0,-0.228131,-0.120584
19.92,0.0276117,0,-0.205318,-0.108525
19.922,0.0276117,0,-0.184786,-0.0976729
19.924,0.0276117,0,-0.166308,-0.0879056
19.926,0.0276117,0,-0.149677,-0.079115
19.928,0.0276117,0,-0.134709,-0.0712035
19.93,0.0245437,0,-0.274636,-0.0640832
19.932,0.0245437,0,-0.247173,-0.0576748
19.934,0.0245437,0,-0.222456,-0.0519074
19.936,0.0245437,0,-0.20021,-0.0467166
19.938,0.0245437,0,-0.180189,-0.042045
19.94,0.0245437,0,-0.16217,-0.0378405
19.942,0.0245437,0,-0.145953,-0.0340564
19.944,0.0245437,0,-0.131358,-0.0306508
19.946,0.0214757,0,-0.27162,-0.0275857
19.948,0.0214757,0,-0.244458,-0.0248271
19.95,0.0214757,0,-0.220012,-0.0223444
19.952,0.0214757,0,-0.198011,-0.02011
19.954,0.0214757,0,-0.17821,-0.018099
19.956,0.0214757,0,-0.160389,-0.0162891
19.958,0.0214757,0,-0.14435,-0.0146602
19.96,0.0214757,0,-0.129915,-0.0131942
19.962,0.0214757,0,-0.116924,-0.0118747
19.964,0.0214757,0,-0.105231,-0.0106873
19.966,0.0214757,-0.00306796,-0.0947081,-0.163017
19.968,0.0184078,-0.00306796,-0.238635,-0.146715
19.97,0.0184078,-0.00306796,-0.214772,-0.132043
19.972,0.0184078,-0.00306796,-0.193295,-0.118839
19.974,0.0184078,-0.00306796,-0.173965,-0.106955
19.976,0.0184078,-0.00306796,-0.156569,-0.0962597
19.978,0.0184078,-0.00306796,-0.140912,-0.0866337
19.98,0.0184078,-0.00306796,-0.126821,-0.0779703
19.982,0.0184078,-0.00306796,-0.114139,-0.0701733
19.984,0.0184078,-0.00306796,-0.102725,-0.063156
19.986,0.0184078,-0.00306796,-0.0924522,-0.0568404
19.988,0.0184078,-0.00306796,-0.083207,-0.0511563
19.99,0.0184078,-0.00306796,-0.0748863,-0.0460407
19.992,0.0153398,-0.00306796,-0.220796,-0.0414366
19.994,0.0153398,-0.00306796,-0.198716,-0.037293
19.996,0.0153398,-0.00306796,-0.178845,-0.0335637
19.998,0.0153398,-0.00306796,-0.16096,-0.0302073
20,0.0153398,-0.00306796,-0.144864,-0.0271866
20.002,0.0153398,-0.00306796,-0.130378,-0.0244679
20.004,0.0153398,-0.00306796,-0.11734,-0.0220211
20.006,0.0153398,-0.00306796,-0.105606,-0.019819
20.008,0.0153398,-0.00306796,-0.0950453,-0.0178371
20.01,0.0153398,-0.00306796,-0.0855408,-0.0160534
20.012,0.0153398,0,-0.0769867,0.13895
20.014,0.0153398,0,-0.069288,0.125055
20.016,0.0153398,0,-0.0623592,0.11255
20.018,0.0122718,0,-0.209521,0.101295
20.02,0.0122718,0,-0.188569,0.0911651
20.022,0.0122718,0,-0.169712,0.0820486
20.024,0.0122718,0,-0.152741,0.0738437
20.026,0.0122718,0,-0.137467,0.0664594
20.028,0.0122718,0,-0.12372,0.0598134
20.03,0.0122718,-0.00306796,-0.111348,-0.099566
20.032,0.00920388,-0.00306796,-0.253612,-0.0896094
20.034,0.00920388,-0.00306796,-0.22825,-0.0806485
20.036,0.00920388,-0.00306796,-0.205425,-0.0725836
20.038,0.00920388,-0.00306796,-0.184883,-0.0653252
20.04,0.00920388,-0.00306796,-0.166395,-0.0587927
20.042,0.00920388,-0.00306796,-0.149755,-0.0529135
20.044,0.00920388,-0.00306796,-0.13478,-0.0476221
20.046,0.00920388,-0.00306796,-0.121302,-0.0428599
20.048,0.00920388,-0.00306796,-0.109171,-0.0385739
20.05,0.00920388,-0.00306796,-0.0982543,-0.0347165
20.052,0.00613592,-0.00306796,-0.241827,-0.0312449
20.054,0.00613592,-0.00306796,-0.217644,-0.0281204
20.056,0.00613592,-0.00306796,-0.19588,-0.0253083
20.058,0.00613592,-0.00306796,-0.176292,-0.0227775
20.06,0.00613592,-0.00306796,-0.158663,-0.0204998
20.062,0.00613592,-0.00306796,-0.142796,-0.0184498
20.064,0.00613592,-0.00306796,-0.128517,-0.0166048
20.066,0.00613592,-0.00306796,-0.115665,-0.0149443
20.068,0.00613592,-0.00306796,-0.104099,-0.0134499
20.07,0.00613592,-0.00306796,-0.0936887,-0.0121049
20.072,0.00306796,-0.00306796,-0.237718,-0.0108944
20.074,0.00306796,-0.00306796,-0.213946,-0.00980497
20.076,0.00306796,-0.00306796,-0.192552,-0.00882447
20.078,0.00306796,-0.00306796,-0.173296,-0.00794203
20.08,0.00306796,-0.00306796,-0.155967,-0.00714782
20.082,0.00306796,-0.00306796,-0.14037,-0.00643304
20.084,0.00306796,-0.00306796,-0.126333,-0.00578974
20.086,0.00306796,-0.00306796,-0.1137,-0.00521076
20.088,0.00306796,-0.00306796,-0.10233,-0.00468969
20.09,0.00306796,-0.00306796,-0.0920968,-0.00422072
20.092,-0,-0.00306796,-0.236285,-0.00379865
20.094,-0,-0.00306796,-0.212657,-0.00341878
20.096,-0,-0.00306796,-0.191391,-0.0030769
20.098,-0,-0.00306796,-0.172252,-0.00276921
20.1,-0,-0.00306796,-0.155027,-0.00249229
20.102,-0,-0.00306796,-0.139524,-0.00224306
20.104,-0,-0.00306796,-0.125572,-0.00201876
20.106,-0,-0.00306796,-0.113014,-0.00181688
20.108,-0,-0.00306796,-0.101713,-0.00163519
20.11,-0,-0.00306796,-0.0915417,-0.00147167
20.112,-0,-0.00306796,-0.0823876,-0.00132451
20.114,-0,-0.00306796,-0.0741488,-0.00119206
20.116,-0,-0.00306796,-0.0667339,-0.00107285
20.118,-0,-0.00306796,-0.0600605,-0.000965565
20.12,-0,-0.00306796,-0.0540545,-0.000869008
20.122,-0.00306796,-0.00306796,-0.202047,-0.000782108
20.124,-0.00306796,-0.00306796,-0.181842,-0.000703897
20.126,-0.00306796,-0.00306796,-0.163658,-0.000633507
20.128,-0.00306796,-0.00306796,-0.147292,-0.000570156
20.13,-0.00306796,-0.00306796,-0.132563,-0.000513141
20.132,-0.00306796,-0.00306796,-0.119307,-0.000461827
20.134,-0.00306796,-0.00306796,-0.107376,-0.000415644
20.136,-0.00306796,-0.00306796,-0.0966385,-0.00037408
20.138,-0.00306796,-0.00306796,-0.0869747,-0.000336672
20.14,-0.00306796,-0.00306796,-0.0782772,-0.000303004
20.142,-0.00306796,-0.00306796,-0.0704495,-0.000272704
20.144,-0.00306796,-0.00306796,-0.0634045,-0.000245434
20.146,-0.00306796,-0.00306796,-0.0570641,-0.00022089
20.148,-0.00306796,-0.00306796,-0.0513577,-0.000198801
20.15,-0.00306796,-0.00306796,-0.0462219,-0.000178921
20.152,-0.00306796,-0.00306796,-0.0415997,-0.000161029
20.154,-0.00306796,-0.00306796,-0.0374397,-0.000144926
20.156,-0.00306796,-0.00306796,-0.0336958,-0.000130433
20.158,-0.00306796,-0.00306796,-0.0303262,-0.00011739
20.16,-0.00306796,-0.00306796,-0.0272936,-0.000105651
20.162,-0.00306796,-0.00306796,-0.0245642,-9.5086e-05
20.164,-0.00306796,-0.00306796,-0.0221078,-8.55774e-05
20.166,-0.00306796,-0.00306796,-0.019897,-7.70197e-05
20.168,-0.00306796,-0.00306796,-0.0179073,-6.93177e-05
20.17,-0.00306796,-0.00306796,-0.0161166,-6.23859e-05
20.172,-0.00306796,-0.00306796,-0.0145049,-5.61473e-05
20.174,-0.00306796,0,-0.0130544,0.153348
20.176,-0.00306796,0,-0.011749,0.138013
20.178,-0.00306796,0,-0.0105741,0.124212
20.18,-0.00306796,0,-0.00951668,0.11179
20.182,-0.00306796,0,-0.00856501,0.100611
20.184,-0.00306796,0,-0.00770851,0.0905502
20.186,-0.00306796,0,-0.00693766,0.0814952
20.188,-0.00306796,0,-0.00624389,0.0733457
20.19,-0.00306796,0,-0.0056195,0.0660111
20.192,-0.00306796,0,-0.00505755,0.05941
20.194,-0.00306796,0,-0.0045518,0.053469
20.196,-0.00306796,0,-0.00409662,0.0481221
20.198,-0.00306796,0,-0.00368696,0.0433099
20.2,-0.00306796,0,-0.00331826,0.0389789
20.202,-0.00306796,0,-0.00298643,0.035081
20.204,-0.00306796,0,-0.00268779,0.0315729
20.206,-0.00306796,0,-0.00241901,0.0284156
20.208,-0.00306796,0,-0.00217711,0.025574
20.21,-0.00306796,0,-0.0019594,0.0230166
20.212,-0.00306796,0,-0.00176346,0.020715
20.214,-0.00306796,0,-0.00158711,0.0186435
20.216,-0.00306796,0,-0.0014284,0.0167791
20.218,-0.00306796,0,-0.00128556,0.0151012
20.22,-0.00306796,0,-0.00115701,0.0135911
20.222,-0.00306796,0,-0.00104131,0.012232
20.224,-0.00306796,0.00306796,-0.000937175,0.164407
20.226,-0.00306796,0.00306796,-0.000843457,0.147966
20.228,-0.00306796,0.00306796,-0.000759112,0.13317
20.23,-0.00306796,0.00306796,-0.0006832,0.119853
20.232,-0.00306796,0.00306796,-0.00061488,0.107867
20.234,-0.00306796,0.00306796,-0.000553392,0.0970806
20.236,-0.00306796,0.00306796,-0.000498053,0.0873726
20.238,-0.00613592,0.00306796,-0.153846,0.0786353
20.24,-0.00613592,0.00306796,-0.138462,0.0707718
20.242,-0.00613592,0.00306796,-0.124616,0.0636946
20.244,-0.00613592,0.00306796,-0.112154,0.0573251
20.246,-0.00613592,0.00306796,-0.100939,0.0515926
20.248,-0.00613592,0.00306796,-0.0908447,0.0464334
20.25,-0.00613592,0.00306796,-0.0817602,0.04179
20.252,-0.00613592,0.00306796,-0.0735842,0.037611
20.254,-0.00613592,0,-0.0662258,-0.119548
20.256,-0.00613592,0,-0.0596032,-0.107593
20.258,-0.00613592,0,-0.0536429,-0.096834
20.26,-0.00920388,0,-0.201677,-0.0871506
20.262,-0.00920388,0,-0.181509,-0.0784355
20.264,-0.00920388,0,-0.163358,-0.070592
20.266,-0.00920388,0,-0.147022,-0.0635328
20.268,-0.00920388,0,-0.13232,-0.0571795
20.27,-0.00920388,0,-0.119088,-0.0514616
20.272,-0.00920388,0,-0.107179,-0.0463154
20.274,-0.00920388,0,-0.0964613,-0.0416839
20.276,-0.0122718,0,-0.240213,-0.0375155
20.278,-0.0122718,0,-0.216192,-0.0337639
20.28,-0.0122718,0,-0.194573,-0.0303875
20.282,-0.0122718,0,-0.175115,-0.0273488
20.284,-0.0122718,0,-0.157604,-0.0246139
20.286,-0.0122718,0,-0.141844,-0.0221525
20.288,-0.0122718,0,-0.127659,-0.0199373
20.29,-0.0122718,0,-0.114893,-0.0179435
20.292,-0.0122718,0,-0.103404,-0.0161492
20.294,-0.0122718,-0.00306796,-0.0930635,-0.167932
20.296,-0.0153398,-0.00306796,-0.237155,-0.151139
20.298,-0.0153398,-0.00306796,-0.21344,-0.136025
20.3,-0.0153398,-0.00306796,-0.192096,-0.122423
20.302,-0.0153398,-0.00306796,-0.172886,-0.11018
20.304,-0.0153398,-0.00306796,-0.155598,-0.0991624
20.306,-0.0153398,-0.00306796,-0.140038,-0.0892461
20.308,-0.0153398,-0.00306796,-0.126034,-0.0803215
20.31,-0.0153398,-0.00306796,-0.113431,-0.0722894
20.312,-0.0153398,-0.00306796,-0.102088,-0.0650604
20.314,-0.0153398,-0.00306796,-0.0918788,-0.0585544
20.316,-0.0153398,-0.00306796,-0.0826909,-0.0526989
20.318,-0.0153398,-0.00306796,-0.0744218,-0.0474291
20.32,-0.0153398,-0.00306796,-0.0669797,-0.0426861
20.322,-0.0153398,-0.00306796,-0.0602817,-0.0384175
20.324,-0.0153398,-0.00306796,-0.0542535,-0.0345758
20.326,-0.0153398,-0.00306796,-0.0488282,-0.0311182
20.328,-0.0153398,-0.00306796,-0.0439454,-0.0280064
20.33,-0.0153398,-0.00306796,-0.0395508,-0.0252057
20.332,-0.0153398,0,-0.0355957,0.130713
20.334,-0.0153398,0,-0.0320362,0.117642
20.336,-0.0153398,0,-0.0288325,0.105877
20.338,-0.0153398,0,-0.0259493,0.0952897
20.34,-0.0153398,0,-0.0233544,0.0857607
20.342,-0.0153398,0,-0.0210189,0.0771847
20.344,-0.0153398,0,-0.018917,0.0694662
20.346,-0.0153398,0,-0.0170253,0.0625196
20.348,-0.0184078,0,-0.168721,0.0562676
20.35,-0.0184078,0,-0.151849,0.0506409
20.352,-0.0184078,0,-0.136664,0.0455768
20.354,-0.0184078,0,-0.122998,0.0410191
20.356,-0.0184078,0,-0.110698,0.0369172
20.358,-0.0184078,0,-0.099628,0.0332255
20.36,-0.0184078,0,-0.0896652,0.0299029
20.362,-0.0184078,0,-0.0806987,0.0269126
20.364,-0.0184078,0,-0.0726288,0.0242214
20.366,-0.0184078,-0.00306796,-0.0653659,-0.131599
20.368,-0.0184078,-0.00306796,-0.0588293,-0.118439
20.37,-0.0184078,-0.00306796,-0.0529464,-0.106595
20.372,-0.0184078,-0.00306796,-0.0476518,-0.0959356
20.374,-0.0214757,-0.00306796,-0.196285,-0.086342
20.376,-0.0214757,-0.00306796,-0.176656,-0.0777078
20.378,-0.0214757,-0.00306796,-0.158991,-0.069937
20.38,-0.0214757,-0.00306796,-0.143092,-0.0629433
20.382,-0.0214757,-0.00306796,-0.128782,-0.056649
20.384,-0.0214757,-0.00306796,-0.115904,-0.0509841
20.386,-0.0214757,-0.00306796,-0.104314,-0.0458857
20.388,-0.0214757,-0.00306796,-0.0938823,-0.0412971
20.39,-0.0214757,-0.00306796,-0.0844941,-0.0371674
20.392,-0.0214757,-0.00306796,-0.0760447,-0.0334507
20.394,-0.0214757,-0.00306796,-0.0684402,-0.0301056
20.396,-0.0214757,-0.00306796,-0.0615962,-0.027095
20.398,-0.0214757,-0.00306796,-0.0554366,-0.0243855
20.4,-0.0214757,-0.00306796,-0.0498929,-0.021947
20.402,-0.0214757,-0.00306796,-0.0449036,-0.0197523
20.404,-0.0214757,-0.00306796,-0.0404133,-0.0177771
20.406,-0.0214757,-0.00306796,-0.0363719,-0.0159993
20.408,-0.0214757,-0.00306796,-0.0327347,-0.0143994
20.41,-0.0214757,-0.00306796,-0.0294613,-0.0129595
20.412,-0.0214757,0,-0.0265151,0.141735
20.414,-0.0214757,0,-0.0238636,0.127561
20.416,-0.0214757,0,-0.0214773,0.114805
20.418,-0.0214757,0,-0.0193295,0.103324
20.42,-0.0214757,0,-0.0173966,0.092992
20.422,-0.0214757,0,-0.0156569,0.0836928
20.424,-0.0245437,0,-0.167489,0.0753236
20.426,-0.0245437,0,-0.15074,0.0677912
20.428,-0.0245437,0,-0.135666,0.0610121
20.43,-0.0245437,0,-0.1221,0.0549109
20.432,-0.0245437,0,-0.10989,0.0494198
20.434,-0.0245437,0,-0.0989008,0.0444778
20.436,-0.0245437,0,-0.0890107,0.04003
20.438,-0.0245437,0,-0.0801096,0.036027
20.44,-0.0245437,0,-0.0720987,0.0324243
20.442,-0.0245437,0,-0.0648888,0.0291819
20.444,-0.0245437,0,-0.0583999,0.0262637
20.446,-0.0276117,0,-0.205958,0.0236373
20.448,-0.0276117,-0.00306796,-0.185362,-0.132124
20.45,-0.0276117,-0.00306796,-0.166826,-0.118912
20.452,-0.0276117,-0.00306796,-0.150143,-0.107021
20.454,-0.0276117,-0.00306796,-0.135129,-0.0963187
20.456,-0.0276117,-0.00306796,-0.121616,-0.0866869
20.458,-0.0276117,-0.00306796,-0.109455,-0.0780182
20.46,-0.0276117,-0.00306796,-0.0985091,-0.0702164
20.462,-0.0276117,-0.00306796,-0.0886582,-0.0631947
20.464,-0.0276117,-0.00306796,-0.0797923,-0.0568753
20.466,-0.0276117,-0.00306796,-0.0718131,-0.0511877
20.468,-0.0276117,-0.00306796,-0.0646318,-0.046069
20.47,-0.0306796,-0.00306796,-0.211567,-0.0414621
20.472,-0.0306796,-0.00306796,-0.19041,-0.0373159
20.474,-0.0306796,-0.00306796,-0.171369,-0.0335843
20.476,-0.0306796,-0.00306796,-0.154232,-0.0302258
20.478,-0.0306796,-0.00306796,-0.138809,-0.0272033
20.48,-0.0306796,-0.00306796,-0.124928,-0.0244829
20.482,-0.0306796,-0.00306796,-0.112435,-0.0220346
20.484,-0.0306796,-0.00306796,-0.101192,-0.0198312
20.486,-0.0306796,-0.00306796,-0.0910725,-0.0178481
20.488,-0.0306796,-0.00306796,-0.0819653,-0.0160633
20.49,-0.0306796,-0.00306796,-0.0737687,-0.0144569
20.492,-0.0306796,-0.00306796,-0.0663919,-0.0130112
20.494,-0.0306796,-0.00306796,-0.0597527,-0.0117101
20.496,-0.0306796,-0.00306796,-0.0537774,-0.0105391
20.498,-0.0306796,-0.00306796,-0.0483997,-0.00948519
20.5,-0.0306796,-0.00306796,-0.0435597,-0.00853667
20.502,-0.0306796,-0.00306796,-0.0392037,-0.007683
20.504,-0.0306796,-0.00306796,-0.0352834,-0.0069147
20.506,-0.0306796,-0.00306796,-0.031755,-0.00622323
20.508,-0.0306796,-0.00306796,-0.0285795,-0.00560091
20.51,-0.0306796,-0.00306796,-0.0257216,-0.00504082
20.512,-0.0306796,-0.00306796,-0.0231494,-0.00453674
20.514,-0.0306796,-0.00306796,-0.0208345,-0.00408306
20.516,-0.0306796,-0.00306796,-0.018751,-0.00367476
20.518,-0.0306796,-0.00306796,-0.0168759,-0.00330728
20.52,-0.0306796,-0.00306796,-0.0151883,-0.00297655
20.522,-0.0306796,-0.00306796,-0.0136695,-0.0026789
20.524,-0.0306796,-0.00306796,-0.0123025,-0.00241101
20.526,-0.0306796,-0.00306796,-0.0110723,-0.00216991
20.528,-0.0306796,0,-0.00996506,0.151445
20.53,-0.0306796,0,-0.00896856,0.136301
20.532,-0.0306796,0,-0.0080717,0.122671
20.534,-0.0306796,0,-0.00726453,0.110404
20.536,-0.0306796,0,-0.00653808,0.0993632
20.538,-0.0306796,0,-0.00588427,0.0894269
20.54,-0.0306796,0,-0.00529584,0.0804842
20.542,-0.0306796,0,-0.00476626,0.0724358
20.544,-0.0306796,0,-0.00428963,0.0651922
20.546,-0.0306796,0,-0.00386067,0.058673
20.548,-0.0306796,0,-0.0034746,0.0528057
20.55,-0.0306796,0,-0.00312714,0.0475251
20.552,-0.0306796,0,-0.00281443,0.0427726
20.554,-0.0306796,0,-0.00253299,0.0384953
20.556,-0.0337476,0,-0.155678,0.0346458
20.558,-0.0337476,0,-0.14011,0.0311812
20.56,-0.0337476,0,-0.126099,0.0280631
20.562,-0.0337476,0,-0.113489,0.0252568
20.564,-0.0337476,-0.00306796,-0.10214,-0.130667
20.566,-0.0337476,-0.00306796,-0.0919262,-0.1176
20.568,-0.0337476,-0.00306796,-0.0827335,-0.10584
20.57,-0.0337476,-0.00306796,-0.0744602,-0.0952562
20.572,-0.0337476,-0.00306796,-0.0670142,-0.0857306
20.574,-0.0337476,-0.00306796,-0.0603128,-0.0771575
20.576,-0.0337476,-0.00306796,-0.0542815,-0.0694418
20.578,-0.0337476,-0.00306796,-0.0488533,-0.0624976
20.58,-0.0337476,-0.00306796,-0.043968,-0.0562478
20.582,-0.0337476,-0.00306796,-0.0395712,-0.0506231
20.584,-0.0337476,-0.00306796,-0.0356141,-0.0455608
20.586,-0.0337476,-0.00306796,-0.0320527,-0.0410047
20.588,-0.0337476,-0.00306796,-0.0288474,-0.0369042
20.59,-0.0337476,-0.00306796,-0.0259627,-0.0332138
20.592,-0.0368155,-0.00306796,-0.176764,-0.0298924
20.594,-0.0368155,-0.00306796,-0.159088,-0.0269032
20.596,-0.0368155,-0.00306796,-0.143179,-0.0242129
20.598,-0.0368155,-0.00306796,-0.128861,-0.0217916
20.6,-0.0368155,-0.00306796,-0.115975,-0.0196124
20.602,-0.0368155,-0.00306796,-0.104378,-0.0176512
20.604,-0.0368155,-0.00306796,-0.0939399,-0.0158861
20.606,-0.0368155,-0.00306796,-0.0845459,-0.0142974
20.608,-0.0368155,-0.00306796,-0.0760913,-0.0128677
20.61,-0.0368155,-0.00306796,-0.0684822,-0.0115809
20.612,-0.0368155,-0.00306796,-0.061634,-0.0104228
20.614,-0.0368155,-0.00306796,-0.0554706,-0.00938056
20.616,-0.0368155,-0.00306796,-0.0499235,-0.0084425
20.618,-0.0368155,-0.00306796,-0.0449312,-0.00759825
20.62,-0.0368155,0,-0.040438,0.14656
20.622,-0.0368155,0,-0.0363942,0.131904
20.624,-0.0368155,0,-0.0327548,0.118713
20.626,-0.0368155,0,-0.0294793,0.106842
20.628,-0.0368155,0,-0.0265314,0.0961578
20.63,-0.0368155,0,-0.0238783,0.086542
20.632,-0.0368155,0,-0.0214904,0.0778878
20.634,-0.0368155,0,-0.0193414,0.070099
20.636,-0.0368155,0,-0.0174073,0.0630891
20.638,-0.0368155,0,-0.0156665,0.0567802
20.64,-0.0368155,0,-0.0140999,0.0511022
20.642,-0.0368155,0,-0.0126899,0.045992
20.644,-0.0368155,0,-0.0114209,0.0413928
20.646,-0.0368155,-0.00306796,-0.0102788,-0.116145
20.648,-0.0368155,-0.00306796,-0.00925093,-0.10453
20.65,-0.0368155,-0.00306796,-0.00832583,-0.0940771
20.652,-0.0368155,-0.00306796,-0.00749325,-0.0846694
20.654,-0.0368155,-0.00306796,-0.00674393,-0.0762025
20.656,-0.0368155,-0.00306796,-0.00606953,-0.0685822
20.658,-0.0368155,-0.00306796,-0.00546258,-0.061724
20.66,-0.0368155,-0.00306796,-0.00491632,-0.0555516
20.662,-0.0368155,-0.00306796,-0.00442469,-0.0499964
20.664,-0.0368155,-0.00306796,-0.00398222,-0.0449968
20.666,-0.0368155,-0.00306796,-0.003584,-0.0404971
20.668,-0.0398835,-0.00306796,-0.156624,-0.0364474
20.67,-0.0398835,-0.00306796,-0.140961,-0.0328027
20.672,-0.0398835,-0.00306796,-0.126865,-0.0295224
20.674,-0.0398835,-0.00306796,-0.114179,-0.0265702
20.676,-0.0398835,-0.00306796,-0.102761,-0.0239131
20.678,-0.0398835,-0.00306796,-0.0924847,-0.0215218
20.68,-0.0398835,-0.00306796,-0.0832362,-0.0193696
20.682,-0.0398835,-0.00306796,-0.0749126,-0.0174327
20.684,-0.0398835,-0.00306796,-0.0674214,-0.0156894
20.686,-0.0398835,0,-0.0606792,0.139278
20.688,-0.0398835,0,-0.0546113,0.12535
20.69,-0.0398835,0,-0.0491502,0.112815
20.692,-0.0398835,0,-0.0442352,0.101533
20.694,-0.0398835,0,-0.0398116,0.09138
20.696,-0.0398835,0,-0.0358305,0.082242
20.698,-0.0398835,0,-0.0322474,0.0740178
20.7,-0.0398835,0,-0.0290227,0.066616
20.702,-0.0398835,0,-0.0261204,0.0599544
20.704,-0.0398835,0,-0.0235084,0.053959
20.706,-0.0398835,0,-0.0211575,0.0485631
20.708,-0.0398835,0,-0.0190418,0.0437068
20.71,-0.0398835,0,-0.0171376,0.0393361
20.712,-0.0398835,0,-0.0154238,0.0354025
20.714,-0.0398835,-0.00306796,-0.0138815,-0.121536
20.716,-0.0398835,-0.00306796,-0.0124933,-0.109382
20.718,-0.0398835,-0.00306796,-0.011244,-0.098444
20.72,-0.0398835,-0.00306796,-0.0101196,-0.0885996
20.722,-0.0398835,-0.00306796,-0.00910763,-0.0797397
20.724,-0.0398835,-0.00306796,-0.00819686,-0.0717657
20.726,-0.0398835,-0.00306796,-0.00737718,-0.0645891
20.728,-0.0398835,-0.00306796,-0.00663946,-0.0581302
20.73,-0.0398835,-0.00306796,-0.00597551,-0.0523172
20.732,-0.0398835,-0.00306796,-0.00537796,-0.0470855
20.734,-0.0398835,-0.00306796,-0.00484017,-0.0423769
20.736,-0.0398835,-0.00306796,-0.00435615,-0.0381392
20.738,-0.0398835,-0.00306796,-0.00392053,-0.0343253
20.74,-0.0398835,-0.00306796,-0.00352848,-0.0308928
20.742,-0.0398835,-0.00306796,-0.00317563,-0.0278035
20.744,-0.0398835,-0.00306796,-0.00285807,-0.0250231
20.746,-0.0398835,-0.00306796,-0.00257226,-0.0225208
20.748,-0.0398835,-0.00306796,-0.00231504,-0.0202688
20.75,-0.0398835,-0.00306796,-0.00208353,-0.0182419
20.752,-0.0398835,-0.00306796,-0.00187518,-0.0164177
20.754,-0.0398835,-0.00306796,-0.00168766,-0.0147759
20.756,-0.0398835,-0.00306796,-0.0015189,-0.0132983
20.758,-0.0398835,-0.00306796,-0.00136701,-0.0119685
20.76,-0.0398835,-0.00306796,-0.00123031,-0.0107716
20.762,-0.0398835,-0.00306796,-0.00110727,-0.00969448
20.764,-0.0398835,0,-0.000996547,0.144673
20.766,-0.0398835,0,-0.000896892,0.130206
20.768,-0.0398835,0,-0.000807203,0.117185
20.77,-0.0398835,0,-0.000726483,0.105467
20.772,-0.0398835,0,-0.000653835,0.09492
20.774,-0.0398835,0,-0.000588451,0.085428
20.776,-0.0398835,0,-0.000529606,0.0768852
20.778,-0.0398835,0,-0.000476645,0.0691967
20.78,-0.0398835,0,-0.000428981,0.062277
20.782,-0.0398835,0,-0.000386083,0.0560493
20.784,-0.0398835,0,-0.000347475,0.0504444
20.786,-0.0398835,0,-0.000312727,0.0453999
20.788,-0.0398835,0,-0.000281454,0.0408599
20.79,-0.0398835,-0.00306796,-0.000253309,-0.116624
20.792,-0.0398835,-0.00306796,-0.000227978,-0.104962
20.794,-0.0398835,-0.00306796,-0.00020518,-0.0944655
20.796,-0.0398835,-0.00306796,-0.000184662,-0.085019
20.798,-0.0398835,-0.00306796,-0.000166196,-0.0765171
20.8,-0.0398835,-0.00306796,-0.000149576,-0.0688654
20.802,-0.0429515,-0.00306796,-0.153533,-0.0619788
20.804,-0.0429515,-0.00306796,-0.138179,-0.055781
20.806,-0.0429515,-0.00306796,-0.124361,-0.0502029
20.808,-0.0429515,-0.00306796,-0.111925,-0.0451826
20.81,-0.0429515,-0.00306796,-0.100733,-0.0406643
20.812,-0.0429515,-0.00306796,-0.0906595,-0.0365979
20.814,-0.0429515,-0.00306796,-0.0815936,-0.0329381
20.816,-0.0429515,-0.00306796,-0.0734342,-0.0296443
20.818,-0.0429515,-0.00306796,-0.0660908,-0.0266799
20.82,-0.0429515,-0.00306796,-0.0594817,-0.0240119
20.822,-0.0429515,-0.00306796,-0.0535335,-0.0216107
20.824,-0.0398835,-0.00306796,0.105218,-0.0194496
20.826,-0.0398835,-0.00306796,0.0946961,-0.0175047
20.828,-0.0398835,-0.00306796,0.0852265,-0.0157542
20.83,-0.0398835,-0.00306796,0.0767038,-0.0141788
20.832,-0.0398835,0,0.0690335,0.140637
20.834,-0.0398835,0,0.0621301,0.126573
20.836,-0.0398835,0,0.0559171,0.113916
20.838,-0.0398835,0,0.0503254,0.102525
20.84,-0.0398835,0,0.0452929,0.0922721
20.842,-0.0398835,0,0.0407636,0.0830449
20.844,-0.0398835,0,0.0366872,0.0747404
20.846,-0.0398835,0,0.0330185,0.0672663
20.848,-0.0398835,0,0.0297166,0.0605397
20.85,-0.0398835,0,0.026745,0.0544857
20.852,-0.0398835,0,0.0240705,0.0490372
20.854,-0.0398835,0,0.0216634,0.0441334
20.856,-0.0398835,0,0.0194971,0.0397201
20.858,-0.0398835,0,0.0175474,0.0357481
20.86,-0.0429515,0,-0.137605,0.0321733
20.862,-0.0429515,0,-0.123845,0.0289559
20.864,-0.0429515,0,-0.11146,0.0260604
20.866,-0.0429515,-0.00306796,-0.100314,-0.129944
20.868,-0.0429515,-0.00306796,-0.0902829,-0.116949
20.87,-0.0429515,-0.00306796,-0.0812546,-0.105254
20.872,-0.0429515,-0.00306796,-0.0731292,-0.094729
20.874,-0.0429515,-0.00306796,-0.0658163,-0.0852561
20.876,-0.0429515,-0.00306796,-0.0592346,-0.0767305
20.878,-0.0429515,-0.00306796,-0.0533112,-0.0690574
20.88,-0.0429515,-0.00306796,-0.04798,-0.0621517
20.882,-0.0429515,-0.00306796,-0.043182,-0.0559365
20.884,-0.0429515,-0.00306796,-0.0388638,-0.0503429
20.886,-0.0429515,-0.00306796,-0.0349775,-0.0453086
20.888,-0.0429515,-0.00306796,-0.0314797,-0.0407777
20.89,-0.0429515,-0.00306796,-0.0283317,-0.0367
20.892,-0.0429515,-0.00306796,-0.0254986,-0.03303
20.894,-0.0429515,-0.00306796,-0.0229487,-0.029727
20.896,-0.0429515,-0.00306796,-0.0206538,-0.0267543
20.898,-0.0429515,-0.00306796,-0.0185885,-0.0240788
20.9,-0.0429515,-0.00306796,-0.0167296,-0.021671
20.902,-0.0429515,-0.00306796,-0.0150566,-0.0195039
20.904,-0.0429515,-0.00306796,-0.013551,-0.0175535
20.906,-0.0429515,-0.00306796,-0.0121959,-0.0157981
20.908,-0.0429515,-0.00306796,-0.0109763,-0.0142183
20.91,-0.0429515,-0.00306796,-0.00987867,-0.0127965
20.912,-0.0429515,-0.00306796,-0.0088908,-0.0115168
20.914,-0.0429515,-0.00306796,-0.00800172,-0.0103652
20.916,-0.0429515,0,-0.00720155,0.144069
20.918,-0.0429515,0,-0.00648139,0.129662
20.92,-0.0429515,0,-0.00583325,0.116696
20.922,-0.0429515,0,-0.00524993,0.105027
20.924,-0.0429515,0,-0.00472494,0.094524
20.926,-0.0429515,0,-0.00425244,0.0850716
20.928,-0.0429515,0,-0.0038272,0.0765644
20.93,-0.0429515,-0.00306796,-0.00344448,-0.0844901
20.932,-0.0429515,-0.00306796,-0.00310003,-0.0760411
20.934,-0.0429515,-0.00306796,-0.00279003,-0.068437
20.936,-0.0429515,-0.00306796,-0.00251102,-0.0615933
20.938,-0.0429515,-0.00306796,-0.00225992,-0.055434
20.94,-0.0429515,-0.00306796,-0.00203393,-0.0498906
20.942,-0.0429515,-0.00306796,-0.00183054,-0.0449015
20.944,-0.0429515,-0.00306796,-0.00164748,-0.0404114
20.946,-0.0429515,-0.00306796,-0.00148273,-0.0363702
20.948,-0.0429515,-0.00306796,-0.00133446,-0.0327332
20.95,-0.0429515,-0.00306796,-0.00120102,-0.0294599
20.952,-0.0429515,-0.00306796,-0.00108091,-0.0265139
20.954,-0.0429515,-0.00306796,-0.000972822,-0.0238625
20.956,-0.0429515,-0.00306796,-0.00087554,-0.0214763
20.958,-0.0429515,-0.00306796,-0.000787986,-0.0193286
20.96,-0.0429515,-0.00306796,-0.000709187,-0.0173958
20.962,-0.0429515,-0.00306796,-0.000638269,-0.0156562
20.964,-0.0429515,-0.00306796,-0.000574442,-0.0140906
20.966,-0.0429515,-0.00306796,-0.000516998,-0.0126815
20.968,-0.0429515,-0.00306796,-0.000465298,-0.0114134
20.97,-0.0429515,-0.00306796,-0.000418768,-0.010272
20.972,-0.0429515,-0.00306796,-0.000376891,-0.00924482
20.974,-0.0429515,-0.00306796,-0.000339202,-0.00832034
20.976,-0.0429515,-0.00306796,-0.000305282,-0.00748831
20.978,-0.0429515,-0.00306796,-0.000274754,-0.00673948
20.98,-0.0429515,-0.00306796,-0.000247278,-0.00606553
20.982,-0.0429515,-0.00306796,-0.000222551,-0.00545898
20.984,-0.0429515,-0.00306796,-0.000200295,-0.00491308
20.986,-0.0429515,-0.00306796,-0.000180266,-0.00442177
20.988,-0.0429515,-0.00306796,-0.000162239,-0.00397959
20.99,-0.0429515,-0.00306796,-0.000146015,-0.00358163
20.992,-0.0429515,-0.00306796,-0.000131414,-0.00322347
20.994,-0.0429515,-0.00306796,-0.000118272,-0.00290112
20.996,-0.0429515,-0.00306796,-0.000106445,-0.00261101
20.998,-0.0429515,-0.00306796,-9.58007e-05,-0.00234991
21,-0.0429515,-0.00306796,-8.62206e-05,-0.00211492
21.002,-0.0429515,-0.00306796,-7.75986e-05,-0.00190343
21.004,-0.0429515,-0.00306796,-6.98387e-05,-0.00171308
21.006,-0.0429515,-0.00306796,-6.28548e-05,-0.00154178
21.008,-0.0429515,-0.00306796,-5.65694e-05,-0.0013876
21.01,-0.0429515,-0.00306796,-5.09124e-05,-0.00124884
21.012,-0.0429515,-0.00306796,-4.58212e-05,-0.00112395
21.014,-0.0429515,-0.00306796,-4.12391e-05,-0.00101156
21.016,-0.0429515,-0.00306796,-3.71152e-05,-0.000910403
21.018,-0.0429515,-0.00306796,-3.34036e-05,-0.000819363
21.02,-0.0429515,-0.00306796,-3.00633e-05,-0.000737427
21.022,-0.0398835,-0.00306796,0.153371,-0.000663684
21.024,-0.0398835,-0.00306796,0.138034,-0.000597316
21.026,-0.0398835,-0.00306796,0.124231,-0.000537584
21.028,-0.0398835,-0.00306796,0.111807,-0.000483826
21.03,-0.0398835,-0.00306796,0.100627,-0.000435443
21.032,-0.0398835,-0.00306796,0.0905641,-0.000391899
21.034,-0.0398835,-0.00306796,0.0815076,-0.000352709
21.036,-0.0398835,-0.00306796,0.0733569,-0.000317438
21.038,-0.0398835,-0.00306796,0.0660212,-0.000285694
21.04,-0.0398835,-0.00306796,0.0594191,-0.000257125
21.042,-0.0398835,-0.00306796,0.0534772,-0.000231412
21.044,-0.0398835,-0.00306796,0.0481295,-0.000208271
21.046,-0.0398835,-0.00306796,0.0433165,-0.000187444
21.048,-0.0398835,-0.00306796,0.0389849,-0.0001687
21.05,-0.0398835,-0.00306796,0.0350864,-0.00015183
21.052,-0.0398835,-0.00306796,0.0315777,-0.000136647
21.054,-0.0398835,-0.00306796,0.02842,-0.000122982
21.056,-0.0398835,-0.00306796,0.025578,-0.000110684
21.058,-0.0398835,-0.00306796,0.0230202,-9.96154e-05
21.06,-0.0398835,-0.00306796,0.0207182,-8.96539e-05
21.062,-0.0398835,-0.00306796,0.0186463,-8.06885e-05
21.064,-0.0398835,-0.00306796,0.0167817,-7.26196e-05
21.066,-0.0398835,-0.00306796,0.0151035,-6.53577e-05
21.068,-0.0398835,-0.00306796,0.0135932,-5.88219e-05
21.07,-0.0398835,-0.00306796,0.0122339,-5.29397e-05
21.072,-0.0398835,-0.00306796,0.0110105,-4.76457e-05
21.074,-0.0398835,-0.00306796,0.00990943,-4.28812e-05
21.076,-0.0398835,-0.00306796,0.00891848,-3.8593e-05
21.078,-0.0398835,-0.00306796,0.00802664,-3.47337e-05
21.08,-0.0398835,-0.00306796,0.00722397,-3.12604e-05
21.082,-0.0398835,-0.00306796,0.00650158,-2.81343e-05
21.084,-0.0398835,-0.00306796,0.00585142,-2.53209e-05
21.086,-0.0398835,-0.00306796,0.00526628,-2.27888e-05
21.088,-0.0398835,-0.00306796,0.00473965,-2.05099e-05
21.09,-0.0398835,-0.00306796,0.00426568,-1.84589e-05
21.092,-0.0398835,-0.00306796,0.00383912,-1.6613e-05
21.094,-0.0398835,-0.00306796,0.0034552,-1.49517e-05
21.096,-0.0398835,-0.00306796,0.00310968,-1.34566e-05
21.098,-0.0398835,-0.00306796,0.00279871,-1.21109e-05
21.1,-0.0398835,-0.00306796,0.00251884,-1.08998e-05
21.102,-0.0398835,-0.00306796,0.00226696,-9.80983e-06
21.104,-0.0398835,-0.00306796,0.00204026,-8.82885e-06
21.106,-0.0398835,-0.00306796,0.00183624,-7.94597e-06
21.108,-0.0398835,-0.00613592,0.00165261,-0.153405
21.11,-0.0398835,-0.00613592,0.00148735,-0.138065
21.112,-0.0398835,-0.00613592,0.00133862,-0.124258
21.114,-0.0398835,-0.00613592,0.00120476,-0.111832
21.116,-0.0398835,-0.00613592,0.00108428,-0.100649
21.118,-0.0398835,-0.00613592,0.000975852,-0.0905843
21.12,-0.0398835,-0.00613592,0.000878266,-0.0815258
21.122,-0.0398835,-0.00613592,0.00079044,-0.0733732
21.124,-0.0398835,-0.00613592,0.000711396,-0.0660359
21.126,-0.0398835,-0.00613592,0.000640256,-0.0594323
21.128,-0.0398835,-0.00613592,0.000576231,-0.0534891
21.13,-0.0398835,-0.00613592,0.000518608,-0.0481402
21.132,-0.0398835,-0.00613592,0.000466747,-0.0433262
21.134,-0.0398835,-0.00306796,0.000420072,0.114405
21.136,-0.0398835,-0.00306796,0.000378065,0.102964
21.138,-0.0368155,-0.00306796,0.153738,0.0926677
21.14,-0.0368155,-0.00306796,0.138365,0.0834009
21.142,-0.0368155,-0.00306796,0.124528,0.0750608
21.144,-0.0368155,-0.00306796,0.112075,0.0675547
21.146,-0.0368155,-0.00306796,0.100868,0.0607993
21.148,-0.0368155,-0.00306796,0.090781,0.0547193
21.15,-0.0368155,-0.00306796,0.0817029,0.0492474
21.152,-0.0368155,-0.00306796,0.0735326,0.0443227
21.154,-0.0368155,-0.00306796,0.0661793,0.0398904
21.156,-0.0368155,-0.00306796,0.0595614,0.0359014
21.158,-0.0368155,-0.00306796,0.0536052,0.0323112
21.16,-0.0368155,-0.00306796,0.0482447,0.0290801
21.162,-0.0368155,-0.00306796,0.0434202,0.0261721
21.164,-0.0337476,-0.00306796,0.192476,0.0235549
21.166,-0.0337476,-0.00306796,0.173229,0.0211994
21.168,-0.0337476,-0.00306796,0.155906,0.0190795
21.17,-0.0337476,-0.00306796,0.140315,0.0171715
21.172,-0.0337476,-0.00306796,0.126284,0.0154544
21.174,-0.0337476,-0.00306796,0.113655,0.0139089
21.176,-0.0337476,-0.00306796,0.10229,0.012518
21.178,-0.0337476,-0.00306796,0.0920608,0.0112662
21.18,-0.0337476,-0.00306796,0.0828547,0.0101396
21.182,-0.0337476,-0.00306796,0.0745693,0.00912564
21.184,-0.0337476,-0.00306796,0.0671123,0.00821308
21.186,-0.0337476,-0.00306796,0.0604011,0.00739177
21.188,-0.0337476,-0.00306796,0.054361,0.00665259
21.19,-0.0306796,-0.00306796,0.202323,0.00598733
21.192,-0.0306796,-0.00306796,0.182091,0.0053886
21.194,-0.0306796,-0.00306796,0.163882,0.00484974
21.196,-0.0306796,-0.00306796,0.147493,0.00436477
21.198,-0.0306796,-0.00306796,0.132744,0.00392829
21.2,-0.0306796,-0.00306796,0.11947,0.00353546
21.202,-0.0306796,-0.00306796,0.107523,0.00318191
21.204,-0.0306796,-0.00306796,0.0967705,0.00286372
21.206,-0.0306796,0,0.0870934,0.155975
21.208,-0.0306796,0,0.0783841,0.140378
21.21,-0.0306796,0,0.0705457,0.12634
21.212,-0.0306796,0,0.0634911,0.113706
21.214,-0.0306796,0,0.057142,0.102335
21.216,-0.0306796,0,0.0514278,0.0921019
21.218,-0.0306796,0,0.046285,0.0828917
21.22,-0.0306796,0,0.0416565,0.0746026
21.222,-0.0306796,0,0.0374909,0.0671423
21.224,-0.0306796,-0.00306796,0.0337418,-0.09297
21.226,-0.0306796,-0.00306796,0.0303676,-0.083673
21.228,-0.0306796,-0.00306796,0.0273308,-0.0753057
21.23,-0.0306796,-0.00306796,0.0245978,-0.0677751
21.232,-0.0306796,-0.00306796,0.022138,-0.0609976
21.234,-0.0276117,-0.00306796,0.173322,-0.0548979
21.236,-0.0276117,-0.00306796,0.15599,-0.0494081
21.238,-0.0276117,-0.00306796,0.140391,-0.0444673
21.24,-0.0276117,-0.00306796,0.126352,-0.0400205
21.242,-0.0276117,-0.00306796,0.113717,-0.0360185
21.244,-0.0276117,-0.00306796,0.102345,-0.0324166
21.246,-0.0276117,-0.00306796,0.0921106,-0.029175
21.248,-0.0276117,-0.00306796,0.0828995,-0.0262575
21.25,-0.0276117,-0.00306796,0.0746095,-0.0236317
21.252,-0.0276117,-0.00306796,0.0671486,-0.0212686
21.254,-0.0276117,-0.00306796,0.0604337,-0.0191417
21.256,-0.0276117,-0.00306796,0.0543904,-0.0172275
21.258,-0.0276117,-0.00306796,0.0489513,-0.0155048
21.26,-0.0276117,-0.00306796,0.0440562,-0.0139543
21.262,-0.0276117,-0.00306796,0.0396506,-0.0125589
21.264,-0.0276117,-0.00306796,0.0356855,-0.011303
21.266,-0.0276117,-0.00306796,0.032117,-0.0101727
21.268,-0.0276117,-0.00306796,0.0289053,-0.00915542
21.27,-0.0245437,-0.00306796,0.179413,-0.00823987
21.272,-0.0245437,-0.00306796,0.161472,-0.00741589
21.274,-0.0245437,-0.00306796,0.145324,-0.0066743
21.276,-0.0245437,-0.00306796,0.130792,-0.00600687
21.278,-0.0245437,-0.00306796,0.117713,-0.00540618
21.28,-0.0245437,-0.00306796,0.105941,-0.00486556
21.282,-0.0245437,-0.00306796,0.0953473,-0.00437901
21.284,-0.0245437,-0.00306796,0.0858126,-0.00394111
21.286,-0.0245437,-0.00306796,0.0772313,-0.003547
21.288,-0.0245437,-0.00306796,0.0695082,-0.0031923
21.29,-0.0245437,-0.00306796,0.0625574,-0.00287307
21.292,-0.0214757,0,0.2097,0.150812
21.294,-0.0214757,0,0.18873,0.135731
21.296,-0.0214757,0,0.169857,0.122158
21.298,-0.0214757,0,0.152871,0.109942
21.3,-0.0214757,0,0.137584,0.098948
21.302,-0.0214757,0,0.123826,0.0890532
21.304,-0.0214757,0,0.111443,0.0801478
21.306,-0.0214757,0,0.100299,0.0721331
21.308,-0.0214757,0,0.0902689,0.0649198
21.31,-0.0214757,0,0.081242,0.0584278
21.312,-0.0214757,0,0.0731178,0.052585
21.314,-0.0214757,0,0.065806,0.0473265
21.316,-0.0184078,0,0.212623,0.0425939
21.318,-0.0184078,0,0.191361,0.0383345
21.32,-0.0184078,0,0.172225,0.034501
21.322,-0.0184078,0,0.155003,0.0310509
21.324,-0.0184078,0,0.139502,0.0279458
21.326,-0.0184078,0,0.125552,0.0251512
21.328,-0.0184078,0,0.112997,0.0226361
21.33,-0.0184078,0,0.101697,0.0203725
21.332,-0.0184078,0,0.0915274,0.0183353
21.334,-0.0184078,0,0.0823747,0.0165017
21.336,-0.0184078,0,0.0741372,0.0148516
21.338,-0.0184078,0,0.0667235,0.0133664
21.34,-0.0184078,0,0.0600511,0.0120298
21.342,-0.0184078,0,0.054046,0.0108268
21.344,-0.0184078,-0.00306796,0.0486414,-0.143654
21.346,-0.0184078,-0.00306796,0.0437773,-0.129289
21.348,-0.0184078,-0.00306796,0.0393996,-0.11636
21.35,-0.0184078,-0.00306796,0.0354596,-0.104724
21.352,-0.0184078,-0.00306796,0.0319136,-0.0942514
21.354,-0.0153398,-0.00306796,0.18212,-0.0848262
21.356,-0.0153398,-0.00306796,0.163908,-0.0763436
21.358,-0.0153398,-0.00306796,0.147517,-0.0687092
21.36,-0.0153398,-0.00306796,0.132766,-0.0618383
21.362,-0.0153398,-0.00306796,0.119489,-0.0556545
21.364,-0.0153398,-0.00306796,0.10754,-0.050089
21.366,-0.0153398,0,0.0967862,0.108318
21.368,-0.0153398,0,0.0871076,0.0974861
21.37,-0.0153398,0,0.0783968,0.0877375
21.372,-0.0153398,0,0.0705572,0.0789638
21.374,-0.0122718,0,0.2169,0.0710674
21.376,-0.0122718,0,0.19521,0.0639607
21.378,-0.0122718,0,0.175689,0.0575646
21.38,-0.0122718,0,0.15812,0.0518081
21.382,-0.0122718,0,0.142308,0.0466273
21.384,-0.0122718,0.00306796,0.128077,0.195363
21.386,-0.00920388,0.00306796,0.268667,0.175826
21.388,-0.00920388,0.00306796,0.241801,0.158244
21.39,-0.00920388,0.00306796,0.217621,0.142419
21.392,-0.00920388,0.00306796,0.195859,0.128177
21.394,-0.00920388,0.00306796,0.176273,0.11536
21.396,-0.00920388,0.00306796,0.158645,0.103824
21.398,-0.00920388,0.00306796,0.142781,0.0934414
21.4,-0.00920388,0.00306796,0.128503,0.0840972
21.402,-0.00613592,0.00306796,0.269051,0.0756875
21.404,-0.00613592,0.00306796,0.242146,0.0681188
21.406,-0.00613592,0.00306796,0.217931,0.0613069
21.408,-0.00613592,0.00306796,0.196138,0.0551762
21.41,-0.00613592,0.00306796,0.176524,0.0496586
21.412,-0.00613592,0.00306796,0.158872,0.0446927
21.414,-0.00613592,0.00306796,0.142985,0.0402234
21.416,-0.00613592,0.00306796,0.128686,0.0362011
21.418,-0.00613592,0.00306796,0.115817,0.032581
21.42,-0.00613592,0.00306796,0.104236,0.0293229
21.422,-0.00613592,0.00306796,0.0938121,0.0263906
21.424,-0.00306796,0.00306796,0.237829,0.0237515
21.426,-0.00306796,0.00306796,0.214046,0.0213764
21.428,-0.00306796,0.00306796,0.192641,0.0192387
21.43,-0.00306796,0.00306796,0.173377,0.0173149
21.432,-0.00306796,0.00306796,0.15604,0.0155834
21.434,-0.00306796,0.00306796,0.140436,0.014025
21.436,-0.00306796,0.00306796,0.126392,0.0126225
21.438,-0.00306796,0.00306796,0.113753,0.0113603
21.44,-0.00306796,0.00306796,0.102378,0.0102243
21.442,-0.00306796,0.00613592,0.0921398,0.1626
21.444,-0.00306796,0.00613592,0.0829258,0.14634
21.446,-0.00306796,0.00613592,0.0746333,0.131706
21.448,-0.00306796,0.00613592,0.0671699,0.118535
21.45,-0.00306796,0.00613592,0.0604529,0.106682
21.452,-0.00306796,0.00306796,0.0544076,-0.0573845
21.454,-0.00306796,0.00306796,0.0489669,-0.051646
21.456,-0.00306796,0.00306796,0.0440702,-0.0464814
21.458,-0.00306796,0.00306796,0.0396632,-0.0418333
21.46,-0.00306796,0.00306796,0.0356969,-0.0376499
21.462,-0.00306796,0.00306796,0.0321272,-0.0338849
21.464,-0.00306796,0.00306796,0.0289145,-0.0304965
21.466,-0.00306796,0.00306796,0.026023,-0.0274468
21.468,-0.00306796,0.00306796,0.0234207,-0.0247021
21.47,-0.00306796,0.00306796,0.0210786,-0.0222319
21.472,-0.00306796,0.00306796,0.0189708,-0.0200087
21.474,-0.00306796,0.00306796,0.0170737,-0.0180079
21.476,-0.00306796,0.00306796,0.0153663,-0.0162071
21.478,-0.00306796,0.00306796,0.0138297,-0.0145864
21.48,-0.00306796,0.00306796,0.0124467,-0.0131277
21.482,-0.00306796,0.00306796,0.0112021,-0.011815
21.484,-0.00306796,0.00306796,0.0100818,-0.0106335
21.486,-0.00306796,0.00306796,0.00907366,-0.00957011
21.488,-0.00306796,0.00306796,0.0081663,-0.0086131
21.49,-0.00306796,0.00306796,0.00734967,-0.00775179
21.492,-0.00306796,0.00306796,0.0066147,-0.00697661
21.494,-0.00306796,0.00306796,0.00595323,-0.00627895
21.496,-0.00306796,0,0.00535791,-0.159049
21.498,-0.00306796,0,0.00482212,-0.143144
21.5,-0.00306796,0,0.0043399,-0.12883
21.502,-0.00306796,0,0.00390591,-0.115947
21.504,-0.00306796,0,0.00351532,-0.104352
21.506,-0.00306796,0,0.00316379,-0.0939169
21.508,-0.00306796,0,0.00284741,-0.0845252
21.51,-0.00306796,0,0.00256267,-0.0760727
21.512,-0.00306796,0,0.0023064,-0.0684654
21.514,-0.00306796,0,0.00207576,-0.0616189
21.516,-0.00306796,0,0.00186819,-0.055457
21.518,-0,0,0.155079,-0.0499113
21.52,-0,0,0.139572,-0.0449202
21.522,-0,0,0.125614,-0.0404282
21.524,-0,0,0.113053,-0.0363853
21.526,-0,0,0.101748,-0.0327468
21.528,-0,0,0.0915729,-0.0294721
21.53,-0,0.00306796,0.0824156,0.126873
21.532,-0,0.00306796,0.074174,0.114186
21.534,-0,0.00306796,0.0667566,0.102767
21.536,-0,0.00306796,0.060081,0.0924905
21.538,-0,0.00306796,0.0540729,0.0832415
21.54,-0,0.00306796,0.0486656,0.0749173
21.542,-0,0.00306796,0.043799,0.0674256
21.544,-0,0.00306796,0.0394191,0.060683
21.546,-0,0.00306796,0.0354772,0.0546147
21.548,-0,0.00306796,0.0319295,0.0491533
21.55,-0,0.00306796,0.0287365,0.0442379
21.552,-0,0.00306796,0.0258629,0.0398141
21.554,-0,0.00306796,0.0232766,0.0358327
21.556,-0,0.00306796,0.0209489,0.0322495
21.558,-0,0.00306796,0.018854,0.0290245
21.56,-0,0,0.0169686,-0.127276
21.562,-0,0,0.0152718,-0.114548
21.564,-0,0,0.0137446,-0.103094
21.566,-0,0,0.0123701,-0.0927842
21.568,-0,0,0.0111331,-0.0835058
21.57,-0,0,0.0100198,-0.0751552
21.572,-0,0,0.00901783,-0.0676397
21.574,-0,0,0.00811605,-0.0608757
21.576,-0,0,0.00730444,-0.0547882
21.578,-0,0,0.006574,-0.0493093
21.58,-0,0,0.0059166,-0.0443784
21.582,-0,0,0.00532494,-0.0399406
21.584,-0,0,0.00479244,-0.0359465
21.586,-0,0,0.0043132,-0.0323519
21.588,-0,0,0.00388188,-0.0291167
21.59,-0,0,0.00349369,-0.026205
21.592,-0,0,0.00314432,-0.0235845
21.594,-0,0,0.00282989,-0.0212261
21.596,-0,0,0.0025469,-0.0191034
21.598,-0,0,0.00229221,-0.0171931
21.6,-0,0,0.00206299,-0.0154738
21.602,-0,0,0.00185669,-0.0139264
21.604,-0,0,0.00167102,-0.0125338
21.606,-0,0,0.00150392,-0.0112804
21.608,-0,0,0.00135353,-0.0101524
21.61,-0,0,0.00121817,-0.00913712
21.612,-0,0,0.00109636,-0.00822341
21.614,-0,0,0.000986722,-0.00740107
21.616,-0,0,0.00088805,-0.00666096
21.618,-0,0,0.000799245,-0.00599486
21.62,-0,0,0.00071932,-0.00539538
21.622,-0,0,0.000647388,-0.00485584
21.624,-0,0,0.000582649,-0.00437026
21.626,-0,0,0.000524384,-0.00393323
21.628,-0,0,0.000471946,-0.00353991
21.63,-0,0,0.000424751,-0.00318592
21.632,-0,0,0.000382276,-0.00286733
21.634,-0,0,0.000344049,-0.00258059
21.636,-0,0,0.000309644,-0.00232253
21.638,-0,0,0.000278679,-0.00209028
21.64,-0,0,0.000250811,-0.00188125
21.642,-0,0,0.00022573,-0.00169313
21.644,-0,0,0.000203157,-0.00152381
21.646,-0,0,0.000182842,-0.00137143
21.648,-0,0,0.000164557,-0.00123429
21.65,-0,0,0.000148102,-0.00111086
21.652,-0,0,0.000133291,-0.000999774
21.654,-0,0,0.000119962,-0.000899797
21.656,-0,0,0.000107966,-0.000809817
21.658,-0,0,9.71695e-05,-0.000728836
21.66,-0,0,8.74525e-05,-0.000655952
21.662,-0,0,7.87073e-05,-0.000590357
21.664,-0,0,7.08366e-05,-0.000531321
21.666,-0,0,6.37529e-05,-0.000478189
21.668,-0,0,5.73776e-05,-0.00043037
21.67,-0,0,5.16398e-05,-0.000387333
21.672,-0,0,4.64759e-05,-0.0003486
21.674,-0,0,4.18283e-05,-0.00031374
21.676,-0,-0.00306796,3.76454e-05,-0.15368
21.678,-0,-0.00306796,3.38809e-05,-0.138312
21.68,-0,-0.00306796,3.04928e-05,-0.124481
21.682,-0,-0.00306796,2.74435e-05,-0.112033
21.684,-0,-0.00306796,2.46992e-05,-0.10083
21.686,-0,-0.00306796,2.22293e-05,-0.0907468
21.688,-0,-0.00306796,2.00063e-05,-0.0816721
21.69,-0,-0.00306796,1.80057e-05,-0.0735049
21.692,0.00306796,-0.00306796,0.153414,-0.0661544
21.694,0.00306796,-0.00306796,0.138073,-0.059539
21.696,0.00306796,-0.00306796,0.124266,-0.0535851
21.698,0.00306796,0,0.111839,0.105172
21.7,0.00306796,0,0.100655,0.0946544
21.702,0.00306796,0,0.0905896,0.0851889
21.704,0.00306796,0,0.0815306,0.07667
21.706,0.00306796,0,0.0733776,0.069003
21.708,0.00306796,0,0.0660398,0.0621027
21.71,0.00306796,0,0.0594358,0.0558925
21.712,0.00306796,0,0.0534923,0.0503032
21.714,0.00306796,0,0.048143,0.0452729
21.716,0.00613592,0,0.196727,0.0407456
21.718,0.00613592,0,0.177054,0.036671
21.72,0.00613592,0.00306796,0.159349,0.186402
21.722,0.00613592,0.00306796,0.143414,0.167762
21.724,0.00613592,0.00306796,0.129072,0.150986
21.726,0.00613592,0.00306796,0.116165,0.135887
21.728,0.00613592,0.00306796,0.104549,0.122298
21.73,0.00613592,0.00306796,0.0940938,0.110069
21.732,0.00613592,0.00306796,0.0846844,0.0990617
21.734,0.00613592,0.00306796,0.076216,0.0891555
21.736,0.00613592,0.00306796,0.0685944,0.08024
21.738,0.00613592,0.00306796,0.061735,0.072216
21.74,0.00613592,0.00306796,0.0555615,0.0649944
21.742,0.00613592,0.00306796,0.0500053,0.0584949
21.744,0.00613592,0.00306796,0.0450048,0.0526454
21.746,0.00613592,0.00306796,0.0405043,0.0473809
21.748,0.00613592,0.00306796,0.0364539,0.0426428
21.75,0.00613592,0.00306796,0.0328085,0.0383785
21.752,0.00613592,0.00306796,0.0295276,0.0345407
21.754,0.00613592,0.00306796,0.0265749,0.0310866
21.756,0.00613592,0.00306796,0.0239174,0.0279779
21.758,0.00613592,0.00306796,0.0215256,0.0251801
21.76,0.00613592,0,0.0193731,-0.130736
21.762,0.00613592,0,0.0174358,-0.117662
21.764,0.00613592,0,0.0156922,-0.105896
21.766,0.00613592,0,0.014123,-0.0953065
21.768,0.00613592,0,0.0127107,-0.0857759
21.77,0.00613592,0,0.0114396,-0.0771983
21.772,0.00613592,0,0.0102957,-0.0694784
21.774,0.00613592,0,0.00926609,-0.0625306
21.776,0.00613592,0,0.00833948,-0.0562775
21.778,0.00613592,0.00306796,0.00750553,0.102748
21.78,0.00613592,0.00306796,0.00675498,0.0924735
21.782,0.00613592,0.00306796,0.00607948,0.0832261
21.784,0.00613592,0.00306796,0.00547153,0.0749035
21.786,0.00613592,0.00306796,0.00492438,0.0674132
21.788,0.00613592,0.00306796,0.00443194,0.0606718
21.79,0.00613592,0.00306796,0.00398875,0.0546047
21.792,0.00613592,0.00306796,0.00358987,0.0491442
21.794,0.00613592,0.00306796,0.00323088,0.0442298
21.796,0.00613592,0.00306796,0.0029078,0.0398068
21.798,0.00613592,0.00306796,0.00261702,0.0358261
21.8,0.00613592,0.00306796,0.00235531,0.0322435
21.802,0.00613592,0.00306796,0.00211978,0.0290192
21.804,0.00613592,0.00306796,0.0019078,0.0261172
21.806,0.00613592,0.00306796,0.00171702,0.0235055
21.808,0.00613592,0,0.00154532,-0.132243
21.81,0.00613592,0,0.00139079,-0.119019
21.812,0.00613592,0,0.00125171,-0.107117
21.814,0.00613592,0,0.00112654,-0.0964052
21.816,0.00613592,0,0.00101389,-0.0867647
21.818,0.00613592,0,0.000912497,-0.0780882
21.82,0.00613592,0,0.000821247,-0.0702794
21.822,0.00613592,0,0.000739123,-0.0632515
21.824,0.00613592,0,0.00066521,-0.0569263
21.826,0.00613592,0,0.000598689,-0.0512337
21.828,0.00613592,0.00306796,0.00053882,0.107288
21.83,0.00613592,0.00306796,0.000484938,0.096559
21.832,0.00613592,0.00306796,0.000436445,0.0869031
21.834,0.00613592,0.00306796,0.0003928,0.0782128
21.836,0.00613592,0.00306796,0.00035352,0.0703915
21.838,0.00613592,0.00306796,0.000318168,0.0633523
21.84,0.00613592,0.00306796,0.000286351,0.0570171
21.842,0.00613592,0.00306796,0.000257716,0.0513154
21.844,0.00613592,0.00306796,0.000231945,0.0461839
21.846,0.00613592,0.00306796,0.00020875,0.0415655
21.848,0.00613592,0.00306796,0.000187875,0.0374089
21.85,0.00613592,0,0.000169088,-0.11973
21.852,0.00613592,0,0.000152179,-0.107757
21.854,0.00613592,0,0.000136961,-0.0969813
21.856,0.00613592,0,0.000123265,-0.0872832
21.858,0.00613592,0,0.000110938,-0.0785549
21.86,0.00613592,0,9.98445e-05,-0.0706994
21.862,0.00613592,0,8.98601e-05,-0.0636295
21.864,0.00613592,0,8.08741e-05,-0.0572665
21.866,0.00613592,0,7.27867e-05,-0.0515399
21.868,0.00613592,0,6.5508e-05,-0.0463859
21.87,0.00613592,0,5.89572e-05,-0.0417473
21.872,0.00613592,0,5.30615e-05,-0.0375726
21.874,0.00613592,0,4.77553e-05,-0.0338153
21.876,0.00613592,0,4.29798e-05,-0.0304338
21.878,0.00613592,0,3.86818e-05,-0.0273904
21.88,0.00613592,0.00306796,3.48136e-05,0.128747
21.882,0.00613592,0.00306796,3.13323e-05,0.115872
21.884,0.00613592,0.00306796,2.8199e-05,0.104285
21.886,0.00613592,0.00306796,2.53791e-05,0.0938564
21.888,0.00613592,0.00306796,2.28412e-05,0.0844707
21.89,0.00613592,0.00306796,2.05571e-05,0.0760237
21.892,0.00613592,0.00306796,1.85014e-05,0.0684213
21.894,0.00306796,0.00306796,-0.153381,0.0615792
21.896,0.00306796,0.00306796,-0.138043,0.0554212
21.898,0.00306796,0.00306796,-0.124239,0.0498791
21.9,0.00306796,0,-0.111815,-0.108507
21.902,0.00306796,0,-0.100634,-0.0976562
21.904,0.00306796,0,-0.0905702,-0.0878906
21.906,0.00306796,0,-0.0815132,-0.0791015
21.908,0.00306796,0,-0.0733619,-0.0711914
21.91,0.00306796,0,-0.0660257,-0.0640722
21.912,0.00306796,0,-0.0594231,-0.057665
21.914,0.00306796,0,-0.0534808,-0.0518985
21.916,0.00306796,0,-0.0481327,-0.0467087
21.918,-0,0,-0.196718,-0.0420378
21.92,-0,0,-0.177046,-0.037834
21.922,-0,0,-0.159341,-0.0340506
21.924,-0,0,-0.143407,-0.0306455
21.926,-0,0,-0.129066,-0.027581
21.928,-0,0,-0.11616,-0.0248229
21.93,-0,0,-0.104544,-0.0223406
21.932,-0,0,-0.0940894,-0.0201065
21.934,-0,0,-0.0846804,-0.0180959
21.936,-0,0,-0.0762124,-0.0162863
21.938,-0,-0.00306796,-0.0685912,-0.168056
21.94,-0,-0.00306796,-0.061732,-0.15125
21.942,-0,-0.00306796,-0.0555588,-0.136125
21.944,-0,-0.00306796,-0.050003,-0.122513
21.946,-0,-0.00306796,-0.0450027,-0.110261
21.948,-0,-0.00306796,-0.0405024,-0.0992352
21.95,-0,-0.00306796,-0.0364522,-0.0893117
21.952,-0,-0.00306796,-0.0328069,-0.0803805
21.954,-0,-0.00306796,-0.0295262,-0.0723425
21.956,-0,-0.00306796,-0.0265736,-0.0651082
21.958,-0,-0.00306796,-0.0239163,-0.0585974
21.96,-0,0,-0.0215246,0.10066
21.962,-0,0,-0.0193722,0.0905944
21.964,-0,0,-0.017435,0.0815349
21.966,-0,0,-0.0156915,0.0733814
21.968,-0,0,-0.0141223,0.0660433
21.97,-0,0,-0.0127101,0.059439
21.972,-0,0,-0.0114391,0.0534951
21.974,-0,0,-0.0102952,0.0481456
21.976,-0,0,-0.00926565,0.043331
21.978,-0,0,-0.00833908,0.0389979
21.98,-0,0,-0.00750518,0.0350981
21.982,-0,0,-0.00675466,0.0315883
21.984,-0,0,-0.00607919,0.0284295
21.986,-0,0,-0.00547127,0.0255865
21.988,-0,0,-0.00492415,0.0230279
21.99,-0,0,-0.00443173,0.0207251
21.992,-0,0,-0.00398856,0.0186526
21.994,-0,0,-0.0035897,0.0167873
21.996,-0,0,-0.00323073,0.0151086
21.998,-0,0,-0.00290766,0.0135977
22,-0,0,-0.00261689,0.012238
22.002,-0,0,-0.0023552,0.0110142
22.004,-0,0,-0.00211968,0.00991274
22.006,-0,0,-0.00190771,0.00892147
22.008,-0,0,-0.00171694,0.00802932
22.01,-0,0,-0.00154525,0.00722639
22.012,-0,0,-0.00139072,0.00650375
22.014,-0,0,-0.00125165,0.00585338
22.016,-0,0,-0.00112649,0.00526804
22.018,-0,0,-0.00101384,0.00474123
22.02,-0,0,-0.000912454,0.00426711
22.022,-0,0,-0.000821209,0.0038404
22.024,-0,0,-0.000739088,0.00345636
22.026,-0,0,-0.000665179,0.00311072
22.028,-0,0.00306796,-0.000598661,0.156198
22.03,-0,0.00306796,-0.000538795,0.140578
22.032,-0,0.00306796,-0.000484916,0.12652
22.034,-0,0.00306796,-0.000436424,0.113868
22.036,-0,0.00306796,-0.000392782,0.102481
22.038,-0,0.00306796,-0.000353503,0.0922332
22.04,-0,0.00306796,-0.000318153,0.0830099
22.042,-0,0.00306796,-0.000286338,0.0747089
22.044,-0,0.00306796,-0.000257704,0.067238
22.046,-0.00306796,0,-0.15363,-0.0928839
22.048,-0.00306796,0,-0.138267,-0.0835955
22.05,-0.00306796,0,-0.12444,-0.0752359
22.052,-0.00306796,0,-0.111996,-0.0677123
22.054,-0.00306796,0,-0.100797,-0.0609411
22.056,-0.00306796,0,-0.090717,-0.054847
22.058,-0.00306796,0,-0.0816453,-0.0493623
22.06,-0.00306796,0,-0.0734808,-0.0444261
22.062,-0.00306796,0,-0.0661327,-0.0399835
22.064,-0.00306796,0,-0.0595194,-0.0359851
22.066,-0.00306796,0,-0.0535675,-0.0323866
22.068,-0.00306796,0,-0.0482107,-0.0291479
22.07,-0.00306796,0,-0.0433897,-0.0262332
22.072,-0.00306796,0,-0.0390507,-0.0236098
22.074,-0.00306796,0,-0.0351456,-0.0212489
22.076,-0.00306796,0,-0.0316311,-0.019124
22.078,-0.00306796,0,-0.028468,-0.0172116
22.08,-0.00306796,0,-0.0256212,-0.0154904
22.082,-0.00306796,0,-0.023059,-0.0139414
22.084,-0.00306796,0,-0.0207531,-0.0125472
22.086,-0.00306796,0,-0.0186778,-0.0112925
22.088,-0.00306796,0,-0.01681,-0.0101633
22.09,-0.00306796,0,-0.015129,-0.00914693
22.092,-0.00306796,0,-0.0136161,-0.00823224
22.094,-0.00306796,0,-0.0122545,-0.00740902
22.096,-0.00306796,0,-0.0110291,-0.00666811
22.098,-0.00306796,0,-0.00992616,-0.0060013
22.1,-0.00306796,0,-0.00893354,-0.00540117
22.102,-0.00306796,0,-0.00804019,-0.00486106
22.104,-0.00306796,0,-0.00723617,-0.00437495
22.106,-0.00306796,0,-0.00651255,-0.00393746
22.108,-0.00306796,0,-0.0058613,-0.00354371
22.11,-0.00306796,0,-0.00527517,-0.00318934
22.112,-0.00306796,0,-0.00474765,-0.0028704
22.114,-0.00306796,0,-0.00427289,-0.00258336
22.116,-0.00306796,0,-0.0038456,-0.00232503
22.118,-0.00306796,0,-0.00346104,-0.00209253
22.12,-0.00306796,0,-0.00311493,-0.00188327
22.122,-0.00306796,0,-0.00280344,-0.00169495
22.124,-0.00306796,0,-0.0025231,-0.00152545
22.126,-0.00306796,0,-0.00227079,-0.00137291
22.128,-0.00306796,0,-0.00204371,-0.00123562
22.13,-0.00306796,0,-0.00183934,-0.00111205
22.132,-0.00306796,0.00306796,-0.0016554,0.152397
22.134,-0.00306796,0.00306796,-0.00148986,0.137158
22.136,-0.00306796,0.00306796,-0.00134088,0.123442
22.138,-0.00306796,0.00306796,-0.00120679,0.111098
22.14,-0.00306796,0.00306796,-0.00108611,0.0999878
22.142,-0.00613592,0.00306796,-0.154376,0.089989
22.144,-0.00613592,0.00306796,-0.138938,0.0809901
22.146,-0.00613592,0.00306796,-0.125044,0.0728911
22.148,-0.00613592,0.00306796,-0.11254,0.065602
22.15,-0.00613592,0.00306796,-0.101286,0.0590418
22.152,-0.00613592,0,-0.0911572,-0.10026
22.154,-0.00613592,0,-0.0820415,-0.0902344
22.156,-0.00613592,0,-0.0738374,-0.081211
22.158,-0.00613592,0,-0.0664536,-0.0730899
22.16,-0.00613592,0,-0.0598083,-0.0657809
22.162,-0.00613592,0,-0.0538274,-0.0592028
22.164,-0.00613592,0,-0.0484447,-0.0532825
22.166,-0.00920388,0,-0.196998,-0.0479543
22.168,-0.00920388,0,-0.177298,-0.0431588
22.17,-0.00920388,0,-0.159569,-0.038843
22.172,-0.00920388,0,-0.143612,-0.0349587
22.174,-0.00920388,0,-0.129251,-0.0314628
22.176,-0.00920388,0,-0.116326,-0.0283165
22.178,-0.00920388,0,-0.104693,-0.0254849
22.18,-0.00920388,-0.00306796,-0.0942237,-0.176334
22.182,-0.00920388,-0.00306796,-0.0848013,-0.158701
22.184,-0.00920388,-0.00306796,-0.0763212,-0.142831
22.186,-0.00920388,-0.00306796,-0.0686891,-0.128548
22.188,-0.0122718,-0.00306796,-0.215218,-0.115693
22.19,-0.0122718,-0.00306796,-0.193696,-0.104124
22.192,-0.0122718,-0.00306796,-0.174327,-0.0937114
22.194,-0.0122718,-0.00306796,-0.156894,-0.0843402
22.196,-0.0122718,-0.00306796,-0.141205,-0.0759062
22.198,-0.0122718,-0.00306796,-0.127084,-0.0683156
22.2,-0.0122718,-0.00306796,-0.114376,-0.061484
22.202,-0.0122718,-0.00306796,-0.102938,-0.0553356
22.204,-0.0122718,-0.00306796,-0.0926444,-0.0498021
22.206,-0.0122718,-0.00306796,-0.08338,-0.0448219
22.208,-0.0122718,-0.00306796,-0.075042,-0.0403397
22.21,-0.0122718,-0.00306796,-0.0675378,-0.0363057
22.212,-0.0122718,-0.00306796,-0.060784,-0.0326751
22.214,-0.0122718,-0.00306796,-0.0547056,-0.0294076
22.216,-0.0122718,-0.00306796,-0.049235,-0.0264669
22.218,-0.0122718,0,-0.0443115,0.129578
22.22,-0.0122718,0,-0.0398804,0.11662
22.222,-0.0122718,0,-0.0358923,0.104958
22.224,-0.0122718,0,-0.0323031,0.0944623
22.226,-0.0122718,0,-0.0290728,0.0850161
22.228,-0.0122718,0,-0.0261655,0.0765145
22.23,-0.0122718,0,-0.023549,0.068863
22.232,-0.0122718,0,-0.0211941,0.0619767
22.234,-0.0122718,0,-0.0190747,0.055779
22.236,-0.0122718,0,-0.0171672,0.0502011
22.238,-0.0122718,0,-0.0154505,0.045181
22.24,-0.0122718,0,-0.0139054,0.0406629
22.242,-0.0122718,0,-0.0125149,0.0365966
22.244,-0.0122718,0,-0.0112634,0.032937
22.246,-0.0122718,0,-0.0101371,0.0296433
22.248,-0.0122718,0,-0.00912335,0.0266789
22.25,-0.0122718,0,-0.00821102,0.024011
22.252,-0.0122718,0,-0.00738991,0.0216099
22.254,-0.0122718,0,-0.00665092,0.0194489
22.256,-0.0122718,0,-0.00598583,0.0175041
22.258,-0.0153398,0,-0.158785,0.0157536
22.26,-0.0153398,0,-0.142907,0.0141783
22.262,-0.0153398,0,-0.128616,0.0127605
22.264,-0.0153398,0,-0.115755,0.0114844
22.266,-0.0153398,0,-0.104179,0.010336
22.268,-0.0153398,0,-0.0937611,0.00930237
22.27,-0.0153398,0,-0.084385,0.00837213
22.272,-0.0153398,0,-0.0759465,0.00753492
22.274,-0.0153398,0,-0.0683519,0.00678143
22.276,-0.0153398,0,-0.0615167,0.00610329
22.278,-0.0153398,0,-0.055365,0.00549296
22.28,-0.0153398,0,-0.0498285,0.00494366
22.282,-0.0153398,0,-0.0448457,0.0044493
22.284,-0.0153398,0,-0.0403611,0.00400437
22.286,-0.0153398,0,-0.036325,0.00360393
22.288,-0.0153398,0,-0.0326925,0.00324354
22.29,-0.0153398,0,-0.0294232,0.00291918
22.292,-0.0153398,0,-0.0264809,0.00262726
22.294,-0.0153398,0,-0.0238328,0.00236454
22.296,-0.0153398,0,-0.0214495,0.00212808
22.298,-0.0153398,0,-0.0193046,0.00191528
22.3,-0.0153398,0,-0.0173741,0.00172375
22.302,-0.0153398,0,-0.0156367,0.00155137
22.304,-0.0153398,0,-0.014073,0.00139624
22.306,-0.0153398,0,-0.0126657,0.00125661
22.308,-0.0153398,0,-0.0113992,0.00113095
22.31,-0.0153398,0,-0.0102592,0.00101786
22.312,-0.0153398,0,-0.00923332,0.000916071
22.314,-0.0153398,0,-0.00830999,0.000824463
22.316,-0.0153398,0,-0.00747899,0.000742017
22.318,-0.0153398,0,-0.00673109,0.000667815
22.32,-0.0153398,0,-0.00605798,0.000601034
22.322,-0.0153398,0,-0.00545219,0.00054093
22.324,-0.0153398,0,-0.00490697,0.000486837
22.326,-0.0153398,0,-0.00441627,0.000438154
22.328,-0.0153398,0,-0.00397464,0.000394338
22.33,-0.0153398,0,-0.00357718,0.000354904
22.332,-0.0153398,0,-0.00321946,0.000319414
22.334,-0.0153398,0,-0.00289752,0.000287473
22.336,-0.0153398,0,-0.00260776,0.000258725
22.338,-0.0153398,0.00306796,-0.00234699,0.153631
22.34,-0.0153398,0.00306796,-0.00211229,0.138268
22.342,-0.0153398,0.00306796,-0.00190106,0.124441
22.344,-0.0153398,0.00306796,-0.00171095,0.111997
22.346,-0.0153398,0.00306796,-0.00153986,0.100797
22.348,-0.0153398,0.00306796,-0.00138587,0.0907175
22.35,-0.0153398,0.00306796,-0.00124729,0.0816458
22.352,-0.0153398,0.00306796,-0.00112256,0.0734812
22.354,-0.0153398,0.00306796,-0.0010103,0.0661331
22.356,-0.0153398,0,-0.000909271,-0.0938783
22.358,-0.0153398,0,-0.000818344,-0.0844905
22.36,-0.0153398,0,-0.000736509,-0.0760414
22.362,-0.0153398,0,-0.000662859,-0.0684373
22.364,-0.0153398,0,-0.000596573,-0.0615936
22.366,-0.0153398,0,-0.000536915,-0.0554342
22.368,-0.0153398,0,-0.000483224,-0.0498908
22.37,-0.0184078,0,-0.153833,-0.0449017
22.372,-0.0184078,0,-0.13845,-0.0404115
22.374,-0.0184078,0,-0.124605,-0.0363704
22.376,-0.0184078,0,-0.112144,-0.0327333
22.378,-0.0184078,0,-0.10093,-0.02946
22.38,-0.0184078,0,-0.0908368,-0.026514
22.382,-0.0184078,0,-0.0817532,-0.0238626
22.384,-0.0184078,0,-0.0735778,-0.0214763
22.386,-0.0184078,0,-0.0662201,-0.0193287
22.388,-0.0184078,0,-0.059598,-0.0173958
22.39,-0.0184078,0,-0.0536382,-0.0156563
22.392,-0.0184078,0,-0.0482744,-0.0140906
22.394,-0.0184078,0,-0.043447,-0.0126816
22.396,-0.0184078,0,-0.0391023,-0.0114134
22.398,-0.0184078,0,-0.0351921,-0.0102721
22.4,-0.0184078,0,-0.0316728,-0.00924486
22.402,-0.0184078,0,-0.0285056,-0.00832038
22.404,-0.0184078,0,-0.025655,-0.00748834
22.406,-0.0184078,0,-0.0230895,-0.0067395
22.408,-0.0184078,0,-0.0207806,-0.00606555
22.41,-0.0184078,0,-0.0187025,-0.005459
22.412,-0.0184078,0,-0.0168322,-0.0049131
22.414,-0.0184078,0,-0.015149,-0.00442179
22.416,-0.0184078,0,-0.0136341,-0.00397961
22.418,-0.0184078,0.00306796,-0.0122707,0.149816
22.42,-0.0184078,0.00306796,-0.0110436,0.134835
22.422,-0.0184078,0.00306796,-0.00993927,0.121351
22.424,-0.0184078,0.00306796,-0.00894535,0.109216
22.426,-0.0184078,0.00306796,-0.00805081,0.0982946
22.428,-0.0184078,0.00306796,-0.00724573,0.0884651
22.43,-0.0184078,0.00306796,-0.00652116,0.0796186
22.432,-0.0184078,0.00306796,-0.00586904,0.0716567
22.434,-0.0184078,0.00306796,-0.00528214,0.0644911
22.436,-0.0184078,0.00306796,-0.00475392,0.058042
22.438,-0.0184078,0.00306796,-0.00427853,0.0522378
22.44,-0.0184078,0.00306796,-0.00385068,0.047014
22.442,-0.0214757,0.00306796,-0.156864,0.0423126
22.444,-0.0214757,0.00306796,-0.141177,0.0380813
22.446,-0.0214757,0,-0.12706,-0.119125
22.448,-0.0214757,0,-0.114354,-0.107212
22.45,-0.0214757,0,-0.102918,-0.0964912
22.452,-0.0214757,0,-0.0926264,-0.086842
22.454,-0.0214757,0,-0.0833638,-0.0781578
22.456,-0.0214757,0,-0.0750274,-0.0703421
22.458,-0.0214757,0,-0.0675247,-0.0633078
22.46,-0.0214757,0,-0.0607722,-0.0569771
22.462,-0.0245437,0,-0.208093,-0.0512794
22.464,-0.0245437,0,-0.187284,-0.0461514
22.466,-0.0245437,0,-0.168555,-0.0415363
22.468,-0.0245437,0,-0.1517,-0.0373827
22.47,-0.0245437,0,-0.13653,-0.0336444
22.472,-0.0245437,0,-0.122877,-0.0302799
22.474,-0.0245437,0,-0.110589,-0.027252
22.476,-0.0245437,0,-0.0995303,-0.0245268
22.478,-0.0245437,0,-0.0895772,-0.0220741
22.48,-0.0245437,0,-0.0806195,-0.0198667
22.482,-0.0245437,0,-0.0725576,-0.01788
22.484,-0.0245437,0,-0.0653018,-0.016092
22.486,-0.0245437,0,-0.0587716,-0.0144828
22.488,-0.0276117,0,-0.206293,-0.0130345
22.49,-0.0276117,0,-0.185663,-0.0117311
22.492,-0.0276117,0,-0.167097,-0.010558
22.494,-0.0276117,0,-0.150387,-0.00950217
22.496,-0.0276117,0,-0.135349,-0.00855195
22.498,-0.0276117,0,-0.121814,-0.00769676
22.5,-0.0276117,0,-0.109632,-0.00692708
22.502,-0.0276117,-0.00306796,-0.0986691,-0.159632
22.504,-0.0276117,-0.00306796,-0.0888022,-0.143669
22.506,-0.0276117,-0.00306796,-0.079922,-0.129302
22.508,-0.0276117,-0.00306796,-0.0719298,-0.116372
22.51,-0.0276117,-0.00306796,-0.0647368,-0.104735
22.512,-0.0276117,-0.00306796,-0.0582631,-0.0942614
22.514,-0.0276117,-0.00306796,-0.0524368,-0.0848352
22.516,-0.0276117,-0.00306796,-0.0471931,-0.0763517
22.518,-0.0276117,-0.00306796,-0.0424738,-0.0687165
22.52,-0.0276117,-0.00306796,-0.0382264,-0.0618449
22.522,-0.0276117,-0.00306796,-0.0344038,-0.0556604
22.524,-0.0276117,-0.00306796,-0.0309634,-0.0500944
22.526,-0.0276117,-0.00306796,-0.0278671,-0.0450849
22.528,-0.0276117,-0.00306796,-0.0250804,-0.0405764
22.53,-0.0276117,-0.00306796,-0.0225723,-0.0365188
22.532,-0.0276117,-0.00306796,-0.0203151,-0.0328669
22.534,-0.0276117,-0.00306796,-0.0182836,-0.0295802
22.536,-0.0276117,0,-0.0164552,0.126776
22.538,-0.0276117,0,-0.0148097,0.114098
22.54,-0.0276117,0,-0.0133287,0.102688
22.542,-0.0276117,0,-0.0119959,0.0924196
22.544,-0.0276117,0,-0.0107963,0.0831777
22.546,-0.0276117,0,-0.00971664,0.0748599
22.548,-0.0276117,0,-0.00874498,0.0673739
22.55,-0.0276117,0,-0.00787048,0.0606365
22.552,-0.0276117,0,-0.00708343,0.0545729
22.554,-0.0276117,0,-0.00637509,0.0491156
22.556,-0.0306796,0,-0.159136,0.044204
22.558,-0.0306796,0,-0.143222,0.0397836
22.56,-0.0306796,0,-0.1289,0.0358053
22.562,-0.0306796,0,-0.11601,0.0322247
22.564,-0.0306796,0,-0.104409,0.0290023
22.566,-0.0306796,0,-0.093968,0.026102
22.568,-0.0306796,0,-0.0845712,0.0234918
22.57,-0.0306796,0,-0.0761141,0.0211426
22.572,-0.0306796,0,-0.0685027,0.0190284
22.574,-0.0306796,0,-0.0616524,0.0171255
22.576,-0.0306796,0,-0.0554872,0.015413
22.578,-0.0306796,0,-0.0499385,0.0138717
22.58,-0.0306796,0,-0.0449446,0.0124845
22.582,-0.0306796,-0.00306796,-0.0404501,-0.142162
22.584,-0.0306796,-0.00306796,-0.0364051,-0.127946
22.586,-0.0337476,-0.00306796,-0.186163,-0.115151
22.588,-0.0337476,-0.00306796,-0.167546,-0.103636
22.59,-0.0337476,-0.00306796,-0.150792,-0.0932725
22.592,-0.0337476,-0.00306796,-0.135713,-0.0839452
22.594,-0.0337476,-0.00306796,-0.122141,-0.0755507
22.596,-0.0337476,-0.00306796,-0.109927,-0.0679956
22.598,-0.0337476,-0.00306796,-0.0989345,-0.0611961
22.6,-0.0337476,-0.00306796,-0.089041,-0.0550765
22.602,-0.0337476,-0.00306796,-0.0801369,-0.0495688
22.604,-0.0337476,-0.00306796,-0.0721232,-0.0446119
22.606,-0.0337476,-0.00306796,-0.0649109,-0.0401508
22.608,-0.0337476,-0.00306796,-0.0584198,-0.0361357
22.61,-0.0337476,-0.00306796,-0.0525778,-0.0325221
22.612,-0.0337476,-0.00306796,-0.0473201,-0.0292699
22.614,-0.0337476,-0.00306796,-0.0425881,-0.0263429
22.616,-0.0337476,-0.00306796,-0.0383292,-0.0237086
22.618,-0.0337476,-0.00306796,-0.0344963,-0.0213378
22.62,-0.0337476,-0.00306796,-0.0310467,-0.019204
22.622,-0.0337476,-0.00306796,-0.027942,-0.0172836
22.624,-0.0337476,0,-0.0251478,0.137843
22.626,-0.0337476,0,-0.022633,0.124059
22.628,-0.0337476,0,-0.0203697,0.111653
22.63,-0.0337476,0,-0.0183328,0.100487
22.632,-0.0337476,0,-0.0164995,0.0904387
22.634,-0.0337476,0,-0.0148495,0.0813948
22.636,-0.0337476,0,-0.0133646,0.0732553
22.638,-0.0337476,0,-0.0120281,0.0659298
22.64,-0.0337476,0,-0.0108253,0.0593368
22.642,-0.0337476,0,-0.00974278,0.0534031
22.644,-0.0337476,0,-0.0087685,0.0480628
22.646,-0.0337476,0,-0.00789165,0.0432565
22.648,-0.0368155,0,-0.160501,0.0389309
22.65,-0.0368155,0,-0.144451,0.0350378
22.652,-0.0368155,0,-0.130005,0.031534
22.654,-0.0368155,0,-0.117005,0.0283806
22.656,-0.0368155,0,-0.105304,0.0255426
22.658,-0.0368155,0,-0.094774,0.0229883
22.66,-0.0368155,0,-0.0852966,0.0206895
22.662,-0.0368155,-0.00306796,-0.0767669,-0.134778
22.664,-0.0368155,-0.00306796,-0.0690902,-0.1213
22.666,-0.0368155,-0.00306796,-0.0621812,-0.10917
22.668,-0.0368155,-0.00306796,-0.0559631,-0.0982528
22.67,-0.0368155,-0.00306796,-0.0503668,-0.0884276
22.672,-0.0398835,-0.00306796,-0.198728,-0.0795848
22.674,-0.0398835,-0.00306796,-0.178855,-0.0716263
22.676,-0.0398835,-0.00306796,-0.16097,-0.0644637
22.678,-0.0398835,-0.00306796,-0.144873,-0.0580173
22.68,-0.0398835,-0.00306796,-0.130386,-0.0522156
22.682,-0.0398835,-0.00306796,-0.117347,-0.046994
22.684,-0.0398835,-0.00306796,-0.105612,-0.0422946
22.686,-0.0398835,-0.00306796,-0.0950511,-0.0380652
22.688,-0.0398835,-0.00306796,-0.085546,-0.0342586
22.69,-0.0398835,-0.00306796,-0.0769914,-0.0308328
22.692,-0.0398835,-0.00306796,-0.0692922,-0.0277495
22.694,-0.0398835,-0.00306796,-0.062363,-0.0249746
22.696,-0.0398835,-0.00306796,-0.0561267,-0.0224771
22.698,-0.0398835,-0.00306796,-0.050514,-0.0202294
22.7,-0.0398835,-0.00306796,-0.0454626,-0.0182064
22.702,-0.0398835,-0.00306796,-0.0409164,-0.0163858
22.704,-0.0398835,-0.00306796,-0.0368247,-0.0147472
22.706,-0.0398835,-0.00306796,-0.0331423,-0.0132725
22.708,-0.0398835,-0.00306796,-0.029828,-0.0119453
22.71,-0.0398835,-0.00306796,-0.0268452,-0.0107507
22.712,-0.0398835,-0.00306796,-0.0241607,-0.00967565
22.714,-0.0398835,-0.00306796,-0.0217446,-0.00870809
22.716,-0.0398835,-0.00306796,-0.0195702,-0.00783728
22.718,-0.0398835,-0.00306796,-0.0176132,-0.00705355
22.72,-0.0398835,-0.00306796,-0.0158518,-0.0063482
22.722,-0.0398835,-0.00306796,-0.0142667,-0.00571338
22.724,-0.0398835,-0.00306796,-0.01284,-0.00514204
22.726,-0.0398835,-0.00306796,-0.011556,-0.00462784
22.728,-0.0398835,-0.00306796,-0.0104004,-0.00416505
22.73,-0.0398835,0,-0.00936035,0.14965
22.732,-0.0398835,0,-0.00842432,0.134685
22.734,-0.0398835,0,-0.00758189,0.121216
22.736,-0.0398835,0,-0.0068237,0.109095
22.738,-0.0398835,0,-0.00614133,0.0981851
22.74,-0.0398835,0,-0.00552719,0.0883666
22.742,-0.0398835,0,-0.00497448,0.0795299
22.744,-0.0398835,0,-0.00447703,0.0715769
22.746,-0.0398835,0,-0.00402933,0.0644192
22.748,-0.0398835,0,-0.00362639,0.0579773
22.75,-0.0398835,0,-0.00326375,0.0521796
22.752,-0.0398835,0,-0.00293738,0.0469616
22.754,-0.0398835,-0.00306796,-0.00264364,-0.111133
22.756,-0.0398835,-0.00306796,-0.00237928,-0.100019
22.758,-0.0398835,-0.00306796,-0.00214135,-0.0900174
22.76,-0.0398835,-0.00306796,-0.00192721,-0.0810157
22.762,-0.0398835,-0.00306796,-0.00173449,-0.0729141
22.764,-0.0398835,-0.00306796,-0.00156104,-0.0656227
22.766,-0.0398835,-0.00306796,-0.00140494,-0.0590604
22.768,-0.0398835,-0.00306796,-0.00126444,-0.0531544
22.77,-0.0398835,-0.00306796,-0.001138,-0.047839
22.772,-0.0398835,-0.00306796,-0.0010242,-0.0430551
22.774,-0.0398835,-0.00306796,-0.00092178,-0.0387496
22.776,-0.0398835,-0.00306796,-0.000829602,-0.0348746
22.778,-0.0398835,-0.00306796,-0.000746642,-0.0313871
22.78,-0.0398835,-0.00306796,-0.000671978,-0.0282484
22.782,-0.0398835,-0.00306796,-0.00060478,-0.0254236
22.784,-0.0398835,-0.00306796,-0.000544302,-0.0228812
22.786,-0.0398835,-0.00306796,-0.000489872,-0.0205931
22.788,-0.0398835,-0.00306796,-0.000440885,-0.0185338
22.79,-0.0398835,-0.00306796,-0.000396796,-0.0166804
22.792,-0.0398835,-0.00306796,-0.000357117,-0.0150124
22.794,-0.0398835,-0.00306796,-0.000321405,-0.0135111
22.796,-0.0398835,0,-0.000289264,0.141238
22.798,-0.0398835,0,-0.000260338,0.127114
22.8,-0.0398835,0,-0.000234304,0.114403
22.802,-0.0398835,0,-0.000210874,0.102963
22.804,-0.0398835,0,-0.000189786,0.0926663
22.806,-0.0398835,0,-0.000170808,0.0833997
22.808,-0.0398835,0,-0.000153727,0.0750597
22.81,-0.0398835,0,-0.000138354,0.0675537
22.812,-0.0429515,0,-0.153523,0.0607984
22.814,-0.0429515,0,-0.13817,0.0547185
22.816,-0.0429515,0,-0.124353,0.0492467
22.818,-0.0429515,0,-0.111918,0.044322
22.82,-0.0429515,0,-0.100726,0.0398898
22.822,-0.0429515,-0.00306796,-0.0906536,-0.117497
22.824,-0.0429515,-0.00306796,-0.0815882,-0.105748
22.826,-0.0429515,-0.00306796,-0.0734294,-0.0951728
22.828,-0.0429515,-0.00306796,-0.0660864,-0.0856555
22.83,-0.0429515,-0.00306796,-0.0594778,-0.07709
22.832,-0.0429515,-0.00306796,-0.05353,-0.069381
22.834,-0.0429515,-0.00306796,-0.048177,-0.0624429
22.836,-0.0429515,-0.00306796,-0.0433593,-0.0561986
22.838,-0.0429515,-0.00306796,-0.0390234,-0.0505787
22.84,-0.0429515,-0.00306796,-0.035121,-0.0455208
22.842,-0.0429515,-0.00306796,-0.0316089,-0.0409688
22.844,-0.0429515,-0.00306796,-0.028448,-0.0368719
22.846,-0.0429515,-0.00306796,-0.0256032,-0.0331847
22.848,-0.0460194,-0.00306796,-0.176441,-0.0298662
22.85,-0.0460194,-0.00306796,-0.158797,-0.0268796
22.852,-0.0460194,-0.00306796,-0.142917,-0.0241916
22.854,-0.0460194,-0.00306796,-0.128625,-0.0217725
22.856,-0.0460194,-0.00306796,-0.115763,-0.0195952
22.858,-0.0460194,-0.00306796,-0.104187,-0.0176357
22.86,-0.0460194,-0.00306796,-0.093768,-0.0158721
22.862,-0.0460194,-0.00306796,-0.0843912,-0.0142849
22.864,-0.0460194,-0.00306796,-0.0759521,-0.0128564
22.866,-0.0460194,-0.00306796,-0.0683569,-0.0115708
22.868,-0.0460194,-0.00306796,-0.0615212,-0.0104137
22.87,-0.0460194,-0.00306796,-0.0553691,-0.00937234
22.872,-0.0460194,-0.00306796,-0.0498321,-0.0084351
22.874,-0.0460194,-0.00306796,-0.0448489,-0.00759159
22.876,-0.0460194,-0.00306796,-0.040364,-0.00683243
22.878,-0.0460194,-0.00306796,-0.0363276,-0.00614919
22.88,-0.0460194,-0.00306796,-0.0326949,-0.00553427
22.882,-0.0460194,-0.00306796,-0.0294254,-0.00498084
22.884,-0.0460194,-0.00306796,-0.0264828,-0.00448276
22.886,-0.0460194,-0.00306796,-0.0238346,-0.00403448
22.888,-0.0460194,-0.00306796,-0.0214511,-0.00363104
22.89,-0.0460194,-0.00306796,-0.019306,-0.00326793
22.892,-0.0460194,-0.00306796,-0.0173754,-0.00294114
22.894,-0.0460194,-0.00306796,-0.0156379,-0.00264703
22.896,-0.0460194,-0.00306796,-0.0140741,-0.00238232
22.898,-0.0460194,-0.00306796,-0.0126667,-0.00214409
22.9,-0.0460194,-0.00306796,-0.0114,-0.00192968
22.902,-0.0460194,-0.00306796,-0.01026,-0.00173671
22.904,-0.0460194,-0.00306796,-0.009234,-0.00156304
22.906,-0.0460194,-0.00306796,-0.0083106,-0.00140674
22.908,-0.0460194,-0.00306796,-0.00747954,-0.00126606
22.91,-0.0460194,-0.00306796,-0.00673158,-0.00113946
22.912,-0.0460194,-0.00306796,-0.00605843,-0.00102551
22.914,-0.0429515,-0.00306796,0.147945,-0.000922961
22.916,-0.0429515,-0.00306796,0.133151,-0.000830665
22.918,-0.0429515,-0.00306796,0.119836,-0.000747598
22.92,-0.0429515,-0.00306796,0.107852,-0.000672838
22.922,-0.0429515,-0.00306796,0.097067,-0.000605554
22.924,-0.0429515,-0.00306796,0.0873603,-0.000544999
22.926,-0.0429515,-0.00306796,0.0786243,-0.000490499
22.928,-0.0429515,-0.00306796,0.0707619,-0.000441449
22.93,-0.0429515,-0.00306796,0.0636857,-0.000397304
22.932,-0.0429515,-0.00306796,0.0573171,-0.000357574
22.934,-0.0429515,-0.00306796,0.0515854,-0.000321816
22.936,-0.0429515,-0.00306796,0.0464269,-0.000289635
22.938,-0.0429515,-0.00306796,0.0417842,-0.000260671
22.94,-0.0429515,-0.00306796,0.0376058,-0.000234604
22.942,-0.0429515,-0.00306796,0.0338452,-0.000211144
22.944,-0.0429515,-0.00306796,0.0304607,-0.000190029
22.946,-0.0429515,-0.00306796,0.0274146,-0.000171026
22.948,-0.0429515,-0.00306796,0.0246731,-0.000153924
22.95,-0.0429515,-0.00306796,0.0222058,-0.000138531
22.952,-0.0429515,-0.00306796,0.0199852,-0.000124678
22.954,-0.0429515,-0.00306796,0.0179867,-0.00011221
22.956,-0.0429515,-0.00306796,0.016188,-0.000100989
22.958,-0.0429515,-0.00306796,0.0145692,-9.08905e-05
22.96,-0.0429515,-0.00306796,0.0131123,-8.18014e-05
22.962,-0.0429515,-0.00306796,0.0118011,-7.36213e-05
22.964,-0.0429515,-0.00306796,0.010621,-6.62592e-05
22.966,-0.0429515,-0.00306796,0.00955888,-5.96332e-05
22.968,-0.0429515,-0.00306796,0.00860299,-5.36699e-05
22.97,-0.0429515,-0.00306796,0.00774269,-4.83029e-05
22.972,-0.0429515,-0.00306796,0.00696842,-4.34726e-05
22.974,-0.0429515,-0.00306796,0.00627158,-3.91254e-05
22.976,-0.0429515,-0.00306796,0.00564442,-3.52128e-05
22.978,-0.0429515,-0.00306796,0.00507998,-3.16915e-05
22.98,-0.0429515,-0.00306796,0.00457198,-2.85224e-05
22.982,-0.0429515,-0.00306796,0.00411478,-2.56702e-05
22.984,-0.0429515,-0.00306796,0.00370331,-2.31031e-05
22.986,-0.0429515,-0.00306796,0.00333298,-2.07928e-05
22.988,-0.0429515,-0.00306796,0.00299968,-1.87135e-05
22.99,-0.0429515,-0.00306796,0.00269971,-1.68422e-05
22.992,-0.0429515,-0.00306796,0.00242974,-1.5158e-05
22.994,-0.0429515,-0.00306796,0.00218677,-1.36422e-05
22.996,-0.0429515,-0.00306796,0.00196809,-1.2278e-05
22.998,-0.0429515,-0.00306796,0.00177128,-1.10502e-05
23,-0.0429515,-0.00306796,0.00159415,-9.94514e-06
23.002,-0.0429515,-0.00306796,0.00143474,-8.95063e-06
23.004,-0.0429515,-0.00306796,0.00129126,-8.05557e-06
23.006,-0.0429515,-0.00306796,0.00116214,-7.25001e-06
23.008,-0.0429515,-0.00306796,0.00104592,-6.52501e-06
23.01,-0.0429515,-0.00306796,0.000941331,-5.87251e-06
23.012,-0.0429515,-0.00306796,0.000847198,-5.28526e-06
23.014,-0.0429515,-0.00306796,0.000762478,-4.75673e-06
23.016,-0.0429515,-0.00306796,0.00068623,-4.28106e-06
23.018,-0.0429515,-0.00306796,0.000617607,-3.85295e-06
23.02,-0.0429515,-0.00306796,0.000555846,-3.46766e-06
23.022,-0.0429515,-0.00306796,0.000500262,-3.12089e-06
23.024,-0.0429515,-0.00306796,0.000450236,-2.8088e-06
23.026,-0.0429515,-0.00306796,0.000405212,-2.52792e-06
23.028,-0.0429515,-0.00306796,0.000364691,-2.27513e-06
23.03,-0.0429515,-0.00306796,0.000328222,-2.04762e-06
23.032,-0.0429515,-0.00306796,0.0002954,-1.84286e-06
23.034,-0.0429515,-0.00306796,0.00026586,-1.65857e-06
23.036,-0.0429515,-0.00306796,0.000239274,-1.49271e-06
23.038,-0.0429515,-0.00306796,0.000215346,-1.34344e-06
23.04,-0.0429515,-0.00306796,0.000193812,-1.2091e-06
23.042,-0.0429515,-0.00306796,0.00017443,-1.08819e-06
23.044,-0.0429515,-0.00306796,0.000156987,-9.79369e-07
23.046,-0.0429515,-0.00306796,0.000141289,-8.81432e-07
23.048,-0.0429515,-0.00613592,0.00012716,-0.153399
23.05,-0.0429515,-0.00613592,0.000114444,-0.138059
23.052,-0.0429515,-0.00613592,0.000102999,-0.124253
23.054,-0.0429515,-0.00613592,9.26995e-05,-0.111828
23.056,-0.0429515,-0.00613592,8.34296e-05,-0.100645
23.058,-0.0429515,-0.00613592,7.50866e-05,-0.0905805
23.06,-0.0429515,-0.00613592,6.75779e-05,-0.0815224
23.062,-0.0429515,-0.00613592,6.08201e-05,-0.0733702
23.064,-0.0398835,-0.00613592,0.153453,-0.0660332
23.066,-0.0398835,-0.00613592,0.138108,-0.0594299
23.068,-0.0398835,-0.00613592,0.124297,-0.0534869
23.07,-0.0398835,-0.00613592,0.111867,-0.0481382
23.072,-0.0398835,-0.00613592,0.10068,-0.0433244
23.074,-0.0398835,-0.00306796,0.0906124,0.114406
23.076,-0.0398835,-0.00306796,0.0815511,0.102966
23.078,-0.0398835,-0.00306796,0.073396,0.092669
23.08,-0.0398835,-0.00306796,0.0660564,0.0834021
23.082,-0.0398835,-0.00306796,0.0594508,0.0750619
23.084,-0.0398835,-0.00306796,0.0535057,0.0675557
23.086,-0.0368155,-0.00306796,0.201553,0.0608001
23.088,-0.0368155,-0.00306796,0.181398,0.0547201
23.09,-0.0368155,0,0.163258,0.202646
23.092,-0.0368155,0,0.146932,0.182382
23.094,-0.0368155,0,0.132239,0.164143
23.096,-0.0368155,0,0.119015,0.147729
23.098,-0.0368155,0,0.107114,0.132956
23.1,-0.0368155,0,0.0964023,0.119661
23.102,-0.0368155,0,0.086762,0.107694
23.104,-0.0368155,0,0.0780858,0.096925
23.106,-0.0337476,0,0.223675,0.0872325
23.108,-0.0337476,0,0.201308,0.0785093
23.11,-0.0337476,0,0.181177,0.0706584
23.112,-0.0337476,0,0.163059,0.0635925
23.114,-0.0337476,0,0.146753,0.0572333
23.116,-0.0337476,0,0.132078,0.0515099
23.118,-0.0337476,0,0.11887,0.0463589
23.12,-0.0337476,0,0.106983,0.041723
23.122,-0.0337476,0,0.0962849,0.0375507
23.124,-0.0337476,0,0.0866564,0.0337957
23.126,-0.0337476,0,0.0779908,0.0304161
23.128,-0.0337476,0,0.0701917,0.0273745
23.13,-0.0337476,0,0.0631725,0.024637
23.132,-0.0337476,0,0.0568553,0.0221733
23.134,-0.0337476,0,0.0511697,0.019956
23.136,-0.0337476,0,0.0460528,0.0179604
23.138,-0.0337476,0,0.0414475,0.0161644
23.14,-0.0337476,0,0.0373027,0.0145479
23.142,-0.0337476,0,0.0335725,0.0130931
23.144,-0.0306796,0,0.183613,0.0117838
23.146,-0.0306796,0,0.165252,0.0106054
23.148,-0.0306796,0,0.148727,0.0095449
23.15,-0.0306796,0,0.133854,0.00859041
23.152,-0.0306796,0,0.120469,0.00773137
23.154,-0.0306796,0,0.108422,0.00695823
23.156,-0.0306796,0,0.0975796,0.00626241
23.158,-0.0306796,0,0.0878217,0.00563617
23.16,-0.0306796,0,0.0790395,0.00507255
23.162,-0.0306796,0,0.0711356,0.00456529
23.164,-0.0306796,0,0.064022,0.00410876
23.166,-0.0306796,0,0.0576198,0.00369789
23.168,-0.0306796,0,0.0518578,0.0033281
23.17,-0.0306796,0,0.046672,0.00299529
23.172,-0.0306796,0,0.0420048,0.00269576
23.174,-0.0306796,0,0.0378044,0.00242618
23.176,-0.0306796,0,0.0340239,0.00218357
23.178,-0.0306796,0,0.0306215,0.00196521
23.18,-0.0306796,0,0.0275594,0.00176869
23.182,-0.0306796,0,0.0248034,0.00159182
23.184,-0.0306796,0,0.0223231,0.00143264
23.186,-0.0306796,0,0.0200908,0.00128937
23.188,-0.0306796,0,0.0180817,0.00116044
23.19,-0.0306796,0,0.0162735,0.00104439
23.192,-0.0306796,0,0.0146462,0.000939954
23.194,-0.0306796,0,0.0131816,0.000845958
23.196,-0.0306796,0,0.0118634,0.000761362
23.198,-0.0306796,0,0.0106771,0.000685226
23.2,-0.0306796,0,0.00960936,0.000616704
23.202,-0.0306796,-0.00306796,0.00864842,-0.152843
23.204,-0.0306796,-0.00306796,0.00778358,-0.137559
23.206,-0.0306796,-0.00306796,0.00700522,-0.123803
23.208,-0.0306796,-0.00306796,0.0063047,-0.111423
23.21,-0.0306796,-0.00306796,0.00567423,-0.10028
23.212,-0.0306796,-0.00306796,0.00510681,-0.0902523
23.214,-0.0306796,-0.00306796,0.00459613,-0.0812271
23.216,-0.0276117,-0.00306796,0.157535,-0.0731044
23.218,-0.0276117,-0.00306796,0.141781,-0.0657939
23.22,-0.0276117,-0.00306796,0.127603,-0.0592145
23.222,-0.0276117,-0.00306796,0.114843,-0.0532931
23.224,-0.0276117,-0.00306796,0.103358,-0.0479638
23.226,-0.0276117,-0.00306796,0.0930226,-0.0431674
23.228,-0.0276117,-0.00306796,0.0837203,-0.0388507
23.23,-0.0276117,0,0.0753483,0.118432
23.232,-0.0276117,0,0.0678135,0.106589
23.234,-0.0276117,0,0.0610321,0.0959303
23.236,-0.0276117,0,0.0549289,0.0863373
23.238,-0.0276117,0,0.049436,0.0777036
23.24,-0.0276117,0,0.0444924,0.0699332
23.242,-0.0245437,0,0.193441,0.0629399
23.244,-0.0245437,0,0.174097,0.0566459
23.246,-0.0245437,0,0.156687,0.0509813
23.248,-0.0245437,0,0.141019,0.0458832
23.25,-0.0245437,0,0.126917,0.0412949
23.252,-0.0245437,0,0.114225,0.0371654
23.254,-0.0245437,0,0.102803,0.0334488
23.256,-0.0245437,0,0.0925224,0.030104
23.258,-0.0245437,0,0.0832701,0.0270936
23.26,-0.0245437,0,0.0749431,0.0243842
23.262,-0.0245437,0,0.0674488,0.0219458
23.264,-0.0245437,0,0.0607039,0.0197512
23.266,-0.0214757,0,0.208032,0.0177761
23.268,-0.0214757,0,0.187228,0.0159985
23.27,-0.0214757,0,0.168506,0.0143986
23.272,-0.0214757,0.00306796,0.151655,0.166357
23.274,-0.0214757,0.00306796,0.13649,0.149721
23.276,-0.0214757,0.00306796,0.122841,0.134749
23.278,-0.0214757,0.00306796,0.110557,0.121274
23.28,-0.0214757,0.00306796,0.0995009,0.109147
23.282,-0.0214757,0.00306796,0.0895508,0.0982321
23.284,-0.0214757,0.00306796,0.0805957,0.0884088
23.286,-0.0214757,0,0.0725361,-0.0738301
23.288,-0.0214757,0,0.0652825,-0.0664471
23.29,-0.0214757,0,0.0587543,-0.0598024
23.292,-0.0214757,0,0.0528788,-0.0538222
23.294,-0.0214757,0,0.047591,-0.0484399
23.296,-0.0214757,0,0.0428319,-0.0435959
23.298,-0.0214757,0,0.0385487,-0.0392364
23.3,-0.0214757,0,0.0346938,-0.0353127
23.302,-0.0214757,0,0.0312244,-0.0317814
23.304,-0.0214757,0,0.028102,-0.0286033
23.306,-0.0214757,0,0.0252918,-0.025743
23.308,-0.0214757,0,0.0227626,-0.0231687
23.31,-0.0214757,0,0.0204863,-0.0208518
23.312,-0.0214757,0,0.0184377,-0.0187666
23.314,-0.0214757,0,0.0165939,-0.01689
23.316,-0.0214757,0,0.0149345,-0.015201
23.318,-0.0214757,0,0.0134411,-0.0136809
23.32,-0.0214757,0,0.012097,-0.0123128
23.322,-0.0214757,0,0.0108873,-0.0110815
23.324,-0.0214757,0,0.00979856,-0.00997335
23.326,-0.0214757,0,0.0088187,-0.00897602
23.328,-0.0214757,-0.00306796,0.00793683,-0.161476
23.33,-0.0214757,-0.00306796,0.00714315,-0.145329
23.332,-0.0214757,-0.00306796,0.00642883,-0.130796
23.334,-0.0214757,-0.00306796,0.00578595,-0.117716
23.336,-0.0214757,-0.00306796,0.00520735,-0.105945
23.338,-0.0214757,-0.00306796,0.00468662,-0.0953503
23.34,-0.0214757,-0.00306796,0.00421796,-0.0858152
23.342,-0.0214757,-0.00306796,0.00379616,-0.0772337
23.344,-0.0214757,-0.00306796,0.00341655,-0.0695103
23.346,-0.0214757,-0.00306796,0.00307489,-0.0625593
23.348,-0.0214757,-0.00306796,0.0027674,-0.0563034
23.35,-0.0214757,-0.00306796,0.00249066,-0.050673
23.352,-0.0184078,-0.00306796,0.15564,-0.0456057
23.354,-0.0184078,-0.00306796,0.140076,-0.0410452
23.356,-0.0184078,-0.00306796,0.126068,-0.0369406
23.358,-0.0184078,-0.00306796,0.113461,-0.0332466
23.36,-0.0184078,-0.00306796,0.102115,-0.0299219
23.362,-0.0184078,0,0.0919037,0.126468
23.364,-0.0184078,0,0.0827133,0.113822
23.366,-0.0184078,0,0.074442,0.102439
23.368,-0.0184078,0,0.0669978,0.0921954
23.37,-0.0184078,0,0.060298,0.0829759
23.372,-0.0184078,0,0.0542682,0.0746783
23.374,-0.0184078,0,0.0488414,0.0672105
23.376,-0.0184078,0,0.0439572,0.0604894
23.378,-0.0153398,0,0.19296,0.0544405
23.38,-0.0153398,0,0.173664,0.0489964
23.382,-0.0153398,0,0.156297,0.0440968
23.384,-0.0153398,0,0.140668,0.0396871
23.386,-0.0153398,0,0.126601,0.0357184
23.388,-0.0153398,0,0.113941,0.0321466
23.39,-0.0153398,0,0.102547,0.0289319
23.392,-0.0153398,0,0.092292,0.0260387
23.394,-0.0153398,0,0.0830628,0.0234348
23.396,-0.0153398,0,0.0747565,0.0210914
23.398,-0.0153398,0,0.0672809,0.0189822
23.4,-0.0153398,0,0.0605528,0.017084
23.402,-0.0153398,0,0.0544975,0.0153756
23.404,-0.0153398,0,0.0490477,0.013838
23.406,-0.0153398,0,0.044143,0.0124542
23.408,-0.0153398,0,0.0397287,0.0112088
23.41,-0.0153398,0,0.0357558,0.0100879
23.412,-0.0153398,0,0.0321802,0.00907914
23.414,-0.0153398,0,0.0289622,0.00817122
23.416,-0.0153398,0,0.026066,0.0073541
23.418,-0.0153398,0,0.0234594,0.00661869
23.42,-0.0153398,0,0.0211134,0.00595682
23.422,-0.0153398,0,0.0190021,0.00536114
23.424,-0.0153398,0,0.0171019,0.00482503
23.426,-0.0122718,0,0.16879,0.00434252
23.428,-0.0122718,0,0.151911,0.00390827
23.43,-0.0122718,0,0.13672,0.00351744
23.432,-0.0122718,0,0.123048,0.0031657
23.434,-0.0122718,0,0.110743,0.00284913
23.436,-0.0122718,0,0.0996687,0.00256422
23.438,-0.0122718,0,0.0897018,0.00230779
23.44,-0.0122718,0,0.0807316,0.00207702
23.442,-0.0122718,0,0.0726585,0.00186931
23.444,-0.0122718,0,0.0653926,0.00168238
23.446,-0.0122718,0,0.0588534,0.00151414
23.448,-0.0122718,0,0.052968,0.00136273
23.45,-0.0122718,0,0.0476712,0.00122646
23.452,-0.0122718,0,0.0429041,0.00110381
23.454,-0.0122718,0,0.0386137,0.00099343
23.456,-0.0122718,0,0.0347523,0.000894087
23.458,-0.0122718,0,0.0312771,0.000804678
23.46,-0.0122718,0,0.0281494,0.00072421
23.462,-0.0122718,0,0.0253344,0.000651789
23.464,-0.0122718,0,0.022801,0.000586611
23.466,-0.0122718,0,0.0205209,0.000527949
23.468,-0.0122718,0,0.0184688,0.000475155
23.47,-0.0122718,-0.00306796,0.0166219,-0.15297
23.472,-0.0122718,-0.00306796,0.0149597,-0.137673
23.474,-0.0122718,-0.00306796,0.0134638,-0.123906
23.476,-0.0122718,-0.00306796,0.0121174,-0.111515
23.478,-0.0122718,-0.00306796,0.0109056,-0.100364
23.48,-0.0122718,-0.00306796,0.00981508,-0.0903275
23.482,-0.0122718,-0.00306796,0.00883357,-0.0812948
23.484,-0.0122718,-0.00306796,0.00795022,-0.0731653
23.486,-0.0122718,-0.00306796,0.00715519,-0.0658488
23.488,-0.0122718,-0.00306796,0.00643967,-0.0592639
23.49,-0.0122718,-0.00306796,0.00579571,-0.0533375
23.492,-0.0122718,-0.00306796,0.00521614,-0.0480037
23.494,-0.0122718,-0.00306796,0.00469452,-0.0432034
23.496,-0.0122718,-0.00306796,0.00422507,-0.038883
23.498,-0.0122718,-0.00306796,0.00380256,-0.0349947
23.5,-0.00920388,-0.00306796,0.15682,-0.0314953
23.502,-0.00920388,-0.00306796,0.141138,-0.0283457
23.504,-0.00920388,-0.00306796,0.127025,-0.0255112
23.506,-0.00920388,-0.00306796,0.114322,-0.02296
23.508,-0.00920388,-0.00306796,0.10289,-0.020664
23.51,-0.00920388,-0.00306796,0.0926009,-0.0185976
23.512,-0.00920388,0,0.0833408,0.13666
23.514,-0.00920388,0,0.0750067,0.122994
23.516,-0.00920388,0,0.067506,0.110695
23.518,-0.00920388,0,0.0607554,0.0996253
23.52,-0.00920388,0,0.0546799,0.0896628
23.522,-0.00920388,0,0.0492119,0.0806965
23.524,-0.00920388,0,0.0442907,0.0726268
23.526,-0.00613592,0,0.19326,0.0653642
23.528,-0.00613592,0,0.173934,0.0588277
23.53,-0.00613592,0,0.15654,0.052945
23.532,-0.00613592,0,0.140886,0.0476505
23.534,-0.00613592,0,0.126798,0.0428854
23.536,-0.00613592,0,0.114118,0.0385969
23.538,-0.00613592,0,0.102706,0.0347372
23.54,-0.00613592,0,0.0924355,0.0312635
23.542,-0.00613592,0,0.083192,0.0281371
23.544,-0.00613592,0,0.0748728,0.0253234
23.546,-0.00613592,0,0.0673855,0.0227911
23.548,-0.00613592,0,0.0606469,0.020512
23.55,-0.00613592,0,0.0545823,0.0184608
23.552,-0.00613592,0,0.049124,0.0166147
23.554,-0.00613592,0,0.0442116,0.0149532
23.556,-0.00613592,0,0.0397905,0.0134579
23.558,-0.00613592,0,0.0358114,0.0121121
23.56,-0.00613592,0,0.0322303,0.0109009
23.562,-0.00613592,0,0.0290072,0.00981081
23.564,-0.00613592,0,0.0261065,0.00882973
23.566,-0.00613592,0,0.0234959,0.00794676
23.568,-0.00613592,0,0.0211463,0.00715208
23.57,-0.00613592,0,0.0190317,0.00643687
23.572,-0.00613592,-0.00306796,0.0171285,-0.147605
23.574,-0.00613592,-0.00306796,0.0154156,-0.132844
23.576,-0.00613592,-0.00306796,0.0138741,-0.11956
23.578,-0.00613592,-0.00306796,0.0124867,-0.107604
23.58,-0.00613592,-0.00306796,0.011238,-0.0968436
23.582,-0.00613592,-0.00306796,0.0101142,-0.0871592
23.584,-0.00613592,-0.00306796,0.00910278,-0.0784433
23.586,-0.00613592,-0.00306796,0.0081925,-0.070599
23.588,-0.00613592,-0.00306796,0.00737325,-0.0635391
23.59,-0.00306796,-0.00306796,0.160034,-0.0571852
23.592,-0.00306796,-0.00306796,0.144031,-0.0514666
23.594,-0.00306796,-0.00306796,0.129628,-0.04632
23.596,-0.00306796,-0.00306796,0.116665,-0.041688
23.598,-0.00306796,-0.00306796,0.104998,-0.0375192
23.6,-0.00306796,-0.00306796,0.0944985,-0.0337673
23.602,-0.00306796,-0.00306796,0.0850486,-0.0303905
23.604,-0.00306796,-0.00306796,0.0765438,-0.0273515
23.606,-0.00306796,0,0.0688894,0.128782
23.608,-0.00306796,0,0.0620005,0.115904
23.61,-0.00306796,0,0.0558004,0.104313
23.612,-0.00306796,0,0.0502204,0.0938819
23.614,-0.00306796,0,0.0451983,0.0844937
23.616,-0,0,0.194077,0.0760443
23.618,-0,0,0.174669,0.0684399
23.62,-0,0,0.157202,0.0615959
23.622,-0,0,0.141482,0.0554363
23.624,-0,0,0.127334,0.0498927
23.626,-0,0,0.1146,0.0449034
23.628,-0,0,0.10314,0.0404131
23.63,-0,0,0.0928262,0.0363718
23.632,-0,0,0.0835436,0.0327346
23.634,-0,0,0.0751892,0.0294611
23.636,-0,0,0.0676703,0.026515
23.638,0.00306796,0,0.214301,0.0238635
23.64,0.00306796,0,0.192871,0.0214772
23.642,0.00306796,0,0.173584,0.0193294
23.644,0.00306796,0,0.156226,0.0173965
23.646,0.00306796,0,0.140603,0.0156569
23.648,0.00306796,0,0.126543,0.0140912
23.65,0.00306796,0,0.113889,0.0126821
23.652,0.00306796,0,0.1025,0.0114138
23.654,0.00306796,0.00306796,0.0922497,0.163671
23.656,0.00306796,0.00306796,0.0830247,0.147303
23.658,0.00306796,0.00306796,0.0747223,0.132573
23.66,0.00306796,0.00306796,0.06725,0.119316
23.662,0.00306796,0.00306796,0.060525,0.107384
23.664,0.00306796,0,0.0544725,-0.0567523
23.666,0.00306796,0,0.0490253,-0.051077
23.668,0.00306796,0,0.0441228,-0.0459693
23.67,0.00306796,0,0.0397105,-0.0413724
23.672,0.00306796,0,0.0357394,-0.0372352
23.674,0.00306796,0,0.0321655,-0.0335116
23.676,0.00306796,0,0.0289489,-0.0301605
23.678,0.00306796,0,0.026054,-0.0271444
23.68,0.00306796,0,0.0234486,-0.02443
23.682,0.00306796,0,0.0211038,-0.021987
23.684,0.00306796,0,0.0189934,-0.0197883
23.686,0.00306796,0,0.0170941,-0.0178095
23.688,0.00306796,0,0.0153847,-0.0160285
23.69,0.00306796,0,0.0138462,-0.0144257
23.692,0.00306796,0,0.0124616,-0.0129831
23.694,0.00306796,0,0.0112154,-0.0116848
23.696,0.00306796,0,0.0100939,-0.0105163
23.698,0.00306796,0,0.00908448,-0.00946468
23.7,0.00306796,-0.00306796,0.00817603,-0.161916
23.702,0.00306796,-0.00306796,0.00735843,-0.145725
23.704,0.00306796,-0.00306796,0.00662259,-0.131152
23.706,0.00306796,-0.00306796,0.00596033,-0.118037
23.708,0.00306796,-0.00306796,0.0053643,-0.106233
23.71,0.00306796,-0.00306796,0.00482787,-0.0956099
23.712,0.00306796,-0.00306796,0.00434508,-0.086049
23.714,0.00306796,-0.00306796,0.00391057,-0.0774441
23.716,0.00613592,-0.00306796,0.156918,-0.0696997
23.718,0.00613592,-0.00306796,0.141226,-0.0627297
23.72,0.00613592,-0.00306796,0.127103,-0.0564567
23.722,0.00613592,-0.00306796,0.114393,-0.050811
23.724,0.00613592,-0.00306796,0.102954,-0.0457299
23.726,0.00613592,-0.00306796,0.0926583,-0.0411569
23.728,0.00613592,-0.00306796,0.0833924,-0.0370413
23.73,0.00613592,0,0.0750532,0.120061
23.732,0.00613592,0,0.0675479,0.108055
23.734,0.00613592,0,0.0607931,0.0972494
23.736,0.00613592,0,0.0547138,0.0875244
23.738,0.00920388,0,0.20264,0.078772
23.74,0.00920388,0,0.182376,0.0708948
23.742,0.00920388,0,0.164139,0.0638053
23.744,0.00920388,0,0.147725,0.0574248
23.746,0.00920388,0,0.132952,0.0516823
23.748,0.00920388,0,0.119657,0.0465141
23.75,0.00920388,0,0.107691,0.0418627
23.752,0.00920388,0.00306796,0.0969223,0.191074
23.754,0.00920388,0.00306796,0.0872301,0.171967
23.756,0.00920388,0.00306796,0.0785071,0.15477
23.758,0.00920388,0.00306796,0.0706564,0.139293
23.76,0.00920388,0.00306796,0.0635907,0.125364
23.762,0.00920388,0.00306796,0.0572317,0.112828
23.764,0.00920388,0.00306796,0.0515085,0.101545
23.766,0.00920388,0.00306796,0.0463576,0.0913903
23.768,0.00920388,0.00306796,0.0417219,0.0822513
23.77,0.00920388,0,0.0375497,-0.0793719
23.772,0.00920388,0,0.0337947,-0.0714347
23.774,0.00920388,0,0.0304152,-0.0642912
23.776,0.00920388,0,0.0273737,-0.0578621
23.778,0.00920388,0,0.0246364,-0.0520759
23.78,0.00920388,0,0.0221727,-0.0468683
23.782,0.00920388,0,0.0199554,-0.0421815
23.784,0.00920388,0,0.0179599,-0.0379633
23.786,0.00920388,0,0.0161639,-0.034167
23.788,0.00920388,0,0.0145475,-0.0307503
23.79,0.00920388,0,0.0130928,-0.0276753
23.792,0.00920388,0,0.0117835,-0.0249077
23.794,0.00920388,0,0.0106051,-0.022417
23.796,0.00920388,0,0.00954463,-0.0201753
23.798,0.00920388,0,0.00859016,-0.0181577
23.8,0.00920388,0,0.00773115,-0.016342
23.802,0.00920388,0,0.00695803,-0.0147078
23.804,0.00920388,0,0.00626223,-0.013237
23.806,0.00920388,0,0.00563601,-0.0119133
23.808,0.00920388,0,0.00507241,-0.010722
23.81,0.00920388,-0.00306796,0.00456517,-0.163048
23.812,0.00920388,-0.00306796,0.00410865,-0.146743
23.814,0.00920388,-0.00306796,0.00369778,-0.132069
23.816,0.00920388,-0.00306796,0.00332801,-0.118862
23.818,0.00920388,-0.00306796,0.00299521,-0.106976
23.82,0.00920388,-0.00306796,0.00269568,-0.0962781
23.822,0.00920388,-0.00306796,0.00242612,-0.0866503
23.824,0.00920388,-0.00306796,0.0021835,-0.0779853
23.826,0.0122718,-0.00306796,0.155363,-0.0701868
23.828,0.0122718,-0.00306796,0.139827,-0.0631681
23.83,0.0122718,-0.00306796,0.125844,-0.0568513
23.832,0.0122718,-0.00306796,0.11326,-0.0511661
23.834,0.0122718,-0.00306796,0.101934,-0.0460495
23.836,0.0122718,-0.00306796,0.0917404,-0.0414446
23.838,0.0122718,-0.00306796,0.0825664,-0.0373001
23.84,0.0122718,0,0.0743098,0.119828
23.842,0.0122718,0,0.0668788,0.107845
23.844,0.0153398,0,0.213589,0.0970607
23.846,0.0153398,0,0.19223,0.0873546
23.848,0.0153398,0,0.173007,0.0786191
23.85,0.0153398,0,0.155706,0.0707572
23.852,0.0153398,0,0.140136,0.0636815
23.854,0.0153398,0,0.126122,0.0573133
23.856,0.0153398,0,0.11351,0.051582
23.858,0.0153398,0.00306796,0.102159,0.199822
23.86,0.0153398,0.00306796,0.0919431,0.17984
23.862,0.0184078,0.00306796,0.236147,0.161856
23.864,0.0184078,0.00306796,0.212532,0.14567
23.866,0.0184078,0.00306796,0.191279,0.131103
23.868,0.0184078,0.00306796,0.172151,0.117993
23.87,0.0184078,0.00306796,0.154936,0.106194
23.872,0.0184078,0.00306796,0.139442,0.0955742
23.874,0.0184078,0.00306796,0.125498,0.0860168
23.876,0.0184078,0.00306796,0.112948,0.0774151
23.878,0.0184078,0.00306796,0.101653,0.0696736
23.88,0.0184078,0.00306796,0.0914881,0.0627062
23.882,0.0184078,0.00306796,0.0823393,0.0564356
23.884,0.0184078,0.00306796,0.0741054,0.050792
23.886,0.0184078,0.00306796,0.0666948,0.0457128
23.888,0.0184078,0.00306796,0.0600254,0.0411416
23.89,0.0184078,0.00306796,0.0540228,0.0370274
23.892,0.0184078,0.00306796,0.0486205,0.0333247
23.894,0.0184078,0.00306796,0.0437585,0.0299922
23.896,0.0184078,0.00306796,0.0393826,0.026993
23.898,0.0184078,0.00306796,0.0354444,0.0242937
23.9,0.0184078,0.00306796,0.0318999,0.0218643
23.902,0.0184078,0.00306796,0.0287099,0.0196779
23.904,0.0184078,0.00306796,0.0258389,0.0177101
23.906,0.0184078,0.00306796,0.0232551,0.0159391
23.908,0.0184078,0,0.0209295,-0.139053
23.91,0.0184078,0,0.0188366,-0.125148
23.912,0.0184078,0,0.0169529,-0.112633
23.914,0.0184078,0,0.0152576,-0.10137
23.916,0.0184078,0,0.0137319,-0.0912326
23.918,0.0184078,0,0.0123587,-0.0821094
23.92,0.0184078,0,0.0111228,-0.0738984
23.922,0.0184078,0,0.0100105,-0.0665086
23.924,0.0184078,0,0.00900948,-0.0598577
23.926,0.0184078,0,0.00810854,-0.0538719
23.928,0.0184078,0,0.00729768,-0.0484848
23.93,0.0184078,0,0.00656791,-0.0436363
23.932,0.0184078,0,0.00591112,-0.0392726
23.934,0.0184078,0,0.00532001,-0.0353454
23.936,0.0184078,0,0.00478801,-0.0318108
23.938,0.0184078,0,0.00430921,-0.0286298
23.94,0.0184078,0,0.00387829,-0.0257668
23.942,0.0184078,0,0.00349046,-0.0231901
23.944,0.0184078,0,0.00314141,-0.0208711
23.946,0.0184078,0,0.00282727,-0.018784
23.948,0.0184078,0,0.00254454,-0.0169056
23.95,0.0184078,0,0.00229009,-0.015215
23.952,0.0184078,0,0.00206108,-0.0136935
23.954,0.0184078,0,0.00185497,-0.0123242
23.956,0.0184078,0,0.00166948,-0.0110918
23.958,0.0184078,0,0.00150253,-0.00998258
23.96,0.0184078,0,0.00135228,-0.00898432
23.962,0.0184078,0,0.00121705,-0.00808589
23.964,0.0184078,0,0.00109534,-0.0072773
23.966,0.0184078,0,0.000985809,-0.00654957
23.968,0.0184078,0,0.000887228,-0.00589461
23.97,0.0184078,0,0.000798505,-0.00530515
23.972,0.0184078,0,0.000718654,-0.00477464
23.974,0.0184078,0,0.000646789,-0.00429717
23.976,0.0184078,0,0.00058211,-0.00386746
23.978,0.0184078,0,0.000523899,-0.00348071
23.98,0.0184078,0,0.000471509,-0.00313264
23.982,0.0184078,0,0.000424358,-0.00281938
23.984,0.0184078,-0.00306796,0.000381922,-0.155936
23.986,0.0184078,-0.00306796,0.00034373,-0.140342
23.988,0.0184078,-0.00306796,0.000309357,-0.126308
23.99,0.0184078,-0.00306796,0.000278421,-0.113677
23.992,0.0184078,-0.00306796,0.000250579,-0.102309
23.994,0.0184078,-0.00306796,0.000225521,-0.0920784
23.996,0.0184078,-0.00306796,0.000202969,-0.0828705
23.998,0.0184078,-0.00306796,0.000182672,-0.0745835
24,0.0184078,-0.00306796,0.000164405,-0.0671251
24.002,0.0184078,-0.00306796,0.000147965,-0.0604126
24.004,0.0184078,-0.00306796,0.000133168,-0.0543714
24.006,0.0214757,-0.00306796,0.153518,-0.0489342
24.008,0.0214757,0,0.138166,0.109357
24.01,0.0214757,0,0.12435,0.0984216
24.012,0.0214757,0,0.111915,0.0885794
24.014,0.0214757,0,0.100723,0.0797215
24.016,0.0214757,0,0.0906508,0.0717493
24.018,0.0214757,0,0.0815857,0.0645744
24.02,0.0214757,0,0.0734272,0.0581169
24.022,0.0214757,0,0.0660844,0.0523052
24.024,0.0214757,0,0.059476,0.0470747
24.026,0.0214757,0,0.0535284,0.0423673
24.028,0.0214757,0,0.0481756,0.0381305
24.03,0.0214757,0,0.043358,0.0343175
24.032,0.0214757,0,0.0390222,0.0308857
24.034,0.0214757,0,0.03512,0.0277972
24.036,0.0214757,0,0.031608,0.0250174
24.038,0.0214757,0,0.0284472,0.0225157
24.04,0.0214757,0,0.0256025,0.0202641
24.042,0.0214757,0,0.0230422,0.0182377
24.044,0.0214757,0,0.020738,0.0164139
24.046,0.0214757,0,0.0186642,0.0147725
24.048,0.0214757,0,0.0167978,0.0132953
24.05,0.0214757,0,0.015118,0.0119658
24.052,0.0214757,0,0.0136062,0.0107692
24.054,0.0214757,0,0.0122456,0.00969227
24.056,0.0214757,0,0.011021,0.00872304
24.058,0.0214757,0,0.00991892,0.00785074
24.06,0.0214757,0,0.00892703,0.00706566
24.062,0.0214757,0,0.00803432,0.0063591
24.064,0.0214757,0,0.00723089,0.00572319
24.066,0.0214757,0,0.0065078,0.00515087
24.068,0.0214757,0,0.00585702,0.00463578
24.07,0.0214757,0,0.00527132,0.0041722
24.072,0.0214757,0,0.00474419,0.00375498
24.074,0.0214757,0,0.00426977,0.00337949
24.076,0.0214757,0,0.00384279,0.00304154
24.078,0.0214757,0,0.00345851,0.00273738
24.08,0.0214757,0,0.00311266,0.00246364
24.082,0.0214757,0,0.0028014,0.00221728
24.084,0.0214757,0,0.00252126,0.00199555
24.086,0.0214757,0,0.00226913,0.001796
24.088,0.0214757,0,0.00204222,0.0016164
24.09,0.0214757,0,0.001838,0.00145476
24.092,0.0214757,0,0.0016542,0.00130928
24.094,0.0214757,-0.00306796,0.00148878,-0.15222
24.096,0.0214757,-0.00306796,0.0013399,-0.136998
24.098,0.0214757,-0.00306796,0.00120591,-0.123298
24.1,0.0214757,-0.00306796,0.00108532,-0.110968
24.102,0.0214757,-0.00306796,0.000976786,-0.0998714
24.104,0.0214757,-0.00306796,0.000879108,-0.0898842
24.106,0.0214757,-0.00306796,0.000791197,-0.0808958
24.108,0.0214757,-0.00306796,0.000712077,-0.0728062
24.11,0.0214757,-0.00306796,0.000640869,-0.0655256
24.112,0.0214757,-0.00306796,0.000576783,-0.058973
24.114,0.0214757,-0.00306796,0.000519104,-0.0530757
24.116,0.0214757,-0.00306796,0.000467194,-0.0477682
24.118,0.0214757,-0.00306796,0.000420474,-0.0429913
24.12,0.0214757,0,0.000378427,0.114706
24.122,0.0245437,0,0.153739,0.103235
24.124,0.0245437,0,0.138365,0.0929118
24.126,0.0245437,0,0.124528,0.0836206
24.128,0.0245437,0,0.112075,0.0752585
24.13,0.0245437,0,0.100868,0.0677327
24.132,0.0245437,0,0.0907811,0.0609594
24.134,0.0245437,0,0.081703,0.0548635
24.136,0.0245437,0,0.0735327,0.0493771
24.138,0.0245437,0,0.0661795,0.0444394
24.14,0.0245437,0,0.0595615,0.0399955
24.142,0.0245437,0,0.0536054,0.0359959
24.144,0.0245437,0,0.0482448,0.0323963
24.146,0.0245437,0,0.0434203,0.0291567
24.148,0.0245437,0,0.0390783,0.026241
24.15,0.0245437,0,0.0351705,0.0236169
24.152,0.0245437,0,0.0316534,0.0212552
24.154,0.0245437,0,0.0284881,0.0191297
24.156,0.0245437,0,0.0256393,0.0172167
24.158,0.0245437,0,0.0230753,0.0154951
24.16,0.0245437,0,0.0207678,0.0139456
24.162,0.0245437,0,0.018691,0.012551
24.164,0.0245437,0,0.0168219,0.0112959
24.166,0.0245437,0,0.0151397,0.0101663
24.168,0.0245437,0,0.0136258,0.00914968
24.17,0.0245437,0,0.0122632,0.00823471
24.172,0.0245437,0,0.0110369,0.00741124
24.174,0.0245437,0,0.00993318,0.00667012
24.176,0.0245437,0,0.00893986,0.0060031
24.178,0.0245437,0,0.00804588,0.00540279
24.18,0.0245437,0,0.00724129,0.00486251
24.182,0.0245437,0,0.00651716,0.00437626
24.184,0.0245437,0,0.00586544,0.00393864
24.186,0.0245437,0,0.0052789,0.00354477
24.188,0.0245437,0,0.00475101,0.0031903
24.19,0.0245437,0,0.00427591,0.00287127
24.192,0.0245437,-0.00306796,0.00384832,-0.150814
24.194,0.0245437,-0.00306796,0.00346349,-0.135733
24.196,0.0245437,-0.00306796,0.00311714,-0.122159
24.198,0.0245437,-0.00306796,0.00280542,-0.109943
24.2,0.0245437,-0.00306796,0.00252488,-0.098949
24.202,0.0245437,-0.00306796,0.00227239,-0.0890541
24.204,0.0245437,-0.00306796,0.00204515,-0.0801487
24.206,0.0245437,-0.00306796,0.00184064,-0.0721338
24.208,0.0245437,-0.00306796,0.00165657,-0.0649205
24.21,0.0245437,-0.00306796,0.00149092,-0.0584284
24.212,0.0245437,-0.00306796,0.00134183,-0.0525856
24.214,0.0245437,-0.00306796,0.00120764,-0.047327
24.216,0.0245437,-0.00306796,0.00108688,-0.0425943
24.218,0.0245437,0,0.000978191,0.115063
24.22,0.0245437,0,0.000880372,0.103557
24.222,0.0245437,0,0.000792335,0.0932012
24.224,0.0276117,0,0.154111,0.0838811
24.226,0.0276117,0,0.1387,0.075493
24.228,0.0276117,0,0.12483,0.0679437
24.23,0.0276117,0,0.112347,0.0611493
24.232,0.0276117,0,0.101112,0.0550344
24.234,0.0276117,0,0.0910011,0.0495309
24.236,0.0276117,0,0.081901,0.0445778
24.238,0.0276117,0,0.0737109,0.0401201
24.24,0.0276117,0,0.0663398,0.0361081
24.242,0.0276117,0,0.0597058,0.0324972
24.244,0.0276117,0,0.0537352,0.0292475
24.246,0.0276117,0,0.0483617,0.0263228
24.248,0.0276117,0,0.0435255,0.0236905
24.25,0.0276117,0,0.039173,0.0213214
24.252,0.0276117,0,0.0352557,0.0191893
24.254,0.0276117,0,0.0317301,0.0172704
24.256,0.0276117,0,0.0285571,0.0155433
24.258,0.0276117,0,0.0257014,0.013989
24.26,0.0276117,0,0.0231313,0.0125901
24.262,0.0276117,0,0.0208181,0.0113311
24.264,0.0276117,0,0.0187363,0.010198
24.266,0.0276117,0,0.0168627,0.00917818
24.268,0.0276117,0,0.0151764,0.00826036
24.27,0.0276117,0,0.0136588,0.00743433
24.272,0.0276117,0,0.0122929,0.00669089
24.274,0.0276117,0,0.0110636,0.00602181
24.276,0.0276117,0,0.00995725,0.00541962
24.278,0.0276117,0,0.00896152,0.00487766
24.28,0.0276117,0,0.00806537,0.0043899
24.282,0.0276117,0,0.00725883,0.00395091
24.284,0.0276117,0,0.00653295,0.00355582
24.286,0.0276117,0,0.00587966,0.00320023
24.288,0.0276117,0,0.00529169,0.00288021
24.29,0.0276117,0,0.00476252,0.00259219
24.292,0.0276117,0,0.00428627,0.00233297
24.294,0.0276117,0,0.00385764,0.00209967
24.296,0.0276117,0,0.00347188,0.00188971
24.298,0.0276117,-0.00306796,0.00312469,-0.151697
24.3,0.0276117,-0.00306796,0.00281222,-0.136528
24.302,0.0276117,-0.00306796,0.002531,-0.122875
24.304,0.0276117,-0.00306796,0.0022779,-0.110587
24.306,0.0276117,-0.00306796,0.00205011,-0.0995286
24.308,0.0276117,-0.00306796,0.0018451,-0.0895758
24.31,0.0276117,-0.00306796,0.00166059,-0.0806182
24.312,0.0276117,-0.00306796,0.00149453,-0.0725564
24.314,0.0276117,-0.00306796,0.00134508,-0.0653007
24.316,0.0276117,-0.00306796,0.00121057,-0.0587707
24.318,0.0276117,-0.00306796,0.00108951,-0.0528936
24.32,0.0276117,-0.00306796,0.000980561,-0.0476042
24.322,0.0276117,0,0.000882505,0.110554
24.324,0.0276117,0,0.000794254,0.0994988
24.326,0.0276117,0,0.000714829,0.089549
24.328,0.0276117,0,0.000643346,0.0805941
24.33,0.0276117,0,0.000579011,0.0725347
24.332,0.0276117,0,0.00052111,0.0652812
24.334,0.0276117,0,0.000468999,0.0587531
24.336,0.0306796,0,0.15382,0.0528778
24.338,0.0306796,0,0.138438,0.04759
24.34,0.0306796,0,0.124594,0.042831
24.342,0.0306796,0,0.112135,0.0385479
24.344,0.0306796,0,0.100921,0.0346931
24.346,0.0306796,0,0.0908293,0.0312238
24.348,0.0306796,0,0.0817463,0.0281014
24.35,0.0306796,0,0.0735717,0.0252913
24.352,0.0306796,0,0.0662145,0.0227621
24.354,0.0306796,0,0.0595931,0.0204859
24.356,0.0306796,0,0.0536338,0.0184373
24.358,0.0306796,0,0.0482704,0.0165936
24.36,0.0306796,0,0.0434434,0.0149342
24.362,0.0306796,0,0.039099,0.0134408
24.364,0.0306796,0,0.0351891,0.0120967
24.366,0.0306796,0,0.0316702,0.0108871
24.368,0.0306796,0,0.0285032,0.00979836
24.37,0.0306796,0,0.0256529,0.00881852
24.372,0.0306796,0,0.0230876,0.00793667
24.374,0.0306796,0,0.0207788,0.007143
24.376,0.0306796,0,0.0187009,0.0064287
24.378,0.0306796,0,0.0168308,0.00578583
24.38,0.0306796,0,0.0151478,0.00520725
24.382,0.0306796,0,0.013633,0.00468652
24.384,0.0306796,0,0.0122697,0.00421787
24.386,0.0306796,0,0.0110427,0.00379608
24.388,0.0306796,0,0.00993845,0.00341648
24.39,0.0306796,0,0.0089446,0.00307483
24.392,0.0306796,0,0.00805014,0.00276735
24.394,0.0276117,0,-0.146153,0.00249061
24.396,0.0276117,0,-0.131538,0.00224155
24.398,0.0276117,0,-0.118384,0.00201739
24.4,0.0276117,0,-0.106546,0.00181566
24.402,0.0276117,0,-0.095891,0.00163409
24.404,0.0276117,0,-0.0863019,0.00147068
24.406,0.0276117,-0.00306796,-0.0776717,-0.152074
24.408,0.0276117,-0.00306796,-0.0699045,-0.136867
24.41,0.0276117,-0.00306796,-0.0629141,-0.12318
24.412,0.0276117,-0.00306796,-0.0566226,-0.110862
24.414,0.0276117,-0.00306796,-0.0509604,-0.0997761
24.416,0.0276117,-0.00306796,-0.0458643,-0.0897985
24.418,0.0276117,-0.00306796,-0.0412779,-0.0808186
24.42,0.0276117,-0.00306796,-0.0371501,-0.0727367
24.422,0.0276117,-0.00306796,-0.0334351,-0.0654631
24.424,0.0276117,-0.00306796,-0.0300916,-0.0589168
24.426,0.0276117,-0.00306796,-0.0270824,-0.0530251
24.428,0.0306796,-0.00306796,0.129024,-0.0477226
24.43,0.0306796,-0.00306796,0.116121,-0.0429503
24.432,0.0306796,-0.00306796,0.104509,-0.0386553
24.434,0.0306796,-0.00306796,0.0940584,-0.0347898
24.436,0.0306796,0,0.0846526,0.122087
24.438,0.0306796,0,0.0761873,0.109879
24.44,0.0306796,0,0.0685686,0.0988907
24.442,0.0306796,0,0.0617117,0.0890016
24.444,0.0306796,0,0.0555406,0.0801015
24.446,0.0306796,0,0.0499865,0.0720913
24.448,0.0306796,0,0.0449878,0.0648822
24.45,0.0306796,0,0.0404891,0.058394
24.452,0.0306796,0,0.0364402,0.0525546
24.454,0.0306796,0,0.0327961,0.0472991
24.456,0.0306796,0,0.0295165,0.0425692
24.458,0.0306796,0,0.0265649,0.0383123
24.46,0.0306796,0,0.0239084,0.0344811
24.462,0.0306796,0,0.0215175,0.031033
24.464,0.0306796,0,0.0193658,0.0279297
24.466,0.0306796,0.00306796,0.0174292,0.178535
24.468,0.0306796,0.00306796,0.0156863,0.160681
24.47,0.0306796,0.00306796,0.0141177,0.144613
24.472,0.0306796,0.00306796,0.0127059,0.130152
24.474,0.0306796,0.00306796,0.0114353,0.117137
24.476,0.0306796,0,0.0102918,-0.0479751
24.478,0.0306796,0,0.0092626,-0.0431776
24.48,0.0306796,0,0.00833634,-0.0388598
24.482,0.0306796,0,0.00750271,-0.0349738
24.484,0.0306796,0,0.00675243,-0.0314765
24.486,0.0306796,0,0.00607719,-0.0283288
24.488,0.0306796,0,0.00546947,-0.0254959
24.49,0.0306796,0,0.00492252,-0.0229463
24.492,0.0306796,0,0.00443027,-0.0206517
24.494,0.0306796,0,0.00398725,-0.0185865
24.496,0.0306796,0,0.00358852,-0.0167279
24.498,0.0306796,0,0.00322967,-0.0150551
24.5,0.0306796,0,0.0029067,-0.0135496
24.502,0.0306796,0,0.00261603,-0.0121946
24.504,0.0306796,0,0.00235443,-0.0109752
24.506,0.0306796,0,0.00211899,-0.00987764
24.508,0.0306796,0,0.00190709,-0.00888988
24.51,0.0306796,0,0.00171638,-0.00800089
24.512,0.0306796,0,0.00154474,-0.0072008
24.514,0.0306796,0,0.00139027,-0.00648072
24.516,0.0306796,0,0.00125124,-0.00583265
24.518,0.0306796,-0.00306796,0.00112612,-0.158647
24.52,0.0306796,-0.00306796,0.0010135,-0.142783
24.522,0.0306796,-0.00306796,0.000912154,-0.128504
24.524,0.0306796,-0.00306796,0.000820938,-0.115654
24.526,0.0306796,-0.00306796,0.000738845,-0.104089
24.528,0.0306796,-0.00306796,0.00066496,-0.0936797
24.53,0.0306796,-0.00306796,0.000598464,-0.0843118
24.532,0.0306796,-0.00306796,0.000538618,-0.0758806
24.534,0.0306796,-0.00306796,0.000484756,-0.0682925
24.536,0.0306796,-0.00306796,0.00043628,-0.0614633
24.538,0.0306796,-0.00306796,0.000392652,-0.055317
24.54,0.0306796,0,0.000353387,0.103613
24.542,0.0306796,0,0.000318048,0.0932515
24.544,0.0306796,0,0.000286244,0.0839264
24.546,0.0306796,0,0.000257619,0.0755337
24.548,0.0306796,0,0.000231857,0.0679804
24.55,0.0306796,0,0.000208672,0.0611823
24.552,0.0306796,0,0.000187804,0.0550641
24.554,0.0306796,0,0.000169024,0.0495577
24.556,0.0306796,0,0.000152122,0.0446019
24.558,0.0306796,0,0.000136909,0.0401417
24.56,0.0306796,0,0.000123218,0.0361276
24.562,0.0306796,0,0.000110897,0.0325148
24.564,0.0306796,0,9.98069e-05,0.0292633
24.566,0.0306796,0,8.98262e-05,0.026337
24.568,0.0337476,0,0.153479,0.0237033
24.57,0.0337476,0,0.138131,0.021333
24.572,0.0337476,0,0.124318,0.0191997
24.574,0.0337476,0,0.111886,0.0172797
24.576,0.0337476,0,0.100698,0.0155517
24.578,0.0337476,0,0.0906278,0.0139966
24.58,0.0337476,0,0.081565,0.0125969
24.582,0.0337476,0,0.0734085,0.0113372
24.584,0.0337476,0,0.0660676,0.0102035
24.586,0.0337476,0,0.0594609,0.00918314
24.588,0.0337476,0,0.0535148,0.00826483
24.59,0.0337476,0,0.0481633,0.00743834
24.592,0.0337476,0,0.043347,0.00669451
24.594,0.0337476,0,0.0390123,0.00602506
24.596,0.0337476,0,0.0351111,0.00542255
24.598,0.0337476,0,0.0315999,0.0048803
24.6,0.0337476,0,0.02844,0.00439227
24.602,0.0337476,0,0.025596,0.00395304
24.604,0.0337476,0,0.0230364,0.00355774
24.606,0.0337476,0,0.0207327,0.00320196
24.608,0.0337476,0,0.0186595,0.00288177
24.61,0.0306796,0,-0.136605,0.00259359
24.612,0.0306796,0,-0.122944,0.00233423
24.614,0.0306796,0,-0.11065,0.00210081
24.616,0.0306796,0,-0.0995847,0.00189073
24.618,0.0306796,0,-0.0896263,0.00170165
24.62,0.0306796,0,-0.0806636,0.00153149
24.622,0.0306796,0,-0.0725973,0.00137834
24.624,0.0306796,0,-0.0653375,0.00124051
24.626,0.0306796,0,-0.0588038,0.00111646
24.628,0.0306796,0,-0.0529234,0.00100481
24.63,0.0306796,0,-0.0476311,0.000904329
24.632,0.0306796,0,-0.042868,0.000813896
24.634,0.0306796,0,-0.0385812,0.000732506
24.636,0.0306796,0,-0.034723,0.000659256
24.638,0.0306796,0,-0.0312507,0.00059333
24.64,0.0306796,0,-0.0281257,0.000533997
24.642,0.0306796,0,-0.0253131,0.000480597
24.644,0.0306796,0,-0.0227818,0.000432538
24.646,0.0306796,0,-0.0205036,0.000389284
24.648,0.0306796,0,-0.0184533,0.000350356
24.65,0.0306796,0,-0.0166079,0.00031532
24.652,0.0306796,0,-0.0149471,0.000283788
24.654,0.0306796,0,-0.0134524,0.000255409
24.656,0.0306796,0,-0.0121072,0.000229868
24.658,0.0306796,0,-0.0108965,0.000206881
24.66,0.0306796,0,-0.00980681,0.000186193
24.662,0.0306796,0,-0.00882613,0.000167574
24.664,0.0306796,0,-0.00794352,0.000150817
24.666,0.0306796,0,-0.00714917,0.000135735
24.668,0.0306796,0,-0.00643425,0.000122161
24.67,0.0306796,0,-0.00579083,0.000109945
24.672,0.0306796,0,-0.00521174,9.89508e-05
24.674,0.0306796,0,-0.00469057,8.90557e-05
24.676,0.0306796,0,-0.00422151,8.01501e-05
24.678,0.0306796,0,-0.00379936,7.21351e-05
24.68,0.0306796,0,-0.00341942,6.49216e-05
24.682,0.0306796,0,-0.00307748,5.84294e-05
24.684,0.0306796,0,-0.00276973,5.25865e-05
24.686,0.0306796,0,-0.00249276,4.73278e-05
24.688,0.0306796,0,-0.00224348,4.25951e-05
24.69,0.0306796,0,-0.00201914,3.83356e-05
24.692,0.0306796,0,-0.00181722,3.4502e-05
24.694,0.0306796,0,-0.0016355,3.10518e-05
24.696,0.0306796,0,-0.00147195,2.79466e-05
24.698,0.0306796,0,-0.00132476,2.5152e-05
24.7,0.0306796,0,-0.00119228,2.26368e-05
24.702,0.0306796,0,-0.00107305,2.03731e-05
24.704,0.0306796,0,-0.000965747,1.83358e-05
24.706,0.0306796,0,-0.000869172,1.65022e-05
24.708,0.0306796,0,-0.000782255,1.4852e-05
24.71,0.0306796,0,-0.000704029,1.33668e-05
24.712,0.0306796,0,-0.000633626,1.20301e-05
24.714,0.0306796,0.00306796,-0.000570264,0.153409
24.716,0.0306796,0.00306796,-0.000513237,0.138068
24.718,0.0306796,0.00306796,-0.000461914,0.124261
24.72,0.0306796,0.00306796,-0.000415722,0.111835
24.722,0.0306796,0.00306796,-0.00037415,0.100652
24.724,0.0306796,0.00306796,-0.000336735,0.0905864
24.726,0.0306796,0.00306796,-0.000303062,0.0815278
24.728,0.0306796,0,-0.000272755,-0.0800231
24.73,0.0306796,0,-0.00024548,-0.0720208
24.732,0.0306796,0,-0.000220932,-0.0648187
24.734,0.0306796,0,-0.000198839,-0.0583368
24.736,0.0306796,0,-0.000178955,-0.0525031
24.738,0.0306796,0,-0.000161059,-0.0472528
24.74,0.0306796,0,-0.000144953,-0.0425275
24.742,0.0306796,0,-0.000130458,-0.0382748
24.744,0.0306796,0,-0.000117412,-0.0344473
24.746,0.0306796,0,-0.000105671,-0.0310026
24.748,0.0306796,0,-9.51039e-05,-0.0279023
24.75,0.0306796,0,-8.55935e-05,-0.0251121
24.752,0.0306796,0,-7.70342e-05,-0.0226009
24.754,0.0306796,0,-6.93308e-05,-0.0203408
24.756,0.0306796,0,-6.23977e-05,-0.0183067
24.758,0.0306796,0,-5.61579e-05,-0.016476
24.76,0.0306796,0,-5.05421e-05,-0.0148284
24.762,0.0306796,0,-4.54879e-05,-0.0133456
24.764,0.0306796,0,-4.09391e-05,-0.012011
24.766,0.0306796,0,-3.68452e-05,-0.0108099
24.768,0.0306796,0,-3.31607e-05,-0.00972894
24.77,0.0306796,0,-2.98446e-05,-0.00875604
24.772,0.0306796,0,-2.68602e-05,-0.00788044
24.774,0.0306796,0,-2.41741e-05,-0.0070924
24.776,0.0306796,0,-2.17567e-05,-0.00638316
24.778,0.0306796,0,-1.95811e-05,-0.00574484
24.78,0.0306796,0,-1.76229e-05,-0.00517036
24.782,0.0276117,0,-0.153414,-0.00465332
24.784,0.0276117,0.00306796,-0.138073,0.14921
24.786,0.0276117,0.00306796,-0.124265,0.134289
24.788,0.0276117,0.00306796,-0.111839,0.12086
24.79,0.0276117,0.00306796,-0.100655,0.108774
24.792,0.0276117,0.00306796,-0.0905894,0.0978967
24.794,0.0276117,0.00306796,-0.0815305,0.0881071
24.796,0.0276117,0.00306796,-0.0733774,0.0792964
24.798,0.0276117,0,-0.0660397,-0.0820314
24.8,0.0276117,0,-0.0594357,-0.0738282
24.802,0.0276117,0,-0.0534921,-0.0664454
24.804,0.0276117,0,-0.0481429,-0.0598009
24.806,0.0276117,0,-0.0433286,-0.0538208
24.808,0.0276117,0,-0.0389958,-0.0484387
24.81,0.0245437,0,-0.188494,-0.0435948
24.812,0.0245437,0,-0.169645,-0.0392353
24.814,0.0245437,0,-0.15268,-0.0353118
24.816,0.0245437,0,-0.137412,-0.0317806
24.818,0.0245437,0,-0.123671,-0.0286026
24.82,0.0245437,0,-0.111304,-0.0257423
24.822,0.0245437,0,-0.100174,-0.0231681
24.824,0.0245437,0,-0.0901562,-0.0208513
24.826,0.0245437,0,-0.0811406,-0.0187661
24.828,0.0245437,-0.00306796,-0.0730265,-0.170288
24.83,0.0245437,-0.00306796,-0.0657239,-0.153259
24.832,0.0214757,-0.00306796,-0.21255,-0.137933
24.834,0.0214757,-0.00306796,-0.191295,-0.12414
24.836,0.0214757,-0.00306796,-0.172165,-0.111726
24.838,0.0214757,-0.00306796,-0.154949,-0.100553
24.84,0.0214757,-0.00306796,-0.139454,-0.0904978
24.842,0.0214757,-0.00306796,-0.125508,-0.081448
24.844,0.0214757,-0.00306796,-0.112958,-0.0733032
24.846,0.0214757,-0.00306796,-0.101662,-0.0659729
24.848,0.0214757,-0.00306796,-0.0914956,-0.0593756
24.85,0.0214757,-0.00306796,-0.0823461,-0.0534381
24.852,0.0214757,-0.00306796,-0.0741115,-0.0480943
24.854,0.0214757,-0.00306796,-0.0667003,-0.0432848
24.856,0.0214757,-0.00306796,-0.0600303,-0.0389563
24.858,0.0214757,-0.00306796,-0.0540273,-0.0350607
24.86,0.0214757,-0.00306796,-0.0486245,-0.0315546
24.862,0.0214757,-0.00306796,-0.0437621,-0.0283992
24.864,0.0214757,-0.00306796,-0.0393859,-0.0255593
24.866,0.0214757,-0.00306796,-0.0354473,-0.0230033
24.868,0.0214757,-0.00306796,-0.0319026,-0.020703
24.87,0.0214757,-0.00306796,-0.0287123,-0.0186327
24.872,0.0214757,-0.00306796,-0.0258411,-0.0167694
24.874,0.0214757,-0.00306796,-0.023257,-0.0150925
24.876,0.0214757,-0.00306796,-0.0209313,-0.0135832
24.878,0.0214757,-0.00306796,-0.0188381,-0.0122249
24.88,0.0214757,-0.00306796,-0.0169543,-0.0110024
24.882,0.0214757,-0.00306796,-0.0152589,-0.00990218
24.884,0.0214757,-0.00306796,-0.013733,-0.00891196
24.886,0.0214757,-0.00306796,-0.0123597,-0.00802077
24.888,0.0184078,-0.00306796,-0.164522,-0.00721869
24.89,0.0184078,-0.00306796,-0.14807,-0.00649682
24.892,0.0184078,-0.00306796,-0.133263,-0.00584714
24.894,0.0184078,-0.00306796,-0.119936,-0.00526242
24.896,0.0184078,-0.00306796,-0.107943,-0.00473618
24.898,0.0184078,-0.00306796,-0.0971485,-0.00426256
24.9,0.0184078,-0.00306796,-0.0874336,-0.00383631
24.902,0.0184078,-0.00306796,-0.0786903,-0.00345268
24.904,0.0184078,-0.00306796,-0.0708212,-0.00310741
24.906,0.0184078,-0.00306796,-0.0637391,-0.00279667
24.908,0.0184078,-0.00306796,-0.0573652,-0.002517
24.91,0.0184078,-0.00306796,-0.0516287,-0.0022653
24.912,0.0184078,-0.00306796,-0.0464658,-0.00203877
24.914,0.0184078,-0.00306796,-0.0418192,-0.00183489
24.916,0.0184078,-0.00306796,-0.0376373,-0.0016514
24.918,0.0184078,-0.00306796,-0.0338736,-0.00148626
24.92,0.0184078,-0.00306796,-0.0304862,-0.00133764
24.922,0.0184078,-0.00306796,-0.0274376,-0.00120387
24.924,0.0184078,-0.00306796,-0.0246938,-0.00108349
24.926,0.0184078,-0.00306796,-0.0222245,-0.000975138
24.928,0.0184078,-0.00306796,-0.020002,-0.000877624
24.93,0.0184078,-0.00306796,-0.0180018,-0.000789862
24.932,0.0184078,-0.00306796,-0.0162016,-0.000710875
24.934,0.0184078,-0.00306796,-0.0145815,-0.000639788
24.936,0.0184078,-0.00306796,-0.0131233,-0.000575809
24.938,0.0184078,-0.00306796,-0.011811,-0.000518228
24.94,0.0184078,-0.00306796,-0.0106299,-0.000466405
24.942,0.0184078,-0.00306796,-0.0095669,-0.000419765
24.944,0.0184078,-0.00306796,-0.00861021,-0.000377788
24.946,0.0184078,0,-0.00774919,0.153058
24.948,0.0184078,0,-0.00697427,0.137752
24.95,0.0184078,0,-0.00627684,0.123977
24.952,0.0184078,0,-0.00564916,0.111579
24.954,0.0184078,0,-0.00508424,0.100421
24.956,0.0184078,0,-0.00457582,0.0903793
24.958,0.0184078,0,-0.00411824,0.0813413
24.96,0.0184078,0,-0.00370641,0.0732072
24.962,0.0184078,0,-0.00333577,0.0658865
24.964,0.0184078,0,-0.00300219,0.0592978
24.966,0.0184078,0,-0.00270198,0.053368
24.968,0.0184078,0,-0.00243178,0.0480312
24.97,0.0184078,0,-0.0021886,0.0432281
24.972,0.0184078,0,-0.00196974,0.0389053
24.974,0.0184078,0,-0.00177277,0.0350148
24.976,0.0184078,0,-0.00159549,0.0315133
24.978,0.0184078,0,-0.00143594,0.028362
24.98,0.0184078,0,-0.00129235,0.0255258
24.982,0.0184078,0,-0.00116311,0.0229732
24.984,0.0184078,0,-0.0010468,0.0206759
24.986,0.0184078,0,-0.00094212,0.0186083
24.988,0.0184078,0,-0.000847908,0.0167475
24.99,0.0184078,0,-0.000763118,0.0150727
24.992,0.0184078,0,-0.000686806,0.0135654
24.994,0.0184078,0,-0.000618125,0.0122089
24.996,0.0184078,0,-0.000556313,0.010988
24.998,0.0184078,0,-0.000500681,0.00988921
25,0.0184078,0,-0.000450613,0.00890029
25.002,0.0184078,0,-0.000405552,0.00801026
25.004,0.0184078,0,-0.000364997,0.00720923
25.006,0.0184078,0,-0.000328497,0.00648831
25.008,0.0184078,0,-0.000295647,0.00583948
25.01,0.0184078,0,-0.000266083,0.00525553
25.012,0.0184078,0,-0.000239474,0.00472998
25.014,0.0184078,0,-0.000215527,0.00425698
25.016,0.0184078,0,-0.000193974,0.00383128
25.018,0.0184078,0,-0.000174577,0.00344815
25.02,0.0184078,0,-0.000157119,0.00310334
25.022,0.0184078,0,-0.000141407,0.002793
25.024,0.0184078,0,-0.000127267,0.0025137
25.026,0.0184078,0,-0.00011454,0.00226233
25.028,0.0184078,0,-0.000103086,0.0020361
25.03,0.0184078,0,-9.27773e-05,0.00183249
25.032,0.0184078,0,-8.34996e-05,0.00164924
25.034,0.0184078,0,-7.51496e-05,0.00148432
25.036,0.0184078,0,-6.76346e-05,0.00133589
25.038,0.0184078,0,-6.08712e-05,0.0012023
25.04,0.0184078,0,-5.47841e-05,0.00108207
25.042,0.0184078,0,-4.93057e-05,0.00097386
25.044,0.0184078,0,-4.43751e-05,0.000876474
25.046,0.0184078,0,-3.99376e-05,0.000788827
25.048,0.0184078,0,-3.59438e-05,0.000709944
25.05,0.0184078,0,-3.23494e-05,0.00063895
25.052,0.0184078,0,-2.91145e-05,0.000575055
25.054,0.0184078,0,-2.6203e-05,0.000517549
25.056,0.0184078,0,-2.35827e-05,0.000465794
25.058,0.0184078,0,-2.12245e-05,0.000419215
25.06,0.0184078,0,-1.9102e-05,0.000377293
25.062,0.0184078,0,-1.71918e-05,0.000339564
25.064,0.0184078,0,-1.54726e-05,0.000305608
25.066,0.0184078,0,-1.39254e-05,0.000275047
25.068,0.0184078,0,-1.25328e-05,0.000247542
25.07,0.0184078,0,-1.12796e-05,0.000222788
25.072,0.0184078,0,-1.01516e-05,0.000200509
25.074,0.0184078,0,-9.13644e-06,0.000180458
25.076,0.0184078,0,-8.22279e-06,0.000162412
25.078,0.0184078,0,-7.40051e-06,0.000146171
25.08,0.0184078,0,-6.66046e-06,0.000131554
25.082,0.0184078,0,-5.99442e-06,0.000118399
25.084,0.0184078,0,-5.39497e-06,0.000106559
25.086,0.0184078,0,-4.85548e-06,9.59029e-05
25.088,0.0184078,0,-4.36993e-06,8.63126e-05
25.09,0.0184078,0,-3.93294e-06,7.76814e-05
25.092,0.0184078,0,-3.53964e-06,6.99132e-05
25.094,0.0184078,0,-3.18568e-06,6.29219e-05
25.096,0.0184078,0,-2.86711e-06,5.66297e-05
25.098,0.0184078,0,-2.5804e-06,5.09668e-05
25.1,0.0184078,0.00306796,-2.32236e-06,0.153444
25.102,0.0184078,0.00306796,-2.09012e-06,0.1381
25.104,0.0184078,0.00306796,-1.88111e-06,0.12429
25.106,0.0184078,0.00306796,-1.693e-06,0.111861
25.108,0.0184078,0.00306796,-1.5237e-06,0.100675
25.11,0.0184078,0.00306796,-1.37133e-06,0.0906071
25.112,0.0184078,0.00306796,-1.2342e-06,0.0815464
25.114,0.0184078,0.00306796,-1.11078e-06,0.0733918
25.116,0.0184078,0.00306796,-9.997e-07,0.0660526
25.118,0.0153398,0,-0.153399,-0.0939507
25.12,0.0153398,0,-0.138059,-0.0845557
25.122,0.0153398,0,-0.124253,-0.0761001
25.124,0.0153398,0,-0.111828,-0.0684901
25.126,0.0153398,0,-0.100645,-0.0616411
25.128,0.0153398,0,-0.0905806,-0.055477
25.13,0.0153398,0,-0.0815225,-0.0499293
25.132,0.0153398,0,-0.0733703,-0.0449364
25.134,0.0153398,0,-0.0660332,-0.0404427
25.136,0.0153398,0,-0.0594299,-0.0363984
25.138,0.0153398,0,-0.0534869,-0.0327586
25.14,0.0153398,0,-0.0481382,-0.0294827
25.142,0.0153398,0,-0.0433244,-0.0265345
25.144,0.0153398,0,-0.038992,-0.023881
25.146,0.0153398,0,-0.0350928,-0.0214929
25.148,0.0153398,0,-0.0315835,-0.0193436
25.15,0.0153398,0,-0.0284251,-0.0174093
25.152,0.0153398,0,-0.0255826,-0.0156683
25.154,0.0153398,0,-0.0230244,-0.0141015
25.156,0.0153398,0,-0.0207219,-0.0126914
25.158,0.0153398,0,-0.0186497,-0.0114222
25.16,0.0153398,0,-0.0167848,-0.01028
25.162,0.0122718,0,-0.168504,-0.009252
25.164,0.0122718,0,-0.151654,-0.0083268
25.166,0.0122718,0,-0.136489,-0.00749412
25.168,0.0122718,0,-0.12284,-0.00674471
25.17,0.0122718,0,-0.110556,-0.00607023
25.172,0.0122718,0,-0.0995001,-0.00546321
25.174,0.0122718,0,-0.0895501,-0.00491689
25.176,0.0122718,0,-0.0805951,-0.0044252
25.178,0.0122718,0,-0.0725356,-0.00398268
25.18,0.0122718,0,-0.065282,-0.00358441
25.182,0.0122718,0,-0.0587538,-0.00322597
25.184,0.0122718,0,-0.0528785,-0.00290337
25.186,0.0122718,0,-0.0475906,-0.00261304
25.188,0.0122718,0,-0.0428315,-0.00235173
25.19,0.0122718,0,-0.0385484,-0.00211656
25.192,0.0122718,0,-0.0346936,-0.0019049
25.194,0.0122718,0,-0.0312242,-0.00171441
25.196,0.0122718,0,-0.0281018,-0.00154297
25.198,0.0122718,0,-0.0252916,-0.00138868
25.2,0.0122718,0,-0.0227624,-0.00124981
25.202,0.0122718,0.00306796,-0.0204862,0.152273
25.204,0.0122718,0.00306796,-0.0184376,0.137046
25.206,0.0122718,0.00306796,-0.0165938,0.123341
25.208,0.0122718,0.00306796,-0.0149344,0.111007
25.21,0.0122718,0.00306796,-0.013441,0.0999065
25.212,0.0122718,0.00306796,-0.0120969,0.0899158
25.214,0.0122718,0.00306796,-0.0108872,0.0809242
25.216,0.0122718,0.00306796,-0.00979848,0.0728318
25.218,0.0122718,0.00306796,-0.00881864,0.0655486
25.22,0.0122718,0.00306796,-0.00793677,0.0589938
25.222,0.0122718,0.00306796,-0.0071431,0.0530944
25.224,0.0122718,0,-0.00642879,-0.105613
25.226,0.0122718,0,-0.00578591,-0.0950518
25.228,0.0122718,0,-0.00520732,-0.0855466
25.23,0.0122718,0,-0.00468658,-0.076992
25.232,0.0122718,0,-0.00421793,-0.0692928
25.234,0.0122718,0,-0.00379613,-0.0623635
25.236,0.00920388,0,-0.156815,-0.0561271
25.238,0.00920388,0,-0.141133,-0.0505144
25.24,0.00920388,0,-0.12702,-0.045463
25.242,0.00920388,0,-0.114318,-0.0409167
25.244,0.00920388,0,-0.102886,-0.036825
25.246,0.00920388,0,-0.0925975,-0.0331425
25.248,0.00920388,0,-0.0833377,-0.0298283
25.25,0.00920388,0,-0.0750039,-0.0268454
25.252,0.00920388,0,-0.0675035,-0.0241609
25.254,0.00920388,0,-0.0607532,-0.0217448
25.256,0.00920388,0,-0.0546779,-0.0195703
25.258,0.00920388,0,-0.0492101,-0.0176133
25.26,0.00920388,0,-0.0442891,-0.015852
25.262,0.00920388,0,-0.0398602,-0.0142668
25.264,0.00920388,0,-0.0358742,-0.0128401
25.266,0.00920388,0,-0.0322867,-0.0115561
25.268,0.00920388,0,-0.0290581,-0.0104005
25.27,0.00920388,0.00306796,-0.0261523,0.144038
25.272,0.00920388,0.00306796,-0.023537,0.129634
25.274,0.00920388,0.00306796,-0.0211833,0.11667
25.276,0.00920388,0.00306796,-0.019065,0.105003
25.278,0.00920388,0.00306796,-0.0171585,0.0945031
25.28,0.00920388,0.00306796,-0.0154426,0.0850528
25.282,0.00920388,0.00306796,-0.0138984,0.0765475
25.284,0.00920388,0.00306796,-0.0125085,0.0688928
25.286,0.00920388,0.00306796,-0.0112577,0.0620035
25.288,0.00920388,0.00306796,-0.0101319,0.0558031
25.29,0.00920388,0.00306796,-0.00911873,0.0502228
25.292,0.00920388,0.00306796,-0.00820685,0.0452005
25.294,0.00920388,0.00306796,-0.00738617,0.0406805
25.296,0.00920388,0.00306796,-0.00664755,0.0366124
25.298,0.00613592,0.00306796,-0.159381,0.0329512
25.3,0.00613592,0.00306796,-0.143443,0.0296561
25.302,0.00613592,0.00306796,-0.129099,0.0266905
25.304,0.00613592,0,-0.116189,-0.129377
25.306,0.00613592,0,-0.10457,-0.116439
25.308,0.00613592,0,-0.0941128,-0.104795
25.31,0.00613592,0,-0.0847015,-0.0943156
25.312,0.00613592,0,-0.0762314,-0.084884
25.314,0.00613592,0,-0.0686082,-0.0763956
25.316,0.00613592,0,-0.0617474,-0.0687561
25.318,0.00613592,0,-0.0555727,-0.0618805
25.32,0.00613592,0,-0.0500154,-0.0556924
25.322,0.00613592,0,-0.0450139,-0.0501232
25.324,0.00306796,0,-0.193911,-0.0451109
25.326,0.00306796,0,-0.17452,-0.0405998
25.328,0.00306796,0,-0.157068,-0.0365398
25.33,0.00306796,0,-0.141361,-0.0328858
25.332,0.00306796,0,-0.127225,-0.0295972
25.334,0.00306796,0,-0.114502,-0.0266375
25.336,0.00306796,0,-0.103052,-0.0239738
25.338,0.00306796,0,-0.0927468,-0.0215764
25.34,0.00306796,0,-0.0834721,-0.0194187
25.342,0.00306796,0,-0.0751249,-0.0174769
25.344,0.00306796,0,-0.0676124,-0.0157292
25.346,0.00306796,0,-0.0608512,-0.0141563
25.348,0.00306796,0,-0.0547661,-0.0127406
25.35,0.00306796,0,-0.0492895,-0.0114666
25.352,0.00306796,0,-0.0443605,-0.0103199
25.354,0.00306796,0,-0.0399245,-0.00928792
25.356,-0,0,-0.18933,-0.00835913
25.358,-0,0,-0.170397,-0.00752322
25.36,-0,0,-0.153357,-0.0067709
25.362,-0,0,-0.138022,-0.00609381
25.364,-0,0,-0.124219,-0.00548443
25.366,-0,0,-0.111798,-0.00493598
25.368,-0,0,-0.100618,-0.00444239
25.37,-0,0,-0.090556,-0.00399815
25.372,-0,0,-0.0815004,-0.00359833
25.374,-0,0,-0.0733504,-0.0032385
25.376,-0,0,-0.0660153,-0.00291465
25.378,-0,0,-0.0594138,-0.00262318
25.38,-0,0,-0.0534724,-0.00236087
25.382,-0,0,-0.0481252,-0.00212478
25.384,-0,0,-0.0433127,-0.0019123
25.386,-0,0,-0.0389814,-0.00172107
25.388,-0,0,-0.0350832,-0.00154896
25.39,-0,0,-0.0315749,-0.00139407
25.392,-0,0.00306796,-0.0284174,0.152143
25.394,-0,0.00306796,-0.0255757,0.136929
25.396,-0,0.00306796,-0.0230181,0.123236
25.398,-0,0.00306796,-0.0207163,0.110913
25.4,-0,0.00306796,-0.0186447,0.0998213
25.402,-0,0.00306796,-0.0167802,0.0898392
25.404,-0,0.00306796,-0.0151022,0.0808553
25.406,-0,0.00306796,-0.013592,0.0727697
25.408,-0,0.00306796,-0.0122328,0.0654928
25.41,-0,0.00306796,-0.0110095,0.0589435
25.412,-0,0.00306796,-0.00990855,0.0530491
25.414,-0.00306796,0.00306796,-0.162316,0.0477442
25.416,-0.00306796,0.00306796,-0.146084,0.0429698
25.418,-0.00306796,0.00306796,-0.131476,0.0386728
25.42,-0.00306796,0.00306796,-0.118328,0.0348055
25.422,-0.00306796,0,-0.106495,-0.122073
25.424,-0.00306796,0,-0.0958458,-0.109866
25.426,-0.00306796,0,-0.0862613,-0.0988792
25.428,-0.00306796,0,-0.0776351,-0.0889913
25.43,-0.00306796,0,-0.0698716,-0.0800922
25.432,-0.00306796,0,-0.0628845,-0.0720829
25.434,-0.00306796,0,-0.056596,-0.0648746
25.436,-0.00613592,0,-0.204334,-0.0583872
25.438,-0.00613592,0,-0.183901,-0.0525485
25.44,-0.00613592,0,-0.165511,-0.0472936
25.442,-0.00613592,0,-0.14896,-0.0425643
25.444,-0.00613592,0,-0.134064,-0.0383078
25.446,-0.00613592,0,-0.120657,-0.034477
25.448,-0.00613592,0,-0.108592,-0.0310293
25.45,-0.00613592,0,-0.0977326,-0.0279264
25.452,-0.00613592,0,-0.0879593,-0.0251338
25.454,-0.00613592,0,-0.0791634,-0.0226204
25.456,-0.00613592,0,-0.071247,-0.0203584
25.458,-0.00613592,0,-0.0641223,-0.0183225
25.46,-0.00920388,0,-0.211108,-0.0164903
25.462,-0.00920388,0,-0.189997,-0.0148412
25.464,-0.00920388,0,-0.170998,-0.0133571
25.466,-0.00920388,0,-0.153898,-0.0120214
25.468,-0.00920388,0,-0.138508,-0.0108193
25.47,-0.00920388,0,-0.124657,-0.00973734
25.472,-0.00920388,0,-0.112192,-0.0087636
25.474,-0.00920388,0,-0.100972,-0.00788724
25.476,-0.00920388,0,-0.0908751,-0.00709852
25.478,-0.00920388,0,-0.0817876,-0.00638867
25.48,-0.00920388,0,-0.0736089,-0.0057498
25.482,-0.00920388,0,-0.066248,-0.00517482
25.484,-0.0122718,0,-0.213021,-0.00465734
25.486,-0.0122718,0,-0.191719,-0.0041916
25.488,-0.0122718,0,-0.172547,-0.00377244
25.49,-0.0122718,0,-0.155293,-0.0033952
25.492,-0.0122718,0,-0.139763,-0.00305568
25.494,-0.0122718,-0.00306796,-0.125787,-0.156148
25.496,-0.0122718,-0.00306796,-0.113208,-0.140533
25.498,-0.0122718,-0.00306796,-0.101887,-0.12648
25.5,-0.0122718,-0.00306796,-0.0916987,-0.113832
25.502,-0.0122718,-0.00306796,-0.0825288,-0.102449
25.504,-0.0122718,-0.00306796,-0.0742759,-0.0922039
25.506,-0.0122718,-0.00306796,-0.0668483,-0.0829836
25.508,-0.0122718,-0.00306796,-0.0601635,-0.0746852
25.51,-0.0122718,-0.00306796,-0.0541471,-0.0672167
25.512,-0.0122718,-0.00306796,-0.0487324,-0.060495
25.514,-0.0122718,-0.00306796,-0.0438592,-0.0544455
25.516,-0.0122718,-0.00306796,-0.0394733,-0.049001
25.518,-0.0153398,-0.00306796,-0.188924,-0.0441009
25.52,-0.0153398,0,-0.170032,0.113707
25.522,-0.0153398,0,-0.153028,0.102337
25.524,-0.0153398,0,-0.137726,0.0921029
25.526,-0.0153398,0,-0.123953,0.0828926
25.528,-0.0153398,0,-0.111558,0.0746034
25.53,-0.0153398,0,-0.100402,0.067143
25.532,-0.0153398,0,-0.0903618,0.0604287
25.534,-0.0153398,0,-0.0813256,0.0543859
25.536,-0.0153398,0,-0.073193,0.0489473
25.538,-0.0153398,0,-0.0658737,0.0440525
25.54,-0.0153398,0,-0.0592864,0.0396473
25.542,-0.0153398,0,-0.0533577,0.0356826
25.544,-0.0153398,0,-0.048022,0.0321143
25.546,-0.0153398,0,-0.0432198,0.0289029
25.548,-0.0153398,0,-0.0388978,0.0260126
25.55,-0.0184078,-0.00306796,-0.188406,-0.129987
25.552,-0.0184078,-0.00306796,-0.169565,-0.116988
25.554,-0.0184078,-0.00306796,-0.152609,-0.105289
25.556,-0.0184078,-0.00306796,-0.137348,-0.0947603
25.558,-0.0184078,-0.00306796,-0.123613,-0.0852843
25.56,-0.0184078,-0.00306796,-0.111252,-0.0767559
25.562,-0.0184078,-0.00306796,-0.100127,-0.0690803
25.564,-0.0184078,-0.00306796,-0.090114,-0.0621723
25.566,-0.0184078,-0.00306796,-0.0811026,-0.055955
25.568,-0.0184078,-0.00306796,-0.0729924,-0.0503595
25.57,-0.0184078,-0.00306796,-0.0656931,-0.0453236
25.572,-0.0184078,-0.00306796,-0.0591238,-0.0407912
25.574,-0.0184078,-0.00306796,-0.0532114,-0.0367121
25.576,-0.0184078,-0.00306796,-0.0478903,-0.0330409
25.578,-0.0214757,-0.00306796,-0.196499,-0.0297368
25.58,-0.0214757,-0.00306796,-0.176849,-0.0267631
25.582,-0.0214757,-0.00306796,-0.159164,-0.0240868
25.584,-0.0214757,-0.00306796,-0.143248,-0.0216781
25.586,-0.0214757,-0.00306796,-0.128923,-0.0195103
25.588,-0.0214757,-0.00306796,-0.116031,-0.0175593
25.59,-0.0214757,-0.00306796,-0.104428,-0.0158034
25.592,-0.0214757,-0.00306796,-0.093985,-0.014223
25.594,-0.0214757,-0.00306796,-0.0845865,-0.0128007
25.596,-0.0214757,-0.00306796,-0.0761279,-0.0115206
25.598,-0.0214757,-0.00306796,-0.0685151,-0.0103686
25.6,-0.0214757,-0.00306796,-0.0616636,-0.00933172
25.602,-0.0214757,0,-0.0554972,0.145
25.604,-0.0214757,0,-0.0499475,0.1305
25.606,-0.0214757,0,-0.0449527,0.11745
25.608,-0.0214757,0,-0.0404575,0.105705
25.61,-0.0214757,0,-0.0364117,0.0951342
25.612,-0.0214757,0,-0.0327706,0.0856208
25.614,-0.0214757,0,-0.0294935,0.0770587
25.616,-0.0214757,0,-0.0265441,0.0693528
25.618,-0.0214757,0,-0.0238897,0.0624175
25.62,-0.0214757,0,-0.0215008,0.0561758
25.622,-0.0214757,0,-0.0193507,0.0505582
25.624,-0.0214757,0,-0.0174156,0.0455024
25.626,-0.0245437,0,-0.169072,0.0409521
25.628,-0.0245437,0,-0.152165,0.0368569
25.63,-0.0245437,0,-0.136948,0.0331712
25.632,-0.0245437,-0.00306796,-0.123254,-0.123544
25.634,-0.0245437,-0.00306796,-0.110928,-0.11119
25.636,-0.0245437,-0.00306796,-0.0998354,-0.100071
25.638,-0.0245437,-0.00306796,-0.0898519,-0.0900635
25.64,-0.0245437,-0.00306796,-0.0808667,-0.0810572
25.642,-0.0245437,-0.00306796,-0.07278,-0.0729515
25.644,-0.0245437,-0.00306796,-0.065502,-0.0656563
25.646,-0.0245437,-0.00306796,-0.0589518,-0.0590907
25.648,-0.0276117,-0.00306796,-0.206455,-0.0531816
25.65,-0.0276117,-0.00306796,-0.185809,-0.0478635
25.652,-0.0276117,-0.00306796,-0.167228,-0.0430771
25.654,-0.0276117,-0.00306796,-0.150505,-0.0387694
25.656,-0.0276117,-0.00306796,-0.135455,-0.0348925
25.658,-0.0276117,-0.00306796,-0.121909,-0.0314032
25.66,-0.0276117,-0.00306796,-0.109718,-0.0282629
25.662,-0.0276117,-0.00306796,-0.0987466,-0.0254366
25.664,-0.0276117,-0.00306796,-0.088872,-0.0228929
25.666,-0.0276117,-0.00306796,-0.0799848,-0.0206037
25.668,-0.0276117,-0.00306796,-0.0719863,-0.0185433
25.67,-0.0276117,-0.00306796,-0.0647877,-0.016689
25.672,-0.0276117,-0.00306796,-0.0583089,-0.0150201
25.674,-0.0276117,-0.00306796,-0.052478,-0.0135181
25.676,-0.0276117,-0.00306796,-0.0472302,-0.0121662
25.678,-0.0276117,-0.00306796,-0.0425072,-0.0109496
25.68,-0.0276117,-0.00306796,-0.0382565,-0.00985466
25.682,-0.0276117,-0.00306796,-0.0344308,-0.0088692
25.684,-0.0276117,-0.00306796,-0.0309877,-0.00798228
25.686,-0.0276117,-0.00306796,-0.027889,-0.00718405
25.688,-0.0276117,-0.00306796,-0.0251001,-0.00646564
25.69,-0.0276117,0,-0.0225901,0.147579
25.692,-0.0276117,0,-0.0203311,0.132821
25.694,-0.0276117,0,-0.018298,0.119539
25.696,-0.0276117,0,-0.0164682,0.107585
25.698,-0.0276117,0,-0.0148213,0.0968266
25.7,-0.0276117,0,-0.0133392,0.0871439
25.702,-0.0276117,0,-0.0120053,0.0784295
25.704,-0.0276117,0,-0.0108048,0.0705866
25.706,-0.0276117,0,-0.00972428,0.0635279
25.708,-0.0276117,0,-0.00875185,0.0571751
25.71,-0.0276117,0,-0.00787667,0.0514576
25.712,-0.0276117,0,-0.007089,0.0463119
25.714,-0.0276117,0,-0.0063801,0.0416807
25.716,-0.0276117,0,-0.00574209,0.0375126
25.718,-0.0306796,0,-0.158566,0.0337613
25.72,-0.0306796,0,-0.142709,0.0303852
25.722,-0.0306796,0,-0.128438,0.0273467
25.724,-0.0306796,0,-0.115595,0.024612
25.726,-0.0306796,0,-0.104035,0.0221508
25.728,-0.0306796,0,-0.0936316,0.0199357
25.73,-0.0306796,0,-0.0842685,0.0179422
25.732,-0.0306796,-0.00306796,-0.0758416,-0.13725
25.734,-0.0306796,-0.00306796,-0.0682574,-0.123525
25.736,-0.0306796,-0.00306796,-0.0614317,-0.111173
25.738,-0.0306796,-0.00306796,-0.0552885,-0.100055
25.74,-0.0306796,-0.00306796,-0.0497597,-0.0900498
25.742,-0.0306796,-0.00306796,-0.0447837,-0.0810448
25.744,-0.0306796,-0.00306796,-0.0403053,-0.0729403
25.746,-0.0306796,-0.00306796,-0.0362748,-0.0656463
25.748,-0.0306796,-0.00306796,-0.0326473,-0.0590817
25.75,-0.0306796,-0.00306796,-0.0293826,-0.0531735
25.752,-0.0306796,-0.00306796,-0.0264443,-0.0478562
25.754,-0.0306796,-0.00306796,-0.0237999,-0.0430705
25.756,-0.0306796,-0.00306796,-0.0214199,-0.0387635
25.758,-0.0337476,-0.00306796,-0.172676,-0.0348871
25.76,-0.0337476,-0.00306796,-0.155408,-0.0313984
25.762,-0.0337476,-0.00306796,-0.139868,-0.0282586
25.764,-0.0337476,-0.00306796,-0.125881,-0.0254327
25.766,-0.0337476,-0.00306796,-0.113293,-0.0228895
25.768,-0.0337476,-0.00306796,-0.101963,-0.0206005
25.77,-0.0337476,-0.00306796,-0.0917671,-0.0185405
25.772,-0.0337476,-0.00306796,-0.0825904,-0.0166864
25.774,-0.0337476,-0.00306796,-0.0743314,-0.0150178
25.776,-0.0337476,0,-0.0668982,0.139882
25.778,-0.0337476,0,-0.0602084,0.125894
25.78,-0.0337476,0,-0.0541876,0.113304
25.782,-0.0337476,0,-0.0487688,0.101974
25.784,-0.0337476,0,-0.0438919,0.0917766
25.786,-0.0337476,0,-0.0395027,0.082599
25.788,-0.0337476,0,-0.0355525,0.0743391
25.79,-0.0337476,0,-0.0319972,0.0669052
25.792,-0.0337476,0,-0.0287975,0.0602147
25.794,-0.0337476,0,-0.0259177,0.0541932
25.796,-0.0337476,0,-0.023326,0.0487739
25.798,-0.0337476,0,-0.0209934,0.0438965
25.8,-0.0337476,0,-0.018894,0.0395068
25.802,-0.0337476,0,-0.0170046,0.0355561
25.804,-0.0337476,0,-0.0153042,0.0320005
25.806,-0.0337476,0,-0.0137738,0.0288005
25.808,-0.0337476,0,-0.0123964,0.0259204
25.81,-0.0337476,0,-0.0111567,0.0233284
25.812,-0.0337476,-0.00306796,-0.0100411,-0.132403
25.814,-0.0368155,-0.00306796,-0.162435,-0.119162
25.816,-0.0368155,-0.00306796,-0.146192,-0.107246
25.818,-0.0368155,-0.00306796,-0.131572,-0.0965214
25.82,-0.0368155,-0.00306796,-0.118415,-0.0868693
25.822,-0.0368155,-0.00306796,-0.106574,-0.0781824
25.824,-0.0368155,-0.00306796,-0.0959163,-0.0703641
25.826,-0.0368155,-0.00306796,-0.0863246,-0.0633277
25.828,-0.0368155,-0.00306796,-0.0776922,-0.0569949
25.83,-0.0368155,-0.00306796,-0.069923,-0.0512955
25.832,-0.0368155,-0.00306796,-0.0629307,-0.0461659
25.834,-0.0368155,-0.00306796,-0.0566376,-0.0415493
25.836,-0.0368155,-0.00306796,-0.0509738,-0.0373944
25.838,-0.0368155,-0.00306796,-0.0458765,-0.0336549
25.84,-0.0368155,-0.00306796,-0.0412888,-0.0302895
25.842,-0.0368155,0,-0.0371599,0.126138
25.844,-0.0368155,0,-0.0334439,0.113524
25.846,-0.0368155,0,-0.0300995,0.102171
25.848,-0.0368155,0,-0.0270896,0.0919543
25.85,-0.0368155,0,-0.0243806,0.0827589
25.852,-0.0368155,0,-0.0219426,0.074483
25.854,-0.0368155,0,-0.0197483,0.0670347
25.856,-0.0368155,0,-0.0177735,0.0603312
25.858,-0.0368155,0,-0.0159961,0.0542981
25.86,-0.0368155,0,-0.0143965,0.0488683
25.862,-0.0368155,0,-0.0129569,0.0439815
25.864,-0.0368155,0,-0.0116612,0.0395833
25.866,-0.0368155,0,-0.0104951,0.035625
25.868,-0.0368155,0,-0.00944555,0.0320625
25.87,-0.0368155,0,-0.008501,0.0288562
25.872,-0.0368155,0,-0.0076509,0.0259706
25.874,-0.0368155,0,-0.00688581,0.0233735
25.876,-0.0368155,-0.00306796,-0.00619723,-0.132362
25.878,-0.0368155,-0.00306796,-0.00557751,-0.119126
25.88,-0.0368155,-0.00306796,-0.00501976,-0.107213
25.882,-0.0368155,-0.00306796,-0.00451778,-0.0964918
25.884,-0.0368155,-0.00306796,-0.004066,-0.0868426
25.886,-0.0368155,-0.00306796,-0.0036594,-0.0781584
25.888,-0.0368155,-0.00306796,-0.00329346,-0.0703425
25.89,-0.0368155,-0.00306796,-0.00296412,-0.0633083
25.892,-0.0368155,-0.00306796,-0.0026677,-0.0569775
25.894,-0.0368155,0,-0.00240093,0.102118
25.896,-0.0368155,0,-0.00216084,0.0919065
25.898,-0.0368155,0,-0.00194476,0.0827159
25.9,-0.0368155,0,-0.00175028,0.0744443
25.902,-0.0368155,0,-0.00157525,0.0669999
25.904,-0.0368155,0,-0.00141773,0.0602999
25.906,-0.0368155,0,-0.00127595,0.0542699
25.908,-0.0368155,0,-0.00114836,0.0488429
25.91,-0.0368155,0,-0.00103352,0.0439586
25.912,-0.0398835,0,-0.154328,0.0395627
25.914,-0.0398835,0,-0.138895,0.0356065
25.916,-0.0398835,0,-0.125006,0.0320458
25.918,-0.0398835,0,-0.112505,0.0288412
25.92,-0.0398835,0,-0.101255,0.0259571
25.922,-0.0398835,0,-0.0911293,0.0233614
25.924,-0.0398835,0,-0.0820164,0.0210253
25.926,-0.0398835,0,-0.0738147,0.0189227
25.928,-0.0398835,0,-0.0664333,0.0170305
25.93,-0.0398835,0,-0.0597899,0.0153274
25.932,-0.0398835,0,-0.0538109,0.0137947
25.934,-0.0398835,0,-0.0484298,0.0124152
25.936,-0.0398835,0,-0.0435869,0.0111737
25.938,-0.0398835,0,-0.0392282,0.0100563
25.94,-0.0398835,0,-0.0353054,0.00905069
25.942,-0.0398835,-0.00306796,-0.0317748,-0.145252
25.944,-0.0398835,-0.00306796,-0.0285973,-0.130727
25.946,-0.0398835,-0.00306796,-0.0257376,-0.117654
25.948,-0.0398835,-0.00306796,-0.0231638,-0.105889
25.95,-0.0398835,-0.00306796,-0.0208475,-0.0953001
25.952,-0.0398835,-0.00306796,-0.0187627,-0.0857701
25.954,-0.0398835,-0.00306796,-0.0168864,-0.0771931
25.956,-0.0398835,-0.00306796,-0.0151978,-0.0694738
25.958,-0.0398835,-0.00306796,-0.013678,-0.0625264
25.96,-0.0398835,-0.00306796,-0.0123102,-0.0562738
25.962,-0.0398835,-0.00306796,-0.0110792,-0.0506464
25.964,-0.0398835,-0.00306796,-0.00997127,-0.0455818
25.966,-0.0398835,-0.00306796,-0.00897415,-0.0410236
25.968,-0.0398835,-0.00306796,-0.00807673,-0.0369212
25.97,-0.0398835,-0.00306796,-0.00726906,-0.0332291
25.972,-0.0398835,-0.00306796,-0.00654215,-0.0299062
25.974,-0.0398835,0,-0.00588794,0.126483
25.976,-0.0398835,0,-0.00529914,0.113834
25.978,-0.0398835,0,-0.00476923,0.102451
25.98,-0.0398835,0,-0.00429231,0.0922057
25.982,-0.0398835,0,-0.00386308,0.0829852
25.984,-0.0398835,0,-0.00347677,0.0746867
25.986,-0.0398835,0,-0.00312909,0.067218
25.988,-0.0398835,0,-0.00281618,0.0604962
25.99,-0.0398835,0,-0.00253456,0.0544466
25.992,-0.0398835,0,-0.00228111,0.0490019
25.994,-0.0429515,0,-0.155451,0.0441017
25.996,-0.0429515,0,-0.139906,0.0396916
25.998,-0.0429515,0,-0.125915,0.0357224
26,-0.0429515,0,-0.113324,0.0321502
26.002,-0.0429515,0,-0.101991,0.0289351
26.004,-0.0429515,0,-0.0917923,0.0260416
26.006,-0.0429515,0,-0.0826131,0.0234375
26.008,-0.0429515,0,-0.0743518,0.0210937
26.01,-0.0429515,0,-0.0669166,0.0189843
26.012,-0.0429515,-0.00306796,-0.0602249,-0.136312
26.014,-0.0429515,-0.00306796,-0.0542024,-0.122681
26.016,-0.0429515,-0.00306796,-0.0487822,-0.110413
26.018,-0.0429515,-0.00306796,-0.043904,-0.0993716
26.02,-0.0429515,-0.00306796,-0.0395136,-0.0894344
26.022,-0.0429515,-0.00306796,-0.0355622,-0.080491
26.024,-0.0429515,-0.00306796,-0.032006,-0.0724419
26.026,-0.0429515,-0.00306796,-0.0288054,-0.0651977
26.028,-0.0429515,-0.00306796,-0.0259249,-0.0586779
26.03,-0.0460194,-0.00306796,-0.17673,-0.0528101
26.032,-0.0460194,-0.00306796,-0.159057,-0.0475291
26.034,-0.0460194,-0.00306796,-0.143152,-0.0427762
26.036,-0.0460194,-0.00306796,-0.128836,-0.0384986
26.038,-0.0460194,-0.00306796,-0.115953,-0.0346487
26.04,-0.0460194,-0.00306796,-0.104358,-0.0311839
26.042,-0.0460194,-0.00306796,-0.0939218,-0.0280655
26.044,-0.0460194,-0.00306796,-0.0845296,-0.0252589
26.046,-0.0460194,-0.00306796,-0.0760767,-0.022733
26.048,-0.0460194,-0.00306796,-0.068469,-0.0204597
26.05,-0.0460194,-0.00306796,-0.0616221,-0.0184138
26.052,-0.0460194,-0.00306796,-0.0554599,-0.0165724
26.054,-0.0460194,-0.00306796,-0.0499139,-0.0149151
26.056,-0.0460194,-0.00306796,-0.0449225,-0.0134236
26.058,-0.0460194,-0.00306796,-0.0404303,-0.0120813
26.06,-0.0460194,-0.00306796,-0.0363872,-0.0108731
26.062,-0.0460194,-0.00306796,-0.0327485,-0.00978582
26.064,-0.0460194,-0.00306796,-0.0294737,-0.00880724
26.066,-0.0460194,-0.00306796,-0.0265263,-0.00792652
26.068,-0.0460194,-0.00306796,-0.0238737,-0.00713387
26.07,-0.0460194,-0.00306796,-0.0214863,-0.00642048
26.072,-0.0460194,-0.00306796,-0.0193377,-0.00577843
26.074,-0.0460194,-0.00306796,-0.0174039,-0.00520059
26.076,-0.0460194,-0.00306796,-0.0156635,-0.00468053
26.078,-0.0460194,-0.00306796,-0.0140972,-0.00421248
26.08,-0.0460194,-0.00306796,-0.0126874,-0.00379123
26.082,-0.0429515,-0.00306796,0.141979,-0.00341211
26.084,-0.0429515,-0.00306796,0.127781,-0.00307089
26.086,-0.0429515,-0.00306796,0.115003,-0.00276381
26.088,-0.0429515,-0.00306796,0.103503,-0.00248742
26.09,-0.0429515,0,0.0931527,0.151159
26.092,-0.0429515,0,0.0838374,0.136043
26.094,-0.0429515,0,0.0754537,0.122439
26.096,-0.0429515,0,0.0679083,0.110195
26.098,-0.0429515,0,0.0611175,0.0991757
26.1,-0.0429515,0,0.0550057,0.0892581
26.102,-0.0429515,0,0.0495051,0.0803323
26.104,-0.0429515,0,0.0445546,0.0722991
26.106,-0.0429515,0,0.0400992,0.0650692
26.108,-0.0429515,0,0.0360893,0.0585622
26.11,-0.0429515,0,0.0324803,0.052706
26.112,-0.0429515,0,0.0292323,0.0474354
26.114,-0.0429515,0,0.0263091,0.0426919
26.116,-0.0429515,0,0.0236782,0.0384227
26.118,-0.0429515,0,0.0213103,0.0345804
26.12,-0.0460194,0,-0.134219,0.0311224
26.122,-0.0460194,0,-0.120797,0.0280101
26.124,-0.0460194,-0.00306796,-0.108717,-0.128189
26.126,-0.0460194,-0.00306796,-0.0978455,-0.11537
26.128,-0.0460194,-0.00306796,-0.0880609,-0.103833
26.13,-0.0460194,-0.00306796,-0.0792548,-0.0934497
26.132,-0.0460194,-0.00306796,-0.0713294,-0.0841048
26.134,-0.0460194,-0.00306796,-0.0641964,-0.0756943
26.136,-0.0460194,-0.00306796,-0.0577768,-0.0681249
26.138,-0.0460194,-0.00306796,-0.0519991,-0.0613124
26.14,-0.0460194,-0.00306796,-0.0467992,-0.0551811
26.142,-0.0460194,-0.00306796,-0.0421193,-0.049663
26.144,-0.0460194,-0.00306796,-0.0379073,-0.0446967
26.146,-0.0460194,-0.00306796,-0.0341166,-0.0402271
26.148,-0.0460194,-0.00306796,-0.0307049,-0.0362043
26.15,-0.0460194,-0.00306796,-0.0276345,-0.0325839
26.152,-0.0460194,-0.00306796,-0.024871,-0.0293255
26.154,-0.0460194,-0.00306796,-0.0223839,-0.026393
26.156,-0.0460194,-0.00306796,-0.0201455,-0.0237537
26.158,-0.0460194,-0.00306796,-0.018131,-0.0213783
26.16,-0.0460194,-0.00306796,-0.0163179,-0.0192405
26.162,-0.0460194,0,-0.0146861,0.136082
26.164,-0.0460194,0,-0.0132175,0.122473
26.166,-0.0460194,0,-0.0118957,0.110226
26.168,-0.0460194,0,-0.0107062,0.0992035
26.17,-0.0460194,0,-0.00963554,0.0892832
26.172,-0.0460194,0,-0.00867198,0.0803549
26.174,-0.0460194,0,-0.00780479,0.0723194
26.176,-0.0460194,0,-0.00702431,0.0650874
26.178,-0.0460194,-0.00306796,-0.00632188,-0.0948194
26.18,-0.0460194,-0.00306796,-0.00568969,-0.0853375
26.182,-0.0460194,-0.00306796,-0.00512072,-0.0768037
26.184,-0.0460194,-0.00306796,-0.00460865,-0.0691233
26.186,-0.0460194,-0.00306796,-0.00414778,-0.062211
26.188,-0.0460194,-0.00306796,-0.00373301,-0.0559899
26.19,-0.0460194,-0.00306796,-0.0033597,-0.0503909
26.192,-0.0460194,-0.00306796,-0.00302373,-0.0453518
26.194,-0.0460194,-0.00306796,-0.00272136,-0.0408166
26.196,-0.0460194,-0.00306796,-0.00244922,-0.036735
26.198,-0.0460194,-0.00306796,-0.0022043,-0.0330615
26.2,-0.0460194,-0.00306796,-0.00198387,-0.0297553
26.202,-0.0460194,-0.00306796,-0.00178548,-0.0267798
26.204,-0.0460194,-0.00306796,-0.00160694,-0.0241018
26.206,-0.0460194,-0.00306796,-0.00144624,-0.0216916
26.208,-0.0460194,-0.00306796,-0.00130162,-0.0195225
26.21,-0.0460194,-0.00306796,-0.00117146,-0.0175702
26.212,-0.0460194,-0.00306796,-0.00105431,-0.0158132
26.214,-0.0460194,-0.00306796,-0.00094888,-0.0142319
26.216,-0.0460194,-0.00306796,-0.000853992,-0.0128087
26.218,-0.0460194,-0.00306796,-0.000768593,-0.0115278
26.22,-0.0460194,-0.00306796,-0.000691733,-0.010375
26.222,-0.0460194,-0.00306796,-0.00062256,-0.00933754
26.224,-0.0460194,-0.00306796,-0.000560304,-0.00840378
26.226,-0.0460194,-0.00306796,-0.000504274,-0.00756341
26.228,-0.0460194,-0.00306796,-0.000453846,-0.00680706
26.23,-0.0460194,-0.00306796,-0.000408462,-0.00612636
26.232,-0.0460194,-0.00306796,-0.000367615,-0.00551372
26.234,-0.0460194,-0.00306796,-0.000330854,-0.00496235
26.236,-0.0460194,-0.00306796,-0.000297769,-0.00446612
26.238,-0.0460194,-0.00306796,-0.000267992,-0.0040195
26.24,-0.0460194,-0.00306796,-0.000241193,-0.00361755
26.242,-0.0460194,-0.00306796,-0.000217073,-0.0032558
26.244,-0.0460194,-0.00306796,-0.000195366,-0.00293022
26.246,-0.0460194,-0.00306796,-0.000175829,-0.0026372
26.248,-0.0460194,-0.00306796,-0.000158246,-0.00237348
26.25,-0.0460194,-0.00306796,-0.000142422,-0.00213613
26.252,-0.0460194,-0.00306796,-0.00012818,-0.00192252
26.254,-0.0460194,-0.00306796,-0.000115362,-0.00173026
26.256,-0.0460194,-0.00306796,-0.000103825,-0.00155724
26.258,-0.0429515,-0.00306796,0.153305,-0.00140151
26.26,-0.0429515,-0.00306796,0.137974,-0.00126136
26.262,-0.0429515,-0.00306796,0.124177,-0.00113523
26.264,-0.0429515,-0.00306796,0.111759,-0.0010217
26.266,-0.0429515,0,0.100583,0.152479
26.268,-0.0429515,0,0.0905249,0.137231
26.27,-0.0429515,0,0.0814724,0.123508
26.272,-0.0429515,0,0.0733251,0.111157
26.274,-0.0429515,0,0.0659926,0.100041
26.276,-0.0429515,0,0.0593934,0.0900371
26.278,-0.0429515,0,0.053454,0.0810334
26.28,-0.0429515,0,0.0481086,0.07293
26.282,-0.0429515,-0.00306796,0.0432978,-0.0877611
26.284,-0.0429515,-0.00306796,0.038968,-0.078985
26.286,-0.0429515,-0.00306796,0.0350712,-0.0710865
26.288,-0.0429515,-0.00306796,0.0315641,-0.0639778
26.29,-0.0429515,-0.00306796,0.0284077,-0.05758
26.292,-0.0429515,-0.00306796,0.0255669,-0.051822
26.294,-0.0429515,-0.00306796,0.0230102,-0.0466398
26.296,-0.0429515,-0.00306796,0.0207092,-0.0419758
26.298,-0.0429515,-0.00306796,0.0186383,-0.0377783
26.3,-0.0429515,-0.00306796,0.0167744,-0.0340004
26.302,-0.0429515,-0.00306796,0.015097,-0.0306004
26.304,-0.0429515,-0.00306796,0.0135873,-0.0275404
26.306,-0.0429515,-0.00306796,0.0122286,-0.0247863
26.308,-0.0429515,-0.00306796,0.0110057,-0.0223077
26.31,-0.0429515,-0.00306796,0.00990514,-0.0200769
26.312,-0.0429515,-0.00306796,0.00891462,-0.0180692
26.314,-0.0429515,-0.00306796,0.00802316,-0.0162623
26.316,-0.0429515,-0.00306796,0.00722085,-0.0146361
26.318,-0.0429515,-0.00306796,0.00649876,-0.0131725
26.32,-0.0429515,-0.00306796,0.00584888,-0.0118552
26.322,-0.0429515,-0.00306796,0.005264,-0.0106697
26.324,-0.0429515,-0.00306796,0.0047376,-0.00960273
26.326,-0.0429515,-0.00306796,0.00426384,-0.00864245
26.328,-0.0429515,-0.00306796,0.00383745,-0.00777821
26.33,-0.0429515,-0.00306796,0.00345371,-0.00700039
26.332,-0.0429515,-0.00306796,0.00310834,-0.00630035
26.334,-0.0429515,-0.00306796,0.0027975,-0.00567031
26.336,-0.0429515,-0.00306796,0.00251775,-0.00510328
26.338,-0.0429515,-0.00306796,0.00226598,-0.00459295
26.34,-0.0429515,-0.00306796,0.00203938,-0.00413366
26.342,-0.0429515,-0.00306796,0.00183544,-0.00372029
26.344,-0.0429515,-0.00306796,0.0016519,-0.00334826
26.346,-0.0429515,-0.00306796,0.00148671,-0.00301344
26.348,-0.0429515,-0.00306796,0.00133804,-0.00271209
26.35,-0.0429515,-0.00306796,0.00120423,-0.00244088
26.352,-0.0429515,-0.00306796,0.00108381,-0.0021968
26.354,-0.0429515,-0.00306796,0.000975429,-0.00197712
26.356,-0.0429515,-0.00306796,0.000877886,-0.0017794
26.358,-0.0429515,-0.00306796,0.000790098,-0.00160146
26.36,-0.0429515,-0.00306796,0.000711088,-0.00144132
26.362,-0.0429515,-0.00306796,0.000639979,-0.00129719
26.364,-0.0429515,-0.00306796,0.000575981,-0.00116747
26.366,-0.0429515,-0.00306796,0.000518383,-0.00105072
26.368,-0.0429515,-0.00306796,0.000466545,-0.000945649
26.37,-0.0429515,-0.00306796,0.00041989,-0.000851084
26.372,-0.0429515,-0.00306796,0.000377901,-0.000765975
26.374,-0.0429515,-0.00306796,0.000340111,-0.000689378
26.376,-0.0429515,-0.00306796,0.0003061,-0.00062044
26.378,-0.0429515,-0.00306796,0.00027549,-0.000558396
26.38,-0.0429515,-0.00306796,0.000247941,-0.000502556
26.382,-0.0429515,-0.00306796,0.000223147,-0.000452301
26.384,-0.0429515,-0.00306796,0.000200832,-0.000407071
26.386,-0.0429515,-0.00306796,0.000180749,-0.000366364
26.388,-0.0429515,-0.00306796,0.000162674,-0.000329727
26.39,-0.0429515,-0.00306796,0.000146407,-0.000296755
26.392,-0.0429515,-0.00306796,0.000131766,-0.000267079
26.394,-0.0429515,-0.00306796,0.000118589,-0.000240371
26.396,-0.0429515,-0.00306796,0.00010673,-0.000216334
26.398,-0.0429515,-0.00306796,9.60574e-05,-0.000194701
26.4,-0.0429515,-0.00306796,8.64517e-05,-0.000175231
26.402,-0.0429515,-0.00306796,7.78065e-05,-0.000157708
26.404,-0.0429515,-0.00306796,7.00259e-05,-0.000141937
26.406,-0.0429515,-0.00306796,6.30233e-05,-0.000127743
26.408,-0.0429515,-0.00306796,5.67209e-05,-0.000114969
26.41,-0.0429515,-0.00613592,5.10489e-05,-0.153502
26.412,-0.0429515,-0.00613592,4.5944e-05,-0.138151
26.414,-0.0429515,-0.00613592,4.13496e-05,-0.124336
26.416,-0.0429515,-0.00613592,3.72146e-05,-0.111903
26.418,-0.0429515,-0.00613592,3.34932e-05,-0.100712
26.42,-0.0429515,-0.00613592,3.01438e-05,-0.0906411
26.422,-0.0429515,-0.00613592,2.71295e-05,-0.081577
26.424,-0.0429515,-0.00613592,2.44165e-05,-0.0734193
26.426,-0.0429515,-0.00613592,2.19749e-05,-0.0660774
26.428,-0.0429515,-0.00613592,1.97774e-05,-0.0594696
26.43,-0.0429515,-0.00613592,1.77996e-05,-0.0535227
26.432,-0.0398835,-0.00613592,0.153414,-0.0481704
26.434,-0.0398835,-0.00306796,0.138073,0.110045
26.436,-0.0398835,-0.00306796,0.124265,0.0990402
26.438,-0.0398835,-0.00306796,0.111839,0.0891362
26.44,-0.0398835,-0.00306796,0.100655,0.0802226
26.442,-0.0398835,-0.00306796,0.0905895,0.0722003
26.444,-0.0398835,-0.00306796,0.0815305,0.0649803
26.446,-0.0398835,-0.00306796,0.0733775,0.0584823
26.448,-0.0398835,-0.00306796,0.0660397,0.052634
26.45,-0.0398835,-0.00306796,0.0594358,0.0473706
26.452,-0.0398835,-0.00306796,0.0534922,0.0426336
26.454,-0.0398835,-0.00306796,0.048143,0.0383702
26.456,-0.0398835,-0.00306796,0.0433287,0.0345332
26.458,-0.0368155,-0.00306796,0.192394,0.0310799
26.46,-0.0368155,-0.00306796,0.173154,0.0279719
26.462,-0.0368155,0,0.155839,0.178573
26.464,-0.0368155,0,0.140255,0.160716
26.466,-0.0368155,0,0.12623,0.144644
26.468,-0.0368155,0,0.113607,0.13018
26.47,-0.0368155,0,0.102246,0.117162
26.472,-0.0368155,0,0.0920214,0.105445
26.474,-0.0368155,0,0.0828193,0.0949009
26.476,-0.0368155,0,0.0745373,0.0854108
26.478,-0.0368155,0,0.0670836,0.0768697
26.48,-0.0368155,0,0.0603752,0.0691828
26.482,-0.0368155,0,0.0543377,0.0622645
26.484,-0.0368155,0,0.0489039,0.056038
26.486,-0.0368155,0,0.0440135,0.0504342
26.488,-0.0337476,0,0.19301,0.0453908
26.49,-0.0337476,0,0.173709,0.0408517
26.492,-0.0337476,0,0.156338,0.0367666
26.494,-0.0337476,0,0.140704,0.0330899
26.496,-0.0337476,0,0.126634,0.0297809
26.498,-0.0337476,0,0.113971,0.0268028
26.5,-0.0337476,-0.00306796,0.102574,-0.129276
26.502,-0.0337476,-0.00306796,0.0923162,-0.116348
26.504,-0.0337476,-0.00306796,0.0830846,-0.104713
26.506,-0.0337476,-0.00306796,0.0747761,-0.0942419
26.508,-0.0337476,-0.00306796,0.0672985,-0.0848177
26.51,-0.0337476,-0.00306796,0.0605687,-0.0763359
26.512,-0.0337476,-0.00306796,0.0545118,-0.0687023
26.514,-0.0337476,-0.00306796,0.0490606,-0.0618321
26.516,-0.0337476,-0.00306796,0.0441546,-0.0556489
26.518,-0.0337476,-0.00306796,0.0397391,-0.050084
26.52,-0.0337476,-0.00306796,0.0357652,-0.0450756
26.522,-0.0306796,0,0.185587,0.11283
26.524,-0.0306796,0,0.167028,0.101547
26.526,-0.0306796,0,0.150325,0.0913923
26.528,-0.0306796,0,0.135293,0.0822531
26.53,-0.0306796,0,0.121763,0.0740278
26.532,-0.0306796,0,0.109587,0.066625
26.534,-0.0306796,0,0.0986284,0.0599625
26.536,-0.0306796,0,0.0887656,0.0539663
26.538,-0.0306796,0,0.079889,0.0485696
26.54,-0.0306796,0,0.0719001,0.0437127
26.542,-0.0306796,0,0.0647101,0.0393414
26.544,-0.0306796,0,0.0582391,0.0354073
26.546,-0.0306796,0,0.0524152,0.0318665
26.548,-0.0276117,0,0.200572,0.0286799
26.55,-0.0276117,0,0.180515,0.0258119
26.552,-0.0276117,0,0.162463,0.0232307
26.554,-0.0276117,0,0.146217,0.0209076
26.556,-0.0276117,0,0.131595,0.0188169
26.558,-0.0276117,0,0.118436,0.0169352
26.56,-0.0276117,0,0.106592,0.0152417
26.562,-0.0276117,0,0.0959328,0.0137175
26.564,-0.0276117,0,0.0863396,0.0123457
26.566,-0.0276117,0,0.0777056,0.0111112
26.568,-0.0276117,0,0.069935,0.0100001
26.57,-0.0276117,0,0.0629415,0.00900005
26.572,-0.0276117,0,0.0566474,0.00810005
26.574,-0.0276117,0,0.0509826,0.00729004
26.576,-0.0276117,0,0.0458844,0.00656104
26.578,-0.0276117,0,0.0412959,0.00590493
26.58,-0.0245437,0,0.190564,0.00531444
26.582,-0.0245437,0,0.171508,0.004783
26.584,-0.0245437,0,0.154357,0.0043047
26.586,-0.0245437,0.00306796,0.138921,0.157272
26.588,-0.0245437,0.00306796,0.125029,0.141545
26.59,-0.0245437,0.00306796,0.112526,0.127391
26.592,-0.0245437,0.00306796,0.101274,0.114652
26.594,-0.0245437,0.00306796,0.0911464,0.103186
26.596,-0.0245437,0.00306796,0.0820317,0.0928677
26.598,-0.0245437,0.00306796,0.0738286,0.083581
26.6,-0.0245437,0,0.0664457,-0.0781752
26.602,-0.0245437,0,0.0598011,-0.0703577
26.604,-0.0245437,0,0.053821,-0.0633219
26.606,-0.0245437,0,0.0484389,-0.0569897
26.608,-0.0245437,0,0.043595,-0.0512908
26.61,-0.0245437,0,0.0392355,-0.0461617
26.612,-0.0245437,0,0.035312,-0.0415455
26.614,-0.0245437,0,0.0317808,-0.037391
26.616,-0.0245437,0,0.0286027,-0.0336519
26.618,-0.0245437,0,0.0257424,-0.0302867
26.62,-0.0245437,0,0.0231682,-0.027258
26.622,-0.0245437,0,0.0208514,-0.0245322
26.624,-0.0245437,0,0.0187662,-0.022079
26.626,-0.0245437,0,0.0168896,-0.0198711
26.628,-0.0245437,0,0.0152006,-0.017884
26.63,-0.0245437,0,0.0136806,-0.0160956
26.632,-0.0245437,0,0.0123125,-0.014486
26.634,-0.0245437,0,0.0110813,-0.0130374
26.636,-0.0245437,0,0.00997314,-0.0117337
26.638,-0.0245437,0,0.00897583,-0.0105603
26.64,-0.0245437,0,0.00807825,-0.00950428
26.642,-0.0245437,0,0.00727042,-0.00855385
26.644,-0.0245437,-0.00306796,0.00654338,-0.161097
26.646,-0.0245437,-0.00306796,0.00588904,-0.144987
26.648,-0.0245437,-0.00306796,0.00530014,-0.130488
26.65,-0.0245437,-0.00306796,0.00477012,-0.117439
26.652,-0.0245437,-0.00306796,0.00429311,-0.105695
26.654,-0.0245437,-0.00306796,0.0038638,-0.0951259
26.656,-0.0245437,-0.00306796,0.00347742,-0.0856133
26.658,-0.0245437,-0.00306796,0.00312968,-0.077052
26.66,-0.0245437,-0.00306796,0.00281671,-0.0693468
26.662,-0.0245437,-0.00306796,0.00253504,-0.0624121
26.664,-0.0245437,-0.00306796,0.00228154,-0.0561709
26.666,-0.0245437,-0.00306796,0.00205338,-0.0505538
26.668,-0.0214757,-0.00306796,0.155246,-0.0454984
26.67,-0.0214757,-0.00306796,0.139722,-0.0409486
26.672,-0.0214757,-0.00306796,0.125749,-0.0368537
26.674,-0.0214757,-0.00306796,0.113174,-0.0331684
26.676,-0.0214757,0,0.101857,0.123547
26.678,-0.0214757,0,0.0916713,0.111192
26.68,-0.0214757,0,0.0825042,0.100073
26.682,-0.0214757,0,0.0742537,0.0900654
26.684,-0.0214757,0,0.0668284,0.0810589
26.686,-0.0214757,0,0.0601455,0.072953
26.688,-0.0214757,0,0.054131,0.0656577
26.69,-0.0214757,0,0.0487179,0.0590919
26.692,-0.0184078,0,0.197244,0.0531827
26.694,-0.0184078,0,0.17752,0.0478645
26.696,-0.0184078,0,0.159768,0.043078
26.698,-0.0184078,0,0.143791,0.0387702
26.7,-0.0184078,0,0.129412,0.0348932
26.702,-0.0184078,0,0.116471,0.0314039
26.704,-0.0184078,0,0.104824,0.0282635
26.706,-0.0184078,0,0.0943413,0.0254371
26.708,-0.0184078,0,0.0849071,0.0228934
26.71,-0.0184078,0,0.0764164,0.0206041
26.712,-0.0184078,0,0.0687748,0.0185437
26.714,-0.0184078,0,0.0618973,0.0166893
26.716,-0.0184078,0,0.0557076,0.0150204
26.718,-0.0184078,0,0.0501368,0.0135183
26.72,-0.0184078,0,0.0451231,0.0121665
26.722,-0.0184078,0,0.0406108,0.0109499
26.724,-0.0184078,0,0.0365497,0.00985487
26.726,-0.0153398,0,0.186293,0.00886938
26.728,-0.0153398,0,0.167664,0.00798244
26.73,-0.0153398,0,0.150897,0.0071842
26.732,-0.0153398,0,0.135807,0.00646578
26.734,-0.0153398,0,0.122227,0.0058192
26.736,-0.0153398,0,0.110004,0.00523728
26.738,-0.0153398,0,0.0990037,0.00471355
26.74,-0.0153398,0,0.0891033,0.0042422
26.742,-0.0153398,0,0.080193,0.00381798
26.744,-0.0153398,0,0.0721737,0.00343618
26.746,-0.0153398,0,0.0649563,0.00309256
26.748,-0.0153398,0,0.0584607,0.00278331
26.75,-0.0153398,0,0.0526146,0.00250498
26.752,-0.0153398,0,0.0473531,0.00225448
26.754,-0.0153398,0,0.0426178,0.00202903
26.756,-0.0153398,0,0.038356,0.00182613
26.758,-0.0153398,0,0.0345204,0.00164351
26.76,-0.0153398,0,0.0310684,0.00147916
26.762,-0.0153398,0,0.0279616,0.00133125
26.764,-0.0153398,0,0.0251654,0.00119812
26.766,-0.0153398,0,0.0226489,0.00107831
26.768,-0.0153398,0,0.020384,0.000970479
26.77,-0.0153398,0,0.0183456,0.000873431
26.772,-0.0153398,0,0.016511,0.000786088
26.774,-0.0153398,0,0.0148599,0.000707479
26.776,-0.0153398,0,0.0133739,0.000636731
26.778,-0.0153398,0,0.0120365,0.000573058
26.78,-0.0153398,0,0.0108329,0.000515752
26.782,-0.0153398,0,0.00974959,0.000464177
26.784,-0.0153398,0,0.00877463,0.000417759
26.786,-0.0153398,0,0.00789717,0.000375983
26.788,-0.0153398,0,0.00710745,0.000338385
26.79,-0.0153398,0,0.00639671,0.000304547
26.792,-0.0153398,0,0.00575704,0.000274092
26.794,-0.0153398,-0.00306796,0.00518133,-0.153151
26.796,-0.0153398,-0.00306796,0.0046632,-0.137836
26.798,-0.0153398,-0.00306796,0.00419688,-0.124053
26.8,-0.0153398,-0.00306796,0.00377719,-0.111647
26.802,-0.0153398,-0.00306796,0.00339947,-0.100483
26.804,-0.0153398,-0.00306796,0.00305953,-0.0904344
26.806,-0.0153398,-0.00306796,0.00275357,-0.0813909
26.808,-0.0153398,-0.00306796,0.00247822,-0.0732518
26.81,-0.0153398,-0.00306796,0.00223039,-0.0659267
26.812,-0.0153398,-0.00306796,0.00200735,-0.059334
26.814,-0.0153398,-0.00306796,0.00180662,-0.0534006
26.816,-0.0153398,-0.00306796,0.00162596,-0.0480605
26.818,-0.0122718,-0.00306796,0.154861,-0.0432545
26.82,-0.0122718,-0.00306796,0.139375,-0.038929
26.822,-0.0122718,-0.00306796,0.125438,-0.0350361
26.824,-0.0122718,-0.00306796,0.112894,-0.0315325
26.826,-0.0122718,-0.00306796,0.101605,-0.0283793
26.828,-0.0122718,-0.00306796,0.0914441,-0.0255413
26.83,-0.0122718,-0.00306796,0.0822997,-0.0229872
26.832,-0.0122718,-0.00306796,0.0740697,-0.0206885
26.834,-0.0122718,0,0.0666628,0.134778
26.836,-0.0122718,0,0.0599965,0.121301
26.838,-0.0122718,0,0.0539968,0.109171
26.84,-0.0122718,0,0.0485972,0.0982535
26.842,-0.00920388,0,0.197136,0.0884281
26.844,-0.00920388,0,0.177422,0.0795853
26.846,-0.00920388,0,0.15968,0.0716268
26.848,-0.00920388,0,0.143712,0.0644641
26.85,-0.00920388,0,0.129341,0.0580177
26.852,-0.00920388,0,0.116407,0.0522159
26.854,-0.00920388,0,0.104766,0.0469943
26.856,-0.00920388,0,0.0942893,0.0422949
26.858,-0.00920388,0,0.0848604,0.0380654
26.86,-0.00920388,0,0.0763743,0.0342589
26.862,-0.00920388,0,0.0687369,0.030833
26.864,-0.00920388,0,0.0618632,0.0277497
26.866,-0.00920388,0,0.0556769,0.0249747
26.868,-0.00920388,0,0.0501092,0.0224772
26.87,-0.00920388,0,0.0450983,0.0202295
26.872,-0.00920388,0,0.0405885,0.0182066
26.874,-0.00920388,0,0.0365296,0.0163859
26.876,-0.00920388,0,0.0328766,0.0147473
26.878,-0.00920388,0,0.029589,0.0132726
26.88,-0.00920388,0,0.0266301,0.0119453
26.882,-0.00613592,0,0.177365,0.0107508
26.884,-0.00613592,0,0.159629,0.00967572
26.886,-0.00613592,0,0.143666,0.00870815
26.888,-0.00613592,0,0.129299,0.00783733
26.89,-0.00613592,0,0.116369,0.0070536
26.892,-0.00613592,0,0.104732,0.00634824
26.894,-0.00613592,0,0.0942591,0.00571341
26.896,-0.00613592,0,0.0848332,0.00514207
26.898,-0.00613592,0,0.0763499,0.00462787
26.9,-0.00613592,0,0.0687149,0.00416508
26.902,-0.00613592,0,0.0618434,0.00374857
26.904,-0.00613592,0,0.0556591,0.00337371
26.906,-0.00613592,-0.00306796,0.0500932,-0.150362
26.908,-0.00613592,-0.00306796,0.0450838,-0.135326
26.91,-0.00613592,-0.00306796,0.0405755,-0.121793
26.912,-0.00613592,-0.00306796,0.0365179,-0.109614
26.914,-0.00613592,-0.00306796,0.0328661,-0.0986523
26.916,-0.00613592,-0.00306796,0.0295795,-0.0887871
26.918,-0.00613592,-0.00306796,0.0266216,-0.0799084
26.92,-0.00613592,-0.00306796,0.0239594,-0.0719176
26.922,-0.00613592,-0.00306796,0.0215635,-0.0647258
26.924,-0.00613592,-0.00306796,0.0194071,-0.0582532
26.926,-0.00613592,-0.00306796,0.0174664,-0.0524279
26.928,-0.00613592,-0.00306796,0.0157198,-0.0471851
26.93,-0.00613592,-0.00306796,0.0141478,-0.0424666
26.932,-0.00613592,-0.00306796,0.012733,-0.0382199
26.934,-0.00613592,-0.00306796,0.0114597,-0.0343979
26.936,-0.00613592,0,0.0103137,0.12244
26.938,-0.00306796,0,0.16268,0.110196
26.94,-0.00306796,0,0.146412,0.0991763
26.942,-0.00306796,0,0.131771,0.0892587
26.944,-0.00306796,0,0.118594,0.0803328
26.946,-0.00306796,0,0.106735,0.0722996
26.948,-0.00306796,0,0.0960612,0.0650696
26.95,-0.00306796,0,0.0864551,0.0585626
26.952,-0.00306796,0,0.0778096,0.0527064
26.954,-0.00306796,0,0.0700286,0.0474357
26.956,-0.00306796,0,0.0630257,0.0426922
26.958,-0.00306796,0,0.0567232,0.0384229
26.96,-0.00306796,0,0.0510508,0.0345807
26.962,-0.00306796,0,0.0459458,0.0311226
26.964,-0.00306796,0,0.0413512,0.0280103
26.966,-0.00306796,0,0.0372161,0.0252093
26.968,-0.00306796,0,0.0334945,0.0226884
26.97,-0.00306796,0,0.030145,0.0204195
26.972,-0.00306796,0,0.0271305,0.0183776
26.974,-0.00306796,0,0.0244175,0.0165398
26.976,-0.00306796,0,0.0219757,0.0148858
26.978,-0.00306796,0,0.0197781,0.0133973
26.98,-0.00306796,0,0.0178003,0.0120575
26.982,-0.00306796,0,0.0160203,0.0108518
26.984,-0.00306796,-0.00306796,0.0144183,-0.143631
26.986,-0.00306796,-0.00306796,0.0129764,-0.129268
26.988,-0.00306796,-0.00306796,0.0116788,-0.116341
26.99,-0.00306796,-0.00306796,0.0105109,-0.104707
26.992,-0.00306796,-0.00306796,0.00945982,-0.0942366
26.994,-0,-0.00306796,0.161912,-0.084813
26.996,-0,-0.00306796,0.145721,-0.0763317
26.998,-0,-0.00306796,0.131149,-0.0686985
27,-0,-0.00306796,0.118034,-0.0618286
27.002,-0,-0.00306796,0.10623,-0.0556458
27.004,-0,-0.00306796,0.0956074,-0.0500812
27.006,-0,-0.00306796,0.0860466,-0.0450731
27.008,-0,-0.00306796,0.077442,-0.0405658
27.01,-0,-0.00306796,0.0696978,-0.0365092
27.012,-0,-0.00306796,0.062728,-0.0328583
27.014,0.00306796,0,0.209853,0.123826
27.016,0.00306796,0,0.188868,0.111443
27.018,0.00306796,0,0.169981,0.100299
27.02,0.00306796,0,0.152983,0.0902689
27.022,0.00306796,0,0.137685,0.081242
27.024,0.00306796,0,0.123916,0.0731178
27.026,0.00306796,0,0.111525,0.065806
27.028,0.00306796,0,0.100372,0.0592254
27.03,0.00613592,0,0.243733,0.0533029
27.032,0.00613592,0,0.21936,0.0479726
27.034,0.00613592,0.00306796,0.197424,0.196573
27.036,0.00613592,0.00306796,0.177681,0.176916
27.038,0.00613592,0.00306796,0.159913,0.159224
27.04,0.00613592,0.00306796,0.143922,0.143302
27.042,0.00613592,0.00306796,0.12953,0.128972
27.044,0.00613592,0.00306796,0.116577,0.116075
27.046,0.00613592,0.00306796,0.104919,0.104467
27.048,0.00613592,0.00306796,0.0944272,0.0940205
27.05,0.00613592,0.00306796,0.0849845,0.0846184
27.052,0.00613592,0.00306796,0.076486,0.0761566
27.054,0.00613592,0.00306796,0.0688374,0.0685409
27.056,0.00613592,0.00306796,0.0619537,0.0616868
27.058,0.00920388,0.00306796,0.209156,0.0555181
27.06,0.00920388,0.00306796,0.188241,0.0499663
27.062,0.00920388,0.00306796,0.169417,0.0449697
27.064,0.00920388,0.00306796,0.152475,0.0404727
27.066,0.00920388,0.00306796,0.137228,0.0364254
27.068,0.00920388,0.00306796,0.123505,0.0327829
27.07,0.00920388,0.00306796,0.111154,0.0295046
27.072,0.00920388,0.00306796,0.100039,0.0265542
27.074,0.00920388,0.00306796,0.090035,0.0238987
27.076,0.00920388,0.00306796,0.0810315,0.0215089
27.078,0.00920388,0.00306796,0.0729283,0.019358
27.08,0.00920388,0.00306796,0.0656355,0.0174222
27.082,0.00920388,0.00306796,0.0590719,0.01568
27.084,0.00920388,0.00306796,0.0531647,0.014112
27.086,0.00920388,0.00306796,0.0478483,0.0127008
27.088,0.00920388,0,0.0430634,-0.141967
27.09,0.00920388,0,0.0387571,-0.127771
27.092,0.00920388,0,0.0348814,-0.114994
27.094,0.00920388,0,0.0313933,-0.103494
27.096,0.00920388,0,0.0282539,-0.0931448
27.098,0.00920388,0,0.0254285,-0.0838303
27.1,0.00920388,0,0.0228857,-0.0754473
27.102,0.00920388,0,0.0205971,-0.0679026
27.104,0.00920388,0,0.0185374,-0.0611123
27.106,0.00920388,0,0.0166837,-0.0550011
27.108,0.00920388,0,0.0150153,-0.049501
27.11,0.00920388,0,0.0135138,-0.0445509
27.112,0.00920388,0,0.0121624,-0.0400958
27.114,0.00920388,0,0.0109461,-0.0360862
27.116,0.00920388,0,0.00985153,-0.0324776
27.118,0.00920388,0,0.00886638,-0.0292298
27.12,0.00920388,0,0.00797974,-0.0263068
27.122,0.00920388,0,0.00718177,-0.0236762
27.124,0.00920388,0,0.00646359,-0.0213085
27.126,0.00920388,0,0.00581723,-0.0191777
27.128,0.00920388,0,0.00523551,-0.0172599
27.13,0.00920388,0,0.00471196,-0.0155339
27.132,0.00920388,0,0.00424076,-0.0139805
27.134,0.00920388,0,0.00381669,-0.0125825
27.136,0.00920388,0,0.00343502,-0.0113242
27.138,0.00920388,0,0.00309152,-0.0101918
27.14,0.00920388,0,0.00278236,-0.00917263
27.142,0.00920388,0,0.00250413,-0.00825537
27.144,0.00920388,0,0.00225372,-0.00742983
27.146,0.00920388,0,0.00202834,-0.00668685
27.148,0.00920388,0,0.00182551,-0.00601816
27.15,0.00920388,0,0.00164296,-0.00541635
27.152,0.00920388,0,0.00147866,-0.00487471
27.154,0.00920388,0,0.0013308,-0.00438724
27.156,0.00920388,0,0.00119772,-0.00394852
27.158,0.00920388,0,0.00107794,-0.00355366
27.16,0.00920388,-0.00306796,0.00097015,-0.156596
27.162,0.00920388,-0.00306796,0.000873135,-0.140937
27.164,0.00920388,-0.00306796,0.000785822,-0.126843
27.166,0.00920388,-0.00306796,0.00070724,-0.114159
27.168,0.00920388,-0.00306796,0.000636516,-0.102743
27.17,0.00920388,-0.00306796,0.000572864,-0.0924686
27.172,0.00920388,-0.00306796,0.000515578,-0.0832217
27.174,0.00920388,-0.00306796,0.00046402,-0.0748996
27.176,0.00920388,-0.00306796,0.000417618,-0.0674096
27.178,0.00920388,-0.00306796,0.000375856,-0.0606686
27.18,0.00920388,-0.00306796,0.000338271,-0.0546018
27.182,0.00920388,-0.00306796,0.000304443,-0.0491416
27.184,0.00920388,-0.00306796,0.000273999,-0.0442274
27.186,0.00920388,-0.00306796,0.000246599,-0.0398047
27.188,0.0122718,-0.00306796,0.15362,-0.0358242
27.19,0.0122718,0,0.138258,0.121156
27.192,0.0122718,0,0.124432,0.109041
27.194,0.0122718,0,0.111989,0.0981366
27.196,0.0122718,0,0.10079,0.0883229
27.198,0.0122718,0,0.0907111,0.0794906
27.2,0.0122718,0,0.08164,0.0715416
27.202,0.0122718,0,0.073476,0.0643874
27.204,0.0122718,0,0.0661284,0.0579487
27.206,0.0122718,0,0.0595155,0.0521538
27.208,0.0122718,0,0.053564,0.0469384
27.21,0.0122718,0,0.0482076,0.0422446
27.212,0.0122718,0,0.0433868,0.0380201
27.214,0.0122718,0,0.0390481,0.0342181
27.216,0.0122718,0,0.0351433,0.0307963
27.218,0.0153398,0,0.185027,0.0277167
27.22,0.0153398,0,0.166524,0.024945
27.222,0.0153398,0,0.149872,0.0224505
27.224,0.0153398,0,0.134885,0.0202055
27.226,0.0153398,0,0.121396,0.0181849
27.228,0.0153398,0,0.109257,0.0163664
27.23,0.0153398,0,0.098331,0.0147298
27.232,0.0153398,0,0.0884979,0.0132568
27.234,0.0153398,0,0.0796481,0.0119311
27.236,0.0153398,0,0.0716833,0.010738
27.238,0.0153398,0,0.064515,0.0096642
27.24,0.0153398,0,0.0580635,0.00869778
27.242,0.0153398,0,0.0522571,0.00782801
27.244,0.0153398,0,0.0470314,0.00704521
27.246,0.0153398,0,0.0423283,0.00634068
27.248,0.0153398,0,0.0380954,0.00570662
27.25,0.0153398,0,0.0342859,0.00513595
27.252,0.0153398,0,0.0308573,0.00462236
27.254,0.0153398,0,0.0277716,0.00416012
27.256,0.0153398,0,0.0249944,0.00374411
27.258,0.0153398,0,0.022495,0.0033697
27.26,0.0153398,0,0.0202455,0.00303273
27.262,0.0153398,0,0.0182209,0.00272946
27.264,0.0153398,-0.00306796,0.0163988,-0.150942
27.266,0.0153398,-0.00306796,0.014759,-0.135847
27.268,0.0153398,-0.00306796,0.0132831,-0.122263
27.27,0.0153398,-0.00306796,0.0119548,-0.110036
27.272,0.0153398,-0.00306796,0.0107593,-0.0990328
27.274,0.0153398,-0.00306796,0.00968335,-0.0891295
27.276,0.0153398,-0.00306796,0.00871501,-0.0802165
27.278,0.0153398,-0.00306796,0.00784351,-0.0721949
27.28,0.0153398,-0.00306796,0.00705916,-0.0649754
27.282,0.0153398,-0.00306796,0.00635324,-0.0584779
27.284,0.0153398,-0.00306796,0.00571792,-0.0526301
27.286,0.0153398,-0.00306796,0.00514613,-0.0473671
27.288,0.0153398,-0.00306796,0.00463152,-0.0426304
27.29,0.0153398,-0.00306796,0.00416836,-0.0383673
27.292,0.0153398,-0.00306796,0.00375153,-0.0345306
27.294,0.0153398,-0.00306796,0.00337637,-0.0310775
27.296,0.0184078,0,0.156437,0.125428
27.298,0.0184078,0,0.140793,0.112885
27.3,0.0184078,0,0.126714,0.101597
27.302,0.0184078,0,0.114042,0.0914372
27.304,0.0184078,0,0.102638,0.0822935
27.306,0.0184078,0,0.0923744,0.0740642
27.308,0.0184078,0,0.0831369,0.0666577
27.31,0.0184078,0,0.0748232,0.059992
27.312,0.0184078,0,0.0673409,0.0539928
27.314,0.0184078,0,0.0606068,0.0485935
27.316,0.0184078,0,0.0545461,0.0437341
27.318,0.0184078,0,0.0490915,0.0393607
27.32,0.0184078,0,0.0441824,0.0354247
27.322,0.0184078,0,0.0397641,0.0318822
27.324,0.0184078,0,0.0357877,0.028694
27.326,0.0184078,0,0.032209,0.0258246
27.328,0.0184078,0,0.0289881,0.0232421
27.33,0.0184078,0,0.0260893,0.0209179
27.332,0.0184078,0,0.0234803,0.0188261
27.334,0.0184078,0,0.0211323,0.0169435
27.336,0.0184078,0,0.0190191,0.0152492
27.338,0.0184078,0,0.0171172,0.0137242
27.34,0.0184078,0,0.0154054,0.0123518
27.342,0.0184078,0,0.0138649,0.0111166
27.344,0.0184078,0,0.0124784,0.010005
27.346,0.0184078,0,0.0112306,0.00900447
27.348,0.0184078,0,0.0101075,0.00810403
27.35,0.0184078,0,0.00909676,0.00729362
27.352,0.0184078,0,0.00818708,0.00656426
27.354,0.0184078,0,0.00736838,0.00590783
27.356,0.0184078,-0.00306796,0.00663154,-0.148081
27.358,0.0184078,-0.00306796,0.00596838,-0.133273
27.36,0.0184078,-0.00306796,0.00537155,-0.119946
27.362,0.0184078,-0.00306796,0.00483439,-0.107951
27.364,0.0184078,-0.00306796,0.00435095,-0.097156
27.366,0.0184078,-0.00306796,0.00391586,-0.0874404
27.368,0.0184078,-0.00306796,0.00352427,-0.0786963
27.37,0.0184078,-0.00306796,0.00317184,-0.0708267
27.372,0.0184078,-0.00306796,0.00285466,-0.063744
27.374,0.0184078,-0.00306796,0.00256919,-0.0573696
27.376,0.0184078,-0.00306796,0.00231227,-0.0516327
27.378,0.0184078,-0.00306796,0.00208105,-0.0464694
27.38,0.0214757,-0.00306796,0.155271,-0.0418225
27.382,0.0214757,-0.00306796,0.139744,-0.0376402
27.384,0.0214757,-0.00306796,0.12577,-0.0338762
27.386,0.0214757,-0.00306796,0.113193,-0.0304886
27.388,0.0214757,-0.00306796,0.101873,-0.0274397
27.39,0.0214757,-0.00306796,0.091686,-0.0246957
27.392,0.0214757,0,0.0825174,0.131172
27.394,0.0214757,0,0.0742656,0.118055
27.396,0.0214757,0,0.0668391,0.106249
27.398,0.0214757,0,0.0601552,0.0956243
27.4,0.0214757,0,0.0541397,0.0860619
27.402,0.0214757,0,0.0487257,0.0774557
27.404,0.0214757,0,0.0438531,0.0697101
27.406,0.0245437,0,0.192866,0.0627391
27.408,0.0245437,0,0.173579,0.0564652
27.41,0.0245437,0,0.156221,0.0508187
27.412,0.0245437,0,0.140599,0.0457368
27.414,0.0245437,0.00306796,0.126539,0.194561
27.416,0.0245437,0.00306796,0.113885,0.175105
27.418,0.0245437,0.00306796,0.102497,0.157595
27.42,0.0245437,0.00306796,0.0922472,0.141835
27.422,0.0245437,0.00306796,0.0830224,0.127652
27.424,0.0245437,0.00306796,0.0747202,0.114886
27.426,0.0245437,0.00306796,0.0672482,0.103398
27.428,0.0245437,0.00306796,0.0605234,0.093058
27.43,0.0245437,0.00306796,0.054471,0.0837522
27.432,0.0245437,0.00306796,0.0490239,0.075377
27.434,0.0245437,0,0.0441215,-0.0855588
27.436,0.0245437,0,0.0397094,-0.0770029
27.438,0.0245437,0,0.0357384,-0.0693026
27.44,0.0245437,0,0.0321646,-0.0623723
27.442,0.0245437,0,0.0289481,-0.0561351
27.444,0.0245437,0,0.0260533,-0.0505216
27.446,0.0245437,0,0.023448,-0.0454694
27.448,0.0245437,0,0.0211032,-0.0409225
27.45,0.0245437,0,0.0189929,-0.0368302
27.452,0.0245437,0,0.0170936,-0.0331472
27.454,0.0245437,0,0.0153842,-0.0298325
27.456,0.0245437,0,0.0138458,-0.0268493
27.458,0.0245437,0,0.0124612,-0.0241643
27.46,0.0245437,0,0.0112151,-0.0217479
27.462,0.0245437,0,0.0100936,-0.0195731
27.464,0.0245437,0,0.00908423,-0.0176158
27.466,0.0245437,0,0.00817581,-0.0158542
27.468,0.0245437,0,0.00735823,-0.0142688
27.47,0.0245437,0,0.0066224,-0.0128419
27.472,0.0245437,0,0.00596016,-0.0115577
27.474,0.0245437,0,0.00536415,-0.010402
27.476,0.0245437,0,0.00482773,-0.00936176
27.478,0.0245437,0,0.00434496,-0.00842558
27.48,0.0245437,0,0.00391046,-0.00758302
27.482,0.0245437,0,0.00351942,-0.00682472
27.484,0.0245437,0,0.00316748,-0.00614225
27.486,0.0245437,0,0.00285073,-0.00552802
27.488,0.0245437,0,0.00256566,-0.00497522
27.49,0.0245437,0,0.00230909,-0.0044777
27.492,0.0245437,0,0.00207818,-0.00402993
27.494,0.0245437,0,0.00187036,-0.00362694
27.496,0.0245437,-0.00306796,0.00168333,-0.156662
27.498,0.0245437,-0.00306796,0.00151499,-0.140996
27.5,0.0245437,-0.00306796,0.00136349,-0.126896
27.502,0.0245437,-0.00306796,0.00122714,-0.114207
27.504,0.0245437,-0.00306796,0.00110443,-0.102786
27.506,0.0245437,-0.00306796,0.000993987,-0.0925075
27.508,0.0245437,-0.00306796,0.000894589,-0.0832568
27.51,0.0245437,-0.00306796,0.00080513,-0.0749311
27.512,0.0245437,-0.00306796,0.000724617,-0.067438
27.514,0.0245437,-0.00306796,0.000652155,-0.0606942
27.516,0.0245437,-0.00306796,0.00058694,-0.0546248
27.518,0.0245437,-0.00306796,0.000528246,-0.0491623
27.52,0.0245437,-0.00306796,0.000475421,-0.0442461
27.522,0.0276117,-0.00306796,0.153826,-0.0398215
27.524,0.0276117,0,0.138443,0.117559
27.526,0.0276117,0,0.124599,0.105803
27.528,0.0276117,0,0.112139,0.0952226
27.53,0.0276117,0,0.100925,0.0857003
27.532,0.0276117,0,0.0908327,0.0771303
27.534,0.0276117,0,0.0817494,0.0694173
27.536,0.0276117,0,0.0735745,0.0624755
27.538,0.0276117,0,0.066217,0.056228
27.54,0.0276117,0,0.0595953,0.0506052
27.542,0.0276117,0,0.0536358,0.0455447
27.544,0.0276117,0,0.0482722,0.0409902
27.546,0.0276117,0,0.043445,0.0368912
27.548,0.0276117,0,0.0391005,0.0332021
27.55,0.0306796,0,0.188589,0.0298819
27.552,0.0306796,0,0.16973,0.0268937
27.554,0.0306796,0,0.152757,0.0242043
27.556,0.0306796,0,0.137481,0.0217839
27.558,0.0306796,0,0.123733,0.0196055
27.56,0.0306796,0,0.11136,0.0176449
27.562,0.0306796,0,0.100224,0.0158804
27.564,0.0306796,0,0.0902013,0.0142924
27.566,0.0306796,0,0.0811812,0.0128632
27.568,0.0306796,0,0.0730631,0.0115768
27.57,0.0306796,0,0.0657568,0.0104192
27.572,0.0306796,0,0.0591811,0.00937724
27.574,0.0306796,0,0.053263,0.00843952
27.576,0.0306796,0,0.0479367,0.00759557
27.578,0.0306796,0,0.043143,0.00683601
27.58,0.0306796,0,0.0388287,0.00615241
27.582,0.0306796,0,0.0349458,0.00553717
27.584,0.0306796,0,0.0314513,0.00498345
27.586,0.0306796,0,0.0283061,0.00448511
27.588,0.0306796,0,0.0254755,0.0040366
27.59,0.0306796,0,0.022928,0.00363294
27.592,0.0306796,0,0.0206352,0.00326964
27.594,0.0306796,0,0.0185716,0.00294268
27.596,0.0306796,0,0.0167145,0.00264841
27.598,0.0306796,0,0.015043,0.00238357
27.6,0.0306796,0,0.0135387,0.00214521
27.602,0.0306796,0,0.0121849,0.00193069
27.604,0.0306796,0,0.0109664,0.00173762
27.606,0.0306796,0,0.00986974,0.00156386
27.608,0.0306796,0,0.00888276,0.00140747
27.61,0.0306796,0,0.00799449,0.00126673
27.612,0.0306796,0,0.00719504,0.00114005
27.614,0.0306796,0,0.00647553,0.00102605
27.616,0.0306796,0,0.00582798,0.000923444
27.618,0.0306796,0,0.00524518,0.000831099
27.62,0.0306796,0,0.00472066,0.000747989
27.622,0.0306796,0,0.0042486,0.00067319
27.624,0.0306796,0,0.00382374,0.000605871
27.626,0.0306796,0,0.00344136,0.000545284
27.628,0.0306796,0,0.00309723,0.000490756
27.63,0.0306796,0,0.0027875,0.00044168
27.632,0.0306796,0,0.00250875,0.000397512
27.634,0.0306796,0,0.00225788,0.000357761
27.636,0.0306796,0,0.00203209,0.000321985
27.638,0.0306796,0,0.00182888,0.000289786
27.64,0.0306796,-0.00306796,0.00164599,-0.153137
27.642,0.0276117,-0.00306796,-0.151917,-0.137824
27.644,0.0276117,-0.00306796,-0.136725,-0.124041
27.646,0.0276117,-0.00306796,-0.123053,-0.111637
27.648,0.0276117,-0.00306796,-0.110747,-0.100473
27.65,0.0276117,-0.00306796,-0.0996725,-0.090426
27.652,0.0276117,-0.00306796,-0.0897053,-0.0813834
27.654,0.0276117,-0.00306796,-0.0807348,-0.0732451
27.656,0.0306796,-0.00306796,0.0807368,-0.0659206
27.658,0.0306796,-0.00306796,0.0726631,-0.0593285
27.66,0.0306796,-0.00306796,0.0653968,-0.0533957
27.662,0.0306796,-0.00306796,0.0588571,-0.0480561
27.664,0.0306796,-0.00306796,0.0529714,-0.0432505
27.666,0.0306796,-0.00306796,0.0476743,-0.0389254
27.668,0.0306796,-0.00306796,0.0429068,-0.0350329
27.67,0.0306796,-0.00306796,0.0386162,-0.0315296
27.672,0.0306796,0,0.0347545,0.125021
27.674,0.0306796,0,0.0312791,0.112519
27.676,0.0306796,0,0.0281512,0.101267
27.678,0.0306796,0,0.0253361,0.0911406
27.68,0.0306796,0,0.0228025,0.0820266
27.682,0.0306796,0,0.0205222,0.0738239
27.684,0.0306796,0,0.01847,0.0664415
27.686,0.0306796,0,0.016623,0.0597974
27.688,0.0306796,0,0.0149607,0.0538176
27.69,0.0306796,0,0.0134646,0.0484359
27.692,0.0306796,0,0.0121182,0.0435923
27.694,0.0306796,0,0.0109063,0.0392331
27.696,0.0306796,0,0.00981571,0.0353097
27.698,0.0306796,0,0.00883414,0.0317788
27.7,0.0306796,0,0.00795073,0.0286009
27.702,0.0306796,0,0.00715565,0.0257408
27.704,0.0306796,0,0.00644009,0.0231667
27.706,0.0337476,0,0.159194,0.0208501
27.708,0.0337476,0,0.143275,0.018765
27.71,0.0337476,0,0.128947,0.0168885
27.712,0.0337476,0,0.116053,0.0151997
27.714,0.0337476,0,0.104447,0.0136797
27.716,0.0337476,0,0.0940026,0.0123117
27.718,0.0337476,0,0.0846023,0.0110806
27.72,0.0337476,0,0.0761421,0.00997252
27.722,0.0337476,0,0.0685279,0.00897526
27.724,0.0337476,0,0.0616751,0.00807774
27.726,0.0337476,0,0.0555076,0.00726996
27.728,0.0337476,0,0.0499568,0.00654297
27.73,0.0337476,0,0.0449611,0.00588867
27.732,0.0337476,0,0.040465,0.0052998
27.734,0.0337476,0,0.0364185,0.00476982
27.736,0.0337476,0,0.0327767,0.00429284
27.738,0.0337476,0,0.029499,0.00386356
27.74,0.0337476,0,0.0265491,0.0034772
27.742,0.0306796,0,-0.129504,0.00312948
27.744,0.0306796,0,-0.116554,0.00281653
27.746,0.0306796,0,-0.104898,0.00253488
27.748,0.0306796,0,-0.0944083,0.00228139
27.75,0.0306796,0,-0.0849675,0.00205325
27.752,0.0306796,0,-0.0764708,0.00184793
27.754,0.0306796,0,-0.0688237,0.00166313
27.756,0.0306796,0,-0.0619413,0.00149682
27.758,0.0306796,0,-0.0557472,0.00134714
27.76,0.0306796,0,-0.0501725,0.00121243
27.762,0.0306796,0,-0.0451552,0.00109118
27.764,0.0306796,0,-0.0406397,0.000982064
27.766,0.0306796,0,-0.0365757,0.000883858
27.768,0.0306796,0,-0.0329182,0.000795472
27.77,0.0306796,0,-0.0296263,0.000715925
27.772,0.0306796,-0.00306796,-0.0266637,-0.152754
27.774,0.0306796,-0.00306796,-0.0239973,-0.137478
27.776,0.0306796,-0.00306796,-0.0215976,-0.123731
27.778,0.0306796,-0.00306796,-0.0194378,-0.111357
27.78,0.0306796,-0.00306796,-0.0174941,-0.100222
27.782,0.0306796,-0.00306796,-0.0157446,-0.0901996
27.784,0.0306796,-0.00306796,-0.0141702,-0.0811796
27.786,0.0306796,-0.00306796,-0.0127532,-0.0730616
27.788,0.0306796,-0.00306796,-0.0114778,-0.0657555
27.79,0.0306796,-0.00306796,-0.0103301,-0.0591799
27.792,0.0306796,-0.00306796,-0.00929706,-0.0532619
27.794,0.0306796,-0.00306796,-0.00836735,-0.0479357
27.796,0.0337476,0,0.145867,0.110256
27.798,0.0337476,0,0.131281,0.0992303
27.8,0.0337476,0,0.118153,0.0893073
27.802,0.0337476,0,0.106337,0.0803766
27.804,0.0337476,0,0.0957036,0.0723389
27.806,0.0337476,0,0.0861333,0.065105
27.808,0.0337476,0,0.0775199,0.0585945
27.81,0.0337476,0,0.069768,0.0527351
27.812,0.0337476,0,0.0627912,0.0474616
27.814,0.0337476,0,0.056512,0.0427154
27.816,0.0337476,0,0.0508608,0.0384439
27.818,0.0337476,0,0.0457748,0.0345995
27.82,0.0337476,0,0.0411973,0.0311395
27.822,0.0337476,0,0.0370776,0.0280256
27.824,0.0337476,0,0.0333698,0.025223
27.826,0.0337476,0,0.0300328,0.0227007
27.828,0.0337476,0,0.0270295,0.0204306
27.83,0.0337476,0,0.0243266,0.0183876
27.832,0.0337476,0,0.0218939,0.0165488
27.834,0.0337476,0,0.0197045,0.0148939
27.836,0.0337476,0,0.0177341,0.0134045
27.838,0.0337476,0,0.0159607,0.0120641
27.84,0.0337476,0,0.0143646,0.0108577
27.842,0.0337476,0,0.0129281,0.00977191
27.844,0.0337476,0,0.0116353,0.00879472
27.846,0.0337476,0,0.0104718,0.00791525
27.848,0.0337476,0,0.00942462,0.00712372
27.85,0.0337476,0,0.00848215,0.00641135
27.852,0.0337476,0,0.00763394,0.00577022
27.854,0.0337476,0,0.00687055,0.0051932
27.856,0.0337476,0,0.00618349,0.00467388
27.858,0.0337476,0,0.00556514,0.00420649
27.86,0.0337476,0,0.00500863,0.00378584
27.862,0.0337476,0,0.00450776,0.00340726
27.864,0.0337476,0,0.00405699,0.00306653
27.866,0.0337476,0,0.00365129,0.00275988
27.868,0.0337476,0,0.00328616,0.00248389
27.87,0.0337476,0,0.00295754,0.0022355
27.872,0.0337476,0,0.00266179,0.00201195
27.874,0.0337476,0,0.00239561,0.00181076
27.876,0.0337476,0,0.00215605,0.00162968
27.878,0.0337476,-0.00306796,0.00194044,-0.151931
27.88,0.0337476,-0.00306796,0.0017464,-0.136738
27.882,0.0337476,-0.00306796,0.00157176,-0.123064
27.884,0.0337476,-0.00306796,0.00141458,-0.110758
27.886,0.0337476,-0.00306796,0.00127313,-0.0996822
27.888,0.0337476,-0.00306796,0.00114581,-0.089714
27.89,0.0337476,-0.00306796,0.00103123,-0.0807426
27.892,0.0337476,-0.00306796,0.000928109,-0.0726683
27.894,0.0337476,-0.00306796,0.000835298,-0.0654015
27.896,0.0337476,-0.00306796,0.000751768,-0.0588613
27.898,0.0337476,-0.00306796,0.000676591,-0.0529752
27.9,0.0337476,0,0.000608932,0.10572
27.902,0.0337476,0,0.000548039,0.0951484
27.904,0.0337476,0,0.000493235,0.0856335
27.906,0.0337476,0,0.000443912,0.0770702
27.908,0.0337476,0,0.00039952,0.0693632
27.91,0.0337476,0,0.000359568,0.0624268
27.912,0.0337476,0,0.000323612,0.0561842
27.914,0.0337476,0,0.00029125,0.0505657
27.916,0.0337476,0,0.000262125,0.0455092
27.918,0.0337476,0,0.000235913,0.0409583
27.92,0.0337476,0,0.000212322,0.0368624
27.922,0.0337476,0,0.000191089,0.0331762
27.924,0.0337476,0,0.00017198,0.0298586
27.926,0.0337476,0,0.000154782,0.0268727
27.928,0.0337476,0,0.000139304,0.0241854
27.93,0.0337476,0,0.000125374,0.0217669
27.932,0.0337476,0,0.000112836,0.0195902
27.934,0.0337476,0,0.000101553,0.0176312
27.936,0.0337476,0,9.13975e-05,0.0158681
27.938,0.0337476,0,8.22577e-05,0.0142813
27.94,0.0337476,0,7.40319e-05,0.0128531
27.942,0.0337476,0,6.66287e-05,0.0115678
27.944,0.0337476,0,5.99659e-05,0.010411
27.946,0.0337476,0,5.39693e-05,0.00936993
27.948,0.0337476,0,4.85724e-05,0.00843294
27.95,0.0337476,0,4.37151e-05,0.00758965
27.952,0.0337476,0,3.93436e-05,0.00683068
27.954,0.0337476,0,3.54092e-05,0.00614761
27.956,0.0337476,0,3.18683e-05,0.00553285
27.958,0.0337476,0,2.86815e-05,0.00497957
27.96,0.0337476,0,2.58133e-05,0.00448161
27.962,0.0337476,0,2.3232e-05,0.00403345
27.964,0.0337476,0,2.09088e-05,0.0036301
27.966,0.0337476,0,1.88179e-05,0.00326709
27.968,0.0337476,0,1.69361e-05,0.00294038
27.97,0.0337476,0,1.52425e-05,0.00264635
27.972,0.0337476,0,1.37183e-05,0.00238171
27.974,0.0337476,0,1.23464e-05,0.00214354
27.976,0.0337476,0,1.11118e-05,0.00192919
27.978,0.0337476,0,1.00006e-05,0.00173627
27.98,0.0337476,0,9.00056e-06,0.00156264
27.982,0.0337476,0,8.1005e-06,0.00140638
27.984,0.0337476,0,7.29045e-06,0.00126574
27.986,0.0337476,0,6.5614e-06,0.00113917
27.988,0.0337476,0,5.90526e-06,0.00102525
27.99,0.0337476,0,5.31474e-06,0.000922724
27.992,0.0337476,0,4.78326e-06,0.000830451
27.994,0.0337476,0,4.30494e-06,0.000747406
27.996,0.0337476,0,3.87444e-06,0.000672666
27.998,0.0337476,0,3.487e-06,0.000605399
28,0.0337476,0,3.1383e-06,0.000544859
28.002,0.0337476,0,2.82447e-06,0.000490373
28.004,0.0337476,0,2.54202e-06,0.000441336
28.006,0.0337476,0,2.28782e-06,0.000397202
28.008,0.0337476,0,2.05904e-06,0.000357482
28.01,0.0337476,0,1.85313e-06,0.000321734
28.012,0.0337476,0,1.66782e-06,0.000289561
28.014,0.0337476,0,1.50104e-06,0.000260604
28.016,0.0337476,0,1.35094e-06,0.000234544
28.018,0.0337476,0,1.21584e-06,0.00021109
28.02,0.0337476,0,1.09426e-06,0.000189981
28.022,0.0337476,0,9.84832e-07,0.000170983
28.024,0.0337476,0,8.86348e-07,0.000153884
28.026,0.0337476,0,7.97714e-07,0.000138496
28.028,0.0306796,0,-0.153397,0.000124646
28.03,0.0306796,0,-0.138058,0.000112182
28.032,0.0306796,0,-0.124252,0.000100964
28.034,0.0306796,0,-0.111827,9.08672e-05
28.036,0.0306796,0,-0.100644,8.17804e-05
28.038,0.0306796,-0.00306796,-0.0905796,-0.153324
28.04,0.0306796,-0.00306796,-0.0815216,-0.137992
28.042,0.0306796,-0.00306796,-0.0733695,-0.124193
28.044,0.0306796,-0.00306796,-0.0660325,-0.111774
28.046,0.0306796,-0.00306796,-0.0594293,-0.100596
28.048,0.0306796,-0.00306796,-0.0534864,-0.0905366
28.05,0.0306796,-0.00306796,-0.0481377,-0.0814829
28.052,0.0306796,-0.00306796,-0.0433239,-0.0733346
28.054,0.0306796,-0.00306796,-0.0389916,-0.0660012
28.056,0.0306796,-0.00306796,-0.0350924,-0.059401
28.058,0.0337476,0,0.121815,0.0999371
28.06,0.0337476,0,0.109633,0.0899434
28.062,0.0337476,0,0.0986701,0.0809491
28.064,0.0337476,0,0.0888031,0.0728542
28.066,0.0337476,0,0.0799228,0.0655688
28.068,0.0337476,0,0.0719305,0.0590119
28.07,0.0337476,0,0.0647374,0.0531107
28.072,0.0337476,0,0.0582637,0.0477996
28.074,0.0337476,0,0.0524373,0.0430197
28.076,0.0337476,0,0.0471936,0.0387177
28.078,0.0337476,0,0.0424742,0.0348459
28.08,0.0337476,0,0.0382268,0.0313613
28.082,0.0337476,0,0.0344041,0.0282252
28.084,0.0337476,0,0.0309637,0.0254027
28.086,0.0337476,0,0.0278673,0.0228624
28.088,0.0337476,0,0.0250806,0.0205762
28.09,0.0337476,0,0.0225726,0.0185186
28.092,0.0337476,0,0.0203153,0.0166667
28.094,0.0337476,0,0.0182838,0.015
28.096,0.0337476,0,0.0164554,0.0135
28.098,0.0337476,0,0.0148099,0.01215
28.1,0.0337476,0,0.0133289,0.010935
28.102,0.0337476,0,0.011996,0.00984152
28.104,0.0337476,0,0.0107964,0.00885737
28.106,0.0337476,0,0.00971674,0.00797163
28.108,0.0337476,0,0.00874507,0.00717447
28.11,0.0337476,0,0.00787056,0.00645702
28.112,0.0337476,0,0.00708351,0.00581132
28.114,0.0337476,0,0.00637516,0.00523019
28.116,0.0337476,0,0.00573764,0.00470717
28.118,0.0337476,0,0.00516388,0.00423645
28.12,0.0337476,0,0.00464749,0.00381281
28.122,0.0306796,0,-0.149215,0.00343153
28.124,0.0306796,0,-0.134294,0.00308837
28.126,0.0306796,0,-0.120864,0.00277954
28.128,0.0306796,0,-0.108778,0.00250158
28.13,0.0306796,0,-0.0979002,0.00225142
28.132,0.0306796,0,-0.0881102,0.00202628
28.134,0.0306796,0,-0.0792991,0.00182365
28.136,0.0306796,0,-0.0713692,0.00164129
28.138,0.0306796,0,-0.0642323,0.00147716
28.14,0.0306796,0,-0.0578091,0.00132944
28.142,0.0306796,0,-0.0520282,0.0011965
28.144,0.0306796,0,-0.0468254,0.00107685
28.146,0.0306796,0,-0.0421428,0.000969164
28.148,0.0306796,0,-0.0379285,0.000872248
28.15,0.0306796,0,-0.0341357,0.000785023
28.152,0.0306796,0,-0.0307221,0.000706521
28.154,0.0306796,0,-0.0276499,0.000635869
28.156,0.0306796,0,-0.0248849,0.000572282
28.158,0.0306796,0,-0.0223964,0.000515054
28.16,0.0306796,0,-0.0201568,0.000463548
28.162,0.0306796,0,-0.0181411,0.000417193
28.164,0.0306796,0,-0.016327,0.000375474
28.166,0.0306796,0,-0.0146943,0.000337927
28.168,0.0306796,0,-0.0132249,0.000304134
28.17,0.0306796,0,-0.0119024,0.000273721
28.172,0.0306796,0,-0.0107121,0.000246349
28.174,0.0306796,0,-0.00964093,0.000221714
28.176,0.0306796,0,-0.00867683,0.000199542
28.178,0.0306796,0,-0.00780915,0.000179588
28.18,0.0306796,0,-0.00702823,0.000161629
28.182,0.0306796,0,-0.00632541,0.000145466
28.184,0.0306796,0,-0.00569287,0.00013092
28.186,0.0306796,0,-0.00512358,0.000117828
28.188,0.0306796,0,-0.00461122,0.000106045
28.19,0.0306796,0,-0.0041501,9.54405e-05
28.192,0.0306796,0,-0.00373509,8.58964e-05
28.194,0.0306796,0,-0.00336158,7.73068e-05
28.196,0.0306796,0,-0.00302542,6.95761e-05
28.198,0.0306796,0,-0.00272288,6.26185e-05
28.2,0.0306796,0,-0.00245059,5.63566e-05
28.202,0.0306796,0,-0.00220553,5.0721e-05
28.204,0.0306796,0,-0.00198498,4.56489e-05
28.206,0.0306796,0,-0.00178648,4.1084e-05
28.208,0.0306796,0,-0.00160783,3.69756e-05
28.21,0.0306796,0,-0.00144705,3.3278e-05
28.212,0.0306796,0,-0.00130235,2.99502e-05
28.214,0.0306796,0,-0.00117211,2.69552e-05
28.216,0.0306796,0,-0.0010549,2.42597e-05
28.218,0.0306796,0,-0.00094941,2.18337e-05
28.22,0.0306796,0,-0.000854469,1.96503e-05
28.222,0.0306796,0,-0.000769022,1.76853e-05
28.224,0.0306796,0,-0.00069212,1.59168e-05
28.226,0.0306796,0,-0.000622908,1.43251e-05
28.228,0.0306796,0,-0.000560617,1.28926e-05
28.23,0.0306796,0,-0.000504556,1.16033e-05
28.232,0.0306796,0,-0.0004541,1.0443e-05
28.234,0.0306796,0,-0.00040869,9.3987e-06
28.236,0.0306796,0,-0.000367821,8.45883e-06
28.238,0.0306796,0,-0.000331039,7.61295e-06
28.24,0.0306796,0,-0.000297935,6.85165e-06
28.242,0.0306796,0,-0.000268142,6.16649e-06
28.244,0.0306796,0,-0.000241327,5.54984e-06
28.246,0.0306796,0,-0.000217195,4.99485e-06
28.248,0.0306796,0,-0.000195475,4.49537e-06
28.25,0.0306796,0,-0.000175928,4.04583e-06
28.252,0.0306796,0,-0.000158335,3.64125e-06
28.254,0.0306796,0,-0.000142501,3.27712e-06
28.256,0.0306796,0,-0.000128251,2.94941e-06
28.258,0.0306796,0,-0.000115426,2.65447e-06
28.26,0.0306796,0,-0.000103884,2.38902e-06
28.262,0.0306796,0,-9.34952e-05,2.15012e-06
28.264,0.0306796,0,-8.41456e-05,1.93511e-06
28.266,0.0306796,0,-7.57311e-05,1.7416e-06
28.268,0.0306796,0,-6.8158e-05,1.56744e-06
28.27,0.0306796,0,-6.13422e-05,1.41069e-06
28.272,0.0306796,0,-5.5208e-05,1.26962e-06
28.274,0.0306796,0,-4.96872e-05,1.14266e-06
28.276,0.0306796,0,-4.47184e-05,1.0284e-06
28.278,0.0306796,0,-4.02466e-05,9.25557e-07
28.28,0.0306796,0,-3.62219e-05,8.33001e-07
28.282,0.0306796,0.00306796,-3.25997e-05,0.153399
28.284,0.0306796,0.00306796,-2.93398e-05,0.138059
28.286,0.0306796,0.00306796,-2.64058e-05,0.124253
28.288,0.0306796,0.00306796,-2.37652e-05,0.111828
28.29,0.0306796,0.00306796,-2.13887e-05,0.100645
28.292,0.0306796,0.00306796,-1.92498e-05,0.0905805
28.294,0.0306796,0.00306796,-1.73248e-05,0.0815224
28.296,0.0306796,0.00306796,-1.55924e-05,0.0733702
28.298,0.0306796,0.00306796,-1.40331e-05,0.0660332
28.3,0.0306796,0,-1.26298e-05,-0.0939682
28.302,0.0306796,0,-1.13668e-05,-0.0845714
28.304,0.0306796,0,-1.02301e-05,-0.0761143
28.306,0.0306796,0,-9.20713e-06,-0.0685028
28.308,0.0306796,0,-8.28642e-06,-0.0616526
28.31,0.0276117,0,-0.153406,-0.0554873
28.312,0.0276117,0,-0.138065,-0.0499386
28.314,0.0276117,0,-0.124258,-0.0449447
28.316,0.0276117,0,-0.111833,-0.0404502
28.318,0.0276117,0,-0.100649,-0.0364052
28.32,0.0276117,0,-0.0905844,-0.0327647
28.322,0.0276117,0,-0.081526,-0.0294882
28.324,0.0276117,0,-0.0733734,-0.0265394
28.326,0.0276117,0,-0.0660361,-0.0238855
28.328,0.0276117,0,-0.0594324,-0.0214969
28.33,0.0276117,0,-0.0534892,-0.0193472
28.332,0.0276117,0,-0.0481403,-0.0174125
28.334,0.0276117,0,-0.0433263,-0.0156713
28.336,0.0276117,0.00306796,-0.0389936,0.139294
28.338,0.0276117,0.00306796,-0.0350943,0.125365
28.34,0.0276117,0.00306796,-0.0315848,0.112828
28.342,0.0276117,0.00306796,-0.0284264,0.101545
28.344,0.0276117,0.00306796,-0.0255837,0.0913908
28.346,0.0276117,0.00306796,-0.0230253,0.0822517
28.348,0.0276117,0.00306796,-0.0207228,0.0740265
28.35,0.0276117,0.00306796,-0.0186505,0.0666239
28.352,0.0276117,0.00306796,-0.0167855,0.0599615
28.354,0.0276117,0,-0.0151069,-0.0994327
28.356,0.0276117,0,-0.0135962,-0.0894895
28.358,0.0276117,0,-0.0122366,-0.0805405
28.36,0.0276117,0,-0.011013,-0.0724865
28.362,0.0276117,0,-0.00991166,-0.0652378
28.364,0.0245437,0,-0.162319,-0.058714
28.366,0.0245437,0,-0.146087,-0.0528426
28.368,0.0245437,0,-0.131478,-0.0475584
28.37,0.0245437,0,-0.11833,-0.0428025
28.372,0.0245437,0,-0.106497,-0.0385223
28.374,0.0245437,0,-0.0958475,-0.0346701
28.376,0.0245437,0,-0.0862627,-0.031203
28.378,0.0245437,0,-0.0776365,-0.0280827
28.38,0.0245437,0,-0.0698728,-0.0252745
28.382,0.0245437,0,-0.0628855,-0.022747
28.384,0.0245437,0,-0.056597,-0.0204723
28.386,0.0245437,0,-0.0509373,-0.0184251
28.388,0.0245437,0,-0.0458436,-0.0165826
28.39,0.0245437,0,-0.0412592,-0.0149243
28.392,0.0245437,0,-0.0371333,-0.0134319
28.394,0.0245437,0,-0.03342,-0.0120887
28.396,0.0245437,0,-0.030078,-0.0108798
28.398,0.0245437,0,-0.0270702,-0.00979185
28.4,0.0245437,0,-0.0243631,-0.00881266
28.402,0.0245437,0,-0.0219268,-0.0079314
28.404,0.0245437,0,-0.0197341,-0.00713826
28.406,0.0245437,0,-0.0177607,-0.00642443
28.408,0.0245437,0,-0.0159847,-0.00578199
28.41,0.0245437,0.00306796,-0.0143862,0.148194
28.412,0.0245437,0.00306796,-0.0129476,0.133375
28.414,0.0245437,0.00306796,-0.0116528,0.120037
28.416,0.0245437,0.00306796,-0.0104875,0.108034
28.418,0.0245437,0.00306796,-0.00943878,0.0972303
28.42,0.0245437,0.00306796,-0.0084949,0.0875072
28.422,0.0214757,0.00306796,-0.161043,0.0787565
28.424,0.0214757,0.00306796,-0.144939,0.0708809
28.426,0.0214757,0.00306796,-0.130445,0.0637928
28.428,0.0214757,0,-0.117401,-0.0959846
28.43,0.0214757,0,-0.105661,-0.0863861
28.432,0.0214757,0,-0.0950946,-0.0777475
28.434,0.0214757,0,-0.0855851,-0.0699728
28.436,0.0214757,0,-0.0770266,-0.0629755
28.438,0.0214757,0,-0.0693239,-0.0566779
28.44,0.0214757,0,-0.0623915,-0.0510101
28.442,0.0214757,0,-0.0561524,-0.0459091
28.444,0.0214757,0,-0.0505372,-0.0413182
28.446,0.0214757,0,-0.0454834,-0.0371864
28.448,0.0184078,0,-0.194333,-0.0334678
28.45,0.0184078,0,-0.1749,-0.030121
28.452,0.0184078,0,-0.15741,-0.0271089
28.454,0.0184078,0,-0.141669,-0.024398
28.456,0.0184078,0,-0.127502,-0.0219582
28.458,0.0184078,0,-0.114752,-0.0197624
28.46,0.0184078,0,-0.103277,-0.0177861
28.462,0.0184078,0,-0.092949,-0.0160075
28.464,0.0184078,0,-0.0836541,-0.0144068
28.466,0.0184078,0,-0.0752887,-0.0129661
28.468,0.0184078,-0.00306796,-0.0677598,-0.165068
28.47,0.0184078,-0.00306796,-0.0609838,-0.148561
28.472,0.0184078,-0.00306796,-0.0548854,-0.133705
28.474,0.0184078,-0.00306796,-0.0493969,-0.120334
28.476,0.0184078,-0.00306796,-0.0444572,-0.108301
28.478,0.0184078,-0.00306796,-0.0400115,-0.0974707
28.48,0.0184078,-0.00306796,-0.0360103,-0.0877237
28.482,0.0184078,-0.00306796,-0.0324093,-0.0789513
28.484,0.0184078,-0.00306796,-0.0291684,-0.0710562
28.486,0.0184078,-0.00306796,-0.0262515,-0.0639506
28.488,0.0184078,-0.00306796,-0.0236264,-0.0575555
28.49,0.0184078,0,-0.0212637,0.101598
28.492,0.0184078,0,-0.0191374,0.0914383
28.494,0.0184078,0,-0.0172236,0.0822945
28.496,0.0184078,0,-0.0155013,0.074065
28.498,0.0184078,0,-0.0139511,0.0666585
28.5,0.0184078,0,-0.012556,0.0599927
28.502,0.0184078,0,-0.0113004,0.0539934
28.504,0.0184078,0,-0.0101704,0.0485941
28.506,0.0184078,0,-0.00915334,0.0437347
28.508,0.0184078,0,-0.00823801,0.0393612
28.51,0.0184078,0.00306796,-0.00741421,0.188823
28.512,0.0184078,0.00306796,-0.00667279,0.169941
28.514,0.0184078,0.00306796,-0.00600551,0.152947
28.516,0.0184078,0.00306796,-0.00540496,0.137652
28.518,0.0184078,0.00306796,-0.00486446,0.123887
28.52,0.0184078,0.00306796,-0.00437802,0.111498
28.522,0.0184078,0.00306796,-0.00394021,0.100348
28.524,0.0153398,0.00306796,-0.156944,0.0903135
28.526,0.0153398,0.00306796,-0.14125,0.0812822
28.528,0.0153398,0.00306796,-0.127125,0.073154
28.53,0.0153398,0.00306796,-0.114412,0.0658386
28.532,0.0153398,0,-0.102971,-0.0941434
28.534,0.0153398,0,-0.092674,-0.084729
28.536,0.0153398,0,-0.0834066,-0.0762561
28.538,0.0153398,0,-0.075066,-0.0686305
28.54,0.0153398,0,-0.0675594,-0.0617675
28.542,0.0122718,0,-0.214202,-0.0555907
28.544,0.0122718,0,-0.192781,-0.0500316
28.546,0.0122718,0,-0.173503,-0.0450285
28.548,0.0122718,0,-0.156153,-0.0405256
28.55,0.0122718,0,-0.140538,-0.0364731
28.552,0.0122718,0,-0.126484,-0.0328258
28.554,0.0122718,0,-0.113835,-0.0295432
28.556,0.0122718,0,-0.102452,-0.0265889
28.558,0.00920388,-0.00306796,-0.245605,-0.177328
28.56,0.00920388,-0.00306796,-0.221044,-0.159595
28.562,0.00920388,-0.00306796,-0.19894,-0.143636
28.564,0.00920388,-0.00306796,-0.179046,-0.129272
28.566,0.00920388,-0.00306796,-0.161141,-0.116345
28.568,0.00920388,-0.00306796,-0.145027,-0.10471
28.57,0.00920388,-0.00306796,-0.130524,-0.0942394
28.572,0.00920388,-0.00306796,-0.117472,-0.0848155
28.574,0.00920388,-0.00306796,-0.105725,-0.0763339
28.576,0.00920388,-0.00306796,-0.0951523,-0.0687005
28.578,0.00920388,-0.00306796,-0.0856371,-0.0618305
28.58,0.00920388,-0.00306796,-0.0770734,-0.0556474
28.582,0.00920388,-0.00306796,-0.0693661,-0.0500827
28.584,0.00920388,-0.00306796,-0.0624294,-0.0450744
28.586,0.00613592,-0.00306796,-0.209585,-0.040567
28.588,0.00613592,-0.00306796,-0.188626,-0.0365103
28.59,0.00613592,-0.00306796,-0.169764,-0.0328592
28.592,0.00613592,-0.00306796,-0.152787,-0.0295733
28.594,0.00613592,-0.00306796,-0.137508,-0.026616
28.596,0.00613592,-0.00306796,-0.123758,-0.0239544
28.598,0.00613592,-0.00306796,-0.111382,-0.021559
28.6,0.00613592,-0.00306796,-0.100244,-0.0194031
28.602,0.00613592,-0.00306796,-0.0902193,-0.0174628
28.604,0.00613592,-0.00306796,-0.0811974,-0.0157165
28.606,0.00613592,-0.00306796,-0.0730776,-0.0141448
28.608,0.00613592,-0.00306796,-0.0657699,-0.0127303
28.61,0.00613592,-0.00306796,-0.0591929,-0.0114573
28.612,0.00613592,-0.00306796,-0.0532736,-0.0103116
28.614,0.00613592,-0.00306796,-0.0479462,-0.00928042
28.616,0.00613592,-0.00306796,-0.0431516,-0.00835238
28.618,0.00613592,-0.00306796,-0.0388364,-0.00751714
28.62,0.00613592,-0.00306796,-0.0349528,-0.00676543
28.622,0.00613592,-0.00306796,-0.0314575,-0.00608888
28.624,0.00613592,-0.00306796,-0.0283118,-0.00548
28.626,0.00613592,-0.00306796,-0.0254806,-0.004932
28.628,0.00613592,-0.00306796,-0.0229325,-0.0044388
28.63,0.00613592,-0.00306796,-0.0206393,-0.00399492
28.632,0.00613592,-0.00306796,-0.0185754,-0.00359543
28.634,0.00613592,-0.00306796,-0.0167178,-0.00323588
28.636,0.00613592,-0.00306796,-0.015046,-0.00291229
28.638,0.00613592,-0.00306796,-0.0135414,-0.00262107
28.64,0.00613592,-0.00306796,-0.0121873,-0.00235896
28.642,0.00613592,-0.00306796,-0.0109686,-0.00212306
28.644,0.00306796,-0.00306796,-0.16327,-0.00191076
28.646,0.00306796,-0.00306796,-0.146943,-0.00171968
28.648,0.00306796,-0.00306796,-0.132249,-0.00154771
28.65,0.00306796,-0.00306796,-0.119024,-0.00139294
28.652,0.00306796,-0.00306796,-0.107121,-0.00125365
28.654,0.00306796,-0.00306796,-0.0964092,-0.00112828
28.656,0.00306796,0,-0.0867683,0.152383
28.658,0.00306796,0,-0.0780914,0.137144
28.66,0.00306796,0,-0.0702823,0.12343
28.662,0.00306796,0,-0.0632541,0.111087
28.664,0.00306796,0,-0.0569287,0.0999782
28.666,0.00306796,0,-0.0512358,0.0899804
28.668,0.00306796,0,-0.0461122,0.0809824
28.67,0.00306796,0,-0.041501,0.0728841
28.672,0.00306796,0,-0.0373509,0.0655957
28.674,0.00306796,0,-0.0336158,0.0590362
28.676,0.00306796,0,-0.0302542,0.0531325
28.678,0.00306796,0,-0.0272288,0.0478193
28.68,0.00306796,0,-0.0245059,0.0430374
28.682,0.00306796,0,-0.0220553,0.0387336
28.684,0.00306796,0,-0.0198498,0.0348603
28.686,0.00306796,0,-0.0178648,0.0313742
28.688,0.00306796,0,-0.0160783,0.0282368
28.69,0.00306796,-0.00306796,-0.0144705,-0.127985
28.692,0.00306796,-0.00306796,-0.0130234,-0.115186
28.694,0.00306796,-0.00306796,-0.0117211,-0.103668
28.696,0.00306796,-0.00306796,-0.010549,-0.093301
28.698,0.00306796,-0.00306796,-0.00949409,-0.0839709
28.7,0.00306796,-0.00306796,-0.00854469,-0.0755738
28.702,0.00306796,-0.00306796,-0.00769022,-0.0680165
28.704,0.00306796,-0.00306796,-0.0069212,-0.0612148
28.706,0.00306796,-0.00306796,-0.00622908,-0.0550933
28.708,0.00306796,0,-0.00560617,0.103814
28.71,0.00306796,0,-0.00504555,0.0934327
28.712,0.00306796,0,-0.004541,0.0840894
28.714,0.00306796,0,-0.0040869,0.0756805
28.716,0.00306796,0,-0.00367821,0.0681124
28.718,0.00306796,0,-0.00331039,0.0613012
28.72,0.00306796,0,-0.00297935,0.0551711
28.722,0.00306796,0,-0.00268141,0.049654
28.724,0.00306796,0,-0.00241327,0.0446886
28.726,0.00306796,0,-0.00217194,0.0402197
28.728,0.00306796,0,-0.00195475,0.0361977
28.73,0.00306796,0,-0.00175927,0.032578
28.732,0.00306796,0,-0.00158335,0.0293202
28.734,0.00306796,0.00306796,-0.00142501,0.179786
28.736,0.00306796,0.00306796,-0.00128251,0.161808
28.738,0.00306796,0.00306796,-0.00115426,0.145627
28.74,0.00306796,0.00306796,-0.00103883,0.131064
28.742,0.00306796,0.00306796,-0.000934951,0.117958
28.744,0.00306796,0.00306796,-0.000841456,0.106162
28.746,0.00306796,0.00306796,-0.00075731,0.0955458
28.748,0.00306796,0.00306796,-0.000681579,0.0859912
28.75,-0,0.00306796,-0.154012,0.0773921
28.752,-0,0.00306796,-0.13861,0.0696529
28.754,-0,0,-0.124749,-0.0907105
28.756,-0,0,-0.112274,-0.0816394
28.758,-0,0,-0.101047,-0.0734755
28.76,-0,0,-0.0909423,-0.066128
28.762,-0,0,-0.081848,-0.0595152
28.764,-0,0,-0.0736632,-0.0535636
28.766,-0,0,-0.0662969,-0.0482073
28.768,-0.00306796,0,-0.213065,-0.0433865
28.77,-0.00306796,0,-0.191759,-0.0390479
28.772,-0.00306796,0,-0.172583,-0.0351431
28.774,-0.00306796,0,-0.155325,-0.0316288
28.776,-0.00306796,0,-0.139792,-0.0284659
28.778,-0.00306796,0,-0.125813,-0.0256193
28.78,-0.00306796,0,-0.113232,-0.0230574
28.782,-0.00306796,0,-0.101908,-0.0207517
28.784,-0.00306796,0,-0.0917176,-0.0186765
28.786,-0.00306796,0,-0.0825459,-0.0168088
28.788,-0.00306796,0,-0.0742913,-0.015128
28.79,-0.00306796,0,-0.0668621,-0.0136152
28.792,-0.00306796,0,-0.0601759,-0.0122536
28.794,-0.00306796,0,-0.0541583,-0.0110283
28.796,-0.00306796,-0.00306796,-0.0487425,-0.163324
28.798,-0.00613592,-0.00306796,-0.197266,-0.146991
28.8,-0.00613592,-0.00306796,-0.17754,-0.132292
28.802,-0.00613592,-0.00306796,-0.159786,-0.119063
28.804,-0.00613592,-0.00306796,-0.143807,-0.107157
28.806,-0.00613592,-0.00306796,-0.129426,-0.0964409
28.808,-0.00613592,-0.00306796,-0.116484,-0.0867968
28.81,-0.00613592,-0.00306796,-0.104835,-0.0781171
28.812,-0.00613592,-0.00306796,-0.0943519,-0.0703054
28.814,-0.00613592,-0.00306796,-0.0849167,-0.0632749
28.816,-0.00613592,-0.00306796,-0.076425,-0.0569474
28.818,-0.00613592,-0.00306796,-0.0687825,-0.0512527
28.82,-0.00613592,0,-0.0619043,0.107271
28.822,-0.00613592,0,-0.0557138,0.0965436
28.824,-0.00613592,0,-0.0501425,0.0868893
28.826,-0.00613592,0,-0.0451282,0.0782003
28.828,-0.00613592,0,-0.0406154,0.0703803
28.83,-0.00613592,0,-0.0365538,0.0633423
28.832,-0.00613592,0,-0.0328985,0.057008
28.834,-0.00613592,0,-0.0296086,0.0513072
28.836,-0.00613592,0,-0.0266478,0.0461765
28.838,-0.00613592,0,-0.023983,0.0415589
28.84,-0.00613592,0,-0.0215847,0.037403
28.842,-0.00613592,0,-0.0194262,0.0336627
28.844,-0.00613592,0,-0.0174836,0.0302964
28.846,-0.00613592,0,-0.0157352,0.0272668
28.848,-0.00613592,0,-0.0141617,0.0245401
28.85,-0.00613592,0,-0.0127455,0.0220861
28.852,-0.00613592,0,-0.011471,0.0198775
28.854,-0.00613592,0,-0.0103239,0.0178897
28.856,-0.00613592,0,-0.0092915,0.0161008
28.858,-0.00613592,0,-0.00836235,0.0144907
28.86,-0.00613592,0,-0.00752611,0.0130416
28.862,-0.00613592,0,-0.0067735,0.0117375
28.864,-0.00920388,0,-0.159494,0.0105637
28.866,-0.00920388,0,-0.143545,0.00950733
28.868,-0.00920388,0,-0.12919,0.0085566
28.87,-0.00920388,0,-0.116271,0.00770094
28.872,-0.00920388,0,-0.104644,0.00693085
28.874,-0.00920388,0,-0.0941797,0.00623776
28.876,-0.00920388,0,-0.0847618,0.00561399
28.878,-0.00920388,0,-0.0762856,0.00505259
28.88,-0.00920388,0,-0.068657,0.00454733
28.882,-0.00920388,0,-0.0617913,0.0040926
28.884,-0.00920388,0,-0.0556122,0.00368334
28.886,-0.00920388,0,-0.050051,0.003315
28.888,-0.00920388,0,-0.0450459,0.0029835
28.89,-0.00920388,0,-0.0405413,0.00268515
28.892,-0.00920388,0,-0.0364872,0.00241664
28.894,-0.00920388,0,-0.0328384,0.00217497
28.896,-0.00920388,0,-0.0295546,0.00195748
28.898,-0.00920388,0,-0.0265991,0.00176173
28.9,-0.00920388,0,-0.0239392,0.00158556
28.902,-0.00920388,0,-0.0215453,0.001427
28.904,-0.00920388,0.00306796,-0.0193908,0.154682
28.906,-0.00920388,0.00306796,-0.0174517,0.139214
28.908,-0.00920388,0.00306796,-0.0157065,0.125293
28.91,-0.00920388,0.00306796,-0.0141359,0.112763
28.912,-0.00920388,0.00306796,-0.0127223,0.101487
28.914,-0.00920388,0.00306796,-0.0114501,0.0913384
28.916,-0.00920388,0.00306796,-0.0103051,0.0822046
28.918,-0.00920388,0.00306796,-0.00927455,0.0739841
28.92,-0.00920388,0.00306796,-0.00834709,0.0665857
28.922,-0.00920388,0.00306796,-0.00751238,0.0599271
28.924,-0.00920388,0.00306796,-0.00676115,0.0539344
28.926,-0.00920388,0.00306796,-0.00608503,0.048541
28.928,-0.00920388,0.00306796,-0.00547653,0.0436869
28.93,-0.00920388,0.00306796,-0.00492887,0.0393182
28.932,-0.0122718,0.00306796,-0.157834,0.0353864
28.934,-0.0122718,0,-0.142051,-0.12155
28.936,-0.0122718,0,-0.127846,-0.109395
28.938,-0.0122718,0,-0.115061,-0.0984558
28.94,-0.0122718,0,-0.103555,-0.0886102
28.942,-0.0122718,0,-0.0931994,-0.0797492
28.944,-0.0122718,0,-0.0838795,-0.0717743
28.946,-0.0122718,0,-0.0754915,-0.0645968
28.948,-0.0122718,0,-0.0679424,-0.0581372
28.95,-0.0122718,0,-0.0611482,-0.0523234
28.952,-0.0122718,0,-0.0550333,-0.0470911
28.954,-0.0122718,0,-0.04953,-0.042382
28.956,-0.0153398,0,-0.197975,-0.0381438
28.958,-0.0153398,0,-0.178178,-0.0343294
28.96,-0.0153398,0,-0.16036,-0.0308965
28.962,-0.0153398,0,-0.144324,-0.0278068
28.964,-0.0153398,0,-0.129891,-0.0250261
28.966,-0.0153398,0,-0.116902,-0.0225235
28.968,-0.0153398,0,-0.105212,-0.0202712
28.97,-0.0153398,0,-0.0946909,-0.0182441
28.972,-0.0153398,0,-0.0852218,-0.0164196
28.974,-0.0153398,0,-0.0766996,-0.0147777
28.976,-0.0153398,0,-0.0690296,-0.0132999
28.978,-0.0153398,0,-0.0621267,-0.0119699
28.98,-0.0153398,0,-0.055914,-0.0107729
28.982,-0.0153398,0,-0.0503226,-0.00969564
28.984,-0.0153398,0,-0.0452903,-0.00872608
28.986,-0.0153398,0,-0.0407613,-0.00785347
28.988,-0.0153398,0,-0.0366852,-0.00706812
28.99,-0.0153398,0,-0.0330167,-0.00636131
28.992,-0.0153398,0,-0.029715,-0.00572518
28.994,-0.0153398,0,-0.0267435,-0.00515266
28.996,-0.0153398,0,-0.0240691,-0.00463739
28.998,-0.0153398,0,-0.0216622,-0.00417365
29,-0.0153398,0,-0.019496,-0.00375629
29.002,-0.0153398,0,-0.0175464,-0.00338066
29.004,-0.0153398,0,-0.0157918,-0.00304259
29.006,-0.0153398,0.00306796,-0.0142126,0.15066
29.008,-0.0153398,0.00306796,-0.0127913,0.135594
29.01,-0.0153398,0.00306796,-0.0115122,0.122034
29.012,-0.0153398,0.00306796,-0.010361,0.109831
29.014,-0.0153398,0.00306796,-0.00932488,0.0988479
29.016,-0.0153398,0.00306796,-0.00839239,0.0889631
29.018,-0.0153398,0.00306796,-0.00755315,0.0800668
29.02,-0.0153398,0.00306796,-0.00679784,0.0720601
29.022,-0.0153398,0.00306796,-0.00611805,0.0648541
29.024,-0.0153398,0.00306796,-0.00550625,0.0583687
29.026,-0.0184078,0.00306796,-0.158354,0.0525318
29.028,-0.0184078,0.00306796,-0.142518,0.0472786
29.03,-0.0184078,0.00306796,-0.128266,0.0425508
29.032,-0.0184078,0.00306796,-0.11544,0.0382957
29.034,-0.0184078,0.00306796,-0.103896,0.0344661
29.036,-0.0184078,0.00306796,-0.0935063,0.0310195
29.038,-0.0184078,0.00306796,-0.0841557,0.0279176
29.04,-0.0184078,0,-0.0757401,-0.128272
29.042,-0.0184078,0,-0.0681661,-0.115445
29.044,-0.0184078,0,-0.0613495,-0.103901
29.046,-0.0214757,0,-0.208613,-0.0935105
29.048,-0.0214757,0,-0.187751,-0.0841594
29.05,-0.0214757,0,-0.168976,-0.0757435
29.052,-0.0214757,0,-0.152079,-0.0681691
29.054,-0.0214757,0,-0.136871,-0.0613522
29.056,-0.0214757,0,-0.123184,-0.055217
29.058,-0.0214757,0,-0.110865,-0.0496953
29.06,-0.0214757,0,-0.0997788,-0.0447258
29.062,-0.0245437,0,-0.243199,-0.0402532
29.064,-0.0245437,0,-0.218879,-0.0362279
29.066,-0.0245437,0,-0.196991,-0.0326051
29.068,-0.0245437,0,-0.177292,-0.0293446
29.07,-0.0245437,0,-0.159563,-0.0264101
29.072,-0.0245437,0,-0.143607,-0.0237691
29.074,-0.0245437,-0.00306796,-0.129246,-0.17479
29.076,-0.0245437,-0.00306796,-0.116321,-0.157311
29.078,-0.0245437,-0.00306796,-0.104689,-0.14158
29.08,-0.0276117,-0.00306796,-0.247618,-0.127422
29.082,-0.0276117,-0.00306796,-0.222857,-0.11468
29.084,-0.0276117,-0.00306796,-0.200571,-0.103212
29.086,-0.0276117,-0.00306796,-0.180514,-0.0928907
29.088,-0.0276117,-0.00306796,-0.162462,-0.0836016
29.09,-0.0276117,-0.00306796,-0.146216,-0.0752415
29.092,-0.0276117,-0.00306796,-0.131595,-0.0677173
29.094,-0.0276117,-0.00306796,-0.118435,-0.0609456
29.096,-0.0276117,-0.00306796,-0.106592,-0.054851
29.098,-0.0276117,-0.00306796,-0.0959324,-0.0493659
29.1,-0.0276117,-0.00306796,-0.0863392,-0.0444293
29.102,-0.0276117,-0.00306796,-0.0777053,-0.0399864
29.104,-0.0276117,-0.00306796,-0.0699347,-0.0359878
29.106,-0.0276117,-0.00306796,-0.0629413,-0.032389
29.108,-0.0276117,-0.00306796,-0.0566471,-0.0291501
29.11,-0.0276117,-0.00306796,-0.0509824,-0.0262351
29.112,-0.0276117,-0.00306796,-0.0458842,-0.0236116
29.114,-0.0276117,-0.00306796,-0.0412958,-0.0212504
29.116,-0.0276117,-0.00306796,-0.0371662,-0.0191254
29.118,-0.0276117,-0.00306796,-0.0334496,-0.0172128
29.12,-0.0276117,-0.00306796,-0.0301046,-0.0154916
29.122,-0.0276117,-0.00306796,-0.0270941,-0.0139424
29.124,-0.0276117,0,-0.0243847,0.14085
29.126,-0.0276117,0,-0.0219463,0.126765
29.128,-0.0276117,0,-0.0197516,0.114088
29.13,-0.0276117,0,-0.0177765,0.10268
29.132,-0.0276117,0,-0.0159988,0.0924116
29.134,-0.0276117,0,-0.0143989,0.0831705
29.136,-0.0276117,0,-0.012959,0.0748534
29.138,-0.0276117,0,-0.0116631,0.0673681
29.14,-0.0306796,0,-0.163895,0.0606313
29.142,-0.0306796,0,-0.147505,0.0545681
29.144,-0.0306796,0,-0.132755,0.0491113
29.146,-0.0306796,0,-0.119479,0.0442002
29.148,-0.0306796,0,-0.107531,0.0397802
29.15,-0.0306796,0,-0.0967783,0.0358022
29.152,-0.0306796,0,-0.0871005,0.0322219
29.154,-0.0306796,0,-0.0783904,0.0289997
29.156,-0.0306796,0,-0.0705514,0.0260998
29.158,-0.0306796,0,-0.0634962,0.0234898
29.16,-0.0306796,0,-0.0571466,0.0211408
29.162,-0.0306796,0,-0.051432,0.0190267
29.164,-0.0306796,0,-0.0462888,0.0171241
29.166,-0.0337476,0,-0.195058,0.0154117
29.168,-0.0337476,-0.00306796,-0.175552,-0.139528
29.17,-0.0337476,-0.00306796,-0.157997,-0.125575
29.172,-0.0337476,-0.00306796,-0.142197,-0.113017
29.174,-0.0337476,-0.00306796,-0.127978,-0.101716
29.176,-0.0337476,-0.00306796,-0.11518,-0.0915441
29.178,-0.0337476,-0.00306796,-0.103662,-0.0823896
29.18,-0.0337476,-0.00306796,-0.0932956,-0.0741507
29.182,-0.0337476,-0.00306796,-0.0839661,-0.0667356
29.184,-0.0368155,-0.00306796,-0.228968,-0.0600621
29.186,-0.0368155,-0.00306796,-0.206071,-0.0540558
29.188,-0.0368155,-0.00306796,-0.185464,-0.0486503
29.19,-0.0368155,-0.00306796,-0.166917,-0.0437852
29.192,-0.0368155,-0.00306796,-0.150226,-0.0394067
29.194,-0.0368155,-0.00306796,-0.135203,-0.035466
29.196,-0.0368155,-0.00306796,-0.121683,-0.0319194
29.198,-0.0368155,-0.00306796,-0.109514,-0.0287275
29.2,-0.0368155,-0.00306796,-0.098563,-0.0258547
29.202,-0.0368155,-0.00306796,-0.0887067,-0.0232693
29.204,-0.0368155,-0.00306796,-0.079836,-0.0209423
29.206,-0.0368155,-0.00306796,-0.0718524,-0.0188481
29.208,-0.0368155,-0.00306796,-0.0646672,-0.0169633
29.21,-0.0368155,-0.00306796,-0.0582005,-0.015267
29.212,-0.0368155,-0.00306796,-0.0523804,-0.0137403
29.214,-0.0368155,-0.00306796,-0.0471424,-0.0123662
29.216,-0.0368155,-0.00306796,-0.0424281,-0.0111296
29.218,-0.0368155,-0.00306796,-0.0381853,-0.0100167
29.22,-0.0368155,-0.00306796,-0.0343668,-0.00901499
29.222,-0.0368155,-0.00306796,-0.0309301,-0.00811349
29.224,-0.0368155,-0.00306796,-0.0278371,-0.00730214
29.226,-0.0368155,-0.00306796,-0.0250534,-0.00657193
29.228,-0.0368155,-0.00306796,-0.0225481,-0.00591474
29.23,-0.0368155,-0.00306796,-0.0202933,-0.00532326
29.232,-0.0368155,-0.00306796,-0.0182639,-0.00479094
29.234,-0.0368155,-0.00306796,-0.0164375,-0.00431184
29.236,-0.0368155,-0.00306796,-0.0147938,-0.00388066
29.238,-0.0368155,0,-0.0133144,0.149905
29.24,-0.0368155,0,-0.011983,0.134915
29.242,-0.0368155,0,-0.0107847,0.121423
29.244,-0.0368155,0,-0.0097062,0.109281
29.246,-0.0368155,0,-0.00873558,0.098353
29.248,-0.0368155,0,-0.00786202,0.0885177
29.25,-0.0368155,0,-0.00707582,0.0796659
29.252,-0.0398835,0,-0.159766,0.0716993
29.254,-0.0398835,0,-0.14379,0.0645294
29.256,-0.0398835,0,-0.129411,0.0580765
29.258,-0.0398835,0,-0.11647,0.0522688
29.26,-0.0398835,0,-0.104823,0.0470419
29.262,-0.0398835,0,-0.0943404,0.0423377
29.264,-0.0398835,0,-0.0849064,0.038104
29.266,-0.0398835,0,-0.0764157,0.0342936
29.268,-0.0398835,-0.00306796,-0.0687742,-0.122534
29.27,-0.0398835,-0.00306796,-0.0618967,-0.11028
29.272,-0.0398835,-0.00306796,-0.0557071,-0.0992524
29.274,-0.0398835,-0.00306796,-0.0501364,-0.0893272
29.276,-0.0398835,-0.00306796,-0.0451227,-0.0803945
29.278,-0.0398835,-0.00306796,-0.0406105,-0.072355
29.28,-0.0429515,-0.00306796,-0.189947,-0.0651195
29.282,-0.0429515,-0.00306796,-0.170953,-0.0586076
29.284,-0.0429515,-0.00306796,-0.153857,-0.0527468
29.286,-0.0429515,-0.00306796,-0.138472,-0.0474721
29.288,-0.0429515,-0.00306796,-0.124625,-0.0427249
29.29,-0.0429515,-0.00306796,-0.112162,-0.0384524
29.292,-0.0429515,-0.00306796,-0.100946,-0.0346072
29.294,-0.0429515,-0.00306796,-0.0908513,-0.0311465
29.296,-0.0429515,-0.00306796,-0.0817662,-0.0280318
29.298,-0.0429515,-0.00306796,-0.0735895,-0.0252286
29.3,-0.0429515,-0.00306796,-0.0662306,-0.0227058
29.302,-0.0429515,-0.00306796,-0.0596075,-0.0204352
29.304,-0.0429515,-0.00306796,-0.0536468,-0.0183917
29.306,-0.0429515,-0.00306796,-0.0482821,-0.0165525
29.308,-0.0429515,-0.00306796,-0.0434539,-0.0148973
29.31,-0.0429515,-0.00306796,-0.0391085,-0.0134075
29.312,-0.0429515,-0.00306796,-0.0351977,-0.0120668
29.314,-0.0429515,-0.00306796,-0.0316779,-0.0108601
29.316,-0.0429515,-0.00306796,-0.0285101,-0.00977409
29.318,-0.0429515,-0.00306796,-0.0256591,-0.00879668
29.32,-0.0429515,-0.00306796,-0.0230932,-0.00791701
29.322,-0.0429515,-0.00306796,-0.0207839,-0.00712531
29.324,-0.0429515,-0.00306796,-0.0187055,-0.00641278
29.326,-0.0429515,-0.00306796,-0.0168349,-0.0057715
29.328,-0.0429515,-0.00306796,-0.0151514,-0.00519435
29.33,-0.0429515,-0.00306796,-0.0136363,-0.00467492
29.332,-0.0429515,-0.00306796,-0.0122727,-0.00420743
29.334,-0.0429515,-0.00306796,-0.0110454,-0.00378668
29.336,-0.0429515,-0.00306796,-0.00994086,-0.00340801
29.338,-0.0429515,-0.00306796,-0.00894677,-0.00306721
29.34,-0.0429515,-0.00306796,-0.00805209,-0.00276049
29.342,-0.0429515,0,-0.00724688,0.150914
29.344,-0.0429515,0,-0.0065222,0.135822
29.346,-0.0429515,0,-0.00586998,0.12224
29.348,-0.0429515,0,-0.00528298,0.110016
29.35,-0.0429515,0,-0.00475468,0.0990144
29.352,-0.0429515,0,-0.00427921,0.089113
29.354,-0.0429515,0,-0.00385129,0.0802017
29.356,-0.0429515,0,-0.00346616,0.0721815
29.358,-0.0429515,0,-0.00311955,0.0649634
29.36,-0.0429515,0,-0.00280759,0.058467
29.362,-0.0429515,0,-0.00252683,0.0526203
29.364,-0.0429515,0,-0.00227415,0.0473583
29.366,-0.0429515,0,-0.00204673,0.0426225
29.368,-0.0429515,0,-0.00184206,0.0383602
29.37,-0.0429515,0,-0.00165785,0.0345242
29.372,-0.0460194,0,-0.15489,0.0310718
29.374,-0.0460194,-0.00306796,-0.139401,-0.125433
29.376,-0.0460194,-0.00306796,-0.125461,-0.11289
29.378,-0.0460194,-0.00306796,-0.112915,-0.101601
29.38,-0.0460194,-0.00306796,-0.101623,-0.091441
29.382,-0.0460194,-0.00306796,-0.0914611,-0.0822969
29.384,-0.0460194,-0.00306796,-0.082315,-0.0740672
29.386,-0.0460194,-0.00306796,-0.0740835,-0.0666605
29.388,-0.0460194,-0.00306796,-0.0666751,-0.0599944
29.39,-0.0460194,-0.00306796,-0.0600076,-0.053995
29.392,-0.0460194,-0.00306796,-0.0540069,-0.0485955
29.394,-0.0460194,-0.00306796,-0.0486062,-0.0437359
29.396,-0.0460194,-0.00306796,-0.0437456,-0.0393624
29.398,-0.0460194,-0.00306796,-0.039371,-0.0354261
29.4,-0.0460194,-0.00306796,-0.0354339,-0.0318835
29.402,-0.0460194,-0.00306796,-0.0318905,-0.0286952
29.404,-0.0460194,-0.00306796,-0.0287015,-0.0258256
29.406,-0.0460194,-0.00306796,-0.0258313,-0.0232431
29.408,-0.0460194,-0.00306796,-0.0232482,-0.0209188
29.41,-0.0460194,-0.00306796,-0.0209234,-0.0188269
29.412,-0.0460194,-0.00306796,-0.018831,-0.0169442
29.414,-0.0460194,-0.00306796,-0.0169479,-0.0152498
29.416,-0.0460194,-0.00306796,-0.0152531,-0.0137248
29.418,-0.0460194,-0.00306796,-0.0137278,-0.0123523
29.42,-0.0460194,-0.00306796,-0.012355,-0.0111171
29.422,-0.0460194,0,-0.0111195,0.143393
29.424,-0.0460194,0,-0.0100076,0.129053
29.426,-0.0460194,0,-0.00900682,0.116148
29.428,-0.0460194,0,-0.00810614,0.104533
29.43,-0.0460194,0,-0.00729553,0.0940799
29.432,-0.0460194,0,-0.00656597,0.084672
29.434,-0.0460194,0,-0.00590938,0.0762048
29.436,-0.0460194,0,-0.00531844,0.0685843
29.438,-0.0460194,0,-0.00478659,0.0617259
29.44,-0.0460194,0,-0.00430793,0.0555533
29.442,-0.0460194,0,-0.00387714,0.0499979
29.444,-0.0460194,0,-0.00348943,0.0449981
29.446,-0.0460194,-0.00306796,-0.00314048,-0.1129
29.448,-0.0460194,-0.00306796,-0.00282644,-0.10161
29.45,-0.0490874,-0.00306796,-0.155942,-0.0914488
29.452,-0.0490874,-0.00306796,-0.140348,-0.0823039
29.454,-0.0490874,-0.00306796,-0.126313,-0.0740735
29.456,-0.0490874,-0.00306796,-0.113682,-0.0666662
29.458,-0.0490874,-0.00306796,-0.102313,-0.0599996
29.46,-0.0490874,-0.00306796,-0.0920821,-0.0539996
29.462,-0.0490874,-0.00306796,-0.0828739,-0.0485996
29.464,-0.0490874,-0.00306796,-0.0745865,-0.0437397
29.466,-0.0490874,-0.00306796,-0.0671279,-0.0393657
29.468,-0.0490874,-0.00306796,-0.0604151,-0.0354291
29.47,-0.0490874,-0.00306796,-0.0543736,-0.0318862
29.472,-0.0490874,-0.00306796,-0.0489362,-0.0286976
29.474,-0.0490874,-0.00306796,-0.0440426,-0.0258278
29.476,-0.0490874,-0.00306796,-0.0396383,-0.0232451
29.478,-0.0490874,-0.00306796,-0.0356745,-0.0209206
29.48,-0.0490874,-0.00306796,-0.032107,-0.0188285
29.482,-0.0490874,-0.00306796,-0.0288963,-0.0169456
29.484,-0.0490874,-0.00306796,-0.0260067,-0.0152511
29.486,-0.0490874,-0.00306796,-0.023406,-0.013726
29.488,-0.0490874,-0.00306796,-0.0210654,-0.0123534
29.49,-0.0490874,0,-0.0189589,0.14228
29.492,-0.0490874,0,-0.017063,0.128052
29.494,-0.0490874,0,-0.0153567,0.115247
29.496,-0.0490874,0,-0.013821,0.103722
29.498,-0.0490874,0,-0.0124389,0.0933499
29.5,-0.0490874,0,-0.011195,0.0840149
29.502,-0.0490874,0,-0.0100755,0.0756134
29.504,-0.0490874,0,-0.00906798,0.0680521
29.506,-0.0490874,0,-0.00816118,0.0612469
29.508,-0.0490874,0,-0.00734506,0.0551222
29.51,-0.0490874,0,-0.00661056,0.04961
29.512,-0.0490874,0,-0.0059495,0.044649
29.514,-0.0490874,-0.00306796,-0.00535455,-0.113214
29.516,-0.0490874,-0.00306796,-0.0048191,-0.101893
29.518,-0.0490874,-0.00306796,-0.00433719,-0.0917033
29.52,-0.0490874,-0.00306796,-0.00390347,-0.082533
29.522,-0.0490874,-0.00306796,-0.00351312,-0.0742797
29.524,-0.0490874,-0.00306796,-0.00316181,-0.0668517
29.526,-0.0490874,-0.00306796,-0.00284563,-0.0601666
29.528,-0.0490874,-0.00306796,-0.00256107,-0.0541499
29.53,-0.0490874,-0.00306796,-0.00230496,-0.0487349
29.532,-0.0490874,-0.00306796,-0.00207446,-0.0438614
29.534,-0.0490874,-0.00306796,-0.00186702,-0.0394753
29.536,-0.0490874,-0.00306796,-0.00168031,-0.0355278
29.538,-0.0490874,-0.00306796,-0.00151228,-0.031975
29.54,-0.0490874,-0.00306796,-0.00136105,-0.0287775
29.542,-0.0490874,-0.00306796,-0.00122495,-0.0258997
29.544,-0.0490874,-0.00306796,-0.00110245,-0.0233098
29.546,-0.0490874,-0.00306796,-0.000992209,-0.0209788
29.548,-0.0490874,-0.00306796,-0.000892988,-0.0188809
29.55,-0.0490874,-0.00306796,-0.000803689,-0.0169928
29.552,-0.0490874,-0.00306796,-0.00072332,-0.0152935
29.554,-0.0490874,-0.00306796,-0.000650988,-0.0137642
29.556,-0.0490874,-0.00306796,-0.00058589,-0.0123878
29.558,-0.0490874,-0.00306796,-0.000527301,-0.011149
29.56,-0.0490874,-0.00306796,-0.000474571,-0.0100341
29.562,-0.0490874,-0.00306796,-0.000427113,-0.00903068
29.564,-0.0490874,-0.00306796,-0.000384402,-0.00812761
29.566,-0.0490874,-0.00306796,-0.000345962,-0.00731485
29.568,-0.0490874,-0.00306796,-0.000311366,-0.00658336
29.57,-0.0490874,-0.00306796,-0.000280229,-0.00592503
29.572,-0.0490874,-0.00306796,-0.000252206,-0.00533252
29.574,-0.0490874,-0.00306796,-0.000226986,-0.00479927
29.576,-0.0490874,0,-0.000204287,0.149079
29.578,-0.0490874,0,-0.000183858,0.134171
29.58,-0.0490874,0,-0.000165473,0.120754
29.582,-0.0490874,0,-0.000148925,0.108678
29.584,-0.0490874,0,-0.000134033,0.0978106
29.586,-0.0490874,0,-0.000120629,0.0880295
29.588,-0.0490874,0,-0.000108567,0.0792266
29.59,-0.0490874,0,-9.77099e-05,0.0713039
29.592,-0.0490874,0,-8.79389e-05,0.0641735
29.594,-0.0490874,-0.00306796,-7.9145e-05,-0.0956419
29.596,-0.0490874,-0.00306796,-7.12305e-05,-0.0860777
29.598,-0.0490874,-0.00306796,-6.41074e-05,-0.07747
29.6,-0.0490874,-0.00306796,-5.76967e-05,-0.069723
29.602,-0.0490874,-0.00306796,-5.1927e-05,-0.0627507
29.604,-0.0490874,-0.00306796,-4.67343e-05,-0.0564756
29.606,-0.0490874,-0.00306796,-4.20609e-05,-0.050828
29.608,-0.0490874,-0.00306796,-3.78548e-05,-0.0457452
29.61,-0.0490874,-0.00306796,-3.40693e-05,-0.0411707
29.612,-0.0490874,-0.00306796,-3.06624e-05,-0.0370536
29.614,-0.0490874,-0.00306796,-2.75962e-05,-0.0333483
29.616,-0.0521553,-0.00306796,-0.153423,-0.0300134
29.618,-0.0521553,-0.00306796,-0.138081,-0.0270121
29.62,-0.0521553,-0.00306796,-0.124273,-0.0243109
29.622,-0.0521553,-0.00306796,-0.111845,-0.0218798
29.624,-0.0521553,-0.00306796,-0.100661,-0.0196918
29.626,-0.0521553,-0.00306796,-0.0905947,-0.0177226
29.628,-0.0521553,-0.00306796,-0.0815352,-0.0159504
29.63,-0.0521553,-0.00306796,-0.0733817,-0.0143553
29.632,-0.0521553,-0.00306796,-0.0660435,-0.0129198
29.634,-0.0521553,-0.00306796,-0.0594392,-0.0116278
29.636,-0.0490874,-0.00306796,0.0999028,-0.010465
29.638,-0.0490874,-0.00306796,0.0899125,-0.00941854
29.64,-0.0490874,-0.00306796,0.0809213,-0.00847668
29.642,-0.0490874,-0.00306796,0.0728292,-0.00762902
29.644,-0.0490874,-0.00306796,0.0655462,-0.00686611
29.646,-0.0490874,-0.00306796,0.0589916,-0.0061795
29.648,-0.0490874,-0.00306796,0.0530925,-0.00556155
29.65,-0.0490874,-0.00306796,0.0477832,-0.0050054
29.652,-0.0490874,-0.00306796,0.0430049,-0.00450486
29.654,-0.0490874,-0.00306796,0.0387044,-0.00405437
29.656,-0.0490874,-0.00306796,0.034834,-0.00364893
29.658,-0.0490874,-0.00306796,0.0313506,-0.00328404
29.66,-0.0490874,-0.00306796,0.0282155,-0.00295564
29.662,-0.0490874,-0.00306796,0.025394,-0.00266007
29.664,-0.0490874,-0.00306796,0.0228546,-0.00239407
29.666,-0.0490874,-0.00306796,0.0205691,-0.00215466
29.668,-0.0490874,-0.00306796,0.0185122,-0.00193919
29.67,-0.0490874,-0.00306796,0.016661,-0.00174527
29.672,-0.0490874,-0.00306796,0.0149949,-0.00157075
29.674,-0.0490874,-0.00306796,0.0134954,-0.00141367
29.676,-0.0490874,-0.00306796,0.0121459,-0.0012723
29.678,-0.0490874,-0.00306796,0.0109313,-0.00114507
29.68,-0.0490874,-0.00306796,0.00983814,-0.00103057
29.682,-0.0490874,-0.00306796,0.00885432,-0.00092751
29.684,-0.0490874,-0.00306796,0.00796889,-0.000834759
29.686,-0.0490874,-0.00306796,0.007172,-0.000751283
29.688,-0.0490874,-0.00306796,0.0064548,-0.000676155
29.69,-0.0490874,-0.00306796,0.00580932,-0.000608539
29.692,-0.0490874,-0.00306796,0.00522839,-0.000547686
29.694,-0.0490874,-0.00306796,0.00470555,-0.000492917
29.696,-0.0490874,-0.00306796,0.004235,-0.000443625
29.698,-0.0490874,-0.00306796,0.0038115,-0.000399263
29.7,-0.0490874,-0.00306796,0.00343035,-0.000359336
29.702,-0.0490874,-0.00306796,0.00308731,-0.000323403
29.704,-0.0490874,-0.00306796,0.00277858,-0.000291063
29.706,-0.0490874,-0.00306796,0.00250072,-0.000261956
29.708,-0.0490874,-0.00306796,0.00225065,-0.000235761
29.71,-0.0490874,-0.00306796,0.00202559,-0.000212185
29.712,-0.0490874,-0.00306796,0.00182303,-0.000190966
29.714,-0.0490874,-0.00306796,0.00164072,-0.00017187
29.716,-0.0490874,-0.00306796,0.00147665,-0.000154683
29.718,-0.0490874,-0.00306796,0.00132899,-0.000139214
29.72,-0.0490874,-0.00306796,0.00119609,-0.000125293
29.722,-0.0490874,-0.00306796,0.00107648,-0.000112764
29.724,-0.0490874,-0.00306796,0.000968831,-0.000101487
29.726,-0.0490874,-0.00306796,0.000871948,-9.13385e-05
29.728,-0.0490874,-0.00306796,0.000784753,-8.22047e-05
29.73,-0.0490874,-0.00306796,0.000706278,-7.39842e-05
29.732,-0.0490874,-0.00306796,0.00063565,-6.65858e-05
29.734,-0.0490874,-0.00306796,0.000572085,-5.99272e-05
29.736,-0.0490874,-0.00306796,0.000514877,-5.39345e-05
29.738,-0.0490874,-0.00306796,0.000463389,-4.8541e-05
29.74,-0.0490874,-0.00306796,0.00041705,-4.36869e-05
29.742,-0.0490874,-0.00306796,0.000375345,-3.93182e-05
29.744,-0.0460194,-0.00306796,0.153736,-3.53864e-05
29.746,-0.0460194,-0.00306796,0.138362,-3.18478e-05
29.748,-0.0460194,-0.00306796,0.124526,-2.8663e-05
29.75,-0.0460194,-0.00306796,0.112073,-2.57967e-05
29.752,-0.0460194,-0.00306796,0.100866,-2.3217e-05
29.754,-0.0460194,-0.00306796,0.0907795,-2.08953e-05
29.756,-0.0460194,-0.00306796,0.0817016,-1.88058e-05
29.758,-0.0460194,-0.00306796,0.0735314,-1.69252e-05
29.76,-0.0460194,-0.00306796,0.0661783,-1.52327e-05
29.762,-0.0460194,-0.00306796,0.0595604,-1.37094e-05
29.764,-0.0460194,-0.00306796,0.0536044,-1.23385e-05
29.766,-0.0460194,-0.00306796,0.048244,-1.11046e-05
29.768,-0.0460194,-0.00306796,0.0434196,-9.99417e-06
29.77,-0.0460194,-0.00306796,0.0390776,-8.99475e-06
29.772,-0.0460194,-0.00306796,0.0351698,-8.09528e-06
29.774,-0.0460194,-0.00306796,0.0316529,-7.28575e-06
29.776,-0.0460194,-0.00306796,0.0284876,-6.55717e-06
29.778,-0.0460194,-0.00306796,0.0256388,-5.90146e-06
29.78,-0.0460194,-0.00306796,0.0230749,-5.31131e-06
29.782,-0.0460194,-0.00306796,0.0207674,-4.78018e-06
29.784,-0.0460194,-0.00306796,0.0186907,-4.30216e-06
29.786,-0.0460194,-0.00306796,0.0168216,-3.87195e-06
29.788,-0.0460194,-0.00306796,0.0151395,-3.48475e-06
29.79,-0.0460194,-0.00306796,0.0136255,-3.13628e-06
29.792,-0.0460194,-0.00306796,0.012263,-2.82265e-06
29.794,-0.0460194,-0.00306796,0.0110367,-2.54038e-06
29.796,-0.0460194,-0.00306796,0.009933,-2.28634e-06
29.798,-0.0460194,-0.00306796,0.0089397,-2.05771e-06
29.8,-0.0460194,-0.00306796,0.00804573,-1.85194e-06
29.802,-0.0460194,-0.00306796,0.00724116,-1.66675e-06
29.804,-0.0460194,-0.00306796,0.00651704,-1.50007e-06
29.806,-0.0460194,-0.00306796,0.00586534,-1.35006e-06
29.808,-0.0460194,-0.00306796,0.0052788,-1.21506e-06
29.81,-0.0460194,-0.00306796,0.00475092,-1.09355e-06
29.812,-0.0460194,-0.00306796,0.00427583,-9.84197e-07
29.814,-0.0460194,-0.00306796,0.00384825,-8.85777e-07
29.816,-0.0460194,-0.00306796,0.00346342,-7.97199e-07
29.818,-0.0460194,-0.00306796,0.00311708,-7.17479e-07
29.82,-0.0460194,-0.00306796,0.00280537,-6.45731e-07
29.822,-0.0460194,-0.00306796,0.00252484,-5.81158e-07
29.824,-0.0460194,-0.00306796,0.00227235,-5.23042e-07
29.826,-0.0460194,-0.00306796,0.00204512,-4.70738e-07
29.828,-0.0460194,-0.00306796,0.00184061,-4.23664e-07
29.83,-0.0460194,-0.00613592,0.00165654,-0.153398
29.832,-0.0460194,-0.00613592,0.00149089,-0.138059
29.834,-0.0460194,-0.00613592,0.0013418,-0.124253
29.836,-0.0460194,-0.00613592,0.00120762,-0.111827
29.838,-0.0460194,-0.00613592,0.00108686,-0.100645
29.84,-0.0460194,-0.00613592,0.000978173,-0.0905803
29.842,-0.0460194,-0.00613592,0.000880356,-0.0815222
29.844,-0.0429515,-0.00613592,0.15419,-0.07337
29.846,-0.0429515,-0.00613592,0.138771,-0.066033
29.848,-0.0429515,-0.00613592,0.124894,-0.0594297
29.85,-0.0429515,-0.00613592,0.112405,-0.0534867
29.852,-0.0429515,-0.00613592,0.101164,-0.0481381
29.854,-0.0429515,-0.00613592,0.0910479,-0.0433243
29.856,-0.0429515,-0.00306796,0.0819431,0.114406
29.858,-0.0429515,-0.00306796,0.0737488,0.102966
29.86,-0.0429515,-0.00306796,0.0663739,0.0926691
29.862,-0.0429515,-0.00306796,0.0597365,0.0834022
29.864,-0.0398835,-0.00306796,0.207161,0.0750619
29.866,-0.0398835,-0.00306796,0.186445,0.0675557
29.868,-0.0398835,-0.00306796,0.1678,0.0608002
29.87,-0.0398835,-0.00306796,0.15102,0.0547202
29.872,-0.0398835,0,0.135918,0.202646
29.874,-0.0398835,0,0.122326,0.182382
29.876,-0.0398835,0,0.110094,0.164143
29.878,-0.0398835,0,0.0990844,0.147729
29.88,-0.0398835,0,0.089176,0.132956
29.882,-0.0398835,0,0.0802584,0.119661
29.884,-0.0398835,0,0.0722326,0.107695
29.886,-0.0368155,0,0.218407,0.0969251
29.888,-0.0368155,0,0.196567,0.0872326
29.89,-0.0368155,0,0.17691,0.0785093
29.892,-0.0368155,0,0.159219,0.0706584
29.894,-0.0368155,0,0.143297,0.0635925
29.896,-0.0368155,0,0.128967,0.0572333
29.898,-0.0368155,0,0.116071,0.0515099
29.9,-0.0368155,0,0.104464,0.046359
29.902,-0.0368155,0,0.0940172,0.0417231
29.904,-0.0368155,0,0.0846155,0.0375508
29.906,-0.0368155,0,0.0761539,0.0337957
29.908,-0.0368155,0,0.0685385,0.0304161
29.91,-0.0368155,0,0.0616847,0.0273745
29.912,-0.0368155,0,0.0555162,0.024637
29.914,-0.0368155,0,0.0499646,0.0221733
29.916,-0.0368155,0,0.0449681,0.019956
29.918,-0.0368155,0,0.0404713,0.0179604
29.92,-0.0368155,0,0.0364242,0.0161644
29.922,-0.0368155,0,0.0327818,0.0145479
29.924,-0.0337476,0,0.182902,0.0130931
29.926,-0.0337476,0,0.164612,0.0117838
29.928,-0.0337476,0,0.14815,0.0106054
29.93,-0.0337476,0,0.133335,0.0095449
29.932,-0.0337476,0,0.120002,0.00859041
29.934,-0.0337476,0,0.108002,0.00773137
29.936,-0.0337476,0,0.0972015,0.00695823
29.938,-0.0337476,0,0.0874813,0.00626241
29.94,-0.0337476,0,0.0787332,0.00563617
29.942,-0.0337476,0,0.0708599,0.00507255
29.944,-0.0337476,0,0.0637739,0.00456529
29.946,-0.0337476,0,0.0573965,0.00410877
29.948,-0.0337476,0,0.0516568,0.00369789
29.95,-0.0337476,0,0.0464912,0.0033281
29.952,-0.0337476,0,0.041842,0.00299529
29.954,-0.0337476,0,0.0376578,0.00269576
29.956,-0.0337476,0,0.0338921,0.00242618
29.958,-0.0337476,0,0.0305028,0.00218357
29.96,-0.0337476,-0.00306796,0.0274526,-0.151433
29.962,-0.0337476,-0.00306796,0.0247073,-0.13629
29.964,-0.0337476,-0.00306796,0.0222366,-0.122661
29.966,-0.0337476,-0.00306796,0.0200129,-0.110395
29.968,-0.0337476,-0.00306796,0.0180116,-0.0993551
29.97,-0.0337476,-0.00306796,0.0162105,-0.0894196
29.972,-0.0337476,-0.00306796,0.0145894,-0.0804776
29.974,-0.0306796,-0.00306796,0.166529,-0.0724299
29.976,-0.0306796,-0.00306796,0.149876,-0.0651869
29.978,-0.0306796,-0.00306796,0.134888,-0.0586682
29.98,-0.0306796,-0.00306796,0.121399,-0.0528014
29.982,-0.0306796,-0.00306796,0.109259,-0.0475212
29.984,-0.0306796,-0.00306796,0.0983334,-0.0427691
29.986,-0.0306796,0,0.0885001,0.114906
29.988,-0.0306796,0,0.0796501,0.103415
29.99,-0.0306796,0,0.0716851,0.0930738
29.992,-0.0306796,0,0.0645166,0.0837664
29.994,-0.0276117,0,0.211463,0.0753897
29.996,-0.0276117,0,0.190317,0.0678508
29.998,-0.0276117,0,0.171285,0.0610657
30,-0.0276117,0,0.154157,0.0549591
30.002,-0.0276117,0,0.138741,0.0494632
30.004,-0.0276117,0,0.124867,0.0445169
30.006,-0.0276117,0,0.11238,0.0400652
30.008,-0.0276117,0,0.101142,0.0360587
30.01,-0.0276117,0,0.0910279,0.0324528
30.012,-0.0276117,0,0.0819251,0.0292075
30.014,-0.0276117,0.00306796,0.0737326,0.179685
30.016,-0.0276117,0.00306796,0.0663593,0.161716
30.018,-0.0276117,0.00306796,0.0597234,0.145545
30.02,-0.0245437,0.00306796,0.207149,0.13099
30.022,-0.0245437,0.00306796,0.186434,0.117891
30.024,-0.0245437,0.00306796,0.167791,0.106102
30.026,-0.0245437,0.00306796,0.151012,0.0954919
30.028,-0.0245437,0.00306796,0.135911,0.0859427
30.03,-0.0245437,0.00306796,0.122319,0.0773484
30.032,-0.0245437,0.00306796,0.110088,0.0696136
30.034,-0.0245437,0.00306796,0.0990788,0.0626522
30.036,-0.0245437,0.00306796,0.0891709,0.056387
30.038,-0.0245437,0.00306796,0.0802538,0.0507483
30.04,-0.0245437,0.00306796,0.0722284,0.0456735
30.042,-0.0245437,0,0.0650056,-0.112292
30.044,-0.0245437,0,0.058505,-0.101063
30.046,-0.0245437,0,0.0526545,-0.0909565
30.048,-0.0245437,0,0.0473891,-0.0818608
30.05,-0.0245437,0,0.0426502,-0.0736747
30.052,-0.0245437,0,0.0383852,-0.0663073
30.054,-0.0245437,0,0.0345466,-0.0596765
30.056,-0.0245437,0,0.031092,-0.0537089
30.058,-0.0245437,0,0.0279828,-0.048338
30.06,-0.0245437,0,0.0251845,-0.0435042
30.062,-0.0245437,0,0.022666,-0.0391538
30.064,-0.0245437,0,0.0203994,-0.0352384
30.066,-0.0245437,0,0.0183595,-0.0317146
30.068,-0.0214757,0,0.169922,-0.0285431
30.07,-0.0214757,0,0.152929,-0.0256888
30.072,-0.0214757,0,0.137637,-0.0231199
30.074,-0.0214757,0,0.123873,-0.0208079
30.076,-0.0214757,0,0.111486,-0.0187271
30.078,-0.0214757,0,0.100337,-0.0168544
30.08,-0.0214757,0,0.0903033,-0.015169
30.082,-0.0214757,0,0.081273,-0.0136521
30.084,-0.0214757,0,0.0731457,-0.0122869
30.086,-0.0214757,0,0.0658311,-0.0110582
30.088,-0.0214757,0,0.059248,-0.00995237
30.09,-0.0214757,0,0.0533232,-0.00895713
30.092,-0.0214757,0,0.0479909,-0.00806142
30.094,-0.0214757,0,0.0431918,-0.00725527
30.096,-0.0214757,0,0.0388726,-0.00652975
30.098,-0.0214757,0,0.0349854,-0.00587677
30.1,-0.0214757,0,0.0314868,-0.0052891
30.102,-0.0214757,0,0.0283381,-0.00476019
30.104,-0.0214757,0,0.0255043,-0.00428417
30.106,-0.0214757,0,0.0229539,-0.00385575
30.108,-0.0214757,0,0.0206585,-0.00347018
30.11,-0.0214757,0,0.0185927,-0.00312316
30.112,-0.0214757,0,0.0167334,-0.00281084
30.114,-0.0214757,0,0.01506,-0.00252976
30.116,-0.0214757,0,0.013554,-0.00227678
30.118,-0.0214757,0,0.0121986,-0.0020491
30.12,-0.0214757,0,0.0109788,-0.00184419
30.122,-0.0214757,0,0.0098809,-0.00165977
30.124,-0.0214757,0,0.00889281,-0.0014938
30.126,-0.0184078,0,0.161402,-0.00134442
30.128,-0.0184078,0,0.145261,-0.00120998
30.13,-0.0184078,0,0.130735,-0.00108898
30.132,-0.0184078,0,0.117662,-0.00098008
30.134,-0.0184078,0,0.105896,-0.000882072
30.136,-0.0184078,0,0.095306,-0.000793865
30.138,-0.0184078,0,0.0857754,-0.000714478
30.14,-0.0184078,0,0.0771979,-0.000643031
30.142,-0.0184078,0,0.0694781,-0.000578727
30.144,-0.0184078,0,0.0625303,-0.000520855
30.146,-0.0184078,0,0.0562773,-0.000468769
30.148,-0.0184078,0,0.0506495,-0.000421892
30.15,-0.0184078,0,0.0455846,-0.000379703
30.152,-0.0184078,0,0.0410261,-0.000341733
30.154,-0.0184078,-0.00306796,0.0369235,-0.153706
30.156,-0.0184078,-0.00306796,0.0332312,-0.138335
30.158,-0.0184078,-0.00306796,0.029908,-0.124502
30.16,-0.0184078,-0.00306796,0.0269172,-0.112051
30.162,-0.0184078,-0.00306796,0.0242255,-0.100846
30.164,-0.0184078,-0.00306796,0.021803,-0.0907616
30.166,-0.0184078,-0.00306796,0.0196227,-0.0816855
30.168,-0.0184078,-0.00306796,0.0176604,-0.0735169
30.17,-0.0184078,-0.00306796,0.0158944,-0.0661652
30.172,-0.0184078,-0.00306796,0.0143049,-0.0595487
30.174,-0.0184078,-0.00306796,0.0128744,-0.0535938
30.176,-0.0184078,-0.00306796,0.011587,-0.0482345
30.178,-0.0184078,-0.00306796,0.0104283,-0.043411
30.18,-0.0184078,-0.00306796,0.00938546,-0.0390699
30.182,-0.0184078,-0.00306796,0.00844691,-0.0351629
30.184,-0.0184078,0,0.00760222,0.121751
30.186,-0.0184078,0,0.006842,0.109576
30.188,-0.0184078,0,0.0061578,0.0986187
30.19,-0.0184078,0,0.00554202,0.0887568
30.192,-0.0184078,0,0.00498782,0.0798811
30.194,-0.0184078,0,0.00448904,0.071893
30.196,-0.0184078,0,0.00404013,0.0647037
30.198,-0.0184078,0,0.00363612,0.0582333
30.2,-0.0184078,0,0.00327251,0.05241
30.202,-0.0184078,-0.00306796,0.00294526,-0.106229
30.204,-0.0184078,-0.00306796,0.00265073,-0.0956062
30.206,-0.0184078,-0.00306796,0.00238566,-0.0860455
30.208,-0.0184078,-0.00306796,0.00214709,-0.077441
30.21,-0.0184078,-0.00306796,0.00193238,-0.0696969
30.212,-0.0184078,-0.00306796,0.00173914,-0.0627272
30.214,-0.0184078,-0.00306796,0.00156523,-0.0564545
30.216,-0.0153398,-0.00306796,0.154807,-0.050809
30.218,-0.0153398,-0.00306796,0.139326,-0.0457281
30.22,-0.0153398,-0.00306796,0.125393,-0.0411553
30.222,-0.0153398,-0.00306796,0.112854,-0.0370398
30.224,-0.0153398,-0.00306796,0.101569,-0.0333358
30.226,-0.0153398,-0.00306796,0.0914119,-0.0300022
30.228,-0.0153398,-0.00306796,0.0822707,-0.027002
30.23,-0.0153398,-0.00306796,0.0740436,-0.0243018
30.232,-0.0153398,-0.00306796,0.0666392,-0.0218716
30.234,-0.0153398,-0.00306796,0.0599753,-0.0196845
30.236,-0.0153398,-0.00306796,0.0539778,-0.017716
30.238,-0.0153398,-0.00306796,0.04858,-0.0159444
30.24,-0.0153398,-0.00306796,0.043722,-0.01435
30.242,-0.0153398,-0.00306796,0.0393498,-0.012915
30.244,-0.0153398,-0.00306796,0.0354148,-0.0116235
30.246,-0.0153398,-0.00306796,0.0318733,-0.0104611
30.248,-0.0153398,-0.00306796,0.028686,-0.00941502
30.25,-0.0153398,-0.00306796,0.0258174,-0.00847352
30.252,-0.0153398,-0.00306796,0.0232357,-0.00762616
30.254,-0.0153398,-0.00306796,0.0209121,-0.00686355
30.256,-0.0153398,-0.00306796,0.0188209,-0.00617719
30.258,-0.0122718,-0.00306796,0.170337,-0.00555947
30.26,-0.0122718,-0.00306796,0.153303,-0.00500353
30.262,-0.0122718,-0.00306796,0.137973,-0.00450317
30.264,-0.0122718,-0.00306796,0.124176,-0.00405286
30.266,-0.0122718,-0.00306796,0.111758,-0.00364757
30.268,-0.0122718,-0.00306796,0.100582,-0.00328281
30.27,-0.0122718,-0.00306796,0.090524,-0.00295453
30.272,-0.0122718,0,0.0814716,0.150739
30.274,-0.0122718,0,0.0733244,0.135665
30.276,-0.0122718,0,0.065992,0.122099
30.278,-0.0122718,0,0.0593928,0.109889
30.28,-0.0122718,0,0.0534535,0.0988999
30.282,-0.0122718,0,0.0481082,0.0890099
30.284,-0.0122718,0,0.0432973,0.0801089
30.286,-0.0122718,0,0.0389676,0.072098
30.288,-0.0122718,0,0.0350709,0.0648882
30.29,-0.0122718,0,0.0315638,0.0583994
30.292,-0.0122718,-0.00306796,0.0284074,-0.100839
30.294,-0.00920388,-0.00306796,0.178965,-0.0907548
30.296,-0.00920388,-0.00306796,0.161068,-0.0816793
30.298,-0.00920388,-0.00306796,0.144961,-0.0735114
30.3,-0.00920388,-0.00306796,0.130465,-0.0661602
30.302,-0.00920388,-0.00306796,0.117419,-0.0595442
30.304,-0.00920388,-0.00306796,0.105677,-0.0535898
30.306,-0.00920388,-0.00306796,0.0951092,-0.0482308
30.308,-0.00920388,-0.00306796,0.0855983,-0.0434077
30.31,-0.00920388,-0.00306796,0.0770384,-0.039067
30.312,-0.00920388,-0.00306796,0.0693346,-0.0351603
30.314,-0.00920388,-0.00306796,0.0624011,-0.0316442
30.316,-0.00613592,0,0.209559,0.124918
30.318,-0.00613592,0,0.188603,0.112426
30.32,-0.00613592,0,0.169743,0.101184
30.322,-0.00613592,0,0.152769,0.0910654
30.324,-0.00613592,0,0.137492,0.0819589
30.326,-0.00613592,0,0.123743,0.073763
30.328,-0.00613592,0,0.111368,0.0663867
30.33,-0.00613592,0,0.100231,0.059748
30.332,-0.00613592,0,0.0902083,0.0537732
30.334,-0.00613592,0,0.0811875,0.0483959
30.336,-0.00306796,0,0.226467,0.0435563
30.338,-0.00306796,0,0.20382,0.0392007
30.34,-0.00306796,0,0.183438,0.0352806
30.342,-0.00306796,0,0.165094,0.0317525
30.344,-0.00306796,0.00306796,0.148585,0.181975
30.346,-0.00306796,0.00306796,0.133726,0.163778
30.348,-0.00306796,0.00306796,0.120354,0.1474
30.35,-0.00306796,0.00306796,0.108318,0.13266
30.352,-0.00306796,0.00306796,0.0974865,0.119394
30.354,-0.00306796,0.00306796,0.0877379,0.107455
30.356,-0.00306796,0.00306796,0.0789641,0.0967092
30.358,-0.00306796,0.00306796,0.0710677,0.0870383
30.36,-0.00306796,0.00306796,0.0639609,0.0783344
30.362,-0.00306796,0.00306796,0.0575648,0.070501
30.364,-0.00306796,0.00306796,0.0518083,0.0634509
30.366,-0.00306796,0,0.0466275,-0.0962923
30.368,-0.00306796,0,0.0419648,-0.0866631
30.37,-0.00306796,0,0.0377683,-0.0779967
30.372,-0.00306796,0,0.0339915,-0.0701971
30.374,-0.00306796,0,0.0305923,-0.0631774
30.376,-0.00306796,0,0.0275331,-0.0568596
30.378,-0.00306796,0,0.0247798,-0.0511737
30.38,-0.00306796,0,0.0223018,-0.0460563
30.382,-0.00306796,0,0.0200716,-0.0414507
30.384,-0.00306796,0,0.0180645,-0.0373056
30.386,-0.00306796,0,0.016258,-0.033575
30.388,-0.00306796,0,0.0146322,-0.0302175
30.39,-0.00306796,0,0.013169,-0.0271958
30.392,-0.00306796,0,0.0118521,-0.0244762
30.394,-0.00306796,0,0.0106669,-0.0220286
30.396,-0.00306796,0,0.00960019,-0.0198257
30.398,-0.00306796,0,0.00864017,-0.0178432
30.4,-0.00306796,0,0.00777615,-0.0160588
30.402,-0.00306796,0,0.00699854,-0.014453
30.404,-0.00306796,-0.00306796,0.00629869,-0.166406
30.406,-0.00306796,-0.00306796,0.00566882,-0.149765
30.408,-0.00306796,-0.00306796,0.00510194,-0.134789
30.41,-0.00306796,-0.00306796,0.00459174,-0.12131
30.412,-0.00306796,-0.00306796,0.00413257,-0.109179
30.414,-0.00306796,-0.00306796,0.00371931,-0.0982609
30.416,-0.00306796,-0.00306796,0.00334738,-0.0884348
30.418,-0.00306796,-0.00306796,0.00301264,-0.0795913
30.42,-0.00306796,-0.00306796,0.00271138,-0.0716322
30.422,-0.00306796,-0.00306796,0.00244024,-0.064469
30.424,-0.00306796,-0.00306796,0.00219622,-0.0580221
30.426,-0,-0.00306796,0.155375,-0.0522199
30.428,-0,-0.00306796,0.139837,-0.0469979
30.43,-0,-0.00306796,0.125853,-0.0422981
30.432,-0,-0.00306796,0.113268,-0.0380683
30.434,-0,-0.00306796,0.101941,-0.0342615
30.436,-0,-0.00306796,0.0917472,-0.0308353
30.438,-0,-0.00306796,0.0825725,-0.0277518
30.44,-0,-0.00306796,0.0743152,-0.0249766
30.442,-0,0,0.0668837,0.130919
30.444,0.00306796,0,0.213593,0.117827
30.446,0.00306796,0,0.192234,0.106044
30.448,0.00306796,0,0.173011,0.09544
30.45,0.00306796,0,0.15571,0.085896
30.452,0.00306796,0,0.140139,0.0773064
30.454,0.00306796,0,0.126125,0.0695758
30.456,0.00306796,0,0.113512,0.0626182
30.458,0.00306796,0,0.102161,0.0563564
30.46,0.00306796,0,0.091945,0.0507208
30.462,0.00613592,0,0.236149,0.0456487
30.464,0.00613592,0,0.212534,0.0410838
30.466,0.00613592,0,0.19128,0.0369754
30.468,0.00613592,0.00306796,0.172152,0.186676
30.47,0.00613592,0.00306796,0.154937,0.168008
30.472,0.00613592,0.00306796,0.139443,0.151208
30.474,0.00613592,0.00306796,0.125499,0.136087
30.476,0.00613592,0.00306796,0.112949,0.122478
30.478,0.00613592,0.00306796,0.101654,0.11023
30.48,0.00613592,0.00306796,0.0914888,0.0992073
30.482,0.00613592,0.00306796,0.0823399,0.0892865
30.484,0.00613592,0.00306796,0.0741059,0.0803579
30.486,0.00613592,0.00306796,0.0666953,0.0723221
30.488,0.00613592,0.00306796,0.0600258,0.0650899
30.49,0.00613592,0.00306796,0.0540232,0.0585809
30.492,0.00613592,0.00306796,0.0486209,0.0527228
30.494,0.00613592,0,0.0437588,-0.105948
30.496,0.00613592,0,0.0393829,-0.0953528
30.498,0.00613592,0,0.0354446,-0.0858175
30.5,0.00613592,0,0.0319002,-0.0772358
30.502,0.00613592,0,0.0287101,-0.0695122
30.504,0.00613592,0,0.0258391,-0.062561
30.506,0.00613592,0,0.0232552,-0.0563049
30.508,0.00613592,0,0.0209297,-0.0506744
30.51,0.00613592,0,0.0188367,-0.0456069
30.512,0.00613592,0,0.0169531,-0.0410463
30.514,0.00920388,0,0.168656,-0.0369416
30.516,0.00920388,0,0.15179,-0.0332475
30.518,0.00920388,0,0.136611,-0.0299227
30.52,0.00920388,0,0.12295,-0.0269304
30.522,0.00920388,0,0.110655,-0.0242374
30.524,0.00920388,0,0.0995896,-0.0218137
30.526,0.00920388,0,0.0896306,-0.0196323
30.528,0.00920388,0,0.0806676,-0.0176691
30.53,0.00920388,0,0.0726008,-0.0159022
30.532,0.00920388,0,0.0653407,-0.0143119
30.534,0.00920388,0,0.0588067,-0.0128807
30.536,0.00920388,0,0.052926,-0.0115927
30.538,0.00920388,0,0.0476334,-0.0104334
30.54,0.00920388,0,0.04287,-0.00939007
30.542,0.00920388,0,0.038583,-0.00845106
30.544,0.00920388,0,0.0347247,-0.00760595
30.546,0.00920388,0,0.0312523,-0.00684536
30.548,0.00920388,0,0.028127,-0.00616082
30.55,0.00920388,0,0.0253143,-0.00554474
30.552,0.00920388,0,0.0227829,-0.00499027
30.554,0.00920388,0,0.0205046,-0.00449124
30.556,0.00920388,0,0.0184542,-0.00404212
30.558,0.00920388,0,0.0166087,-0.0036379
30.56,0.00920388,0,0.0149479,-0.00327411
30.562,0.00920388,0,0.0134531,-0.0029467
30.564,0.00920388,0,0.0121078,-0.00265203
30.566,0.00920388,0,0.010897,-0.00238683
30.568,0.00920388,0,0.00980729,-0.00214815
30.57,0.00920388,0,0.00882656,-0.00193333
30.572,0.00920388,0,0.00794391,-0.00174
30.574,0.00920388,0,0.00714952,-0.001566
30.576,0.00920388,0,0.00643456,-0.0014094
30.578,0.00920388,0,0.00579111,-0.00126846
30.58,0.00920388,0,0.005212,-0.00114161
30.582,0.00920388,0,0.0046908,-0.00102745
30.584,0.00920388,-0.00306796,0.00422172,-0.154323
30.586,0.00920388,-0.00306796,0.00379955,-0.138891
30.588,0.00920388,-0.00306796,0.00341959,-0.125001
30.59,0.00920388,-0.00306796,0.00307763,-0.112501
30.592,0.00920388,-0.00306796,0.00276987,-0.101251
30.594,0.00920388,-0.00306796,0.00249288,-0.0911261
30.596,0.00920388,-0.00306796,0.00224359,-0.0820135
30.598,0.00920388,-0.00306796,0.00201923,-0.0738121
30.6,0.00920388,-0.00306796,0.00181731,-0.0664309
30.602,0.00920388,-0.00306796,0.00163558,-0.0597878
30.604,0.00920388,-0.00306796,0.00147202,-0.053809
30.606,0.00920388,-0.00306796,0.00132482,-0.0484281
30.608,0.00920388,-0.00306796,0.00119234,-0.0435853
30.61,0.00920388,-0.00306796,0.0010731,-0.0392268
30.612,0.0122718,-0.00306796,0.154364,-0.0353041
30.614,0.0122718,-0.00306796,0.138927,-0.0317737
30.616,0.0122718,-0.00306796,0.125035,-0.0285963
30.618,0.0122718,-0.00306796,0.112531,-0.0257367
30.62,0.0122718,0,0.101278,0.130235
30.622,0.0122718,0,0.0911503,0.117212
30.624,0.0122718,0,0.0820353,0.10549
30.626,0.0122718,0,0.0738318,0.0949414
30.628,0.0122718,0,0.0664486,0.0854472
30.63,0.0122718,0,0.0598037,0.0769025
30.632,0.0122718,0,0.0538234,0.0692122
30.634,0.0153398,0,0.201839,0.062291
30.636,0.0153398,0,0.181655,0.0560619
30.638,0.0153398,0,0.16349,0.0504557
30.64,0.0153398,0,0.147141,0.0454102
30.642,0.0153398,0,0.132427,0.0408691
30.644,0.0153398,0,0.119184,0.0367822
30.646,0.0153398,0,0.107266,0.033104
30.648,0.0153398,0,0.096539,0.0297936
30.65,0.0153398,0,0.0868851,0.0268142
30.652,0.0153398,0,0.0781966,0.0241328
30.654,0.0153398,0,0.0703769,0.0217195
30.656,0.0153398,0,0.0633392,0.0195476
30.658,0.0153398,0,0.0570053,0.0175928
30.66,0.0153398,0,0.0513048,0.0158335
30.662,0.0153398,0,0.0461743,0.0142502
30.664,0.0153398,0,0.0415569,0.0128252
30.666,0.0153398,0,0.0374012,0.0115427
30.668,0.0153398,0,0.0336611,0.0103884
30.67,0.0153398,0,0.030295,0.00934955
30.672,0.0153398,0,0.0272655,0.00841459
30.674,0.0153398,0,0.0245389,0.00757313
30.676,0.0153398,0,0.022085,0.00681582
30.678,0.0153398,0,0.0198765,0.00613424
30.68,0.0153398,0,0.0178889,0.00552081
30.682,0.0153398,0,0.0161,0.00496873
30.684,0.0153398,0,0.01449,0.00447186
30.686,0.0153398,0,0.013041,0.00402467
30.688,0.0153398,0,0.0117369,0.00362221
30.69,0.0153398,0,0.0105632,0.00325999
30.692,0.0153398,0,0.00950688,0.00293399
30.694,0.0153398,0,0.00855619,0.00264059
30.696,0.0153398,0,0.00770057,0.00237653
30.698,0.0153398,0,0.00693052,0.00213888
30.7,0.0153398,0,0.00623746,0.00192499
30.702,0.0153398,0,0.00561372,0.00173249
30.704,0.0153398,0,0.00505235,0.00155924
30.706,0.0153398,0,0.00454711,0.00140332
30.708,0.0153398,-0.00306796,0.0040924,-0.152135
30.71,0.0153398,-0.00306796,0.00368316,-0.136922
30.712,0.0153398,-0.00306796,0.00331484,-0.123229
30.714,0.0153398,-0.00306796,0.00298336,-0.110906
30.716,0.0153398,-0.00306796,0.00268502,-0.0998158
30.718,0.0153398,-0.00306796,0.00241652,-0.0898343
30.72,0.0153398,-0.00306796,0.00217487,-0.0808508
30.722,0.0153398,-0.00306796,0.00195738,-0.0727657
30.724,0.0153398,-0.00306796,0.00176164,-0.0654892
30.726,0.0184078,-0.00306796,0.154984,-0.0589403
30.728,0.0184078,-0.00306796,0.139485,-0.0530462
30.73,0.0184078,-0.00306796,0.125537,-0.0477416
30.732,0.0184078,-0.00306796,0.112983,-0.0429674
30.734,0.0184078,-0.00306796,0.101685,-0.0386707
30.736,0.0184078,-0.00306796,0.0915162,-0.0348036
30.738,0.0184078,-0.00306796,0.0823646,-0.0313233
30.74,0.0184078,0,0.0741282,0.125207
30.742,0.0184078,0,0.0667153,0.112686
30.744,0.0184078,0,0.0600438,0.101418
30.746,0.0184078,0,0.0540394,0.091276
30.748,0.0184078,0,0.0486355,0.0821484
30.75,0.0214757,0,0.19717,0.0739336
30.752,0.0214757,0,0.177453,0.0665402
30.754,0.0214757,0,0.159708,0.0598862
30.756,0.0214757,0.00306796,0.143737,0.207296
30.758,0.0214757,0.00306796,0.129363,0.186566
30.76,0.0214757,0.00306796,0.116427,0.167909
30.762,0.0214757,0.00306796,0.104784,0.151119
30.764,0.0214757,0.00306796,0.0943058,0.136007
30.766,0.0214757,0.00306796,0.0848752,0.122406
30.768,0.0214757,0.00306796,0.0763877,0.110165
30.77,0.0214757,0.00306796,0.0687489,0.0991489
30.772,0.0214757,0.00306796,0.061874,0.089234
30.774,0.0214757,0.00306796,0.0556866,0.0803106
30.776,0.0214757,0.00306796,0.050118,0.0722795
30.778,0.0214757,0.00306796,0.0451062,0.0650516
30.78,0.0214757,0.00306796,0.0405956,0.0585464
30.782,0.0214757,0.00306796,0.036536,0.0526918
30.784,0.0214757,0.00306796,0.0328824,0.0474226
30.786,0.0214757,0.00306796,0.0295942,0.0426803
30.788,0.0214757,0.00306796,0.0266347,0.0384123
30.79,0.0214757,0,0.0239713,-0.118827
30.792,0.0214757,0,0.0215741,-0.106944
30.794,0.0214757,0,0.0194167,-0.0962499
30.796,0.0214757,0,0.0174751,-0.0866249
30.798,0.0214757,0,0.0157276,-0.0779624
30.8,0.0214757,0,0.0141548,-0.0701662
30.802,0.0214757,0,0.0127393,-0.0631495
30.804,0.0214757,0,0.0114654,-0.0568346
30.806,0.0214757,0,0.0103188,-0.0511511
30.808,0.0214757,0,0.00928696,-0.046036
30.81,0.0214757,0,0.00835827,-0.0414324
30.812,0.0214757,0,0.00752244,-0.0372892
30.814,0.0214757,0,0.00677019,-0.0335603
30.816,0.0214757,0,0.00609318,-0.0302042
30.818,0.0214757,0,0.00548386,-0.0271838
30.82,0.0214757,0,0.00493547,-0.0244654
30.822,0.0214757,0,0.00444192,-0.0220189
30.824,0.0214757,0,0.00399773,-0.019817
30.826,0.0214757,0,0.00359796,-0.0178353
30.828,0.0214757,0,0.00323816,-0.0160518
30.83,0.0214757,0,0.00291435,-0.0144466
30.832,0.0214757,0,0.00262291,-0.0130019
30.834,0.0214757,0,0.00236062,-0.0117017
30.836,0.0214757,0,0.00212456,-0.0105316
30.838,0.0214757,0,0.0019121,-0.00947841
30.84,0.0214757,0,0.00172089,-0.00853057
30.842,0.0214757,0,0.0015488,-0.00767751
30.844,0.0214757,0,0.00139392,-0.00690976
30.846,0.0214757,0,0.00125453,-0.00621878
30.848,0.0214757,0,0.00112908,-0.0055969
30.85,0.0214757,0,0.00101617,-0.00503721
30.852,0.0214757,0,0.000914553,-0.00453349
30.854,0.0214757,0,0.000823098,-0.00408014
30.856,0.0214757,0,0.000740788,-0.00367213
30.858,0.0214757,0,0.000666709,-0.00330492
30.86,0.0214757,0,0.000600038,-0.00297442
30.862,0.0214757,0,0.000540034,-0.00267698
30.864,0.0214757,0,0.000486031,-0.00240928
30.866,0.0214757,0,0.000437428,-0.00216836
30.868,0.0214757,0,0.000393685,-0.00195152
30.87,0.0214757,-0.00306796,0.000354317,-0.155154
30.872,0.0214757,-0.00306796,0.000318885,-0.139639
30.874,0.0214757,-0.00306796,0.000286996,-0.125675
30.876,0.0214757,-0.00306796,0.000258297,-0.113108
30.878,0.0214757,-0.00306796,0.000232467,-0.101797
30.88,0.0214757,-0.00306796,0.00020922,-0.0916171
30.882,0.0214757,-0.00306796,0.000188298,-0.0824554
30.884,0.0214757,-0.00306796,0.000169469,-0.0742099
30.886,0.0214757,-0.00306796,0.000152522,-0.0667889
30.888,0.0214757,-0.00306796,0.000137269,-0.06011
30.89,0.0214757,-0.00306796,0.000123543,-0.054099
30.892,0.0214757,-0.00306796,0.000111188,-0.0486891
30.894,0.0214757,0,0.000100069,0.109578
30.896,0.0214757,0,9.00625e-05,0.0986201
30.898,0.0214757,0,8.10563e-05,0.0887581
30.9,0.0245437,0,0.153471,0.0798823
30.902,0.0245437,0,0.138124,0.071894
30.904,0.0245437,0,0.124312,0.0647046
30.906,0.0245437,0,0.11188,0.0582342
30.908,0.0245437,0,0.100692,0.0524108
30.91,0.0245437,0,0.0906231,0.0471697
30.912,0.0245437,0,0.0815608,0.0424527
30.914,0.0245437,0,0.0734047,0.0382074
30.916,0.0245437,0,0.0660642,0.0343867
30.918,0.0245437,0,0.0594578,0.030948
30.92,0.0245437,0,0.053512,0.0278532
30.922,0.0245437,0,0.0481608,0.0250679
30.924,0.0245437,0,0.0433448,0.0225611
30.926,0.0245437,0,0.0390103,0.020305
30.928,0.0245437,0,0.0351092,0.0182745
30.93,0.0245437,0,0.0315983,0.0164471
30.932,0.0245437,0,0.0284385,0.0148023
30.934,0.0245437,0,0.0255946,0.0133221
30.936,0.0245437,0,0.0230352,0.0119899
30.938,0.0245437,0,0.0207317,0.0107909
30.94,0.0245437,0,0.0186585,0.00971182
30.942,0.0245437,0,0.0167926,0.00874064
30.944,0.0245437,0,0.0151134,0.00786657
30.946,0.0245437,0,0.013602,0.00707992
30.948,0.0245437,0,0.0122418,0.00637192
30.95,0.0245437,0,0.0110177,0.00573473
30.952,0.0245437,0,0.00991589,0.00516126
30.954,0.0245437,0,0.0089243,0.00464513
30.956,0.0245437,0,0.00803187,0.00418062
30.958,0.0245437,0,0.00722868,0.00376256
30.96,0.0245437,0,0.00650581,0.0033863
30.962,0.0245437,0,0.00585523,0.00304767
30.964,0.0245437,0,0.00526971,0.0027429
30.966,0.0245437,0,0.00474274,0.00246861
30.968,0.0245437,0,0.00426847,0.00222175
30.97,0.0245437,0,0.00384162,0.00199958
30.972,0.0245437,0,0.00345746,0.00179962
30.974,0.0245437,0,0.00311171,0.00161966
30.976,0.0245437,0,0.00280054,0.00145769
30.978,0.0245437,0,0.00252049,0.00131192
30.98,0.0245437,0,0.00226844,0.00118073
30.982,0.0245437,0,0.00204159,0.00106266
30.984,0.0245437,0,0.00183743,0.000956392
30.986,0.0245437,-0.00306796,0.00165369,-0.152537
30.988,0.0245437,-0.00306796,0.00148832,-0.137284
30.99,0.0245437,-0.00306796,0.00133949,-0.123555
30.992,0.0245437,-0.00306796,0.00120554,-0.1112
30.994,0.0245437,-0.00306796,0.00108499,-0.10008
30.996,0.0245437,-0.00306796,0.000976488,-0.0900718
30.998,0.0245437,-0.00306796,0.000878839,-0.0810646
31,0.0245437,-0.00306796,0.000790955,-0.0729581
31.002,0.0245437,-0.00306796,0.00071186,-0.0656623
31.004,0.0245437,-0.00306796,0.000640674,-0.0590961
31.006,0.0245437,-0.00306796,0.000576606,-0.0531865
31.008,0.0245437,0,0.000518946,0.10553
31.01,0.0245437,0,0.000467051,0.0949772
31.012,0.0245437,0,0.000420346,0.0854795
31.014,0.0245437,0,0.000378311,0.0769316
31.016,0.0245437,0,0.00034048,0.0692384
31.018,0.0245437,0,0.000306432,0.0623146
31.02,0.0245437,0,0.000275789,0.0560831
31.022,0.0245437,0,0.00024821,0.0504748
31.024,0.0245437,0,0.000223389,0.0454273
31.026,0.0245437,0,0.00020105,0.0408846
31.028,0.0245437,0,0.000180945,0.0367961
31.03,0.0276117,0,0.153561,0.0331165
31.032,0.0276117,0,0.138205,0.0298049
31.034,0.0276117,0,0.124384,0.0268244
31.036,0.0276117,0,0.111946,0.0241419
31.038,0.0276117,0,0.100751,0.0217277
31.04,0.0276117,0,0.0906762,0.019555
31.042,0.0276117,0,0.0816086,0.0175995
31.044,0.0276117,0,0.0734477,0.0158395
31.046,0.0276117,0,0.0661029,0.0142556
31.048,0.0276117,0,0.0594927,0.01283
31.05,0.0276117,0,0.0535434,0.011547
31.052,0.0276117,0,0.048189,0.0103923
31.054,0.0276117,0,0.0433701,0.00935308
31.056,0.0276117,0,0.0390331,0.00841777
31.058,0.0276117,0,0.0351298,0.007576
31.06,0.0276117,0,0.0316168,0.0068184
31.062,0.0276117,0,0.0284552,0.00613656
31.064,0.0276117,0,0.0256096,0.0055229
31.066,0.0276117,0,0.0230487,0.00497061
31.068,0.0276117,0,0.0207438,0.00447355
31.07,0.0276117,0,0.0186694,0.00402619
31.072,0.0276117,0,0.0168025,0.00362358
31.074,0.0276117,0,0.0151222,0.00326122
31.076,0.0276117,0,0.01361,0.0029351
31.078,0.0276117,0,0.012249,0.00264159
31.08,0.0276117,0,0.0110241,0.00237743
31.082,0.0276117,0,0.0099217,0.00213968
31.084,0.0276117,0,0.00892953,0.00192572
31.086,0.0276117,0,0.00803657,0.00173314
31.088,0.0245437,0,-0.146165,0.00155983
31.09,0.0245437,0,-0.131549,0.00140385
31.092,0.0245437,0,-0.118394,0.00126346
31.094,0.0245437,0,-0.106554,0.00113712
31.096,0.0245437,0,-0.095899,0.0010234
31.098,0.0245437,0,-0.0863091,0.000921064
31.1,0.0245437,0,-0.0776782,0.000828958
31.102,0.0245437,0,-0.0699103,0.000746062
31.104,0.0245437,0,-0.0629193,0.000671456
31.106,0.0245437,0,-0.0566274,0.00060431
31.108,0.0245437,0,-0.0509646,0.000543879
31.11,0.0245437,0,-0.0458682,0.000489491
31.112,0.0245437,0,-0.0412814,0.000440542
31.114,0.0245437,0,-0.0371532,0.000396488
31.116,0.0245437,0,-0.0334379,0.000356839
31.118,0.0245437,0,-0.0300941,0.000321155
31.12,0.0245437,0,-0.0270847,0.00028904
31.122,0.0245437,0,-0.0243762,0.000260136
31.124,0.0245437,0,-0.0219386,0.000234122
31.126,0.0245437,0,-0.0197447,0.00021071
31.128,0.0245437,0,-0.0177703,0.000189639
31.13,0.0245437,-0.00306796,-0.0159932,-0.153227
31.132,0.0245437,-0.00306796,-0.0143939,-0.137905
31.134,0.0245437,-0.00306796,-0.0129545,-0.124114
31.136,0.0245437,-0.00306796,-0.0116591,-0.111703
31.138,0.0245437,-0.00306796,-0.0104932,-0.100532
31.14,0.0245437,-0.00306796,-0.00944385,-0.0904792
31.142,0.0245437,-0.00306796,-0.00849947,-0.0814313
31.144,0.0245437,-0.00306796,-0.00764952,-0.0732882
31.146,0.0245437,-0.00306796,-0.00688457,-0.0659594
31.148,0.0245437,-0.00306796,-0.00619611,-0.0593634
31.15,0.0245437,0,-0.0055765,0.099971
31.152,0.0245437,0,-0.00501885,0.0899739
31.154,0.0245437,0,-0.00451696,0.0809765
31.156,0.0245437,0,-0.00406527,0.0728788
31.158,0.0276117,0,0.149739,0.065591
31.16,0.0276117,0,0.134765,0.0590319
31.162,0.0276117,0,0.121289,0.0531287
31.164,0.0276117,0,0.10916,0.0478158
31.166,0.0276117,0,0.098244,0.0430342
31.168,0.0276117,0,0.0884196,0.0387308
31.17,0.0276117,0,0.0795776,0.0348577
31.172,0.0276117,0,0.0716199,0.031372
31.174,0.0276117,0,0.0644579,0.0282348
31.176,0.0276117,0,0.0580121,0.0254113
31.178,0.0276117,0,0.0522109,0.0228702
31.18,0.0276117,0,0.0469898,0.0205831
31.182,0.0276117,0,0.0422908,0.0185248
31.184,0.0276117,0,0.0380617,0.0166723
31.186,0.0276117,0,0.0342556,0.0150051
31.188,0.0276117,0,0.03083,0.0135046
31.19,0.0276117,0,0.027747,0.0121541
31.192,0.0276117,0,0.0249723,0.0109387
31.194,0.0276117,0,0.0224751,0.00984485
31.196,0.0276117,0,0.0202276,0.00886037
31.198,0.0276117,0,0.0182048,0.00797433
31.2,0.0276117,0,0.0163843,0.0071769
31.202,0.0276117,0,0.0147459,0.00645921
31.204,0.0276117,0,0.0132713,0.00581329
31.206,0.0276117,0,0.0119442,0.00523196
31.208,0.0276117,0,0.0107498,0.00470876
31.21,0.0276117,0,0.00967478,0.00423789
31.212,0.0276117,0,0.0087073,0.0038141
31.214,0.0276117,0,0.00783657,0.00343269
31.216,0.0276117,0,0.00705292,0.00308942
31.218,0.0276117,0,0.00634762,0.00278048
31.22,0.0276117,0,0.00571286,0.00250243
31.222,0.0276117,0,0.00514158,0.00225219
31.224,0.0276117,0,0.00462742,0.00202697
31.226,0.0276117,0,0.00416468,0.00182427
31.228,0.0276117,0,0.00374821,0.00164184
31.23,0.0276117,0,0.00337339,0.00147766
31.232,0.0276117,0,0.00303605,0.00132989
31.234,0.0276117,0,0.00273244,0.0011969
31.236,0.0245437,0,-0.150939,0.00107721
31.238,0.0245437,0,-0.135845,0.000969492
31.24,0.0245437,0,-0.12226,0.000872543
31.242,0.0245437,0,-0.110034,0.000785289
31.244,0.0245437,0,-0.099031,0.00070676
31.246,0.0245437,0,-0.0891279,0.000636084
31.248,0.0245437,0,-0.0802151,0.000572476
31.25,0.0245437,0,-0.0721936,0.000515228
31.252,0.0245437,0,-0.0649742,0.000463705
31.254,0.0245437,0,-0.0584768,0.000417335
31.256,0.0245437,0,-0.0526291,0.000375601
31.258,0.0245437,0,-0.0473662,0.000338041
31.26,0.0245437,0,-0.0426296,0.000304237
31.262,0.0245437,0,-0.0383666,0.000273813
31.264,0.0245437,0,-0.03453,0.000246432
31.266,0.0245437,0,-0.031077,0.000221789
31.268,0.0245437,0,-0.0279693,0.00019961
31.27,0.0245437,0,-0.0251724,0.000179649
31.272,0.0245437,0,-0.0226551,0.000161684
31.274,0.0245437,0,-0.0203896,0.000145516
31.276,0.0245437,0,-0.0183506,0.000130964
31.278,0.0245437,0,-0.0165156,0.000117868
31.28,0.0245437,0,-0.014864,0.000106081
31.282,0.0245437,0,-0.0133776,9.54728e-05
31.284,0.0245437,0,-0.0120399,8.59255e-05
31.286,0.0245437,0,-0.0108359,7.7333e-05
31.288,0.0245437,0,-0.00975228,6.95997e-05
31.29,0.0245437,0,-0.00877706,6.26397e-05
31.292,0.0245437,0,-0.00789935,5.63757e-05
31.294,0.0245437,0,-0.00710942,5.07382e-05
31.296,0.0245437,0,-0.00639847,4.56643e-05
31.298,0.0245437,0,-0.00575863,4.10979e-05
31.3,0.0245437,0,-0.00518276,3.69881e-05
31.302,0.0245437,0,-0.00466449,3.32893e-05
31.304,0.0245437,0,-0.00419804,2.99604e-05
31.306,0.0245437,0,-0.00377823,2.69643e-05
31.308,0.0245437,0,-0.00340041,2.42679e-05
31.31,0.0245437,0,-0.00306037,2.18411e-05
31.312,0.0245437,0,-0.00275433,1.9657e-05
31.314,0.0245437,0,-0.0024789,1.76913e-05
31.316,0.0245437,0,-0.00223101,1.59222e-05
31.318,0.0245437,0,-0.00200791,1.433e-05
31.32,0.0245437,0,-0.00180712,1.2897e-05
31.322,0.0245437,0,-0.00162641,1.16073e-05
31.324,0.0245437,0,-0.00146377,1.04465e-05
31.326,0.0245437,0,-0.00131739,9.40188e-06
31.328,0.0245437,0,-0.00118565,8.46169e-06
31.33,0.0245437,0,-0.00106709,7.61552e-06
31.332,0.0245437,0,-0.000960377,6.85397e-06
31.334,0.0245437,0.00306796,-0.000864339,0.153404
31.336,0.0245437,0.00306796,-0.000777905,0.138064
31.338,0.0245437,0.00306796,-0.000700115,0.124257
31.34,0.0245437,0.00306796,-0.000630103,0.111832
31.342,0.0245437,0.00306796,-0.000567093,0.100649
31.344,0.0245437,0.00306796,-0.000510384,0.0905837
31.346,0.0245437,0.00306796,-0.000459345,0.0815253
31.348,0.0245437,0,-0.000413411,-0.0800253
31.35,0.0245437,0,-0.00037207,-0.0720228
31.352,0.0245437,0,-0.000334863,-0.0648205
31.354,0.0245437,0,-0.000301376,-0.0583384
31.356,0.0245437,0,-0.000271239,-0.0525046
31.358,0.0245437,0,-0.000244115,-0.0472541
31.36,0.0245437,0,-0.000219703,-0.0425287
31.362,0.0245437,0,-0.000197733,-0.0382759
31.364,0.0245437,0,-0.00017796,-0.0344483
31.366,0.0245437,0,-0.000160164,-0.0310034
31.368,0.0245437,0,-0.000144147,-0.0279031
31.37,0.0245437,0,-0.000129733,-0.0251128
31.372,0.0245437,0,-0.000116759,-0.0226015
31.374,0.0245437,0,-0.000105083,-0.0203414
31.376,0.0245437,0,-9.45751e-05,-0.0183072
31.378,0.0214757,0,-0.153483,-0.0164765
31.38,0.0214757,0,-0.138135,-0.0148289
31.382,0.0214757,0,-0.124321,-0.013346
31.384,0.0214757,0,-0.111889,-0.0120114
31.386,0.0214757,0,-0.1007,-0.0108102
31.388,0.0214757,0,-0.0906303,-0.00972921
31.39,0.0214757,0,-0.0815673,-0.00875629
31.392,0.0214757,0,-0.0734105,-0.00788066
31.394,0.0214757,0,-0.0660695,-0.00709259
31.396,0.0214757,0,-0.0594625,-0.00638333
31.398,0.0214757,0,-0.0535163,-0.005745
31.4,0.0214757,0,-0.0481647,-0.0051705
31.402,0.0214757,0,-0.0433482,-0.00465345
31.404,0.0214757,0,-0.0390134,-0.00418811
31.406,0.0214757,0,-0.035112,-0.00376929
31.408,0.0214757,0,-0.0316008,-0.00339237
31.41,0.0214757,0,-0.0284407,-0.00305313
31.412,0.0214757,0,-0.0255967,-0.00274782
31.414,0.0214757,0,-0.023037,-0.00247303
31.416,0.0214757,0,-0.0207333,-0.00222573
31.418,0.0214757,0,-0.01866,-0.00200316
31.42,0.0214757,0,-0.016794,-0.00180284
31.422,0.0214757,0,-0.0151146,-0.00162256
31.424,0.0214757,0,-0.0136031,-0.0014603
31.426,0.0214757,0,-0.0122428,-0.00131427
31.428,0.0214757,0,-0.0110185,-0.00118284
31.43,0.0214757,0,-0.00991668,-0.00106456
31.432,0.0214757,0,-0.00892501,-0.000958104
31.434,0.0214757,0,-0.00803251,-0.000862294
31.436,0.0214757,0,-0.00722926,-0.000776064
31.438,0.0214757,0.00306796,-0.00650633,0.1527
31.44,0.0214757,0.00306796,-0.0058557,0.13743
31.442,0.0214757,0.00306796,-0.00527013,0.123687
31.444,0.0214757,0.00306796,-0.00474311,0.111318
31.446,0.0214757,0.00306796,-0.0042688,0.100186
31.448,0.0214757,0.00306796,-0.00384192,0.0901676
31.45,0.0214757,0.00306796,-0.00345773,0.0811508
31.452,0.0214757,0.00306796,-0.00311196,0.0730358
31.454,0.0214757,0.00306796,-0.00280076,0.0657322
31.456,0.0214757,0.00306796,-0.00252069,0.059159
31.458,0.0214757,0.00306796,-0.00226862,0.0532431
31.46,0.0214757,0,-0.00204176,-0.105479
31.462,0.0214757,0,-0.00183758,-0.0949314
31.464,0.0214757,0,-0.00165382,-0.0854382
31.466,0.0184078,0,-0.154887,-0.0768944
31.468,0.0184078,0,-0.139398,-0.069205
31.47,0.0184078,0,-0.125458,-0.0622845
31.472,0.0184078,0,-0.112912,-0.056056
31.474,0.0184078,0,-0.101621,-0.0504504
31.476,0.0184078,0,-0.0914589,-0.0454054
31.478,0.0184078,0,-0.082313,-0.0408648
31.48,0.0184078,0,-0.0740817,-0.0367784
31.482,0.0184078,0,-0.0666736,-0.0331005
31.484,0.0184078,0,-0.0600062,-0.0297905
31.486,0.0184078,0,-0.0540056,-0.0268114
31.488,0.0184078,0,-0.048605,-0.0241303
31.49,0.0184078,0,-0.0437445,-0.0217173
31.492,0.0184078,0,-0.0393701,-0.0195455
31.494,0.0184078,0,-0.0354331,-0.017591
31.496,0.0184078,0,-0.0318898,-0.0158319
31.498,0.0184078,0,-0.0287008,-0.0142487
31.5,0.0184078,0,-0.0258307,-0.0128238
31.502,0.0184078,0,-0.0232476,-0.0115414
31.504,0.0184078,0,-0.0209229,-0.0103873
31.506,0.0184078,0,-0.0188306,-0.00934857
31.508,0.0184078,0,-0.0169475,-0.00841371
31.51,0.0184078,0,-0.0152528,-0.00757234
31.512,0.0184078,0.00306796,-0.0137275,0.146583
31.514,0.0184078,0.00306796,-0.0123547,0.131925
31.516,0.0184078,0.00306796,-0.0111193,0.118732
31.518,0.0184078,0.00306796,-0.0100073,0.106859
31.52,0.0184078,0.00306796,-0.00900661,0.0961731
31.522,0.0184078,0.00306796,-0.00810595,0.0865558
31.524,0.0184078,0.00306796,-0.00729535,0.0779002
31.526,0.0184078,0.00306796,-0.00656582,0.0701102
31.528,0.0153398,0.00306796,-0.159307,0.0630992
31.53,0.0153398,0.00306796,-0.143377,0.0567892
31.532,0.0153398,0.00306796,-0.129039,0.0511103
31.534,0.0153398,0,-0.116135,-0.107399
31.536,0.0153398,0,-0.104522,-0.0966589
31.538,0.0153398,0,-0.0940694,-0.086993
31.54,0.0153398,0,-0.0846624,-0.0782937
31.542,0.0153398,0,-0.0761962,-0.0704643
31.544,0.0153398,0,-0.0685766,-0.0634179
31.546,0.0122718,0,-0.215117,-0.0570761
31.548,0.0122718,0,-0.193605,-0.0513685
31.55,0.0122718,0,-0.174245,-0.0462317
31.552,0.0122718,0,-0.15682,-0.0416085
31.554,0.0122718,0,-0.141138,-0.0374476
31.556,0.0122718,0,-0.127024,-0.0337029
31.558,0.0122718,0,-0.114322,-0.0303326
31.56,0.0122718,0,-0.10289,-0.0272993
31.562,0.0122718,0,-0.0926008,-0.0245694
31.564,0.0122718,0,-0.0833407,-0.0221125
31.566,0.00920388,0,-0.228405,-0.0199012
31.568,0.00920388,0,-0.205564,-0.0179111
31.57,0.00920388,0,-0.185008,-0.01612
31.572,0.00920388,0,-0.166507,-0.014508
31.574,0.00920388,-0.00306796,-0.149856,-0.166455
31.576,0.00920388,-0.00306796,-0.134871,-0.14981
31.578,0.00920388,-0.00306796,-0.121384,-0.134829
31.58,0.00920388,-0.00306796,-0.109245,-0.121346
31.582,0.00920388,-0.00306796,-0.0983208,-0.109211
31.584,0.00920388,-0.00306796,-0.0884887,-0.0982902
31.586,0.00920388,-0.00306796,-0.0796398,-0.0884612
31.588,0.00920388,-0.00306796,-0.0716758,-0.079615
31.59,0.00920388,-0.00306796,-0.0645082,-0.0716535
31.592,0.00920388,-0.00306796,-0.0580574,-0.0644882
31.594,0.00920388,-0.00306796,-0.0522517,-0.0580394
31.596,0.00920388,-0.00306796,-0.0470265,-0.0522354
31.598,0.00920388,-0.00306796,-0.0423239,-0.0470119
31.6,0.00920388,-0.00306796,-0.0380915,-0.0423107
31.602,0.00920388,-0.00306796,-0.0342823,-0.0380796
31.604,0.00920388,-0.00306796,-0.0308541,-0.0342717
31.606,0.00920388,-0.00306796,-0.0277687,-0.0308445
31.608,0.00920388,0,-0.0249918,0.125638
31.61,0.00920388,0,-0.0224926,0.113074
31.612,0.00920388,0,-0.0202434,0.101767
31.614,0.00920388,0,-0.018219,0.0915901
31.616,0.00920388,0,-0.0163971,0.0824311
31.618,0.00920388,0,-0.0147574,0.074188
31.62,0.00920388,0,-0.0132817,0.0667692
31.622,0.00613592,0,-0.165352,0.0600923
31.624,0.00613592,0,-0.148816,0.0540831
31.626,0.00613592,0,-0.133935,0.0486747
31.628,0.00613592,0,-0.120541,0.0438073
31.63,0.00613592,0,-0.108487,0.0394265
31.632,0.00613592,0,-0.0976385,0.0354839
31.634,0.00613592,0,-0.0878746,0.0319355
31.636,0.00613592,0,-0.0790872,0.028742
31.638,0.00613592,0,-0.0711784,0.0258678
31.64,0.00613592,0,-0.0640606,0.023281
31.642,0.00613592,0,-0.0576545,0.0209529
31.644,0.00613592,0,-0.0518891,0.0188576
31.646,0.00613592,0,-0.0467002,0.0169718
31.648,0.00613592,0,-0.0420302,0.0152747
31.65,0.00613592,0,-0.0378271,0.0137472
31.652,0.00613592,0,-0.0340444,0.0123725
31.654,0.00613592,0,-0.03064,0.0111352
31.656,0.00613592,0,-0.027576,0.0100217
31.658,0.00306796,0,-0.178216,0.00901953
31.66,0.00306796,0,-0.160395,0.00811758
31.662,0.00306796,0,-0.144355,0.00730582
31.664,0.00306796,0,-0.12992,0.00657524
31.666,0.00306796,0,-0.116928,0.00591771
31.668,0.00306796,0,-0.105235,0.00532594
31.67,0.00306796,0,-0.0947115,0.00479335
31.672,0.00306796,0,-0.0852404,0.00431401
31.674,0.00306796,0,-0.0767163,0.00388261
31.676,0.00306796,0,-0.0690447,0.00349435
31.678,0.00306796,0,-0.0621402,0.00314492
31.68,0.00306796,0,-0.0559262,0.00283042
31.682,0.00306796,0,-0.0503336,0.00254738
31.684,0.00306796,0,-0.0453002,0.00229264
31.686,0.00306796,0,-0.0407702,0.00206338
31.688,0.00306796,0,-0.0366932,0.00185704
31.69,0.00306796,0,-0.0330239,0.00167134
31.692,0.00306796,0,-0.0297215,0.0015042
31.694,0.00306796,0,-0.0267493,0.00135378
31.696,-0,0,-0.177472,0.0012184
31.698,-0,0,-0.159725,0.00109656
31.7,-0,0,-0.143753,0.000986908
31.702,-0,0,-0.129377,0.000888217
31.704,-0,0,-0.11644,0.000799395
31.706,-0,0,-0.104796,0.000719456
31.708,-0,0,-0.0943162,0.00064751
31.71,-0,0,-0.0848845,0.000582759
31.712,-0,0,-0.0763961,0.000524483
31.714,-0,0,-0.0687565,0.000472035
31.716,-0,0,-0.0618808,0.000424831
31.718,-0,0,-0.0556927,0.000382348
31.72,-0,0,-0.0501235,0.000344113
31.722,-0,0,-0.0451111,0.000309702
31.724,-0,0,-0.0406,0.000278732
31.726,-0,0,-0.03654,0.000250859
31.728,-0,0,-0.032886,0.000225773
31.73,-0,0,-0.0295974,0.000203196
31.732,-0,0,-0.0266377,0.000182876
31.734,-0,0,-0.0239739,0.000164588
31.736,-0,0,-0.0215765,0.00014813
31.738,-0,0,-0.0194189,0.000133317
31.74,-0,0,-0.017477,0.000119985
31.742,-0,0,-0.0157293,0.000107986
31.744,-0,0,-0.0141563,9.71878e-05
31.746,-0,0,-0.0127407,8.7469e-05
31.748,-0,0,-0.0114666,7.87221e-05
31.75,-0,0.00306796,-0.01032,0.153469
31.752,-0,0.00306796,-0.00928798,0.138122
31.754,-0,0.00306796,-0.00835918,0.12431
31.756,-0,0.00306796,-0.00752326,0.111879
31.758,-0,0.00306796,-0.00677094,0.100691
31.76,-0,0.00306796,-0.00609384,0.0906219
31.762,-0,0.00306796,-0.00548446,0.0815597
31.764,-0,0.00306796,-0.00493601,0.0734037
31.766,-0,0.00306796,-0.00444241,0.0660633
31.768,-0,0.00306796,-0.00399817,0.059457
31.77,-0,0.00306796,-0.00359835,0.0535113
31.772,-0.00306796,0.00306796,-0.156637,0.0481602
31.774,-0.00306796,0.00306796,-0.140973,0.0433442
31.776,-0.00306796,0.00306796,-0.126876,0.0390097
31.778,-0.00306796,0.00306796,-0.114188,0.0351088
31.78,-0.00306796,0.00306796,-0.102769,0.0315979
31.782,-0.00306796,0,-0.0924923,-0.12496
31.784,-0.00306796,0,-0.0832431,-0.112464
31.786,-0.00306796,0,-0.0749188,-0.101218
31.788,-0.00306796,0,-0.0674269,-0.0910958
31.79,-0.00306796,0,-0.0606842,-0.0819862
31.792,-0.00306796,0,-0.0546158,-0.0737876
31.794,-0.00306796,0,-0.0491542,-0.0664089
31.796,-0.00613592,0,-0.197637,-0.059768
31.798,-0.00613592,0,-0.177873,-0.0537912
31.8,-0.00613592,0,-0.160086,-0.0484121
31.802,-0.00613592,0,-0.144077,-0.0435708
31.804,-0.00613592,0,-0.12967,-0.0392138
31.806,-0.00613592,0,-0.116703,-0.0352924
31.808,-0.00613592,0,-0.105032,-0.0317631
31.81,-0.00613592,0,-0.0945291,-0.0285868
31.812,-0.00613592,0,-0.0850762,-0.0257282
31.814,-0.00613592,0,-0.0765686,-0.0231553
31.816,-0.00613592,0,-0.0689117,-0.0208398
31.818,-0.00613592,0,-0.0620205,-0.0187558
31.82,-0.00920388,0,-0.209217,-0.0168802
31.822,-0.00920388,0,-0.188295,-0.0151922
31.824,-0.00920388,0,-0.169465,-0.013673
31.826,-0.00920388,0,-0.152519,-0.0123057
31.828,-0.00920388,0,-0.137267,-0.0110751
31.83,-0.00920388,0,-0.12354,-0.00996761
31.832,-0.00920388,-0.00306796,-0.111186,-0.162369
31.834,-0.00920388,-0.00306796,-0.100068,-0.146132
31.836,-0.00920388,-0.00306796,-0.0900609,-0.131519
31.838,-0.00920388,-0.00306796,-0.0810548,-0.118367
31.84,-0.00920388,-0.00306796,-0.0729493,-0.10653
31.842,-0.00920388,-0.00306796,-0.0656544,-0.0958772
31.844,-0.00920388,-0.00306796,-0.0590889,-0.0862895
31.846,-0.00920388,-0.00306796,-0.05318,-0.0776606
31.848,-0.00920388,-0.00306796,-0.047862,-0.0698945
31.85,-0.0122718,-0.00306796,-0.196474,-0.0629051
31.852,-0.0122718,-0.00306796,-0.176827,-0.0566145
31.854,-0.0122718,0,-0.159144,0.102445
31.856,-0.0122718,0,-0.143229,0.0922005
31.858,-0.0122718,0,-0.128907,0.0829804
31.86,-0.0122718,0,-0.116016,0.0746824
31.862,-0.0122718,0,-0.104414,0.0672142
31.864,-0.0122718,0,-0.0939729,0.0604927
31.866,-0.0122718,0,-0.0845756,0.0544435
31.868,-0.0122718,0,-0.076118,0.0489991
31.87,-0.0122718,0,-0.0685062,0.0440992
31.872,-0.0122718,0,-0.0616556,0.0396893
31.874,-0.0122718,0,-0.05549,0.0357204
31.876,-0.0122718,0,-0.049941,0.0321483
31.878,-0.0122718,0,-0.0449469,0.0289335
31.88,-0.0122718,0,-0.0404522,0.0260401
31.882,-0.0122718,0,-0.036407,0.0234361
31.884,-0.0153398,0,-0.186164,0.0210925
31.886,-0.0153398,0,-0.167548,0.0189833
31.888,-0.0153398,0,-0.150793,0.0170849
31.89,-0.0153398,0,-0.135714,0.0153764
31.892,-0.0153398,0,-0.122142,0.0138388
31.894,-0.0153398,0,-0.109928,0.0124549
31.896,-0.0153398,-0.00306796,-0.0989354,-0.142189
31.898,-0.0153398,-0.00306796,-0.0890419,-0.12797
31.9,-0.0153398,-0.00306796,-0.0801377,-0.115173
31.902,-0.0153398,-0.00306796,-0.0721239,-0.103656
31.904,-0.0153398,-0.00306796,-0.0649115,-0.09329
31.906,-0.0153398,-0.00306796,-0.0584204,-0.083961
31.908,-0.0153398,-0.00306796,-0.0525783,-0.0755649
31.91,-0.0153398,-0.00306796,-0.0473205,-0.0680084
31.912,-0.0153398,-0.00306796,-0.0425884,-0.0612076
31.914,-0.0184078,-0.00306796,-0.191728,-0.0550868
31.916,-0.0184078,-0.00306796,-0.172555,-0.0495781
31.918,-0.0184078,-0.00306796,-0.155299,-0.0446203
31.92,-0.0184078,-0.00306796,-0.139769,-0.0401583
31.922,-0.0184078,-0.00306796,-0.125793,-0.0361424
31.924,-0.0184078,-0.00306796,-0.113213,-0.0325282
31.926,-0.0184078,-0.00306796,-0.101892,-0.0292754
31.928,-0.0184078,-0.00306796,-0.0917028,-0.0263478
31.93,-0.0184078,-0.00306796,-0.0825325,-0.0237131
31.932,-0.0184078,-0.00306796,-0.0742792,-0.0213418
31.934,-0.0184078,-0.00306796,-0.0668513,-0.0192076
31.936,-0.0184078,-0.00306796,-0.0601662,-0.0172868
31.938,-0.0184078,-0.00306796,-0.0541496,-0.0155581
31.94,-0.0184078,-0.00306796,-0.0487346,-0.0140023
31.942,-0.0184078,0,-0.0438611,0.140796
31.944,-0.0184078,0,-0.039475,0.126716
31.946,-0.0184078,0,-0.0355275,0.114045
31.948,-0.0184078,0,-0.0319748,0.10264
31.95,-0.0184078,0,-0.0287773,0.0923762
31.952,-0.0184078,0,-0.0258996,0.0831386
31.954,-0.0184078,0,-0.0233096,0.0748248
31.956,-0.0184078,0,-0.0209786,0.0673423
31.958,-0.0184078,0,-0.0188808,0.0606081
31.96,-0.0184078,0,-0.0169927,0.0545472
31.962,-0.0184078,0,-0.0152934,0.0490925
31.964,-0.0184078,0,-0.0137641,0.0441833
31.966,-0.0184078,0,-0.0123877,0.0397649
31.968,-0.0184078,0,-0.0111489,0.0357885
31.97,-0.0184078,0,-0.010034,0.0322096
31.972,-0.0214757,0,-0.162429,0.0289886
31.974,-0.0214757,0,-0.146186,0.0260898
31.976,-0.0214757,0,-0.131567,0.0234808
31.978,-0.0214757,0,-0.118411,0.0211327
31.98,-0.0214757,0,-0.106569,0.0190195
31.982,-0.0214757,0,-0.0959125,0.0171175
31.984,-0.0214757,0,-0.0863213,0.0154058
31.986,-0.0214757,0,-0.0776891,0.0138652
31.988,-0.0214757,0,-0.0699202,0.0124787
31.99,-0.0214757,0,-0.0629282,0.0112308
31.992,-0.0214757,0,-0.0566354,0.0101077
31.994,-0.0214757,0,-0.0509718,0.00909694
31.996,-0.0214757,-0.00306796,-0.0458747,-0.145211
31.998,-0.0245437,-0.00306796,-0.194685,-0.13069
32,-0.0245437,-0.00306796,-0.175217,-0.117621
32.002,-0.0245437,-0.00306796,-0.157695,-0.105859
32.004,-0.0245437,-0.00306796,-0.141926,-0.0952728
32.006,-0.0245437,-0.00306796,-0.127733,-0.0857455
32.008,-0.0245437,-0.00306796,-0.11496,-0.077171
32.01,-0.0245437,-0.00306796,-0.103464,-0.0694539
32.012,-0.0245437,-0.00306796,-0.0931174,-0.0625085
32.014,-0.0245437,-0.00306796,-0.0838056,-0.0562577
32.016,-0.0245437,-0.00306796,-0.0754251,-0.0506319
32.018,-0.0245437,-0.00306796,-0.0678826,-0.0455687
32.02,-0.0245437,-0.00306796,-0.0610943,-0.0410118
32.022,-0.0245437,-0.00306796,-0.0549849,-0.0369106
32.024,-0.0245437,-0.00306796,-0.0494864,-0.0332196
32.026,-0.0245437,0,-0.0445377,0.1235
32.028,-0.0245437,0,-0.040084,0.11115
32.03,-0.0245437,0,-0.0360756,0.100035
32.032,-0.0245437,0,-0.032468,0.0900318
32.034,-0.0245437,0,-0.0292212,0.0810286
32.036,-0.0245437,0,-0.0262991,0.0729258
32.038,-0.0245437,0,-0.0236692,0.0656332
32.04,-0.0245437,0,-0.0213023,0.0590699
32.042,-0.0245437,0,-0.019172,0.0531629
32.044,-0.0245437,0,-0.0172548,0.0478466
32.046,-0.0276117,0,-0.168927,0.0430619
32.048,-0.0276117,0,-0.152035,0.0387558
32.05,-0.0276117,0,-0.136831,0.0348802
32.052,-0.0276117,0,-0.123148,0.0313922
32.054,-0.0276117,0,-0.110833,0.0282529
32.056,-0.0276117,0,-0.09975,0.0254276
32.058,-0.0276117,-0.00306796,-0.089775,-0.130513
32.06,-0.0276117,-0.00306796,-0.0807975,-0.117462
32.062,-0.0276117,-0.00306796,-0.0727177,-0.105716
32.064,-0.0276117,-0.00306796,-0.0654459,-0.0951441
32.066,-0.0276117,-0.00306796,-0.0589014,-0.0856297
32.068,-0.0276117,-0.00306796,-0.0530112,-0.0770667
32.07,-0.0276117,-0.00306796,-0.0477101,-0.0693601
32.072,-0.0276117,-0.00306796,-0.0429391,-0.0624241
32.074,-0.0306796,-0.00306796,-0.192043,-0.0561817
32.076,-0.0306796,-0.00306796,-0.172839,-0.0505635
32.078,-0.0306796,-0.00306796,-0.155555,-0.0455071
32.08,-0.0306796,-0.00306796,-0.14,-0.0409564
32.082,-0.0306796,-0.00306796,-0.126,-0.0368608
32.084,-0.0306796,-0.00306796,-0.1134,-0.0331747
32.086,-0.0306796,-0.00306796,-0.10206,-0.0298572
32.088,-0.0306796,-0.00306796,-0.0918537,-0.0268715
32.09,-0.0306796,-0.00306796,-0.0826683,-0.0241844
32.092,-0.0306796,-0.00306796,-0.0744015,-0.0217659
32.094,-0.0306796,-0.00306796,-0.0669613,-0.0195893
32.096,-0.0306796,-0.00306796,-0.0602652,-0.0176304
32.098,-0.0306796,-0.00306796,-0.0542387,-0.0158674
32.1,-0.0306796,-0.00306796,-0.0488148,-0.0142806
32.102,-0.0306796,-0.00306796,-0.0439333,-0.0128526
32.104,-0.0306796,-0.00306796,-0.03954,-0.0115673
32.106,-0.0306796,-0.00306796,-0.035586,-0.0104106
32.108,-0.0306796,-0.00306796,-0.0320274,-0.00936952
32.11,-0.0306796,-0.00306796,-0.0288247,-0.00843256
32.112,-0.0306796,-0.00306796,-0.0259422,-0.00758931
32.114,-0.0306796,-0.00306796,-0.023348,-0.00683038
32.116,-0.0306796,-0.00306796,-0.0210132,-0.00614734
32.118,-0.0306796,0,-0.0189119,0.147865
32.12,-0.0306796,0,-0.0170207,0.133079
32.122,-0.0306796,0,-0.0153186,0.119771
32.124,-0.0306796,0,-0.0137867,0.107794
32.126,-0.0306796,0,-0.0124081,0.0970145
32.128,-0.0306796,0,-0.0111673,0.0873131
32.13,-0.0306796,0,-0.0100505,0.0785818
32.132,-0.0306796,0,-0.00904548,0.0707236
32.134,-0.0306796,0,-0.00814094,0.0636512
32.136,-0.0306796,0,-0.00732684,0.0572861
32.138,-0.0306796,0,-0.00659416,0.0515575
32.14,-0.0306796,0,-0.00593474,0.0464018
32.142,-0.0306796,0,-0.00534127,0.0417616
32.144,-0.0306796,0,-0.00480714,0.0375854
32.146,-0.0306796,0,-0.00432643,0.0338269
32.148,-0.0306796,0,-0.00389378,0.0304442
32.15,-0.0306796,0,-0.00350441,0.0273998
32.152,-0.0306796,0,-0.00315397,0.0246598
32.154,-0.0337476,0,-0.156237,0.0221938
32.156,-0.0337476,0,-0.140613,0.0199744
32.158,-0.0337476,0,-0.126552,0.017977
32.16,-0.0337476,0,-0.113897,0.0161793
32.162,-0.0337476,0,-0.102507,0.0145614
32.164,-0.0337476,0,-0.0922562,0.0131052
32.166,-0.0337476,0,-0.0830306,0.0117947
32.168,-0.0337476,-0.00306796,-0.0747275,-0.142783
32.17,-0.0337476,-0.00306796,-0.0672548,-0.128505
32.172,-0.0337476,-0.00306796,-0.0605293,-0.115654
32.174,-0.0337476,-0.00306796,-0.0544764,-0.104089
32.176,-0.0337476,-0.00306796,-0.0490287,-0.0936798
32.178,-0.0337476,-0.00306796,-0.0441258,-0.0843118
32.18,-0.0337476,-0.00306796,-0.0397133,-0.0758807
32.182,-0.0337476,-0.00306796,-0.0357419,-0.0682926
32.184,-0.0337476,-0.00306796,-0.0321677,-0.0614633
32.186,-0.0337476,-0.00306796,-0.028951,-0.055317
32.188,-0.0337476,-0.00306796,-0.0260559,-0.0497853
32.19,-0.0337476,-0.00306796,-0.0234503,-0.0448068
32.192,-0.0337476,-0.00306796,-0.0211053,-0.0403261
32.194,-0.0337476,-0.00306796,-0.0189947,-0.0362935
32.196,-0.0337476,-0.00306796,-0.0170953,-0.0326641
32.198,-0.0337476,-0.00306796,-0.0153857,-0.0293977
32.2,-0.0337476,-0.00306796,-0.0138472,-0.0264579
32.202,-0.0337476,0,-0.0124624,0.129586
32.204,-0.0337476,0,-0.0112162,0.116627
32.206,-0.0337476,0,-0.0100946,0.104965
32.208,-0.0337476,0,-0.00908512,0.0944681
32.21,-0.0337476,0,-0.00817661,0.0850213
32.212,-0.0337476,0,-0.00735895,0.0765192
32.214,-0.0337476,0,-0.00662305,0.0688673
32.216,-0.0337476,0,-0.00596075,0.0619805
32.218,-0.0337476,0,-0.00536467,0.0557825
32.22,-0.0337476,0,-0.00482821,0.0502042
32.222,-0.0337476,0,-0.00434538,0.0451838
32.224,-0.0337476,0,-0.00391085,0.0406654
32.226,-0.0368155,0,-0.156918,0.0365989
32.228,-0.0368155,0,-0.141226,0.032939
32.23,-0.0368155,0,-0.127103,0.0296451
32.232,-0.0368155,0,-0.114393,0.0266806
32.234,-0.0368155,0,-0.102954,0.0240125
32.236,-0.0368155,0,-0.0926584,0.0216113
32.238,-0.0368155,0,-0.0833926,0.0194502
32.24,-0.0368155,0,-0.0750533,0.0175051
32.242,-0.0368155,0,-0.067548,0.0157546
32.244,-0.0368155,-0.00306796,-0.0607932,-0.139219
32.246,-0.0368155,-0.00306796,-0.0547139,-0.125297
32.248,-0.0368155,-0.00306796,-0.0492425,-0.112767
32.25,-0.0368155,-0.00306796,-0.0443182,-0.101491
32.252,-0.0368155,-0.00306796,-0.0398864,-0.0913415
32.254,-0.0368155,-0.00306796,-0.0358978,-0.0822074
32.256,-0.0398835,-0.00306796,-0.185706,-0.0739866
32.258,-0.0398835,-0.00306796,-0.167135,-0.066588
32.26,-0.0398835,-0.00306796,-0.150422,-0.0599292
32.262,-0.0398835,-0.00306796,-0.13538,-0.0539363
32.264,-0.0398835,-0.00306796,-0.121842,-0.0485426
32.266,-0.0398835,-0.00306796,-0.109658,-0.0436884
32.268,-0.0398835,-0.00306796,-0.0986918,-0.0393195
32.27,-0.0398835,-0.00306796,-0.0888226,-0.0353876
32.272,-0.0398835,-0.00306796,-0.0799404,-0.0318488
32.274,-0.0398835,-0.00306796,-0.0719463,-0.0286639
32.276,-0.0398835,-0.00306796,-0.0647517,-0.0257975
32.278,-0.0398835,-0.00306796,-0.0582765,-0.0232178
32.28,-0.0398835,-0.00306796,-0.0524489,-0.020896
32.282,-0.0398835,-0.00306796,-0.047204,-0.0188064
32.284,-0.0398835,-0.00306796,-0.0424836,-0.0169258
32.286,-0.0398835,-0.00306796,-0.0382352,-0.0152332
32.288,-0.0398835,-0.00306796,-0.0344117,-0.0137099
32.29,-0.0398835,-0.00306796,-0.0309705,-0.0123389
32.292,-0.0398835,-0.00306796,-0.0278735,-0.011105
32.294,-0.0398835,-0.00306796,-0.0250861,-0.0099945
32.296,-0.0398835,-0.00306796,-0.0225775,-0.00899505
32.298,-0.0398835,-0.00306796,-0.0203198,-0.00809554
32.3,-0.0398835,0,-0.0182878,0.146112
32.302,-0.0398835,0,-0.016459,0.131501
32.304,-0.0398835,0,-0.0148131,0.118351
32.306,-0.0398835,0,-0.0133318,0.106516
32.308,-0.0398835,0,-0.0119986,0.0958641
32.31,-0.0398835,0,-0.0107988,0.0862777
32.312,-0.0398835,0,-0.00971888,0.07765
32.314,-0.0398835,0,-0.00874699,0.069885
32.316,-0.0398835,0,-0.0078723,0.0628965
32.318,-0.0398835,0,-0.00708507,0.0566068
32.32,-0.0398835,0,-0.00637656,0.0509461
32.322,-0.0398835,0,-0.0057389,0.0458515
32.324,-0.0398835,0,-0.00516501,0.0412664
32.326,-0.0398835,0,-0.00464851,0.0371397
32.328,-0.0398835,0,-0.00418366,0.0334258
32.33,-0.0398835,-0.00306796,-0.00376529,-0.123315
32.332,-0.0398835,-0.00306796,-0.00338877,-0.110983
32.334,-0.0398835,-0.00306796,-0.00304989,-0.0998851
32.336,-0.0398835,-0.00306796,-0.0027449,-0.0898966
32.338,-0.0398835,-0.00306796,-0.00247041,-0.0809069
32.34,-0.0398835,-0.00306796,-0.00222337,-0.0728162
32.342,-0.0398835,-0.00306796,-0.00200103,-0.0655346
32.344,-0.0398835,-0.00306796,-0.00180093,-0.0589811
32.346,-0.0398835,-0.00306796,-0.00162084,-0.053083
32.348,-0.0398835,-0.00306796,-0.00145875,-0.0477747
32.35,-0.0398835,-0.00306796,-0.00131288,-0.0429972
32.352,-0.0398835,-0.00306796,-0.00118159,-0.0386975
32.354,-0.0398835,-0.00306796,-0.00106343,-0.0348278
32.356,-0.0398835,-0.00306796,-0.000957087,-0.031345
32.358,-0.0398835,-0.00306796,-0.000861379,-0.0282105
32.36,-0.0398835,-0.00306796,-0.000775241,-0.0253894
32.362,-0.0398835,-0.00306796,-0.000697717,-0.0228505
32.364,-0.0398835,-0.00306796,-0.000627945,-0.0205654
32.366,-0.0398835,0,-0.000565151,0.134889
32.368,-0.0398835,0,-0.000508635,0.1214
32.37,-0.0398835,0,-0.000457772,0.10926
32.372,-0.0398835,0,-0.000411995,0.0983342
32.374,-0.0398835,0,-0.000370795,0.0885008
32.376,-0.0398835,0,-0.000333716,0.0796507
32.378,-0.0398835,0,-0.000300344,0.0716856
32.38,-0.0398835,0,-0.00027031,0.0645171
32.382,-0.0398835,0,-0.000243279,0.0580654
32.384,-0.0398835,0,-0.000218951,0.0522588
32.386,-0.0398835,0,-0.000197056,0.0470329
32.388,-0.0398835,0,-0.00017735,0.0423297
32.39,-0.0398835,0,-0.000159615,0.0380967
32.392,-0.0429515,0,-0.153542,0.034287
32.394,-0.0429515,0,-0.138188,0.0308583
32.396,-0.0429515,0,-0.124369,0.0277725
32.398,-0.0429515,0,-0.111932,0.0249952
32.4,-0.0429515,-0.00306796,-0.100739,-0.130902
32.402,-0.0429515,-0.00306796,-0.0906649,-0.117812
32.404,-0.0429515,-0.00306796,-0.0815984,-0.106031
32.406,-0.0429515,-0.00306796,-0.0734385,-0.0954278
32.408,-0.0429515,-0.00306796,-0.0660947,-0.085885
32.41,-0.0429515,-0.00306796,-0.0594852,-0.0772965
32.412,-0.0429515,-0.00306796,-0.0535367,-0.0695669
32.414,-0.0429515,-0.00306796,-0.048183,-0.0626102
32.416,-0.0429515,-0.00306796,-0.0433647,-0.0563492
32.418,-0.0429515,-0.00306796,-0.0390282,-0.0507143
32.42,-0.0429515,-0.00306796,-0.0351254,-0.0456428
32.422,-0.0429515,-0.00306796,-0.0316129,-0.0410785
32.424,-0.0429515,-0.00306796,-0.0284516,-0.0369707
32.426,-0.0429515,-0.00306796,-0.0256064,-0.0332736
32.428,-0.0429515,-0.00306796,-0.0230458,-0.0299463
32.43,-0.0429515,-0.00306796,-0.0207412,-0.0269516
32.432,-0.0429515,-0.00306796,-0.0186671,-0.0242565
32.434,-0.0429515,-0.00306796,-0.0168004,-0.0218308
32.436,-0.0429515,-0.00306796,-0.0151203,-0.0196477
32.438,-0.0429515,-0.00306796,-0.0136083,-0.017683
32.44,-0.0429515,-0.00306796,-0.0122475,-0.0159147
32.442,-0.0429515,-0.00306796,-0.0110227,-0.0143232
32.444,-0.0429515,-0.00306796,-0.00992046,-0.0128909
32.446,-0.0429515,-0.00306796,-0.00892841,-0.0116018
32.448,-0.0429515,-0.00306796,-0.00803557,-0.0104416
32.45,-0.0429515,-0.00306796,-0.00723201,-0.00939745
32.452,-0.0429515,-0.00306796,-0.00650881,-0.00845771
32.454,-0.0429515,-0.00306796,-0.00585793,-0.00761194
32.456,-0.0429515,-0.00306796,-0.00527214,-0.00685074
32.458,-0.0429515,-0.00306796,-0.00474492,-0.00616567
32.46,-0.0429515,-0.00306796,-0.00427043,-0.0055491
32.462,-0.0429515,-0.00306796,-0.00384339,-0.00499419
32.464,-0.0429515,-0.00306796,-0.00345905,-0.00449477
32.466,-0.0429515,-0.00306796,-0.00311314,-0.0040453
32.468,-0.0429515,-0.00306796,-0.00280183,-0.00364077
32.47,-0.0429515,-0.00306796,-0.00252165,-0.00327669
32.472,-0.0429515,-0.00306796,-0.00226948,-0.00294902
32.474,-0.0429515,-0.00306796,-0.00204253,-0.00265412
32.476,-0.0429515,-0.00306796,-0.00183828,-0.00238871
32.478,-0.0429515,-0.00306796,-0.00165445,-0.00214984
32.48,-0.0429515,-0.00306796,-0.00148901,-0.00193485
32.482,-0.0429515,0,-0.00134011,0.151657
32.484,-0.0429515,0,-0.0012061,0.136491
32.486,-0.0429515,0,-0.00108549,0.122842
32.488,-0.0429515,0,-0.000976938,0.110558
32.49,-0.0429515,0,-0.000879244,0.099502
32.492,-0.0429515,0,-0.00079132,0.0895518
32.494,-0.0429515,0,-0.000712188,0.0805966
32.496,-0.0429515,0,-0.000640969,0.0725369
32.498,-0.0429515,-0.00306796,-0.000576872,-0.0881148
32.5,-0.0429515,-0.00306796,-0.000519185,-0.0793034
32.502,-0.0429515,-0.00306796,-0.000467266,-0.071373
32.504,-0.0429515,-0.00306796,-0.00042054,-0.0642357
32.506,-0.0429515,-0.00306796,-0.000378486,-0.0578121
32.508,-0.0429515,-0.00306796,-0.000340637,-0.0520309
32.51,-0.0429515,-0.00306796,-0.000306573,-0.0468278
32.512,-0.0429515,-0.00306796,-0.000275916,-0.0421451
32.514,-0.0429515,-0.00306796,-0.000248324,-0.0379305
32.516,-0.0429515,-0.00306796,-0.000223492,-0.0341375
32.518,-0.0429515,-0.00306796,-0.000201143,-0.0307237
32.52,-0.0429515,-0.00306796,-0.000181029,-0.0276514
32.522,-0.0429515,-0.00306796,-0.000162926,-0.0248862
32.524,-0.0429515,-0.00306796,-0.000146633,-0.0223976
32.526,-0.0429515,-0.00306796,-0.00013197,-0.0201578
32.528,-0.0429515,-0.00306796,-0.000118773,-0.0181421
32.53,-0.0429515,-0.00306796,-0.000106896,-0.0163279
32.532,-0.0429515,-0.00306796,-9.6206e-05,-0.0146951
32.534,-0.0429515,-0.00306796,-8.65854e-05,-0.0132256
32.536,-0.0429515,-0.00306796,-7.79268e-05,-0.011903
32.538,-0.0429515,-0.00306796,-7.01342e-05,-0.0107127
32.54,-0.0429515,-0.00306796,-6.31207e-05,-0.00964144
32.542,-0.0429515,-0.00306796,-5.68087e-05,-0.00867729
32.544,-0.0429515,-0.00306796,-5.11278e-05,-0.00780956
32.546,-0.0429515,-0.00306796,-4.6015e-05,-0.00702861
32.548,-0.0429515,-0.00306796,-4.14135e-05,-0.00632575
32.55,-0.0429515,-0.00306796,-3.72722e-05,-0.00569317
32.552,-0.0429515,-0.00306796,-3.3545e-05,-0.00512385
32.554,-0.0429515,-0.00306796,-3.01905e-05,-0.00461147
32.556,-0.0429515,-0.00306796,-2.71714e-05,-0.00415032
32.558,-0.0429515,-0.00306796,-2.44543e-05,-0.00373529
32.56,-0.0429515,-0.00306796,-2.20088e-05,-0.00336176
32.562,-0.0429515,-0.00306796,-1.9808e-05,-0.00302558
32.564,-0.0429515,-0.00306796,-1.78272e-05,-0.00272303
32.566,-0.0429515,-0.00306796,-1.60444e-05,-0.00245072
32.568,-0.0429515,-0.00306796,-1.444e-05,-0.00220565
32.57,-0.0429515,-0.00306796,-1.2996e-05,-0.00198509
32.572,-0.0429515,-0.00306796,-1.16964e-05,-0.00178658
32.574,-0.0429515,-0.00306796,-1.05268e-05,-0.00160792
32.576,-0.0429515,-0.00306796,-9.47409e-06,-0.00144713
32.578,-0.0429515,-0.00306796,-8.52668e-06,-0.00130242
32.58,-0.0429515,-0.00306796,-7.67401e-06,-0.00117217
32.582,-0.0429515,-0.00306796,-6.90661e-06,-0.00105496
32.584,-0.0429515,-0.00306796,-6.21595e-06,-0.000949461
32.586,-0.0429515,-0.00306796,-5.59435e-06,-0.000854515
32.588,-0.0429515,-0.00306796,-5.03492e-06,-0.000769063
32.59,-0.0429515,-0.00306796,-4.53143e-06,-0.000692157
32.592,-0.0429515,-0.00306796,-4.07828e-06,-0.000622941
32.594,-0.0429515,-0.00306796,-3.67045e-06,-0.000560647
32.596,-0.0429515,-0.00306796,-3.30341e-06,-0.000504582
32.598,-0.0429515,-0.00306796,-2.97307e-06,-0.000454124
32.6,-0.0429515,-0.00306796,-2.67576e-06,-0.000408712
32.602,-0.0429515,-0.00306796,-2.40819e-06,-0.00036784
32.604,-0.0429515,-0.00306796,-2.16737e-06,-0.000331056
32.606,-0.0429515,-0.00306796,-1.95063e-06,-0.000297951
32.608,-0.0429515,-0.00306796,-1.75557e-06,-0.000268156
32.61,-0.0429515,-0.00306796,-1.58001e-06,-0.00024134
32.612,-0.0429515,-0.00306796,-1.42201e-06,-0.000217206
32.614,-0.0429515,-0.00306796,-1.27981e-06,-0.000195486
32.616,-0.0429515,-0.00306796,-1.15183e-06,-0.000175937
32.618,-0.0429515,-0.00306796,-1.03664e-06,-0.000158343
32.62,-0.0429515,-0.00306796,-9.3298e-07,-0.000142509
32.622,-0.0429515,-0.00306796,-8.39682e-07,-0.000128258
32.624,-0.0429515,-0.00306796,-7.55714e-07,-0.000115432
32.626,-0.0429515,-0.00306796,-6.80143e-07,-0.000103889
32.628,-0.0429515,-0.00306796,-6.12128e-07,-9.35001e-05
32.63,-0.0429515,-0.00306796,-5.50916e-07,-8.41501e-05
32.632,-0.0429515,-0.00306796,-4.95824e-07,-7.57351e-05
32.634,-0.0429515,-0.00306796,-4.46242e-07,-6.81616e-05
32.636,-0.0429515,-0.00306796,-4.01617e-07,-6.13454e-05
32.638,-0.0398835,-0.00306796,0.153398,-5.52109e-05
32.64,-0.0398835,-0.00306796,0.138058,-4.96898e-05
32.642,-0.0398835,-0.00306796,0.124252,-4.47208e-05
32.644,-0.0398835,-0.00306796,0.111827,-4.02487e-05
32.646,-0.0398835,-0.00306796,0.100644,-3.62239e-05
32.648,-0.0398835,-0.00306796,0.0905798,-3.26015e-05
32.65,-0.0398835,-0.00306796,0.0815218,-2.93413e-05
32.652,-0.0398835,-0.00306796,0.0733697,-2.64072e-05
32.654,-0.0398835,-0.00306796,0.0660327,-2.37665e-05
32.656,-0.0398835,-0.00306796,0.0594294,-2.13898e-05
32.658,-0.0398835,-0.00306796,0.0534865,-1.92508e-05
32.66,-0.0398835,-0.00306796,0.0481378,-1.73258e-05
32.662,-0.0398835,-0.00306796,0.043324,-1.55932e-05
32.664,-0.0398835,-0.00306796,0.0389916,-1.40339e-05
32.666,-0.0398835,-0.00306796,0.0350925,-1.26305e-05
32.668,-0.0398835,-0.00306796,0.0315832,-1.13674e-05
32.67,-0.0398835,-0.00306796,0.0284249,-1.02307e-05
32.672,-0.0398835,-0.00306796,0.0255824,-9.20762e-06
32.674,-0.0398835,-0.00306796,0.0230242,-8.28686e-06
32.676,-0.0398835,-0.00306796,0.0207218,-7.45817e-06
32.678,-0.0398835,-0.00306796,0.0186496,-6.71235e-06
32.68,-0.0398835,-0.00306796,0.0167846,-6.04112e-06
32.682,-0.0398835,-0.00306796,0.0151062,-5.43701e-06
32.684,-0.0398835,-0.00306796,0.0135955,-4.89331e-06
32.686,-0.0398835,-0.00306796,0.012236,-4.40398e-06
32.688,-0.0398835,-0.00306796,0.0110124,-3.96358e-06
32.69,-0.0398835,-0.00306796,0.00991115,-3.56722e-06
32.692,-0.0398835,-0.00306796,0.00892004,-3.2105e-06
32.694,-0.0398835,-0.00306796,0.00802803,-2.88945e-06
32.696,-0.0398835,-0.00306796,0.00722523,-2.6005e-06
32.698,-0.0398835,-0.00306796,0.00650271,-2.34045e-06
32.7,-0.0398835,-0.00306796,0.00585244,-2.10641e-06
32.702,-0.0398835,-0.00306796,0.00526719,-1.89577e-06
32.704,-0.0398835,-0.00306796,0.00474047,-1.70619e-06
32.706,-0.0398835,-0.00306796,0.00426643,-1.53557e-06
32.708,-0.0398835,-0.00306796,0.00383978,-1.38201e-06
32.71,-0.0398835,-0.00306796,0.00345581,-1.24381e-06
32.712,-0.0398835,-0.00306796,0.00311022,-1.11943e-06
32.714,-0.0398835,-0.00306796,0.0027992,-1.00749e-06
32.716,-0.0398835,-0.00306796,0.00251928,-9.0674e-07
32.718,-0.0398835,-0.00306796,0.00226735,-8.16066e-07
32.72,-0.0398835,-0.00306796,0.00204062,-7.34459e-07
32.722,-0.0398835,-0.00306796,0.00183656,-6.61013e-07
32.724,-0.0398835,-0.00306796,0.0016529,-5.94912e-07
32.726,-0.0398835,-0.00306796,0.00148761,-5.35421e-07
32.728,-0.0398835,-0.00306796,0.00133885,-4.81879e-07
32.73,-0.0398835,-0.00306796,0.00120496,-4.33691e-07
32.732,-0.0398835,-0.00306796,0.00108447,-3.90322e-07
32.734,-0.0398835,-0.00306796,0.000976021,-3.51289e-07
32.736,-0.0398835,-0.00306796,0.000878419,-3.16161e-07
32.738,-0.0398835,-0.00306796,0.000790577,-2.84544e-07
32.74,-0.0398835,-0.00306796,0.00071152,-2.5609e-07
32.742,-0.0398835,-0.00613592,0.000640368,-0.153398
32.744,-0.0398835,-0.00613592,0.000576331,-0.138058
32.746,-0.0398835,-0.00613592,0.000518698,-0.124253
32.748,-0.0398835,-0.00613592,0.000466828,-0.111827
32.75,-0.0398835,-0.00613592,0.000420145,-0.100645
32.752,-0.0398835,-0.00613592,0.000378131,-0.0905802
32.754,-0.0398835,-0.00613592,0.000340318,-0.0815222
32.756,-0.0398835,-0.00613592,0.000306286,-0.0733699
32.758,-0.0398835,-0.00613592,0.000275657,-0.0660329
32.76,-0.0398835,-0.00613592,0.000248092,-0.0594296
32.762,-0.0398835,-0.00613592,0.000223282,-0.0534867
32.764,-0.0398835,-0.00613592,0.000200954,-0.048138
32.766,-0.0398835,-0.00613592,0.000180859,-0.0433242
32.768,-0.0398835,-0.00306796,0.000162773,0.114406
32.77,-0.0368155,-0.00306796,0.153545,0.102966
32.772,-0.0368155,-0.00306796,0.13819,0.0926691
32.774,-0.0368155,-0.00306796,0.124371,0.0834022
32.776,-0.0368155,-0.00306796,0.111934,0.075062
32.778,-0.0368155,-0.00306796,0.100741,0.0675558
32.78,-0.0368155,-0.00306796,0.0906665,0.0608002
32.782,-0.0368155,-0.00306796,0.0815999,0.0547202
32.784,-0.0368155,-0.00306796,0.0734399,0.0492482
32.786,-0.0368155,-0.00306796,0.0660959,0.0443233
32.788,-0.0368155,-0.00306796,0.0594863,0.039891
32.79,-0.0368155,-0.00306796,0.0535377,0.0359019
32.792,-0.0368155,-0.00306796,0.0481839,0.0323117
32.794,-0.0337476,-0.00306796,0.196764,0.0290805
32.796,-0.0337476,-0.00306796,0.177087,0.0261725
32.798,-0.0337476,-0.00306796,0.159379,0.0235552
32.8,-0.0337476,-0.00306796,0.143441,0.0211997
32.802,-0.0337476,-0.00306796,0.129097,0.0190797
32.804,-0.0337476,-0.00306796,0.116187,0.0171718
32.806,-0.0337476,-0.00306796,0.104568,0.0154546
32.808,-0.0337476,-0.00306796,0.0941114,0.0139091
32.81,-0.0337476,-0.00306796,0.0847003,0.0125182
32.812,-0.0337476,-0.00306796,0.0762303,0.0112664
32.814,-0.0337476,-0.00306796,0.0686072,0.0101398
32.816,-0.0337476,0,0.0617465,0.162524
32.818,-0.0337476,0,0.0555719,0.146271
32.82,-0.0306796,0,0.203413,0.131644
32.822,-0.0306796,0,0.183071,0.11848
32.824,-0.0306796,0,0.164764,0.106632
32.826,-0.0306796,0,0.148288,0.0959687
32.828,-0.0306796,0,0.133459,0.0863718
32.83,-0.0306796,0,0.120113,0.0777347
32.832,-0.0306796,0,0.108102,0.0699612
32.834,-0.0306796,0,0.0972917,0.0629651
32.836,-0.0306796,-0.00306796,0.0875625,-0.0967295
32.838,-0.0306796,-0.00306796,0.0788063,-0.0870566
32.84,-0.0306796,-0.00306796,0.0709256,-0.0783509
32.842,-0.0306796,-0.00306796,0.0638331,-0.0705158
32.844,-0.0306796,-0.00306796,0.0574498,-0.0634642
32.846,-0.0306796,-0.00306796,0.0517048,-0.0571178
32.848,-0.0306796,-0.00306796,0.0465343,-0.051406
32.85,-0.0306796,-0.00306796,0.0418809,-0.0462654
32.852,-0.0306796,-0.00306796,0.0376928,-0.0416389
32.854,-0.0306796,-0.00306796,0.0339235,-0.037475
32.856,-0.0306796,-0.00306796,0.0305312,-0.0337275
32.858,-0.0276117,0,0.180876,0.123043
32.86,-0.0276117,0,0.162789,0.110739
32.862,-0.0276117,0,0.14651,0.0996651
32.864,-0.0276117,0,0.131859,0.0896986
32.866,-0.0276117,0,0.118673,0.0807287
32.868,-0.0276117,0,0.106806,0.0726559
32.87,-0.0276117,0,0.096125,0.0653903
32.872,-0.0276117,0,0.0865125,0.0588512
32.874,-0.0276117,0,0.0778612,0.0529661
32.876,-0.0276117,0,0.0700751,0.0476695
32.878,-0.0276117,0,0.0630676,0.0429026
32.88,-0.0276117,0,0.0567608,0.0386123
32.882,-0.0276117,0,0.0510848,0.0347511
32.884,-0.0276117,0,0.0459763,0.031276
32.886,-0.0276117,0,0.0413787,0.0281484
32.888,-0.0276117,0,0.0372408,0.0253335
32.89,-0.0276117,0,0.0335167,0.0228002
32.892,-0.0245437,0,0.183563,0.0205202
32.894,-0.0245437,0,0.165207,0.0184681
32.896,-0.0245437,0,0.148686,0.0166213
32.898,-0.0245437,0,0.133818,0.0149592
32.9,-0.0245437,0,0.120436,0.0134633
32.902,-0.0245437,0,0.108392,0.0121169
32.904,-0.0245437,0,0.097553,0.0109053
32.906,-0.0245437,0,0.0877977,0.00981473
32.908,-0.0245437,0,0.0790179,0.00883326
32.91,-0.0245437,0,0.0711161,0.00794993
32.912,-0.0245437,0,0.0640045,0.00715494
32.914,-0.0245437,0,0.0576041,0.00643944
32.916,-0.0245437,0,0.0518436,0.0057955
32.918,-0.0245437,0,0.0466593,0.00521595
32.92,-0.0245437,0,0.0419934,0.00469435
32.922,-0.0245437,0,0.037794,0.00422492
32.924,-0.0245437,0,0.0340146,0.00380243
32.926,-0.0245437,0,0.0306132,0.00342218
32.928,-0.0245437,0,0.0275518,0.00307997
32.93,-0.0245437,0,0.0247967,0.00277197
32.932,-0.0245437,-0.00306796,0.022317,-0.150903
32.934,-0.0214757,-0.00306796,0.173483,-0.135813
32.936,-0.0214757,-0.00306796,0.156135,-0.122232
32.938,-0.0214757,-0.00306796,0.140522,-0.110009
32.94,-0.0214757,-0.00306796,0.126469,-0.0990077
32.942,-0.0214757,-0.00306796,0.113822,-0.0891069
32.944,-0.0214757,-0.00306796,0.10244,-0.0801962
32.946,-0.0214757,-0.00306796,0.0921962,-0.0721766
32.948,-0.0214757,-0.00306796,0.0829766,-0.0649589
32.95,-0.0214757,-0.00306796,0.0746789,-0.058463
32.952,-0.0214757,0,0.067211,0.100781
32.954,-0.0184078,0,0.213888,0.0907032
32.956,-0.0184078,0,0.192499,0.0816329
32.958,-0.0184078,0,0.173249,0.0734696
32.96,-0.0184078,0,0.155924,0.0661226
32.962,-0.0184078,0,0.140332,0.0595104
32.964,-0.0184078,0,0.126299,0.0535593
32.966,-0.0184078,0,0.113669,0.0482034
32.968,-0.0184078,0,0.102302,0.0433831
32.97,-0.0153398,0,0.24547,0.0390448
32.972,-0.0153398,0.00306796,0.220923,0.188538
32.974,-0.0153398,0.00306796,0.198831,0.169685
32.976,-0.0153398,0.00306796,0.178948,0.152716
32.978,-0.0153398,0.00306796,0.161053,0.137444
32.98,-0.0153398,0.00306796,0.144947,0.1237
32.982,-0.0153398,0.00306796,0.130453,0.11133
32.984,-0.0153398,0.00306796,0.117407,0.100197
32.986,-0.0153398,0.00306796,0.105667,0.0901773
32.988,-0.0153398,0.00306796,0.0951,0.0811596
32.99,-0.0153398,0.00306796,0.08559,0.0730436
32.992,-0.0153398,0.00306796,0.077031,0.0657393
32.994,-0.0153398,0.00306796,0.0693279,0.0591653
32.996,-0.0153398,0.00306796,0.0623951,0.0532488
32.998,-0.0153398,0.00306796,0.0561556,0.0479239
33,-0.0122718,0.00306796,0.203938,0.0431315
33.002,-0.0122718,0.00306796,0.183544,0.0388184
33.004,-0.0122718,0.00306796,0.16519,0.0349365
33.006,-0.0122718,0.00306796,0.148671,0.0314429
33.008,-0.0122718,0.00306796,0.133804,0.0282986
33.01,-0.0122718,0.00306796,0.120423,0.0254687
33.012,-0.0122718,0.00306796,0.108381,0.0229219
33.014,-0.0122718,0.00306796,0.097543,0.0206297
33.016,-0.0122718,0.00306796,0.0877887,0.0185667
33.018,-0.0122718,0.00306796,0.0790098,0.01671
33.02,-0.0122718,0.00306796,0.0711088,0.015039
33.022,-0.0122718,0.00306796,0.063998,0.0135351
33.024,-0.0122718,0.00306796,0.0575982,0.0121816
33.026,-0.0122718,0.00306796,0.0518383,0.0109635
33.028,-0.0122718,0.00306796,0.0466545,0.00986711
33.03,-0.0122718,0.00306796,0.0419891,0.0088804
33.032,-0.0122718,0.00306796,0.0377901,0.00799236
33.034,-0.0122718,0.00306796,0.0340111,0.00719312
33.036,-0.0122718,0.00306796,0.03061,0.00647381
33.038,-0.0122718,0.00306796,0.027549,0.00582643
33.04,-0.0122718,0,0.0247941,-0.148154
33.042,-0.0122718,0,0.0223147,-0.133339
33.044,-0.0122718,0,0.0200832,-0.120005
33.046,-0.0122718,0,0.0180749,-0.108004
33.048,-0.0122718,0,0.0162674,-0.097204
33.05,-0.0122718,0,0.0146407,-0.0874836
33.052,-0.0122718,0,0.0131766,-0.0787353
33.054,-0.0122718,0,0.0118589,-0.0708617
33.056,-0.0122718,0,0.0106731,-0.0637756
33.058,-0.00920388,0,0.163004,-0.057398
33.06,-0.00920388,0,0.146703,-0.0516582
33.062,-0.00920388,0,0.132033,-0.0464924
33.064,-0.00920388,0,0.11883,-0.0418431
33.066,-0.00920388,0,0.106947,-0.0376588
33.068,-0.00920388,0,0.0962521,-0.0338929
33.07,-0.00920388,0,0.0866269,-0.0305037
33.072,-0.00920388,0,0.0779642,-0.0274533
33.074,-0.00920388,0,0.0701678,-0.024708
33.076,-0.00920388,0,0.063151,-0.0222372
33.078,-0.00920388,0,0.0568359,-0.0200134
33.08,-0.00920388,0,0.0511523,-0.0180121
33.082,-0.00920388,0,0.0460371,-0.0162109
33.084,-0.00920388,0.00306796,0.0414334,0.138808
33.086,-0.00920388,0.00306796,0.03729,0.124927
33.088,-0.00613592,0.00306796,0.186959,0.112435
33.09,-0.00613592,0.00306796,0.168263,0.101191
33.092,-0.00613592,0.00306796,0.151437,0.0910721
33.094,-0.00613592,0.00306796,0.136293,0.0819649
33.096,-0.00613592,0.00306796,0.122664,0.0737684
33.098,-0.00613592,0.00306796,0.110397,0.0663916
33.1,-0.00613592,0.00306796,0.0993577,0.0597524
33.102,-0.00613592,0.00306796,0.089422,0.0537772
33.104,-0.00613592,0.00306796,0.0804798,0.0483995
33.106,-0.00613592,0,0.0724318,-0.109839
33.108,-0.00613592,0,0.0651886,-0.0988547
33.11,-0.00613592,0,0.0586698,-0.0889692
33.112,-0.00613592,0,0.0528028,-0.0800723
33.114,-0.00613592,0,0.0475225,-0.0720651
33.116,-0.00613592,0,0.0427703,-0.0648586
33.118,-0.00613592,0,0.0384932,-0.0583727
33.12,-0.00613592,0,0.0346439,-0.0525354
33.122,-0.00613592,0,0.0311795,-0.0472819
33.124,-0.00613592,0,0.0280616,-0.0425537
33.126,-0.00613592,0,0.0252554,-0.0382983
33.128,-0.00613592,0,0.0227299,-0.0344685
33.13,-0.00613592,0,0.0204569,-0.0310217
33.132,-0.00613592,0,0.0184112,-0.0279195
33.134,-0.00613592,0,0.0165701,-0.0251275
33.136,-0.00613592,0,0.0149131,-0.0226148
33.138,-0.00613592,0,0.0134218,-0.0203533
33.14,-0.00613592,0,0.0120796,-0.018318
33.142,-0.00613592,0,0.0108716,-0.0164862
33.144,-0.00613592,0,0.00978446,-0.0148376
33.146,-0.00613592,0,0.00880602,-0.0133538
33.148,-0.00613592,0,0.00792541,-0.0120184
33.15,-0.00613592,0,0.00713287,-0.0108166
33.152,-0.00613592,0,0.00641959,-0.00973492
33.154,-0.00613592,0,0.00577763,-0.00876143
33.156,-0.00613592,0,0.00519986,-0.00788529
33.158,-0.00613592,0,0.00467988,-0.00709676
33.16,-0.00613592,0,0.00421189,-0.00638708
33.162,-0.00613592,0,0.0037907,-0.00574838
33.164,-0.00613592,0,0.00341163,-0.00517354
33.166,-0.00613592,0,0.00307047,-0.00465618
33.168,-0.00613592,0,0.00276342,-0.00419057
33.17,-0.00613592,0,0.00248708,-0.00377151
33.172,-0.00613592,0,0.00223837,-0.00339436
33.174,-0.00613592,0,0.00201453,-0.00305492
33.176,-0.00613592,0,0.00181308,-0.00274943
33.178,-0.00613592,0,0.00163177,-0.00247449
33.18,-0.00613592,0,0.0014686,-0.00222704
33.182,-0.00613592,0,0.00132174,-0.00200433
33.184,-0.00613592,0,0.00118956,-0.0018039
33.186,-0.00613592,0,0.00107061,-0.00162351
33.188,-0.00613592,0,0.000963545,-0.00146116
33.19,-0.00613592,0,0.000867191,-0.00131504
33.192,-0.00613592,0,0.000780472,-0.00118354
33.194,-0.00613592,0,0.000702425,-0.00106519
33.196,-0.00613592,0,0.000632182,-0.000958667
33.198,-0.00613592,0,0.000568964,-0.0008628
33.2,-0.00613592,0,0.000512067,-0.00077652
33.202,-0.00613592,-0.00306796,0.000460861,-0.154097
33.204,-0.00613592,-0.00306796,0.000414775,-0.138687
33.206,-0.00613592,-0.00306796,0.000373297,-0.124819
33.208,-0.00613592,-0.00306796,0.000335967,-0.112337
33.21,-0.00613592,-0.00306796,0.000302371,-0.101103
33.212,-0.00613592,-0.00306796,0.000272134,-0.0909927
33.214,-0.00613592,-0.00306796,0.00024492,-0.0818934
33.216,-0.00613592,-0.00306796,0.000220428,-0.0737041
33.218,-0.00306796,-0.00306796,0.153596,-0.0663337
33.22,-0.00306796,-0.00306796,0.138237,-0.0597003
33.222,-0.00306796,-0.00306796,0.124413,-0.0537303
33.224,-0.00306796,-0.00306796,0.111972,-0.0483573
33.226,-0.00306796,0,0.100775,0.109877
33.228,-0.00306796,0,0.0906972,0.0988889
33.23,-0.00306796,0,0.0816275,0.089
33.232,-0.00306796,0,0.0734647,0.0801
33.234,-0.00306796,0,0.0661182,0.07209
33.236,-0.00306796,0,0.0595064,0.064881
33.238,-0.00306796,0,0.0535558,0.0583929
33.24,-0.00306796,0,0.0482002,0.0525536
33.242,-0.00306796,0,0.0433802,0.0472983
33.244,-0,0,0.19244,0.0425684
33.246,-0,0.00306796,0.173196,0.19171
33.248,-0,0.00306796,0.155877,0.172539
33.25,-0,0.00306796,0.140289,0.155285
33.252,-0,0.00306796,0.12626,0.139756
33.254,-0,0.00306796,0.113634,0.125781
33.256,-0,0.00306796,0.102271,0.113203
33.258,-0,0.00306796,0.0920436,0.101882
33.26,-0,0.00306796,0.0828392,0.0916941
33.262,-0,0.00306796,0.0745553,0.0825247
33.264,-0,0.00306796,0.0670998,0.0742723
33.266,-0,0.00306796,0.0603898,0.066845
33.268,-0,0.00306796,0.0543508,0.0601605
33.27,-0,0.00306796,0.0489157,0.0541445
33.272,-0,0.00306796,0.0440242,0.04873
33.274,-0,0.00306796,0.0396217,0.043857
33.276,-0,0.00306796,0.0356596,0.0394713
33.278,-0,0.00306796,0.0320936,0.0355242
33.28,-0,0.00306796,0.0288842,0.0319718
33.282,-0,0,0.0259958,-0.124623
33.284,-0,0,0.0233962,-0.112161
33.286,-0,0,0.0210566,-0.100945
33.288,-0,0,0.018951,-0.0908505
33.29,-0,0,0.0170559,-0.0817655
33.292,-0,0,0.0153503,-0.0735889
33.294,-0,0,0.0138152,-0.06623
33.296,-0,0,0.0124337,-0.059607
33.298,-0,0,0.0111903,-0.0536463
33.3,-0,0,0.0100713,-0.0482817
33.302,-0,0,0.00906418,-0.0434535
33.304,-0,0,0.00815776,-0.0391082
33.306,-0,0,0.00734199,-0.0351974
33.308,-0,0,0.00660779,-0.0316776
33.31,-0,0,0.00594701,-0.0285099
33.312,-0,0,0.00535231,-0.0256589
33.314,-0,0,0.00481708,-0.023093
33.316,-0,0,0.00433537,-0.0207837
33.318,-0,0,0.00390183,-0.0187053
33.32,-0,0,0.00351165,-0.0168348
33.322,-0,0,0.00316049,-0.0151513
33.324,-0,0,0.00284444,-0.0136362
33.326,-0,0,0.00255999,-0.0122726
33.328,-0,0,0.00230399,-0.0110453
33.33,-0,0,0.00207359,-0.00994077
33.332,-0,0,0.00186623,-0.0089467
33.334,-0,0,0.00167961,-0.00805203
33.336,-0,0,0.00151165,-0.00724682
33.338,-0,0,0.00136049,-0.00652214
33.34,-0,0,0.00122444,-0.00586993
33.342,-0,0,0.00110199,-0.00528293
33.344,-0,0,0.000991794,-0.00475464
33.346,-0,0,0.000892614,-0.00427918
33.348,-0,0,0.000803353,-0.00385126
33.35,-0,0,0.000723018,-0.00346613
33.352,-0,0,0.000650716,-0.00311952
33.354,-0,0,0.000585644,-0.00280757
33.356,-0,0,0.00052708,-0.00252681
33.358,-0,0,0.000474372,-0.00227413
33.36,-0,0,0.000426935,-0.00204672
33.362,-0,0,0.000384241,-0.00184205
33.364,-0,0,0.000345817,-0.00165784
33.366,-0,0,0.000311235,-0.00149206
33.368,-0,0,0.000280112,-0.00134285
33.37,-0,0,0.000252101,-0.00120857
33.372,-0,0,0.000226891,-0.00108771
33.374,-0,0,0.000204202,-0.000978938
33.376,-0,0,0.000183781,-0.000881044
33.378,-0,0,0.000165403,-0.00079294
33.38,-0,0,0.000148863,-0.000713646
33.382,-0,0,0.000133977,-0.000642281
33.384,-0,0,0.000120579,-0.000578053
33.386,-0,0,0.000108521,-0.000520248
33.388,-0,0,9.7669e-05,-0.000468223
33.39,-0,0,8.79021e-05,-0.000421401
33.392,-0,0,7.91119e-05,-0.000379261
33.394,-0,0,7.12007e-05,-0.000341335
33.396,-0,0,6.40806e-05,-0.000307201
33.398,-0,0,5.76725e-05,-0.000276481
33.4,-0,0,5.19053e-05,-0.000248833
33.402,-0,0,4.67148e-05,-0.00022395
33.404,-0,0,4.20433e-05,-0.000201555
33.406,-0,-0.00306796,3.7839e-05,-0.153579
33.408,-0,-0.00306796,3.40551e-05,-0.138222
33.41,-0,-0.00306796,3.06496e-05,-0.124399
33.412,-0,-0.00306796,2.75846e-05,-0.111959
33.414,-0,-0.00306796,2.48261e-05,-0.100763
33.416,-0,-0.00306796,2.23435e-05,-0.0906871
33.418,-0,-0.00306796,2.01092e-05,-0.0816184
33.42,-0,-0.00306796,1.80983e-05,-0.0734566
33.422,-0,-0.00306796,1.62884e-05,-0.0661109
33.424,-0,-0.00306796,1.46596e-05,-0.0594998
33.426,-0,0,1.31936e-05,0.0998482
33.428,0.00306796,0,0.15341,0.0898634
33.43,0.00306796,0,0.138069,0.0808771
33.432,0.00306796,0,0.124262,0.0727894
33.434,0.00306796,0,0.111836,0.0655104
33.436,0.00306796,0,0.100652,0.0589594
33.438,0.00306796,0,0.090587,0.0530634
33.44,0.00306796,0,0.0815283,0.0477571
33.442,0.00306796,0,0.0733755,0.0429814
33.444,0.00306796,0,0.066038,0.0386832
33.446,0.00306796,0,0.0594342,0.0348149
33.448,0.00306796,0,0.0534907,0.0313334
33.45,0.00306796,0,0.0481417,0.0282001
33.452,0.00306796,0,0.0433275,0.0253801
33.454,0.00306796,0,0.0389948,0.0228421
33.456,0.00306796,0,0.0350953,0.0205579
33.458,0.00306796,0,0.0315857,0.0185021
33.46,0.00306796,0,0.0284272,0.0166519
33.462,0.00306796,0,0.0255845,0.0149867
33.464,0.00306796,0,0.023026,0.013488
33.466,0.00306796,0,0.0207234,0.0121392
33.468,0.00306796,0,0.0186511,0.0109253
33.47,0.00306796,0,0.016786,0.00983276
33.472,0.00306796,0,0.0151074,0.00884949
33.474,0.00306796,0,0.0135966,0.00796454
33.476,0.00306796,0,0.012237,0.00716808
33.478,0.00306796,0,0.0110133,0.00645128
33.48,0.00306796,0,0.00991194,0.00580615
33.482,0.00306796,0,0.00892075,0.00522553
33.484,0.00306796,0,0.00802867,0.00470298
33.486,0.00306796,0,0.00722581,0.00423268
33.488,0.00306796,0,0.00650323,0.00380941
33.49,0.00306796,0,0.0058529,0.00342847
33.492,0.00306796,0,0.00526761,0.00308563
33.494,0.00306796,0,0.00474085,0.00277706
33.496,0.00306796,0,0.00426677,0.00249936
33.498,0.00306796,0,0.00384009,0.00224942
33.5,0.00306796,0,0.00345608,0.00202448
33.502,0.00306796,0,0.00311047,0.00182203
33.504,0.00306796,0,0.00279943,0.00163983
33.506,0.00306796,0,0.00251948,0.00147584
33.508,0.00306796,0,0.00226753,0.00132826
33.51,0.00306796,0,0.00204078,0.00119543
33.512,0.00306796,0,0.0018367,0.00107589
33.514,0.00306796,0,0.00165303,0.000968302
33.516,0.00306796,0,0.00148773,0.000871472
33.518,0.00306796,0,0.00133896,0.000784325
33.52,0.00306796,0,0.00120506,0.000705892
33.522,0.00306796,0,0.00108455,0.000635303
33.524,0.00306796,0,0.000976099,0.000571773
33.526,0.00306796,0,0.000878489,0.000514595
33.528,0.00306796,0,0.00079064,0.000463136
33.53,0.00306796,0,0.000711576,0.000416822
33.532,0.00306796,0,0.000640419,0.00037514
33.534,0.00306796,0,0.000576377,0.000337626
33.536,0.00306796,0,0.000518739,0.000303863
33.538,0.00306796,0,0.000466865,0.000273477
33.54,0.00306796,0,0.000420179,0.000246129
33.542,0.00306796,0,0.000378161,0.000221516
33.544,0.00306796,0,0.000340345,0.000199365
33.546,0.00306796,0,0.00030631,0.000179428
33.548,0.00306796,0,0.000275679,0.000161485
33.55,0.00306796,0,0.000248111,0.000145337
33.552,0.00306796,0,0.0002233,0.000130803
33.554,0.00306796,0,0.00020097,0.000117723
33.556,0.00306796,0,0.000180873,0.000105951
33.558,0.00306796,0,0.000162786,9.53556e-05
33.56,0.00306796,0,0.000146507,8.582e-05
33.562,0.00306796,0,0.000131857,7.7238e-05
33.564,0.00306796,-0.00306796,0.000118671,-0.153329
33.566,0.00306796,-0.00306796,0.000106804,-0.137996
33.568,0.00306796,-0.00306796,9.61234e-05,-0.124196
33.57,0.00306796,-0.00306796,8.65111e-05,-0.111777
33.572,0.00306796,-0.00306796,7.786e-05,-0.100599
33.574,0.00306796,-0.00306796,7.0074e-05,-0.090539
33.576,0.00306796,-0.00306796,6.30666e-05,-0.0814851
33.578,0.00306796,-0.00306796,5.67599e-05,-0.0733366
33.58,0.00306796,-0.00306796,5.10839e-05,-0.0660029
33.582,0.00306796,-0.00306796,4.59755e-05,-0.0594026
33.584,0.00613592,0,0.153439,0.0999357
33.586,0.00613592,0,0.138096,0.0899421
33.588,0.00613592,0,0.124286,0.0809479
33.59,0.00613592,0,0.111857,0.0728531
33.592,0.00613592,0,0.100672,0.0655678
33.594,0.00613592,0,0.0906045,0.059011
33.596,0.00613592,0,0.081544,0.0531099
33.598,0.00613592,0,0.0733896,0.0477989
33.6,0.00613592,0,0.0660507,0.043019
33.602,0.00613592,0,0.0594456,0.0387171
33.604,0.00613592,0,0.053501,0.0348454
33.606,0.00613592,0,0.0481509,0.0313609
33.608,0.00613592,0,0.0433358,0.0282248
33.61,0.00613592,0,0.0390023,0.0254023
33.612,0.00613592,0,0.035102,0.0228621
33.614,0.00613592,0,0.0315918,0.0205759
33.616,0.00613592,0,0.0284326,0.0185183
33.618,0.00613592,0,0.0255894,0.0166665
33.62,0.00613592,0,0.0230304,0.0149998
33.622,0.00613592,0,0.0207274,0.0134998
33.624,0.00613592,0,0.0186547,0.0121498
33.626,0.00613592,0,0.0167892,0.0109349
33.628,0.00613592,0,0.0151103,0.00984138
33.63,0.00613592,0,0.0135992,0.00885724
33.632,0.00613592,0,0.0122393,0.00797152
33.634,0.00613592,0,0.0110154,0.00717436
33.636,0.00613592,0,0.00991385,0.00645693
33.638,0.00613592,0,0.00892246,0.00581124
33.64,0.00613592,0,0.00803022,0.00523011
33.642,0.00613592,0,0.0072272,0.0047071
33.644,0.00613592,0,0.00650448,0.00423639
33.646,0.00613592,0,0.00585403,0.00381275
33.648,0.00613592,0,0.00526863,0.00343148
33.65,0.00613592,0,0.00474176,0.00308833
33.652,0.00613592,0,0.00426759,0.0027795
33.654,0.00613592,0,0.00384083,0.00250155
33.656,0.00613592,0,0.00345675,0.00225139
33.658,0.00613592,0,0.00311107,0.00202625
33.66,0.00613592,0,0.00279996,0.00182363
33.662,0.00613592,0,0.00251997,0.00164126
33.664,0.00613592,0,0.00226797,0.00147714
33.666,0.00613592,0,0.00204117,0.00132942
33.668,0.00613592,0,0.00183706,0.00119648
33.67,0.00613592,0,0.00165335,0.00107683
33.672,0.00613592,0,0.00148802,0.00096915
33.674,0.00613592,0,0.00133921,0.000872235
33.676,0.00613592,0,0.00120529,0.000785012
33.678,0.00613592,0,0.00108476,0.000706511
33.68,0.00613592,0,0.000976287,0.00063586
33.682,0.00613592,0,0.000878658,0.000572274
33.684,0.00613592,0,0.000790792,0.000515046
33.686,0.00613592,0,0.000711713,0.000463542
33.688,0.00613592,0,0.000640542,0.000417187
33.69,0.00613592,0,0.000576488,0.000375469
33.692,0.00613592,0,0.000518839,0.000337922
33.694,0.00613592,0,0.000466955,0.00030413
33.696,0.00613592,0,0.00042026,0.000273717
33.698,0.00613592,0,0.000378234,0.000246345
33.7,0.00613592,0,0.00034041,0.000221711
33.702,0.00613592,0,0.000306369,0.000199539
33.704,0.00613592,0,0.000275732,0.000179586
33.706,0.00613592,0,0.000248159,0.000161627
33.708,0.00613592,0,0.000223343,0.000145464
33.71,0.00613592,0,0.000201009,0.000130918
33.712,0.00613592,0,0.000180908,0.000117826
33.714,0.00613592,0,0.000162817,0.000106043
33.716,0.00613592,0,0.000146535,9.54391e-05
33.718,0.00613592,0,0.000131882,8.58952e-05
33.72,0.00613592,0,0.000118694,7.73057e-05
33.722,0.00613592,0,0.000106824,6.95751e-05
33.724,0.00613592,0,9.61419e-05,6.26176e-05
33.726,0.00613592,0,8.65277e-05,5.63558e-05
33.728,0.00613592,0,7.78749e-05,5.07203e-05
33.73,0.00613592,0,7.00874e-05,4.56482e-05
33.732,0.00613592,0,6.30787e-05,4.10834e-05
33.734,0.00613592,0,5.67708e-05,3.69751e-05
33.736,0.00613592,0,5.10937e-05,3.32776e-05
33.738,0.00613592,0,4.59844e-05,2.99498e-05
33.74,0.00613592,0,4.13859e-05,2.69548e-05
33.742,0.00613592,0,3.72473e-05,2.42593e-05
33.744,0.00613592,0,3.35226e-05,2.18334e-05
33.746,0.00613592,0,3.01703e-05,1.96501e-05
33.748,0.00613592,0,2.71533e-05,1.76851e-05
33.75,0.00613592,0,2.4438e-05,1.59166e-05
33.752,0.00613592,0,2.19942e-05,1.43249e-05
33.754,0.00613592,0,1.97948e-05,1.28924e-05
33.756,0.00613592,0,1.78153e-05,1.16032e-05
33.758,0.00613592,0,1.60338e-05,1.04429e-05
33.76,0.00613592,0,1.44304e-05,9.39857e-06
33.762,0.00613592,0,1.29873e-05,8.45871e-06
33.764,0.00613592,0,1.16886e-05,7.61284e-06
33.766,0.00613592,0,1.05197e-05,6.85155e-06
33.768,0.00613592,0,9.46777e-06,6.1664e-06
33.77,0.00613592,0,8.521e-06,5.54976e-06
33.772,0.00613592,0,7.6689e-06,4.99478e-06
33.774,0.00613592,0,6.90201e-06,4.4953e-06
33.776,0.00613592,0,6.21181e-06,4.04577e-06
33.778,0.00613592,0,5.59063e-06,3.6412e-06
33.78,0.00613592,0,5.03156e-06,3.27708e-06
33.782,0.00613592,0,4.52841e-06,2.94937e-06
33.784,0.00613592,0,4.07557e-06,2.65443e-06
33.786,0.00613592,0,3.66801e-06,2.38899e-06
33.788,0.00613592,0,3.30121e-06,2.15009e-06
33.79,0.00613592,0,2.97109e-06,1.93508e-06
33.792,0.00613592,0,2.67398e-06,1.74157e-06
33.794,0.00613592,0,2.40658e-06,1.56742e-06
33.796,0.00613592,0,2.16592e-06,1.41067e-06
33.798,0.00613592,0,1.94933e-06,1.26961e-06
33.8,0.00613592,0,1.7544e-06,1.14265e-06
33.802,0.00613592,0,1.57896e-06,1.02838e-06
33.804,0.00613592,0,1.42106e-06,9.25543e-07
33.806,0.00613592,0,1.27896e-06,8.32989e-07
33.808,0.00613592,0,1.15106e-06,7.4969e-07
33.81,0.00613592,0,1.03595e-06,6.74721e-07
33.812,0.00613592,0,9.32359e-07,6.07249e-07
33.814,0.00613592,0,8.39123e-07,5.46524e-07
33.816,0.00613592,0,7.55211e-07,4.91872e-07
33.818,0.00613592,0,6.7969e-07,4.42685e-07
33.82,0.00613592,0,6.11721e-07,3.98416e-07
33.822,0.00613592,0,5.50549e-07,3.58574e-07
33.824,0.00613592,0,4.95494e-07,3.22717e-07
33.826,0.00613592,0,4.45944e-07,2.90445e-07
33.828,0.00613592,0.00306796,4.0135e-07,0.153398
33.83,0.00613592,0.00306796,3.61215e-07,0.138059
33.832,0.00613592,0.00306796,3.25093e-07,0.124253
33.834,0.00613592,0.00306796,2.92584e-07,0.111827
33.836,0.00613592,0.00306796,2.63326e-07,0.100645
33.838,0.00613592,0.00306796,2.36993e-07,0.0905802
33.84,0.00613592,0,2.13294e-07,-0.0718759
33.842,0.00613592,0,1.91964e-07,-0.0646883
33.844,0.00613592,0,1.72768e-07,-0.0582195
33.846,0.00613592,0,1.55491e-07,-0.0523975
33.848,0.00613592,0,1.39942e-07,-0.0471578
33.85,0.00613592,0,1.25948e-07,-0.042442
33.852,0.00613592,0,1.13353e-07,-0.0381978
33.854,0.00613592,0,1.02018e-07,-0.034378
33.856,0.00613592,0,9.1816e-08,-0.0309402
33.858,0.00613592,0,8.26344e-08,-0.0278462
33.86,0.00613592,0,7.4371e-08,-0.0250616
33.862,0.00613592,0,6.69339e-08,-0.0225554
33.864,0.00613592,0,6.02405e-08,-0.0202999
33.866,0.00306796,0,-0.153398,-0.0182699
33.868,0.00306796,0,-0.138058,-0.0164429
33.87,0.00306796,0,-0.124252,-0.0147986
33.872,0.00306796,0,-0.111827,-0.0133188
33.874,0.00306796,0,-0.100644,-0.0119869
33.876,0.00306796,0,-0.09058,-0.0107882
33.878,0.00306796,0,-0.081522,-0.00970937
33.88,0.00306796,0,-0.0733698,-0.00873843
33.882,0.00306796,0,-0.0660328,-0.00786459
33.884,0.00306796,0,-0.0594295,-0.00707813
33.886,0.00306796,0,-0.0534866,-0.00637032
33.888,0.00306796,0,-0.0481379,-0.00573329
33.89,0.00306796,0,-0.0433241,-0.00515996
33.892,0.00306796,0,-0.0389917,-0.00464396
33.894,0.00306796,0,-0.0350925,-0.00417957
33.896,0.00306796,0,-0.0315833,-0.00376161
33.898,0.00306796,0,-0.028425,-0.00338545
33.9,0.00306796,0,-0.0255825,-0.0030469
33.902,0.00306796,0,-0.0230242,-0.00274221
33.904,0.00306796,0,-0.0207218,-0.00246799
33.906,0.00306796,0,-0.0186496,-0.00222119
33.908,0.00306796,0,-0.0167847,-0.00199907
33.91,0.00306796,0,-0.0151062,-0.00179917
33.912,0.00306796,0,-0.0135956,-0.00161925
33.914,0.00306796,0,-0.012236,-0.00145732
33.916,0.00306796,0,-0.0110124,-0.00131159
33.918,0.00306796,0,-0.00991117,-0.00118043
33.92,0.00306796,0,-0.00892005,-0.00106239
33.922,0.00306796,0,-0.00802805,-0.00095615
33.924,0.00306796,0,-0.00722524,-0.000860535
33.926,0.00306796,0,-0.00650272,-0.000774482
33.928,0.00306796,0,-0.00585245,-0.000697034
33.93,0.00306796,0,-0.0052672,-0.00062733
33.932,0.00306796,0,-0.00474048,-0.000564597
33.934,0.00306796,0,-0.00426643,-0.000508138
33.936,0.00306796,0,-0.00383979,-0.000457324
33.938,0.00306796,0,-0.00345581,-0.000411591
33.94,0.00306796,0,-0.00311023,-0.000370432
33.942,0.00306796,0,-0.00279921,-0.000333389
33.944,0.00306796,0,-0.00251929,-0.00030005
33.946,0.00306796,0,-0.00226736,-0.000270045
33.948,0.00306796,0,-0.00204062,-0.000243041
33.95,0.00306796,0.00306796,-0.00183656,0.153179
33.952,0.00306796,0.00306796,-0.0016529,0.137861
33.954,0.00306796,0.00306796,-0.00148761,0.124075
33.956,0.00306796,0.00306796,-0.00133885,0.111668
33.958,0.00306796,0.00306796,-0.00120497,0.100501
33.96,0.00306796,0.00306796,-0.00108447,0.0904509
33.962,0.00306796,0.00306796,-0.000976023,0.0814058
33.964,0.00306796,0,-0.000878421,-0.0801329
33.966,0.00306796,0,-0.000790579,-0.0721196
33.968,0.00306796,0,-0.000711521,-0.0649076
33.97,0.00306796,0,-0.000640369,-0.0584169
33.972,-0,0,-0.153974,-0.0525752
33.974,-0,0,-0.138577,-0.0473177
33.976,-0,0,-0.124719,-0.0425859
33.978,-0,0,-0.112247,-0.0383273
33.98,-0,0,-0.101023,-0.0344946
33.982,-0,0,-0.0909203,-0.0310451
33.984,-0,0,-0.0818283,-0.0279406
33.986,-0,0,-0.0736455,-0.0251465
33.988,-0,0,-0.0662809,-0.0226319
33.99,-0,0,-0.0596528,-0.0203687
33.992,-0,0,-0.0536876,-0.0183318
33.994,-0,0,-0.0483188,-0.0164986
33.996,-0,0,-0.0434869,-0.0148488
33.998,-0,0,-0.0391382,-0.0133639
34,-0,0,-0.0352244,-0.0120275
34.002,-0,0,-0.031702,-0.0108248
34.004,-0,0,-0.0285318,-0.00974229
34.006,-0,0,-0.0256786,-0.00876806
34.008,-0,0,-0.0231107,-0.00789125
34.01,-0,0,-0.0207997,-0.00710213
34.012,-0,0,-0.0187197,-0.00639191
34.014,-0,0,-0.0168477,-0.00575272
34.016,-0,0,-0.015163,-0.00517745
34.018,-0,0,-0.0136467,-0.00465971
34.02,-0,0,-0.012282,-0.00419374
34.022,-0,0,-0.0110538,-0.00377436
34.024,-0,0,-0.00994841,-0.00339693
34.026,-0,0,-0.00895357,-0.00305723
34.028,-0,0,-0.00805821,-0.00275151
34.03,-0,0,-0.00725239,-0.00247636
34.032,-0,0,-0.00652715,-0.00222872
34.034,-0,0,-0.00587444,-0.00200585
34.036,-0.00306796,0,-0.158685,-0.00180527
34.038,-0.00306796,0,-0.142817,-0.00162474
34.04,-0.00306796,0,-0.128535,-0.00146226
34.042,-0.00306796,0,-0.115681,-0.00131604
34.044,-0.00306796,0,-0.104113,-0.00118443
34.046,-0.00306796,0,-0.0937019,-0.00106599
34.048,-0.00306796,0,-0.0843318,-0.000959392
34.05,-0.00306796,0,-0.0758986,-0.000863453
34.052,-0.00306796,0,-0.0683087,-0.000777108
34.054,-0.00306796,0,-0.0614778,-0.000699397
34.056,-0.00306796,0,-0.0553301,-0.000629457
34.058,-0.00306796,0.00306796,-0.0497971,0.152832
34.06,-0.00306796,0.00306796,-0.0448174,0.137548
34.062,-0.00306796,0.00306796,-0.0403356,0.123794
34.064,-0.00306796,0.00306796,-0.0363021,0.111414
34.066,-0.00306796,0.00306796,-0.0326718,0.100273
34.068,-0.00306796,0.00306796,-0.0294047,0.0902455
34.07,-0.00306796,0.00306796,-0.0264642,0.081221
34.072,-0.00306796,0.00306796,-0.0238178,0.0730989
34.074,-0.00306796,0.00306796,-0.021436,0.065789
34.076,-0.00306796,0,-0.0192924,-0.094188
34.078,-0.00306796,0,-0.0173632,-0.0847692
34.08,-0.00306796,0,-0.0156268,-0.0762923
34.082,-0.00306796,0,-0.0140642,-0.0686631
34.084,-0.00306796,0,-0.0126577,-0.0617967
34.086,-0.00306796,0,-0.011392,-0.0556171
34.088,-0.00306796,0,-0.0102528,-0.0500554
34.09,-0.00306796,0,-0.0092275,-0.0450498
34.092,-0.00306796,0,-0.00830475,-0.0405448
34.094,-0.00306796,0,-0.00747427,-0.0364904
34.096,-0.00306796,0,-0.00672684,-0.0328413
34.098,-0.00613592,0,-0.159452,-0.0295572
34.1,-0.00613592,0,-0.143507,-0.0266015
34.102,-0.00613592,0,-0.129156,-0.0239413
34.104,-0.00613592,0,-0.116241,-0.0215472
34.106,-0.00613592,0,-0.104617,-0.0193925
34.108,-0.00613592,0,-0.094155,-0.0174532
34.11,-0.00613592,0,-0.0847395,-0.0157079
34.112,-0.00613592,0,-0.0762655,-0.0141371
34.114,-0.00613592,0,-0.068639,-0.0127234
34.116,-0.00613592,0,-0.0617751,-0.0114511
34.118,-0.00613592,0,-0.0555976,-0.010306
34.12,-0.00613592,0,-0.0500378,-0.00927536
34.122,-0.00613592,0,-0.045034,-0.00834782
34.124,-0.00613592,0,-0.0405306,-0.00751304
34.126,-0.00613592,0,-0.0364776,-0.00676174
34.128,-0.00613592,0,-0.0328298,-0.00608556
34.13,-0.00613592,0,-0.0295468,-0.00547701
34.132,-0.00613592,0,-0.0265921,-0.00492931
34.134,-0.00613592,0,-0.0239329,-0.00443638
34.136,-0.00613592,0,-0.0215396,-0.00399274
34.138,-0.00613592,0,-0.0193857,-0.00359346
34.14,-0.00613592,0,-0.0174471,-0.00323412
34.142,-0.00613592,0,-0.0157024,-0.00291071
34.144,-0.00613592,0,-0.0141322,-0.00261964
34.146,-0.00613592,0,-0.0127189,-0.00235767
34.148,-0.00613592,0,-0.011447,-0.0021219
34.15,-0.00613592,0,-0.0103023,-0.00190971
34.152,-0.00613592,0,-0.00927211,-0.00171874
34.154,-0.00613592,0,-0.0083449,-0.00154687
34.156,-0.00613592,0,-0.00751041,-0.00139218
34.158,-0.00613592,0.00306796,-0.00675937,0.152145
34.16,-0.00613592,0.00306796,-0.00608343,0.136931
34.162,-0.00613592,0.00306796,-0.00547509,0.123238
34.164,-0.00613592,0.00306796,-0.00492758,0.110914
34.166,-0.00613592,0.00306796,-0.00443482,0.0998224
34.168,-0.00613592,0.00306796,-0.00399134,0.0898402
34.17,-0.00613592,0.00306796,-0.0035922,0.0808562
34.172,-0.00613592,0.00306796,-0.00323298,0.0727705
34.174,-0.00613592,0.00306796,-0.00290969,0.0654935
34.176,-0.00613592,0.00306796,-0.00261872,0.0589441
34.178,-0.00613592,0.00306796,-0.00235684,0.0530497
34.18,-0.00920388,0.00306796,-0.155519,0.0477447
34.182,-0.00920388,0.00306796,-0.139967,0.0429703
34.184,-0.00920388,0.00306796,-0.125971,0.0386732
34.186,-0.00920388,0,-0.113374,-0.118592
34.188,-0.00920388,0,-0.102036,-0.106733
34.19,-0.00920388,0,-0.0918326,-0.0960596
34.192,-0.00920388,0,-0.0826493,-0.0864537
34.194,-0.00920388,0,-0.0743844,-0.0778083
34.196,-0.00920388,0,-0.0669459,-0.0700275
34.198,-0.0122718,0,-0.213649,-0.0630247
34.2,-0.0122718,0,-0.192284,-0.0567223
34.202,-0.0122718,0,-0.173056,-0.05105
34.204,-0.0122718,0,-0.15575,-0.045945
34.206,-0.0122718,0,-0.140175,-0.0413505
34.208,-0.0122718,0,-0.126158,-0.0372155
34.21,-0.0122718,0,-0.113542,-0.0334939
34.212,-0.0122718,0,-0.102188,-0.0301445
34.214,-0.0122718,0,-0.0919691,-0.0271301
34.216,-0.0122718,0,-0.0827722,-0.0244171
34.218,-0.0122718,0,-0.0744949,-0.0219754
34.22,-0.0122718,0,-0.0670455,-0.0197778
34.222,-0.0153398,0,-0.213739,-0.0178
34.224,-0.0153398,0,-0.192365,-0.01602
34.226,-0.0153398,0,-0.173129,-0.014418
34.228,-0.0153398,0,-0.155816,-0.0129762
34.23,-0.0153398,-0.00306796,-0.140234,-0.165077
34.232,-0.0153398,-0.00306796,-0.126211,-0.148569
34.234,-0.0153398,-0.00306796,-0.11359,-0.133712
34.236,-0.0153398,-0.00306796,-0.102231,-0.120341
34.238,-0.0153398,-0.00306796,-0.0920076,-0.108307
34.24,-0.0153398,-0.00306796,-0.0828069,-0.0974761
34.242,-0.0153398,-0.00306796,-0.0745262,-0.0877285
34.244,-0.0153398,-0.00306796,-0.0670736,-0.0789557
34.246,-0.0153398,-0.00306796,-0.0603662,-0.0710601
34.248,-0.0153398,-0.00306796,-0.0543296,-0.0639541
34.25,-0.0153398,-0.00306796,-0.0488966,-0.0575587
34.252,-0.0153398,-0.00306796,-0.044007,-0.0518028
34.254,-0.0153398,-0.00306796,-0.0396063,-0.0466225
34.256,-0.0153398,-0.00306796,-0.0356456,-0.0419603
34.258,-0.0153398,-0.00306796,-0.0320811,-0.0377643
34.26,-0.0153398,-0.00306796,-0.028873,-0.0339878
34.262,-0.0153398,-0.00306796,-0.0259857,-0.030589
34.264,-0.0153398,-0.00306796,-0.0233871,-0.0275301
34.266,-0.0153398,-0.00306796,-0.0210484,-0.0247771
34.268,-0.0153398,-0.00306796,-0.0189436,-0.0222994
34.27,-0.0153398,-0.00306796,-0.0170492,-0.0200695
34.272,-0.0153398,0,-0.0153443,0.135336
34.274,-0.0153398,0,-0.0138099,0.121802
34.276,-0.0153398,0,-0.0124289,0.109622
34.278,-0.0153398,0,-0.011186,0.0986596
34.28,-0.0153398,0,-0.0100674,0.0887937
34.282,-0.0153398,0,-0.00906064,0.0799143
34.284,-0.0184078,0,-0.161553,0.0719229
34.286,-0.0184078,0,-0.145397,0.0647306
34.288,-0.0184078,0,-0.130858,0.0582575
34.29,-0.0184078,0,-0.117772,0.0524318
34.292,-0.0184078,0,-0.105995,0.0471886
34.294,-0.0184078,0,-0.0953952,0.0424697
34.296,-0.0184078,0,-0.0858557,0.0382228
34.298,-0.0184078,0,-0.0772701,0.0344005
34.3,-0.0184078,0,-0.0695431,0.0309604
34.302,-0.0184078,-0.00306796,-0.0625888,-0.125534
34.304,-0.0184078,-0.00306796,-0.0563299,-0.11298
34.306,-0.0184078,-0.00306796,-0.0506969,-0.101682
34.308,-0.0184078,-0.00306796,-0.0456272,-0.0915141
34.31,-0.0184078,-0.00306796,-0.0410645,-0.0823627
34.312,-0.0214757,-0.00306796,-0.190356,-0.0741264
34.314,-0.0214757,-0.00306796,-0.171321,-0.0667137
34.316,-0.0214757,-0.00306796,-0.154188,-0.0600424
34.318,-0.0214757,-0.00306796,-0.13877,-0.0540381
34.32,-0.0214757,-0.00306796,-0.124893,-0.0486343
34.322,-0.0214757,-0.00306796,-0.112403,-0.0437709
34.324,-0.0214757,-0.00306796,-0.101163,-0.0393938
34.326,-0.0214757,-0.00306796,-0.0910468,-0.0354544
34.328,-0.0214757,-0.00306796,-0.0819421,-0.031909
34.33,-0.0214757,-0.00306796,-0.0737479,-0.0287181
34.332,-0.0214757,-0.00306796,-0.0663731,-0.0258463
34.334,-0.0214757,-0.00306796,-0.0597358,-0.0232616
34.336,-0.0214757,-0.00306796,-0.0537622,-0.0209355
34.338,-0.0214757,-0.00306796,-0.048386,-0.0188419
34.34,-0.0214757,-0.00306796,-0.0435474,-0.0169577
34.342,-0.0214757,-0.00306796,-0.0391926,-0.015262
34.344,-0.0214757,-0.00306796,-0.0352734,-0.0137358
34.346,-0.0214757,-0.00306796,-0.031746,-0.0123622
34.348,-0.0214757,-0.00306796,-0.0285714,-0.011126
34.35,-0.0214757,-0.00306796,-0.0257143,-0.0100134
34.352,-0.0214757,-0.00306796,-0.0231429,-0.00901204
34.354,-0.0214757,-0.00306796,-0.0208286,-0.00811083
34.356,-0.0214757,-0.00306796,-0.0187457,-0.00729975
34.358,-0.0214757,-0.00306796,-0.0168711,-0.00656978
34.36,-0.0214757,-0.00306796,-0.015184,-0.0059128
34.362,-0.0214757,-0.00306796,-0.0136656,-0.00532152
34.364,-0.0214757,0,-0.0122991,0.148609
34.366,-0.0214757,0,-0.0110692,0.133748
34.368,-0.0214757,0,-0.00996224,0.120373
34.37,-0.0214757,0,-0.00896602,0.108336
34.372,-0.0214757,0,-0.00806942,0.0975022
34.374,-0.0214757,0,-0.00726248,0.087752
34.376,-0.0214757,0,-0.00653623,0.0789768
34.378,-0.0214757,0,-0.00588261,0.0710791
34.38,-0.0214757,0,-0.00529434,0.0639712
34.382,-0.0214757,0,-0.00476491,0.0575741
34.384,-0.0214757,0,-0.00428842,0.0518167
34.386,-0.0214757,0,-0.00385958,0.046635
34.388,-0.0214757,0,-0.00347362,0.0419715
34.39,-0.0245437,0,-0.156524,0.0377743
34.392,-0.0245437,0,-0.140872,0.0339969
34.394,-0.0245437,0,-0.126785,0.0305972
34.396,-0.0245437,0,-0.114106,0.0275375
34.398,-0.0245437,0,-0.102696,0.0247837
34.4,-0.0245437,0,-0.0924261,0.0223054
34.402,-0.0245437,0,-0.0831834,0.0200748
34.404,-0.0245437,0,-0.0748651,0.0180674
34.406,-0.0245437,-0.00306796,-0.0673786,-0.137137
34.408,-0.0245437,-0.00306796,-0.0606407,-0.123424
34.41,-0.0245437,-0.00306796,-0.0545767,-0.111081
34.412,-0.0245437,-0.00306796,-0.049119,-0.0999732
34.414,-0.0245437,-0.00306796,-0.0442071,-0.0899759
34.416,-0.0245437,-0.00306796,-0.0397864,-0.0809783
34.418,-0.0245437,-0.00306796,-0.0358077,-0.0728805
34.42,-0.0245437,-0.00306796,-0.032227,-0.0655924
34.422,-0.0245437,-0.00306796,-0.0290043,-0.0590332
34.424,-0.0245437,-0.00306796,-0.0261038,-0.0531299
34.426,-0.0276117,-0.00306796,-0.176892,-0.0478169
34.428,-0.0276117,-0.00306796,-0.159202,-0.0430352
34.43,-0.0276117,-0.00306796,-0.143282,-0.0387317
34.432,-0.0276117,-0.00306796,-0.128954,-0.0348585
34.434,-0.0276117,-0.00306796,-0.116059,-0.0313727
34.436,-0.0276117,-0.00306796,-0.104453,-0.0282354
34.438,-0.0276117,-0.00306796,-0.0940074,-0.0254118
34.44,-0.0276117,-0.00306796,-0.0846067,-0.0228707
34.442,-0.0276117,-0.00306796,-0.076146,-0.0205836
34.444,-0.0276117,-0.00306796,-0.0685314,-0.0185252
34.446,-0.0276117,-0.00306796,-0.0616783,-0.0166727
34.448,-0.0276117,-0.00306796,-0.0555104,-0.0150054
34.45,-0.0276117,-0.00306796,-0.0499594,-0.0135049
34.452,-0.0276117,-0.00306796,-0.0449635,-0.0121544
34.454,-0.0276117,-0.00306796,-0.0404671,-0.010939
34.456,-0.0276117,-0.00306796,-0.0364204,-0.00984507
34.458,-0.0276117,0,-0.0327784,0.144538
34.46,-0.0276117,0,-0.0295005,0.130084
34.462,-0.0276117,0,-0.0265505,0.117075
34.464,-0.0276117,0,-0.0238954,0.105368
34.466,-0.0276117,0,-0.0215059,0.0948311
34.468,-0.0276117,0,-0.0193553,0.085348
34.47,-0.0276117,0,-0.0174198,0.0768132
34.472,-0.0276117,0,-0.0156778,0.0691318
34.474,-0.0276117,0,-0.01411,0.0622187
34.476,-0.0276117,0,-0.012699,0.0559968
34.478,-0.0276117,0,-0.0114291,0.0503971
34.48,-0.0276117,0,-0.0102862,0.0453574
34.482,-0.0276117,0,-0.00925758,0.0408217
34.484,-0.0276117,0,-0.00833182,0.0367395
34.486,-0.0276117,0,-0.00749864,0.0330655
34.488,-0.0276117,-0.00306796,-0.00674877,-0.123639
34.49,-0.0276117,-0.00306796,-0.0060739,-0.111275
34.492,-0.0276117,-0.00306796,-0.00546651,-0.100148
34.494,-0.0276117,-0.00306796,-0.00491986,-0.0901329
34.496,-0.0276117,-0.00306796,-0.00442787,-0.0811196
34.498,-0.0276117,-0.00306796,-0.00398508,-0.0730076
34.5,-0.0276117,-0.00306796,-0.00358658,-0.0657069
34.502,-0.0276117,-0.00306796,-0.00322792,-0.0591362
34.504,-0.0276117,-0.00306796,-0.00290513,-0.0532226
34.506,-0.0276117,-0.00306796,-0.00261461,-0.0479003
34.508,-0.0276117,-0.00306796,-0.00235315,-0.0431103
34.51,-0.0276117,-0.00306796,-0.00211784,-0.0387993
34.512,-0.0276117,-0.00306796,-0.00190605,-0.0349193
34.514,-0.0276117,0,-0.00171545,0.121971
34.516,-0.0276117,0,-0.0015439,0.109774
34.518,-0.0276117,0,-0.00138951,0.0987963
34.52,-0.0276117,0,-0.00125056,0.0889166
34.522,-0.0276117,0,-0.00112551,0.080025
34.524,-0.0276117,0,-0.00101295,0.0720225
34.526,-0.0276117,0,-0.000911659,0.0648202
34.528,-0.0276117,0,-0.000820493,0.0583382
34.53,-0.0276117,0,-0.000738444,0.0525044
34.532,-0.0276117,0,-0.0006646,0.0472539
34.534,-0.0276117,0,-0.00059814,0.0425285
34.536,-0.0276117,0,-0.000538326,0.0382757
34.538,-0.0276117,0,-0.000484493,0.0344481
34.54,-0.0276117,0,-0.000436044,0.0310033
34.542,-0.0276117,0,-0.000392439,0.027903
34.544,-0.0276117,0,-0.000353195,0.0251127
34.546,-0.0276117,0,-0.000317876,0.0226014
34.548,-0.0276117,0,-0.000286088,0.0203413
34.55,-0.0276117,0,-0.000257479,0.0183071
34.552,-0.0276117,0,-0.000231732,0.0164764
34.554,-0.0276117,0,-0.000208558,0.0148288
34.556,-0.0276117,0,-0.000187703,0.0133459
34.558,-0.0276117,0,-0.000168932,0.0120113
34.56,-0.0276117,0,-0.000152039,0.0108102
34.562,-0.0276117,0,-0.000136835,0.00972917
34.564,-0.0276117,0,-0.000123152,0.00875625
34.566,-0.0276117,0,-0.000110836,0.00788063
34.568,-0.0276117,0,-9.97528e-05,0.00709256
34.57,-0.0276117,0,-8.97775e-05,0.00638331
34.572,-0.0276117,0,-8.07998e-05,0.00574498
34.574,-0.0276117,0,-7.27198e-05,0.00517048
34.576,-0.0276117,0,-6.54478e-05,0.00465343
34.578,-0.0276117,0,-5.89031e-05,0.00418809
34.58,-0.0276117,0,-5.30127e-05,0.00376928
34.582,-0.0276117,0,-4.77115e-05,0.00339235
34.584,-0.0276117,0,-4.29403e-05,0.00305312
34.586,-0.0276117,0,-3.86463e-05,0.0027478
34.588,-0.0276117,0,-3.47817e-05,0.00247302
34.59,-0.0276117,0,-3.13035e-05,0.00222572
34.592,-0.0276117,0,-2.81731e-05,0.00200315
34.594,-0.0276117,0,-2.53558e-05,0.00180283
34.596,-0.0276117,0,-2.28202e-05,0.00162255
34.598,-0.0276117,0.00306796,-2.05382e-05,0.154858
34.6,-0.0276117,0.00306796,-1.84844e-05,0.139373
34.602,-0.0276117,0.00306796,-1.6636e-05,0.125435
34.604,-0.0276117,0.00306796,-1.49724e-05,0.112892
34.606,-0.0276117,0.00306796,-1.34751e-05,0.101603
34.608,-0.0276117,0.00306796,-1.21276e-05,0.0914423
34.61,-0.0276117,0.00306796,-1.09149e-05,0.0822981
34.612,-0.0276117,0.00306796,-9.82337e-06,0.0740683
34.614,-0.0276117,0,-8.84103e-06,-0.0867366
34.616,-0.0276117,0,-7.95693e-06,-0.078063
34.618,-0.0276117,0,-7.16124e-06,-0.0702567
34.62,-0.0276117,0,-6.44511e-06,-0.063231
34.622,-0.0276117,0,-5.8006e-06,-0.0569079
34.624,-0.0276117,0,-5.22054e-06,-0.0512171
34.626,-0.0306796,0,-0.153403,-0.0460954
34.628,-0.0306796,0,-0.138062,-0.0414859
34.63,-0.0306796,0,-0.124256,-0.0373373
34.632,-0.0306796,0,-0.111831,-0.0336035
34.634,-0.0306796,0,-0.100648,-0.0302432
34.636,-0.0306796,0,-0.0905828,-0.0272189
34.638,-0.0306796,0,-0.0815245,-0.024497
34.64,-0.0306796,0,-0.0733721,-0.0220473
34.642,-0.0306796,0,-0.0660349,-0.0198426
34.644,-0.0306796,0,-0.0594314,-0.0178583
34.646,-0.0306796,0,-0.0534882,-0.0160725
34.648,-0.0306796,0,-0.0481394,-0.0144652
34.65,-0.0306796,0,-0.0433255,-0.0130187
34.652,-0.0306796,0,-0.0389929,-0.0117168
34.654,-0.0306796,0,-0.0350936,-0.0105451
34.656,-0.0306796,0,-0.0315843,-0.00949063
34.658,-0.0306796,0,-0.0284258,-0.00854157
34.66,-0.0306796,0,-0.0255833,-0.00768741
34.662,-0.0306796,0,-0.0230249,-0.00691867
34.664,-0.0306796,0,-0.0207224,-0.0062268
34.666,-0.0306796,0,-0.0186502,-0.00560412
34.668,-0.0306796,0,-0.0167852,-0.00504371
34.67,-0.0306796,0,-0.0151067,-0.00453934
34.672,-0.0306796,0,-0.013596,-0.00408541
34.674,-0.0306796,0,-0.0122364,-0.00367687
34.676,-0.0306796,0,-0.0110128,-0.00330918
34.678,-0.0306796,0,-0.00991148,-0.00297826
34.68,-0.0306796,0,-0.00892033,-0.00268044
34.682,-0.0306796,0,-0.0080283,-0.00241239
34.684,-0.0306796,0.00306796,-0.00722547,0.151227
34.686,-0.0306796,0.00306796,-0.00650292,0.136104
34.688,-0.0306796,0.00306796,-0.00585263,0.122494
34.69,-0.0306796,0.00306796,-0.00526737,0.110244
34.692,-0.0306796,0.00306796,-0.00474063,0.09922
34.694,-0.0306796,0.00306796,-0.00426657,0.089298
34.696,-0.0306796,0.00306796,-0.00383991,0.0803682
34.698,-0.0306796,0.00306796,-0.00345592,0.0723314
34.7,-0.0306796,0.00306796,-0.00311033,0.0650982
34.702,-0.0306796,0.00306796,-0.00279929,0.0585884
34.704,-0.0306796,0,-0.00251936,-0.100669
34.706,-0.0306796,0,-0.00226743,-0.0906017
34.708,-0.0306796,0,-0.00204069,-0.0815415
34.71,-0.0306796,0,-0.00183662,-0.0733873
34.712,-0.0306796,0,-0.00165296,-0.0660486
34.714,-0.0306796,0,-0.00148766,-0.0594437
34.716,-0.0306796,0,-0.00133889,-0.0534994
34.718,-0.0337476,0,-0.154603,-0.0481494
34.72,-0.0337476,0,-0.139143,-0.0433345
34.722,-0.0337476,0,-0.125228,-0.039001
34.724,-0.0337476,0,-0.112706,-0.0351009
34.726,-0.0337476,0,-0.101435,-0.0315908
34.728,-0.0337476,0,-0.0912916,-0.0284318
34.73,-0.0337476,0,-0.0821624,-0.0255886
34.732,-0.0337476,0,-0.0739462,-0.0230297
34.734,-0.0337476,0,-0.0665516,-0.0207268
34.736,-0.0337476,0,-0.0598964,-0.0186541
34.738,-0.0337476,0,-0.0539068,-0.0167887
34.74,-0.0337476,0,-0.0485161,-0.0151098
34.742,-0.0337476,0,-0.0436645,-0.0135988
34.744,-0.0337476,0,-0.039298,-0.0122389
34.746,-0.0337476,0,-0.0353682,-0.011015
34.748,-0.0337476,0,-0.0318314,-0.00991354
34.75,-0.0337476,0,-0.0286483,-0.00892219
34.752,-0.0337476,0,-0.0257834,-0.00802997
34.754,-0.0337476,0,-0.0232051,-0.00722697
34.756,-0.0337476,0,-0.0208846,-0.00650427
34.758,-0.0337476,0,-0.0187961,-0.00585385
34.76,-0.0337476,0,-0.0169165,-0.00526846
34.762,-0.0337476,0,-0.0152249,-0.00474162
34.764,-0.0337476,0,-0.0137024,-0.00426745
34.766,-0.0337476,0,-0.0123321,-0.00384071
34.768,-0.0337476,0,-0.0110989,-0.00345664
34.77,-0.0337476,0.00306796,-0.00998903,0.150287
34.772,-0.0337476,0.00306796,-0.00899013,0.135258
34.774,-0.0337476,0.00306796,-0.00809112,0.121733
34.776,-0.0337476,0.00306796,-0.007282,0.109559
34.778,-0.0337476,0.00306796,-0.0065538,0.0986034
34.78,-0.0337476,0.00306796,-0.00589842,0.088743
34.782,-0.0337476,0.00306796,-0.00530858,0.0798687
34.784,-0.0337476,0.00306796,-0.00477772,0.0718819
34.786,-0.0337476,0.00306796,-0.00429995,0.0646937
34.788,-0.0337476,0.00306796,-0.00386996,0.0582243
34.79,-0.0337476,0.00306796,-0.00348296,0.0524019
34.792,-0.0368155,0,-0.156533,-0.106236
34.794,-0.0368155,0,-0.140879,-0.0956128
34.796,-0.0368155,0,-0.126792,-0.0860515
34.798,-0.0368155,0,-0.114112,-0.0774463
34.8,-0.0368155,0,-0.102701,-0.0697017
34.802,-0.0368155,0,-0.092431,-0.0627315
34.804,-0.0368155,0,-0.0831879,-0.0564584
34.806,-0.0368155,0,-0.0748691,-0.0508125
34.808,-0.0368155,0,-0.0673822,-0.0457313
34.81,-0.0368155,0,-0.060644,-0.0411582
34.812,-0.0368155,0,-0.0545796,-0.0370423
34.814,-0.0368155,0,-0.0491216,-0.0333381
34.816,-0.0368155,0,-0.0442095,-0.0300043
34.818,-0.0368155,0,-0.0397885,-0.0270039
34.82,-0.0368155,0,-0.0358097,-0.0243035
34.822,-0.0368155,0,-0.0322287,-0.0218731
34.824,-0.0368155,0,-0.0290058,-0.0196858
34.826,-0.0398835,0,-0.179503,-0.0177172
34.828,-0.0398835,0,-0.161553,-0.0159455
34.83,-0.0398835,0,-0.145398,-0.014351
34.832,-0.0398835,0,-0.130858,-0.0129159
34.834,-0.0398835,0,-0.117772,-0.0116243
34.836,-0.0398835,0,-0.105995,-0.0104619
34.838,-0.0398835,0,-0.0953954,-0.00941567
34.84,-0.0398835,0,-0.0858559,-0.0084741
34.842,-0.0398835,0,-0.0772703,-0.00762669
34.844,-0.0398835,0,-0.0695433,-0.00686402
34.846,-0.0398835,0,-0.0625889,-0.00617762
34.848,-0.0398835,0,-0.05633,-0.00555986
34.85,-0.0398835,0,-0.050697,-0.00500387
34.852,-0.0398835,0,-0.0456273,-0.00450348
34.854,-0.0398835,0,-0.0410646,-0.00405314
34.856,-0.0398835,0,-0.0369581,-0.00364782
34.858,-0.0398835,0,-0.0332623,-0.00328304
34.86,-0.0398835,0,-0.0299361,-0.00295474
34.862,-0.0398835,0,-0.0269425,-0.00265926
34.864,-0.0398835,0,-0.0242482,-0.00239334
34.866,-0.0398835,0,-0.0218234,-0.002154
34.868,-0.0398835,0,-0.0196411,-0.0019386
34.87,-0.0398835,0,-0.017677,-0.00174474
34.872,-0.0398835,0,-0.0159093,-0.00157027
34.874,-0.0398835,0,-0.0143183,-0.00141324
34.876,-0.0398835,0,-0.0128865,-0.00127192
34.878,-0.0398835,0,-0.0115979,-0.00114473
34.88,-0.0398835,0,-0.0104381,-0.00103025
34.882,-0.0398835,0.00306796,-0.00939426,0.152471
34.884,-0.0398835,0.00306796,-0.00845484,0.137224
34.886,-0.0398835,0.00306796,-0.00760935,0.123501
34.888,-0.0398835,0.00306796,-0.00684842,0.111151
34.89,-0.0398835,0.00306796,-0.00616358,0.100036
34.892,-0.0398835,0.00306796,-0.00554722,0.0900325
34.894,-0.0398835,0.00306796,-0.0049925,0.0810293
34.896,-0.0398835,0.00306796,-0.00449325,0.0729263
34.898,-0.0398835,0.00306796,-0.00404392,0.0656337
34.9,-0.0398835,0.00306796,-0.00363953,0.0590703
34.902,-0.0398835,0.00306796,-0.00327558,0.0531633
34.904,-0.0398835,0.00306796,-0.00294802,0.047847
34.906,-0.0398835,0,-0.00265322,-0.110336
34.908,-0.0398835,0,-0.0023879,-0.0993022
34.91,-0.0429515,0,-0.155547,-0.089372
34.912,-0.0429515,0,-0.139992,-0.0804348
34.914,-0.0429515,0,-0.125993,-0.0723913
34.916,-0.0429515,0,-0.113394,-0.0651522
34.918,-0.0429515,0,-0.102055,-0.058637
34.92,-0.0429515,0,-0.0918491,-0.0527733
34.922,-0.0429515,0,-0.0826642,-0.0474959
34.924,-0.0429515,0,-0.0743977,-0.0427464
34.926,-0.0429515,0,-0.066958,-0.0384717
34.928,-0.0429515,0,-0.0602622,-0.0346245
34.93,-0.0429515,0,-0.0542359,-0.0311621
34.932,-0.0429515,0,-0.0488124,-0.0280459
34.934,-0.0429515,0,-0.0439311,-0.0252413
34.936,-0.0429515,0,-0.039538,-0.0227172
34.938,-0.0429515,0,-0.0355842,-0.0204454
34.94,-0.0429515,0,-0.0320258,-0.0184009
34.942,-0.0429515,0,-0.0288232,-0.0165608
34.944,-0.0429515,0,-0.0259409,-0.0149047
34.946,-0.0429515,0,-0.0233468,-0.0134143
34.948,-0.0429515,0,-0.0210121,-0.0120728
34.95,-0.0429515,0,-0.0189109,-0.0108655
34.952,-0.0429515,0,-0.0170198,-0.00977899
34.954,-0.0429515,0,-0.0153178,-0.00880109
34.956,-0.0429515,0,-0.0137861,-0.00792099
34.958,-0.0429515,0,-0.0124074,-0.00712889
34.96,-0.0429515,0,-0.0111667,-0.006416
34.962,-0.0429515,0,-0.01005,-0.0057744
34.964,-0.0429515,0.00306796,-0.00904503,0.148201
34.966,-0.0429515,0.00306796,-0.00814053,0.133381
34.968,-0.0429515,0.00306796,-0.00732647,0.120043
34.97,-0.0429515,0.00306796,-0.00659383,0.108039
34.972,-0.0429515,0.00306796,-0.00593444,0.0972348
34.974,-0.0429515,0.00306796,-0.005341,0.0875113
34.976,-0.0429515,0.00306796,-0.0048069,0.0787602
34.978,-0.0429515,0.00306796,-0.00432621,0.0708841
34.98,-0.0429515,0.00306796,-0.00389359,0.0637957
34.982,-0.0460194,0.00306796,-0.156902,0.0574162
34.984,-0.0460194,0.00306796,-0.141212,0.0516745
34.986,-0.0460194,0.00306796,-0.127091,0.0465071
34.988,-0.0460194,0.00306796,-0.114382,0.0418564
34.99,-0.0460194,0.00306796,-0.102944,0.0376707
34.992,-0.0460194,0,-0.0926492,-0.119494
34.994,-0.0460194,0,-0.0833843,-0.107545
34.996,-0.0460194,0,-0.0750459,-0.0967905
34.998,-0.0490874,0,-0.220939,-0.0871114
35,-0.0490874,0,-0.198845,-0.0784003
35.002,-0.0490874,0,-0.178961,-0.0705603
35.004,-0.0490874,0,-0.161065,-0.0635042
35.006,-0.0490874,0,-0.144958,-0.0571538
35.008,-0.0490874,0,-0.130462,-0.0514384
35.01,-0.0490874,0,-0.117416,-0.0462946
35.012,-0.0490874,0,-0.105675,-0.0416651
35.014,-0.0521553,0,-0.248505,-0.0374986
35.016,-0.0521553,0,-0.223655,-0.0337488
35.018,-0.0521553,-0.00306796,-0.201289,-0.183772
35.02,-0.0521553,-0.00306796,-0.18116,-0.165395
35.022,-0.0521553,-0.00306796,-0.163044,-0.148855
35.024,-0.0521553,-0.00306796,-0.14674,-0.13397
35.026,-0.0521553,-0.00306796,-0.132066,-0.120573
35.028,-0.0521553,-0.00306796,-0.118859,-0.108516
35.03,-0.0521553,-0.00306796,-0.106973,-0.097664
35.032,-0.0521553,-0.00306796,-0.096276,-0.0878976
35.034,-0.0521553,-0.00306796,-0.0866484,-0.0791078
35.036,-0.0552233,-0.00306796,-0.231382,-0.071197
35.038,-0.0552233,-0.00306796,-0.208243,-0.0640773
35.04,-0.0552233,-0.00306796,-0.187419,-0.0576696
35.042,-0.0552233,-0.00306796,-0.168677,-0.0519026
35.044,-0.0552233,-0.00306796,-0.15181,-0.0467124
35.046,-0.0552233,-0.00306796,-0.136629,-0.0420411
35.048,-0.0552233,-0.00306796,-0.122966,-0.037837
35.05,-0.0552233,-0.00306796,-0.110669,-0.0340533
35.052,-0.0552233,-0.00306796,-0.0996022,-0.030648
35.054,-0.0552233,-0.00306796,-0.089642,-0.0275832
35.056,-0.0552233,-0.00306796,-0.0806778,-0.0248249
35.058,-0.0552233,-0.00306796,-0.07261,-0.0223424
35.06,-0.0552233,-0.00306796,-0.065349,-0.0201081
35.062,-0.0552233,-0.00306796,-0.0588141,-0.0180973
35.064,-0.0552233,-0.00306796,-0.0529327,-0.0162876
35.066,-0.0552233,-0.00306796,-0.0476394,-0.0146588
35.068,-0.0552233,-0.00306796,-0.0428755,-0.013193
35.07,-0.0552233,-0.00306796,-0.0385879,-0.0118737
35.072,-0.0552233,-0.00306796,-0.0347291,-0.0106863
35.074,-0.0552233,-0.00306796,-0.0312562,-0.00961766
35.076,-0.0552233,-0.00306796,-0.0281306,-0.0086559
35.078,-0.0552233,-0.00306796,-0.0253175,-0.00779031
35.08,-0.0552233,-0.00306796,-0.0227858,-0.00701128
35.082,-0.0552233,-0.00306796,-0.0205072,-0.00631015
35.084,-0.0552233,-0.00306796,-0.0184565,-0.00567913
35.086,-0.0552233,-0.00306796,-0.0166108,-0.00511122
35.088,-0.0552233,-0.00306796,-0.0149498,-0.0046001
35.09,-0.0552233,-0.00306796,-0.0134548,-0.00414009
35.092,-0.0552233,-0.00306796,-0.0121093,-0.00372608
35.094,-0.0552233,-0.00306796,-0.0108984,-0.00335347
35.096,-0.0552233,-0.00306796,-0.00980854,-0.00301812
35.098,-0.0552233,-0.00306796,-0.00882768,-0.00271631
35.1,-0.0552233,0,-0.00794491,0.150953
35.102,-0.0552233,0,-0.00715042,0.135858
35.104,-0.0552233,0,-0.00643538,0.122272
35.106,-0.0552233,0,-0.00579184,0.110045
35.108,-0.0552233,0,-0.00521266,0.0990405
35.11,-0.0552233,0,-0.00469139,0.0891365
35.112,-0.0552233,0,-0.00422225,0.0802228
35.114,-0.0552233,0,-0.00380003,0.0722005
35.116,-0.0552233,0,-0.00342003,0.0649805
35.118,-0.0552233,0,-0.00307802,0.0584824
35.12,-0.0552233,0,-0.00277022,0.0526342
35.122,-0.0552233,0,-0.0024932,0.0473708
35.124,-0.0552233,0,-0.00224388,0.0426337
35.126,-0.0552233,0,-0.00201949,0.0383703
35.128,-0.0582913,0,-0.155216,0.0345333
35.13,-0.0582913,0,-0.139694,0.03108
35.132,-0.0582913,-0.00306796,-0.125725,-0.125426
35.134,-0.0582913,-0.00306796,-0.113152,-0.112883
35.136,-0.0582913,-0.00306796,-0.101837,-0.101595
35.138,-0.0582913,-0.00306796,-0.0916533,-0.0914356
35.14,-0.0582913,-0.00306796,-0.0824879,-0.0822921
35.142,-0.0582913,-0.00306796,-0.0742392,-0.0740629
35.144,-0.0582913,-0.00306796,-0.0668152,-0.0666566
35.146,-0.0582913,-0.00306796,-0.0601337,-0.0599909
35.148,-0.0582913,-0.00306796,-0.0541203,-0.0539918
35.15,-0.0582913,-0.00306796,-0.0487083,-0.0485926
35.152,-0.0582913,-0.00306796,-0.0438375,-0.0437334
35.154,-0.0613592,-0.00306796,-0.192852,-0.03936
35.156,-0.0613592,-0.00306796,-0.173567,-0.035424
35.158,-0.0613592,-0.00306796,-0.15621,-0.0318816
35.16,-0.0613592,-0.00306796,-0.140589,-0.0286935
35.162,-0.0613592,-0.00306796,-0.12653,-0.0258241
35.164,-0.0613592,-0.00306796,-0.113877,-0.0232417
35.166,-0.0613592,-0.00306796,-0.102489,-0.0209175
35.168,-0.0613592,-0.00306796,-0.0922404,-0.0188258
35.17,-0.0613592,-0.00306796,-0.0830164,-0.0169432
35.172,-0.0613592,-0.00306796,-0.0747147,-0.0152489
35.174,-0.0613592,-0.00306796,-0.0672433,-0.013724
35.176,-0.0613592,-0.00306796,-0.0605189,-0.0123516
35.178,-0.0613592,-0.00306796,-0.054467,-0.0111164
35.18,-0.0613592,-0.00306796,-0.0490203,-0.0100048
35.182,-0.0613592,-0.00306796,-0.0441183,-0.00900432
35.184,-0.0613592,-0.00306796,-0.0397065,-0.00810388
35.186,-0.0613592,-0.00306796,-0.0357358,-0.0072935
35.188,-0.0613592,-0.00306796,-0.0321622,-0.00656415
35.19,-0.0613592,-0.00306796,-0.028946,-0.00590773
35.192,-0.0613592,-0.00306796,-0.0260514,-0.00531696
35.194,-0.0613592,-0.00306796,-0.0234463,-0.00478526
35.196,-0.0613592,-0.00306796,-0.0211016,-0.00430674
35.198,-0.0613592,-0.00306796,-0.0189915,-0.00387606
35.2,-0.0613592,-0.00306796,-0.0170923,-0.00348846
35.202,-0.0613592,-0.00306796,-0.0153831,-0.00313961
35.204,-0.0613592,-0.00306796,-0.0138448,-0.00282565
35.206,-0.0613592,-0.00306796,-0.0124603,-0.00254308
35.208,-0.0613592,-0.00306796,-0.0112143,-0.00228878
35.21,-0.0613592,-0.00306796,-0.0100929,-0.0020599
35.212,-0.0613592,-0.00306796,-0.00908357,-0.00185391
35.214,-0.0613592,-0.00306796,-0.00817521,-0.00166852
35.216,-0.0613592,0,-0.00735769,0.151896
35.218,-0.0613592,0,-0.00662192,0.136707
35.22,-0.0613592,0,-0.00595973,0.123036
35.222,-0.0613592,0,-0.00536376,0.110732
35.224,-0.0613592,0,-0.00482738,0.0996592
35.226,-0.0613592,0,-0.00434464,0.0896933
35.228,-0.0613592,0,-0.00391018,0.080724
35.23,-0.0613592,0,-0.00351916,0.0726516
35.232,-0.0613592,0,-0.00316724,0.0653864
35.234,-0.0613592,0,-0.00285052,0.0588478
35.236,-0.0613592,-0.00306796,-0.00256547,-0.100435
35.238,-0.0613592,-0.00306796,-0.00230892,-0.0903916
35.24,-0.0613592,-0.00306796,-0.00207803,-0.0813524
35.242,-0.0613592,-0.00306796,-0.00187023,-0.0732172
35.244,-0.0613592,-0.00306796,-0.0016832,-0.0658955
35.246,-0.0613592,-0.00306796,-0.00151488,-0.0593059
35.248,-0.0613592,-0.00306796,-0.00136339,-0.0533753
35.25,-0.0613592,-0.00306796,-0.00122706,-0.0480378
35.252,-0.0613592,-0.00306796,-0.00110435,-0.043234
35.254,-0.0613592,-0.00306796,-0.000993915,-0.0389106
35.256,-0.0613592,-0.00306796,-0.000894523,-0.0350195
35.258,-0.0613592,-0.00306796,-0.000805071,-0.0315176
35.26,-0.0613592,-0.00306796,-0.000724564,-0.0283658
35.262,-0.0613592,-0.00306796,-0.000652108,-0.0255292
35.264,-0.0613592,-0.00306796,-0.000586897,-0.0229763
35.266,-0.0613592,-0.00306796,-0.000528207,-0.0206787
35.268,-0.0613592,-0.00306796,-0.000475386,-0.0186108
35.27,-0.0613592,-0.00306796,-0.000427848,-0.0167497
35.272,-0.0613592,-0.00306796,-0.000385063,-0.0150748
35.274,-0.0613592,-0.00306796,-0.000346557,-0.0135673
35.276,-0.0613592,-0.00306796,-0.000311901,-0.0122106
35.278,-0.0613592,-0.00306796,-0.000280711,-0.0109895
35.28,-0.0613592,-0.00306796,-0.00025264,-0.00989055
35.282,-0.0613592,-0.00306796,-0.000227376,-0.0089015
35.284,-0.0613592,-0.00306796,-0.000204638,-0.00801135
35.286,-0.0613592,-0.00306796,-0.000184174,-0.00721021
35.288,-0.0613592,-0.00306796,-0.000165757,-0.00648919
35.29,-0.0613592,-0.00306796,-0.000149181,-0.00584027
35.292,-0.0613592,-0.00306796,-0.000134263,-0.00525625
35.294,-0.0613592,-0.00306796,-0.000120837,-0.00473062
35.296,-0.0613592,-0.00306796,-0.000108753,-0.00425756
35.298,-0.0613592,0,-9.78778e-05,0.149566
35.3,-0.0613592,0,-8.80901e-05,0.13461
35.302,-0.0613592,0,-7.92811e-05,0.121149
35.304,-0.0613592,0,-7.13529e-05,0.109034
35.306,-0.0613592,0,-6.42177e-05,0.0981304
35.308,-0.0613592,0,-5.77959e-05,0.0883174
35.31,-0.0613592,0,-5.20163e-05,0.0794857
35.312,-0.0613592,0,-4.68147e-05,0.0715371
35.314,-0.0613592,-0.00306796,-4.21332e-05,-0.0890147
35.316,-0.0613592,-0.00306796,-3.79199e-05,-0.0801132
35.318,-0.0613592,-0.00306796,-3.41279e-05,-0.0721019
35.32,-0.0613592,-0.00306796,-3.07151e-05,-0.0648917
35.322,-0.0613592,-0.00306796,-2.76436e-05,-0.0584025
35.324,-0.0613592,-0.00306796,-2.48792e-05,-0.0525623
35.326,-0.0613592,-0.00306796,-2.23913e-05,-0.0473061
35.328,-0.0613592,-0.00306796,-2.01522e-05,-0.0425755
35.33,-0.0613592,-0.00306796,-1.8137e-05,-0.0383179
35.332,-0.0644272,-0.00306796,-0.153414,-0.0344861
35.334,-0.0644272,-0.00306796,-0.138073,-0.0310375
35.336,-0.0644272,-0.00306796,-0.124266,-0.0279338
35.338,-0.0644272,-0.00306796,-0.111839,-0.0251404
35.34,-0.0644272,-0.00306796,-0.100655,-0.0226263
35.342,-0.0644272,-0.00306796,-0.0905897,-0.0203637
35.344,-0.0644272,-0.00306796,-0.0815307,-0.0183273
35.346,-0.0644272,-0.00306796,-0.0733776,-0.0164946
35.348,-0.0644272,-0.00306796,-0.0660399,-0.0148451
35.35,-0.0644272,-0.00306796,-0.0594359,-0.0133606
35.352,-0.0644272,-0.00306796,-0.0534923,-0.0120246
35.354,-0.0644272,-0.00306796,-0.0481431,-0.0108221
35.356,-0.0644272,-0.00306796,-0.0433288,-0.0097399
35.358,-0.0644272,-0.00306796,-0.0389959,-0.00876591
35.36,-0.0644272,-0.00306796,-0.0350963,-0.00788932
35.362,-0.0644272,-0.00306796,-0.0315867,-0.00710039
35.364,-0.0644272,-0.00306796,-0.028428,-0.00639035
35.366,-0.0644272,-0.00306796,-0.0255852,-0.00575131
35.368,-0.0613592,-0.00306796,0.130371,-0.00517618
35.37,-0.0613592,-0.00306796,0.117334,-0.00465856
35.372,-0.0613592,-0.00306796,0.105601,-0.00419271
35.374,-0.0613592,-0.00306796,0.0950408,-0.00377344
35.376,-0.0613592,-0.00306796,0.0855367,-0.00339609
35.378,-0.0613592,-0.00306796,0.076983,-0.00305648
35.38,-0.0613592,-0.00306796,0.0692847,-0.00275084
35.382,-0.0613592,-0.00306796,0.0623562,-0.00247575
35.384,-0.0613592,-0.00306796,0.0561206,-0.00222818
35.386,-0.0613592,-0.00306796,0.0505086,-0.00200536
35.388,-0.0613592,-0.00306796,0.0454577,-0.00180482
35.39,-0.0613592,-0.00306796,0.0409119,-0.00162434
35.392,-0.0613592,-0.00306796,0.0368207,-0.00146191
35.394,-0.0613592,-0.00306796,0.0331387,-0.00131572
35.396,-0.0613592,-0.00306796,0.0298248,-0.00118414
35.398,-0.0613592,-0.00306796,0.0268423,-0.00106573
35.4,-0.0613592,-0.00306796,0.0241581,-0.000959157
35.402,-0.0613592,-0.00306796,0.0217423,-0.000863241
35.404,-0.0613592,-0.00306796,0.019568,-0.000776917
35.406,-0.0613592,-0.00306796,0.0176112,-0.000699225
35.408,-0.0613592,-0.00306796,0.0158501,-0.000629303
35.41,-0.0613592,-0.00306796,0.0142651,-0.000566373
35.412,-0.0613592,-0.00306796,0.0128386,-0.000509735
35.414,-0.0613592,-0.00306796,0.0115547,-0.000458762
35.416,-0.0613592,-0.00306796,0.0103993,-0.000412886
35.418,-0.0613592,-0.00306796,0.00935934,-0.000371597
35.42,-0.0613592,-0.00306796,0.0084234,-0.000334437
35.422,-0.0613592,-0.00306796,0.00758106,-0.000300994
35.424,-0.0613592,-0.00306796,0.00682296,-0.000270894
35.426,-0.0582913,-0.00306796,0.159539,-0.000243805
35.428,-0.0582913,-0.00306796,0.143585,-0.000219424
35.43,-0.0582913,-0.00306796,0.129226,-0.000197482
35.432,-0.0582913,-0.00306796,0.116304,-0.000177734
35.434,-0.0582913,-0.00306796,0.104673,-0.00015996
35.436,-0.0582913,-0.00306796,0.094206,-0.000143964
35.438,-0.0582913,-0.00306796,0.0847854,-0.000129568
35.44,-0.0582913,-0.00306796,0.0763069,-0.000116611
35.442,-0.0582913,-0.00306796,0.0686762,-0.00010495
35.444,-0.0582913,-0.00306796,0.0618086,-9.4455e-05
35.446,-0.0582913,-0.00306796,0.0556277,-8.50095e-05
35.448,-0.0582913,-0.00306796,0.0500649,-7.65085e-05
35.45,-0.0582913,-0.00306796,0.0450585,-6.88577e-05
35.452,-0.0582913,-0.00306796,0.0405526,-6.19719e-05
35.454,-0.0582913,-0.00306796,0.0364973,-5.57747e-05
35.456,-0.0582913,-0.00306796,0.0328476,-5.01972e-05
35.458,-0.0582913,-0.00306796,0.0295629,-4.51775e-05
35.46,-0.0582913,-0.00306796,0.0266066,-4.06598e-05
35.462,-0.0582913,-0.00306796,0.0239459,-3.65938e-05
35.464,-0.0582913,-0.00306796,0.0215513,-3.29344e-05
35.466,-0.0582913,-0.00306796,0.0193962,-2.9641e-05
35.468,-0.0582913,-0.00306796,0.0174566,-2.66769e-05
35.47,-0.0582913,-0.00306796,0.0157109,-2.40092e-05
35.472,-0.0582913,-0.00306796,0.0141398,-2.16083e-05
35.474,-0.0582913,-0.00306796,0.0127258,-1.94474e-05
35.476,-0.0582913,-0.00306796,0.0114533,-1.75027e-05
35.478,-0.0582913,-0.00306796,0.0103079,-1.57524e-05
35.48,-0.0582913,-0.00306796,0.00927714,-1.41772e-05
35.482,-0.0552233,-0.00306796,0.161748,-1.27595e-05
35.484,-0.0552233,0,0.145573,0.153387
35.486,-0.0552233,0,0.131015,0.138048
35.488,-0.0552233,0,0.117914,0.124243
35.49,-0.0552233,0,0.106123,0.111819
35.492,-0.0552233,0,0.0955103,0.100637
35.494,-0.0552233,-0.00306796,0.0859593,-0.0628248
35.496,-0.0552233,-0.00306796,0.0773633,-0.0565423
35.498,-0.0552233,-0.00306796,0.069627,-0.0508881
35.5,-0.0552233,-0.00306796,0.0626643,-0.0457993
35.502,-0.0552233,-0.00306796,0.0563979,-0.0412194
35.504,-0.0552233,-0.00306796,0.0507581,-0.0370974
35.506,-0.0552233,-0.00306796,0.0456823,-0.0333877
35.508,-0.0552233,-0.00306796,0.041114,-0.0300489
35.51,-0.0552233,-0.00306796,0.0370026,-0.027044
35.512,-0.0552233,-0.00306796,0.0333024,-0.0243396
35.514,-0.0552233,-0.00306796,0.0299721,-0.0219057
35.516,-0.0552233,-0.00306796,0.0269749,-0.0197151
35.518,-0.0552233,-0.00306796,0.0242774,-0.0177436
35.52,-0.0552233,-0.00306796,0.0218497,-0.0159692
35.522,-0.0552233,-0.00306796,0.0196647,-0.0143723
35.524,-0.0552233,-0.00306796,0.0176982,-0.0129351
35.526,-0.0552233,-0.00306796,0.0159284,-0.0116416
35.528,-0.0552233,-0.00306796,0.0143356,-0.0104774
35.53,-0.0552233,-0.00306796,0.012902,-0.00942967
35.532,-0.0552233,-0.00306796,0.0116118,-0.0084867
35.534,-0.0552233,-0.00306796,0.0104506,-0.00763803
35.536,-0.0552233,-0.00306796,0.00940557,-0.00687423
35.538,-0.0552233,-0.00306796,0.00846502,-0.00618681
35.54,-0.0552233,-0.00306796,0.00761852,-0.00556813
35.542,-0.0552233,-0.00306796,0.00685666,-0.00501131
35.544,-0.0552233,-0.00306796,0.006171,-0.00451018
35.546,-0.0552233,-0.00306796,0.0055539,-0.00405916
35.548,-0.0552233,-0.00306796,0.00499851,-0.00365325
35.55,-0.0552233,-0.00306796,0.00449866,-0.00328792
35.552,-0.0552233,-0.00306796,0.00404879,-0.00295913
35.554,-0.0552233,-0.00306796,0.00364391,-0.00266322
35.556,-0.0552233,-0.00613592,0.00327952,-0.155795
35.558,-0.0552233,-0.00613592,0.00295157,-0.140215
35.56,-0.0552233,-0.00613592,0.00265641,-0.126194
35.562,-0.0552233,-0.00613592,0.00239077,-0.113575
35.564,-0.0552233,-0.00613592,0.00215169,-0.102217
35.566,-0.0552233,-0.00613592,0.00193652,-0.0919954
35.568,-0.0552233,-0.00613592,0.00174287,-0.0827958
35.57,-0.0552233,-0.00613592,0.00156858,-0.0745163
35.572,-0.0552233,-0.00613592,0.00141173,-0.0670646
35.574,-0.0552233,-0.00613592,0.00127055,-0.0603582
35.576,-0.0552233,-0.00613592,0.0011435,-0.0543223
35.578,-0.0552233,-0.00613592,0.00102915,-0.0488901
35.58,-0.0552233,-0.00613592,0.000926234,-0.0440011
35.582,-0.0552233,-0.00613592,0.00083361,-0.039601
35.584,-0.0552233,-0.00613592,0.000750249,-0.0356409
35.586,-0.0521553,-0.00613592,0.154073,-0.0320768
35.588,-0.0521553,-0.00613592,0.138666,-0.0288691
35.59,-0.0521553,-0.00613592,0.124799,-0.0259822
35.592,-0.0521553,-0.00613592,0.112319,-0.023384
35.594,-0.0521553,-0.00306796,0.101087,0.132352
35.596,-0.0521553,-0.00306796,0.0909787,0.119117
35.598,-0.0521553,-0.00306796,0.0818809,0.107206
35.6,-0.0521553,-0.00306796,0.0736928,0.096485
35.602,-0.0521553,-0.00306796,0.0663235,0.0868365
35.604,-0.0521553,-0.00306796,0.0596912,0.0781528
35.606,-0.0521553,-0.00306796,0.053722,0.0703375
35.608,-0.0521553,-0.00306796,0.0483498,0.0633038
35.61,-0.0521553,-0.00306796,0.0435149,0.0569734
35.612,-0.0521553,-0.00306796,0.0391634,0.0512761
35.614,-0.0521553,-0.00306796,0.035247,0.0461485
35.616,-0.0490874,-0.00306796,0.18512,0.0415336
35.618,-0.0490874,-0.00306796,0.166608,0.0373803
35.62,-0.0490874,-0.00306796,0.149948,0.0336422
35.622,-0.0490874,-0.00306796,0.134953,0.030278
35.624,-0.0490874,-0.00306796,0.121457,0.0272502
35.626,-0.0490874,-0.00306796,0.109312,0.0245252
35.628,-0.0490874,-0.00306796,0.0983806,0.0220727
35.63,-0.0490874,-0.00306796,0.0885425,0.0198654
35.632,-0.0490874,-0.00306796,0.0796883,0.0178789
35.634,-0.0490874,-0.00306796,0.0717194,0.016091
35.636,-0.0490874,-0.00306796,0.0645475,0.0144819
35.638,-0.0490874,-0.00306796,0.0580927,0.0130337
35.64,-0.0490874,-0.00306796,0.0522835,0.0117303
35.642,-0.0460194,-0.00306796,0.200453,0.0105573
35.644,-0.0460194,-0.00306796,0.180408,0.00950156
35.646,-0.0460194,-0.00306796,0.162367,0.0085514
35.648,-0.0460194,-0.00306796,0.14613,0.00769626
35.65,-0.0460194,-0.00306796,0.131517,0.00692664
35.652,-0.0460194,-0.00306796,0.118366,0.00623397
35.654,-0.0460194,-0.00306796,0.106529,0.00561058
35.656,-0.0460194,-0.00306796,0.0958761,0.00504952
35.658,-0.0460194,-0.00306796,0.0862885,0.00454457
35.66,-0.0460194,-0.00306796,0.0776597,0.00409011
35.662,-0.0460194,-0.00306796,0.0698937,0.0036811
35.664,-0.0460194,-0.00306796,0.0629043,0.00331299
35.666,-0.0460194,-0.00306796,0.0566139,0.00298169
35.668,-0.0429515,-0.00306796,0.204351,0.00268352
35.67,-0.0429515,-0.00306796,0.183916,0.00241517
35.672,-0.0429515,-0.00306796,0.165524,0.00217365
35.674,-0.0429515,-0.00306796,0.148972,0.00195629
35.676,-0.0429515,-0.00306796,0.134074,0.00176066
35.678,-0.0429515,-0.00306796,0.120667,0.00158459
35.68,-0.0429515,-0.00306796,0.1086,0.00142613
35.682,-0.0429515,-0.00306796,0.0977403,0.00128352
35.684,-0.0429515,-0.00306796,0.0879662,0.00115517
35.686,-0.0429515,-0.00306796,0.0791696,0.00103965
35.688,-0.0429515,-0.00306796,0.0712526,0.000935686
35.69,-0.0429515,-0.00306796,0.0641274,0.000842117
35.692,-0.0429515,-0.00306796,0.0577146,0.000757906
35.694,-0.0429515,-0.00306796,0.0519432,0.000682115
35.696,-0.0398835,-0.00306796,0.200147,0.000613903
35.698,-0.0398835,-0.00306796,0.180132,0.000552513
35.7,-0.0398835,-0.00306796,0.162119,0.000497262
35.702,-0.0398835,-0.00306796,0.145907,0.000447536
35.704,-0.0398835,-0.00306796,0.131316,0.000402782
35.706,-0.0398835,-0.00306796,0.118185,0.000362504
35.708,-0.0398835,-0.00306796,0.106366,0.000326253
35.71,-0.0398835,-0.00306796,0.0957297,0.000293628
35.712,-0.0398835,-0.00306796,0.0861567,0.000264265
35.714,-0.0398835,-0.00306796,0.077541,0.000237839
35.716,-0.0398835,-0.00306796,0.0697869,0.000214055
35.718,-0.0398835,-0.00306796,0.0628082,0.000192649
35.72,-0.0398835,-0.00306796,0.0565274,0.000173384
35.722,-0.0398835,-0.00306796,0.0508747,0.000156046
35.724,-0.0398835,-0.00306796,0.0457872,0.000140441
35.726,-0.0398835,-0.00306796,0.0412085,0.000126397
35.728,-0.0398835,-0.00306796,0.0370876,0.000113758
35.73,-0.0368155,-0.00306796,0.186777,0.000102382
35.732,-0.0368155,-0.00306796,0.168099,9.21436e-05
35.734,-0.0368155,-0.00306796,0.151289,8.29293e-05
35.736,-0.0368155,-0.00306796,0.13616,7.46363e-05
35.738,-0.0368155,-0.00306796,0.122544,6.71727e-05
35.74,-0.0368155,-0.00306796,0.11029,6.04554e-05
35.742,-0.0368155,-0.00306796,0.0992609,5.44099e-05
35.744,-0.0368155,-0.00306796,0.0893348,4.89689e-05
35.746,-0.0368155,-0.00306796,0.0804014,4.4072e-05
35.748,-0.0368155,-0.00306796,0.0723612,3.96648e-05
35.75,-0.0368155,-0.00306796,0.0651251,3.56983e-05
35.752,-0.0368155,-0.00306796,0.0586126,3.21285e-05
35.754,-0.0337476,-0.00306796,0.206149,2.89156e-05
35.756,-0.0337476,-0.00306796,0.185534,2.60241e-05
35.758,-0.0337476,-0.00306796,0.166981,2.34217e-05
35.76,-0.0337476,-0.00306796,0.150283,2.10795e-05
35.762,-0.0337476,-0.00306796,0.135255,1.89716e-05
35.764,-0.0337476,-0.00306796,0.121729,1.70744e-05
35.766,-0.0337476,-0.00306796,0.109556,1.5367e-05
35.768,-0.0337476,-0.00306796,0.0986006,1.38303e-05
35.77,-0.0337476,-0.00306796,0.0887406,1.24472e-05
35.772,-0.0337476,-0.00306796,0.0798665,1.12025e-05
35.774,-0.0337476,-0.00306796,0.0718799,1.00823e-05
35.776,-0.0337476,-0.00306796,0.0646919,9.07404e-06
35.778,-0.0306796,-0.00306796,0.211621,8.16663e-06
35.78,-0.0306796,-0.00306796,0.190459,7.34997e-06
35.782,-0.0306796,-0.00306796,0.171413,6.61497e-06
35.784,-0.0306796,-0.00306796,0.154272,5.95347e-06
35.786,-0.0306796,-0.00306796,0.138844,5.35813e-06
35.788,-0.0306796,-0.00306796,0.12496,4.82231e-06
35.79,-0.0306796,-0.00306796,0.112464,4.34008e-06
35.792,-0.0306796,-0.00306796,0.101218,3.90607e-06
35.794,-0.0306796,-0.00306796,0.0910958,3.51547e-06
35.796,-0.0306796,-0.00306796,0.0819862,3.16392e-06
35.798,-0.0306796,-0.00306796,0.0737876,2.84753e-06
35.8,-0.0306796,-0.00306796,0.0664088,2.56278e-06
35.802,-0.0276117,-0.00306796,0.213166,2.3065e-06
35.804,-0.0276117,-0.00306796,0.191849,2.07585e-06
35.806,-0.0276117,-0.00306796,0.172664,1.86826e-06
35.808,-0.0276117,-0.00306796,0.155398,1.68144e-06
35.81,-0.0276117,-0.00306796,0.139858,1.51329e-06
35.812,-0.0276117,-0.00306796,0.125872,1.36196e-06
35.814,-0.0276117,-0.00306796,0.113285,1.22577e-06
35.816,-0.0276117,-0.00306796,0.101957,1.10319e-06
35.818,-0.0276117,-0.00306796,0.091761,9.92872e-07
35.82,-0.0276117,-0.00306796,0.0825849,8.93585e-07
35.822,-0.0276117,-0.00306796,0.0743264,8.04226e-07
35.824,-0.0276117,-0.00306796,0.0668938,7.23804e-07
35.826,-0.0245437,-0.00306796,0.213602,6.51423e-07
35.828,-0.0245437,-0.00306796,0.192242,5.86281e-07
35.83,-0.0245437,-0.00306796,0.173018,5.27653e-07
35.832,-0.0245437,-0.00306796,0.155716,4.74887e-07
35.834,-0.0245437,-0.00306796,0.140145,4.27399e-07
35.836,-0.0245437,-0.00306796,0.12613,3.84659e-07
35.838,-0.0245437,-0.00306796,0.113517,3.46193e-07
35.84,-0.0245437,-0.00306796,0.102165,3.11574e-07
35.842,-0.0214757,-0.00306796,0.245347,2.80416e-07
35.844,-0.0214757,-0.00306796,0.220812,2.52375e-07
35.846,-0.0214757,-0.00306796,0.198731,2.27137e-07
35.848,-0.0214757,-0.00306796,0.178858,2.04423e-07
35.85,-0.0214757,-0.00306796,0.160972,1.83981e-07
35.852,-0.0214757,-0.00306796,0.144875,1.65583e-07
35.854,-0.0184078,-0.00306796,0.283785,1.49025e-07
35.856,-0.0184078,-0.00306796,0.255407,1.34122e-07
35.858,-0.0184078,-0.00306796,0.229866,1.2071e-07
35.86,-0.0184078,-0.00306796,0.20688,1.08639e-07
35.862,-0.0184078,-0.00306796,0.186192,9.77751e-08
35.864,-0.0184078,-0.00306796,0.167572,8.79976e-08
35.866,-0.0153398,-0.00306796,0.304213,7.91978e-08
35.868,-0.0153398,0,0.273792,0.153398
35.87,-0.0153398,0,0.246413,0.138058
35.872,-0.0153398,0,0.221772,0.124253
35.874,-0.0153398,0,0.199594,0.111827
35.876,-0.0153398,0,0.179635,0.100645
35.878,-0.0122718,0,0.31507,0.0905801
35.88,-0.0122718,0,0.283563,0.0815221
35.882,-0.0122718,0,0.255206,0.0733699
35.884,-0.0122718,0.00306796,0.229686,0.219431
35.886,-0.00920388,0.00306796,0.360115,0.197488
35.888,-0.00920388,0.00306796,0.324104,0.177739
35.89,-0.00920388,0.00306796,0.291693,0.159965
35.892,-0.00920388,0.00306796,0.262524,0.143969
35.894,-0.00920388,0.00306796,0.236272,0.129572
35.896,-0.00613592,0.00306796,0.366042,0.116615
35.898,-0.00613592,0.00306796,0.329438,0.104953
35.9,-0.00613592,0.00306796,0.296494,0.0944578
35.902,-0.00613592,0.00306796,0.266845,0.085012
35.904,-0.00613592,0.00306796,0.24016,0.0765108
35.906,-0.00613592,0.00306796,0.216144,0.0688598
35.908,-0.00613592,0.00306796,0.19453,0.0619738
35.91,-0.00306796,0.00306796,0.328475,0.0557764
35.912,-0.00306796,0.00306796,0.295628,0.0501988
35.914,-0.00306796,0.00306796,0.266065,0.0451789
35.916,-0.00306796,0.00613592,0.239458,0.194059
35.918,-0.00306796,0.00613592,0.215512,0.174653
35.92,-0.00306796,0.00613592,0.193961,0.157188
35.922,-0.00306796,0.00613592,0.174565,0.141469
35.924,-0.00306796,0.00613592,0.157109,0.127322
35.926,-0,0.00613592,0.294796,0.11459
35.928,-0,0.00613592,0.265316,0.103131
35.93,-0,0.00613592,0.238785,0.0928179
35.932,-0,0.00613592,0.214906,0.0835361
35.934,-0,0.00613592,0.193416,0.0751825
35.936,-0,0.00613592,0.174074,0.0676642
35.938,-0,0.00613592,0.156667,0.0608978
35.94,-0,0.00613592,0.141,0.054808
35.942,-0,0.00613592,0.1269,0.0493272
35.944,-0,0.00613592,0.11421,0.0443945
35.946,-0,0.00613592,0.102789,0.039955
35.948,0.00306796,0.00613592,0.245908,0.0359595
35.95,0.00306796,0.00613592,0.221317,0.0323636
35.952,0.00306796,0.00613592,0.199186,0.0291272
35.954,0.00306796,0.00613592,0.179267,0.0262145
35.956,0.00306796,0.00613592,0.16134,0.0235931
35.958,0.00306796,0.00613592,0.145206,0.0212337
35.96,0.00306796,0.00306796,0.130686,-0.134288
35.962,0.00306796,0.00306796,0.117617,-0.120859
35.964,0.00306796,0.00306796,0.105855,-0.108773
35.966,0.00306796,0.00306796,0.0952698,-0.0978957
35.968,0.00306796,0.00306796,0.0857429,-0.0881062
35.97,0.00306796,0.00306796,0.0771686,-0.0792955
35.972,0.00306796,0.00306796,0.0694517,-0.071366
35.974,0.00613592,0.00306796,0.215905,-0.0642294
35.976,0.00613592,0.00306796,0.194314,-0.0578065
35.978,0.00613592,0.00306796,0.174883,-0.0520258
35.98,0.00613592,0.00306796,0.157394,-0.0468232
35.982,0.00613592,0.00306796,0.141655,-0.0421409
35.984,0.00613592,0.00306796,0.12749,-0.0379268
35.986,0.00613592,0.00306796,0.114741,-0.0341341
35.988,0.00613592,0.00306796,0.103267,-0.0307207
35.99,0.00613592,0.00613592,0.0929399,0.125749
35.992,0.00613592,0.00613592,0.0836459,0.113174
35.994,0.00613592,0.00613592,0.0752813,0.101857
35.996,0.00920388,0.00613592,0.221151,0.0916713
35.998,0.00920388,0.00613592,0.199036,0.0825042
36,0.00920388,0.00613592,0.179133,0.0742538
36.002,0.00920388,0.00613592,0.161219,0.0668284
36.004,0.00920388,0.00613592,0.145097,0.0601456
36.006,0.00920388,0.00613592,0.130588,0.054131
36.008,0.00920388,0.00613592,0.117529,0.0487179
36.01,0.00920388,0.00613592,0.105776,0.0438461
36.012,0.00920388,0.00613592,0.0951984,0.0394615
36.014,0.00920388,0.00613592,0.0856785,0.0355154
36.016,0.00920388,0.00613592,0.0771107,0.0319638
36.018,0.00920388,0.00613592,0.0693996,0.0287674
36.02,0.00920388,0.00613592,0.0624596,0.0258907
36.022,0.00920388,0.00613592,0.0562137,0.0233016
36.024,0.00920388,0.00613592,0.0505923,0.0209715
36.026,0.00920388,0.00613592,0.0455331,0.0188743
36.028,0.00920388,0.00613592,0.0409798,0.0169869
36.03,0.00920388,0.00613592,0.0368818,0.0152882
36.032,0.00920388,0.00613592,0.0331936,0.0137594
36.034,0.00920388,0.00613592,0.0298743,0.0123834
36.036,0.00920388,0.00306796,0.0268868,-0.142253
36.038,0.00920388,0.00306796,0.0241981,-0.128028
36.04,0.00920388,0.00306796,0.0217783,-0.115225
36.042,0.00920388,0.00306796,0.0196005,-0.103702
36.044,0.00920388,0.00306796,0.0176404,-0.0933322
36.046,0.00920388,0.00306796,0.0158764,-0.083999
36.048,0.00920388,0.00306796,0.0142888,-0.0755991
36.05,0.00920388,0.00306796,0.0128599,-0.0680392
36.052,0.00920388,0.00306796,0.0115739,-0.0612352
36.054,0.00920388,0.00306796,0.0104165,-0.0551117
36.056,0.00920388,0.00306796,0.00937486,-0.0496005
36.058,0.00920388,0.00306796,0.00843737,-0.0446405
36.06,0.00920388,0.00306796,0.00759363,-0.0401764
36.062,0.00920388,0.00306796,0.00683427,-0.0361588
36.064,0.00920388,0.00306796,0.00615084,-0.0325429
36.066,0.00920388,0.00306796,0.00553576,-0.0292886
36.068,0.00920388,0.00306796,0.00498218,-0.0263598
36.07,0.00920388,0.00306796,0.00448397,-0.0237238
36.072,0.00920388,0.00306796,0.00403557,-0.0213514
36.074,0.00920388,0.00306796,0.00363201,-0.0192163
36.076,0.00920388,0.00306796,0.00326881,-0.0172946
36.078,0.00920388,0.00306796,0.00294193,-0.0155652
36.08,0.00920388,0.00306796,0.00264774,-0.0140087
36.082,0.00920388,0.00306796,0.00238296,-0.0126078
36.084,0.00920388,0.00306796,0.00214467,-0.011347
36.086,0.00920388,0.00306796,0.0019302,-0.0102123
36.088,0.00920388,0.00306796,0.00173718,-0.00919108
36.09,0.00920388,0.00306796,0.00156346,-0.00827197
36.092,0.00920388,0.00306796,0.00140712,-0.00744478
36.094,0.00920388,0.00306796,0.0012664,-0.0067003
36.096,0.00920388,0,0.00113976,-0.159428
36.098,0.00920388,0,0.00102579,-0.143486
36.1,0.00920388,0,0.000923209,-0.129137
36.102,0.00920388,0,0.000830888,-0.116223
36.104,0.00920388,0,0.000747799,-0.104601
36.106,0.00920388,0,0.000673019,-0.0941408
36.108,0.00920388,0,0.000605717,-0.0847268
36.11,0.00920388,0,0.000545145,-0.0762541
36.112,0.00920388,0,0.000490631,-0.0686287
36.114,0.00920388,0,0.000441568,-0.0617658
36.116,0.0122718,0,0.153795,-0.0555892
36.118,0.0122718,0,0.138416,-0.0500303
36.12,0.0122718,0,0.124574,-0.0450273
36.122,0.0122718,0,0.112117,-0.0405245
36.124,0.0122718,0,0.100905,-0.0364721
36.126,0.0122718,0,0.0908147,-0.0328249
36.128,0.0122718,0.00306796,0.0817332,0.123856
36.13,0.0122718,0.00306796,0.0735599,0.11147
36.132,0.0122718,0.00306796,0.0662039,0.100323
36.134,0.0122718,0.00306796,0.0595835,0.0902908
36.136,0.0122718,0.00306796,0.0536252,0.0812617
36.138,0.0122718,0.00306796,0.0482627,0.0731355
36.14,0.0122718,0.00306796,0.0434364,0.065822
36.142,0.0122718,0.00306796,0.0390928,0.0592398
36.144,0.0122718,0.00306796,0.0351835,0.0533158
36.146,0.0122718,0.00306796,0.0316651,0.0479842
36.148,0.0122718,0.00306796,0.0284986,0.0431858
36.15,0.0122718,0.00306796,0.0256488,0.0388672
36.152,0.0122718,0.00306796,0.0230839,0.0349805
36.154,0.0122718,0.00306796,0.0207755,0.0314825
36.156,0.0122718,0.00306796,0.0186979,0.0283342
36.158,0.0122718,0.00306796,0.0168281,0.0255008
36.16,0.0122718,0.00306796,0.0151453,0.0229507
36.162,0.0122718,0.00306796,0.0136308,0.0206556
36.164,0.0122718,0.00306796,0.0122677,0.0185901
36.166,0.0122718,0.00306796,0.0110409,0.0167311
36.168,0.0122718,0.00306796,0.00993685,0.015058
36.17,0.0122718,0.00306796,0.00894317,0.0135522
36.172,0.0122718,0,0.00804885,-0.141201
36.174,0.0122718,0,0.00724397,-0.127081
36.176,0.0122718,0,0.00651957,-0.114373
36.178,0.0122718,0,0.00586761,-0.102936
36.18,0.0122718,0,0.00528085,-0.0926421
36.182,0.0122718,0,0.00475277,-0.0833779
36.184,0.0122718,0,0.00427749,-0.0750401
36.186,0.0122718,0,0.00384974,-0.0675361
36.188,0.0122718,0,0.00346477,-0.0607825
36.19,0.0122718,0,0.00311829,-0.0547042
36.192,0.0122718,0,0.00280646,-0.0492338
36.194,0.0122718,0,0.00252581,-0.0443104
36.196,0.0122718,0,0.00227323,-0.0398794
36.198,0.0122718,0,0.00204591,-0.0358914
36.2,0.0122718,0,0.00184132,-0.0323023
36.202,0.0122718,0,0.00165719,-0.0290721
36.204,0.0122718,0,0.00149147,-0.0261649
36.206,0.0122718,0,0.00134232,-0.0235484
36.208,0.0122718,0,0.00120809,-0.0211935
36.21,0.0122718,0,0.00108728,-0.0190742
36.212,0.0122718,0,0.000978552,-0.0171668
36.214,0.0122718,0,0.000880697,-0.0154501
36.216,0.0122718,0,0.000792627,-0.0139051
36.218,0.0122718,0,0.000713365,-0.0125146
36.22,0.0122718,0,0.000642028,-0.0112631
36.222,0.0122718,0,0.000577825,-0.0101368
36.224,0.0122718,0,0.000520043,-0.00912312
36.226,0.0122718,0,0.000468039,-0.00821081
36.228,0.0122718,0,0.000421235,-0.00738973
36.23,0.0122718,0,0.000379111,-0.00665076
36.232,0.0122718,0,0.0003412,-0.00598568
36.234,0.0122718,0,0.00030708,-0.00538711
36.236,0.0122718,0,0.000276372,-0.0048484
36.238,0.0122718,0,0.000248735,-0.00436356
36.24,0.0122718,0,0.000223861,-0.0039272
36.242,0.0122718,0,0.000201475,-0.00353448
36.244,0.0122718,0,0.000181328,-0.00318104
36.246,0.0122718,0,0.000163195,-0.00286293
36.248,0.0122718,0,0.000146875,-0.00257664
36.25,0.0122718,0,0.000132188,-0.00231897
36.252,0.0122718,0,0.000118969,-0.00208708
36.254,0.0122718,0,0.000107072,-0.00187837
36.256,0.0122718,0,9.6365e-05,-0.00169053
36.258,0.0122718,0,8.67285e-05,-0.00152148
36.26,0.0122718,0,7.80556e-05,-0.00136933
36.262,0.0122718,0,7.02501e-05,-0.0012324
36.264,0.0122718,0,6.32251e-05,-0.00110916
36.266,0.0122718,0,5.69026e-05,-0.000998243
36.268,0.0122718,0,5.12123e-05,-0.000898418
36.27,0.0122718,0,4.60911e-05,-0.000808577
36.272,0.0122718,0,4.1482e-05,-0.000727719
36.274,0.0122718,0,3.73338e-05,-0.000654947
36.276,0.0122718,0,3.36004e-05,-0.000589452
36.278,0.0122718,0,3.02404e-05,-0.000530507
36.28,0.0122718,0,2.72163e-05,-0.000477456
36.282,0.0122718,0,2.44947e-05,-0.000429711
36.284,0.0122718,0,2.20452e-05,-0.00038674
36.286,0.0122718,0,1.98407e-05,-0.000348066
36.288,0.0122718,0,1.78566e-05,-0.000313259
36.29,0.0122718,0,1.6071e-05,-0.000281933
36.292,0.0122718,0,1.44639e-05,-0.00025374
36.294,0.0122718,0,1.30175e-05,-0.000228366
36.296,0.0122718,0,1.17157e-05,-0.000205529
36.298,0.0122718,0,1.05442e-05,-0.000184976
36.3,0.0122718,0,9.48974e-06,-0.000166479
36.302,0.0122718,0,8.54077e-06,-0.000149831
36.304,0.0122718,0,7.68669e-06,-0.000134848
36.306,0.0122718,0,6.91802e-06,-0.000121363
36.308,0.0122718,0,6.22622e-06,-0.000109227
36.31,0.0122718,0,5.6036e-06,-9.8304e-05
36.312,0.0122718,0,5.04324e-06,-8.84736e-05
36.314,0.0122718,0,4.53891e-06,-7.96263e-05
36.316,0.0122718,0,4.08502e-06,-7.16636e-05
36.318,0.0122718,0,3.67652e-06,-6.44973e-05
36.32,0.0122718,0,3.30887e-06,-5.80475e-05
36.322,0.0122718,0,2.97798e-06,-5.22428e-05
36.324,0.0122718,0,2.68018e-06,-4.70185e-05
36.326,0.0122718,0,2.41217e-06,-4.23167e-05
36.328,0.0122718,0,2.17095e-06,-3.8085e-05
36.33,0.0122718,0,1.95385e-06,-3.42765e-05
36.332,0.0122718,0,1.75847e-06,-3.08488e-05
36.334,0.0122718,0,1.58262e-06,-2.7764e-05
36.336,0.0122718,0,1.42436e-06,-2.49876e-05
36.338,0.0122718,0,1.28192e-06,-2.24888e-05
36.34,0.0122718,0,1.15373e-06,-2.02399e-05
36.342,0.0122718,0,1.03836e-06,-1.82159e-05
36.344,0.0122718,0,9.34522e-07,-1.63943e-05
36.346,0.0122718,0,8.4107e-07,-1.47549e-05
36.348,0.0122718,0,7.56963e-07,-1.32794e-05
36.35,0.0122718,0,6.81267e-07,-1.19515e-05
36.352,0.0122718,0,6.1314e-07,-1.07563e-05
36.354,0.0122718,0,5.51826e-07,-9.68069e-06
36.356,0.0122718,0,4.96643e-07,-8.71263e-06
36.358,0.0122718,0,4.46979e-07,-7.84136e-06
36.36,0.0122718,0,4.02281e-07,-7.05723e-06
36.362,0.0122718,0,3.62053e-07,-6.3515e-06
36.364,0.0122718,0,3.25848e-07,-5.71635e-06
36.366,0.0122718,0,2.93263e-07,-5.14472e-06
36.368,0.0122718,0,2.63937e-07,-4.63025e-06
36.37,0.0122718,0,2.37543e-07,-4.16722e-06
36.372,0.0122718,0,2.13789e-07,-3.7505e-06
36.374,0.0122718,0,1.9241e-07,-3.37545e-06
36.376,0.0122718,0,1.73169e-07,-3.0379e-06
36.378,0.0122718,0,1.55852e-07,-2.73411e-06
36.38,0.0122718,0,1.40267e-07,-2.4607e-06
36.382,0.0122718,0,1.2624e-07,-2.21463e-06
36.384,0.0122718,0,1.13616e-07,-1.99317e-06
36.386,0.0122718,0.00306796,1.02254e-07,0.153396
36.388,0.0122718,0.00306796,9.2029e-08,0.138057
36.39,0.0122718,0.00306796,8.28261e-08,0.124251
36.392,0.0122718,0.00306796,7.45435e-08,0.111826
36.394,0.0122718,0.00306796,6.70892e-08,0.100643
36.396,0.0122718,0.00306796,6.03803e-08,0.090579
36.398,0.0122718,0.00306796,5.43422e-08,0.0815211
36.4,0.0122718,0,4.8908e-08,-0.0800291
36.402,0.0122718,0,4.40172e-08,-0.0720262
36.404,0.0122718,0,3.96155e-08,-0.0648236
36.406,0.0122718,0,3.56539e-08,-0.0583412
36.408,0.0122718,0,3.20885e-08,-0.0525071
36.41,0.0122718,0,2.88797e-08,-0.0472564
36.412,0.00920388,0,-0.153398,-0.0425308
36.414,0.00920388,0,-0.138058,-0.0382777
36.416,0.00920388,0,-0.124252,-0.0344499
36.418,0.00920388,0,-0.111827,-0.0310049
36.42,0.00920388,0,-0.100644,-0.0279044
36.422,0.00920388,0,-0.09058,-0.025114
36.424,0.00920388,0,-0.081522,-0.0226026
36.426,0.00920388,0,-0.0733698,-0.0203423
36.428,0.00920388,0,-0.0660328,-0.0183081
36.43,0.00920388,0,-0.0594295,-0.0164773
36.432,0.00920388,0,-0.0534866,-0.0148296
36.434,0.00920388,0,-0.0481379,-0.0133466
36.436,0.00920388,0,-0.0433241,-0.0120119
36.438,0.00920388,0,-0.0389917,-0.0108107
36.44,0.00920388,0,-0.0350926,-0.00972967
36.442,0.00920388,0,-0.0315833,-0.0087567
36.444,0.00920388,0,-0.028425,-0.00788103
36.446,0.00920388,0,-0.0255825,-0.00709293
36.448,0.00920388,0,-0.0230242,-0.00638364
36.45,0.00920388,0,-0.0207218,-0.00574527
36.452,0.00920388,0,-0.0186496,-0.00517075
36.454,0.00920388,0,-0.0167847,-0.00465367
36.456,0.00920388,0,-0.0151062,-0.0041883
36.458,0.00920388,0,-0.0135956,-0.00376947
36.46,0.00920388,0,-0.012236,-0.00339253
36.462,0.00920388,0,-0.0110124,-0.00305327
36.464,0.00920388,0,-0.00991117,-0.00274795
36.466,0.00920388,0,-0.00892006,-0.00247315
36.468,0.00920388,0,-0.00802805,-0.00222584
36.47,0.00920388,0,-0.00722525,-0.00200325
36.472,0.00920388,0,-0.00650272,-0.00180293
36.474,0.00920388,0,-0.00585245,-0.00162264
36.476,0.00920388,0,-0.0052672,-0.00146037
36.478,0.00920388,0,-0.00474048,-0.00131433
36.48,0.00920388,0,-0.00426644,-0.0011829
36.482,0.00920388,0,-0.00383979,-0.00106461
36.484,0.00920388,0,-0.00345581,-0.00095815
36.486,0.00920388,0,-0.00311023,-0.000862335
36.488,0.00920388,0,-0.00279921,-0.000776101
36.49,0.00920388,0,-0.00251929,-0.000698491
36.492,0.00920388,0,-0.00226736,-0.000628642
36.494,0.00920388,0,-0.00204062,-0.000565778
36.496,0.00920388,0,-0.00183656,-0.0005092
36.498,0.00920388,0,-0.0016529,-0.00045828
36.5,0.00920388,0,-0.00148761,-0.000412452
36.502,0.00920388,0,-0.00133885,-0.000371207
36.504,0.00920388,0,-0.00120497,-0.000334086
36.506,0.00920388,0,-0.00108447,-0.000300678
36.508,0.00920388,0,-0.000976024,-0.00027061
36.51,0.00920388,0.00306796,-0.000878421,0.153155
36.512,0.00920388,0.00306796,-0.000790579,0.137839
36.514,0.00920388,0.00306796,-0.000711521,0.124055
36.516,0.00920388,0.00306796,-0.000640369,0.11165
36.518,0.00920388,0.00306796,-0.000576332,0.100485
36.52,0.00920388,0.00306796,-0.000518699,0.0904362
36.522,0.00920388,0.00306796,-0.000466829,0.0813926
36.524,0.00920388,0.00306796,-0.000420146,0.0732533
36.526,0.00920388,0.00306796,-0.000378132,0.065928
36.528,0.00920388,0,-0.000340318,-0.0940629
36.53,0.00613592,0,-0.153704,-0.0846566
36.532,0.00613592,0,-0.138334,-0.0761909
36.534,0.00613592,0,-0.124501,-0.0685718
36.536,0.00613592,0,-0.11205,-0.0617147
36.538,0.00613592,0,-0.100845,-0.0555432
36.54,0.00613592,0,-0.0907609,-0.0499889
36.542,0.00613592,0,-0.0816848,-0.04499
36.544,0.00613592,0,-0.0735163,-0.040491
36.546,0.00613592,0,-0.0661647,-0.0364419
36.548,0.00613592,0,-0.0595482,-0.0327977
36.55,0.00613592,0,-0.0535934,-0.0295179
36.552,0.00613592,0,-0.0482341,-0.0265661
36.554,0.00613592,0,-0.0434107,-0.0239095
36.556,0.00613592,0,-0.0390696,-0.0215186
36.558,0.00613592,0,-0.0351626,-0.0193667
36.56,0.00613592,0,-0.0316464,-0.01743
36.562,0.00613592,0,-0.0284817,-0.015687
36.564,0.00613592,0,-0.0256336,-0.0141183
36.566,0.00613592,0,-0.0230702,-0.0127065
36.568,0.00613592,0,-0.0207632,-0.0114358
36.57,0.00613592,0,-0.0186869,-0.0102923
36.572,0.00613592,0,-0.0168182,-0.00926304
36.574,0.00306796,0,-0.168534,-0.00833673
36.576,0.00306796,0,-0.151681,-0.00750306
36.578,0.00306796,0,-0.136513,-0.00675275
36.58,0.00306796,0,-0.122862,-0.00607748
36.582,0.00306796,0,-0.110575,-0.00546973
36.584,0.00306796,0,-0.0995179,-0.00492276
36.586,0.00306796,0,-0.0895661,-0.00443048
36.588,0.00306796,0,-0.0806095,-0.00398743
36.59,0.00306796,0,-0.0725485,-0.00358869
36.592,0.00306796,0,-0.0652937,-0.00322982
36.594,0.00306796,0,-0.0587643,-0.00290684
36.596,0.00306796,0,-0.0528879,-0.00261616
36.598,0.00306796,0,-0.0475991,-0.00235454
36.6,0.00306796,0,-0.0428392,-0.00211909
36.602,0.00306796,0,-0.0385553,-0.00190718
36.604,0.00306796,0,-0.0346997,-0.00171646
36.606,0.00306796,0,-0.0312298,-0.00154481
36.608,0.00306796,0,-0.0281068,-0.00139033
36.61,0.00306796,0,-0.0252961,-0.0012513
36.612,0.00306796,0,-0.0227665,-0.00112617
36.614,0.00306796,0,-0.0204899,-0.00101355
36.616,0.00306796,0,-0.0184409,-0.000912197
36.618,0.00306796,0,-0.0165968,-0.000820977
36.62,0.00306796,0,-0.0149371,-0.00073888
36.622,0.00306796,0,-0.0134434,-0.000664992
36.624,0.00306796,0,-0.0120991,-0.000598492
36.626,0.00306796,0.00306796,-0.0108891,0.152859
36.628,0.00306796,0.00306796,-0.00980023,0.137573
36.63,0.00306796,0.00306796,-0.00882021,0.123816
36.632,0.00306796,0.00306796,-0.00793819,0.111435
36.634,0.00306796,0.00306796,-0.00714437,0.100291
36.636,0.00306796,0.00306796,-0.00642993,0.090262
36.638,0.00306796,0.00306796,-0.00578694,0.0812358
36.64,0.00306796,0.00306796,-0.00520825,0.0731122
36.642,0.00306796,0.00306796,-0.00468742,0.065801
36.644,0.00306796,0.00306796,-0.00421868,0.0592209
36.646,0.00306796,0.00306796,-0.00379681,0.0532988
36.648,-0,0.00306796,-0.156815,0.0479689
36.65,-0,0.00306796,-0.141134,0.043172
36.652,-0,0.00306796,-0.12702,0.0388548
36.654,-0,0,-0.114318,-0.118429
36.656,-0,0,-0.102886,-0.106586
36.658,-0,0,-0.0925978,-0.0959273
36.66,-0,0,-0.083338,-0.0863346
36.662,-0,0,-0.0750042,-0.0777011
36.664,-0,0,-0.0675038,-0.069931
36.666,-0,0,-0.0607534,-0.0629379
36.668,-0.00306796,0,-0.208076,-0.0566441
36.67,-0.00306796,0,-0.187269,-0.0509797
36.672,-0.00306796,0,-0.168542,-0.0458817
36.674,-0.00306796,0,-0.151688,-0.0412935
36.676,-0.00306796,0,-0.136519,-0.0371642
36.678,-0.00306796,0,-0.122867,-0.0334478
36.68,-0.00306796,0,-0.11058,-0.030103
36.682,-0.00306796,0,-0.0995222,-0.0270927
36.684,-0.00306796,0,-0.08957,-0.0243834
36.686,-0.00306796,0,-0.080613,-0.0219451
36.688,-0.00306796,0,-0.0725517,-0.0197506
36.69,-0.00306796,0,-0.0652965,-0.0177755
36.692,-0.00306796,0,-0.0587669,-0.015998
36.694,-0.00306796,0,-0.0528902,-0.0143982
36.696,-0.00306796,0,-0.0476012,-0.0129584
36.698,-0.00613592,-0.00306796,-0.196239,-0.165061
36.7,-0.00613592,-0.00306796,-0.176615,-0.148555
36.702,-0.00613592,-0.00306796,-0.158954,-0.133699
36.704,-0.00613592,-0.00306796,-0.143058,-0.120329
36.706,-0.00613592,-0.00306796,-0.128752,-0.108296
36.708,-0.00613592,-0.00306796,-0.115877,-0.0974666
36.71,-0.00613592,-0.00306796,-0.10429,-0.08772
36.712,-0.00613592,-0.00306796,-0.0938606,-0.078948
36.714,-0.00613592,-0.00306796,-0.0844745,-0.0710532
36.716,-0.00613592,-0.00306796,-0.0760271,-0.0639479
36.718,-0.00613592,-0.00306796,-0.0684243,-0.0575531
36.72,-0.00613592,-0.00306796,-0.0615819,-0.0517978
36.722,-0.00613592,-0.00306796,-0.0554237,-0.046618
36.724,-0.00613592,-0.00306796,-0.0498814,-0.0419562
36.726,-0.00613592,0,-0.0448932,0.115638
36.728,-0.00613592,0,-0.0404039,0.104074
36.73,-0.00613592,0,-0.0363635,0.0936664
36.732,-0.00613592,0,-0.0327272,0.0842997
36.734,-0.00613592,0,-0.0294544,0.0758698
36.736,-0.00613592,0,-0.026509,0.0682828
36.738,-0.00613592,0,-0.0238581,0.0614545
36.74,-0.00613592,0,-0.0214723,0.0553091
36.742,-0.00613592,0,-0.0193251,0.0497782
36.744,-0.00613592,0,-0.0173926,0.0448003
36.746,-0.00920388,0,-0.169051,0.0403203
36.748,-0.00920388,0,-0.152146,0.0362883
36.75,-0.00920388,0,-0.136932,0.0326594
36.752,-0.00920388,-0.00306796,-0.123238,-0.124005
36.754,-0.00920388,-0.00306796,-0.110915,-0.111604
36.756,-0.00920388,-0.00306796,-0.0998231,-0.100444
36.758,-0.00920388,-0.00306796,-0.0898408,-0.0903993
36.76,-0.00920388,-0.00306796,-0.0808567,-0.0813594
36.762,-0.00920388,-0.00306796,-0.0727711,-0.0732235
36.764,-0.00920388,-0.00306796,-0.065494,-0.0659011
36.766,-0.00920388,-0.00306796,-0.0589446,-0.059311
36.768,-0.00920388,-0.00306796,-0.0530501,-0.0533799
36.77,-0.00920388,-0.00306796,-0.0477451,-0.0480419
36.772,-0.00920388,-0.00306796,-0.0429706,-0.0432377
36.774,-0.00920388,-0.00306796,-0.0386735,-0.0389139
36.776,-0.0122718,-0.00306796,-0.188204,-0.0350226
36.778,-0.0122718,-0.00306796,-0.169384,-0.0315203
36.78,-0.0122718,-0.00306796,-0.152445,-0.0283683
36.782,-0.0122718,-0.00306796,-0.137201,-0.0255314
36.784,-0.0122718,-0.00306796,-0.123481,-0.0229783
36.786,-0.0122718,-0.00306796,-0.111133,-0.0206805
36.788,-0.0122718,-0.00306796,-0.100019,-0.0186124
36.79,-0.0122718,-0.00306796,-0.0900175,-0.0167512
36.792,-0.0122718,-0.00306796,-0.0810158,-0.0150761
36.794,-0.0122718,-0.00306796,-0.0729142,-0.0135685
36.796,-0.0122718,-0.00306796,-0.0656228,-0.0122116
36.798,-0.0122718,-0.00306796,-0.0590605,-0.0109904
36.8,-0.0122718,-0.00306796,-0.0531544,-0.0098914
36.802,-0.0122718,-0.00306796,-0.047839,-0.00890226
36.804,-0.0122718,-0.00306796,-0.0430551,-0.00801204
36.806,-0.0122718,-0.00306796,-0.0387496,-0.00721083
36.808,-0.0122718,-0.00306796,-0.0348746,-0.00648975
36.81,-0.0122718,-0.00306796,-0.0313872,-0.00584078
36.812,-0.0122718,-0.00306796,-0.0282484,-0.0052567
36.814,-0.0122718,-0.00306796,-0.0254236,-0.00473103
36.816,-0.0122718,0,-0.0228812,0.14914
36.818,-0.0122718,0,-0.0205931,0.134226
36.82,-0.0122718,0,-0.0185338,0.120804
36.822,-0.0122718,0,-0.0166804,0.108723
36.824,-0.0122718,0,-0.0150124,0.0978509
36.826,-0.0122718,0,-0.0135111,0.0880658
36.828,-0.0122718,0,-0.01216,0.0792592
36.83,-0.0122718,0,-0.010944,0.0713333
36.832,-0.0122718,0,-0.00984963,0.0641999
36.834,-0.0122718,0,-0.00886466,0.05778
36.836,-0.0122718,0,-0.0079782,0.052002
36.838,-0.0122718,0,-0.00718038,0.0468018
36.84,-0.0122718,0,-0.00646234,0.0421216
36.842,-0.0122718,0,-0.00581611,0.0379094
36.844,-0.0153398,0,-0.158633,0.0341185
36.846,-0.0153398,0,-0.142769,0.0307066
36.848,-0.0153398,-0.00306796,-0.128492,-0.125762
36.85,-0.0153398,-0.00306796,-0.115643,-0.113186
36.852,-0.0153398,-0.00306796,-0.104079,-0.101867
36.854,-0.0153398,-0.00306796,-0.0936709,-0.0916806
36.856,-0.0153398,-0.00306796,-0.0843039,-0.0825125
36.858,-0.0153398,-0.00306796,-0.0758735,-0.0742613
36.86,-0.0153398,-0.00306796,-0.0682861,-0.0668351
36.862,-0.0153398,-0.00306796,-0.0614575,-0.0601516
36.864,-0.0153398,-0.00306796,-0.0553118,-0.0541365
36.866,-0.0153398,-0.00306796,-0.0497806,-0.0487228
36.868,-0.0153398,-0.00306796,-0.0448025,-0.0438505
36.87,-0.0153398,-0.00306796,-0.0403223,-0.0394655
36.872,-0.0153398,-0.00306796,-0.03629,-0.0355189
36.874,-0.0153398,-0.00306796,-0.032661,-0.031967
36.876,-0.0153398,-0.00306796,-0.0293949,-0.0287703
36.878,-0.0153398,-0.00306796,-0.0264554,-0.0258933
36.88,-0.0153398,-0.00306796,-0.0238099,-0.023304
36.882,-0.0153398,-0.00306796,-0.0214289,-0.0209736
36.884,-0.0153398,-0.00306796,-0.019286,-0.0188762
36.886,-0.0153398,-0.00306796,-0.0173574,-0.0169886
36.888,-0.0153398,-0.00306796,-0.0156217,-0.0152897
36.89,-0.0153398,-0.00306796,-0.0140595,-0.0137608
36.892,-0.0153398,-0.00306796,-0.0126536,-0.0123847
36.894,-0.0153398,0,-0.0113882,0.142252
36.896,-0.0153398,0,-0.0102494,0.128027
36.898,-0.0153398,0,-0.00922444,0.115224
36.9,-0.0153398,0,-0.008302,0.103702
36.902,-0.0153398,0,-0.0074718,0.0933314
36.904,-0.0153398,0,-0.00672462,0.0839983
36.906,-0.0153398,0,-0.00605216,0.0755985
36.908,-0.0153398,0,-0.00544694,0.0680386
36.91,-0.0153398,0,-0.00490225,0.0612348
36.912,-0.0153398,0,-0.00441202,0.0551113
36.914,-0.0153398,0,-0.00397082,0.0496002
36.916,-0.0153398,0,-0.00357374,0.0446401
36.918,-0.0153398,0,-0.00321636,0.0401761
36.92,-0.0184078,0,-0.156293,0.0361585
36.922,-0.0184078,0,-0.140664,0.0325427
36.924,-0.0184078,0,-0.126597,0.0292884
36.926,-0.0184078,-0.00306796,-0.113937,-0.127039
36.928,-0.0184078,-0.00306796,-0.102544,-0.114335
36.93,-0.0184078,-0.00306796,-0.0922893,-0.102901
36.932,-0.0184078,-0.00306796,-0.0830604,-0.0926111
36.934,-0.0184078,-0.00306796,-0.0747544,-0.08335
36.936,-0.0184078,-0.00306796,-0.0672789,-0.075015
36.938,-0.0184078,-0.00306796,-0.060551,-0.0675135
36.94,-0.0184078,-0.00306796,-0.0544959,-0.0607621
36.942,-0.0184078,-0.00306796,-0.0490463,-0.0546859
36.944,-0.0184078,-0.00306796,-0.0441417,-0.0492173
36.946,-0.0184078,-0.00306796,-0.0397275,-0.0442956
36.948,-0.0184078,-0.00306796,-0.0357548,-0.039866
36.95,-0.0184078,-0.00306796,-0.0321793,-0.0358794
36.952,-0.0184078,-0.00306796,-0.0289614,-0.0322915
36.954,-0.0184078,-0.00306796,-0.0260652,-0.0290623
36.956,-0.0184078,-0.00306796,-0.0234587,-0.0261561
36.958,-0.0184078,-0.00306796,-0.0211128,-0.0235405
36.96,-0.0184078,-0.00306796,-0.0190016,-0.0211864
36.962,-0.0184078,-0.00306796,-0.0171014,-0.0190678
36.964,-0.0184078,-0.00306796,-0.0153913,-0.017161
36.966,-0.0184078,-0.00306796,-0.0138521,-0.0154449
36.968,-0.0184078,-0.00306796,-0.0124669,-0.0139004
36.97,-0.0184078,-0.00306796,-0.0112202,-0.0125104
36.972,-0.0184078,-0.00306796,-0.0100982,-0.0112593
36.974,-0.0184078,0,-0.00908839,0.143265
36.976,-0.0184078,0,-0.00817955,0.128938
36.978,-0.0184078,0,-0.00736159,0.116044
36.98,-0.0184078,0,-0.00662543,0.10444
36.982,-0.0184078,0,-0.00596289,0.0939959
36.984,-0.0184078,0,-0.0053666,0.0845964
36.986,-0.0184078,0,-0.00482994,0.0761367
36.988,-0.0184078,0,-0.00434695,0.068523
36.99,-0.0184078,0,-0.00391225,0.0616707
36.992,-0.0184078,0,-0.00352103,0.0555037
36.994,-0.0184078,0,-0.00316892,0.0499533
36.996,-0.0184078,0,-0.00285203,0.044958
36.998,-0.0184078,0,-0.00256683,0.0404622
37,-0.0184078,0,-0.00231015,0.036416
37.002,-0.0184078,-0.00306796,-0.00207913,-0.120624
37.004,-0.0184078,-0.00306796,-0.00187122,-0.108561
37.006,-0.0184078,-0.00306796,-0.0016841,-0.0977052
37.008,-0.0184078,-0.00306796,-0.00151569,-0.0879347
37.01,-0.0184078,-0.00306796,-0.00136412,-0.0791412
37.012,-0.0184078,-0.00306796,-0.00122771,-0.0712271
37.014,-0.0184078,-0.00306796,-0.00110494,-0.0641044
37.016,-0.0184078,-0.00306796,-0.000994442,-0.057694
37.018,-0.0184078,-0.00306796,-0.000894998,-0.0519246
37.02,-0.0184078,0,-0.000805498,0.106666
37.022,-0.0184078,0,-0.000724948,0.0959994
37.024,-0.0184078,0,-0.000652453,0.0863994
37.026,-0.0184078,0,-0.000587208,0.0777595
37.028,-0.0184078,0,-0.000528487,0.0699835
37.03,-0.0184078,0,-0.000475639,0.0629852
37.032,-0.0184078,0,-0.000428075,0.0566867
37.034,-0.0184078,0,-0.000385267,0.051018
37.036,-0.0184078,0,-0.00034674,0.0459162
37.038,-0.0184078,0,-0.000312066,0.0413246
37.04,-0.0184078,0,-0.00028086,0.0371921
37.042,-0.0184078,0,-0.000252774,0.0334729
37.044,-0.0184078,0,-0.000227496,0.0301256
37.046,-0.0184078,0,-0.000204747,0.0271131
37.048,-0.0184078,0,-0.000184272,0.0244018
37.05,-0.0184078,0,-0.000165845,0.0219616
37.052,-0.0184078,0,-0.00014926,0.0197654
37.054,-0.0184078,0,-0.000134334,0.0177889
37.056,-0.0184078,0,-0.000120901,0.01601
37.058,-0.0184078,0,-0.000108811,0.014409
37.06,-0.0184078,0,-9.79298e-05,0.0129681
37.062,-0.0184078,0,-8.81368e-05,0.0116713
37.064,-0.0184078,0,-7.93231e-05,0.0105042
37.066,-0.0184078,0,-7.13908e-05,0.00945374
37.068,-0.0184078,0,-6.42517e-05,0.00850837
37.07,-0.0184078,0,-5.78265e-05,0.00765753
37.072,-0.0184078,0,-5.20439e-05,0.00689178
37.074,-0.0184078,0,-4.68395e-05,0.0062026
37.076,-0.0184078,0,-4.21555e-05,0.00558234
37.078,-0.0184078,0,-3.794e-05,0.0050241
37.08,-0.0184078,0,-3.4146e-05,0.00452169
37.082,-0.0184078,0,-3.07314e-05,0.00406952
37.084,-0.0184078,0,-2.76583e-05,0.00366257
37.086,-0.0184078,0,-2.48924e-05,0.00329632
37.088,-0.0184078,0,-2.24032e-05,0.00296668
37.09,-0.0184078,0.00306796,-2.01629e-05,0.156068
37.092,-0.0184078,0.00306796,-1.81466e-05,0.140461
37.094,-0.0184078,0.00306796,-1.63319e-05,0.126415
37.096,-0.0184078,0.00306796,-1.46987e-05,0.113774
37.098,-0.0184078,0.00306796,-1.32289e-05,0.102396
37.1,-0.0184078,0.00306796,-1.1906e-05,0.0921566
37.102,-0.0184078,0.00306796,-1.07154e-05,0.082941
37.104,-0.0214757,0.00306796,-0.153408,0.0746469
37.106,-0.0214757,0,-0.138067,-0.0862159
37.108,-0.0214757,0,-0.12426,-0.0775943
37.11,-0.0214757,0,-0.111834,-0.0698349
37.112,-0.0214757,0,-0.100651,-0.0628514
37.114,-0.0214757,0,-0.0905857,-0.0565662
37.116,-0.0214757,0,-0.0815272,-0.0509096
37.118,-0.0214757,0,-0.0733744,-0.0458187
37.12,-0.0214757,0,-0.066037,-0.0412368
37.122,-0.0214757,0,-0.0594333,-0.0371131
37.124,-0.0214757,0,-0.05349,-0.0334018
37.126,-0.0214757,0,-0.048141,-0.0300616
37.128,-0.0214757,0,-0.0433269,-0.0270555
37.13,-0.0214757,0,-0.0389942,-0.0243499
37.132,-0.0245437,0,-0.188493,-0.0219149
37.134,-0.0245437,0,-0.169644,-0.0197234
37.136,-0.0245437,0,-0.152679,-0.0177511
37.138,-0.0245437,0,-0.137411,-0.015976
37.14,-0.0245437,0,-0.12367,-0.0143784
37.142,-0.0245437,0,-0.111303,-0.0129405
37.144,-0.0245437,0,-0.100173,-0.0116465
37.146,-0.0245437,0,-0.0901555,-0.0104818
37.148,-0.0245437,0,-0.08114,-0.00943365
37.15,-0.0245437,0,-0.073026,-0.00849029
37.152,-0.0245437,0,-0.0657234,-0.00764126
37.154,-0.0245437,0,-0.0591511,-0.00687713
37.156,-0.0245437,-0.00306796,-0.0532359,-0.159587
37.158,-0.0245437,-0.00306796,-0.0479124,-0.143629
37.16,-0.0245437,-0.00306796,-0.0431211,-0.129266
37.162,-0.0245437,-0.00306796,-0.038809,-0.116339
37.164,-0.0245437,-0.00306796,-0.0349281,-0.104705
37.166,-0.0245437,-0.00306796,-0.0314353,-0.0942348
37.168,-0.0245437,-0.00306796,-0.0282918,-0.0848113
37.17,-0.0245437,-0.00306796,-0.0254626,-0.0763302
37.172,-0.0245437,-0.00306796,-0.0229163,-0.0686972
37.174,-0.0245437,0,-0.0206247,0.0915706
37.176,-0.0245437,0,-0.0185622,0.0824136
37.178,-0.0245437,0,-0.016706,0.0741722
37.18,-0.0245437,0,-0.0150354,0.066755
37.182,-0.0245437,0,-0.0135319,0.0600795
37.184,-0.0245437,0,-0.0121787,0.0540715
37.186,-0.0245437,0,-0.0109608,0.0486644
37.188,-0.0245437,0,-0.00986473,0.0437979
37.19,-0.0245437,0,-0.00887826,0.0394181
37.192,-0.0245437,0,-0.00799043,0.0354763
37.194,-0.0245437,0,-0.00719139,0.0319287
37.196,-0.0245437,0,-0.00647225,0.0287358
37.198,-0.0245437,0,-0.00582502,0.0258622
37.2,-0.0245437,0,-0.00524252,0.023276
37.202,-0.0245437,0,-0.00471827,0.0209484
37.204,-0.0245437,0,-0.00424644,0.0188536
37.206,-0.0245437,0,-0.0038218,0.0169682
37.208,-0.0245437,0,-0.00343962,0.0152714
37.21,-0.0245437,0,-0.00309566,0.0137443
37.212,-0.0245437,0,-0.00278609,0.0123698
37.214,-0.0245437,0,-0.00250748,0.0111328
37.216,-0.0245437,0,-0.00225673,0.0100196
37.218,-0.0245437,0,-0.00203106,0.00901761
37.22,-0.0245437,0,-0.00182795,0.00811585
37.222,-0.0245437,0,-0.00164516,0.00730426
37.224,-0.0245437,0,-0.00148064,0.00657384
37.226,-0.0245437,0,-0.00133258,0.00591645
37.228,-0.0245437,0,-0.00119932,0.00532481
37.23,-0.0245437,0,-0.00107939,0.00479233
37.232,-0.0245437,0.00306796,-0.00097145,0.157711
37.234,-0.0245437,0.00306796,-0.000874305,0.14194
37.236,-0.0245437,0.00306796,-0.000786874,0.127746
37.238,-0.0245437,0.00306796,-0.000708187,0.114971
37.24,-0.0245437,0.00306796,-0.000637368,0.103474
37.242,-0.0245437,0.00306796,-0.000573631,0.0931269
37.244,-0.0245437,0.00306796,-0.000516268,0.0838142
37.246,-0.0245437,0.00306796,-0.000464641,0.0754328
37.248,-0.0245437,0,-0.000418177,-0.0855086
37.25,-0.0245437,0,-0.00037636,-0.0769577
37.252,-0.0276117,0,-0.153737,-0.069262
37.254,-0.0276117,0,-0.138363,-0.0623358
37.256,-0.0276117,0,-0.124527,-0.0561022
37.258,-0.0276117,0,-0.112074,-0.050492
37.26,-0.0276117,0,-0.100867,-0.0454428
37.262,-0.0276117,0,-0.09078,-0.0408985
37.264,-0.0276117,0,-0.081702,-0.0368086
37.266,-0.0276117,0,-0.0735318,-0.0331278
37.268,-0.0276117,0,-0.0661787,-0.029815
37.27,-0.0276117,0,-0.0595608,-0.0268335
37.272,-0.0276117,0,-0.0536047,-0.0241502
37.274,-0.0276117,0,-0.0482442,-0.0217351
37.276,-0.0276117,0,-0.0434198,-0.0195616
37.278,-0.0276117,0,-0.0390778,-0.0176055
37.28,-0.0276117,0,-0.03517,-0.0158449
37.282,-0.0276117,0,-0.031653,-0.0142604
37.284,-0.0276117,0,-0.0284877,-0.0128344
37.286,-0.0276117,0,-0.025639,-0.0115509
37.288,-0.0276117,0,-0.0230751,-0.0103958
37.29,-0.0276117,0,-0.0207676,-0.00935626
37.292,-0.0276117,0,-0.0186908,-0.00842064
37.294,-0.0276117,0,-0.0168217,-0.00757857
37.296,-0.0276117,0,-0.0151396,-0.00682072
37.298,-0.0276117,0,-0.0136256,-0.00613864
37.3,-0.0276117,0,-0.012263,-0.00552478
37.302,-0.0276117,0,-0.0110367,-0.0049723
37.304,-0.0276117,0,-0.00993306,-0.00447507
37.306,-0.0276117,0,-0.00893975,-0.00402756
37.308,-0.0276117,0,-0.00804578,-0.00362481
37.31,-0.0276117,0.00306796,-0.0072412,0.150136
37.312,-0.0276117,0.00306796,-0.00651708,0.135122
37.314,-0.0276117,0.00306796,-0.00586537,0.12161
37.316,-0.0276117,0.00306796,-0.00527884,0.109449
37.318,-0.0276117,0.00306796,-0.00475095,0.0985041
37.32,-0.0276117,0.00306796,-0.00427586,0.0886537
37.322,-0.0276117,0.00306796,-0.00384827,0.0797883
37.324,-0.0276117,0.00306796,-0.00346344,0.0718095
37.326,-0.0276117,0.00306796,-0.0031171,0.0646285
37.328,-0.0276117,0.00306796,-0.00280539,0.0581657
37.33,-0.0276117,0.00306796,-0.00252485,0.0523491
37.332,-0.0276117,0.00306796,-0.00227237,0.0471142
37.334,-0.0276117,0,-0.00204513,-0.110995
37.336,-0.0306796,0,-0.155239,-0.0998958
37.338,-0.0306796,0,-0.139715,-0.0899062
37.34,-0.0306796,0,-0.125743,-0.0809156
37.342,-0.0306796,0,-0.113169,-0.072824
37.344,-0.0306796,0,-0.101852,-0.0655416
37.346,-0.0306796,0,-0.0916669,-0.0589875
37.348,-0.0306796,0,-0.0825002,-0.0530887
37.35,-0.0306796,0,-0.0742502,-0.0477798
37.352,-0.0306796,0,-0.0668252,-0.0430019
37.354,-0.0306796,0,-0.0601427,-0.0387017
37.356,-0.0306796,0,-0.0541284,-0.0348315
37.358,-0.0306796,0,-0.0487155,-0.0313484
37.36,-0.0306796,0,-0.043844,-0.0282135
37.362,-0.0306796,0,-0.0394596,-0.0253922
37.364,-0.0306796,0,-0.0355136,-0.0228529
37.366,-0.0306796,0,-0.0319623,-0.0205677
37.368,-0.0306796,0,-0.028766,-0.0185109
37.37,-0.0306796,0,-0.0258894,-0.0166598
37.372,-0.0306796,0,-0.0233005,-0.0149938
37.374,-0.0306796,0,-0.0209704,-0.0134944
37.376,-0.0306796,0,-0.0188734,-0.012145
37.378,-0.0306796,0,-0.0169861,-0.0109305
37.38,-0.0306796,0,-0.0152875,-0.00983745
37.382,-0.0306796,0,-0.0137587,-0.0088537
37.384,-0.0306796,0,-0.0123828,-0.00796833
37.386,-0.0306796,0,-0.0111446,-0.0071715
37.388,-0.0306796,0,-0.0100301,-0.00645435
37.39,-0.0306796,0.00306796,-0.00902709,0.147589
37.392,-0.0306796,0.00306796,-0.00812438,0.13283
37.394,-0.0306796,0.00306796,-0.00731194,0.119547
37.396,-0.0306796,0.00306796,-0.00658075,0.107593
37.398,-0.0306796,0.00306796,-0.00592267,0.0968333
37.4,-0.0306796,0.00306796,-0.00533041,0.0871499
37.402,-0.0306796,0.00306796,-0.00479737,0.0784349
37.404,-0.0306796,0.00306796,-0.00431763,0.0705914
37.406,-0.0306796,0.00306796,-0.00388587,0.0635323
37.408,-0.0337476,0.00306796,-0.156895,0.0571791
37.41,-0.0337476,0.00306796,-0.141206,0.0514612
37.412,-0.0337476,0.00306796,-0.127085,0.046315
37.414,-0.0337476,0.00306796,-0.114377,0.0416835
37.416,-0.0337476,0.00306796,-0.102939,0.0375152
37.418,-0.0337476,0,-0.0926451,-0.119634
37.42,-0.0337476,0,-0.0833806,-0.107671
37.422,-0.0337476,0,-0.0750426,-0.0969039
37.424,-0.0337476,0,-0.0675383,-0.0872135
37.426,-0.0368155,0,-0.214183,-0.0784921
37.428,-0.0368155,0,-0.192764,-0.0706429
37.43,-0.0368155,0,-0.173488,-0.0635786
37.432,-0.0368155,0,-0.156139,-0.0572208
37.434,-0.0368155,0,-0.140525,-0.0514987
37.436,-0.0368155,0,-0.126473,-0.0463488
37.438,-0.0368155,0,-0.113825,-0.0417139
37.44,-0.0368155,0,-0.102443,-0.0375425
37.442,-0.0368155,0,-0.0921986,-0.0337883
37.444,-0.0398835,0,-0.236377,-0.0304095
37.446,-0.0398835,0,-0.212739,-0.0273685
37.448,-0.0398835,-0.00306796,-0.191465,-0.17803
37.45,-0.0398835,-0.00306796,-0.172319,-0.160227
37.452,-0.0398835,-0.00306796,-0.155087,-0.144204
37.454,-0.0398835,-0.00306796,-0.139578,-0.129784
37.456,-0.0398835,-0.00306796,-0.12562,-0.116805
37.458,-0.0398835,-0.00306796,-0.113058,-0.105125
37.46,-0.0398835,-0.00306796,-0.101752,-0.0946123
37.462,-0.0398835,-0.00306796,-0.0915772,-0.0851511
37.464,-0.0398835,-0.00306796,-0.0824195,-0.076636
37.466,-0.0398835,-0.00306796,-0.0741775,-0.0689724
37.468,-0.0398835,-0.00306796,-0.0667598,-0.0620751
37.47,-0.0398835,-0.00306796,-0.0600838,-0.0558676
37.472,-0.0398835,-0.00306796,-0.0540754,-0.0502809
37.474,-0.0398835,-0.00306796,-0.0486679,-0.0452528
37.476,-0.0429515,-0.00306796,-0.197199,-0.0407275
37.478,-0.0429515,-0.00306796,-0.177479,-0.0366547
37.48,-0.0429515,-0.00306796,-0.159731,-0.0329893
37.482,-0.0429515,-0.00306796,-0.143758,-0.0296903
37.484,-0.0429515,-0.00306796,-0.129382,-0.0267213
37.486,-0.0429515,-0.00306796,-0.116444,-0.0240492
37.488,-0.0429515,-0.00306796,-0.1048,-0.0216443
37.49,-0.0429515,-0.00306796,-0.0943198,-0.0194798
37.492,-0.0429515,-0.00306796,-0.0848878,-0.0175319
37.494,-0.0429515,-0.00306796,-0.076399,-0.0157787
37.496,-0.0429515,-0.00306796,-0.0687591,-0.0142008
37.498,-0.0429515,-0.00306796,-0.0618832,-0.0127807
37.5,-0.0429515,-0.00306796,-0.0556949,-0.0115026
37.502,-0.0429515,-0.00306796,-0.0501254,-0.0103524
37.504,-0.0429515,-0.00306796,-0.0451128,-0.00931714
37.506,-0.0429515,-0.00306796,-0.0406016,-0.00838543
37.508,-0.0429515,-0.00306796,-0.0365414,-0.00754689
37.51,-0.0429515,-0.00306796,-0.0328873,-0.0067922
37.512,-0.0429515,-0.00306796,-0.0295985,-0.00611298
37.514,-0.0429515,0,-0.0266387,0.147896
37.516,-0.0429515,0,-0.0239748,0.133107
37.518,-0.0429515,0,-0.0215773,0.119796
37.52,-0.0429515,0,-0.0194196,0.107816
37.522,-0.0429515,0,-0.0174776,0.0970348
37.524,-0.0429515,0,-0.0157299,0.0873313
37.526,-0.0429515,0,-0.0141569,0.0785982
37.528,-0.0429515,0,-0.0127412,0.0707384
37.53,-0.0429515,0,-0.0114671,0.0636645
37.532,-0.0429515,0,-0.0103204,0.0572981
37.534,-0.0429515,0,-0.00928833,0.0515683
37.536,-0.0429515,0,-0.0083595,0.0464115
37.538,-0.0429515,0,-0.00752355,0.0417703
37.54,-0.0429515,0,-0.0067712,0.0375933
37.542,-0.0429515,0,-0.00609408,0.033834
37.544,-0.0429515,0,-0.00548467,0.0304506
37.546,-0.0429515,-0.00306796,-0.0049362,-0.125993
37.548,-0.0429515,-0.00306796,-0.00444258,-0.113393
37.55,-0.0429515,-0.00306796,-0.00399832,-0.102054
37.552,-0.0460194,-0.00306796,-0.156997,-0.0918486
37.554,-0.0460194,-0.00306796,-0.141297,-0.0826637
37.556,-0.0460194,-0.00306796,-0.127167,-0.0743974
37.558,-0.0460194,-0.00306796,-0.11445,-0.0669576
37.56,-0.0460194,-0.00306796,-0.103005,-0.0602619
37.562,-0.0460194,-0.00306796,-0.0927049,-0.0542357
37.564,-0.0460194,-0.00306796,-0.0834344,-0.0488121
37.566,-0.0460194,-0.00306796,-0.075091,-0.0439309
37.568,-0.0460194,-0.00306796,-0.0675819,-0.0395378
37.57,-0.0460194,-0.00306796,-0.0608237,-0.035584
37.572,-0.0460194,-0.00306796,-0.0547413,-0.0320256
37.574,-0.0460194,-0.00306796,-0.0492672,-0.0288231
37.576,-0.0460194,-0.00306796,-0.0443405,-0.0259408
37.578,-0.0460194,0,-0.0399064,0.130051
37.58,-0.0460194,0,-0.0359158,0.117046
37.582,-0.0460194,0,-0.0323242,0.105342
37.584,-0.0460194,0,-0.0290918,0.0948075
37.586,-0.0460194,0,-0.0261826,0.0853267
37.588,-0.0460194,0,-0.0235643,0.0767941
37.59,-0.0460194,0,-0.0212079,0.0691146
37.592,-0.0460194,0,-0.0190871,0.0622032
37.594,-0.0460194,0,-0.0171784,0.0559829
37.596,-0.0460194,0,-0.0154606,0.0503846
37.598,-0.0460194,0,-0.0139145,0.0453461
37.6,-0.0460194,0,-0.0125231,0.0408115
37.602,-0.0460194,0,-0.0112708,0.0367304
37.604,-0.0460194,0,-0.0101437,0.0330573
37.606,-0.0460194,0,-0.00912931,0.0297516
37.608,-0.0460194,0,-0.00821638,0.0267764
37.61,-0.0490874,-0.00306796,-0.160793,-0.129299
37.612,-0.0490874,-0.00306796,-0.144714,-0.116369
37.614,-0.0490874,-0.00306796,-0.130242,-0.104732
37.616,-0.0490874,-0.00306796,-0.117218,-0.0942592
37.618,-0.0490874,-0.00306796,-0.105496,-0.0848333
37.62,-0.0490874,-0.00306796,-0.0949466,-0.0763499
37.622,-0.0490874,-0.00306796,-0.0854519,-0.0687149
37.624,-0.0490874,-0.00306796,-0.0769067,-0.0618435
37.626,-0.0490874,-0.00306796,-0.069216,-0.0556591
37.628,-0.0490874,-0.00306796,-0.0622944,-0.0500932
37.63,-0.0490874,-0.00306796,-0.056065,-0.0450839
37.632,-0.0490874,-0.00306796,-0.0504585,-0.0405755
37.634,-0.0490874,-0.00306796,-0.0454126,-0.0365179
37.636,-0.0490874,-0.00306796,-0.0408714,-0.0328661
37.638,-0.0490874,-0.00306796,-0.0367842,-0.0295795
37.64,-0.0490874,-0.00306796,-0.0331058,-0.0266216
37.642,-0.0490874,-0.00306796,-0.0297952,-0.0239594
37.644,-0.0490874,-0.00306796,-0.0268157,-0.0215635
37.646,-0.0490874,-0.00306796,-0.0241341,-0.0194071
37.648,-0.0490874,-0.00306796,-0.0217207,-0.0174664
37.65,-0.0490874,-0.00306796,-0.0195487,-0.0157198
37.652,-0.0490874,0,-0.0175938,0.13925
37.654,-0.0490874,0,-0.0158344,0.125325
37.656,-0.0490874,0,-0.014251,0.112793
37.658,-0.0490874,0,-0.0128259,0.101513
37.66,-0.0490874,0,-0.0115433,0.0913621
37.662,-0.0490874,0,-0.010389,0.0822259
37.664,-0.0490874,0,-0.00935006,0.0740033
37.666,-0.0490874,0,-0.00841505,0.066603
37.668,-0.0490874,0,-0.00757355,0.0599427
37.67,-0.0490874,0,-0.00681619,0.0539484
37.672,-0.0490874,0,-0.00613457,0.0485536
37.674,-0.0490874,0,-0.00552112,0.0436982
37.676,-0.0490874,-0.00306796,-0.00496901,-0.11407
37.678,-0.0490874,-0.00306796,-0.0044721,-0.102663
37.68,-0.0490874,-0.00306796,-0.00402489,-0.0923964
37.682,-0.0490874,-0.00306796,-0.0036224,-0.0831568
37.684,-0.0490874,-0.00306796,-0.00326016,-0.0748411
37.686,-0.0521553,-0.00306796,-0.156332,-0.067357
37.688,-0.0521553,-0.00306796,-0.140699,-0.0606213
37.69,-0.0521553,-0.00306796,-0.126629,-0.0545592
37.692,-0.0521553,-0.00306796,-0.113966,-0.0491033
37.694,-0.0521553,-0.00306796,-0.10257,-0.0441929
37.696,-0.0521553,-0.00306796,-0.0923126,-0.0397736
37.698,-0.0521553,-0.00306796,-0.0830814,-0.0357963
37.7,-0.0521553,-0.00306796,-0.0747732,-0.0322166
37.702,-0.0521553,-0.00306796,-0.0672959,-0.028995
37.704,-0.0521553,-0.00306796,-0.0605663,-0.0260955
37.706,-0.0521553,-0.00306796,-0.0545097,-0.0234859
37.708,-0.0521553,-0.00306796,-0.0490587,-0.0211373
37.71,-0.0521553,-0.00306796,-0.0441528,-0.0190236
37.712,-0.0521553,-0.00306796,-0.0397376,-0.0171212
37.714,-0.0521553,-0.00306796,-0.0357638,-0.0154091
37.716,-0.0521553,-0.00306796,-0.0321874,-0.0138682
37.718,-0.0521553,0,-0.0289687,0.140917
37.72,-0.0521553,0,-0.0260718,0.126825
37.722,-0.0521553,0,-0.0234646,0.114143
37.724,-0.0521553,0,-0.0211182,0.102728
37.726,-0.0521553,0,-0.0190063,0.0924554
37.728,-0.0521553,0,-0.0171057,0.0832099
37.73,-0.0521553,0,-0.0153951,0.0748889
37.732,-0.0521553,0,-0.0138556,0.0674
37.734,-0.0521553,0,-0.0124701,0.06066
37.736,-0.0521553,0,-0.0112231,0.054594
37.738,-0.0521553,0,-0.0101008,0.0491346
37.74,-0.0521553,-0.00306796,-0.00909068,-0.109177
37.742,-0.0521553,-0.00306796,-0.00818161,-0.0982592
37.744,-0.0521553,-0.00306796,-0.00736345,-0.0884333
37.746,-0.0521553,-0.00306796,-0.0066271,-0.07959
37.748,-0.0521553,-0.00306796,-0.00596439,-0.071631
37.75,-0.0521553,-0.00306796,-0.00536795,-0.0644679
37.752,-0.0521553,-0.00306796,-0.00483116,-0.0580211
37.754,-0.0521553,-0.00306796,-0.00434804,-0.052219
37.756,-0.0521553,-0.00306796,-0.00391324,-0.0469971
37.758,-0.0521553,-0.00306796,-0.00352191,-0.0422974
37.76,-0.0521553,-0.00306796,-0.00316972,-0.0380676
37.762,-0.0521553,-0.00306796,-0.00285275,-0.0342609
37.764,-0.0521553,-0.00306796,-0.00256748,-0.0308348
37.766,-0.0521553,-0.00306796,-0.00231073,-0.0277513
37.768,-0.0521553,-0.00306796,-0.00207966,-0.0249762
37.77,-0.0521553,-0.00306796,-0.00187169,-0.0224786
37.772,-0.0521553,-0.00306796,-0.00168452,-0.0202307
37.774,-0.0521553,-0.00306796,-0.00151607,-0.0182076
37.776,-0.0521553,-0.00306796,-0.00136446,-0.0163869
37.778,-0.0521553,-0.00306796,-0.00122802,-0.0147482
37.78,-0.0521553,-0.00306796,-0.00110521,-0.0132734
37.782,-0.0521553,-0.00306796,-0.000994693,-0.011946
37.784,-0.0521553,-0.00306796,-0.000895224,-0.0107514
37.786,-0.0521553,-0.00306796,-0.000805701,-0.00967628
37.788,-0.0521553,-0.00306796,-0.000725131,-0.00870866
37.79,-0.0521553,-0.00306796,-0.000652618,-0.00783779
37.792,-0.0521553,-0.00306796,-0.000587356,-0.00705401
37.794,-0.0521553,-0.00306796,-0.000528621,-0.00634861
37.796,-0.0521553,-0.00306796,-0.000475758,-0.00571375
37.798,-0.0521553,-0.00306796,-0.000428183,-0.00514237
37.8,-0.0521553,-0.00306796,-0.000385364,-0.00462814
37.802,-0.0521553,-0.00306796,-0.000346828,-0.00416532
37.804,-0.0521553,-0.00306796,-0.000312145,-0.00374879
37.806,-0.0521553,-0.00306796,-0.000280931,-0.00337391
37.808,-0.0521553,-0.00306796,-0.000252838,-0.00303652
37.81,-0.0521553,0,-0.000227554,0.150665
37.812,-0.0521553,0,-0.000204798,0.135599
37.814,-0.0521553,0,-0.000184319,0.122039
37.816,-0.0521553,0,-0.000165887,0.109835
37.818,-0.0521553,0,-0.000149298,0.0988514
37.82,-0.0521553,0,-0.000134368,0.0889663
37.822,-0.0521553,0,-0.000120931,0.0800697
37.824,-0.0521553,0,-0.000108838,0.0720627
37.826,-0.0521553,-0.00306796,-9.79545e-05,-0.0885416
37.828,-0.0521553,-0.00306796,-8.8159e-05,-0.0796875
37.83,-0.0521553,-0.00306796,-7.93431e-05,-0.0717187
37.832,-0.0521553,-0.00306796,-7.14088e-05,-0.0645469
37.834,-0.0521553,-0.00306796,-6.42679e-05,-0.0580922
37.836,-0.0521553,-0.00306796,-5.78411e-05,-0.052283
37.838,-0.0521553,-0.00306796,-5.2057e-05,-0.0470547
37.84,-0.0521553,-0.00306796,-4.68513e-05,-0.0423492
37.842,-0.0521553,-0.00306796,-4.21662e-05,-0.0381143
37.844,-0.0521553,-0.00306796,-3.79496e-05,-0.0343028
37.846,-0.0521553,-0.00306796,-3.41546e-05,-0.0308726
37.848,-0.0521553,-0.00306796,-3.07391e-05,-0.0277853
37.85,-0.0521553,-0.00306796,-2.76652e-05,-0.0250068
37.852,-0.0521553,-0.00306796,-2.48987e-05,-0.0225061
37.854,-0.0521553,-0.00306796,-2.24088e-05,-0.0202555
37.856,-0.0521553,-0.00306796,-2.0168e-05,-0.0182299
37.858,-0.0521553,-0.00306796,-1.81512e-05,-0.0164069
37.86,-0.0521553,-0.00306796,-1.6336e-05,-0.0147663
37.862,-0.0521553,-0.00306796,-1.47024e-05,-0.0132896
37.864,-0.0521553,-0.00306796,-1.32322e-05,-0.0119607
37.866,-0.0521553,-0.00306796,-1.1909e-05,-0.0107646
37.868,-0.0521553,-0.00306796,-1.07181e-05,-0.00968814
37.87,-0.0521553,-0.00306796,-9.64627e-06,-0.00871932
37.872,-0.0521553,-0.00306796,-8.68164e-06,-0.00784739
37.874,-0.0521553,-0.00306796,-7.81348e-06,-0.00706265
37.876,-0.0521553,-0.00306796,-7.03213e-06,-0.00635639
37.878,-0.0521553,-0.00306796,-6.32892e-06,-0.00572075
37.88,-0.0521553,-0.00306796,-5.69603e-06,-0.00514867
37.882,-0.0521553,-0.00306796,-5.12642e-06,-0.00463381
37.884,-0.0521553,-0.00306796,-4.61378e-06,-0.00417043
37.886,-0.0521553,-0.00306796,-4.1524e-06,-0.00375338
37.888,-0.0521553,-0.00306796,-3.73716e-06,-0.00337804
37.89,-0.0521553,-0.00306796,-3.36345e-06,-0.00304024
37.892,-0.0521553,-0.00306796,-3.0271e-06,-0.00273622
37.894,-0.0521553,-0.00306796,-2.72439e-06,-0.00246259
37.896,-0.0521553,-0.00306796,-2.45195e-06,-0.00221634
37.898,-0.0521553,-0.00306796,-2.20676e-06,-0.0019947
37.9,-0.0521553,-0.00306796,-1.98608e-06,-0.00179523
37.902,-0.0521553,-0.00306796,-1.78747e-06,-0.00161571
37.904,-0.0521553,-0.00306796,-1.60873e-06,-0.00145414
37.906,-0.0521553,-0.00306796,-1.44785e-06,-0.00130872
37.908,-0.0521553,-0.00306796,-1.30307e-06,-0.00117785
37.91,-0.0521553,-0.00306796,-1.17276e-06,-0.00106007
37.912,-0.0521553,-0.00306796,-1.05549e-06,-0.00095406
37.914,-0.0521553,-0.00306796,-9.49937e-07,-0.000858654
37.916,-0.0521553,-0.00306796,-8.54943e-07,-0.000772788
37.918,-0.0521553,-0.00306796,-7.69449e-07,-0.000695509
37.92,-0.0521553,-0.00306796,-6.92504e-07,-0.000625958
37.922,-0.0521553,-0.00306796,-6.23253e-07,-0.000563363
37.924,-0.0521553,-0.00306796,-5.60928e-07,-0.000507026
37.926,-0.0521553,-0.00306796,-5.04835e-07,-0.000456324
37.928,-0.0521553,-0.00306796,-4.54352e-07,-0.000410691
37.93,-0.0521553,-0.00306796,-4.08917e-07,-0.000369622
37.932,-0.0521553,-0.00306796,-3.68025e-07,-0.00033266
37.934,-0.0521553,-0.00306796,-3.31222e-07,-0.000299394
37.936,-0.0521553,-0.00306796,-2.981e-07,-0.000269455
37.938,-0.0521553,-0.00306796,-2.6829e-07,-0.000242509
37.94,-0.0521553,-0.00306796,-2.41461e-07,-0.000218258
37.942,-0.0521553,-0.00306796,-2.17315e-07,-0.000196432
37.944,-0.0521553,-0.00306796,-1.95584e-07,-0.000176789
37.946,-0.0521553,-0.00306796,-1.76025e-07,-0.00015911
37.948,-0.0521553,-0.00306796,-1.58423e-07,-0.000143199
37.95,-0.0521553,-0.00306796,-1.4258e-07,-0.000128879
37.952,-0.0521553,-0.00306796,-1.28322e-07,-0.000115991
37.954,-0.0521553,-0.00306796,-1.1549e-07,-0.000104392
37.956,-0.0521553,-0.00306796,-1.03941e-07,-9.3953e-05
37.958,-0.0521553,-0.00306796,-9.3547e-08,-8.45577e-05
37.96,-0.0521553,-0.00306796,-8.41923e-08,-7.61019e-05
37.962,-0.0521553,-0.00306796,-7.57731e-08,-6.84917e-05
37.964,-0.0521553,-0.00306796,-6.81958e-08,-6.16426e-05
37.966,-0.0521553,-0.00306796,-6.13762e-08,-5.54783e-05
37.968,-0.0521553,-0.00306796,-5.52386e-08,-4.99305e-05
37.97,-0.0521553,-0.00306796,-4.97147e-08,-4.49374e-05
37.972,-0.0521553,-0.00306796,-4.47432e-08,-4.04437e-05
37.974,-0.0521553,-0.00306796,-4.02689e-08,-3.63993e-05
37.976,-0.0521553,-0.00306796,-3.6242e-08,-3.27594e-05
37.978,-0.0521553,-0.00306796,-3.26178e-08,-2.94835e-05
37.98,-0.0521553,-0.00306796,-2.9356e-08,-2.65351e-05
37.982,-0.0521553,-0.00306796,-2.64204e-08,-2.38816e-05
37.984,-0.0521553,-0.00306796,-2.37784e-08,-2.14934e-05
37.986,-0.0521553,-0.00306796,-2.14005e-08,-1.93441e-05
37.988,-0.0521553,-0.00306796,-1.92605e-08,-1.74097e-05
37.99,-0.0521553,-0.00306796,-1.73344e-08,-1.56687e-05
37.992,-0.0521553,-0.00306796,-1.5601e-08,-1.41018e-05
37.994,-0.0521553,-0.00306796,-1.40409e-08,-1.26917e-05
37.996,-0.0521553,-0.00613592,-1.26368e-08,-0.15341
37.998,-0.0521553,-0.00613592,-1.13731e-08,-0.138069
38,-0.0521553,-0.00613592,-1.02358e-08,-0.124262
38.002,-0.0521553,-0.00613592,-9.21223e-09,-0.111836
38.004,-0.0521553,-0.00613592,-8.29101e-09,-0.100652
38.006,-0.0521553,-0.00613592,-7.46191e-09,-0.0905868
38.008,-0.0521553,-0.00613592,-6.71572e-09,-0.0815281
38.01,-0.0521553,-0.00613592,-6.04415e-09,-0.0733753
38.012,-0.0521553,-0.00613592,-5.43973e-09,-0.0660378
38.014,-0.0521553,-0.00613592,-4.89576e-09,-0.059434
38.016,-0.0521553,-0.00613592,-4.40618e-09,-0.0534906
38.018,-0.0521553,-0.00613592,-3.96557e-09,-0.0481415
38.02,-0.0490874,-0.00306796,0.153398,0.110071
38.022,-0.0490874,-0.00306796,0.138058,0.0990636
38.024,-0.0490874,-0.00306796,0.124252,0.0891573
38.026,-0.0490874,-0.00306796,0.111827,0.0802415
38.028,-0.0490874,-0.00306796,0.100644,0.0722174
38.03,-0.0490874,-0.00306796,0.09058,0.0649957
38.032,-0.0490874,-0.00306796,0.081522,0.0584961
38.034,-0.0490874,-0.00306796,0.0733698,0.0526465
38.036,-0.0490874,-0.00306796,0.0660328,0.0473818
38.038,-0.0490874,-0.00306796,0.0594296,0.0426436
38.04,-0.0490874,-0.00306796,0.0534866,0.0383793
38.042,-0.0490874,-0.00306796,0.0481379,0.0345414
38.044,-0.0490874,-0.00306796,0.0433241,0.0310872
38.046,-0.0490874,-0.00306796,0.0389917,0.0279785
38.048,-0.0490874,-0.00306796,0.0350926,0.0251806
38.05,-0.0460194,-0.00306796,0.184981,0.0226626
38.052,-0.0460194,-0.00306796,0.166483,0.0203963
38.054,-0.0460194,-0.00306796,0.149835,0.0183567
38.056,-0.0460194,-0.00306796,0.134851,0.016521
38.058,-0.0460194,-0.00306796,0.121366,0.0148689
38.06,-0.0460194,-0.00306796,0.10923,0.013382
38.062,-0.0460194,-0.00306796,0.0983067,0.0120438
38.064,-0.0460194,-0.00306796,0.088476,0.0108394
38.066,-0.0460194,-0.00306796,0.0796284,0.0097555
38.068,-0.0460194,-0.00306796,0.0716656,0.00877995
38.07,-0.0460194,-0.00306796,0.064499,0.00790195
38.072,-0.0460194,-0.00306796,0.0580491,0.00711176
38.074,-0.0460194,-0.00306796,0.0522442,0.00640058
38.076,-0.0460194,-0.00306796,0.0470198,0.00576052
38.078,-0.0460194,-0.00306796,0.0423178,0.00518447
38.08,-0.0460194,-0.00306796,0.038086,0.00466602
38.082,-0.0460194,-0.00306796,0.0342774,0.00419942
38.084,-0.0429515,-0.00306796,0.184248,0.00377948
38.086,-0.0429515,-0.00306796,0.165823,0.00340153
38.088,-0.0429515,-0.00306796,0.149241,0.00306138
38.09,-0.0429515,-0.00306796,0.134317,0.00275524
38.092,-0.0429515,-0.00306796,0.120885,0.00247972
38.094,-0.0429515,-0.00306796,0.108796,0.00223175
38.096,-0.0429515,-0.00306796,0.0979168,0.00200857
38.098,-0.0429515,-0.00306796,0.0881251,0.00180771
38.1,-0.0429515,-0.00306796,0.0793126,0.00162694
38.102,-0.0429515,-0.00306796,0.0713814,0.00146425
38.104,-0.0429515,-0.00306796,0.0642432,0.00131782
38.106,-0.0429515,-0.00306796,0.0578189,0.00118604
38.108,-0.0429515,-0.00306796,0.052037,0.00106744
38.11,-0.0429515,-0.00306796,0.0468333,0.000960693
38.112,-0.0429515,-0.00306796,0.04215,0.000864624
38.114,-0.0429515,-0.00306796,0.037935,0.000778161
38.116,-0.0429515,-0.00306796,0.0341415,0.000700345
38.118,-0.0429515,-0.00306796,0.0307273,0.000630311
38.12,-0.0429515,-0.00306796,0.0276546,0.00056728
38.122,-0.0429515,-0.00306796,0.0248891,0.000510552
38.124,-0.0429515,-0.00306796,0.0224002,0.000459497
38.126,-0.0429515,-0.00306796,0.0201602,0.000413547
38.128,-0.0429515,-0.00306796,0.0181442,0.000372192
38.13,-0.0429515,-0.00306796,0.0163298,0.000334973
38.132,-0.0398835,-0.00306796,0.168095,0.000301476
38.134,-0.0398835,-0.00306796,0.151285,0.000271328
38.136,-0.0398835,-0.00306796,0.136157,0.000244195
38.138,-0.0398835,-0.00306796,0.122541,0.000219776
38.14,-0.0398835,-0.00306796,0.110287,0.000197798
38.142,-0.0398835,-0.00306796,0.0992583,0.000178018
38.144,-0.0398835,-0.00306796,0.0893325,0.000160217
38.146,-0.0398835,-0.00306796,0.0803993,0.000144195
38.148,-0.0398835,-0.00306796,0.0723593,0.000129775
38.15,-0.0398835,-0.00306796,0.0651234,0.000116798
38.152,-0.0398835,-0.00306796,0.0586111,0.000105118
38.154,-0.0398835,-0.00613592,0.05275,-0.153303
38.156,-0.0398835,-0.00613592,0.047475,-0.137973
38.158,-0.0398835,-0.00613592,0.0427275,-0.124176
38.16,-0.0398835,-0.00613592,0.0384547,-0.111758
38.162,-0.0398835,-0.00613592,0.0346092,-0.100582
38.164,-0.0398835,-0.00613592,0.0311483,-0.0905242
38.166,-0.0398835,-0.00613592,0.0280335,-0.0814718
38.168,-0.0398835,-0.00613592,0.0252301,-0.0733246
38.17,-0.0398835,-0.00613592,0.0227071,-0.0659921
38.172,-0.0368155,-0.00613592,0.173834,-0.0593929
38.174,-0.0368155,-0.00613592,0.156451,-0.0534536
38.176,-0.0368155,-0.00613592,0.140806,-0.0481083
38.178,-0.0368155,-0.00306796,0.126725,0.110101
38.18,-0.0368155,-0.00306796,0.114053,0.0990906
38.182,-0.0368155,-0.00306796,0.102648,0.0891815
38.184,-0.0337476,-0.00306796,0.245781,0.0802634
38.186,-0.0337476,-0.00306796,0.221203,0.072237
38.188,-0.0337476,-0.00306796,0.199082,0.0650133
38.19,-0.0337476,-0.00306796,0.179174,0.058512
38.192,-0.0337476,-0.00306796,0.161257,0.0526608
38.194,-0.0337476,0,0.145131,0.200793
38.196,-0.0306796,0,0.284016,0.180714
38.198,-0.0306796,0,0.255614,0.162642
38.2,-0.0306796,0,0.230053,0.146378
38.202,-0.0306796,0,0.207048,0.13174
38.204,-0.0306796,0,0.186343,0.118566
38.206,-0.0306796,0,0.167709,0.10671
38.208,-0.0306796,0,0.150938,0.0960386
38.21,-0.0306796,0,0.135844,0.0864347
38.212,-0.0276117,0,0.275658,0.0777912
38.214,-0.0276117,0,0.248092,0.0700121
38.216,-0.0276117,0,0.223283,0.0630109
38.218,-0.0276117,0,0.200954,0.0567098
38.22,-0.0276117,0,0.180859,0.0510388
38.222,-0.0276117,0,0.162773,0.045935
38.224,-0.0276117,0,0.146496,0.0413415
38.226,-0.0276117,0,0.131846,0.0372073
38.228,-0.0276117,0,0.118662,0.0334866
38.23,-0.0276117,0.00306796,0.106795,0.183536
38.232,-0.0245437,0.00306796,0.249514,0.165182
38.234,-0.0245437,0.00306796,0.224563,0.148664
38.236,-0.0245437,0.00306796,0.202106,0.133798
38.238,-0.0245437,0.00306796,0.181896,0.120418
38.24,-0.0245437,0.00306796,0.163706,0.108376
38.242,-0.0245437,0.00306796,0.147336,0.0975386
38.244,-0.0245437,0.00306796,0.132602,0.0877847
38.246,-0.0245437,0.00306796,0.119342,0.0790062
38.248,-0.0245437,0.00306796,0.107408,0.0711056
38.25,-0.0245437,0.00306796,0.0966668,0.063995
38.252,-0.0245437,0.00306796,0.0870001,0.0575955
38.254,-0.0245437,0.00306796,0.0783001,0.051836
38.256,-0.0245437,0.00306796,0.0704701,0.0466524
38.258,-0.0214757,0.00306796,0.216821,0.0419871
38.26,-0.0214757,0.00306796,0.195139,0.0377884
38.262,-0.0214757,0.00306796,0.175625,0.0340096
38.264,-0.0214757,0,0.158063,-0.122789
38.266,-0.0214757,0,0.142256,-0.110511
38.268,-0.0214757,0,0.128031,-0.0994595
38.27,-0.0214757,0,0.115228,-0.0895135
38.272,-0.0214757,0,0.103705,-0.0805622
38.274,-0.0214757,0,0.0933344,-0.0725059
38.276,-0.0214757,0,0.084001,-0.0652553
38.278,-0.0214757,0,0.0756009,-0.0587298
38.28,-0.0214757,0,0.0680408,-0.0528568
38.282,-0.0184078,0,0.214635,-0.0475711
38.284,-0.0184078,0,0.193171,-0.042814
38.286,-0.0184078,0,0.173854,-0.0385326
38.288,-0.0184078,0,0.156469,-0.0346794
38.29,-0.0184078,0.00306796,0.140822,0.122187
38.292,-0.0184078,0.00306796,0.12674,0.109968
38.294,-0.0184078,0.00306796,0.114066,0.0989712
38.296,-0.0184078,0.00306796,0.102659,0.0890741
38.298,-0.0184078,0.00306796,0.0923932,0.0801667
38.3,-0.0184078,0.00306796,0.0831539,0.07215
38.302,-0.0153398,0.00306796,0.228237,0.064935
38.304,-0.0153398,0.00306796,0.205413,0.0584415
38.306,-0.0153398,0.00306796,0.184872,0.0525973
38.308,-0.0153398,0.00306796,0.166384,0.0473376
38.31,-0.0153398,0.00306796,0.149746,0.0426039
38.312,-0.0153398,0.00306796,0.134771,0.0383435
38.314,-0.0153398,0.00306796,0.121294,0.0345091
38.316,-0.0153398,0.00306796,0.109165,0.0310582
38.318,-0.0153398,0.00306796,0.0982484,0.0279524
38.32,-0.0153398,0.00306796,0.0884235,0.0251571
38.322,-0.0153398,0.00306796,0.0795812,0.0226414
38.324,-0.0153398,0.00306796,0.0716231,0.0203773
38.326,-0.0153398,0.00306796,0.0644608,0.0183396
38.328,-0.0153398,0.00306796,0.0580147,0.0165056
38.33,-0.0153398,0.00306796,0.0522132,0.014855
38.332,-0.0122718,0.00306796,0.20039,0.0133695
38.334,-0.0122718,0.00306796,0.180351,0.0120326
38.336,-0.0122718,0.00306796,0.162316,0.0108293
38.338,-0.0122718,0.00306796,0.146084,0.00974639
38.34,-0.0122718,0.00306796,0.131476,0.00877175
38.342,-0.0122718,0.00306796,0.118328,0.00789458
38.344,-0.0122718,0.00306796,0.106495,0.00710512
38.346,-0.0122718,0.00306796,0.0958459,0.00639461
38.348,-0.0122718,0.00306796,0.0862613,0.00575515
38.35,-0.0122718,0.00306796,0.0776352,0.00517963
38.352,-0.0122718,0.00306796,0.0698717,0.00466167
38.354,-0.0122718,0.00306796,0.0628845,0.0041955
38.356,-0.0122718,0.00306796,0.056596,0.00377595
38.358,-0.0122718,0.00306796,0.0509364,0.00339836
38.36,-0.0122718,0.00306796,0.0458428,0.00305852
38.362,-0.0122718,0.00306796,0.0412585,0.00275267
38.364,-0.0122718,0.00306796,0.0371327,0.0024774
38.366,-0.0122718,0.00306796,0.0334194,0.00222966
38.368,-0.0122718,0.00306796,0.0300775,0.0020067
38.37,-0.0122718,0.00306796,0.0270697,0.00180603
38.372,-0.0122718,0.00306796,0.0243627,0.00162542
38.374,-0.00920388,0.00306796,0.175325,0.00146288
38.376,-0.00920388,0.00306796,0.157792,0.00131659
38.378,-0.00920388,0.00306796,0.142013,0.00118493
38.38,-0.00920388,0.00306796,0.127812,0.00106644
38.382,-0.00920388,0.00306796,0.11503,0.000959797
38.384,-0.00920388,0.00306796,0.103527,0.000863817
38.386,-0.00920388,0.00306796,0.0931747,0.000777435
38.388,-0.00920388,0.00306796,0.0838572,0.000699692
38.39,-0.00920388,0.00306796,0.0754715,0.000629723
38.392,-0.00920388,0.00306796,0.0679243,0.00056675
38.394,-0.00920388,0.00306796,0.0611319,0.000510075
38.396,-0.00920388,0.00306796,0.0550187,0.000459068
38.398,-0.00920388,0.00306796,0.0495168,0.000413161
38.4,-0.00920388,0.00306796,0.0445651,0.000371845
38.402,-0.00920388,0.00306796,0.0401086,0.00033466
38.404,-0.00920388,0.00306796,0.0360978,0.000301194
38.406,-0.00920388,0.00306796,0.032488,0.000271075
38.408,-0.00920388,0.00306796,0.0292392,0.000243967
38.41,-0.00920388,0.00306796,0.0263153,0.000219571
38.412,-0.00920388,0.00306796,0.0236837,0.000197614
38.414,-0.00920388,0,0.0213154,-0.15322
38.416,-0.00920388,0,0.0191838,-0.137898
38.418,-0.00920388,0,0.0172655,-0.124108
38.42,-0.00920388,0,0.0155389,-0.111698
38.422,-0.00920388,0,0.013985,-0.100528
38.424,-0.00920388,0,0.0125865,-0.090475
38.426,-0.00920388,0,0.0113279,-0.0814275
38.428,-0.00920388,0,0.0101951,-0.0732848
38.43,-0.00920388,0,0.00917557,-0.0659563
38.432,-0.00920388,0,0.00825801,-0.0593607
38.434,-0.00920388,0,0.00743221,-0.0534246
38.436,-0.00920388,0,0.00668899,-0.0480821
38.438,-0.00920388,0,0.00602009,-0.0432739
38.44,-0.00920388,0,0.00541808,-0.0389465
38.442,-0.00920388,0,0.00487627,-0.0350519
38.444,-0.00920388,0,0.00438865,-0.0315467
38.446,-0.00920388,0,0.00394978,-0.028392
38.448,-0.00920388,0,0.0035548,-0.0255528
38.45,-0.00920388,0,0.00319932,-0.0229975
38.452,-0.00920388,0,0.00287939,-0.0206978
38.454,-0.00920388,0,0.00259145,-0.018628
38.456,-0.00920388,0,0.00233231,-0.0167652
38.458,-0.00920388,0,0.00209908,-0.0150887
38.46,-0.00920388,0,0.00188917,-0.0135798
38.462,-0.00920388,0,0.00170025,-0.0122218
38.464,-0.00920388,0,0.00153023,-0.0109996
38.466,-0.00920388,0,0.0013772,-0.00989968
38.468,-0.00920388,0,0.00123948,-0.00890972
38.47,-0.00920388,0,0.00111553,-0.00801874
38.472,-0.00920388,0,0.00100398,-0.00721687
38.474,-0.00920388,0,0.000903583,-0.00649518
38.476,-0.00920388,0,0.000813225,-0.00584566
38.478,-0.00920388,0,0.000731902,-0.0052611
38.48,-0.00920388,0,0.000658712,-0.00473499
38.482,-0.00920388,0,0.000592841,-0.00426149
38.484,-0.00920388,0,0.000533557,-0.00383534
38.486,-0.00920388,-0.00306796,0.000480201,-0.15685
38.488,-0.00920388,-0.00306796,0.000432181,-0.141165
38.49,-0.00920388,-0.00306796,0.000388963,-0.127048
38.492,-0.00920388,-0.00306796,0.000350067,-0.114344
38.494,-0.00920388,-0.00306796,0.00031506,-0.102909
38.496,-0.00920388,-0.00306796,0.000283554,-0.0926183
38.498,-0.00920388,-0.00306796,0.000255199,-0.0833565
38.5,-0.00920388,-0.00306796,0.000229679,-0.0750208
38.502,-0.00920388,-0.00306796,0.000206711,-0.0675187
38.504,-0.00920388,-0.00306796,0.00018604,-0.0607669
38.506,-0.00920388,-0.00306796,0.000167436,-0.0546902
38.508,-0.00920388,-0.00306796,0.000150692,-0.0492212
38.51,-0.00920388,0,0.000135623,0.109099
38.512,-0.00920388,0,0.000122061,0.0981891
38.514,-0.00613592,0,0.153508,0.0883702
38.516,-0.00613592,0,0.138157,0.0795332
38.518,-0.00613592,0,0.124341,0.0715799
38.52,-0.00613592,0,0.111907,0.0644219
38.522,-0.00613592,0,0.100717,0.0579797
38.524,-0.00613592,0,0.0906449,0.0521817
38.526,-0.00613592,0,0.0815804,0.0469636
38.528,-0.00613592,0,0.0734224,0.0422672
38.53,-0.00613592,0,0.0660801,0.0380405
38.532,-0.00613592,0,0.0594721,0.0342364
38.534,-0.00613592,0,0.0535249,0.0308128
38.536,-0.00613592,0,0.0481724,0.0277315
38.538,-0.00613592,0,0.0433552,0.0249584
38.54,-0.00613592,0,0.0390197,0.0224625
38.542,-0.00613592,0,0.0351177,0.0202163
38.544,-0.00613592,0,0.0316059,0.0181946
38.546,-0.00613592,0,0.0284453,0.0163752
38.548,-0.00613592,0,0.0256008,0.0147377
38.55,-0.00613592,0,0.0230407,0.0132639
38.552,-0.00613592,0,0.0207366,0.0119375
38.554,-0.00613592,0,0.018663,0.0107438
38.556,-0.00613592,0,0.0167967,0.00966938
38.558,-0.00613592,0,0.015117,0.00870244
38.56,-0.00613592,0,0.0136053,0.0078322
38.562,-0.00613592,-0.00306796,0.0122448,-0.146349
38.564,-0.00613592,-0.00306796,0.0110203,-0.131714
38.566,-0.00613592,-0.00306796,0.00991827,-0.118543
38.568,-0.00613592,-0.00306796,0.00892645,-0.106688
38.57,-0.00613592,-0.00306796,0.0080338,-0.0960196
38.572,-0.00613592,-0.00306796,0.00723042,-0.0864177
38.574,-0.00613592,-0.00306796,0.00650738,-0.0777759
38.576,-0.00613592,-0.00306796,0.00585664,-0.0699983
38.578,-0.00613592,-0.00306796,0.00527098,-0.0629985
38.58,-0.00613592,-0.00306796,0.00474388,-0.0566986
38.582,-0.00613592,-0.00306796,0.00426949,-0.0510288
38.584,-0.00613592,-0.00306796,0.00384254,-0.0459259
38.586,-0.00613592,-0.00306796,0.00345829,-0.0413333
38.588,-0.00613592,-0.00306796,0.00311246,-0.0372
38.59,-0.00613592,-0.00306796,0.00280121,-0.03348
38.592,-0.00613592,-0.00306796,0.00252109,-0.030132
38.594,-0.00613592,-0.00306796,0.00226898,-0.0271188
38.596,-0.00613592,0,0.00204208,0.128991
38.598,-0.00306796,0,0.155236,0.116092
38.6,-0.00306796,0,0.139712,0.104483
38.602,-0.00306796,0,0.125741,0.0940346
38.604,-0.00306796,0,0.113167,0.0846311
38.606,-0.00306796,0,0.10185,0.076168
38.608,-0.00306796,0,0.0916653,0.0685512
38.61,-0.00306796,0,0.0824988,0.0616961
38.612,-0.00306796,0,0.0742489,0.0555265
38.614,-0.00306796,0,0.066824,0.0499738
38.616,-0.00306796,-0.00306796,0.0601416,-0.108422
38.618,-0.00306796,-0.00306796,0.0541274,-0.0975795
38.62,-0.00306796,-0.00306796,0.0487147,-0.0878215
38.622,-0.00306796,-0.00306796,0.0438432,-0.0790394
38.624,-0.00306796,-0.00306796,0.0394589,-0.0711354
38.626,-0.00306796,-0.00306796,0.035513,-0.0640219
38.628,-0.00306796,-0.00306796,0.0319617,-0.0576197
38.63,-0.00306796,-0.00306796,0.0287655,-0.0518577
38.632,-0.00306796,-0.00306796,0.025889,-0.046672
38.634,-0.00306796,-0.00306796,0.0233001,-0.0420048
38.636,-0.00306796,-0.00306796,0.0209701,-0.0378043
38.638,-0.00306796,-0.00306796,0.0188731,-0.0340239
38.64,-0.00306796,-0.00306796,0.0169858,-0.0306215
38.642,-0.00306796,-0.00306796,0.0152872,-0.0275593
38.644,-0.00306796,0,0.0137585,0.128595
38.646,-0.00306796,0,0.0123826,0.115735
38.648,-0.00306796,0,0.0111444,0.104162
38.65,-0.00306796,0,0.0100299,0.0937455
38.652,-0.00306796,0,0.00902693,0.084371
38.654,-0.00306796,0,0.00812424,0.0759339
38.656,-0.00306796,0,0.00731181,0.0683405
38.658,-0.00306796,0,0.00658063,0.0615064
38.66,-0.00306796,-0.00306796,0.00592257,-0.0980423
38.662,-0.00306796,-0.00306796,0.00533031,-0.0882381
38.664,-0.00306796,-0.00306796,0.00479728,-0.0794142
38.666,-0.00306796,-0.00306796,0.00431755,-0.0714728
38.668,-0.00306796,-0.00306796,0.0038858,-0.0643255
38.67,-0.00306796,-0.00306796,0.00349722,-0.057893
38.672,-0.00306796,-0.00306796,0.0031475,-0.0521037
38.674,-0.00306796,-0.00306796,0.00283275,-0.0468933
38.676,-0.00306796,-0.00306796,0.00254947,-0.042204
38.678,-0.00306796,-0.00306796,0.00229452,-0.0379836
38.68,-0.00306796,-0.00306796,0.00206507,-0.0341852
38.682,-0.00306796,-0.00306796,0.00185856,-0.0307667
38.684,-0.00306796,-0.00306796,0.00167271,-0.02769
38.686,-0.00306796,-0.00306796,0.00150544,-0.024921
38.688,-0.00306796,-0.00306796,0.00135489,-0.0224289
38.69,-0.00306796,-0.00306796,0.0012194,-0.020186
38.692,-0.00306796,-0.00306796,0.00109746,-0.0181674
38.694,-0.00306796,-0.00306796,0.000987718,-0.0163507
38.696,-0.00306796,-0.00306796,0.000888946,-0.0147156
38.698,-0.00306796,-0.00306796,0.000800051,-0.0132441
38.7,-0.00306796,-0.00306796,0.000720046,-0.0119197
38.702,-0.00306796,-0.00306796,0.000648041,-0.0107277
38.704,-0.00306796,-0.00306796,0.000583237,-0.00965492
38.706,-0.00306796,-0.00306796,0.000524914,-0.00868943
38.708,-0.00306796,-0.00306796,0.000472422,-0.00782048
38.71,-0.00306796,-0.00306796,0.00042518,-0.00703844
38.712,-0.00306796,-0.00306796,0.000382662,-0.00633459
38.714,-0.00306796,-0.00613592,0.000344396,-0.159099
38.716,-0.00306796,-0.00613592,0.000309956,-0.143189
38.718,-0.00306796,-0.00613592,0.000278961,-0.12887
38.72,-0.00306796,-0.00613592,0.000251065,-0.115983
38.722,-0.00306796,-0.00613592,0.000225958,-0.104385
38.724,-0,-0.00613592,0.153601,-0.0939465
38.726,-0,-0.00613592,0.138241,-0.0845518
38.728,-0,-0.00613592,0.124417,-0.0760967
38.73,-0,-0.00613592,0.111975,-0.068487
38.732,-0,-0.00613592,0.100778,-0.0616383
38.734,-0,-0.00613592,0.0907001,-0.0554745
38.736,-0,-0.00613592,0.0816301,-0.049927
38.738,-0,-0.00613592,0.0734671,-0.0449343
38.74,-0,-0.00306796,0.0661204,0.112957
38.742,0.00306796,-0.00306796,0.212906,0.101661
38.744,0.00306796,-0.00306796,0.191616,0.0914953
38.746,0.00306796,-0.00306796,0.172454,0.0823458
38.748,0.00306796,-0.00306796,0.155209,0.0741112
38.75,0.00306796,-0.00306796,0.139688,0.0667001
38.752,0.00306796,-0.00306796,0.125719,0.0600301
38.754,0.00306796,0,0.113147,0.207425
38.756,0.00613592,0,0.255231,0.186683
38.758,0.00613592,0,0.229708,0.168014
38.76,0.00613592,0,0.206737,0.151213
38.762,0.00613592,0,0.186063,0.136092
38.764,0.00613592,0,0.167457,0.122482
38.766,0.00613592,0,0.150711,0.110234
38.768,0.00613592,0,0.13564,0.0992108
38.77,0.00613592,0,0.122076,0.0892897
38.772,0.00613592,0,0.109868,0.0803608
38.774,0.00613592,0,0.0988815,0.0723247
38.776,0.00920388,0,0.242391,0.0650922
38.778,0.00920388,0,0.218152,0.058583
38.78,0.00920388,0,0.196337,0.0527247
38.782,0.00920388,0,0.176703,0.0474522
38.784,0.00920388,0,0.159033,0.042707
38.786,0.00920388,0,0.14313,0.0384363
38.788,0.00920388,0,0.128817,0.0345927
38.79,0.00920388,0,0.115935,0.0311334
38.792,0.00920388,0,0.104342,0.0280201
38.794,0.00920388,0,0.0939074,0.0252181
38.796,0.00920388,0,0.0845167,0.0226963
38.798,0.00920388,0,0.076065,0.0204266
38.8,0.00920388,0,0.0684585,0.018384
38.802,0.00920388,0,0.0616127,0.0165456
38.804,0.00920388,0,0.0554514,0.014891
38.806,0.00920388,0,0.0499063,0.0134019
38.808,0.00920388,0,0.0449156,0.0120617
38.81,0.00920388,0,0.0404241,0.0108555
38.812,0.00920388,0,0.0363817,0.00976999
38.814,0.00920388,0,0.0327435,0.00879299
38.816,0.00920388,0,0.0294691,0.00791369
38.818,0.00920388,0,0.0265222,0.00712232
38.82,0.00920388,0,0.02387,0.00641009
38.822,0.00920388,0,0.021483,0.00576908
38.824,0.00920388,0,0.0193347,0.00519217
38.826,0.00920388,0,0.0174012,0.00467296
38.828,0.00920388,0,0.0156611,0.00420566
38.83,0.00920388,0,0.014095,0.00378509
38.832,0.00920388,0,0.0126855,0.00340659
38.834,0.00920388,0,0.011417,0.00306593
38.836,0.00920388,0,0.0102753,0.00275933
38.838,0.00920388,0,0.00924773,0.0024834
38.84,0.00920388,0,0.00832296,0.00223506
38.842,0.00920388,0,0.00749066,0.00201155
38.844,0.00920388,0,0.00674159,0.0018104
38.846,0.00920388,0,0.00606744,0.00162936
38.848,0.00920388,-0.00306796,0.00546069,-0.151932
38.85,0.00920388,-0.00306796,0.00491462,-0.136738
38.852,0.00920388,-0.00306796,0.00442316,-0.123065
38.854,0.00920388,-0.00306796,0.00398084,-0.110758
38.856,0.00920388,-0.00306796,0.00358276,-0.0996824
38.858,0.00920388,-0.00306796,0.00322448,-0.0897141
38.86,0.0122718,-0.00306796,0.1563,-0.0807427
38.862,0.0122718,-0.00306796,0.14067,-0.0726684
38.864,0.0122718,-0.00306796,0.126603,-0.0654016
38.866,0.0122718,-0.00306796,0.113943,-0.0588614
38.868,0.0122718,-0.00306796,0.102549,-0.0529753
38.87,0.0122718,-0.00306796,0.0922937,-0.0476778
38.872,0.0122718,-0.00306796,0.0830643,-0.04291
38.874,0.0122718,-0.00306796,0.0747579,-0.038619
38.876,0.0122718,-0.00306796,0.0672821,-0.0347571
38.878,0.0122718,-0.00306796,0.0605539,-0.0312814
38.88,0.0122718,-0.00306796,0.0544985,-0.0281532
38.882,0.0153398,0,0.202447,0.12806
38.884,0.0153398,0,0.182202,0.115254
38.886,0.0153398,0,0.163982,0.103729
38.888,0.0153398,0,0.147584,0.0933559
38.89,0.0153398,0,0.132825,0.0840203
38.892,0.0153398,0,0.119543,0.0756182
38.894,0.0153398,0,0.107588,0.0680564
38.896,0.0153398,0,0.0968296,0.0612508
38.898,0.0153398,0,0.0871467,0.0551257
38.9,0.0184078,0,0.23183,0.0496131
38.902,0.0184078,0,0.208647,0.0446518
38.904,0.0184078,0,0.187782,0.0401866
38.906,0.0184078,0,0.169004,0.036168
38.908,0.0184078,0,0.152104,0.0325512
38.91,0.0184078,0,0.136893,0.0292961
38.912,0.0184078,0.00306796,0.123204,0.179765
38.914,0.0184078,0.00306796,0.110884,0.161788
38.916,0.0184078,0.00306796,0.0997952,0.145609
38.918,0.0184078,0.00306796,0.0898157,0.131048
38.92,0.0184078,0.00306796,0.0808342,0.117944
38.922,0.0184078,0.00306796,0.0727507,0.106149
38.924,0.0184078,0.00306796,0.0654757,0.0955342
38.926,0.0184078,0.00306796,0.0589281,0.0859808
38.928,0.0184078,0.00306796,0.0530353,0.0773827
38.93,0.0184078,0.00306796,0.0477318,0.0696445
38.932,0.0184078,0,0.0429586,-0.0907181
38.934,0.0184078,0,0.0386627,-0.0816463
38.936,0.0184078,0,0.0347965,-0.0734816
38.938,0.0184078,0,0.0313168,-0.0661335
38.94,0.0184078,0,0.0281851,-0.0595201
38.942,0.0184078,0,0.0253666,-0.0535681
38.944,0.0184078,0,0.02283,-0.0482113
38.946,0.0184078,0,0.020547,-0.0433902
38.948,0.0184078,0,0.0184923,-0.0390512
38.95,0.0184078,0,0.016643,-0.035146
38.952,0.0184078,0,0.0149787,-0.0316314
38.954,0.0184078,0,0.0134809,-0.0284683
38.956,0.0184078,0,0.0121328,-0.0256215
38.958,0.0184078,0,0.0109195,-0.0230593
38.96,0.0184078,0,0.00982755,-0.0207534
38.962,0.0184078,0,0.00884479,-0.018678
38.964,0.0184078,0,0.00796031,-0.0168102
38.966,0.0184078,0,0.00716428,-0.0151292
38.968,0.0184078,0,0.00644785,-0.0136163
38.97,0.0184078,0,0.00580307,-0.0122547
38.972,0.0184078,0,0.00522276,-0.0110292
38.974,0.0184078,0,0.00470048,-0.00992628
38.976,0.0184078,0,0.00423044,-0.00893365
38.978,0.0184078,-0.00306796,0.00380739,-0.161438
38.98,0.0184078,-0.00306796,0.00342665,-0.145295
38.982,0.0184078,-0.00306796,0.00308399,-0.130765
38.984,0.0184078,-0.00306796,0.00277559,-0.117689
38.986,0.0184078,-0.00306796,0.00249803,-0.10592
38.988,0.0184078,-0.00306796,0.00224823,-0.0953277
38.99,0.0184078,-0.00306796,0.0020234,-0.085795
38.992,0.0214757,-0.00306796,0.155219,-0.0772155
38.994,0.0214757,-0.00306796,0.139697,-0.0694939
38.996,0.0214757,-0.00306796,0.125728,-0.0625445
38.998,0.0214757,-0.00306796,0.113155,-0.0562901
39,0.0214757,-0.00306796,0.101839,-0.0506611
39.002,0.0214757,-0.00306796,0.0916554,-0.045595
39.004,0.0214757,-0.00306796,0.0824898,-0.0410355
39.006,0.0214757,-0.00306796,0.0742408,-0.0369319
39.008,0.0214757,-0.00306796,0.0668168,-0.0332387
39.01,0.0214757,0,0.0601351,0.123483
39.012,0.0214757,0,0.0541216,0.111135
39.014,0.0214757,0,0.0487094,0.100021
39.016,0.0245437,0,0.197237,0.0900193
39.018,0.0245437,0,0.177513,0.0810173
39.02,0.0245437,0,0.159762,0.0729156
39.022,0.0245437,0,0.143785,0.065624
39.024,0.0245437,0,0.129407,0.0590616
39.026,0.0245437,0.00306796,0.116466,0.206554
39.028,0.0245437,0.00306796,0.10482,0.185898
39.03,0.0245437,0.00306796,0.0943376,0.167308
39.032,0.0245437,0.00306796,0.0849039,0.150578
39.034,0.0245437,0.00306796,0.0764135,0.13552
39.036,0.0245437,0.00306796,0.0687721,0.121968
39.038,0.0276117,0.00306796,0.215293,0.109771
39.04,0.0276117,0.00306796,0.193764,0.0987939
39.042,0.0276117,0.00306796,0.174387,0.0889145
39.044,0.0276117,0.00306796,0.156949,0.0800231
39.046,0.0276117,0.00306796,0.141254,0.0720208
39.048,0.0276117,0.00306796,0.127128,0.0648187
39.05,0.0276117,0.00306796,0.114416,0.0583368
39.052,0.0276117,0.00306796,0.102974,0.0525031
39.054,0.0276117,0.00306796,0.0926766,0.0472528
39.056,0.0276117,0,0.0834089,-0.110871
39.058,0.0276117,0,0.075068,-0.0997835
39.06,0.0276117,0,0.0675612,-0.0898051
39.062,0.0276117,0,0.0608051,-0.0808246
39.064,0.0276117,0,0.0547246,-0.0727422
39.066,0.0276117,0,0.0492521,-0.0654679
39.068,0.0276117,0,0.0443269,-0.0589211
39.07,0.0276117,0,0.0398942,-0.053029
39.072,0.0276117,0,0.0359048,-0.0477261
39.074,0.0276117,0,0.0323143,-0.0429535
39.076,0.0276117,0,0.0290829,-0.0386582
39.078,0.0276117,0,0.0261746,-0.0347923
39.08,0.0276117,0,0.0235571,-0.0313131
39.082,0.0276117,0,0.0212014,-0.0281818
39.084,0.0276117,0,0.0190813,-0.0253636
39.086,0.0276117,0,0.0171732,-0.0228273
39.088,0.0276117,0,0.0154558,-0.0205445
39.09,0.0276117,0,0.0139103,-0.0184901
39.092,0.0276117,0,0.0125192,-0.0166411
39.094,0.0276117,0,0.0112673,-0.014977
39.096,0.0276117,0,0.0101406,-0.0134793
39.098,0.0276117,0,0.00912652,-0.0121313
39.1,0.0276117,0,0.00821387,-0.0109182
39.102,0.0276117,0,0.00739248,-0.00982639
39.104,0.0276117,0,0.00665323,-0.00884375
39.106,0.0276117,0,0.00598791,-0.00795937
39.108,0.0276117,0,0.00538912,-0.00716344
39.11,0.0276117,0,0.00485021,-0.00644709
39.112,0.0276117,0,0.00436519,-0.00580238
39.114,0.0276117,0,0.00392867,-0.00522214
39.116,0.0276117,0,0.0035358,-0.00469993
39.118,0.0276117,0,0.00318222,-0.00422994
39.12,0.0276117,0,0.002864,-0.00380694
39.122,0.0276117,0,0.0025776,-0.00342625
39.124,0.0276117,0,0.00231984,-0.00308362
39.126,0.0276117,0,0.00208785,-0.00277526
39.128,0.0276117,0,0.00187907,-0.00249774
39.13,0.0276117,0,0.00169116,-0.00224796
39.132,0.0276117,-0.00306796,0.00152205,-0.155421
39.134,0.0276117,-0.00306796,0.00136984,-0.139879
39.136,0.0276117,-0.00306796,0.00123286,-0.125891
39.138,0.0276117,-0.00306796,0.00110957,-0.113302
39.14,0.0276117,-0.00306796,0.000998615,-0.101972
39.142,0.0276117,-0.00306796,0.000898753,-0.0917747
39.144,0.0276117,-0.00306796,0.000808878,-0.0825972
39.146,0.0276117,-0.00306796,0.00072799,-0.0743375
39.148,0.0276117,-0.00306796,0.000655191,-0.0669037
39.15,0.0276117,-0.00306796,0.000589672,-0.0602134
39.152,0.0276117,-0.00306796,0.000530705,-0.054192
39.154,0.0276117,-0.00306796,0.000477634,-0.0487728
39.156,0.0276117,-0.00306796,0.000429871,-0.0438956
39.158,0.0276117,-0.00306796,0.000386884,-0.039506
39.16,0.0276117,0,0.000348195,0.117843
39.162,0.0276117,0,0.000313376,0.106058
39.164,0.0276117,0,0.000282038,0.0954526
39.166,0.0306796,0,0.153652,0.0859073
39.168,0.0306796,0,0.138287,0.0773166
39.17,0.0306796,0,0.124458,0.0695849
39.172,0.0306796,0,0.112012,0.0626264
39.174,0.0306796,0,0.100811,0.0563638
39.176,0.0306796,0,0.0907299,0.0507274
39.178,0.0306796,0,0.0816569,0.0456547
39.18,0.0306796,0,0.0734912,0.0410892
39.182,0.0306796,0,0.0661421,0.0369803
39.184,0.0306796,0,0.0595279,0.0332823
39.186,0.0306796,0,0.0535751,0.029954
39.188,0.0306796,0,0.0482176,0.0269586
39.19,0.0306796,0,0.0433958,0.0242628
39.192,0.0306796,0,0.0390563,0.0218365
39.194,0.0306796,0,0.0351506,0.0196528
39.196,0.0306796,0,0.0316356,0.0176876
39.198,0.0306796,0,0.028472,0.0159188
39.2,0.0306796,0,0.0256248,0.0143269
39.202,0.0306796,0,0.0230623,0.0128942
39.204,0.0306796,0,0.0207561,0.0116048
39.206,0.0306796,0,0.0186805,0.0104443
39.208,0.0306796,0,0.0168124,0.00939989
39.21,0.0306796,0,0.0151312,0.0084599
39.212,0.0306796,0,0.0136181,0.00761391
39.214,0.0306796,0,0.0122563,0.00685252
39.216,0.0306796,-0.00306796,0.0110306,-0.147231
39.218,0.0306796,-0.00306796,0.00992758,-0.132508
39.22,0.0306796,-0.00306796,0.00893482,-0.119257
39.222,0.0306796,-0.00306796,0.00804134,-0.107331
39.224,0.0306796,-0.00306796,0.0072372,-0.0965981
39.226,0.0306796,-0.00306796,0.00651348,-0.0869383
39.228,0.0306796,-0.00306796,0.00586213,-0.0782445
39.23,0.0306796,-0.00306796,0.00527592,-0.07042
39.232,0.0306796,-0.00306796,0.00474833,-0.063378
39.234,0.0306796,-0.00306796,0.0042735,-0.0570402
39.236,0.0306796,-0.00306796,0.00384615,-0.0513362
39.238,0.0306796,-0.00306796,0.00346153,-0.0462026
39.24,0.0306796,-0.00306796,0.00311538,-0.0415823
39.242,0.0306796,-0.00306796,0.00280384,-0.0374241
39.244,0.0306796,-0.00306796,0.00252346,-0.0336817
39.246,0.0306796,0,0.00227111,0.123085
39.248,0.0306796,0,0.002044,0.110776
39.25,0.0306796,0,0.0018396,0.0996985
39.252,0.0306796,0,0.00165564,0.0897286
39.254,0.0306796,0,0.00149008,0.0807558
39.256,0.0306796,0,0.00134107,0.0726802
39.258,0.0337476,0,0.154605,0.0654122
39.26,0.0337476,0,0.139145,0.058871
39.262,0.0337476,0,0.12523,0.0529839
39.264,0.0337476,0,0.112707,0.0476855
39.266,0.0337476,0,0.101436,0.0429169
39.268,0.0337476,0,0.0912927,0.0386252
39.27,0.0337476,0,0.0821635,0.0347627
39.272,0.0337476,0,0.0739471,0.0312864
39.274,0.0337476,0,0.0665524,0.0281578
39.276,0.0337476,0,0.0598972,0.025342
39.278,0.0337476,0,0.0539074,0.0228078
39.28,0.0337476,0,0.0485167,0.020527
39.282,0.0337476,0,0.043665,0.0184743
39.284,0.0337476,0,0.0392985,0.0166269
39.286,0.0337476,0,0.0353687,0.0149642
39.288,0.0337476,0,0.0318318,0.0134678
39.29,0.0337476,0,0.0286486,0.012121
39.292,0.0337476,0,0.0257838,0.0109089
39.294,0.0337476,0,0.0232054,0.00981802
39.296,0.0337476,0,0.0208848,0.00883622
39.298,0.0337476,0,0.0187964,0.00795259
39.3,0.0337476,-0.00306796,0.0169167,-0.146241
39.302,0.0337476,-0.00306796,0.0152251,-0.131617
39.304,0.0337476,-0.00306796,0.0137025,-0.118455
39.306,0.0337476,-0.00306796,0.0123323,-0.10661
39.308,0.0337476,-0.00306796,0.0110991,-0.0959486
39.31,0.0337476,-0.00306796,0.00998916,-0.0863537
39.312,0.0337476,-0.00306796,0.00899024,-0.0777183
39.314,0.0337476,-0.00306796,0.00809122,-0.0699465
39.316,0.0337476,-0.00306796,0.0072821,-0.0629518
39.318,0.0337476,-0.00306796,0.00655389,-0.0566567
39.32,0.0337476,-0.00306796,0.0058985,-0.050991
39.322,0.0337476,-0.00306796,0.00530865,-0.0458919
39.324,0.0337476,-0.00306796,0.00477778,-0.0413027
39.326,0.0337476,-0.00306796,0.00430001,-0.0371724
39.328,0.0337476,0,0.00387,0.119943
39.33,0.0337476,0,0.003483,0.107949
39.332,0.0337476,0,0.0031347,0.0971537
39.334,0.0337476,0,0.00282123,0.0874384
39.336,0.0337476,0,0.00253911,0.0786945
39.338,0.0337476,0,0.0022852,0.0708251
39.34,0.0337476,0,0.00205668,0.0637426
39.342,0.0337476,0,0.00185101,0.0573683
39.344,0.0337476,0,0.00166591,0.0516315
39.346,0.0337476,0,0.00149932,0.0464683
39.348,0.0337476,0,0.00134939,0.0418215
39.35,0.0337476,0,0.00121445,0.0376393
39.352,0.0337476,0,0.001093,0.0338754
39.354,0.0337476,0,0.000983703,0.0304879
39.356,0.0337476,0,0.000885333,0.0274391
39.358,0.0337476,0,0.0007968,0.0246952
39.36,0.0337476,0,0.00071712,0.0222257
39.362,0.0337476,0,0.000645408,0.0200031
39.364,0.0337476,0,0.000580867,0.0180028
39.366,0.0337476,0,0.00052278,0.0162025
39.368,0.0337476,0,0.000470502,0.0145823
39.37,0.0337476,0,0.000423452,0.013124
39.372,0.0337476,0,0.000381107,0.0118116
39.374,0.0337476,0,0.000342996,0.0106305
39.376,0.0337476,0,0.000308696,0.00956742
39.378,0.0337476,0,0.000277827,0.00861068
39.38,0.0337476,0,0.000250044,0.00774961
39.382,0.0337476,0,0.00022504,0.00697465
39.384,0.0337476,0,0.000202536,0.00627718
39.386,0.0337476,-0.00306796,0.000182282,-0.147749
39.388,0.0337476,-0.00306796,0.000164054,-0.132974
39.39,0.0337476,-0.00306796,0.000147649,-0.119676
39.392,0.0337476,-0.00306796,0.000132884,-0.107709
39.394,0.0337476,-0.00306796,0.000119595,-0.0969379
39.396,0.0337476,-0.00306796,0.000107636,-0.0872441
39.398,0.0337476,-0.00306796,9.68722e-05,-0.0785197
39.4,0.0337476,-0.00306796,8.7185e-05,-0.0706677
39.402,0.0337476,-0.00306796,7.84665e-05,-0.0636009
39.404,0.0337476,-0.00306796,7.06199e-05,-0.0572408
39.406,0.0337476,-0.00306796,6.35579e-05,-0.0515168
39.408,0.0368155,-0.00306796,0.153455,-0.0463651
39.41,0.0368155,-0.00306796,0.13811,-0.0417286
39.412,0.0368155,-0.00306796,0.124299,-0.0375557
39.414,0.0368155,-0.00306796,0.111869,-0.0338001
39.416,0.0368155,-0.00306796,0.100682,-0.0304201
39.418,0.0368155,0,0.0906138,0.12602
39.42,0.0368155,0,0.0815524,0.113418
39.422,0.0368155,0,0.0733972,0.102076
39.424,0.0368155,0,0.0660575,0.0918686
39.426,0.0368155,0,0.0594517,0.0826817
39.428,0.0368155,0,0.0535065,0.0744135
39.43,0.0398835,0,0.201554,0.0669722
39.432,0.0398835,0,0.181399,0.060275
39.434,0.0398835,0,0.163259,0.0542475
39.436,0.0398835,0,0.146933,0.0488227
39.438,0.0398835,0.00306796,0.13224,0.197339
39.44,0.0398835,0.00306796,0.119016,0.177605
39.442,0.0398835,0.00306796,0.107114,0.159844
39.444,0.0398835,0.00306796,0.0964026,0.14386
39.446,0.0398835,0.00306796,0.0867624,0.129474
39.448,0.0398835,0.00306796,0.0780861,0.116526
39.45,0.0398835,0.00306796,0.0702775,0.104874
39.452,0.0398835,0.00306796,0.0632498,0.0943864
39.454,0.0398835,0.00306796,0.0569248,0.0849478
39.456,0.0398835,0.00306796,0.0512323,0.076453
39.458,0.0398835,0.00306796,0.0461091,0.0688077
39.46,0.0398835,0.00306796,0.0414982,0.0619269
39.462,0.0398835,0.00306796,0.0373484,0.0557342
39.464,0.0398835,0.00306796,0.0336135,0.0501608
39.466,0.0398835,0.00306796,0.0302522,0.0451447
39.468,0.0398835,0.00306796,0.027227,0.0406303
39.47,0.0398835,0.00306796,0.0245043,0.0365672
39.472,0.0398835,0.00306796,0.0220538,0.0329105
39.474,0.0398835,0,0.0198484,-0.123779
39.476,0.0398835,0,0.0178636,-0.111401
39.478,0.0398835,0,0.0160772,-0.100261
39.48,0.0398835,0,0.0144695,-0.0902346
39.482,0.0398835,0,0.0130226,-0.0812112
39.484,0.0398835,0,0.0117203,-0.07309
39.486,0.0398835,0,0.0105483,-0.065781
39.488,0.0398835,0,0.00949345,-0.0592029
39.49,0.0398835,0,0.00854411,-0.0532826
39.492,0.0398835,0,0.0076897,-0.0479544
39.494,0.0398835,0,0.00692073,-0.0431589
39.496,0.0398835,0,0.00622865,-0.038843
39.498,0.0398835,0,0.00560579,-0.0349587
39.5,0.0398835,0,0.00504521,-0.0314629
39.502,0.0398835,0.00306796,0.00454069,0.125081
39.504,0.0398835,0.00306796,0.00408662,0.112573
39.506,0.0398835,0.00306796,0.00367796,0.101316
39.508,0.0398835,0.00306796,0.00331016,0.0911844
39.51,0.0398835,0.00306796,0.00297915,0.082066
39.512,0.0398835,0.00306796,0.00268123,0.0738594
39.514,0.0398835,0.00306796,0.00241311,0.0664734
39.516,0.0398835,0.00306796,0.0021718,0.0598261
39.518,0.0398835,0.00306796,0.00195462,0.0538435
39.52,0.0398835,0,0.00175916,-0.104939
39.522,0.0398835,0,0.00158324,-0.094445
39.524,0.0398835,0,0.00142492,-0.0850005
39.526,0.0398835,0,0.00128242,-0.0765005
39.528,0.0398835,0,0.00115418,-0.0688504
39.53,0.0398835,0,0.00103876,-0.0619654
39.532,0.0398835,0,0.000934887,-0.0557689
39.534,0.0398835,0,0.000841399,-0.050192
39.536,0.0398835,0,0.000757259,-0.0451728
39.538,0.0398835,0,0.000681533,-0.0406555
39.54,0.0398835,0,0.00061338,-0.0365899
39.542,0.0398835,0,0.000552042,-0.032931
39.544,0.0398835,0,0.000496838,-0.0296379
39.546,0.0398835,0,0.000447154,-0.0266741
39.548,0.0398835,0,0.000402438,-0.0240067
39.55,0.0398835,0,0.000362195,-0.021606
39.552,0.0398835,0,0.000325975,-0.0194454
39.554,0.0398835,0,0.000293378,-0.0175009
39.556,0.0398835,0,0.00026404,-0.0157508
39.558,0.0398835,0,0.000237636,-0.0141757
39.56,0.0398835,0,0.000213872,-0.0127581
39.562,0.0398835,0,0.000192485,-0.0114823
39.564,0.0398835,0,0.000173237,-0.0103341
39.566,0.0398835,0,0.000155913,-0.00930067
39.568,0.0398835,0,0.000140322,-0.00837061
39.57,0.0398835,0,0.000126289,-0.00753355
39.572,0.0398835,0,0.00011366,-0.00678019
39.574,0.0398835,0,0.000102294,-0.00610217
39.576,0.0398835,0,9.2065e-05,-0.00549195
39.578,0.0398835,0,8.28585e-05,-0.00494276
39.58,0.0398835,0,7.45726e-05,-0.00444848
39.582,0.0398835,0,6.71154e-05,-0.00400364
39.584,0.0398835,0,6.04038e-05,-0.00360327
39.586,0.0398835,0,5.43635e-05,-0.00324294
39.588,0.0398835,0,4.89271e-05,-0.00291865
39.59,0.0398835,0,4.40344e-05,-0.00262678
39.592,0.0398835,0,3.9631e-05,-0.00236411
39.594,0.0398835,0,3.56679e-05,-0.0021277
39.596,0.0398835,0,3.21011e-05,-0.00191493
39.598,0.0398835,0,2.8891e-05,-0.00172343
39.6,0.0398835,0,2.60019e-05,-0.00155109
39.602,0.0398835,0,2.34017e-05,-0.00139598
39.604,0.0398835,0,2.10615e-05,-0.00125638
39.606,0.0398835,0,1.89554e-05,-0.00113074
39.608,0.0398835,0,1.70598e-05,-0.00101767
39.61,0.0398835,0,1.53538e-05,-0.000915903
39.612,0.0398835,0,1.38185e-05,-0.000824313
39.614,0.0398835,0,1.24366e-05,-0.000741882
39.616,0.0398835,0,1.1193e-05,-0.000667693
39.618,0.0398835,0,1.00737e-05,-0.000600924
39.62,0.0398835,0,9.06629e-06,-0.000540832
39.622,0.0398835,0,8.15966e-06,-0.000486749
39.624,0.0398835,0,7.3437e-06,-0.000438074
39.626,0.0398835,0,6.60933e-06,-0.000394266
39.628,0.0368155,0,-0.153392,-0.00035484
39.63,0.0368155,0,-0.138053,-0.000319356
39.632,0.0368155,0,-0.124248,-0.00028742
39.634,0.0368155,0,-0.111823,-0.000258678
39.636,0.0368155,0,-0.100641,-0.00023281
39.638,0.0368155,0,-0.0905765,-0.000209529
39.64,0.0368155,0,-0.0815189,-0.000188576
39.642,0.0368155,0,-0.073367,-0.000169719
39.644,0.0368155,0,-0.0660303,-0.000152747
39.646,0.0368155,0,-0.0594273,-0.000137472
39.648,0.0368155,0,-0.0534845,-0.000123725
39.65,0.0368155,0,-0.0481361,-0.000111352
39.652,0.0368155,0,-0.0433225,-0.000100217
39.654,0.0368155,0,-0.0389902,-9.01955e-05
39.656,0.0368155,0,-0.0350912,-8.11759e-05
39.658,0.0368155,0,-0.0315821,-7.30583e-05
39.66,0.0368155,0,-0.0284239,-6.57525e-05
39.662,0.0368155,0,-0.0255815,-5.91773e-05
39.664,0.0368155,0,-0.0230233,-5.32595e-05
39.666,0.0368155,0,-0.020721,-4.79336e-05
39.668,0.0368155,0,-0.0186489,-4.31402e-05
39.67,0.0368155,0,-0.016784,-3.88262e-05
39.672,0.0368155,0,-0.0151056,-3.49436e-05
39.674,0.0368155,0,-0.013595,-3.14492e-05
39.676,0.0368155,0,-0.0122355,-2.83043e-05
39.678,0.0368155,0,-0.011012,-2.54739e-05
39.68,0.0368155,-0.00306796,-0.00991079,-0.153421
39.682,0.0368155,-0.00306796,-0.00891971,-0.138079
39.684,0.0368155,-0.00306796,-0.00802774,-0.124271
39.686,0.0368155,-0.00306796,-0.00722497,-0.111844
39.688,0.0368155,-0.00306796,-0.00650247,-0.10066
39.69,0.0368155,-0.00306796,-0.00585222,-0.0905936
39.692,0.0368155,-0.00306796,-0.005267,-0.0815342
39.694,0.0368155,-0.00306796,-0.0047403,-0.0733808
39.696,0.0368155,-0.00306796,-0.00426627,-0.0660427
39.698,0.0368155,0,-0.00383964,0.0939596
39.7,0.0368155,0,-0.00345568,0.0845637
39.702,0.0368155,0,-0.00311011,0.0761073
39.704,0.0368155,0,-0.0027991,0.0684966
39.706,0.0368155,0,-0.00251919,0.0616469
39.708,0.0368155,0,-0.00226727,0.0554822
39.71,0.0368155,0,-0.00204054,0.049934
39.712,0.0368155,0,-0.00183649,0.0449406
39.714,0.0368155,0,-0.00165284,0.0404465
39.716,0.0368155,0,-0.00148756,0.0364019
39.718,0.0368155,0,-0.0013388,0.0327617
39.72,0.0368155,0,-0.00120492,0.0294855
39.722,0.0368155,0.00306796,-0.00108443,0.179935
39.724,0.0368155,0.00306796,-0.000975986,0.161942
39.726,0.0368155,0.00306796,-0.000878387,0.145747
39.728,0.0368155,0.00306796,-0.000790549,0.131173
39.73,0.0368155,0.00306796,-0.000711494,0.118055
39.732,0.0368155,0.00306796,-0.000640344,0.10625
39.734,0.0368155,0.00306796,-0.00057631,0.0956249
39.736,0.0368155,0,-0.000518679,-0.0673357
39.738,0.0368155,0,-0.000466811,-0.0606021
39.74,0.0368155,0,-0.00042013,-0.0545419
39.742,0.0368155,0,-0.000378117,-0.0490877
39.744,0.0368155,0,-0.000340305,-0.044179
39.746,0.0368155,0,-0.000306275,-0.0397611
39.748,0.0368155,0,-0.000275647,-0.035785
39.75,0.0368155,0,-0.000248083,-0.0322065
39.752,0.0337476,0,-0.153621,-0.0289858
39.754,0.0337476,0,-0.138259,-0.0260872
39.756,0.0337476,0,-0.124433,-0.0234785
39.758,0.0337476,0,-0.11199,-0.0211307
39.76,0.0337476,0,-0.100791,-0.0190176
39.762,0.0337476,0,-0.0907119,-0.0171158
39.764,0.0337476,0,-0.0816407,-0.0154042
39.766,0.0337476,0,-0.0734766,-0.0138638
39.768,0.0337476,0,-0.066129,-0.0124774
39.77,0.0337476,0,-0.0595161,-0.0112297
39.772,0.0337476,0,-0.0535645,-0.0101067
39.774,0.0337476,0,-0.048208,-0.00909605
39.776,0.0337476,0,-0.0433872,-0.00818645
39.778,0.0337476,0,-0.0390485,-0.0073678
39.78,0.0337476,0,-0.0351436,-0.00663102
39.782,0.0337476,0,-0.0316293,-0.00596792
39.784,0.0337476,0,-0.0284663,-0.00537113
39.786,0.0337476,0,-0.0256197,-0.00483402
39.788,0.0337476,0,-0.0230577,-0.00435061
39.79,0.0337476,0,-0.020752,-0.00391555
39.792,0.0337476,0,-0.0186768,-0.003524
39.794,0.0337476,0,-0.0168091,-0.0031716
39.796,0.0337476,0,-0.0151282,-0.00285444
39.798,0.0337476,0,-0.0136154,-0.00256899
39.8,0.0337476,0,-0.0122538,-0.0023121
39.802,0.0337476,0,-0.0110284,-0.00208089
39.804,0.0337476,0,-0.0099256,-0.0018728
39.806,0.0337476,0,-0.00893304,-0.00168552
39.808,0.0337476,0,-0.00803974,-0.00151697
39.81,0.0337476,0,-0.00723576,-0.00136527
39.812,0.0337476,0,-0.00651219,-0.00122874
39.814,0.0337476,0,-0.00586097,-0.00110587
39.816,0.0306796,0,-0.158673,-0.000995281
39.818,0.0306796,0,-0.142806,-0.000895753
39.82,0.0306796,0,-0.128525,-0.000806178
39.822,0.0306796,0,-0.115673,-0.00072556
39.824,0.0306796,0,-0.104105,-0.000653004
39.826,0.0306796,0,-0.0936948,-0.000587704
39.828,0.0306796,0,-0.0843253,-0.000528933
39.83,0.0306796,0,-0.0758928,-0.00047604
39.832,0.0306796,0,-0.0683035,-0.000428436
39.834,0.0306796,0,-0.0614732,-0.000385592
39.836,0.0306796,0,-0.0553258,-0.000347033
39.838,0.0306796,0,-0.0497933,-0.00031233
39.84,0.0306796,0,-0.0448139,-0.000281097
39.842,0.0306796,0,-0.0403325,-0.000252987
39.844,0.0306796,0,-0.0362993,-0.000227688
39.846,0.0306796,0,-0.0326694,-0.00020492
39.848,0.0306796,0,-0.0294024,-0.000184428
39.85,0.0306796,0,-0.0264622,-0.000165985
39.852,0.0306796,0,-0.023816,-0.000149386
39.854,0.0306796,0,-0.0214344,-0.000134448
39.856,0.0306796,0,-0.0192909,-0.000121003
39.858,0.0306796,0,-0.0173618,-0.000108903
39.86,0.0306796,0,-0.0156257,-9.80124e-05
39.862,0.0306796,0,-0.0140631,-8.82111e-05
39.864,0.0306796,0,-0.0126568,-7.939e-05
39.866,0.0306796,0,-0.0113911,-7.1451e-05
39.868,0.0306796,0,-0.010252,-6.43059e-05
39.87,0.0306796,0,-0.00922679,-5.78753e-05
39.872,0.0306796,0,-0.00830411,-5.20878e-05
39.874,0.0306796,0,-0.0074737,-4.6879e-05
39.876,0.0306796,0,-0.00672633,-4.21911e-05
39.878,0.0306796,0,-0.0060537,-3.7972e-05
39.88,0.0306796,0,-0.00544833,-3.41748e-05
39.882,0.0306796,0,-0.00490349,-3.07573e-05
39.884,0.0306796,0,-0.00441315,-2.76816e-05
39.886,0.0306796,0,-0.00397183,-2.49134e-05
39.888,0.0306796,0,-0.00357465,-2.24221e-05
39.89,0.0306796,0,-0.00321718,-2.01799e-05
39.892,0.0306796,0,-0.00289546,-1.81619e-05
39.894,0.0276117,0,-0.156004,-1.63457e-05
39.896,0.0276117,0,-0.140404,-1.47111e-05
39.898,0.0276117,0,-0.126363,-1.324e-05
39.9,0.0276117,0,-0.113727,-1.1916e-05
39.902,0.0276117,0,-0.102354,-1.07244e-05
39.904,0.0276117,0,-0.0921188,-9.65197e-06
39.906,0.0276117,0,-0.0829069,-8.68678e-06
39.908,0.0276117,0,-0.0746162,-7.8181e-06
39.91,0.0276117,0,-0.0671546,-7.03629e-06
39.912,0.0276117,0,-0.0604391,-6.33266e-06
39.914,0.0276117,0,-0.0543952,-5.69939e-06
39.916,0.0276117,0,-0.0489557,-5.12946e-06
39.918,0.0276117,0,-0.0440601,-4.61651e-06
39.92,0.0276117,0,-0.0396541,-4.15486e-06
39.922,0.0276117,0,-0.0356887,-3.73937e-06
39.924,0.0276117,0,-0.0321198,-3.36544e-06
39.926,0.0276117,0,-0.0289079,-3.02889e-06
39.928,0.0276117,0.00306796,-0.0260171,0.153395
39.93,0.0276117,0.00306796,-0.0234154,0.138056
39.932,0.0276117,0.00306796,-0.0210738,0.12425
39.934,0.0276117,0.00306796,-0.0189664,0.111825
39.936,0.0276117,0.00306796,-0.0170698,0.100643
39.938,0.0276117,0.00306796,-0.0153628,0.0905784
39.94,0.0276117,0.00306796,-0.0138265,0.0815206
39.942,0.0276117,0.00306796,-0.0124439,0.0733685
39.944,0.0276117,0.00306796,-0.0111995,0.0660317
39.946,0.0276117,0.00306796,-0.0100795,0.0594285
39.948,0.0276117,0.00306796,-0.00907159,0.0534857
39.95,0.0276117,0,-0.00816443,-0.105261
39.952,0.0245437,0,-0.160746,-0.0947349
39.954,0.0245437,0,-0.144671,-0.0852614
39.956,0.0245437,0,-0.130204,-0.0767353
39.958,0.0245437,0,-0.117184,-0.0690617
39.96,0.0245437,0,-0.105465,-0.0621556
39.962,0.0245437,0,-0.0949189,-0.05594
39.964,0.0245437,0,-0.0854271,-0.050346
39.966,0.0245437,0,-0.0768843,-0.0453114
39.968,0.0245437,0,-0.0691959,-0.0407803
39.97,0.0245437,0,-0.0622763,-0.0367022
39.972,0.0245437,0,-0.0560487,-0.033032
39.974,0.0245437,0,-0.0504438,-0.0297288
39.976,0.0245437,0,-0.0453994,-0.0267559
39.978,0.0245437,0,-0.0408595,-0.0240803
39.98,0.0245437,0,-0.0367735,-0.0216723
39.982,0.0214757,0,-0.186494,-0.0195051
39.984,0.0214757,0,-0.167845,-0.0175546
39.986,0.0214757,0,-0.15106,-0.0157991
39.988,0.0214757,0,-0.135954,-0.0142192
39.99,0.0214757,0,-0.122359,-0.0127973
39.992,0.0214757,0,-0.110123,-0.0115176
39.994,0.0214757,0,-0.0991107,-0.0103658
39.996,0.0214757,0,-0.0891996,-0.00932922
39.998,0.0214757,0,-0.0802797,-0.00839629
40,0.0214757,0,-0.0722517,-0.00755667
40.002,0.0214757,0,-0.0650265,-0.006801
40.004,0.0214757,0,-0.0585239,-0.0061209
40.006,0.0214757,0,-0.0526715,-0.00550881
40.008,0.0214757,0,-0.0474043,-0.00495793
40.01,0.0214757,0,-0.0426639,-0.00446214
40.012,0.0214757,0,-0.0383975,-0.00401592
40.014,0.0214757,0,-0.0345578,-0.00361433
40.016,0.0214757,0,-0.031102,-0.0032529
40.018,0.0214757,0,-0.0279918,-0.00292761
40.02,0.0214757,0,-0.0251926,-0.00263485
40.022,0.0214757,0,-0.0226733,-0.00237136
40.024,0.0214757,0,-0.020406,-0.00213423
40.026,0.0214757,0,-0.0183654,-0.0019208
40.028,0.0214757,0,-0.0165289,-0.00172872
40.03,0.0214757,0,-0.014876,-0.00155585
40.032,0.0214757,0,-0.0133884,-0.00140027
40.034,0.0214757,0,-0.0120495,-0.00126024
40.036,0.0214757,0,-0.0108446,-0.00113421
40.038,0.0214757,0,-0.00976013,-0.00102079
40.04,0.0214757,0,-0.00878412,-0.000918714
40.042,0.0214757,0.00306796,-0.00790571,0.152571
40.044,0.0184078,0.00306796,-0.160513,0.137314
40.046,0.0184078,0.00306796,-0.144462,0.123583
40.048,0.0184078,0.00306796,-0.130016,0.111224
40.05,0.0184078,0.00306796,-0.117014,0.100102
40.052,0.0184078,0.00306796,-0.105313,0.0900918
40.054,0.0184078,0.00306796,-0.0947814,0.0810826
40.056,0.0184078,0.00306796,-0.0853033,0.0729743
40.058,0.0184078,0,-0.076773,-0.0877212
40.06,0.0184078,0,-0.0690957,-0.078949
40.062,0.0184078,0,-0.0621861,-0.0710541
40.064,0.0184078,0,-0.0559675,-0.0639487
40.066,0.0184078,0,-0.0503707,-0.0575539
40.068,0.0153398,0,-0.198732,-0.0517985
40.07,0.0153398,0,-0.178859,-0.0466186
40.072,0.0153398,0,-0.160973,-0.0419568
40.074,0.0153398,0,-0.144875,-0.0377611
40.076,0.0153398,0,-0.130388,-0.033985
40.078,0.0153398,0,-0.117349,-0.0305865
40.08,0.0153398,0,-0.105614,-0.0275278
40.082,0.0153398,0,-0.0950528,-0.024775
40.084,0.0122718,0,-0.238946,-0.0222975
40.086,0.0122718,0,-0.215051,-0.0200678
40.088,0.0122718,0,-0.193546,-0.018061
40.09,0.0122718,0,-0.174191,-0.0162549
40.092,0.0122718,-0.00306796,-0.156772,-0.168027
40.094,0.0122718,-0.00306796,-0.141095,-0.151225
40.096,0.0122718,-0.00306796,-0.126985,-0.136102
40.098,0.0122718,-0.00306796,-0.114287,-0.122492
40.1,0.0122718,-0.00306796,-0.102858,-0.110243
40.102,0.00920388,-0.00306796,-0.24597,-0.0992186
40.104,0.00920388,-0.00306796,-0.221373,-0.0892967
40.106,0.00920388,-0.00306796,-0.199236,-0.080367
40.108,0.00920388,-0.00306796,-0.179312,-0.0723303
40.11,0.00920388,-0.00306796,-0.161381,-0.0650973
40.112,0.00920388,-0.00306796,-0.145243,-0.0585876
40.114,0.00920388,-0.00306796,-0.130719,-0.0527288
40.116,0.00920388,-0.00306796,-0.117647,-0.0474559
40.118,0.00920388,-0.00306796,-0.105882,-0.0427103
40.12,0.00920388,-0.00306796,-0.095294,-0.0384393
40.122,0.00920388,-0.00306796,-0.0857646,-0.0345954
40.124,0.00920388,-0.00306796,-0.0771881,-0.0311358
40.126,0.00920388,-0.00306796,-0.0694693,-0.0280223
40.128,0.00920388,-0.00306796,-0.0625224,-0.02522
40.13,0.00920388,-0.00306796,-0.0562702,-0.022698
40.132,0.00920388,-0.00306796,-0.0506431,-0.0204282
40.134,0.00920388,-0.00306796,-0.0455788,-0.0183854
40.136,0.00920388,-0.00306796,-0.0410209,-0.0165469
40.138,0.00920388,-0.00306796,-0.0369189,-0.0148922
40.14,0.00920388,-0.00306796,-0.033227,-0.013403
40.142,0.00920388,-0.00306796,-0.0299043,-0.0120627
40.144,0.00920388,-0.00306796,-0.0269138,-0.0108564
40.146,0.00920388,-0.00306796,-0.0242225,-0.00977075
40.148,0.00920388,-0.00306796,-0.0218002,-0.00879368
40.15,0.00920388,-0.00306796,-0.0196202,-0.00791431
40.152,0.00613592,-0.00306796,-0.171056,-0.00712288
40.154,0.00613592,0,-0.153951,0.146987
40.156,0.00613592,0,-0.138556,0.132289
40.158,0.00613592,0,-0.1247,0.11906
40.16,0.00613592,0,-0.11223,0.107154
40.162,0.00613592,0,-0.101007,0.0964385
40.164,0.00613592,0,-0.0909063,0.0867946
40.166,0.00613592,0,-0.0818157,0.0781152
40.168,0.00613592,0,-0.0736341,0.0703037
40.17,0.00613592,0,-0.0662707,0.0632733
40.172,0.00613592,0,-0.0596436,0.056946
40.174,0.00613592,-0.00306796,-0.0536793,-0.102147
40.176,0.00613592,-0.00306796,-0.0483113,-0.091932
40.178,0.00613592,-0.00306796,-0.0434802,-0.0827388
40.18,0.00306796,-0.00306796,-0.19253,-0.074465
40.182,0.00306796,-0.00306796,-0.173277,-0.0670185
40.184,0.00306796,-0.00306796,-0.15595,-0.0603166
40.186,0.00306796,-0.00306796,-0.140355,-0.054285
40.188,0.00306796,-0.00306796,-0.126319,-0.0488565
40.19,0.00306796,-0.00306796,-0.113687,-0.0439708
40.192,0.00306796,-0.00306796,-0.102318,-0.0395737
40.194,0.00306796,-0.00306796,-0.0920866,-0.0356164
40.196,0.00306796,-0.00306796,-0.082878,-0.0320547
40.198,0.00306796,-0.00306796,-0.0745902,-0.0288492
40.2,0.00306796,-0.00306796,-0.0671312,-0.0259643
40.202,0.00306796,-0.00306796,-0.060418,-0.0233679
40.204,-0,-0.00306796,-0.207774,-0.0210311
40.206,-0,-0.00306796,-0.186997,-0.018928
40.208,-0,-0.00306796,-0.168297,-0.0170352
40.21,-0,-0.00306796,-0.151467,-0.0153317
40.212,-0,-0.00306796,-0.136321,-0.0137985
40.214,-0,-0.00306796,-0.122689,-0.0124187
40.216,-0,-0.00306796,-0.11042,-0.0111768
40.218,-0,-0.00306796,-0.0993778,-0.0100591
40.22,-0,-0.00306796,-0.08944,-0.0090532
40.222,-0,-0.00306796,-0.080496,-0.00814788
40.224,-0,-0.00306796,-0.0724464,-0.00733309
40.226,-0,-0.00306796,-0.0652018,-0.00659978
40.228,-0,-0.00306796,-0.0586816,-0.0059398
40.23,-0,-0.00306796,-0.0528134,-0.00534582
40.232,-0,-0.00306796,-0.0475321,-0.00481124
40.234,-0,-0.00306796,-0.0427789,-0.00433012
40.236,-0,-0.00306796,-0.038501,-0.00389711
40.238,-0,-0.00306796,-0.0346509,-0.0035074
40.24,-0,-0.00306796,-0.0311858,-0.00315666
40.242,-0,-0.00306796,-0.0280672,-0.00284099
40.244,-0,-0.00306796,-0.0252605,-0.00255689
40.246,-0,-0.00306796,-0.0227345,-0.0023012
40.248,-0,-0.00306796,-0.020461,-0.00207108
40.25,-0,-0.00306796,-0.0184149,-0.00186397
40.252,-0,-0.00306796,-0.0165734,-0.00167758
40.254,-0,-0.00306796,-0.0149161,-0.00150982
40.256,-0,-0.00306796,-0.0134245,-0.00135884
40.258,-0,-0.00306796,-0.012082,-0.00122295
40.26,-0,-0.00306796,-0.0108738,-0.00110066
40.262,-0,-0.00306796,-0.00978644,-0.000990592
40.264,-0,-0.00306796,-0.00880779,-0.000891533
40.266,-0,-0.00306796,-0.00792701,-0.000802379
40.268,-0,0,-0.00713431,0.152676
40.27,-0,0,-0.00642088,0.137408
40.272,-0,0,-0.00577879,0.123668
40.274,-0,0,-0.00520091,0.111301
40.276,-0,0,-0.00468082,0.100171
40.278,-0,0,-0.00421274,0.0901536
40.28,-0.00306796,0,-0.15719,0.0811383
40.282,-0.00306796,0,-0.141471,0.0730244
40.284,-0.00306796,0,-0.127324,0.065722
40.286,-0.00306796,0,-0.114591,0.0591498
40.288,-0.00306796,0,-0.103132,0.0532348
40.29,-0.00306796,0,-0.0928189,0.0479113
40.292,-0.00306796,0,-0.083537,0.0431202
40.294,-0.00306796,0,-0.0751833,0.0388082
40.296,-0.00306796,0,-0.0676649,0.0349274
40.298,-0.00306796,0,-0.0608985,0.0314346
40.3,-0.00306796,-0.00306796,-0.0548086,-0.125107
40.302,-0.00306796,-0.00306796,-0.0493277,-0.112596
40.304,-0.00306796,-0.00306796,-0.044395,-0.101337
40.306,-0.00306796,-0.00306796,-0.0399555,-0.0912029
40.308,-0.00306796,-0.00306796,-0.0359599,-0.0820826
40.31,-0.00306796,-0.00306796,-0.0323639,-0.0738744
40.312,-0.00306796,-0.00306796,-0.0291275,-0.0664869
40.314,-0.00306796,-0.00306796,-0.0262148,-0.0598383
40.316,-0.00306796,-0.00306796,-0.0235933,-0.0538544
40.318,-0.00306796,-0.00306796,-0.021234,-0.048469
40.32,-0.00306796,-0.00306796,-0.0191106,-0.0436221
40.322,-0.00306796,-0.00306796,-0.0171995,-0.0392599
40.324,-0.00306796,-0.00306796,-0.0154796,-0.0353339
40.326,-0.00306796,-0.00306796,-0.0139316,-0.0318005
40.328,-0.00306796,-0.00306796,-0.0125385,-0.0286205
40.33,-0.00306796,-0.00306796,-0.0112846,-0.0257584
40.332,-0.00306796,0,-0.0101561,0.130216
40.334,-0.00306796,0,-0.00914053,0.117194
40.336,-0.00306796,0,-0.00822648,0.105475
40.338,-0.00306796,0,-0.00740383,0.0949271
40.34,-0.00306796,0,-0.00666345,0.0854344
40.342,-0.00613592,0,-0.159395,0.076891
40.344,-0.00613592,0,-0.143456,0.0692019
40.346,-0.00613592,0,-0.12911,0.0622817
40.348,-0.00613592,0,-0.116199,0.0560535
40.35,-0.00613592,0,-0.104579,0.0504482
40.352,-0.00613592,0,-0.0941213,0.0454033
40.354,-0.00613592,0,-0.0847091,0.040863
40.356,-0.00613592,0,-0.0762382,0.0367767
40.358,-0.00613592,0,-0.0686144,0.033099
40.36,-0.00613592,0,-0.061753,0.0297891
40.362,-0.00613592,0,-0.0555777,0.0268102
40.364,-0.00613592,0,-0.0500199,0.0241292
40.366,-0.00613592,-0.00306796,-0.0450179,-0.131682
40.368,-0.00613592,-0.00306796,-0.0405161,-0.118514
40.37,-0.00613592,-0.00306796,-0.0364645,-0.106662
40.372,-0.00613592,-0.00306796,-0.0328181,-0.095996
40.374,-0.00613592,-0.00306796,-0.0295362,-0.0863964
40.376,-0.00613592,-0.00306796,-0.0265826,-0.0777568
40.378,-0.00613592,-0.00306796,-0.0239244,-0.0699811
40.38,-0.00613592,-0.00306796,-0.0215319,-0.062983
40.382,-0.00613592,-0.00306796,-0.0193787,-0.0566847
40.384,-0.00613592,-0.00306796,-0.0174409,-0.0510162
40.386,-0.00613592,-0.00306796,-0.0156968,-0.0459146
40.388,-0.00613592,-0.00306796,-0.0141271,-0.0413231
40.39,-0.00613592,0,-0.0127144,0.116207
40.392,-0.00613592,0,-0.0114429,0.104587
40.394,-0.00613592,0,-0.0102987,0.0941279
40.396,-0.00613592,0,-0.00926879,0.0847151
40.398,-0.00613592,0,-0.00834191,0.0762436
40.4,-0.00613592,0,-0.00750772,0.0686192
40.402,-0.00613592,0,-0.00675695,0.0617573
40.404,-0.00613592,0,-0.00608125,0.0555816
40.406,-0.00613592,0,-0.00547313,0.0500234
40.408,-0.00613592,0,-0.00492581,0.0450211
40.41,-0.00613592,0,-0.00443323,0.040519
40.412,-0.00613592,0,-0.00398991,0.0364671
40.414,-0.00613592,0,-0.00359092,0.0328204
40.416,-0.00613592,0,-0.00323183,0.0295383
40.418,-0.00613592,0,-0.00290864,0.0265845
40.42,-0.00613592,0,-0.00261778,0.023926
40.422,-0.00613592,0,-0.002356,0.0215334
40.424,-0.00613592,0,-0.0021204,0.0193801
40.426,-0.00613592,0,-0.00190836,0.0174421
40.428,-0.00613592,0,-0.00171753,0.0156979
40.43,-0.00613592,0,-0.00154577,0.0141281
40.432,-0.00613592,0,-0.0013912,0.0127153
40.434,-0.00613592,0,-0.00125208,0.0114438
40.436,-0.00613592,0.00306796,-0.00112687,0.163697
40.438,-0.00613592,0.00306796,-0.00101418,0.147328
40.44,-0.00613592,0.00306796,-0.000912763,0.132595
40.442,-0.00613592,0.00306796,-0.000821487,0.119335
40.444,-0.00613592,0.00306796,-0.000739338,0.107402
40.446,-0.00613592,0.00306796,-0.000665404,0.0966617
40.448,-0.00613592,0.00306796,-0.000598864,0.0869955
40.45,-0.00920388,0.00306796,-0.153937,0.078296
40.452,-0.00920388,0.00306796,-0.138543,0.0704664
40.454,-0.00920388,0.00306796,-0.124689,0.0634197
40.456,-0.00920388,0.00306796,-0.11222,0.0570778
40.458,-0.00920388,0,-0.100998,-0.102028
40.46,-0.00920388,0,-0.0908983,-0.0918253
40.462,-0.00920388,0,-0.0818085,-0.0826427
40.464,-0.00920388,0,-0.0736276,-0.0743785
40.466,-0.00920388,0,-0.0662649,-0.0669406
40.468,-0.0122718,0,-0.213036,-0.0602466
40.47,-0.0122718,0,-0.191733,-0.0542219
40.472,-0.0122718,0,-0.17256,-0.0487997
40.474,-0.0122718,0,-0.155304,-0.0439197
40.476,-0.0122718,0,-0.139773,-0.0395278
40.478,-0.0122718,0,-0.125796,-0.035575
40.48,-0.0122718,0,-0.113216,-0.0320175
40.482,-0.0122718,0,-0.101895,-0.0288157
40.484,-0.0122718,0,-0.0917052,-0.0259342
40.486,-0.0122718,-0.00306796,-0.0825347,-0.176739
40.488,-0.0122718,-0.00306796,-0.0742812,-0.159065
40.49,-0.0122718,-0.00306796,-0.0668531,-0.143158
40.492,-0.0153398,-0.00306796,-0.213566,-0.128843
40.494,-0.0153398,-0.00306796,-0.192209,-0.115958
40.496,-0.0153398,-0.00306796,-0.172988,-0.104363
40.498,-0.0153398,-0.00306796,-0.15569,-0.0939263
40.5,-0.0153398,-0.00306796,-0.140121,-0.0845336
40.502,-0.0153398,-0.00306796,-0.126109,-0.0760803
40.504,-0.0153398,-0.00306796,-0.113498,-0.0684722
40.506,-0.0153398,-0.00306796,-0.102148,-0.061625
40.508,-0.0153398,-0.00306796,-0.0919331,-0.0554625
40.51,-0.0153398,-0.00306796,-0.0827398,-0.0499163
40.512,-0.0153398,-0.00306796,-0.0744658,-0.0449246
40.514,-0.0153398,-0.00306796,-0.0670192,-0.0404322
40.516,-0.0153398,-0.00306796,-0.0603173,-0.036389
40.518,-0.0153398,0,-0.0542856,0.120648
40.52,-0.0153398,0,-0.048857,0.108583
40.522,-0.0153398,0,-0.0439713,0.0977249
40.524,-0.0153398,0,-0.0395742,0.0879524
40.526,-0.0153398,0,-0.0356168,0.0791572
40.528,-0.0153398,0,-0.0320551,0.0712414
40.53,-0.0153398,0,-0.0288496,0.0641173
40.532,-0.0153398,0,-0.0259646,0.0577056
40.534,-0.0153398,0,-0.0233682,0.051935
40.536,-0.0153398,0,-0.0210313,0.0467415
40.538,-0.0153398,0,-0.0189282,0.0420674
40.54,-0.0153398,0,-0.0170354,0.0378606
40.542,-0.0153398,0,-0.0153319,0.0340746
40.544,-0.0153398,0,-0.0137987,0.0306671
40.546,-0.0153398,0,-0.0124188,0.0276004
40.548,-0.0153398,0,-0.0111769,0.0248404
40.55,-0.0153398,0,-0.0100592,0.0223563
40.552,-0.0153398,0,-0.0090533,0.0201207
40.554,-0.0153398,0,-0.00814797,0.0181086
40.556,-0.0153398,0,-0.00733318,0.0162978
40.558,-0.0153398,0,-0.00659986,0.014668
40.56,-0.0153398,0,-0.00593987,0.0132012
40.562,-0.0153398,0,-0.00534589,0.0118811
40.564,-0.0153398,0,-0.0048113,0.010693
40.566,-0.0153398,0,-0.00433017,0.00962366
40.568,-0.0153398,0,-0.00389715,0.0086613
40.57,-0.0153398,0,-0.00350744,0.00779517
40.572,-0.0153398,0,-0.00315669,0.00701565
40.574,-0.0153398,0,-0.00284102,0.00631409
40.576,-0.0153398,0,-0.00255692,0.00568268
40.578,-0.0153398,0,-0.00230123,0.00511441
40.58,-0.0153398,0,-0.00207111,0.00460297
40.582,-0.0153398,0,-0.001864,0.00414267
40.584,-0.0153398,0,-0.0016776,0.0037284
40.586,-0.0153398,0,-0.00150984,0.00335556
40.588,-0.0153398,0,-0.00135885,0.00302001
40.59,-0.0153398,0,-0.00122297,0.00271801
40.592,-0.0153398,0.00306796,-0.00110067,0.155844
40.594,-0.0153398,0.00306796,-0.000990603,0.14026
40.596,-0.0153398,0.00306796,-0.000891543,0.126234
40.598,-0.0153398,0.00306796,-0.000802389,0.11361
40.6,-0.0153398,0.00306796,-0.00072215,0.102249
40.602,-0.0153398,0.00306796,-0.000649935,0.0920245
40.604,-0.0153398,0.00306796,-0.000584941,0.082822
40.606,-0.0153398,0.00306796,-0.000526447,0.0745398
40.608,-0.0153398,0.00306796,-0.000473803,0.0670859
40.61,-0.0153398,0.00306796,-0.000426422,0.0603773
40.612,-0.0153398,0.00306796,-0.00038378,0.0543395
40.614,-0.0184078,0.00306796,-0.153743,0.0489056
40.616,-0.0184078,0.00306796,-0.138369,0.044015
40.618,-0.0184078,0,-0.124532,-0.113785
40.62,-0.0184078,0,-0.112079,-0.102406
40.622,-0.0184078,0,-0.100871,-0.0921655
40.624,-0.0184078,0,-0.090784,-0.0829489
40.626,-0.0184078,0,-0.0817056,-0.074654
40.628,-0.0184078,0,-0.073535,-0.0671886
40.63,-0.0184078,0,-0.0661815,-0.0604698
40.632,-0.0184078,0,-0.0595634,-0.0544228
40.634,-0.0184078,0,-0.053607,-0.0489805
40.636,-0.0184078,0,-0.0482463,-0.0440825
40.638,-0.0184078,0,-0.0434217,-0.0396742
40.64,-0.0214757,0,-0.192478,-0.0357068
40.642,-0.0214757,0,-0.17323,-0.0321361
40.644,-0.0214757,0,-0.155907,-0.0289225
40.646,-0.0214757,0,-0.140316,-0.0260303
40.648,-0.0214757,0,-0.126285,-0.0234272
40.65,-0.0214757,0,-0.113656,-0.0210845
40.652,-0.0214757,0,-0.10229,-0.0189761
40.654,-0.0214757,0,-0.0920614,-0.0170785
40.656,-0.0214757,0,-0.0828553,-0.0153706
40.658,-0.0214757,0,-0.0745698,-0.0138335
40.66,-0.0214757,0,-0.0671128,-0.0124502
40.662,-0.0214757,0,-0.0604015,-0.0112052
40.664,-0.0214757,0,-0.0543614,-0.0100847
40.666,-0.0214757,0,-0.0489252,-0.00907619
40.668,-0.0214757,0,-0.0440327,-0.00816857
40.67,-0.0214757,0,-0.0396294,-0.00735171
40.672,-0.0214757,0,-0.0356665,-0.00661654
40.674,-0.0214757,0,-0.0320998,-0.00595489
40.676,-0.0214757,0,-0.0288899,-0.0053594
40.678,-0.0214757,0,-0.0260009,-0.00482346
40.68,-0.0214757,0,-0.0234008,-0.00434111
40.682,-0.0214757,0,-0.0210607,-0.003907
40.684,-0.0214757,0,-0.0189546,-0.0035163
40.686,-0.0214757,0,-0.0170592,-0.00316467
40.688,-0.0214757,0,-0.0153533,-0.0028482
40.69,-0.0214757,0,-0.0138179,-0.00256338
40.692,-0.0214757,0,-0.0124361,-0.00230705
40.694,-0.0214757,0,-0.0111925,-0.00207634
40.696,-0.0214757,0,-0.0100733,-0.00186871
40.698,-0.0214757,0,-0.00906594,-0.00168184
40.7,-0.0214757,0,-0.00815935,-0.00151365
40.702,-0.0214757,0,-0.00734341,-0.00136229
40.704,-0.0214757,0,-0.00660907,-0.00122606
40.706,-0.0214757,0.00306796,-0.00594817,0.152295
40.708,-0.0214757,0.00306796,-0.00535335,0.137065
40.71,-0.0214757,0.00306796,-0.00481801,0.123359
40.712,-0.0214757,0.00306796,-0.00433621,0.111023
40.714,-0.0214757,0.00306796,-0.00390259,0.0999205
40.716,-0.0214757,0.00306796,-0.00351233,0.0899285
40.718,-0.0214757,0.00306796,-0.0031611,0.0809356
40.72,-0.0245437,0.00306796,-0.156243,0.072842
40.722,-0.0245437,0.00306796,-0.140619,0.0655578
40.724,-0.0245437,0.00306796,-0.126557,0.0590021
40.726,-0.0245437,0.00306796,-0.113901,0.0531019
40.728,-0.0245437,0.00306796,-0.102511,0.0477917
40.73,-0.0245437,0.00306796,-0.09226,0.0430125
40.732,-0.0245437,0,-0.083034,-0.114687
40.734,-0.0245437,0,-0.0747306,-0.103218
40.736,-0.0245437,0,-0.0672575,-0.0928963
40.738,-0.0276117,0,-0.21393,-0.0836067
40.74,-0.0276117,0,-0.192537,-0.075246
40.742,-0.0276117,0,-0.173283,-0.0677214
40.744,-0.0276117,0,-0.155955,-0.0609493
40.746,-0.0276117,0,-0.140359,-0.0548544
40.748,-0.0276117,0,-0.126323,-0.0493689
40.75,-0.0276117,0,-0.113691,-0.044432
40.752,-0.0276117,0,-0.102322,-0.0399888
40.754,-0.0276117,0,-0.0920898,-0.0359899
40.756,-0.0276117,0,-0.0828808,-0.0323909
40.758,-0.0276117,0,-0.0745927,-0.0291519
40.76,-0.0276117,0,-0.0671335,-0.0262367
40.762,-0.0306796,0,-0.213818,-0.023613
40.764,-0.0306796,-0.00306796,-0.192436,-0.17465
40.766,-0.0306796,-0.00306796,-0.173193,-0.157185
40.768,-0.0306796,-0.00306796,-0.155873,-0.141466
40.77,-0.0306796,-0.00306796,-0.140286,-0.12732
40.772,-0.0306796,-0.00306796,-0.126258,-0.114588
40.774,-0.0306796,-0.00306796,-0.113632,-0.103129
40.776,-0.0306796,-0.00306796,-0.102269,-0.0928161
40.778,-0.0306796,-0.00306796,-0.0920417,-0.0835344
40.78,-0.0306796,-0.00306796,-0.0828375,-0.075181
40.782,-0.0306796,-0.00306796,-0.0745538,-0.0676629
40.784,-0.0306796,-0.00306796,-0.0670984,-0.0608966
40.786,-0.0306796,-0.00306796,-0.0603886,-0.054807
40.788,-0.0306796,-0.00306796,-0.0543497,-0.0493263
40.79,-0.0306796,-0.00306796,-0.0489147,-0.0443936
40.792,-0.0306796,-0.00306796,-0.0440233,-0.0399543
40.794,-0.0306796,-0.00306796,-0.0396209,-0.0359588
40.796,-0.0306796,-0.00306796,-0.0356588,-0.032363
40.798,-0.0306796,-0.00306796,-0.032093,-0.0291267
40.8,-0.0306796,-0.00306796,-0.0288837,-0.026214
40.802,-0.0306796,-0.00306796,-0.0259953,-0.0235926
40.804,-0.0306796,-0.00306796,-0.0233958,-0.0212333
40.806,-0.0306796,0,-0.0210562,0.134288
40.808,-0.0306796,0,-0.0189506,0.120859
40.81,-0.0306796,0,-0.0170555,0.108773
40.812,-0.0306796,0,-0.01535,0.097896
40.814,-0.0306796,0,-0.013815,0.0881064
40.816,-0.0306796,0,-0.0124335,0.0792958
40.818,-0.0337476,0,-0.164588,0.0713662
40.82,-0.0337476,0,-0.148129,0.0642296
40.822,-0.0337476,0,-0.133316,0.0578066
40.824,-0.0337476,0,-0.119985,0.052026
40.826,-0.0337476,0,-0.107986,0.0468234
40.828,-0.0337476,0,-0.0971877,0.042141
40.83,-0.0337476,0,-0.0874689,0.0379269
40.832,-0.0337476,0,-0.078722,0.0341342
40.834,-0.0337476,-0.00306796,-0.0708498,-0.122677
40.836,-0.0337476,-0.00306796,-0.0637648,-0.11041
40.838,-0.0337476,-0.00306796,-0.0573884,-0.0993686
40.84,-0.0368155,-0.00306796,-0.205048,-0.0894317
40.842,-0.0368155,-0.00306796,-0.184543,-0.0804886
40.844,-0.0368155,-0.00306796,-0.166089,-0.0724397
40.846,-0.0368155,-0.00306796,-0.14948,-0.0651957
40.848,-0.0368155,-0.00306796,-0.134532,-0.0586762
40.85,-0.0368155,-0.00306796,-0.121079,-0.0528085
40.852,-0.0368155,-0.00306796,-0.108971,-0.0475277
40.854,-0.0368155,-0.00306796,-0.0980736,-0.0427749
40.856,-0.0368155,-0.00306796,-0.0882663,-0.0384974
40.858,-0.0368155,-0.00306796,-0.0794396,-0.0346477
40.86,-0.0368155,-0.00306796,-0.0714957,-0.0311829
40.862,-0.0368155,-0.00306796,-0.0643461,-0.0280646
40.864,-0.0368155,-0.00306796,-0.0579115,-0.0252582
40.866,-0.0368155,-0.00306796,-0.0521203,-0.0227323
40.868,-0.0368155,-0.00306796,-0.0469083,-0.0204591
40.87,-0.0398835,-0.00306796,-0.195616,-0.0184132
40.872,-0.0398835,-0.00306796,-0.176054,-0.0165719
40.874,-0.0398835,-0.00306796,-0.158449,-0.0149147
40.876,-0.0398835,-0.00306796,-0.142604,-0.0134232
40.878,-0.0398835,-0.00306796,-0.128343,-0.0120809
40.88,-0.0398835,-0.00306796,-0.115509,-0.0108728
40.882,-0.0398835,-0.00306796,-0.103958,-0.00978553
40.884,-0.0398835,-0.00306796,-0.0935623,-0.00880698
40.886,-0.0398835,-0.00306796,-0.0842061,-0.00792628
40.888,-0.0398835,-0.00306796,-0.0757855,-0.00713365
40.89,-0.0398835,-0.00306796,-0.0682069,-0.00642029
40.892,-0.0398835,-0.00306796,-0.0613862,-0.00577826
40.894,-0.0398835,-0.00306796,-0.0552476,-0.00520043
40.896,-0.0398835,-0.00306796,-0.0497229,-0.00468039
40.898,-0.0398835,-0.00306796,-0.0447506,-0.00421235
40.9,-0.0398835,-0.00306796,-0.0402755,-0.00379111
40.902,-0.0398835,-0.00306796,-0.036248,-0.003412
40.904,-0.0398835,-0.00306796,-0.0326232,-0.0030708
40.906,-0.0398835,-0.00306796,-0.0293608,-0.00276372
40.908,-0.0398835,-0.00306796,-0.0264248,-0.00248735
40.91,-0.0398835,-0.00306796,-0.0237823,-0.00223862
40.912,-0.0398835,-0.00306796,-0.0214041,-0.00201475
40.914,-0.0398835,-0.00306796,-0.0192637,-0.00181328
40.916,-0.0398835,-0.00306796,-0.0173373,-0.00163195
40.918,-0.0398835,-0.00306796,-0.0156036,-0.00146876
40.92,-0.0398835,0,-0.0140432,0.152076
40.922,-0.0398835,0,-0.0126389,0.136869
40.924,-0.0398835,0,-0.011375,0.123182
40.926,-0.0398835,0,-0.0102375,0.110864
40.928,-0.0398835,0,-0.00921374,0.0997772
40.93,-0.0398835,0,-0.00829237,0.0897995
40.932,-0.0398835,0,-0.00746313,0.0808195
40.934,-0.0398835,0,-0.00671682,0.0727376
40.936,-0.0398835,0,-0.00604514,0.0654638
40.938,-0.0398835,0,-0.00544062,0.0589174
40.94,-0.0398835,0,-0.00489656,0.0530257
40.942,-0.0398835,0,-0.00440691,0.0477231
40.944,-0.0398835,-0.00306796,-0.00396621,-0.110447
40.946,-0.0398835,-0.00306796,-0.00356959,-0.0994025
40.948,-0.0398835,-0.00306796,-0.00321263,-0.0894623
40.95,-0.0398835,-0.00306796,-0.00289137,-0.0805161
40.952,-0.0398835,-0.00306796,-0.00260223,-0.0724645
40.954,-0.0398835,-0.00306796,-0.00234201,-0.065218
40.956,-0.0398835,-0.00306796,-0.00210781,-0.0586962
40.958,-0.0398835,-0.00306796,-0.00189703,-0.0528266
40.96,-0.0398835,-0.00306796,-0.00170733,-0.0475439
40.962,-0.0398835,-0.00306796,-0.00153659,-0.0427895
40.964,-0.0398835,-0.00306796,-0.00138293,-0.0385106
40.966,-0.0398835,-0.00306796,-0.00124464,-0.0346595
40.968,-0.0398835,-0.00306796,-0.00112018,-0.0311936
40.97,-0.0398835,-0.00306796,-0.00100816,-0.0280742
40.972,-0.0398835,-0.00306796,-0.000907343,-0.0252668
40.974,-0.0398835,-0.00306796,-0.000816608,-0.0227401
40.976,-0.0398835,-0.00306796,-0.000734948,-0.0204661
40.978,-0.0398835,-0.00306796,-0.000661453,-0.0184195
40.98,-0.0398835,-0.00306796,-0.000595308,-0.0165775
40.982,-0.0398835,-0.00306796,-0.000535777,-0.0149198
40.984,-0.0398835,-0.00306796,-0.000482199,-0.0134278
40.986,-0.0398835,-0.00306796,-0.000433979,-0.012085
40.988,-0.0398835,-0.00306796,-0.000390581,-0.0108765
40.99,-0.0398835,-0.00306796,-0.000351523,-0.00978887
40.992,-0.0398835,0,-0.000316371,0.144588
40.994,-0.0398835,0,-0.000284734,0.130129
40.996,-0.0398835,0,-0.00025626,0.117116
40.998,-0.0398835,0,-0.000230634,0.105405
41,-0.0398835,0,-0.000207571,0.0948642
41.002,-0.0398835,0,-0.000186814,0.0853778
41.004,-0.0398835,0,-0.000168132,0.07684
41.006,-0.0398835,0,-0.000151319,0.069156
41.008,-0.0398835,0,-0.000136187,0.0622404
41.01,-0.0398835,0,-0.000122569,0.0560164
41.012,-0.0398835,0,-0.000110312,0.0504148
41.014,-0.0398835,0,-9.92805e-05,0.0453733
41.016,-0.0398835,-0.00306796,-8.93525e-05,-0.112562
41.018,-0.0398835,-0.00306796,-8.04172e-05,-0.101306
41.02,-0.0398835,-0.00306796,-7.23755e-05,-0.0911753
41.022,-0.0398835,-0.00306796,-6.5138e-05,-0.0820578
41.024,-0.0398835,-0.00306796,-5.86242e-05,-0.073852
41.026,-0.0398835,-0.00306796,-5.27617e-05,-0.0664668
41.028,-0.0398835,-0.00306796,-4.74856e-05,-0.0598201
41.03,-0.0398835,-0.00306796,-4.2737e-05,-0.0538381
41.032,-0.0398835,-0.00306796,-3.84633e-05,-0.0484543
41.034,-0.0398835,-0.00306796,-3.4617e-05,-0.0436089
41.036,-0.0398835,-0.00306796,-3.11553e-05,-0.039248
41.038,-0.0398835,-0.00306796,-2.80398e-05,-0.0353232
41.04,-0.0398835,-0.00306796,-2.52358e-05,-0.0317909
41.042,-0.0398835,-0.00306796,-2.27122e-05,-0.0286118
41.044,-0.0398835,-0.00306796,-2.0441e-05,-0.0257506
41.046,-0.0398835,-0.00306796,-1.83969e-05,-0.0231755
41.048,-0.0398835,-0.00306796,-1.65572e-05,-0.020858
41.05,-0.0398835,-0.00306796,-1.49015e-05,-0.0187722
41.052,-0.0398835,-0.00306796,-1.34113e-05,-0.016895
41.054,-0.0398835,-0.00306796,-1.20702e-05,-0.0152055
41.056,-0.0398835,-0.00306796,-1.08632e-05,-0.0136849
41.058,-0.0398835,-0.00306796,-9.77686e-06,-0.0123164
41.06,-0.0398835,-0.00306796,-8.79917e-06,-0.0110848
41.062,-0.0398835,0,-7.91925e-06,0.143422
41.064,-0.0398835,0,-7.12733e-06,0.12908
41.066,-0.0398835,0,-6.4146e-06,0.116172
41.068,-0.0398835,0,-5.77314e-06,0.104554
41.07,-0.0398835,0,-5.19582e-06,0.094099
41.072,-0.0398835,0,-4.67624e-06,0.0846891
41.074,-0.0398835,0,-4.20862e-06,0.0762202
41.076,-0.0398835,0,-3.78775e-06,0.0685982
41.078,-0.0398835,0,-3.40898e-06,0.0617384
41.08,-0.0398835,0,-3.06808e-06,0.0555645
41.082,-0.0429515,0,-0.153401,0.0500081
41.084,-0.0429515,-0.00306796,-0.138061,-0.108391
41.086,-0.0429515,-0.00306796,-0.124255,-0.0975517
41.088,-0.0429515,-0.00306796,-0.111829,-0.0877966
41.09,-0.0429515,-0.00306796,-0.100646,-0.0790169
41.092,-0.0429515,-0.00306796,-0.0905817,-0.0711152
41.094,-0.0429515,-0.00306796,-0.0815235,-0.0640037
41.096,-0.0429515,-0.00306796,-0.0733711,-0.0576033
41.098,-0.0429515,-0.00306796,-0.066034,-0.051843
41.1,-0.0429515,-0.00306796,-0.0594306,-0.0466587
41.102,-0.0429515,-0.00306796,-0.0534876,-0.0419928
41.104,-0.0429515,-0.00306796,-0.0481388,-0.0377935
41.106,-0.0429515,-0.00306796,-0.0433249,-0.0340142
41.108,-0.0429515,-0.00306796,-0.0389924,-0.0306128
41.11,-0.0429515,-0.00306796,-0.0350932,-0.0275515
41.112,-0.0429515,-0.00306796,-0.0315839,-0.0247963
41.114,-0.0429515,-0.00306796,-0.0284255,-0.0223167
41.116,-0.0429515,-0.00306796,-0.0255829,-0.020085
41.118,-0.0429515,-0.00306796,-0.0230246,-0.0180765
41.12,-0.0429515,-0.00306796,-0.0207222,-0.0162689
41.122,-0.0429515,-0.00306796,-0.01865,-0.014642
41.124,-0.0429515,-0.00306796,-0.016785,-0.0131778
41.126,-0.0429515,-0.00306796,-0.0151065,-0.01186
41.128,-0.0429515,-0.00306796,-0.0135958,-0.010674
41.13,-0.0429515,-0.00306796,-0.0122362,-0.00960661
41.132,-0.0429515,-0.00306796,-0.0110126,-0.00864595
41.134,-0.0429515,-0.00306796,-0.00991135,-0.00778135
41.136,-0.0429515,-0.00306796,-0.00892022,-0.00700322
41.138,-0.0429515,-0.00306796,-0.0080282,-0.0063029
41.14,-0.0429515,-0.00306796,-0.00722538,-0.00567261
41.142,-0.0429515,-0.00306796,-0.00650284,-0.00510535
41.144,-0.0429515,-0.00306796,-0.00585256,-0.00459481
41.146,-0.0429515,-0.00306796,-0.0052673,-0.00413533
41.148,-0.0429515,-0.00306796,-0.00474057,-0.0037218
41.15,-0.0429515,-0.00306796,-0.00426651,-0.00334962
41.152,-0.0429515,-0.00306796,-0.00383986,-0.00301466
41.154,-0.0429515,-0.00306796,-0.00345588,-0.00271319
41.156,-0.0429515,-0.00306796,-0.00311029,-0.00244187
41.158,-0.0429515,-0.00306796,-0.00279926,-0.00219768
41.16,-0.0429515,-0.00306796,-0.00251933,-0.00197792
41.162,-0.0429515,-0.00306796,-0.0022674,-0.00178012
41.164,-0.0429515,-0.00306796,-0.00204066,-0.00160211
41.166,-0.0429515,-0.00306796,-0.00183659,-0.0014419
41.168,-0.0429515,-0.00306796,-0.00165293,-0.00129771
41.17,-0.0429515,-0.00306796,-0.00148764,-0.00116794
41.172,-0.0429515,-0.00306796,-0.00133888,-0.00105115
41.174,-0.0429515,-0.00306796,-0.00120499,-0.000946031
41.176,-0.0429515,-0.00306796,-0.00108449,-0.000851428
41.178,-0.0429515,-0.00306796,-0.000976041,-0.000766285
41.18,-0.0429515,-0.00306796,-0.000878437,-0.000689657
41.182,-0.0429515,-0.00306796,-0.000790593,-0.000620691
41.184,-0.0429515,-0.00306796,-0.000711534,-0.000558622
41.186,-0.0429515,-0.00306796,-0.000640381,-0.00050276
41.188,-0.0398835,-0.00306796,0.152822,-0.000452484
41.19,-0.0398835,-0.00306796,0.13754,-0.000407235
41.192,-0.0398835,-0.00306796,0.123786,-0.000366512
41.194,-0.0398835,-0.00306796,0.111407,-0.000329861
41.196,-0.0398835,-0.00306796,0.100266,-0.000296875
41.198,-0.0398835,-0.00306796,0.0902397,-0.000267187
41.2,-0.0398835,-0.00306796,0.0812157,-0.000240468
41.202,-0.0398835,-0.00306796,0.0730942,-0.000216422
41.204,-0.0398835,-0.00306796,0.0657847,-0.000194779
41.206,-0.0398835,-0.00306796,0.0592063,-0.000175301
41.208,-0.0398835,-0.00306796,0.0532856,-0.000157771
41.21,-0.0398835,-0.00306796,0.0479571,-0.000141994
41.212,-0.0398835,-0.00306796,0.0431614,-0.000127795
41.214,-0.0398835,-0.00306796,0.0388452,-0.000115015
41.216,-0.0398835,-0.00306796,0.0349607,-0.000103514
41.218,-0.0398835,-0.00306796,0.0314646,-9.31624e-05
41.22,-0.0398835,-0.00306796,0.0283182,-8.38461e-05
41.222,-0.0398835,-0.00306796,0.0254864,-7.54615e-05
41.224,-0.0398835,-0.00306796,0.0229377,-6.79154e-05
41.226,-0.0398835,0,0.020644,0.153337
41.228,-0.0398835,0,0.0185796,0.138003
41.23,-0.0398835,0,0.0167216,0.124203
41.232,-0.0398835,0,0.0150494,0.111783
41.234,-0.0398835,0,0.0135445,0.100604
41.236,-0.0398835,-0.00306796,0.01219,-0.0628541
41.238,-0.0398835,-0.00306796,0.010971,-0.0565687
41.24,-0.0398835,-0.00306796,0.00987394,-0.0509119
41.242,-0.0398835,-0.00306796,0.00888654,-0.0458207
41.244,-0.0398835,-0.00306796,0.00799789,-0.0412386
41.246,-0.0398835,-0.00306796,0.0071981,-0.0371147
41.248,-0.0398835,-0.00306796,0.00647829,-0.0334033
41.25,-0.0398835,-0.00306796,0.00583046,-0.0300629
41.252,-0.0398835,-0.00306796,0.00524742,-0.0270566
41.254,-0.0398835,-0.00306796,0.00472267,-0.024351
41.256,-0.0398835,-0.00306796,0.00425041,-0.0219159
41.258,-0.0398835,-0.00306796,0.00382537,-0.0197243
41.26,-0.0398835,-0.00306796,0.00344283,-0.0177519
41.262,-0.0398835,-0.00306796,0.00309855,-0.0159767
41.264,-0.0398835,-0.00306796,0.00278869,-0.014379
41.266,-0.0398835,-0.00306796,0.00250982,-0.0129411
41.268,-0.0398835,-0.00306796,0.00225884,-0.011647
41.27,-0.0398835,-0.00306796,0.00203296,-0.0104823
41.272,-0.0398835,-0.00306796,0.00182966,-0.00943407
41.274,-0.0398835,-0.00306796,0.00164669,-0.00849066
41.276,-0.0398835,-0.00306796,0.00148203,-0.0076416
41.278,-0.0398835,-0.00306796,0.00133382,-0.00687744
41.28,-0.0398835,-0.00306796,0.00120044,-0.00618969
41.282,-0.0398835,-0.00306796,0.0010804,-0.00557072
41.284,-0.0398835,-0.00306796,0.000972357,-0.00501365
41.286,-0.0398835,-0.00306796,0.000875121,-0.00451229
41.288,-0.0398835,-0.00306796,0.000787609,-0.00406106
41.29,-0.0398835,-0.00306796,0.000708848,-0.00365495
41.292,-0.0398835,-0.00306796,0.000637963,-0.00328946
41.294,-0.0398835,-0.00306796,0.000574167,-0.00296051
41.296,-0.0398835,-0.00306796,0.00051675,-0.00266446
41.298,-0.0398835,-0.00306796,0.000465075,-0.00239801
41.3,-0.0398835,-0.00306796,0.000418568,-0.00215821
41.302,-0.0398835,-0.00306796,0.000376711,-0.00194239
41.304,-0.0398835,-0.00306796,0.00033904,-0.00174815
41.306,-0.0398835,-0.00306796,0.000305136,-0.00157334
41.308,-0.0398835,-0.00306796,0.000274622,-0.001416
41.31,-0.0398835,-0.00306796,0.00024716,-0.0012744
41.312,-0.0398835,-0.00306796,0.000222444,-0.00114696
41.314,-0.0398835,-0.00306796,0.0002002,-0.00103227
41.316,-0.0398835,-0.00306796,0.00018018,-0.00092904
41.318,-0.0398835,-0.00306796,0.000162162,-0.000836136
41.32,-0.0398835,-0.00306796,0.000145946,-0.000752522
41.322,-0.0398835,-0.00306796,0.000131351,-0.00067727
41.324,-0.0398835,-0.00613592,0.000118216,-0.154008
41.326,-0.0398835,-0.00613592,0.000106394,-0.138607
41.328,-0.0398835,-0.00613592,9.57549e-05,-0.124746
41.33,-0.0398835,-0.00613592,8.61794e-05,-0.112272
41.332,-0.0398835,-0.00613592,7.75614e-05,-0.101044
41.334,-0.0398835,-0.00613592,6.98053e-05,-0.09094
41.336,-0.0398835,-0.00613592,6.28248e-05,-0.081846
41.338,-0.0398835,-0.00613592,5.65423e-05,-0.0736614
41.34,-0.0398835,-0.00613592,5.08881e-05,-0.0662952
41.342,-0.0398835,-0.00613592,4.57992e-05,-0.0596657
41.344,-0.0398835,-0.00613592,4.12193e-05,-0.0536991
41.346,-0.0398835,-0.00613592,3.70974e-05,-0.0483292
41.348,-0.0368155,-0.00306796,0.153431,0.109902
41.35,-0.0368155,-0.00306796,0.138088,0.0989116
41.352,-0.0368155,-0.00306796,0.124279,0.0890204
41.354,-0.0368155,-0.00306796,0.111852,0.0801184
41.356,-0.0368155,-0.00306796,0.100666,0.0721066
41.358,-0.0368155,-0.00306796,0.0905997,0.0648959
41.36,-0.0368155,-0.00306796,0.0815398,0.0584063
41.362,-0.0368155,-0.00306796,0.0733858,0.0525657
41.364,-0.0368155,-0.00306796,0.0660472,0.0473091
41.366,-0.0368155,-0.00306796,0.0594425,0.0425782
41.368,-0.0368155,-0.00306796,0.0534982,0.0383204
41.37,-0.0337476,-0.00306796,0.201546,0.0344883
41.372,-0.0337476,-0.00306796,0.181392,0.0310395
41.374,-0.0337476,-0.00306796,0.163253,0.0279356
41.376,-0.0337476,-0.00306796,0.146927,0.025142
41.378,-0.0337476,-0.00306796,0.132235,0.0226278
41.38,-0.0337476,0,0.119011,0.173763
41.382,-0.0337476,0,0.10711,0.156387
41.384,-0.0337476,0,0.0963991,0.140748
41.386,-0.0337476,0,0.0867592,0.126673
41.388,-0.0337476,0,0.0780832,0.114006
41.39,-0.0337476,0,0.0702749,0.102605
41.392,-0.0337476,0,0.0632474,0.0923448
41.394,-0.0337476,0,0.0569227,0.0831104
41.396,-0.0337476,0,0.0512304,0.0747993
41.398,-0.0337476,0,0.0461074,0.0673194
41.4,-0.0337476,0,0.0414966,0.0605874
41.402,-0.0337476,0,0.037347,0.0545287
41.404,-0.0337476,0,0.0336123,0.0490758
41.406,-0.0337476,-0.00306796,0.030251,-0.10923
41.408,-0.0337476,-0.00306796,0.0272259,-0.0983068
41.41,-0.0337476,-0.00306796,0.0245033,-0.0884762
41.412,-0.0306796,-0.00306796,0.175451,-0.0796285
41.414,-0.0306796,-0.00306796,0.157906,-0.0716657
41.416,-0.0306796,-0.00306796,0.142115,-0.0644991
41.418,-0.0306796,-0.00306796,0.127904,-0.0580492
41.42,-0.0306796,-0.00306796,0.115113,-0.0522443
41.422,-0.0306796,-0.00306796,0.103602,-0.0470199
41.424,-0.0306796,-0.00306796,0.0932419,-0.0423179
41.426,-0.0306796,-0.00306796,0.0839177,-0.0380861
41.428,-0.0306796,-0.00306796,0.0755259,-0.0342775
41.43,-0.0306796,-0.00306796,0.0679733,-0.0308497
41.432,-0.0306796,-0.00306796,0.061176,-0.0277648
41.434,-0.0306796,-0.00306796,0.0550584,-0.0249883
41.436,-0.0306796,0,0.0495526,0.130909
41.438,-0.0306796,0,0.0445973,0.117818
41.44,-0.0306796,0,0.0401376,0.106036
41.442,-0.0306796,0,0.0361238,0.0954324
41.444,-0.0306796,0,0.0325114,0.0858891
41.446,-0.0306796,0,0.0292603,0.0773002
41.448,-0.0306796,0,0.0263343,0.0695702
41.45,-0.0276117,0,0.177099,0.0626132
41.452,-0.0276117,0,0.159389,0.0563519
41.454,-0.0276117,0,0.14345,0.0507167
41.456,-0.0276117,0,0.129105,0.045645
41.458,-0.0276117,0,0.116195,0.0410805
41.46,-0.0276117,0,0.104575,0.0369725
41.462,-0.0276117,0,0.0941176,0.0332752
41.464,-0.0276117,0,0.0847059,0.0299477
41.466,-0.0276117,0,0.0762353,0.0269529
41.468,-0.0276117,-0.00306796,0.0686118,-0.12914
41.47,-0.0276117,-0.00306796,0.0617506,-0.116226
41.472,-0.0276117,-0.00306796,0.0555755,-0.104604
41.474,-0.0276117,-0.00306796,0.050018,-0.0941434
41.476,-0.0276117,-0.00306796,0.0450162,-0.084729
41.478,-0.0276117,-0.00306796,0.0405146,-0.0762561
41.48,-0.0276117,-0.00306796,0.0364631,-0.0686305
41.482,-0.0276117,-0.00306796,0.0328168,-0.0617675
41.484,-0.0276117,-0.00306796,0.0295351,-0.0555907
41.486,-0.0276117,-0.00306796,0.0265816,-0.0500317
41.488,-0.0276117,-0.00306796,0.0239234,-0.0450285
41.49,-0.0276117,-0.00306796,0.0215311,-0.0405256
41.492,-0.0245437,-0.00306796,0.172776,-0.0364731
41.494,-0.0245437,0,0.155498,0.120572
41.496,-0.0245437,0,0.139949,0.108515
41.498,-0.0245437,0,0.125954,0.0976636
41.5,-0.0245437,0,0.113358,0.0878972
41.502,-0.0245437,0,0.102023,0.0791075
41.504,-0.0245437,0,0.0918203,0.0711967
41.506,-0.0245437,0,0.0826383,0.0640771
41.508,-0.0245437,0,0.0743744,0.0576694
41.51,-0.0245437,0,0.066937,0.0519024
41.512,-0.0245437,0,0.0602433,0.0467122
41.514,-0.0214757,0,0.207617,0.042041
41.516,-0.0214757,0,0.186855,0.0378369
41.518,-0.0214757,0,0.16817,0.0340532
41.52,-0.0214757,0,0.151353,0.0306479
41.522,-0.0214757,0,0.136218,0.0275831
41.524,-0.0214757,0,0.122596,0.0248248
41.526,-0.0214757,0,0.110336,0.0223423
41.528,-0.0214757,0,0.0993026,0.0201081
41.53,-0.0214757,0,0.0893723,0.0180973
41.532,-0.0214757,0,0.0804351,0.0162875
41.534,-0.0214757,0,0.0723916,0.0146588
41.536,-0.0214757,0,0.0651524,0.0131929
41.538,-0.0184078,0,0.212035,0.0118736
41.54,-0.0184078,0,0.190832,0.0106862
41.542,-0.0184078,0,0.171749,0.00961762
41.544,-0.0184078,0,0.154574,0.00865586
41.546,-0.0184078,0,0.139116,0.00779028
41.548,-0.0184078,0,0.125205,0.00701125
41.55,-0.0184078,0,0.112684,0.00631012
41.552,-0.0184078,0,0.101416,0.00567911
41.554,-0.0184078,0,0.0912742,0.0051112
41.556,-0.0184078,0,0.0821468,0.00460008
41.558,-0.0184078,0,0.0739321,0.00414007
41.56,-0.0184078,0,0.0665389,0.00372606
41.562,-0.0184078,0,0.059885,0.00335346
41.564,-0.0184078,0,0.0538965,0.00301811
41.566,-0.0184078,0,0.0485069,0.0027163
41.568,-0.0184078,0,0.0436562,0.00244467
41.57,-0.0184078,0,0.0392906,0.0022002
41.572,-0.0184078,0,0.0353615,0.00198018
41.574,-0.0184078,0,0.0318254,0.00178217
41.576,-0.0184078,0,0.0286428,0.00160395
41.578,-0.0153398,0,0.179177,0.00144355
41.58,-0.0153398,0,0.161259,0.0012992
41.582,-0.0153398,0,0.145133,0.00116928
41.584,-0.0153398,0,0.13062,0.00105235
41.586,-0.0153398,0,0.117558,0.000947116
41.588,-0.0153398,0,0.105802,0.000852404
41.59,-0.0153398,0,0.0952218,0.000767164
41.592,-0.0153398,0,0.0856996,0.000690447
41.594,-0.0153398,0,0.0771297,0.000621403
41.596,-0.0153398,0,0.0694167,0.000559262
41.598,-0.0153398,0,0.062475,0.000503336
41.6,-0.0153398,-0.00306796,0.0562275,-0.152945
41.602,-0.0153398,-0.00306796,0.0506048,-0.137651
41.604,-0.0153398,-0.00306796,0.0455443,-0.123886
41.606,-0.0153398,-0.00306796,0.0409899,-0.111497
41.608,-0.0153398,-0.00306796,0.0368909,-0.100347
41.61,-0.0153398,-0.00306796,0.0332018,-0.0903125
41.612,-0.0153398,-0.00306796,0.0298816,-0.0812813
41.614,-0.0153398,-0.00306796,0.0268934,-0.0731532
41.616,-0.0153398,-0.00306796,0.0242041,-0.0658378
41.618,-0.0153398,-0.00306796,0.0217837,-0.0592541
41.62,-0.0153398,-0.00306796,0.0196053,-0.0533287
41.622,-0.0153398,-0.00306796,0.0176448,-0.0479958
41.624,-0.0153398,-0.00306796,0.0158803,-0.0431962
41.626,-0.0153398,-0.00306796,0.0142923,-0.0388766
41.628,-0.0122718,0,0.166261,0.118409
41.63,-0.0122718,0,0.149635,0.106568
41.632,-0.0122718,0,0.134672,0.0959114
41.634,-0.0122718,0,0.121204,0.0863203
41.636,-0.0122718,0,0.109084,0.0776882
41.638,-0.0122718,0,0.0981755,0.0699194
41.64,-0.0122718,0,0.088358,0.0629275
41.642,-0.0122718,0,0.0795222,0.0566347
41.644,-0.0122718,0,0.07157,0.0509713
41.646,-0.0122718,0,0.064413,0.0458741
41.648,-0.0122718,0,0.0579717,0.0412867
41.65,-0.0122718,0,0.0521745,0.037158
41.652,-0.00920388,0,0.200355,0.0334422
41.654,-0.00920388,0,0.18032,0.030098
41.656,-0.00920388,0,0.162288,0.0270882
41.658,-0.00920388,0,0.146059,0.0243794
41.66,-0.00920388,0,0.131453,0.0219415
41.662,-0.00920388,0,0.118308,0.0197473
41.664,-0.00920388,0,0.106477,0.0177726
41.666,-0.00920388,0,0.0958292,0.0159953
41.668,-0.00920388,0,0.0862463,0.0143958
41.67,-0.00920388,0,0.0776217,0.0129562
41.672,-0.00920388,0,0.0698595,0.0116606
41.674,-0.00920388,0,0.0628736,0.0104945
41.676,-0.00920388,0,0.0565862,0.00944508
41.678,-0.00920388,0,0.0509276,0.00850057
41.68,-0.00920388,0,0.0458348,0.00765051
41.682,-0.00920388,0,0.0412513,0.00688546
41.684,-0.00920388,0,0.0371262,0.00619691
41.686,-0.00920388,0,0.0334136,0.00557722
41.688,-0.00613592,0,0.18347,0.0050195
41.69,-0.00613592,0,0.165123,0.00451755
41.692,-0.00613592,0,0.148611,0.0040658
41.694,-0.00613592,0,0.13375,0.00365922
41.696,-0.00613592,0,0.120375,0.00329329
41.698,-0.00613592,0,0.108337,0.00296397
41.7,-0.00613592,0,0.0975036,0.00266757
41.702,-0.00613592,0,0.0877533,0.00240081
41.704,-0.00613592,-0.00306796,0.078978,-0.151237
41.706,-0.00613592,-0.00306796,0.0710802,-0.136114
41.708,-0.00613592,-0.00306796,0.0639721,-0.122502
41.71,-0.00613592,-0.00306796,0.0575749,-0.110252
41.712,-0.00613592,-0.00306796,0.0518174,-0.0992268
41.714,-0.00613592,-0.00306796,0.0466357,-0.0893041
41.716,-0.00613592,-0.00306796,0.0419721,-0.0803737
41.718,-0.00613592,-0.00306796,0.0377749,-0.0723364
41.72,-0.00613592,-0.00306796,0.0339974,-0.0651027
41.722,-0.00613592,-0.00306796,0.0305977,-0.0585924
41.724,-0.00613592,-0.00306796,0.0275379,-0.0527332
41.726,-0.00306796,-0.00306796,0.178182,-0.0474599
41.728,-0.00306796,-0.00306796,0.160364,-0.0427139
41.73,-0.00306796,0,0.144328,0.114956
41.732,-0.00306796,0,0.129895,0.10346
41.734,-0.00306796,0,0.116905,0.093114
41.736,-0.00306796,0,0.105215,0.0838026
41.738,-0.00306796,0,0.0946933,0.0754224
41.74,-0.00306796,0,0.085224,0.0678801
41.742,-0.00306796,0,0.0767016,0.0610921
41.744,-0,0,0.22243,0.0549829
41.746,-0,0,0.200187,0.0494846
41.748,-0,0,0.180168,0.0445361
41.75,-0,0,0.162151,0.0400825
41.752,-0,0,0.145936,0.0360743
41.754,-0,0.00306796,0.131342,0.185865
41.756,-0,0.00306796,0.118208,0.167278
41.758,-0,0.00306796,0.106387,0.150551
41.76,0.00306796,0.00306796,0.249147,0.135496
41.762,0.00306796,0.00306796,0.224232,0.121946
41.764,0.00306796,0.00306796,0.201809,0.109751
41.766,0.00306796,0.00306796,0.181628,0.0987762
41.768,0.00306796,0.00306796,0.163465,0.0888986
41.77,0.00306796,0.00306796,0.147119,0.0800088
41.772,0.00306796,0.00306796,0.132407,0.0720079
41.774,0.00306796,0.00306796,0.119166,0.0648071
41.776,0.00306796,0.00306796,0.107249,0.0583264
41.778,0.00306796,0.00306796,0.0965245,0.0524937
41.78,0.00306796,0.00306796,0.0868721,0.0472444
41.782,0.00306796,0.00306796,0.0781849,0.0425199
41.784,0.00306796,0.00306796,0.0703664,0.0382679
41.786,0.00306796,0.00306796,0.0633297,0.0344411
41.788,0.00306796,0.00306796,0.0569968,0.030997
41.79,0.00306796,0.00306796,0.0512971,0.0278973
41.792,0.00306796,0,0.0461674,-0.12829
41.794,0.00306796,0,0.0415506,-0.115461
41.796,0.00306796,0,0.0373956,-0.103915
41.798,0.00306796,0,0.033656,-0.0935238
41.8,0.00306796,0,0.0302904,-0.0841714
41.802,0.00306796,0,0.0272614,-0.0757542
41.804,0.00613592,0,0.177933,-0.0681788
41.806,0.00613592,0,0.16014,-0.0613609
41.808,0.00613592,0,0.144126,-0.0552248
41.81,0.00613592,0,0.129713,-0.0497024
41.812,0.00613592,0,0.116742,-0.0447321
41.814,0.00613592,0,0.105068,-0.0402589
41.816,0.00613592,0,0.0945611,-0.036233
41.818,0.00613592,0,0.085105,-0.0326097
41.82,0.00613592,0,0.0765945,-0.0293487
41.822,0.00613592,0.00306796,0.068935,0.126984
41.824,0.00613592,0.00306796,0.0620415,0.114286
41.826,0.00613592,0.00306796,0.0558374,0.102857
41.828,0.00613592,0.00306796,0.0502536,0.0925715
41.83,0.00613592,0.00306796,0.0452283,0.0833143
41.832,0.00613592,0.00306796,0.0407054,0.0749829
41.834,0.00920388,0.00306796,0.190033,0.0674846
41.836,0.00920388,0.00306796,0.17103,0.0607362
41.838,0.00920388,0.00306796,0.153927,0.0546625
41.84,0.00920388,0.00306796,0.138534,0.0491963
41.842,0.00920388,0.00306796,0.124681,0.0442767
41.844,0.00920388,0.00306796,0.112213,0.039849
41.846,0.00920388,0.00306796,0.100991,0.0358641
41.848,0.00920388,0.00306796,0.0908922,0.0322777
41.85,0.00920388,0.00306796,0.081803,0.0290499
41.852,0.00920388,0.00306796,0.0736227,0.0261449
41.854,0.00920388,0.00306796,0.0662604,0.0235304
41.856,0.00920388,0.00306796,0.0596344,0.0211774
41.858,0.00920388,0.00306796,0.0536709,0.0190596
41.86,0.00920388,0.00306796,0.0483038,0.0171537
41.862,0.00920388,0.00306796,0.0434734,0.0154383
41.864,0.00920388,0,0.0391261,-0.139504
41.866,0.00920388,0,0.0352135,-0.125553
41.868,0.00920388,0,0.0316921,-0.112998
41.87,0.00920388,0,0.0285229,-0.101698
41.872,0.00920388,0,0.0256706,-0.0915283
41.874,0.00920388,0,0.0231036,-0.0823755
41.876,0.00920388,0,0.0207932,-0.0741379
41.878,0.00920388,0,0.0187139,-0.0667241
41.88,0.00920388,0,0.0168425,-0.0600517
41.882,0.00920388,0,0.0151583,-0.0540466
41.884,0.00920388,0,0.0136424,-0.0486419
41.886,0.00920388,0,0.0122782,-0.0437777
41.888,0.00920388,0,0.0110504,-0.0393999
41.89,0.00920388,0,0.00994533,-0.0354599
41.892,0.00920388,0,0.0089508,-0.0319139
41.894,0.00920388,0,0.00805572,-0.0287226
41.896,0.00920388,0,0.00725015,-0.0258503
41.898,0.00920388,0,0.00652513,-0.0232653
41.9,0.00920388,0,0.00587262,-0.0209387
41.902,0.00920388,0,0.00528536,-0.0188449
41.904,0.00920388,0,0.00475682,-0.0169604
41.906,0.00920388,0,0.00428114,-0.0152643
41.908,0.00920388,0,0.00385302,-0.0137379
41.91,0.00920388,0,0.00346772,-0.0123641
41.912,0.00920388,0,0.00312095,-0.0111277
41.914,0.00920388,0,0.00280886,-0.0100149
41.916,0.00920388,0,0.00252797,-0.00901344
41.918,0.00920388,0,0.00227517,-0.0081121
41.92,0.00920388,0,0.00204766,-0.00730089
41.922,0.00920388,0,0.00184289,-0.0065708
41.924,0.00920388,0,0.0016586,-0.00591372
41.926,0.00920388,0,0.00149274,-0.00532235
41.928,0.00920388,0,0.00134347,-0.00479011
41.93,0.00920388,0,0.00120912,-0.0043111
41.932,0.00920388,0,0.00108821,-0.00387999
41.934,0.00920388,0,0.000979387,-0.00349199
41.936,0.00920388,-0.00306796,0.000881448,-0.156541
41.938,0.00920388,-0.00306796,0.000793304,-0.140887
41.94,0.00920388,-0.00306796,0.000713973,-0.126798
41.942,0.00920388,-0.00306796,0.000642576,-0.114118
41.944,0.00920388,-0.00306796,0.000578318,-0.102706
41.946,0.00920388,-0.00306796,0.000520487,-0.0924358
41.948,0.00920388,-0.00306796,0.000468438,-0.0831922
41.95,0.00920388,-0.00306796,0.000421594,-0.074873
41.952,0.00920388,-0.00306796,0.000379435,-0.0673857
41.954,0.00920388,-0.00306796,0.000341491,-0.0606471
41.956,0.00920388,-0.00306796,0.000307342,-0.0545824
41.958,0.00920388,-0.00306796,0.000276608,-0.0491242
41.96,0.0122718,-0.00306796,0.153647,-0.0442118
41.962,0.0122718,-0.00306796,0.138282,-0.0397906
41.964,0.0122718,-0.00306796,0.124454,-0.0358115
41.966,0.0122718,-0.00306796,0.112009,-0.0322304
41.968,0.0122718,-0.00306796,0.100808,-0.0290073
41.97,0.0122718,-0.00306796,0.090727,-0.0261066
41.972,0.0122718,0,0.0816543,0.129902
41.974,0.0122718,0,0.0734889,0.116912
41.976,0.0122718,0,0.06614,0.105221
41.978,0.0153398,0,0.212924,0.0946987
41.98,0.0153398,0,0.191632,0.0852288
41.982,0.0153398,0,0.172469,0.0767059
41.984,0.0153398,0,0.155222,0.0690353
41.986,0.0153398,0,0.139699,0.0621318
41.988,0.0153398,0,0.12573,0.0559186
41.99,0.0153398,0,0.113157,0.0503267
41.992,0.0153398,0,0.101841,0.0452941
41.994,0.0153398,0,0.0916568,0.0407647
41.996,0.0153398,0,0.0824912,0.0366882
41.998,0.0153398,0,0.074242,0.0330194
42,0.0153398,0,0.0668178,0.0297174
42.002,0.0184078,0.00306796,0.213534,0.180144
42.004,0.0184078,0.00306796,0.192181,0.162129
42.006,0.0184078,0.00306796,0.172963,0.145916
42.008,0.0184078,0.00306796,0.155666,0.131325
42.01,0.0184078,0.00306796,0.1401,0.118192
42.012,0.0184078,0.00306796,0.12609,0.106373
42.014,0.0184078,0.00306796,0.113481,0.0957358
42.016,0.0184078,0.00306796,0.102133,0.0861622
42.018,0.0184078,0.00306796,0.0919194,0.077546
42.02,0.0184078,0.00306796,0.0827275,0.0697914
42.022,0.0184078,0.00306796,0.0744547,0.0628123
42.024,0.0184078,0.00306796,0.0670093,0.056531
42.026,0.0184078,0.00306796,0.0603083,0.0508779
42.028,0.0184078,0,0.0542775,-0.107608
42.03,0.0184078,0,0.0488498,-0.0968472
42.032,0.0184078,0,0.0439648,-0.0871624
42.034,0.0184078,0,0.0395683,-0.0784462
42.036,0.0184078,0,0.0356115,-0.0706016
42.038,0.0184078,0,0.0320503,-0.0635414
42.04,0.0184078,0,0.0288453,-0.0571873
42.042,0.0184078,0,0.0259608,-0.0514685
42.044,0.0184078,0,0.0233647,-0.0463217
42.046,0.0184078,0,0.0210282,-0.0416895
42.048,0.0184078,0,0.0189254,-0.0375206
42.05,0.0184078,0,0.0170329,-0.0337685
42.052,0.0184078,0,0.0153296,-0.0303917
42.054,0.0184078,0,0.0137966,-0.0273525
42.056,0.0184078,0,0.012417,-0.0246172
42.058,0.0184078,0,0.0111753,-0.0221555
42.06,0.0184078,0,0.0100577,-0.01994
42.062,0.0184078,0,0.00905196,-0.017946
42.064,0.0184078,0,0.00814676,-0.0161514
42.066,0.0184078,0,0.00733209,-0.0145362
42.068,0.0184078,0,0.00659888,-0.0130826
42.07,0.0184078,0,0.00593899,-0.0117744
42.072,0.0184078,0,0.00534509,-0.0105969
42.074,0.0184078,0,0.00481058,-0.00953723
42.076,0.0184078,0,0.00432952,-0.0085835
42.078,0.0184078,0,0.00389657,-0.00772515
42.08,0.0184078,0,0.00350691,-0.00695264
42.082,0.0184078,0,0.00315622,-0.00625737
42.084,0.0184078,0,0.0028406,-0.00563164
42.086,0.0184078,0,0.00255654,-0.00506847
42.088,0.0184078,0,0.00230089,-0.00456163
42.09,0.0184078,0,0.0020708,-0.00410546
42.092,0.0184078,0,0.00186372,-0.00369492
42.094,0.0184078,0,0.00167735,-0.00332543
42.096,0.0184078,0,0.00150961,-0.00299288
42.098,0.0184078,0,0.00135865,-0.00269359
42.1,0.0184078,0,0.00122279,-0.00242423
42.102,0.0184078,0,0.00110051,-0.00218181
42.104,0.0184078,0,0.000990456,-0.00196363
42.106,0.0184078,0,0.000891411,-0.00176727
42.108,0.0184078,0,0.00080227,-0.00159054
42.11,0.0184078,0,0.000722043,-0.00143149
42.112,0.0184078,0,0.000649838,-0.00128834
42.114,0.0184078,0,0.000584854,-0.0011595
42.116,0.0184078,0,0.000526369,-0.00104355
42.118,0.0184078,-0.00306796,0.000473732,-0.154337
42.12,0.0184078,-0.00306796,0.000426359,-0.138904
42.122,0.0184078,-0.00306796,0.000383723,-0.125013
42.124,0.0184078,-0.00306796,0.000345351,-0.112512
42.126,0.0184078,-0.00306796,0.000310816,-0.101261
42.128,0.0184078,-0.00306796,0.000279734,-0.0911346
42.13,0.0184078,-0.00306796,0.000251761,-0.0820212
42.132,0.0184078,-0.00306796,0.000226585,-0.073819
42.134,0.0184078,-0.00306796,0.000203926,-0.0664371
42.136,0.0184078,-0.00306796,0.000183534,-0.0597934
42.138,0.0184078,0,0.00016518,0.099584
42.14,0.0184078,0,0.000148662,0.0896256
42.142,0.0184078,0,0.000133796,0.080663
42.144,0.0184078,0,0.000120416,0.0725967
42.146,0.0184078,0,0.000108375,0.0653371
42.148,0.0214757,0,0.153496,0.0588034
42.15,0.0214757,0,0.138146,0.052923
42.152,0.0214757,0,0.124331,0.0476307
42.154,0.0214757,0,0.111898,0.0428676
42.156,0.0214757,0,0.100708,0.0385809
42.158,0.0214757,0,0.0906376,0.0347228
42.16,0.0214757,0,0.0815739,0.0312505
42.162,0.0214757,0,0.0734165,0.0281255
42.164,0.0214757,0,0.0660748,0.0253129
42.166,0.0214757,0,0.0594673,0.0227816
42.168,0.0214757,0,0.0535206,0.0205035
42.17,0.0214757,0,0.0481686,0.0184531
42.172,0.0214757,0,0.0433517,0.0166078
42.174,0.0214757,0,0.0390165,0.014947
42.176,0.0214757,0,0.0351149,0.0134523
42.178,0.0214757,0,0.0316034,0.0121071
42.18,0.0214757,0,0.028443,0.0108964
42.182,0.0214757,0,0.0255987,0.00980674
42.184,0.0214757,0,0.0230389,0.00882607
42.186,0.0214757,0,0.020735,0.00794346
42.188,0.0214757,0,0.0186615,0.00714912
42.19,0.0214757,0,0.0167953,0.0064342
42.192,0.0214757,0,0.0151158,0.00579078
42.194,0.0214757,0,0.0136042,0.0052117
42.196,0.0214757,0,0.0122438,0.00469053
42.198,0.0214757,0,0.0110194,0.00422148
42.2,0.0214757,0,0.00991748,0.00379933
42.202,0.0214757,0,0.00892573,0.0034194
42.204,0.0214757,0,0.00803316,0.00307746
42.206,0.0214757,-0.00306796,0.00722984,-0.150628
42.208,0.0214757,-0.00306796,0.00650686,-0.135566
42.21,0.0214757,-0.00306796,0.00585617,-0.122009
42.212,0.0214757,-0.00306796,0.00527055,-0.109808
42.214,0.0214757,-0.00306796,0.0047435,-0.0988273
42.216,0.0214757,-0.00306796,0.00426915,-0.0889445
42.218,0.0214757,-0.00306796,0.00384223,-0.0800501
42.22,0.0214757,-0.00306796,0.00345801,-0.0720451
42.222,0.0214757,-0.00306796,0.00311221,-0.0648406
42.224,0.0214757,-0.00306796,0.00280099,-0.0583565
42.226,0.0214757,-0.00306796,0.00252089,-0.0525209
42.228,0.0214757,-0.00306796,0.0022688,-0.0472688
42.23,0.0214757,-0.00306796,0.00204192,-0.0425419
42.232,0.0214757,-0.00306796,0.00183773,-0.0382877
42.234,0.0214757,-0.00306796,0.00165396,-0.0344589
42.236,0.0214757,0,0.00148856,0.122385
42.238,0.0214757,0,0.0013397,0.110147
42.24,0.0214757,0,0.00120573,0.0991319
42.242,0.0214757,0,0.00108516,0.0892187
42.244,0.0245437,0,0.154375,0.0802968
42.246,0.0245437,0,0.138937,0.0722671
42.248,0.0245437,0,0.125044,0.0650404
42.25,0.0245437,0,0.112539,0.0585364
42.252,0.0245437,0,0.101285,0.0526827
42.254,0.0245437,0,0.0911567,0.0474145
42.256,0.0245437,0,0.0820411,0.042673
42.258,0.0245437,0,0.073837,0.0384057
42.26,0.0245437,0,0.0664533,0.0345651
42.262,0.0245437,0,0.0598079,0.0311086
42.264,0.0245437,0,0.0538271,0.0279978
42.266,0.0245437,0,0.0484444,0.025198
42.268,0.0245437,0,0.0436,0.0226782
42.27,0.0245437,0,0.03924,0.0204104
42.272,0.0245437,0,0.035316,0.0183693
42.274,0.0245437,0,0.0317844,0.0165324
42.276,0.0245437,0,0.0286059,0.0148792
42.278,0.0245437,0,0.0257454,0.0133912
42.28,0.0245437,0,0.0231708,0.0120521
42.282,0.0245437,0,0.0208537,0.0108469
42.284,0.0245437,0,0.0187684,0.00976222
42.286,0.0245437,0,0.0168915,0.008786
42.288,0.0245437,0,0.0152024,0.0079074
42.29,0.0245437,0,0.0136821,0.00711666
42.292,0.0245437,0,0.0123139,0.00640499
42.294,0.0245437,0,0.0110825,0.00576449
42.296,0.0245437,-0.00306796,0.00997428,-0.14821
42.298,0.0245437,-0.00306796,0.00897685,-0.133389
42.3,0.0245437,-0.00306796,0.00807916,-0.12005
42.302,0.0245437,-0.00306796,0.00727125,-0.108045
42.304,0.0245437,-0.00306796,0.00654412,-0.0972406
42.306,0.0245437,-0.00306796,0.00588971,-0.0875165
42.308,0.0245437,-0.00306796,0.00530074,-0.0787649
42.31,0.0245437,-0.00306796,0.00477067,-0.0708884
42.312,0.0245437,-0.00306796,0.0042936,-0.0637996
42.314,0.0245437,-0.00306796,0.00386424,-0.0574196
42.316,0.0245437,-0.00306796,0.00347782,-0.0516776
42.318,0.0245437,-0.00306796,0.00313003,-0.0465099
42.32,0.0245437,-0.00306796,0.00281703,-0.0418589
42.322,0.0245437,0,0.00253533,0.115725
42.324,0.0245437,0,0.00228179,0.104153
42.326,0.0245437,0,0.00205362,0.0937373
42.328,0.0245437,0,0.00184825,0.0843636
42.33,0.0245437,0,0.00166343,0.0759272
42.332,0.0276117,0,0.154895,0.0683345
42.334,0.0276117,0,0.139406,0.0615011
42.336,0.0276117,0,0.125465,0.0553509
42.338,0.0276117,0,0.112919,0.0498159
42.34,0.0276117,0,0.101627,0.0448343
42.342,0.0276117,0,0.091464,0.0403508
42.344,0.0276117,0,0.0823176,0.0363158
42.346,0.0276117,0,0.0740859,0.0326842
42.348,0.0276117,0,0.0666773,0.0294158
42.35,0.0276117,0,0.0600096,0.0264742
42.352,0.0276117,0,0.0540086,0.0238268
42.354,0.0276117,0,0.0486077,0.0214441
42.356,0.0276117,0,0.043747,0.0192997
42.358,0.0276117,0,0.0393723,0.0173697
42.36,0.0276117,0,0.035435,0.0156327
42.362,0.0276117,0,0.0318915,0.0140695
42.364,0.0276117,0,0.0287024,0.0126625
42.366,0.0276117,0,0.0258321,0.0113963
42.368,0.0276117,0,0.0232489,0.0102566
42.37,0.0276117,0,0.020924,0.00923098
42.372,0.0276117,0,0.0188316,0.00830788
42.374,0.0276117,0,0.0169485,0.00747709
42.376,0.0276117,0,0.0152536,0.00672938
42.378,0.0276117,0,0.0137283,0.00605644
42.38,0.0276117,0,0.0123554,0.0054508
42.382,0.0276117,0,0.0111199,0.00490572
42.384,0.0276117,0,0.0100079,0.00441515
42.386,0.0276117,0,0.00900711,0.00397363
42.388,0.0276117,0,0.0081064,0.00357627
42.39,0.0276117,0,0.00729576,0.00321864
42.392,0.0276117,0,0.00656619,0.00289678
42.394,0.0276117,-0.00306796,0.00590957,-0.150791
42.396,0.0276117,-0.00306796,0.00531861,-0.135712
42.398,0.0276117,-0.00306796,0.00478675,-0.122141
42.4,0.0276117,-0.00306796,0.00430807,-0.109927
42.402,0.0276117,-0.00306796,0.00387727,-0.098934
42.404,0.0276117,-0.00306796,0.00348954,-0.0890406
42.406,0.0276117,-0.00306796,0.00314059,-0.0801365
42.408,0.0276117,-0.00306796,0.00282653,-0.0721229
42.41,0.0276117,-0.00306796,0.00254387,-0.0649106
42.412,0.0276117,-0.00306796,0.00228949,-0.0584195
42.414,0.0276117,-0.00306796,0.00206054,-0.0525776
42.416,0.0276117,-0.00306796,0.00185448,-0.0473198
42.418,0.0276117,-0.00306796,0.00166904,-0.0425878
42.42,0.0276117,-0.00306796,0.00150213,-0.038329
42.422,0.0306796,-0.00306796,0.15475,-0.0344961
42.424,0.0306796,0,0.139275,0.122352
42.426,0.0306796,0,0.125347,0.110116
42.428,0.0306796,0,0.112813,0.0991048
42.43,0.0306796,0,0.101531,0.0891943
42.432,0.0306796,0,0.0913783,0.0802749
42.434,0.0306796,0,0.0822405,0.0722474
42.436,0.0306796,0,0.0740164,0.0650226
42.438,0.0306796,0,0.0666148,0.0585204
42.44,0.0306796,0,0.0599533,0.0526683
42.442,0.0306796,0,0.053958,0.0474015
42.444,0.0306796,0,0.0485622,0.0426613
42.446,0.0306796,0,0.043706,0.0383952
42.448,0.0306796,0,0.0393354,0.0345557
42.45,0.0306796,0,0.0354018,0.0311001
42.452,0.0306796,0,0.0318617,0.0279901
42.454,0.0306796,0,0.0286755,0.0251911
42.456,0.0306796,0,0.0258079,0.022672
42.458,0.0306796,0,0.0232271,0.0204048
42.46,0.0306796,0,0.0209044,0.0183643
42.462,0.0306796,0,0.018814,0.0165279
42.464,0.0306796,0,0.0169326,0.0148751
42.466,0.0306796,0,0.0152393,0.0133876
42.468,0.0306796,0,0.0137154,0.0120488
42.47,0.0306796,0,0.0123439,0.0108439
42.472,0.0306796,0,0.0111095,0.00975955
42.474,0.0306796,0,0.00999852,0.00878359
42.476,0.0306796,0,0.00899867,0.00790523
42.478,0.0306796,0,0.0080988,0.00711471
42.48,0.0306796,0,0.00728892,0.00640324
42.482,0.0306796,0,0.00656003,0.00576292
42.484,0.0306796,0,0.00590403,0.00518662
42.486,0.0306796,0,0.00531363,0.00466796
42.488,0.0306796,0,0.00478226,0.00420117
42.49,0.0306796,0,0.00430404,0.00378105
42.492,0.0306796,0,0.00387363,0.00340294
42.494,0.0306796,0,0.00348627,0.00306265
42.496,0.0306796,-0.00306796,0.00313764,-0.150642
42.498,0.0306796,-0.00306796,0.00282388,-0.135578
42.5,0.0306796,-0.00306796,0.00254149,-0.12202
42.502,0.0306796,-0.00306796,0.00228734,-0.109818
42.504,0.0306796,-0.00306796,0.00205861,-0.098836
42.506,0.0306796,-0.00306796,0.00185275,-0.0889524
42.508,0.0306796,-0.00306796,0.00166747,-0.0800572
42.51,0.0306796,-0.00306796,0.00150072,-0.0720515
42.512,0.0306796,-0.00306796,0.00135065,-0.0648463
42.514,0.0306796,-0.00306796,0.00121559,-0.0583617
42.516,0.0306796,-0.00306796,0.00109403,-0.0525255
42.518,0.0306796,-0.00306796,0.000984626,-0.047273
42.52,0.0306796,-0.00306796,0.000886163,-0.0425457
42.522,0.0306796,-0.00306796,0.000797547,-0.0382911
42.524,0.0337476,0,0.154116,0.118936
42.526,0.0337476,0,0.138704,0.107042
42.528,0.0337476,0,0.124834,0.0963382
42.53,0.0337476,0,0.11235,0.0867044
42.532,0.0337476,0,0.101115,0.078034
42.534,0.0337476,0,0.0910039,0.0702306
