"Time","state"
0,-0,-3.14159,0,0
0.002,-0,-3.14159,0,0
0.004,-0,-3.14159,0,0
0.006,-0,-3.14159,0,0
0.008,-0,-3.14159,0,0
0.01,-0,-3.14159,0,0
0.012,-0,-3.14159,0,0
0.014,-0,-3.14159,0,0
0.016,-0,-3.14159,0,0
0.018,-0,-3.14159,0,0
0.02,-0,-3.14159,0,0
0.022,-0,-3.14159,0,0
0.024,-0,-3.14159,0,0
0.026,-0,-3.14159,0,0
0.028,-0,-3.14159,0,0
0.03,-0,-3.14159,0,0
0.032,-0,-3.14159,0,0
0.034,-0,-3.14159,0,0
0.036,-0,-3.14159,0,0
0.038,-0,-3.14159,0,0
0.04,-0,-3.14159,0,0
0.042,-0,-3.14159,0,0
0.044,-0,-3.14159,0,0
0.046,-0,-3.14159,0,0
0.048,-0,-3.14159,0,0
0.05,-0,-3.14159,0,0
0.052,-0,-3.14159,0,0
0.054,-0,-3.14159,0,0
0.056,-0,-3.14159,0,0
0.058,-0,-3.14159,0,0
0.06,-0,-3.14159,0,0
0.062,-0,-3.14159,0,0
0.064,-0,-3.14159,0,0
0.066,-0,-3.14159,0,0
0.068,-0,-3.14159,0,0
0.07,-0,-3.14159,0,0
0.072,-0,-3.14159,0,0
0.074,-0,-3.14159,0,0
0.076,-0,-3.14159,0,0
0.078,-0,-3.14159,0,0
0.08,-0,-3.14159,0,0
0.082,-0,-3.14159,0,0
0.084,-0,-3.14159,0,0
0.086,-0,-3.14159,0,0
0.088,-0,-3.14159,0,0
0.09,-0,-3.14159,0,0
0.092,-0,-3.14159,0,0
0.094,-0,-3.14159,0,0
0.096,-0,-3.14159,0,0
0.098,-0,-3.14159,0,0
0.1,-0,-3.14159,0,0
0.102,-0,-3.14159,0,0
0.104,-0,-3.14159,0,0
0.106,-0,-3.14159,0,0
0.108,-0,-3.14159,0,0
0.11,-0,-3.14159,0,0
0.112,-0,-3.14159,0,0
0.114,-0,-3.14159,0,0
0.116,-0,-3.14159,0,0
0.118,-0,-3.14159,0,0
0.12,-0,-3.14159,0,0
0.122,-0,-3.14159,0,0
0.124,-0,-3.14159,0,0
0.126,-0,-3.14159,0,0
0.128,-0,-3.14159,0,0
0.13,-0,-3.14159,0,0
0.132,-0,-3.14159,0,0
0.134,-0,-3.14159,0,0
0.136,-0,-3.14159,0,0
0.138,-0,-3.14159,0,0
0.14,-0,-3.14159,0,0
0.142,-0,-3.14159,0,0
0.144,-0,-3.14159,0,0
0.146,-0,-3.14159,0,0
0.148,-0,-3.14159,0,0
0.15,-0,-3.14159,0,0
0.152,-0,-3.14159,0,0
0.154,-0,-3.14159,0,0
0.156,-0,-3.14159,0,0
0.158,-0,-3.14159,0,0
0.16,-0,-3.14159,0,0
0.162,-0,-3.14159,0,0
0.164,-0,-3.14159,0,0
0.166,-0,-3.14159,0,0
0.168,-0,-3.14159,0,0
0.17,-0,-3.14159,0,0
0.172,-0,-3.14159,0,0
0.174,-0,-3.14159,0,0
0.176,-0,-3.14159,0,0
0.178,-0,-3.14159,0,0
0.18,-0,-3.14159,0,0
0.182,-0,-3.14159,0,0
0.184,-0,-3.14159,0,0
0.186,-0,-3.14159,0,0
0.188,-0,-3.14159,0,0
0.19,-0,-3.14159,0,0
0.192,-0,-3.14159,0,0
0.194,-0,-3.14159,0,0
0.196,-0,-3.14159,0,0
0.198,-0,-3.14159,0,0
0.2,-0,-3.14159,0,0
0.202,-0,-3.14159,0,0
0.204,-0,-3.14159,0,0
0.206,-0,-3.14159,0,0
0.208,-0,-3.14159,0,0
0.21,-0,-3.14159,0,0
0.212,-0,-3.14159,0,0
0.214,-0,-3.14159,0,0
0.216,-0,-3.14159,0,0
0.218,-0,-3.14159,0,0
0.22,-0,-3.14159,0,0
0.222,-0,-3.14159,0,0
0.224,-0,-3.14159,0,0
0.226,-0,-3.14159,0,0
0.228,-0,-3.14159,0,0
0.23,-0,-3.14159,0,0
0.232,-0,-3.14159,0,0
0.234,-0,-3.14159,0,0
0.236,-0,-3.14159,0,0
0.238,-0,-3.14159,0,0
0.24,-0,-3.14159,0,0
0.242,-0,-3.14159,0,0
0.244,-0,-3.14159,0,0
0.246,-0,-3.14159,0,0
0.248,-0,-3.14159,0,0
0.25,-0,-3.14159,0,0
0.252,-0,-3.14159,0,0
0.254,-0,-3.14159,0,0
0.256,-0,-3.14159,0,0
0.258,-0,-3.14159,0,0
0.26,-0,-3.14159,0,0
0.262,-0,-3.14159,0,0
0.264,-0,-3.14159,0,0
0.266,-0,-3.14159,0,0
0.268,-0,-3.14159,0,0
0.27,-0,-3.14159,0,0
0.272,-0,-3.14159,0,0
0.274,-0,-3.14159,0,0
0.276,-0,-3.14159,0,0
0.278,-0,-3.14159,0,0
0.28,-0,-3.14159,0,0
0.282,-0,-3.14159,0,0
0.284,-0,-3.14159,0,0
0.286,-0,-3.14159,0,0
0.288,-0,-3.14159,0,0
0.29,-0,-3.14159,0,0
0.292,-0,-3.14159,0,0
0.294,-0,-3.14159,0,0
0.296,-0,-3.14159,0,0
0.298,-0,-3.14159,0,0
0.3,-0,-3.14159,0,0
0.302,-0,-3.14159,0,0
0.304,-0,-3.14159,0,0
0.306,-0,-3.14159,0,0
0.308,-0,-3.14159,0,0
0.31,-0,-3.14159,0,0
0.312,-0,-3.14159,0,0
0.314,-0,-3.14159,0,0
0.316,-0,-3.14159,0,0
0.318,-0,-3.14159,0,0
0.32,-0,-3.14159,0,0
0.322,-0,-3.14159,0,0
0.324,-0,-3.14159,0,0
0.326,-0,-3.14159,0,0
0.328,-0,-3.14159,0,0
0.33,-0,-3.14159,0,0
0.332,-0,-3.14159,0,0
0.334,-0,-3.14159,0,0
0.336,-0,-3.14159,0,0
0.338,-0,-3.14159,0,0
0.34,-0,-3.14159,0,0
0.342,-0,-3.14159,0,0
0.344,-0,-3.14159,0,0
0.346,-0,-3.14159,0,0
0.348,-0,-3.14159,0,0
0.35,-0,-3.14159,0,0
0.352,-0,-3.14159,0,0
0.354,-0,-3.14159,0,0
0.356,-0,-3.14159,0,0
0.358,-0,-3.14159,0,0
0.36,-0,-3.14159,0,0
0.362,-0,-3.14159,0,0
0.364,-0,-3.14159,0,0
0.366,-0,-3.14159,0,0
0.368,-0,-3.14159,0,0
0.37,-0,-3.14159,0,0
0.372,-0,-3.14159,0,0
0.374,-0,-3.14159,0,0
0.376,-0,-3.14159,0,0
0.378,-0,-3.14159,0,0
0.38,-0,-3.14159,0,0
0.382,-0,-3.14159,0,0
0.384,-0,-3.14159,0,0
0.386,-0,-3.14159,0,0
0.388,-0,-3.14159,0,0
0.39,-0,-3.14159,0,0
0.392,-0,-3.14159,0,0
0.394,-0,-3.14159,0,0
0.396,-0,-3.14159,0,0
0.398,-0,-3.14159,0,0
0.4,-0,-3.14159,0,0
0.402,-0,-3.14159,0,0
0.404,-0,-3.14159,0,0
0.406,-0,-3.14159,0,0
0.408,-0,-3.14159,0,0
0.41,-0,-3.14159,0,0
0.412,-0,-3.14159,0,0
0.414,-0,-3.14159,0,0
0.416,-0,-3.14159,0,0
0.418,-0,-3.14159,0,0
0.42,-0,-3.14159,0,0
0.422,-0,-3.14159,0,0
0.424,-0,-3.14159,0,0
0.426,-0,-3.14159,0,0
0.428,-0,-3.14159,0,0
0.43,-0,-3.14159,0,0
0.432,-0,-3.14159,0,0
0.434,-0,-3.14159,0,0
0.436,-0,-3.14159,0,0
0.438,-0,-3.14159,0,0
0.44,-0,-3.14159,0,0
0.442,-0,-3.14159,0,0
0.444,-0,-3.14159,0,0
0.446,-0,-3.14159,0,0
0.448,-0,-3.14159,0,0
0.45,-0,-3.14159,0,0
0.452,-0,-3.14159,0,0
0.454,-0,-3.14159,0,0
0.456,-0,-3.14159,0,0
0.458,-0,-3.14159,0,0
0.46,-0,-3.14159,0,0
0.462,-0,-3.14159,0,0
0.464,-0,-3.14159,0,0
0.466,-0,-3.14159,0,0
0.468,-0,-3.14159,0,0
0.47,-0,-3.14159,0,0
0.472,-0,-3.14159,0,0
0.474,-0,-3.14159,0,0
0.476,-0,-3.14159,0,0
0.478,-0,-3.14159,0,0
0.48,-0,-3.14159,0,0
0.482,-0,-3.14159,0,0
0.484,-0,-3.14159,0,0
0.486,-0,-3.14159,0,0
0.488,-0,-3.14159,0,0
0.49,-0,-3.14159,0,0
0.492,-0,-3.14159,0,0
0.494,-0,-3.14159,0,0
0.496,-0,-3.14159,0,0
0.498,-0,-3.14159,0,0
0.5,-0,-3.14159,0,0
0.502,-0,-3.14159,0,0
0.504,-0,-3.14159,0,0
0.506,-0,-3.14159,0,0
0.508,-0,-3.14159,0,0
0.51,-0,-3.14159,0,0
0.512,-0,-3.14159,0,0
0.514,-0,-3.14159,0,0
0.516,-0,-3.14159,0,0
0.518,-0,-3.14159,0,0
0.52,-0,-3.14159,0,0
0.522,-0,-3.14159,0,0
0.524,-0,-3.14159,0,0
0.526,-0,-3.14159,0,0
0.528,-0,-3.14159,0,0
0.53,-0,-3.14159,0,0
0.532,-0,-3.14159,0,0
0.534,-0,-3.14159,0,0
0.536,-0,-3.14159,0,0
0.538,-0,-3.14159,0,0
0.54,-0,-3.14159,0,0
0.542,-0,-3.14159,0,0
0.544,-0,-3.14159,0,0
0.546,-0,-3.14159,0,0
0.548,-0,-3.14159,0,0
0.55,-0,-3.14159,0,0
0.552,-0,-3.14159,0,0
0.554,-0,-3.14159,0,0
0.556,-0,-3.14159,0,0
0.558,-0,-3.14159,0,0
0.56,-0,-3.14159,0,0
0.562,-0,-3.14159,0,0
0.564,-0,-3.14159,0,0
0.566,-0,-3.14159,0,0
0.568,-0,-3.14159,0,0
0.57,-0,-3.14159,0,0
0.572,-0,-3.14159,0,0
0.574,-0,-3.14159,0,0
0.576,-0,-3.14159,0,0
0.578,-0,-3.14159,0,0
0.58,-0,-3.14159,0,0
0.582,-0,-3.14159,0,0
0.584,-0,-3.14159,0,0
0.586,-0,-3.14159,0,0
0.588,-0,-3.14159,0,0
0.59,-0,-3.14159,0,0
0.592,-0,-3.14159,0,0
0.594,-0,-3.14159,0,0
0.596,-0,-3.14159,0,0
0.598,-0,-3.14159,0,0
0.6,-0,-3.14159,0,0
0.602,-0,-3.14159,0,0
0.604,-0,-3.14159,0,0
0.606,-0,-3.14159,0,0
0.608,-0,-3.14159,0,0
0.61,-0,-3.14159,0,0
0.612,-0,-3.14159,0,0
0.614,-0,-3.14159,0,0
0.616,-0,-3.14159,0,0
0.618,-0,-3.14159,0,0
0.62,-0,-3.14159,0,0
0.622,-0,-3.14159,0,0
0.624,-0,-3.14159,0,0
0.626,-0,-3.14159,0,0
0.628,-0,-3.14159,0,0
0.63,-0,-3.14159,0,0
0.632,-0,-3.14159,0,0
0.634,-0,-3.14159,0,0
0.636,-0,-3.14159,0,0
0.638,-0,-3.14159,0,0
0.64,-0,-3.14159,0,0
0.642,-0,-3.14159,0,0
0.644,-0,-3.14159,0,0
0.646,-0,-3.14159,0,0
0.648,-0,-3.14159,0,0
0.65,-0,-3.14159,0,0
0.652,-0,-3.14159,0,0
0.654,-0,-3.14159,0,0
0.656,-0,-3.14159,0,0
0.658,-0,-3.14159,0,0
0.66,-0,-3.14159,0,0
0.662,-0,-3.14159,0,0
0.664,-0,-3.14159,0,0
0.666,-0,-3.14159,0,0
0.668,-0,-3.14159,0,0
0.67,-0,-3.14159,0,0
0.672,-0,-3.14159,0,0
0.674,-0,-3.14159,0,0
0.676,-0,-3.14159,0,0
0.678,-0,-3.14159,0,0
0.68,-0,-3.14159,0,0
0.682,-0,-3.14159,0,0
0.684,-0,-3.14159,0,0
0.686,-0,-3.14159,0,0
0.688,-0,-3.14159,0,0
0.69,-0,-3.14159,0,0
0.692,-0,-3.14159,0,0
0.694,-0,-3.14159,0,0
0.696,-0,-3.14159,0,0
0.698,-0,-3.14159,0,0
0.7,-0,-3.14159,0,0
0.702,-0,-3.14159,0,0
0.704,-0,-3.14159,0,0
0.706,-0,-3.14159,0,0
0.708,-0,-3.14159,0,0
0.71,-0,-3.14159,0,0
0.712,-0,-3.14159,0,0
0.714,-0,-3.14159,0,0
0.716,-0,-3.14159,0,0
0.718,-0,-3.14159,0,0
0.72,-0,-3.14159,0,0
0.722,-0,-3.14159,0,0
0.724,-0,-3.14159,0,0
0.726,-0,-3.14159,0,0
0.728,-0,-3.14159,0,0
0.73,-0,-3.14159,0,0
0.732,-0,-3.14159,0,0
0.734,-0,-3.14159,0,0
0.736,-0,-3.14159,0,0
0.738,-0,-3.14159,0,0
0.74,-0,-3.14159,0,0
0.742,-0,-3.14159,0,0
0.744,-0,-3.14159,0,0
0.746,-0,-3.14159,0,0
0.748,-0,-3.14159,0,0
0.75,-0,-3.14159,0,0
0.752,-0,-3.14159,0,0
0.754,-0,-3.14159,0,0
0.756,-0,-3.14159,0,0
0.758,-0,-3.14159,0,0
0.76,-0,-3.14159,0,0
0.762,-0,-3.14159,0,0
0.764,-0,-3.14159,0,0
0.766,-0,-3.14159,0,0
0.768,-0,-3.14159,0,0
0.77,-0,-3.14159,0,0
0.772,-0,-3.14159,0,0
0.774,-0,-3.14159,0,0
0.776,-0,-3.14159,0,0
0.778,-0,-3.14159,0,0
0.78,-0,-3.14159,0,0
0.782,-0,-3.14159,0,0
0.784,-0,-3.14159,0,0
0.786,-0,-3.14159,0,0
0.788,-0,-3.14159,0,0
0.79,-0,-3.14159,0,0
0.792,-0,-3.14159,0,0
0.794,-0,-3.14159,0,0
0.796,-0,-3.14159,0,0
0.798,-0,-3.14159,0,0
0.8,-0,-3.14159,0,0
0.802,-0,-3.14159,0,0
0.804,-0,-3.14159,0,0
0.806,-0,-3.14159,0,0
0.808,-0,-3.14159,0,0
0.81,-0,-3.14159,0,0
0.812,-0,-3.14159,0,0
0.814,-0,-3.14159,0,0
0.816,-0,-3.14159,0,0
0.818,-0,-3.14159,0,0
0.82,-0,-3.14159,0,0
0.822,-0,-3.14159,0,0
0.824,-0,-3.14159,0,0
0.826,-0,-3.14159,0,0
0.828,-0,-3.14159,0,0
0.83,-0,-3.14159,0,0
0.832,-0,-3.14159,0,0
0.834,-0,-3.14159,0,0
0.836,-0,-3.14159,0,0
0.838,-0,-3.14159,0,0
0.84,-0,-3.14159,0,0
0.842,-0,-3.14159,0,0
0.844,-0,-3.14159,0,0
0.846,-0,-3.14159,0,0
0.848,-0,-3.14159,0,0
0.85,-0,-3.14159,0,0
0.852,-0,-3.14159,0,0
0.854,-0,-3.14159,0,0
0.856,-0,-3.14159,0,0
0.858,-0,-3.14159,0,0
0.86,-0,-3.14159,0,0
0.862,-0,-3.14159,0,0
0.864,-0,-3.14159,0,0
0.866,-0,-3.14159,0,0
0.868,-0,-3.14159,0,0
0.87,-0,-3.14159,0,0
0.872,-0,-3.14159,0,0
0.874,-0,-3.14159,0,0
0.876,-0,-3.14159,0,0
0.878,-0,-3.14159,0,0
0.88,-0,-3.14159,0,0
0.882,-0,-3.14159,0,0
0.884,-0,-3.14159,0,0
0.886,-0,-3.14159,0,0
0.888,-0,-3.14159,0,0
0.89,-0,-3.14159,0,0
0.892,-0,-3.14159,0,0
0.894,-0,-3.14159,0,0
0.896,-0,-3.14159,0,0
0.898,-0,-3.14159,0,0
0.9,-0,-3.14159,0,0
0.902,-0,-3.14159,0,0
0.904,-0,-3.14159,0,0
0.906,-0,-3.14159,0,0
0.908,-0,-3.14159,0,0
0.91,-0,-3.14159,0,0
0.912,-0,-3.14159,0,0
0.914,-0,-3.14159,0,0
0.916,-0,-3.14159,0,0
0.918,-0,-3.14159,0,0
0.92,-0,-3.14159,0,0
0.922,-0,-3.14159,0,0
0.924,-0,-3.14159,0,0
0.926,-0,-3.14159,0,0
0.928,-0,-3.14159,0,0
0.93,-0,-3.14159,0,0
0.932,-0,-3.14159,0,0
0.934,-0,-3.14159,0,0
0.936,-0,-3.14159,0,0
0.938,-0,-3.14159,0,0
0.94,-0,-3.14159,0,0
0.942,-0,-3.14159,0,0
0.944,-0,-3.14159,0,0
0.946,-0,-3.14159,0,0
0.948,-0,-3.14159,0,0
0.95,-0,-3.14159,0,0
0.952,-0,-3.14159,0,0
0.954,-0,-3.14159,0,0
0.956,-0,-3.14159,0,0
0.958,-0,-3.14159,0,0
0.96,-0,-3.14159,0,0
0.962,-0,-3.14159,0,0
0.964,-0,-3.14159,0,0
0.966,-0,-3.14159,0,0
0.968,-0,-3.14159,0,0
0.97,-0,-3.14159,0,0
0.972,-0,-3.14159,0,0
0.974,-0,-3.14159,0,0
0.976,-0,-3.14159,0,0
0.978,-0,-3.14159,0,0
0.98,-0,-3.14159,0,0
0.982,-0,-3.14159,0,0
0.984,-0,-3.14159,0,0
0.986,-0,-3.14159,0,0
0.988,-0,-3.14159,0,0
0.99,-0,-3.14159,0,0
0.992,-0,-3.14159,0,0
0.994,-0,-3.14159,0,0
0.996,-0,-3.14159,0,0
0.998,-0,-3.14159,0,0
1,-0,-3.14159,0,0
1.002,-0,-3.14159,0,0
1.004,-0,-3.14159,0,0
1.006,-0,-3.14159,0,0
1.008,-0,-3.14159,0,0
1.01,-0,-3.14159,0,0
1.012,-0,-3.14159,0,0
1.014,-0,-3.14159,0,0
1.016,-0,-3.14159,0,0
1.018,-0,-3.14159,0,0
1.02,-0,-3.14159,0,0
1.022,0.00306796,-3.14159,0.153398,0
1.024,0.00306796,-3.14159,0.138058,0
1.026,0.00306796,-3.14159,0.124252,0
1.028,0.00306796,-3.14159,0.111827,0
1.03,0.00306796,-3.14159,0.100644,0
1.032,0.00306796,-3.14159,0.09058,0
1.034,0.00306796,-3.14159,0.081522,0
1.036,0.00306796,-3.14159,0.0733698,0
1.038,0.00306796,-3.14159,0.0660328,0
1.04,0.00306796,-3.14159,0.0594296,0
1.042,0.00306796,-3.14159,0.0534866,0
1.044,0.00306796,-3.14159,0.0481379,0
1.046,0.00306796,-3.14159,0.0433241,0
1.048,0.00306796,-3.14159,0.0389917,0
1.05,0.00306796,-3.14159,0.0350926,0
1.052,0.00306796,-3.14159,0.0315833,0
1.054,0.00306796,-3.14159,0.028425,0
1.056,0.00306796,-3.14159,0.0255825,0
1.058,0.00306796,-3.14159,0.0230242,0
1.06,0.00306796,-3.14159,0.0207218,0
1.062,0.00306796,-3.14159,0.0186496,0
1.064,0.00306796,-3.14159,0.0167847,0
1.066,0.00306796,-3.14159,0.0151062,0
1.068,0.00306796,-3.14159,0.0135956,0
1.07,0.00306796,-3.14159,0.012236,0
1.072,0.00306796,-3.14159,0.0110124,0
1.074,0.00306796,-3.14159,0.00991118,0
1.076,0.00306796,-3.14159,0.00892006,0
1.078,0.00306796,-3.14159,0.00802805,0
1.08,0.00306796,-3.14159,0.00722525,0
1.082,0.00306796,-3.14159,0.00650272,0
1.084,0.00306796,-3.14159,0.00585245,0
1.086,0.00306796,-3.14159,0.00526721,0
1.088,0.00306796,3.13852,0.00474048,-0.153398
1.09,0.00613592,3.13852,0.157665,-0.138058
1.092,0.00613592,3.13852,0.141898,-0.124252
1.094,0.00613592,3.13852,0.127708,-0.111827
1.096,0.00920388,3.13546,0.268336,-0.254043
1.098,0.00920388,3.13239,0.241502,-0.382036
1.1,0.0122718,3.13239,0.37075,-0.343833
1.102,0.0153398,3.12932,0.487073,-0.462848
1.104,0.0184078,3.12318,0.591764,-0.723359
1.106,0.0214757,3.12012,0.685985,-0.804421
1.108,0.0276117,3.11705,0.924183,-0.877377
1.11,0.0306796,3.11091,0.985163,-1.09644
1.112,0.0368155,3.10478,1.19344,-1.29359
1.114,0.0429515,3.09864,1.38089,-1.47103
1.116,0.0490874,3.09557,1.5496,-1.47732
1.118,0.0552233,3.08637,1.70144,-1.78978
1.12,0.0613592,3.08023,1.83809,-1.9176
1.122,0.0674952,3.0741,1.96108,-2.03264
1.124,0.076699,3.06489,2.22516,-2.28957
1.126,0.082835,3.05876,2.30944,-2.36741
1.128,0.0920388,3.04955,2.53869,-2.59086
1.13,0.101243,3.04035,2.74502,-2.79197
1.132,0.110447,3.03115,2.93071,-2.97297
1.134,0.119651,3.02194,3.09783,-3.13586
1.136,0.128854,3.01274,3.24824,-3.28247
1.138,0.138058,3.00353,3.38361,-3.41442
1.14,0.15033,2.99433,3.65885,-3.53317
1.142,0.159534,2.98206,3.75315,-3.79345
1.144,0.168738,2.97285,3.83803,-3.8743
1.146,0.18101,2.96058,4.06782,-4.10046
1.148,0.193282,2.95138,4.27463,-4.15061
1.15,0.202485,2.93911,4.30736,-4.34914
1.152,0.214757,2.92684,4.49022,-4.52782
1.154,0.227029,2.91763,4.65479,-4.53523
1.156,0.239301,2.90536,4.8029,-4.6953
1.158,0.251573,2.89309,4.93621,-4.83936
1.16,0.263845,2.88082,5.05618,-4.96902
1.162,0.276117,2.86854,5.16415,-5.08571
1.164,0.291456,2.85627,5.41473,-5.19073
1.166,0.303728,2.844,5.48685,-5.28525
1.168,0.316,2.8348,5.55175,-5.21692
1.17,0.33134,2.82252,5.76357,-5.30882
1.172,0.343612,2.81025,5.8008,-5.39153
1.174,0.355884,2.79798,5.83432,-5.46597
1.176,0.371223,2.78571,6.01788,-5.53296
1.178,0.383495,2.77344,6.02968,-5.59326
1.18,0.398835,2.76117,6.1937,-5.64753
1.182,0.411107,2.74889,6.18792,-5.69637
1.184,0.426447,2.73662,6.33612,-5.74032
1.186,0.438719,2.72435,6.3161,-5.77988
1.188,0.454058,2.71515,6.45148,-5.66209
1.19,0.46633,2.70287,6.41993,-5.70947
1.192,0.48167,2.6906,6.54492,-5.75212
1.194,0.493942,2.67833,6.50402,-5.7905
1.196,0.509282,2.66913,6.62061,-5.67164
1.198,0.521553,2.65685,6.57214,-5.71807
1.2,0.536893,2.64765,6.68192,-5.60646
1.202,0.549165,2.63538,6.62732,-5.6594
1.204,0.564505,2.62618,6.73158,-5.55366
1.206,0.579845,2.6139,6.82541,-5.61188
1.208,0.592117,2.6047,6.75646,-5.51089
1.21,0.607456,2.5955,6.84781,-5.42
1.212,0.619728,2.58322,6.77662,-5.49159
1.214,0.635068,2.57402,6.86595,-5.40262
1.216,0.64734,2.56482,6.79294,-5.32256
1.218,0.66268,2.55561,6.88064,-5.25049
1.22,0.674952,2.54641,6.80617,-5.18564
1.222,0.690291,2.5372,6.89254,-5.12727
1.224,0.702563,2.528,6.81688,-5.07474
1.226,0.717903,2.5188,6.90218,-5.02746
1.228,0.730175,2.51266,6.82556,-4.83151
1.23,0.745515,2.50346,6.90999,-4.80855
1.232,0.757787,2.49425,6.83258,-4.78789
1.234,0.773126,2.48812,6.91632,-4.6159
1.236,0.785398,2.48198,6.83828,-4.4611
1.238,0.800738,2.47278,6.92144,-4.47519
1.24,0.81301,2.46664,6.84289,-4.33447
1.242,0.82835,2.46051,6.92559,-4.20781
1.244,0.840621,2.45437,6.84662,-4.09383
1.246,0.852893,2.44517,6.77555,-4.14464
1.248,0.868233,2.4421,6.86499,-3.88357
1.25,0.880505,2.43596,6.79208,-3.80201
1.252,0.895845,2.42983,6.87986,-3.72861
1.254,0.908117,2.42369,6.80547,-3.66254
1.256,0.923456,2.41755,6.89191,-3.60309
1.258,0.935728,2.41449,6.81631,-3.39617
1.26,0.948,2.40835,6.74828,-3.36335
1.262,0.96334,2.40528,6.84044,-3.18042
1.264,0.975612,2.39915,6.76999,-3.16917
1.266,0.987884,2.39608,6.70658,-3.00565
1.268,1.00322,2.39301,6.80291,-2.85848
1.27,1.0155,2.38994,6.73621,-2.72603
1.272,1.02777,2.38687,6.67618,-2.60683
1.274,1.04311,2.38381,6.77556,-2.49954
1.276,1.05538,2.38074,6.71159,-2.40299
1.278,1.07072,2.37767,6.80742,-2.31609
1.28,1.08299,2.3746,6.74027,-2.23788
1.282,1.09526,2.3746,6.67984,-2.01409
1.284,1.1106,2.37153,6.77885,-1.96608
1.286,1.12287,2.37153,6.71455,-1.76947
1.288,1.13515,2.36847,6.65669,-1.74592
1.29,1.14742,2.36847,6.60461,-1.57133
1.292,1.16276,2.36847,6.71114,-1.4142
1.294,1.17503,2.36847,6.65362,-1.27278
1.296,1.19037,2.3654,6.75525,-1.2989
1.298,1.20264,2.3654,6.69332,-1.16901
1.3,1.21491,2.3654,6.63758,-1.05211
1.302,1.23025,2.36847,6.74081,-0.793498
1.304,1.24252,2.36847,6.68032,-0.714148
1.306,1.2548,2.36847,6.62588,-0.642733
1.308,1.27014,2.37153,6.73028,-0.425062
1.31,1.28241,2.37153,6.67085,-0.382556
1.312,1.29468,2.3746,6.61736,-0.190902
1.314,1.31002,2.3746,6.72261,-0.171812
1.316,1.32229,2.37767,6.66394,-0.00123256
1.318,1.33456,2.38074,6.61114,0.152289
1.32,1.34684,2.38381,6.56362,0.290458
1.322,1.36217,2.38687,6.67425,0.41481
1.324,1.37138,2.38994,6.46702,0.526727
1.326,1.38365,2.39608,6.43391,0.780851
1.328,1.39592,2.39915,6.40411,0.856164
1.33,1.40819,2.40528,6.37729,1.07734
1.332,1.4174,2.41142,6.19976,1.27641
1.334,1.42967,2.41755,6.19337,1.45556
1.336,1.43887,2.42676,6.03423,1.7702
1.338,1.44808,2.43289,5.891,1.89998
1.34,1.45728,2.4421,5.76209,2.17017
1.342,1.46649,2.4513,5.64608,2.41335
1.344,1.47262,2.46051,5.38827,2.63221
1.346,1.48183,2.47278,5.30964,2.98258
1.348,1.48796,2.48505,5.08547,3.29791
1.35,1.4941,2.49425,4.88372,3.42832
1.352,1.50023,2.50652,4.70214,3.69908
1.354,1.50637,2.52186,4.53872,4.09616
1.356,1.51251,2.5372,4.39165,4.45353
1.358,1.51557,2.54948,4.10588,4.62177
1.36,1.51864,2.56788,3.84869,5.07998
1.362,1.52478,2.58322,3.77062,5.33898
1.364,1.52478,2.59856,3.39356,5.57207
1.366,1.52784,2.61697,3.2076,5.93525
1.368,1.52784,2.63538,2.88684,6.26211
1.37,1.53091,2.65685,2.75155,6.70969
1.372,1.53091,2.67833,2.4764,7.11251
1.374,1.52784,2.69981,2.07536,7.47504
1.376,1.52784,2.72128,1.86782,7.80133
1.378,1.52478,2.74276,1.52764,8.09498
1.38,1.52171,2.7673,1.22148,8.51267
1.382,1.51864,2.79491,0.945935,9.04198
1.384,1.51251,2.81946,0.544545,9.36497
1.386,1.50637,2.84707,0.183294,9.80905
1.388,1.50023,2.87468,-0.141831,10.2087
1.39,1.4941,2.90536,-0.434444,10.7218
1.392,1.48489,2.93297,-0.851194,11.0302
1.394,1.47569,2.96365,-1.22627,11.4612
1.396,1.46649,2.9974,-1.56384,12.0025
1.398,1.45728,3.03115,-1.86765,12.4896
1.4,1.44501,3.06183,-2.29447,12.7746
1.402,1.43274,3.09864,-2.67862,13.3379
1.404,1.42047,3.13239,-3.02435,13.6915
1.406,1.40819,-3.11705,-3.33551,14.0097
1.408,1.39285,-3.08023,-3.76895,14.4495
1.41,1.38058,-3.04342,-4.00564,14.8454
1.412,1.36524,-3.0066,-4.37207,15.2016
1.414,1.35297,-2.97285,-4.54846,15.3688
1.416,1.33763,-2.93604,-4.8606,15.6727
1.418,1.32229,-2.89922,-5.14153,15.9462
1.42,1.31002,-2.86241,-5.24097,16.1924
1.422,1.29468,-2.82866,-5.48386,16.2605
1.424,1.28241,-2.80718,-5.54907,15.7083
1.426,1.27934,-2.81332,-5.14756,13.8306
1.428,1.2732,-2.80718,-4.9396,12.7544
1.43,1.2732,-2.81332,-4.44564,11.1721
1.432,1.28854,-2.81946,-3.23409,9.74812
1.434,1.27627,-2.82866,-3.52427,8.31312
1.436,1.27934,-2.83173,-3.01844,7.32841
1.438,1.28548,-2.8348,-2.4098,6.44217
1.44,1.27934,-2.83786,-2.47562,5.64455
1.442,1.2732,-2.8348,-2.53485,5.2335
1.444,1.26707,-2.83173,-2.58816,4.86354
1.446,1.26093,-2.82866,-2.63614,4.53059
1.448,1.2548,-2.82866,-2.67933,4.07753
1.45,1.25173,-2.82866,-2.56479,3.66978
1.452,1.24866,-2.83173,-2.46171,3.1494
1.454,1.24559,-2.8348,-2.36894,2.68106
1.456,1.24252,-2.83786,-2.28544,2.25956
1.458,1.23946,-2.83786,-2.2103,2.0336
1.46,1.23025,-2.83786,-2.44946,1.83024
1.462,1.22105,-2.8348,-2.66471,1.80062
1.464,1.21184,-2.83173,-2.85843,1.77395
1.466,1.19957,-2.82866,-3.18618,1.74996
1.468,1.19344,-2.82559,-3.17436,1.72836
1.47,1.1873,-2.82559,-3.16372,1.55552
1.472,1.18117,-2.82559,-3.15414,1.39997
1.474,1.17196,-2.82559,-3.29892,1.25997
1.476,1.16583,-2.82559,-3.27583,1.13398
1.478,1.15662,-2.82559,-3.40844,1.02058
1.48,1.14742,-2.82252,-3.52779,1.07192
1.482,1.13821,-2.81946,-3.6352,1.11812
1.484,1.12594,-2.81639,-3.88528,1.15971
1.486,1.11674,-2.81025,-3.95694,1.35054
1.488,1.10447,-2.80718,-4.17484,1.36888
1.49,1.09526,-2.80718,-4.21755,1.23199
1.492,1.08606,-2.80412,-4.25599,1.26219
1.494,1.07379,-2.80105,-4.44398,1.28937
1.496,1.06151,-2.79798,-4.61318,1.31383
1.498,1.05231,-2.79491,-4.61205,1.33585
1.5,1.03697,-2.79185,-4.91784,1.35566
1.502,1.0247,-2.78571,-5.03965,1.52689
1.504,1.01243,-2.78264,-5.14927,1.5276
1.506,0.997088,-2.77651,-5.40134,1.68163
1.508,0.984816,-2.77344,-5.4748,1.66687
1.51,0.972544,-2.77037,-5.54091,1.65358
1.512,0.957204,-2.76423,-5.75381,1.79502
1.514,0.944932,-2.76117,-5.79202,1.76891
1.516,0.929592,-2.75196,-5.97981,2.05222
1.518,0.914253,-2.73969,-6.14882,2.46059
1.52,0.898913,-2.72435,-6.30093,2.98152
1.522,0.886641,-2.71208,-6.28443,3.29696
1.524,0.874369,-2.69981,-6.26958,3.58086
1.526,0.865165,-2.68753,-6.10281,3.83636
1.528,0.859029,-2.67833,-5.79933,3.91292
1.53,0.849825,-2.66606,-5.67959,4.13522
1.532,0.840621,-2.65685,-5.57182,4.18189
1.534,0.831418,-2.64765,-5.47484,4.2239
1.536,0.822214,-2.63845,-5.38755,4.2617
1.538,0.81301,-2.63231,-5.30899,4.14233
1.54,0.809942,-2.63231,-4.93149,3.7281
1.542,0.806874,-2.63231,-4.59174,3.35529
1.544,0.803806,-2.63538,-4.28596,2.86636
1.546,0.803806,-2.63845,-3.85736,2.42633
1.548,0.803806,-2.63845,-3.47163,2.18369
1.55,0.800738,-2.63845,-3.27786,1.96532
1.552,0.800738,-2.63538,-2.95008,1.92219
1.554,0.800738,-2.63538,-2.65507,1.72997
1.556,0.79767,-2.63231,-2.54296,1.71037
1.558,0.79767,-2.63231,-2.28866,1.53933
1.56,0.800738,-2.63538,-1.9064,1.232
1.562,0.803806,-2.63538,-1.56236,1.1088
1.564,0.803806,-2.63845,-1.40613,0.844524
1.566,0.806874,-2.63845,-1.11211,0.760072
1.568,0.806874,-2.63845,-1.0009,0.684065
1.57,0.809942,-2.63845,-0.747415,0.615658
1.572,0.809942,-2.64151,-0.672673,0.400694
1.574,0.809942,-2.64151,-0.605406,0.360625
1.576,0.81301,-2.64151,-0.391467,0.324562
1.578,0.81301,-2.64458,-0.352321,0.138708
1.58,0.81301,-2.64458,-0.317089,0.124837
1.582,0.816078,-2.64458,-0.131982,0.112353
1.584,0.816078,-2.64458,-0.118783,0.101118
1.586,0.816078,-2.64458,-0.106905,0.0910063
1.588,0.816078,-2.64458,-0.0962146,0.0819057
1.59,0.816078,-2.64151,-0.0865931,0.227113
1.592,0.816078,-2.64151,-0.0779338,0.204402
1.594,0.816078,-2.64151,-0.0701404,0.183962
1.596,0.816078,-2.64151,-0.0631264,0.165566
1.598,0.816078,-2.64151,-0.0568138,0.149009
1.6,0.81301,-2.64151,-0.20453,0.134108
1.602,0.81301,-2.64151,-0.184077,0.120697
1.604,0.81301,-2.64151,-0.16567,0.108628
1.606,0.81301,-2.64151,-0.149103,0.0977648
1.608,0.81301,-2.64151,-0.134192,0.0879883
1.61,0.81301,-2.64151,-0.120773,0.0791895
1.612,0.81301,-2.64151,-0.108696,0.0712705
1.614,0.81301,-2.64151,-0.0978263,0.0641435
1.616,0.81301,-2.63845,-0.0880437,0.211127
1.618,0.809942,-2.63845,-0.232637,0.190014
1.62,0.809942,-2.63845,-0.209374,0.171013
1.622,0.809942,-2.63845,-0.188436,0.153912
1.624,0.809942,-2.63845,-0.169593,0.138521
1.626,0.809942,-2.63845,-0.152633,0.124669
1.628,0.809942,-2.63845,-0.13737,0.112202
1.63,0.809942,-2.63538,-0.123633,0.25438
1.632,0.806874,-2.63538,-0.264668,0.228942
1.634,0.806874,-2.63538,-0.238201,0.206047
1.636,0.806874,-2.63538,-0.214381,0.185443
1.638,0.806874,-2.63538,-0.192943,0.166898
1.64,0.806874,-2.63538,-0.173649,0.150209
1.642,0.806874,-2.63538,-0.156284,0.135188
1.644,0.806874,-2.63538,-0.140655,0.121669
1.646,0.806874,-2.63538,-0.12659,0.109502
1.648,0.806874,-2.63538,-0.113931,0.0985519
1.65,0.803806,-2.63538,-0.255936,0.0886967
1.652,0.803806,-2.63231,-0.230342,0.233225
1.654,0.803806,-2.63231,-0.207308,0.209903
1.656,0.803806,-2.63231,-0.186577,0.188912
1.658,0.803806,-2.63231,-0.167919,0.170021
1.66,0.803806,-2.63231,-0.151128,0.153019
1.662,0.803806,-2.63231,-0.136015,0.137717
1.664,0.803806,-2.63231,-0.122413,0.123945
1.666,0.803806,-2.63231,-0.110172,0.111551
1.668,0.803806,-2.63231,-0.0991548,0.100396
1.67,0.803806,-2.63231,-0.0892393,0.0903562
1.672,0.803806,-2.63231,-0.0803154,0.0813206
1.674,0.803806,-2.63231,-0.0722838,0.0731885
1.676,0.803806,-2.63231,-0.0650554,0.0658697
1.678,0.800738,-2.63231,-0.211948,0.0592827
1.68,0.800738,-2.63231,-0.190753,0.0533544
1.682,0.800738,-2.63231,-0.171678,0.048019
1.684,0.800738,-2.63231,-0.15451,0.0432171
1.686,0.800738,-2.63231,-0.139059,0.0388954
1.688,0.800738,-2.63231,-0.125153,0.0350058
1.69,0.79767,-2.63231,-0.266036,0.0315053
1.692,0.79767,-2.63231,-0.239432,0.0283547
1.694,0.79767,-2.63231,-0.215489,0.0255193
1.696,0.79767,-2.63231,-0.19394,0.0229673
1.698,0.794602,-2.63231,-0.327944,0.0206706
1.7,0.794602,-2.63231,-0.29515,0.0186035
1.702,0.794602,-2.63231,-0.265635,0.0167432
1.704,0.794602,-2.63231,-0.239071,0.0150689
1.706,0.794602,-2.63231,-0.215164,0.013562
1.708,0.791534,-2.63231,-0.347046,0.0122058
1.71,0.791534,-2.63231,-0.312341,0.0109852
1.712,0.791534,-2.63231,-0.281107,0.00988668
1.714,0.791534,-2.63231,-0.252996,0.00889801
1.716,0.791534,-2.63538,-0.227697,-0.14539
1.718,0.791534,-2.63538,-0.204927,-0.130851
1.72,0.794602,-2.63538,-0.0310363,-0.117766
1.722,0.794602,-2.63538,-0.0279327,-0.105989
1.724,0.79767,-2.63845,0.128259,-0.248788
1.726,0.79767,-2.64151,0.115433,-0.377308
1.728,0.800738,-2.64151,0.257288,-0.339577
1.73,0.803806,-2.64458,0.384957,-0.459017
1.732,0.803806,-2.64458,0.346461,-0.413116
1.734,0.806874,-2.64765,0.465213,-0.525202
1.736,0.809942,-2.65072,0.57209,-0.62608
1.738,0.81301,-2.65072,0.668279,-0.563472
1.74,0.816078,-2.65379,0.754849,-0.660523
1.742,0.819146,-2.65685,0.832762,-0.747869
1.744,0.825282,-2.65992,1.05628,-0.82648
1.746,0.82835,-2.66299,1.10405,-0.89723
1.748,0.834486,-2.66913,1.30044,-1.1143
1.75,0.837554,-2.67219,1.3238,-1.15627
1.752,0.843689,-2.67526,1.49821,-1.19404
1.754,0.849825,-2.6814,1.65519,-1.38143
1.756,0.855961,-2.68753,1.79647,-1.55009
1.758,0.862097,-2.69367,1.92362,-1.70187
1.76,0.868233,-2.69981,2.03805,-1.83848
1.762,0.877437,-2.70901,2.29444,-2.11483
1.764,0.886641,-2.71821,2.52519,-2.36354
1.766,0.892777,-2.72435,2.57947,-2.43398
1.768,0.901981,-2.73355,2.78171,-2.65078
1.77,0.911185,-2.74276,2.96374,-2.84589
1.772,0.920388,-2.75503,3.12756,-3.1749
1.774,0.929592,-2.76423,3.275,-3.3176
1.776,0.938796,-2.77651,3.40769,-3.59943
1.778,0.951068,-2.78878,3.68051,-3.85308
1.78,0.96334,-2.80105,3.92605,-4.08137
1.782,0.975612,-2.81639,4.14704,-4.44022
1.784,0.987884,-2.82866,4.34593,-4.60979
1.786,1.00016,-2.844,4.52493,-4.9158
1.788,1.01243,-2.85934,4.68603,-5.19121
1.79,1.02777,-2.87468,4.98442,-5.43908
1.792,1.04004,-2.89002,5.09957,-5.66216
1.794,1.05538,-2.90843,5.3566,-6.01634
1.796,1.07072,-2.92377,5.58793,-6.18169
1.798,1.08606,-2.94218,5.79613,-6.48391
1.8,1.1014,-2.96058,5.98351,-6.75591
1.802,1.11981,-2.97899,6.30554,-7.00071
1.804,1.13515,-2.9974,6.44198,-7.22102
1.806,1.15355,-3.01887,6.71817,-7.57271
1.808,1.17196,-3.03728,6.96674,-7.73583
1.81,1.19037,-3.05876,7.19046,-8.03603
1.812,1.20878,-3.08023,7.3918,-8.30621
1.814,1.22718,-3.10171,7.57301,-8.54938
1.816,1.24559,-3.12318,7.7361,-8.76823
1.818,1.26707,3.13852,8.03627,-8.96519
1.82,1.28548,3.11705,8.15303,-9.14246
1.822,1.30388,3.09557,8.25812,-9.302
1.824,1.32536,3.07103,8.50609,-9.59898
1.826,1.34377,3.04955,8.57587,-9.71287
1.828,1.36524,3.02501,8.79207,-9.96877
1.83,1.38365,3.00353,8.83325,-10.0457
1.832,1.40513,2.98206,9.02371,-10.1149
1.834,1.4266,2.95751,9.19513,-10.3306
1.836,1.44501,2.93604,9.196,-10.3713
1.838,1.46649,2.91456,9.35019,-10.408
1.84,1.48489,2.89002,9.33556,-10.5944
1.842,1.50637,2.86854,9.47579,-10.6087
1.844,1.52478,2.84707,9.4486,-10.6216
1.846,1.54318,2.82559,9.42413,-10.6333
1.848,1.56466,2.80412,9.5555,-10.6437
1.85,1.58307,2.78264,9.52034,-10.6531
1.852,1.60148,2.76117,9.4887,-10.6616
1.854,1.61682,2.74276,9.30682,-10.5158
1.856,1.63522,2.73049,9.29652,-10.0778
1.858,1.6475,2.72128,8.98046,-9.53025
1.86,1.65977,2.71515,8.69601,-8.88402
1.862,1.66897,2.70901,8.2866,-8.30241
1.864,1.67511,2.70901,7.76474,-7.47217
1.866,1.68124,2.70901,7.29506,-6.72496
1.868,1.68738,2.70594,6.87235,-6.20586
1.87,1.69351,2.70594,6.49191,-5.58527
1.872,1.69965,2.70594,6.14952,-5.02675
1.874,1.70579,2.70287,5.84136,-4.67747
1.876,1.70885,2.70287,5.41062,-4.20972
1.878,1.71192,2.70287,5.02296,-3.78875
1.88,1.71806,2.70287,4.82746,-3.40987
1.882,1.72113,2.70594,4.49811,-2.91549
1.884,1.72419,2.70901,4.2017,-2.47054
1.886,1.72726,2.70901,3.93493,-2.22349
1.888,1.73033,2.70901,3.69483,-2.00114
1.89,1.7334,2.71208,3.47875,-1.64763
1.892,1.73647,2.71515,3.28427,-1.32947
1.894,1.73953,2.71515,3.10924,-1.19652
1.896,1.74567,2.71821,3.10511,-0.92347
1.898,1.74874,2.72128,2.948,-0.677725
1.9,1.75181,2.72128,2.8066,-0.609952
1.902,1.75487,2.72435,2.67934,-0.395559
1.904,1.75794,2.72742,2.5648,-0.202605
1.906,1.76101,2.73049,2.46172,-0.0289464
1.908,1.76408,2.73355,2.36895,0.127346
1.91,1.76715,2.73662,2.28545,0.26801
1.912,1.77021,2.74276,2.2103,0.548005
1.914,1.77328,2.74583,2.14267,0.646603
1.916,1.77328,2.75196,1.9284,0.888738
1.918,1.77635,2.76117,1.88896,1.26006
1.92,1.77328,2.7673,1.54667,1.44085
1.922,1.77328,2.77651,1.392,1.75696
1.924,1.77328,2.78264,1.2528,1.88806
1.926,1.77328,2.79185,1.12752,2.15945
1.928,1.77021,2.80412,0.86137,2.55709
1.93,1.76715,2.81639,0.621835,2.91498
1.932,1.76408,2.82559,0.406253,3.08367
1.934,1.75794,2.84093,0.0588317,3.5423
1.936,1.75487,2.8532,-0.10045,3.80166
1.938,1.74874,2.86854,-0.397201,4.18848
1.94,1.7426,2.88388,-0.664277,4.53663
1.942,1.73647,2.89922,-0.904645,4.84995
1.944,1.72726,2.91763,-1.27438,5.28535
1.946,1.71806,2.93604,-1.60713,5.6772
1.948,1.70885,2.95445,-1.90661,6.02987
1.95,1.69965,2.97285,-2.17615,6.34727
1.952,1.68738,2.99433,-2.57212,6.78633
1.954,1.67511,3.01581,-2.9285,7.18148
1.956,1.66284,3.03728,-3.24925,7.53712
1.958,1.65056,3.05876,-3.53791,7.8572
1.96,1.63829,3.0833,-3.79771,8.29866
1.962,1.62295,3.10785,-4.18493,8.69598
1.964,1.61068,3.13239,-4.38003,9.05357
1.966,1.59534,-3.12625,-4.70902,9.37539
1.968,1.57693,-3.10171,-5.15851,9.66504
1.97,1.56159,-3.0741,-5.40965,10.0791
1.972,1.54625,-3.04955,-5.63567,10.2984
1.974,1.52784,-3.02194,-5.99249,10.6491
1.976,1.51251,-2.99433,-6.16023,10.9648
1.978,1.4941,-2.96672,-6.4646,11.2489
1.98,1.47569,-2.94218,-6.73853,11.3512
1.982,1.46035,-2.91456,-6.83167,11.5967
1.984,1.44194,-2.88695,-7.06889,11.8176
1.986,1.42353,-2.85934,-7.28239,12.0164
1.988,1.40513,-2.83173,-7.47454,12.1953
1.99,1.38979,-2.81946,-7.49407,11.5894
1.992,1.38058,-2.81639,-7.20486,10.5839
1.994,1.36831,-2.81025,-7.09797,9.83227
1.996,1.36217,-2.81946,-6.69497,8.38885
1.998,1.35604,-2.82559,-6.33227,7.24317
2,1.35297,-2.83173,-5.85244,6.21206
2.002,1.35297,-2.83786,-5.26719,5.28405
2.004,1.3499,-2.84707,-4.89387,4.29545
2.006,1.3407,-2.85014,-4.86468,3.71251
2.008,1.32843,-2.85014,-4.9918,3.34126
2.01,1.32229,-2.8532,-4.79942,2.85374
2.012,1.31309,-2.8532,-4.77967,2.56836
2.014,1.30082,-2.85014,-4.9153,2.46492
2.016,1.29468,-2.85627,-4.73056,1.91164
2.018,1.28854,-2.85934,-4.5643,1.56707
2.02,1.27934,-2.86241,-4.56807,1.25697
2.022,1.2732,-2.86548,-4.41806,0.977874
2.024,1.264,-2.86854,-4.43645,0.726688
2.026,1.25173,-2.87161,-4.60639,0.500621
2.028,1.24252,-2.87161,-4.60595,0.450559
2.03,1.23025,-2.86854,-4.75895,0.558901
2.032,1.21491,-2.86854,-5.05004,0.503011
2.034,1.20264,-2.86854,-5.15863,0.45271
2.036,1.19037,-2.86854,-5.25636,0.407439
2.038,1.1781,-2.86854,-5.34432,0.366695
2.04,1.16889,-2.86854,-5.27008,0.330026
2.042,1.15662,-2.86854,-5.35666,0.297023
2.044,1.14435,-2.87161,-5.43459,0.113923
2.046,1.12901,-2.86854,-5.65812,0.255928
2.048,1.11674,-2.86854,-5.7059,0.230336
2.05,1.1014,-2.86548,-5.9023,0.3607
2.052,1.08606,-2.86241,-6.07906,0.478028
2.054,1.07072,-2.86241,-6.23815,0.430225
2.056,1.05538,-2.85934,-6.38132,0.540601
2.058,1.04004,-2.85627,-6.51018,0.639939
2.06,1.0247,-2.85627,-6.62615,0.575945
2.062,1.01243,-2.85627,-6.57713,0.518351
2.064,0.99402,-2.8532,-6.8398,0.619914
2.066,0.97868,-2.85014,-6.92281,0.71132
2.068,0.960272,-2.844,-7.15092,0.946984
2.07,0.941864,-2.84093,-7.35622,1.00568
2.072,0.926524,-2.8348,-7.38759,1.21191
2.074,0.908117,-2.83173,-7.56922,1.24412
2.076,0.889709,-2.82866,-7.73268,1.2731
2.078,0.871301,-2.82252,-7.8798,1.45259
2.08,0.852893,-2.81946,-8.01221,1.46073
2.082,0.834486,-2.81639,-8.13138,1.46805
2.084,0.81301,-2.81025,-8.39203,1.62805
2.086,0.794602,-2.80412,-8.47321,1.77204
2.088,0.773126,-2.79798,-8.69968,1.90163
2.09,0.751651,-2.79185,-8.9035,2.01826
2.092,0.733243,-2.78571,-8.93354,2.12323
2.094,0.711767,-2.77957,-9.11397,2.21771
2.096,0.693359,-2.77344,-9.12296,2.30273
2.098,0.671884,-2.7673,-9.28445,2.37925
2.1,0.650408,-2.76117,-9.42979,2.44812
2.102,0.628932,-2.75503,-9.5606,2.51011
2.104,0.607456,-2.74583,-9.67833,2.71929
2.106,0.585981,-2.73969,-9.78428,2.75416
2.108,0.564505,-2.73049,-9.87964,2.93894
2.11,0.543029,-2.72435,-9.96546,2.95184
2.112,0.521553,-2.71821,-10.0427,2.96345
2.114,0.500078,-2.70901,-10.1122,3.1273
2.116,0.478602,-2.70287,-10.1748,3.12137
2.118,0.454058,-2.69674,-10.3845,3.11603
2.12,0.432583,-2.68753,-10.4198,3.26462
2.122,0.411107,-2.67833,-10.4516,3.39835
2.124,0.386563,-2.66913,-10.6337,3.51871
2.126,0.362019,-2.65992,-10.7975,3.62703
2.128,0.340544,-2.65379,-10.7915,3.57113
2.13,0.319068,-2.64458,-10.7861,3.67421
2.132,0.294524,-2.63538,-10.9347,3.76698
2.134,0.273049,-2.62924,-10.915,3.69708
2.136,0.248505,-2.62004,-11.0507,3.78757
2.138,0.223961,-2.61084,-11.1728,3.869
2.14,0.199418,-2.60163,-11.2827,3.9423
2.142,0.174874,-2.59243,-11.3816,4.00826
2.144,0.153398,-2.58322,-11.3173,4.06763
2.146,0.128854,-2.57402,-11.4127,4.12106
2.148,0.104311,-2.56482,-11.4986,4.16915
2.15,0.079767,-2.55561,-11.576,4.21243
2.152,0.0552233,-2.54641,-11.6455,4.25138
2.154,0.0306796,-2.5372,-11.7082,4.28644
2.156,0.00613592,-2.528,-11.7645,4.31799
2.158,-0.0184078,-2.5188,-11.8153,4.34638
2.16,-0.0398835,-2.50959,-11.7075,4.37194
2.162,-0.0644272,-2.50039,-11.764,4.39494
2.164,-0.0889709,-2.49118,-11.8148,4.41564
2.166,-0.113515,-2.48198,-11.8605,4.43427
2.168,-0.138058,-2.47278,-11.9016,4.45104
2.17,-0.162602,-2.46051,-11.9386,4.61953
2.172,-0.187146,-2.4513,-11.9719,4.61777
2.174,-0.211689,-2.4421,-12.0019,4.61618
2.176,-0.236233,-2.43289,-12.0289,4.61476
2.178,-0.260777,-2.42369,-12.0532,4.61348
2.18,-0.282252,-2.41449,-11.9217,4.61232
2.182,-0.306796,-2.40528,-11.9567,4.61129
2.184,-0.33134,-2.39608,-11.9882,4.61035
2.186,-0.355884,-2.38687,-12.0166,4.60951
2.188,-0.380427,-2.37767,-12.0421,4.60875
2.19,-0.404971,-2.36847,-12.0651,4.60807
2.192,-0.429515,-2.35926,-12.0858,4.60746
2.194,-0.454058,-2.35006,-12.1044,4.60691
2.196,-0.478602,-2.34085,-12.1211,4.60641
2.198,-0.500078,-2.33165,-11.9828,4.60596
2.2,-0.524621,-2.32245,-12.0117,4.60556
2.202,-0.549165,-2.31631,-12.0377,4.4518
2.204,-0.573709,-2.30711,-12.0611,4.46682
2.206,-0.598253,-2.2979,-12.0822,4.48033
2.208,-0.622796,-2.2887,-12.1012,4.49249
2.21,-0.64734,-2.2795,-12.1182,4.50344
2.212,-0.671884,-2.27336,-12.1336,4.35989
2.214,-0.693359,-2.26416,-11.994,4.38409
2.216,-0.717903,-2.25495,-12.0218,4.40588
2.218,-0.742447,-2.24882,-12.0468,4.27209
2.22,-0.76699,-2.23961,-12.0693,4.30507
2.222,-0.791534,-2.23348,-12.0896,4.18136
2.224,-0.816078,-2.22427,-12.1078,4.22342
2.226,-0.837554,-2.21814,-11.9708,4.10787
2.228,-0.862097,-2.20893,-12.0009,4.15728
2.23,-0.886641,-2.2028,-12.028,4.04835
2.232,-0.911185,-2.19359,-12.0524,4.10371
2.234,-0.93266,-2.18746,-11.9209,4.00013
2.236,-0.957204,-2.18132,-11.956,3.90692
2.238,-0.981748,-2.17518,-11.9876,3.82302
2.24,-1.00629,-2.16905,-12.016,3.74751
2.242,-1.02777,-2.16291,-11.8882,3.67956
2.244,-1.05231,-2.15678,-11.9266,3.6184
2.246,-1.07685,-2.15064,-11.9611,3.56336
2.248,-1.09833,-2.14451,-11.8388,3.51382
2.25,-1.12287,-2.13837,-11.8821,3.46923
2.252,-1.14742,-2.13223,-11.9211,3.4291
2.254,-1.17196,-2.1261,-11.9561,3.39299
2.256,-1.19344,-2.11996,-11.8343,3.36049
2.258,-1.21798,-2.11689,-11.8781,3.17784
2.26,-1.23946,-2.11076,-11.764,3.16685
2.262,-1.264,-2.10769,-11.8148,3.00356
2.264,-1.28854,-2.10155,-11.8605,3.01
2.266,-1.31002,-2.09849,-11.7483,2.8624
2.268,-1.33456,-2.09542,-11.8006,2.72956
2.27,-1.35911,-2.08928,-11.8477,2.7634
2.272,-1.38058,-2.08621,-11.7368,2.64046
2.274,-1.40513,-2.08315,-11.7903,2.52981
2.276,-1.42967,-2.08008,-11.8384,2.43023
2.278,-1.45115,-2.07701,-11.7284,2.3406
2.28,-1.47569,-2.07394,-11.7827,2.25994
2.282,-1.49717,-2.07087,-11.6782,2.18734
2.284,-1.52171,-2.06781,-11.7376,2.12201
2.286,-1.54625,-2.06474,-11.791,2.0632
2.288,-1.56773,-2.06474,-11.6857,1.85688
2.29,-1.59227,-2.06167,-11.7443,1.82459
2.292,-1.61682,-2.0586,-11.7971,1.79553
2.294,-1.63829,-2.0586,-11.6911,1.61598
2.296,-1.66284,-2.0586,-11.7492,1.45438
2.298,-1.68738,-2.05553,-11.8015,1.46234
2.3,-1.70885,-2.05553,-11.6951,1.31611
2.302,-1.7334,-2.05553,-11.7528,1.1845
2.304,-1.75487,-2.05247,-11.6513,1.21944
2.306,-1.77942,-2.05247,-11.7134,1.0975
2.308,-1.80089,-2.05247,-11.6158,0.98775
2.31,-1.82544,-2.05247,-11.6814,0.888975
2.312,-1.84998,-2.05247,-11.7405,0.800078
2.314,-1.87146,-2.05553,-11.6402,0.566672
2.316,-1.896,-2.05553,-11.7034,0.510005
2.318,-1.92054,-2.05553,-11.7602,0.459004
2.32,-1.94202,-2.0586,-11.658,0.259706
2.322,-1.96656,-2.0586,-11.7194,0.233735
2.324,-1.99111,-2.0586,-11.7746,0.210362
2.326,-2.01258,-2.06167,-11.6709,0.0359274
2.328,-2.03713,-2.06474,-11.731,-0.121063
2.33,-2.0586,-2.06474,-11.6317,-0.108957
2.332,-2.08315,-2.07087,-11.6957,-0.404858
2.334,-2.10462,-2.07087,-11.5999,-0.364372
2.336,-2.1261,-2.07701,-11.5137,-0.634731
2.338,-2.15064,-2.08008,-11.5895,-0.724656
2.34,-2.17212,-2.08315,-11.5044,-0.805588
2.342,-2.19359,-2.08621,-11.4277,-0.878428
2.344,-2.21507,-2.09235,-11.3587,-1.09738
2.346,-2.23654,-2.09542,-11.2967,-1.14104
2.348,-2.25802,-2.10155,-11.2408,-1.33373
2.35,-2.2795,-2.10769,-11.1905,-1.50716
2.352,-2.2979,-2.11383,-10.9918,-1.66324
2.354,-2.31938,-2.11996,-10.9664,-1.80371
2.356,-2.33779,-2.12917,-10.7902,-2.08353
2.358,-2.34699,-2.14451,-10.1713,-2.64217
2.36,-2.35006,-2.17518,-9.30761,-3.91193
2.362,-2.34085,-2.20586,-7.91666,-5.05472
2.364,-2.33165,-2.20893,-6.6648,-4.70265
2.366,-2.31938,-2.21507,-5.38472,-4.53918
2.368,-2.31018,-2.24882,-4.38606,-5.77264
2.37,-2.29484,-2.27336,-3.18046,-6.42256
2.372,-2.28563,-2.29177,-2.40222,-6.70069
2.374,-2.26722,-2.32245,-1.24161,-7.5646
2.376,-2.25802,-2.35619,-0.657256,-8.49552
2.378,-2.23961,-2.38381,0.328858,-9.02655
2.38,-2.23041,-2.40835,0.756167,-9.35108
2.382,-2.21814,-2.43903,1.29414,-9.94995
2.384,-2.2028,-2.47278,1.93172,-10.6423
2.386,-2.18746,-2.50039,2.50554,-10.9587
2.388,-2.17518,-2.54027,2.86858,-11.857
2.39,-2.15678,-2.57709,3.50211,-12.5121
2.392,-2.1353,-2.61084,4.22568,-12.9482
2.394,-2.11689,-2.64458,4.7235,-13.3408
2.396,-2.09542,-2.68447,5.32494,-14.0009
2.398,-2.07087,-2.72128,6.01963,-14.4416
2.4,-2.05247,-2.7581,6.33806,-14.8382
2.402,-2.02792,-2.80105,6.93143,-15.502
2.404,-2.00338,-2.844,7.46548,-16.0993
2.406,-1.97577,-2.88695,8.09951,-16.637
2.408,-1.94509,-2.93297,8.82354,-17.2742
2.41,-1.91748,-2.97899,9.32177,-17.8478
2.412,-1.8868,-3.02501,9.92357,-18.364
2.414,-1.85612,-3.0741,10.4652,-18.982
2.416,-1.82237,-3.12012,11.1061,-19.3847
2.418,-1.79169,3.11398,11.5294,-19.9006
2.42,-1.76101,3.06489,11.9105,-20.3649
2.422,-1.72726,3.01581,12.4068,-20.7828
2.424,-1.69351,2.96979,12.8535,-21.0055
2.426,-1.66284,2.9207,13.1021,-21.3593
2.428,-1.63216,2.87468,13.3259,-21.5244
2.43,-1.60148,2.82866,13.5273,-21.6729
2.432,-1.57386,2.77957,13.5551,-21.96
2.434,-1.54318,2.73355,13.7336,-22.0649
2.436,-1.51557,2.6906,13.7408,-22.006
2.438,-1.48796,2.64458,13.7473,-22.1064
2.44,-1.46342,2.60163,13.5998,-22.0433
2.442,-1.43887,2.55868,13.467,-21.9866
2.444,-1.41433,2.5188,13.3475,-21.7821
2.446,-1.39285,2.47891,13.0865,-21.5981
2.448,-1.37138,2.43903,12.8516,-21.4324
2.45,-1.3499,2.39915,12.6403,-21.2834
2.452,-1.32843,2.35926,12.45,-21.1492
2.454,-1.30695,2.32245,12.2788,-20.8751
2.456,-1.28854,2.28563,11.9713,-20.6283
2.458,-1.27014,2.24882,11.6946,-20.4063
2.46,-1.2548,2.21507,11.2921,-20.053
2.462,-1.23639,2.17825,11.0833,-19.8885
2.464,-1.22105,2.14451,10.7419,-19.587
2.466,-1.20571,2.11076,10.4347,-19.3157
2.468,-1.19037,2.07701,10.1583,-19.0715
2.47,-1.17503,2.04633,9.90942,-18.6983
2.472,-1.15969,2.01258,9.68547,-18.5159
2.474,-1.14742,1.9819,9.33052,-18.1983
2.476,-1.13208,1.95122,9.16446,-17.9124
2.478,-1.11981,1.92054,8.8616,-17.6552
2.48,-1.10753,1.88986,8.58904,-17.4236
2.482,-1.09526,1.86225,8.34372,-17.0619
2.484,-1.08299,1.83157,8.12294,-16.8896
2.486,-1.07072,1.80396,7.92424,-16.5813
2.488,-1.05845,1.77635,7.74541,-16.3037
2.49,-1.04617,1.74874,7.58446,-16.0539
2.492,-1.03697,1.72419,7.28621,-15.6757
2.494,-1.0247,1.69658,7.17118,-15.4887
2.496,-1.0155,1.67204,6.91426,-15.167
2.498,-1.00322,1.6475,6.83642,-14.8775
2.5,-0.99402,1.62295,6.61298,-14.617
2.502,-0.984816,1.59841,6.41187,-14.3824
2.504,-0.975612,1.57386,6.23088,-14.1714
2.506,-0.96334,1.54932,6.22138,-13.9814
2.508,-0.954136,1.52784,6.05944,-13.6571
2.51,-0.944932,1.50637,5.91369,-13.3652
2.512,-0.935728,1.48489,5.78251,-13.1024
2.514,-0.926524,1.46342,5.66446,-12.866
2.516,-0.917321,1.44194,5.55821,-12.6532
2.518,-0.911185,1.42353,5.30918,-12.3082
2.52,-0.901981,1.40206,5.23846,-12.1512
2.522,-0.892777,1.38365,5.17481,-11.8565
2.524,-0.883573,1.36524,5.11752,-11.5912
2.526,-0.877437,1.34684,4.91256,-11.3525
2.528,-0.868233,1.32843,4.8815,-11.1376
2.53,-0.859029,1.31002,4.85355,-10.9442
2.532,-0.852893,1.29468,4.67499,-10.6168
2.534,-0.843689,1.27627,4.66768,-10.4755
2.536,-0.837554,1.26093,4.50771,-10.195
2.538,-0.82835,1.24559,4.51713,-9.94245
2.54,-0.822214,1.23025,4.37222,-9.7152
2.542,-0.81301,1.21491,4.39519,-9.51067
2.544,-0.806874,1.20264,4.26247,-9.17319
2.546,-0.79767,1.1873,4.29641,-9.02286
2.548,-0.791534,1.17503,4.17357,-8.73417
2.55,-0.78233,1.16276,4.21641,-8.47434
2.552,-0.776194,1.15049,4.10156,-8.2405
2.554,-0.76699,1.13821,4.1516,-8.03004
2.556,-0.760854,1.12594,4.04324,-7.84063
2.558,-0.754719,1.11367,3.94571,-7.67016
2.56,-0.745515,1.10447,4.01133,-7.36334
2.562,-0.739379,1.09526,3.91699,-7.0872
2.564,-0.730175,1.08299,3.98549,-6.99207
2.566,-0.724039,1.07379,3.89374,-6.75306
2.568,-0.717903,1.06765,3.81116,-6.38455
2.57,-0.708699,1.05845,3.89024,-6.20629
2.572,-0.702563,1.04924,3.80801,-6.04585
2.574,-0.693359,1.04311,3.8874,-5.74806
2.576,-0.687223,1.03697,3.80546,-5.48005
2.578,-0.681087,1.02777,3.73171,-5.39224
2.58,-0.671884,1.02163,3.81873,-5.15982
2.582,-0.66268,1.01856,3.89705,-4.79723
2.584,-0.656544,1.01243,3.81414,-4.6243
2.586,-0.64734,1.00629,3.89292,-4.46867
2.588,-0.641204,1.00322,3.81043,-4.1752
2.59,-0.632,1.00016,3.88958,-3.91108
2.592,-0.625864,0.997088,3.80742,-3.67337
2.594,-0.61666,0.99402,3.88687,-3.45943
2.596,-0.607456,0.990952,3.95838,-3.26689
2.598,-0.60132,0.987884,3.86934,-3.0936
2.6,-0.592117,0.987884,3.9426,-2.78424
2.602,-0.585981,0.987884,3.85513,-2.50581
2.604,-0.576777,0.987884,3.92981,-2.25523
2.606,-0.567573,0.984816,3.99703,-2.18311
2.608,-0.558369,0.987884,4.05752,-1.8114
2.61,-0.552233,0.987884,3.95856,-1.63026
2.612,-0.543029,0.987884,4.0229,-1.46723
2.614,-0.533825,0.990952,4.0808,-1.16711
2.616,-0.524621,0.99402,4.13292,-0.897001
2.618,-0.518486,0.997088,4.02642,-0.653903
2.62,-0.509282,1.00016,4.08397,-0.435115
2.622,-0.500078,1.00322,4.13577,-0.238205
2.624,-0.490874,1.00629,4.18239,-0.0609866
2.626,-0.484738,1.01243,4.07095,0.251908
2.628,-0.475534,1.0155,4.12405,0.380115
2.63,-0.46633,1.02163,4.17184,0.6489
2.632,-0.457126,1.02777,4.21485,0.890806
2.634,-0.447922,1.0339,4.25356,1.10852
2.636,-0.438719,1.04004,4.28839,1.30447
2.638,-0.429515,1.04617,4.31975,1.48082
2.64,-0.420311,1.05538,4.34797,1.79293
2.642,-0.411107,1.06151,4.37337,1.92043
2.644,-0.401903,1.07072,4.39622,2.18858
2.646,-0.392699,1.08299,4.4168,2.58332
2.648,-0.383495,1.09219,4.43531,2.78518
2.65,-0.374291,1.1014,4.45197,2.96686
2.652,-0.365087,1.1106,4.46697,3.13036
2.654,-0.355884,1.12287,4.48047,3.43092
2.656,-0.34668,1.13515,4.49261,3.70142
2.658,-0.337476,1.14742,4.50355,3.94487
2.66,-0.328272,1.15969,4.51339,4.16398
2.662,-0.319068,1.17196,4.52224,4.36117
2.664,-0.309864,1.1873,4.53021,4.69204
2.666,-0.30066,1.20264,4.53739,4.98983
2.668,-0.288388,1.21491,4.69724,5.10444
2.67,-0.279185,1.23025,4.68771,5.36099
2.672,-0.269981,1.24559,4.67913,5.59188
2.674,-0.260777,1.264,4.67141,5.95308
2.676,-0.251573,1.27934,4.66447,6.12476
2.678,-0.242369,1.29775,4.65821,6.43267
2.68,-0.233165,1.31309,4.65259,6.5564
2.682,-0.223961,1.3315,4.64752,6.82115
2.684,-0.214757,1.3499,4.64296,7.05942
2.686,-0.205553,1.36831,4.63886,7.27387
2.688,-0.19635,1.38979,4.63517,7.62027
2.69,-0.187146,1.40819,4.63185,7.77863
2.692,-0.177942,1.42967,4.62886,8.07455
2.694,-0.168738,1.45115,4.62617,8.34088
2.696,-0.159534,1.47262,4.62374,8.58058
2.698,-0.153398,1.4941,4.46817,8.79631
2.7,-0.144194,1.51557,4.48154,8.99047
2.702,-0.13499,1.53705,4.49358,9.16521
2.704,-0.125786,1.56159,4.50442,9.47587
2.706,-0.119651,1.58614,4.36077,9.75547
2.708,-0.110447,1.61068,4.38489,10.0071
2.71,-0.107379,1.62602,4.0998,9.77338
2.712,-0.104311,1.63522,3.84322,9.25624
2.714,-0.107379,1.6475,3.3055,8.94421
2.716,-0.107379,1.6567,2.97495,8.50998
2.718,-0.110447,1.66897,2.52405,8.27258
2.72,-0.116583,1.67817,1.96485,7.90551
2.722,-0.122718,1.68431,1.46157,7.42176
2.724,-0.128854,1.69045,1.00862,6.98638
2.726,-0.131922,1.69658,0.754358,6.59454
2.728,-0.138058,1.70272,0.372126,6.24188
2.73,-0.144194,1.70579,0.0281177,5.77109
2.732,-0.15033,1.70885,-0.28149,5.34738
2.734,-0.156466,1.70885,-0.560137,4.81264
2.736,-0.16567,1.70885,-0.964318,4.33138
2.738,-0.171806,1.70885,-1.17468,3.89824
2.74,-0.177942,1.70885,-1.36401,3.50841
2.742,-0.184078,1.70885,-1.53441,3.15757
2.744,-0.193282,1.70579,-1.84116,2.68842
2.746,-0.199418,1.70579,-1.96384,2.41958
2.748,-0.208621,1.70272,-2.22765,2.02422
2.75,-0.214757,1.70272,-2.31168,1.8218
2.752,-0.223961,1.70272,-2.54071,1.63962
2.754,-0.230097,1.70272,-2.59343,1.47566
2.756,-0.239301,1.70272,-2.79428,1.32809
2.758,-0.248505,1.70272,-2.97505,1.19528
2.76,-0.254641,1.70272,-2.98434,1.07575
2.762,-0.263845,1.70272,-3.1461,0.968178
2.764,-0.273049,1.70272,-3.29168,0.871361
2.766,-0.279185,1.70579,-3.26931,0.937623
2.768,-0.288388,1.70579,-3.40258,0.84386
2.77,-0.297592,1.70579,-3.52251,0.759474
2.772,-0.306796,1.70885,-3.63046,0.836925
2.774,-0.312932,1.71192,-3.57421,0.906631
2.776,-0.322136,1.71192,-3.67698,0.815967
2.778,-0.33134,1.71499,-3.76948,0.887769
2.78,-0.340544,1.71806,-3.85272,0.95239
2.782,-0.349748,1.71806,-3.92764,0.857151
2.784,-0.355884,1.72113,-3.84168,0.924834
2.786,-0.365087,1.72113,-3.9177,0.832351
2.788,-0.374291,1.72419,-3.98613,0.902514
2.79,-0.383495,1.72419,-4.04771,0.812262
2.792,-0.389631,1.72419,-3.94973,0.731036
2.794,-0.398835,1.72113,-4.01495,0.504534
2.796,-0.401903,1.72113,-3.76686,0.454081
2.798,-0.408039,1.71806,-3.69697,0.255275
2.8,-0.414175,1.71499,-3.63407,0.0763492
2.802,-0.417243,1.71192,-3.42406,-0.0846838
2.804,-0.420311,1.70579,-3.23505,-0.383012
2.806,-0.426447,1.69965,-3.21834,-0.651507
2.808,-0.426447,1.69351,-2.89651,-0.893152
2.81,-0.429515,1.68738,-2.76025,-1.11063
2.812,-0.432583,1.67817,-2.63763,-1.45976
2.814,-0.432583,1.66897,-2.37386,-1.77398
2.816,-0.432583,1.65977,-2.13648,-2.05678
2.818,-0.432583,1.6475,-1.92283,-2.46469
2.82,-0.432583,1.63522,-1.73055,-2.83182
2.822,-0.432583,1.62295,-1.55749,-3.16223
2.824,-0.429515,1.61068,-1.24835,-3.4596
2.826,-0.426447,1.59841,-0.970113,-3.72723
2.828,-0.426447,1.58307,-0.873101,-4.1215
2.83,-0.423379,1.56773,-0.632393,-4.47634
2.832,-0.423379,1.55239,-0.569154,-4.79569
2.834,-0.420311,1.53705,-0.35884,-5.08311
2.836,-0.420311,1.52171,-0.322956,-5.34179
2.838,-0.417243,1.5033,-0.137263,-5.728
2.84,-0.417243,1.48489,-0.123536,-6.07559
2.842,-0.414175,1.46649,0.0422153,-6.38842
2.844,-0.414175,1.44808,0.0379938,-6.66997
2.846,-0.414175,1.4266,0.0341944,-7.07676
2.848,-0.414175,1.40819,0.030775,-7.28947
2.85,-0.411107,1.38672,0.181096,-7.63431
2.852,-0.411107,1.36524,0.162986,-7.94466
2.854,-0.411107,1.34377,0.146687,-8.22398
2.856,-0.411107,1.31922,0.132019,-8.62877
2.858,-0.411107,1.29775,0.118817,-8.83968
2.86,-0.411107,1.2732,0.106935,-9.1829
2.862,-0.408039,1.25173,0.24964,-9.33839
2.864,-0.408039,1.22718,0.224676,-9.63174
2.866,-0.408039,1.20264,0.202208,-9.89575
2.868,-0.408039,1.1781,0.181987,-10.1334
2.87,-0.404971,1.15355,0.317187,-10.3472
2.872,-0.404971,1.12594,0.285468,-10.6931
2.874,-0.404971,1.1014,0.256921,-10.8509
2.876,-0.404971,1.07379,0.231229,-11.1464
2.878,-0.401903,1.04924,0.361504,-11.259
2.88,-0.401903,1.02163,0.325354,-11.5137
2.882,-0.401903,0.99402,0.292818,-11.7429
2.884,-0.401903,0.969476,0.263537,-11.7958
2.886,-0.401903,0.941864,0.237183,-11.9968
2.888,-0.401903,0.914253,0.213465,-12.1777
2.89,-0.401903,0.886641,0.192118,-12.3405
2.892,-0.401903,0.862097,0.172906,-12.3336
2.894,-0.401903,0.834486,0.155616,-12.4809
2.896,-0.401903,0.806874,0.140054,-12.6134
2.898,-0.401903,0.779262,0.126049,-12.7326
2.9,-0.401903,0.751651,0.113444,-12.8399
2.902,-0.404971,0.724039,-0.0512986,-12.9365
2.904,-0.404971,0.693359,-0.0461687,-13.1768
2.906,-0.408039,0.665748,-0.19495,-13.2397
2.908,-0.408039,0.638136,-0.175455,-13.2963
2.91,-0.411107,0.607456,-0.311308,-13.5007
2.912,-0.414175,0.579845,-0.433575,-13.5312
2.914,-0.414175,0.549165,-0.390217,-13.7121
2.916,-0.420311,0.518486,-0.657992,-13.8748
2.918,-0.423379,0.487806,-0.745591,-14.0213
2.92,-0.426447,0.457126,-0.82443,-14.1532
2.922,-0.429515,0.426447,-0.895385,-14.2718
2.924,-0.435651,0.392699,-1.11264,-14.532
2.926,-0.438719,0.362019,-1.15478,-14.6128
2.928,-0.444854,0.328272,-1.34609,-14.8389
2.93,-0.45099,0.294524,-1.51828,-15.0424
2.932,-0.457126,0.260777,-1.67325,-15.2255
2.934,-0.460194,0.227029,-1.65932,-15.3904
2.936,-0.463262,0.19635,-1.64679,-15.3853
2.938,-0.469398,0.16567,-1.78891,-15.3808
2.94,-0.46633,0.138058,-1.45662,-15.2233
2.942,-0.447922,0.110447,-0.390567,-15.0815
2.944,-0.420311,0.079767,1.02907,-15.1074
2.946,-0.401903,0.0613592,1.84655,-14.517
2.948,-0.392699,0.0398835,2.12209,-14.1391
2.95,-0.386563,0.0184078,2.21668,-13.799
2.952,-0.377359,0,2.45521,-13.3395
2.954,-0.368155,-0.0153398,2.66988,-12.7725
2.956,-0.355884,-0.0337476,3.01648,-12.4156
2.958,-0.343612,-0.0490874,3.32843,-11.9411
2.96,-0.334408,-0.0613592,3.45578,-11.3606
2.962,-0.319068,-0.076699,3.87719,-10.9915
2.964,-0.303728,-0.0889709,4.25646,-10.5059
2.966,-0.288388,-0.0981748,4.59781,-9.91553
2.968,-0.273049,-0.110447,4.90502,-9.53757
2.97,-0.257709,-0.119651,5.18151,-9.04401
2.972,-0.245437,-0.125786,5.27695,-8.4464
2.974,-0.233165,-0.13499,5.36284,-8.06196
2.976,-0.220893,-0.141126,5.44015,-7.56256
2.978,-0.211689,-0.144194,5.35633,-6.9597
2.98,-0.202485,-0.15033,5.28089,-6.57053
2.982,-0.190214,-0.153398,5.3664,-6.06687
2.984,-0.177942,-0.156466,5.44335,-5.61358
2.986,-0.168738,-0.159534,5.35921,-5.20562
2.988,-0.159534,-0.162602,5.28348,-4.83846
2.99,-0.153398,-0.162602,5.06193,-4.35461
2.992,-0.144194,-0.16567,5.01593,-4.07255
2.994,-0.138058,-0.16567,4.82113,-3.66529
2.996,-0.131922,-0.168738,4.64582,-3.45216
2.998,-0.128854,-0.168738,4.33463,-3.10695
3,-0.125786,-0.168738,4.05457,-2.79625
3.002,-0.119651,-0.171806,3.95591,-2.67003
3.004,-0.116583,-0.171806,3.71371,-2.40302
3.006,-0.113515,-0.171806,3.49574,-2.16272
3.008,-0.110447,-0.174874,3.29957,-2.09985
3.01,-0.110447,-0.174874,2.96961,-1.88986
3.012,-0.113515,-0.177942,2.51925,-1.85427
3.014,-0.110447,-0.18101,2.42072,-1.82224
3.016,-0.110447,-0.184078,2.17865,-1.79342
3.018,-0.110447,-0.187146,1.96079,-1.76747
3.02,-0.110447,-0.193282,1.76471,-1.89752
3.022,-0.110447,-0.19635,1.58824,-1.86117
3.024,-0.107379,-0.202485,1.58281,-1.98185
3.026,-0.107379,-0.205553,1.42453,-1.93706
3.028,-0.107379,-0.211689,1.28208,-2.05015
3.03,-0.107379,-0.217825,1.15387,-2.15193
3.032,-0.104311,-0.223961,1.19188,-2.24354
3.034,-0.104311,-0.230097,1.07269,-2.32598
3.036,-0.104311,-0.236233,0.965423,-2.40018
3.038,-0.104311,-0.245437,0.868881,-2.62035
3.04,-0.104311,-0.251573,0.781993,-2.66511
3.042,-0.104311,-0.260777,0.703793,-2.8588
3.044,-0.104311,-0.266913,0.633414,-2.87971
3.046,-0.104311,-0.276117,0.570073,-3.05194
3.048,-0.104311,-0.28532,0.513065,-3.20694
3.05,-0.104311,-0.291456,0.461759,-3.19304
3.052,-0.104311,-0.30066,0.415583,-3.33393
3.054,-0.104311,-0.309864,0.374025,-3.46073
3.056,-0.104311,-0.319068,0.336622,-3.57485
3.058,-0.104311,-0.328272,0.30296,-3.67756
3.06,-0.104311,-0.337476,0.272664,-3.77
3.062,-0.104311,-0.343612,0.245398,-3.6998
3.064,-0.104311,-0.352816,0.220858,-3.79001
3.066,-0.104311,-0.362019,0.198772,-3.8712
3.068,-0.104311,-0.371223,0.178895,-3.94428
3.07,-0.104311,-0.380427,0.161005,-4.01004
3.072,-0.104311,-0.389631,0.144905,-4.06923
3.074,-0.104311,-0.395767,0.130414,-3.96911
3.076,-0.104311,-0.404971,0.117373,-4.03239
3.078,-0.104311,-0.414175,0.105636,-4.08935
3.08,-0.104311,-0.420311,0.095072,-3.98721
3.082,-0.101243,-0.429515,0.238963,-4.04868
3.084,-0.101243,-0.435651,0.215067,-3.95061
3.086,-0.101243,-0.444854,0.19356,-4.01574
3.088,-0.0981748,-0.45099,0.327602,-3.92096
3.09,-0.0981748,-0.460194,0.294842,-3.98906
3.092,-0.0981748,-0.46633,0.265358,-3.89695
3.094,-0.0951068,-0.472466,0.39222,-3.81405
3.096,-0.0951068,-0.478602,0.352998,-3.73944
3.098,-0.0951068,-0.484738,0.317698,-3.6723
3.1,-0.0920388,-0.490874,0.439326,-3.61186
3.102,-0.0920388,-0.49701,0.395394,-3.55747
3.104,-0.0920388,-0.503146,0.355854,-3.50852
3.106,-0.0920388,-0.509282,0.320269,-3.46446
3.108,-0.0889709,-0.515418,0.44164,-3.42481
3.11,-0.0889709,-0.518486,0.397476,-3.23573
3.112,-0.0859029,-0.524621,0.511127,-3.21895
3.114,-0.0859029,-0.530757,0.460014,-3.20386
3.116,-0.082835,-0.533825,0.567411,-3.03687
3.118,-0.082835,-0.539961,0.51067,-3.03998
3.12,-0.082835,-0.546097,0.459603,-3.04278
3.122,-0.079767,-0.549165,0.56704,-2.8919
3.124,-0.079767,-0.555301,0.510336,-2.9095
3.126,-0.079767,-0.558369,0.459303,-2.77195
3.128,-0.076699,-0.561437,0.566771,-2.64815
3.13,-0.0736311,-0.567573,0.663492,-2.69013
3.132,-0.0736311,-0.573709,0.597142,-2.72792
3.134,-0.0705631,-0.576777,0.690826,-2.60852
3.136,-0.0705631,-0.579845,0.621744,-2.50107
3.138,-0.0705631,-0.585981,0.559569,-2.55776
3.14,-0.0674952,-0.589049,0.65701,-2.45538
3.142,-0.0674952,-0.595185,0.591309,-2.51664
3.144,-0.0674952,-0.60132,0.532178,-2.57177
3.146,-0.0674952,-0.604388,0.478961,-2.46799
3.148,-0.0674952,-0.610524,0.431065,-2.52799
3.15,-0.0674952,-0.61666,0.387958,-2.58199
3.152,-0.0674952,-0.619728,0.349162,-2.47719
3.154,-0.0705631,-0.625864,0.160848,-2.53626
3.156,-0.0705631,-0.628932,0.144763,-2.43603
3.158,-0.0705631,-0.635068,0.130287,-2.49923
3.16,-0.0736311,-0.641204,-0.0361399,-2.5561
3.162,-0.0736311,-0.644272,-0.0325259,-2.45389
3.164,-0.076699,-0.650408,-0.182671,-2.5153
3.166,-0.079767,-0.653476,-0.317802,-2.41716
3.168,-0.079767,-0.659612,-0.286022,-2.48224
3.17,-0.082835,-0.66268,-0.410818,-2.38742
3.172,-0.082835,-0.665748,-0.369736,-2.30207
3.174,-0.0859029,-0.671884,-0.486161,-2.37866
3.176,-0.0889709,-0.674952,-0.590943,-2.29419
3.178,-0.0889709,-0.67802,-0.531848,-2.21817
3.18,-0.0920388,-0.681087,-0.632062,-2.14975
3.182,-0.0920388,-0.684155,-0.568855,-2.08818
3.184,-0.0951068,-0.687223,-0.665368,-2.03276
3.186,-0.0951068,-0.690291,-0.598831,-1.98288
3.188,-0.0981748,-0.693359,-0.692346,-1.93799
3.19,-0.101243,-0.696427,-0.77651,-1.89759
3.192,-0.101243,-0.699495,-0.698859,-1.86123
3.194,-0.104311,-0.702563,-0.782371,-1.8285
3.196,-0.104311,-0.702563,-0.704134,-1.64565
3.198,-0.107379,-0.705631,-0.787118,-1.63449
3.2,-0.107379,-0.705631,-0.708407,-1.47104
3.202,-0.107379,-0.708699,-0.637566,-1.47733
3.204,-0.110447,-0.708699,-0.727207,-1.3296
3.206,-0.110447,-0.708699,-0.654487,-1.19664
3.208,-0.110447,-0.708699,-0.589038,-1.07697
3.21,-0.113515,-0.708699,-0.683532,-0.969277
3.212,-0.113515,-0.708699,-0.615179,-0.872349
3.214,-0.113515,-0.708699,-0.553661,-0.785115
3.216,-0.113515,-0.708699,-0.498295,-0.706603
3.218,-0.113515,-0.708699,-0.448466,-0.635943
3.22,-0.113515,-0.705631,-0.403619,-0.41895
3.222,-0.113515,-0.705631,-0.363257,-0.377055
3.224,-0.110447,-0.702563,-0.173533,-0.185952
3.226,-0.110447,-0.699495,-0.15618,-0.0139585
3.228,-0.110447,-0.699495,-0.140562,-0.0125627
3.23,-0.107379,-0.696427,0.0268923,0.142092
3.232,-0.107379,-0.693359,0.0242031,0.281281
3.234,-0.107379,-0.690291,0.0217828,0.406551
3.236,-0.104311,-0.684155,0.173003,0.672692
3.238,-0.104311,-0.681087,0.155702,0.758821
3.24,-0.101243,-0.674952,0.29353,0.989735
3.242,-0.0981748,-0.671884,0.417575,1.04416
3.244,-0.0981748,-0.665748,0.375818,1.24654
3.246,-0.0951068,-0.659612,0.491634,1.42868
3.248,-0.0920388,-0.656544,0.595869,1.43921
3.25,-0.0920388,-0.64734,0.536282,1.75548
3.252,-0.0889709,-0.641204,0.636052,1.88673
3.254,-0.0859029,-0.635068,0.725845,2.00486
3.256,-0.082835,-0.628932,0.806658,2.11117
3.258,-0.079767,-0.622796,0.87939,2.20685
3.26,-0.076699,-0.613592,0.94485,2.44636
3.262,-0.0736311,-0.607456,1.00376,2.50852
3.264,-0.0705631,-0.598253,1.05678,2.71786
3.266,-0.0674952,-0.592117,1.1045,2.75287
3.268,-0.0644272,-0.582913,1.14745,2.93778
3.27,-0.0613592,-0.573709,1.1861,3.10419
3.272,-0.0582913,-0.567573,1.22089,3.10057
3.274,-0.0552233,-0.558369,1.2522,3.25071
3.276,-0.0521553,-0.549165,1.28038,3.38583
3.278,-0.0490874,-0.539961,1.30574,3.50744
3.28,-0.0460194,-0.530757,1.32856,3.61689
3.282,-0.0429515,-0.521553,1.34911,3.7154
3.284,-0.0398835,-0.51235,1.36759,3.80405
3.286,-0.0368155,-0.503146,1.38423,3.88384
3.288,-0.0337476,-0.493942,1.39921,3.95565
3.29,-0.0306796,-0.484738,1.41268,4.02028
3.292,-0.0276117,-0.475534,1.42481,4.07845
3.294,-0.0214757,-0.46633,1.58913,4.1308
3.296,-0.0184078,-0.457126,1.58361,4.17791
3.298,-0.0184078,-0.447922,1.42525,4.22031
3.3,-0.0153398,-0.438719,1.43613,4.25848
3.302,-0.00920388,-0.426447,1.59931,4.44622
3.304,-0.00920388,-0.417243,1.43938,4.46179
3.306,-0.00613592,-0.408039,1.44884,4.47581
3.308,-0.00306796,-0.398835,1.45735,4.48842
3.31,-0,-0.386563,1.46502,4.65317
3.312,0.00306796,-0.377359,1.47191,4.64805
3.314,0.00613592,-0.365087,1.47812,4.79684
3.316,0.00920388,-0.355884,1.4837,4.77735
3.318,0.0122718,-0.34668,1.48873,4.75981
3.32,0.0153398,-0.334408,1.49326,4.89742
3.322,0.0184078,-0.325204,1.49733,4.86787
3.324,0.0184078,-0.316,1.3476,4.84128
3.326,0.0214757,-0.303728,1.36624,4.97074
3.328,0.0245437,-0.294524,1.38301,4.93386
3.33,0.0276117,-0.282252,1.39811,5.05407
3.332,0.0306796,-0.273049,1.41169,5.00886
3.334,0.0337476,-0.263845,1.42392,4.96816
3.336,0.0368155,-0.251573,1.43493,5.08494
3.338,0.0398835,-0.242369,1.44483,5.03664
3.34,0.0429515,-0.230097,1.45375,5.14657
3.342,0.0429515,-0.220893,1.30837,5.09211
3.344,0.0460194,-0.211689,1.33093,5.04309
3.346,0.0490874,-0.202485,1.35124,4.99898
3.348,0.0521553,-0.190214,1.36951,5.11267
3.35,0.0552233,-0.18101,1.38596,5.0616
3.352,0.0582913,-0.171806,1.40076,5.01563
3.354,0.0582913,-0.159534,1.26069,5.12766
3.356,0.0582913,-0.15033,1.13462,5.07509
3.358,0.0582913,-0.141126,1.02116,5.02777
3.36,0.0582913,-0.131922,0.91904,4.98519
3.362,0.0582913,-0.125786,0.827136,4.79347
3.364,0.0613592,-0.116583,0.89782,4.77432
3.366,0.0613592,-0.110447,0.808038,4.60368
3.368,0.0613592,-0.104311,0.727235,4.45011
3.37,0.0644272,-0.0981748,0.807909,4.31189
3.372,0.0644272,-0.0920388,0.727118,4.1875
3.374,0.0644272,-0.0859029,0.654406,4.07555
3.376,0.0644272,-0.079767,0.588966,3.97479
3.378,0.0644272,-0.0736311,0.530069,3.88411
3.38,0.0674952,-0.0705631,0.63046,3.64909
3.382,0.0674952,-0.0644272,0.567414,3.59098
3.384,0.0674952,-0.0613592,0.510673,3.38528
3.386,0.0674952,-0.0582913,0.459606,3.20015
3.388,0.0674952,-0.0552233,0.413645,3.03353
3.39,0.0674952,-0.0521553,0.372281,2.88358
3.392,0.0674952,-0.0490874,0.335052,2.74862
3.394,0.0674952,-0.0460194,0.301547,2.62715
3.396,0.0674952,-0.0429515,0.271393,2.51784
3.398,0.0674952,-0.0429515,0.244253,2.26605
3.4,0.0674952,-0.0398835,0.219828,2.19285
3.402,0.0674952,-0.0398835,0.197845,1.97356
3.404,0.0674952,-0.0398835,0.178061,1.77621
3.406,0.0674952,-0.0368155,0.160255,1.75198
3.408,0.0674952,-0.0368155,0.144229,1.57678
3.41,0.0674952,-0.0368155,0.129806,1.41911
3.412,0.0674952,-0.0368155,0.116826,1.2772
3.414,0.0674952,-0.0368155,0.105143,1.14948
3.416,0.0674952,-0.0368155,0.0946287,1.03453
3.418,0.0674952,-0.0398835,0.0851658,0.777677
3.42,0.0644272,-0.0398835,-0.0767488,0.69991
3.422,0.0644272,-0.0398835,-0.0690739,0.629919
3.424,0.0644272,-0.0398835,-0.0621665,0.566927
3.426,0.0644272,-0.0398835,-0.0559499,0.510234
3.428,0.0644272,-0.0398835,-0.0503549,0.459211
3.43,0.0644272,-0.0398835,-0.0453194,0.41329
3.432,0.0644272,-0.0398835,-0.0407875,0.371961
3.434,0.0644272,-0.0398835,-0.0367087,0.334765
3.436,0.0613592,-0.0398835,-0.186436,0.301288
3.438,0.0613592,-0.0398835,-0.167792,0.271159
3.44,0.0613592,-0.0398835,-0.151013,0.244043
3.442,0.0613592,-0.0398835,-0.135912,0.219639
3.444,0.0613592,-0.0398835,-0.122321,0.197675
3.446,0.0613592,-0.0398835,-0.110089,0.177908
3.448,0.0613592,-0.0398835,-0.0990797,0.160117
3.45,0.0613592,-0.0398835,-0.0891717,0.144105
3.452,0.0613592,-0.0398835,-0.0802546,0.129695
3.454,0.0582913,-0.0398835,-0.225627,0.116725
3.456,0.0582913,-0.0398835,-0.203064,0.105053
3.458,0.0582913,-0.0398835,-0.182758,0.0945474
3.46,0.0582913,-0.0398835,-0.164482,0.0850927
3.462,0.0582913,-0.0398835,-0.148034,0.0765834
3.464,0.0582913,-0.0398835,-0.133231,0.0689251
3.466,0.0582913,-0.0398835,-0.119908,0.0620326
3.468,0.0582913,-0.0398835,-0.107917,0.0558293
3.47,0.0582913,-0.0398835,-0.0971251,0.0502464
3.472,0.0582913,-0.0398835,-0.0874126,0.0452217
3.474,0.0582913,-0.0368155,-0.0786713,0.194098
3.476,0.0582913,-0.0368155,-0.0708042,0.174688
3.478,0.0582913,-0.0368155,-0.0637238,0.157219
3.48,0.0552233,-0.0368155,-0.210749,0.141497
3.482,0.0552233,-0.0368155,-0.189675,0.127347
3.484,0.0552233,-0.0368155,-0.170707,0.114613
3.486,0.0552233,-0.0368155,-0.153636,0.103151
3.488,0.0552233,-0.0398835,-0.138273,-0.0605618
3.49,0.0552233,-0.0398835,-0.124445,-0.0545056
3.492,0.0552233,-0.0398835,-0.112001,-0.049055
3.494,0.0552233,-0.0398835,-0.100801,-0.0441495
3.496,0.0552233,-0.0398835,-0.0907207,-0.0397346
3.498,0.0552233,-0.0398835,-0.0816487,-0.0357611
3.5,0.0521553,-0.0398835,-0.226882,-0.032185
3.502,0.0521553,-0.0398835,-0.204194,-0.0289665
3.504,0.0521553,-0.0429515,-0.183774,-0.179468
3.506,0.0521553,-0.0429515,-0.165397,-0.161521
3.508,0.0521553,-0.0429515,-0.148857,-0.145369
3.51,0.0521553,-0.0429515,-0.133971,-0.130832
3.512,0.0521553,-0.0429515,-0.120574,-0.117749
3.514,0.0521553,-0.0460194,-0.108517,-0.259372
3.516,0.0521553,-0.0460194,-0.0976652,-0.233435
3.518,0.0521553,-0.0460194,-0.0878987,-0.210091
3.52,0.0521553,-0.0460194,-0.0791088,-0.189082
3.522,0.0521553,-0.0460194,-0.0711979,-0.170174
3.524,0.0521553,-0.0490874,-0.0640781,-0.306555
3.526,0.0521553,-0.0490874,-0.0576703,-0.275899
3.528,0.0521553,-0.0490874,-0.0519033,-0.248309
3.53,0.0521553,-0.0490874,-0.046713,-0.223478
3.532,0.0521553,-0.0490874,-0.0420417,-0.201131
3.534,0.0521553,-0.0490874,-0.0378375,-0.181017
3.536,0.0490874,-0.0521553,-0.187452,-0.316314
3.538,0.0490874,-0.0521553,-0.168707,-0.284682
3.54,0.0490874,-0.0521553,-0.151836,-0.256214
3.542,0.0490874,-0.0521553,-0.136652,-0.230593
3.544,0.0490874,-0.0521553,-0.122987,-0.207533
3.546,0.0490874,-0.0521553,-0.110688,-0.18678
3.548,0.0490874,-0.0521553,-0.0996196,-0.168102
3.55,0.0490874,-0.0521553,-0.0896576,-0.151292
3.552,0.0490874,-0.0521553,-0.0806919,-0.136163
3.554,0.0490874,-0.0552233,-0.0726227,-0.275945
3.556,0.0490874,-0.0552233,-0.0653604,-0.24835
3.558,0.0490874,-0.0552233,-0.0588244,-0.223515
3.56,0.0490874,-0.0552233,-0.0529419,-0.201164
3.562,0.0490874,-0.0552233,-0.0476477,-0.181047
3.564,0.0490874,-0.0552233,-0.042883,-0.162942
3.566,0.0490874,-0.0552233,-0.0385947,-0.146648
3.568,0.0490874,-0.0552233,-0.0347352,-0.131983
3.57,0.0490874,-0.0552233,-0.0312617,-0.118785
3.572,0.0490874,-0.0552233,-0.0281355,-0.106907
3.574,0.0521553,-0.0552233,0.128076,-0.0962159
3.576,0.0521553,-0.0552233,0.115269,-0.0865943
3.578,0.0521553,-0.0552233,0.103742,-0.0779349
3.58,0.0521553,-0.0552233,0.0933675,-0.0701414
3.582,0.0521553,-0.0552233,0.0840307,-0.0631273
3.584,0.0521553,-0.0552233,0.0756277,-0.0568145
3.586,0.0521553,-0.0552233,0.0680649,-0.0511331
3.588,0.0521553,-0.0552233,0.0612584,-0.0460198
3.59,0.0521553,-0.0552233,0.0551326,-0.0414178
3.592,0.0521553,-0.0552233,0.0496193,-0.037276
3.594,0.0521553,-0.0552233,0.0446574,-0.0335484
3.596,0.0521553,-0.0552233,0.0401916,-0.0301936
3.598,0.0521553,-0.0552233,0.0361725,-0.0271742
3.6,0.0521553,-0.0552233,0.0325552,-0.0244568
3.602,0.0521553,-0.0552233,0.0292997,-0.0220111
3.604,0.0521553,-0.0552233,0.0263697,-0.01981
3.606,0.0521553,-0.0521553,0.0237328,0.135569
3.608,0.0552233,-0.0521553,0.174758,0.122012
3.61,0.0552233,-0.0521553,0.157282,0.109811
3.612,0.0552233,-0.0521553,0.141554,0.0988299
3.614,0.0552233,-0.0521553,0.127398,0.0889469
3.616,0.0582913,-0.0490874,0.268057,0.23345
3.618,0.0582913,-0.0490874,0.241251,0.210105
3.62,0.0613592,-0.0490874,0.370524,0.189095
3.622,0.0613592,-0.0460194,0.333471,0.323583
3.624,0.0644272,-0.0460194,0.453522,0.291225
3.626,0.0644272,-0.0460194,0.40817,0.262102
3.628,0.0674952,-0.0429515,0.520751,0.38929
3.63,0.0674952,-0.0429515,0.468676,0.350361
3.632,0.0705631,-0.0398835,0.575207,0.468723
3.634,0.0705631,-0.0398835,0.517686,0.421851
3.636,0.0736311,-0.0368155,0.619315,0.533064
3.638,0.076699,-0.0368155,0.710782,0.479758
3.64,0.076699,-0.0337476,0.639704,0.58518
3.642,0.079767,-0.0337476,0.729131,0.526662
3.644,0.079767,-0.0337476,0.656218,0.473996
3.646,0.082835,-0.0306796,0.743995,0.579994
3.648,0.0859029,-0.0306796,0.822993,0.521995
3.65,0.0859029,-0.0276117,0.740694,0.623193
3.652,0.0889709,-0.0276117,0.820023,0.560874
3.654,0.0920388,-0.0245437,0.891418,0.658185
3.656,0.0920388,-0.0245437,0.802277,0.592366
3.658,0.0951068,-0.0214757,0.875447,0.686528
3.66,0.0981748,-0.0214757,0.9413,0.617875
3.662,0.101243,-0.0184078,1.00057,0.709486
3.664,0.101243,-0.0184078,0.900512,0.638537
3.666,0.104311,-0.0153398,0.963858,0.728081
3.668,0.104311,-0.0153398,0.867473,0.655273
3.67,0.107379,-0.0122718,0.934123,0.743144
3.672,0.110447,-0.0122718,0.994109,0.66883
3.674,0.113515,-0.00920388,1.0481,0.755345
3.676,0.113515,-0.00920388,0.943287,0.67981
3.678,0.116583,-0.00613592,1.00236,0.765227
3.68,0.116583,-0.00613592,0.902121,0.688705
3.682,0.119651,-0.00613592,0.965307,0.619834
3.684,0.122718,-0.00306796,1.02217,0.711249
3.686,0.125786,-0.00306796,1.07335,0.640124
3.688,0.125786,0,0.966019,0.72951
3.69,0.128854,0,1.02282,0.656559
3.692,0.128854,0.00306796,0.920534,0.744301
3.694,0.131922,0.00306796,0.981879,0.669871
3.696,0.13499,0.00306796,1.03709,0.602884
3.698,0.13499,0.00613592,0.93338,0.695993
3.7,0.138058,0.00613592,0.99344,0.626394
3.702,0.138058,0.00613592,0.894096,0.563755
3.704,0.141126,0.00920388,0.958084,0.660777
3.706,0.141126,0.00920388,0.862276,0.5947
3.708,0.144194,0.00920388,0.929446,0.53523
3.71,0.144194,0.00920388,0.836502,0.481707
3.712,0.147262,0.0122718,0.90625,0.586934
3.714,0.15033,0.0122718,0.969023,0.528241
3.716,0.15033,0.0122718,0.872121,0.475417
3.718,0.15033,0.0122718,0.784908,0.427875
3.72,0.153398,0.0153398,0.859816,0.538486
3.722,0.153398,0.0153398,0.773834,0.484637
3.724,0.153398,0.0153398,0.696451,0.436173
3.726,0.156466,0.0153398,0.780204,0.392556
3.728,0.156466,0.0153398,0.702183,0.3533
3.73,0.159534,0.0153398,0.785363,0.31797
3.732,0.159534,0.0153398,0.706827,0.286173
3.734,0.162602,0.0184078,0.789542,0.410954
3.736,0.162602,0.0184078,0.710588,0.369859
3.738,0.162602,0.0184078,0.639529,0.332873
3.74,0.162602,0.0184078,0.575576,0.299585
3.742,0.16567,0.0184078,0.671417,0.269627
3.744,0.16567,0.0184078,0.604275,0.242664
3.746,0.16567,0.0184078,0.543848,0.218398
3.748,0.16567,0.0184078,0.489463,0.196558
3.75,0.168738,0.0184078,0.593915,0.176902
3.752,0.168738,0.0184078,0.534523,0.159212
3.754,0.168738,0.0184078,0.481071,0.143291
3.756,0.168738,0.0184078,0.432964,0.128962
3.758,0.168738,0.0184078,0.389667,0.116066
3.76,0.171806,0.0184078,0.504099,0.104459
3.762,0.171806,0.0184078,0.453689,0.0940131
3.764,0.171806,0.0184078,0.40832,0.0846118
3.766,0.171806,0.0184078,0.367488,0.0761506
3.768,0.171806,0.0184078,0.330739,0.0685355
3.77,0.171806,0.0184078,0.297665,0.061682
3.772,0.174874,0.0184078,0.421297,0.0555138
3.774,0.174874,0.0184078,0.379167,0.0499624
3.776,0.174874,0.0184078,0.34125,0.0449662
3.778,0.174874,0.0184078,0.307125,0.0404696
3.78,0.174874,0.0184078,0.276413,0.0364226
3.782,0.174874,0.0153398,0.248772,-0.120618
3.784,0.174874,0.0153398,0.223894,-0.108556
3.786,0.174874,0.0153398,0.201505,-0.0977004
3.788,0.174874,0.0153398,0.181354,-0.0879303
3.79,0.174874,0.0153398,0.163219,-0.0791373
3.792,0.174874,0.0153398,0.146897,-0.0712236
3.794,0.174874,0.0153398,0.132207,-0.0641012
3.796,0.174874,0.0122718,0.118987,-0.211089
3.798,0.174874,0.0122718,0.107088,-0.18998
3.8,0.174874,0.0122718,0.0963792,-0.170982
3.802,0.174874,0.0122718,0.0867413,-0.153884
3.804,0.174874,0.0122718,0.0780671,-0.138496
3.806,0.174874,0.00920388,0.0702604,-0.278044
3.808,0.174874,0.00920388,0.0632344,-0.25024
3.81,0.174874,0.00920388,0.056911,-0.225216
3.812,0.174874,0.00920388,0.0512199,-0.202694
3.814,0.174874,0.00920388,0.0460979,-0.182425
3.816,0.174874,0.00920388,0.0414881,-0.164182
3.818,0.174874,0.00613592,0.0373393,-0.301162
3.82,0.174874,0.00613592,0.0336053,-0.271046
3.822,0.174874,0.00613592,0.0302448,-0.243941
3.824,0.174874,0.00613592,0.0272203,-0.219547
3.826,0.174874,0.00613592,0.0244983,-0.197592
3.828,0.174874,0.00613592,0.0220485,-0.177833
3.83,0.174874,0.00613592,0.0198436,-0.16005
3.832,0.174874,0.00306796,0.0178593,-0.297443
3.834,0.174874,0.00306796,0.0160733,-0.267699
3.836,0.174874,0.00306796,0.014466,-0.240929
3.838,0.174874,0.00306796,0.0130194,-0.216836
3.84,0.174874,0.00306796,0.0117175,-0.195152
3.842,0.174874,0.00306796,0.0105457,-0.175637
3.844,0.174874,0.00306796,0.00949114,-0.158073
3.846,0.174874,0.00306796,0.00854203,-0.142266
3.848,0.174874,0.00306796,0.00768783,-0.128039
3.85,0.174874,0.00306796,0.00691904,-0.115236
3.852,0.174874,0.00306796,0.00622714,-0.103712
3.854,0.174874,0.00306796,0.00560442,-0.0933408
3.856,0.174874,0,0.00504398,-0.237405
3.858,0.174874,0,0.00453958,-0.213664
3.86,0.174874,0,0.00408563,-0.192298
3.862,0.174874,0,0.00367706,-0.173068
3.864,0.174874,0,0.00330936,-0.155761
3.866,0.174874,0,0.00297842,-0.140185
3.868,0.174874,0,0.00268058,-0.126167
3.87,0.174874,0,0.00241252,-0.11355
3.872,0.174874,0,0.00217127,-0.102195
3.874,0.174874,0,0.00195414,-0.0919755
3.876,0.174874,-0.00306796,0.00175873,-0.236176
3.878,0.174874,-0.00306796,0.00158286,-0.212558
3.88,0.174874,-0.00306796,0.00142457,-0.191303
3.882,0.174874,-0.00306796,0.00128211,-0.172172
3.884,0.174874,-0.00306796,0.0011539,-0.154955
3.886,0.174874,-0.00306796,0.00103851,-0.13946
3.888,0.174874,-0.00306796,0.00093466,-0.125514
3.89,0.174874,-0.00306796,0.000841194,-0.112962
3.892,0.174874,-0.00306796,0.000757075,-0.101666
3.894,0.174874,-0.00306796,0.000681367,-0.0914994
3.896,0.174874,-0.00613592,0.00061323,-0.235748
3.898,0.174874,-0.00613592,0.000551907,-0.212173
3.9,0.174874,-0.00613592,0.000496717,-0.190956
3.902,0.174874,-0.00613592,0.000447045,-0.17186
3.904,0.174874,-0.00613592,0.000402341,-0.154674
3.906,0.177942,-0.00613592,0.15376,-0.139207
3.908,0.177942,-0.00613592,0.138384,-0.125286
3.91,0.177942,-0.00613592,0.124546,-0.112757
3.912,0.177942,-0.00613592,0.112091,-0.101482
3.914,0.177942,-0.00613592,0.100882,-0.0913334
3.916,0.177942,-0.00613592,0.0907939,-0.0822001
3.918,0.177942,-0.00613592,0.0817145,-0.0739801
3.92,0.177942,-0.00613592,0.073543,-0.0665821
3.922,0.177942,-0.00613592,0.0661887,-0.0599239
3.924,0.177942,-0.00613592,0.0595698,-0.0539315
3.926,0.177942,-0.00613592,0.0536129,-0.0485383
3.928,0.177942,-0.00613592,0.0482516,-0.0436845
3.93,0.177942,-0.00613592,0.0434264,-0.039316
3.932,0.18101,-0.00613592,0.192482,-0.0353844
3.934,0.18101,-0.00613592,0.173234,-0.031846
3.936,0.18101,-0.00613592,0.15591,-0.0286614
3.938,0.18101,-0.00613592,0.140319,-0.0257953
3.94,0.18101,-0.00613592,0.126287,-0.0232157
3.942,0.18101,-0.00920388,0.113659,-0.174292
3.944,0.18101,-0.00920388,0.102293,-0.156863
3.946,0.18101,-0.00920388,0.0920635,-0.141177
3.948,0.184078,-0.00920388,0.236255,-0.127059
3.95,0.184078,-0.00920388,0.21263,-0.114353
3.952,0.184078,-0.00920388,0.191367,-0.102918
3.954,0.184078,-0.00920388,0.17223,-0.092626
3.956,0.184078,-0.00920388,0.155007,-0.0833634
3.958,0.184078,-0.00920388,0.139506,-0.0750271
3.96,0.187146,-0.00920388,0.278954,-0.0675244
3.962,0.187146,-0.00920388,0.251058,-0.0607719
3.964,0.187146,-0.00613592,0.225953,0.0987033
3.966,0.187146,-0.00613592,0.203357,0.088833
3.968,0.187146,-0.00613592,0.183022,0.0799497
3.97,0.190214,-0.00613592,0.318117,0.0719547
3.972,0.190214,-0.00613592,0.286306,0.0647593
3.974,0.190214,-0.00613592,0.257675,0.0582833
3.976,0.190214,-0.00613592,0.231908,0.052455
3.978,0.190214,-0.00613592,0.208717,0.0472095
3.98,0.190214,-0.00613592,0.187845,0.0424885
3.982,0.193282,-0.00613592,0.322459,0.0382397
3.984,0.193282,-0.00613592,0.290213,0.0344157
3.986,0.193282,-0.00613592,0.261192,0.0309741
3.988,0.193282,-0.00613592,0.235072,0.0278767
3.99,0.19635,-0.00613592,0.364963,0.0250891
3.992,0.19635,-0.00613592,0.328467,0.0225802
3.994,0.19635,-0.00306796,0.29562,0.17372
3.996,0.199418,-0.00306796,0.419456,0.156348
3.998,0.199418,-0.00306796,0.377511,0.140713
4,0.199418,-0.00306796,0.33976,0.126642
4.002,0.199418,-0.00306796,0.305784,0.113978
4.004,0.199418,-0.00306796,0.275205,0.10258
4.006,0.202485,-0.00306796,0.401083,0.092322
4.008,0.202485,-0.00306796,0.360975,0.0830898
4.01,0.202485,-0.00306796,0.324877,0.0747809
4.012,0.202485,-0.00306796,0.292389,0.0673028
4.014,0.202485,-0.00306796,0.26315,0.0605725
4.016,0.205553,-0.00306796,0.390233,0.0545152
4.018,0.205553,0,0.35121,0.202462
4.02,0.205553,0,0.316089,0.182216
4.022,0.205553,0,0.28448,0.163994
4.024,0.208621,0,0.40943,0.147595
4.026,0.208621,0,0.368487,0.132835
4.028,0.208621,0,0.331639,0.119552
4.03,0.211689,0,0.451873,0.107597
4.032,0.211689,0,0.406685,0.0968369
4.034,0.211689,0,0.366017,0.0871532
4.036,0.211689,0,0.329415,0.0784378
4.038,0.211689,0,0.296474,0.0705941
4.04,0.214757,0,0.420224,0.0635347
4.042,0.214757,0,0.378202,0.0571812
4.044,0.214757,0,0.340382,0.0514631
4.046,0.214757,0,0.306344,0.0463168
4.048,0.214757,0.00306796,0.275709,0.195083
4.05,0.217825,0.00306796,0.401536,0.175575
4.052,0.217825,0.00306796,0.361383,0.158017
4.054,0.217825,0.00306796,0.325244,0.142216
4.056,0.217825,0.00306796,0.29272,0.127994
4.058,0.217825,0.00306796,0.263448,0.115195
4.06,0.220893,0.00306796,0.390501,0.103675
4.062,0.220893,0.00306796,0.351451,0.0933077
4.064,0.220893,0.00306796,0.316306,0.0839769
4.066,0.220893,0.00306796,0.284675,0.0755792
4.068,0.223961,0.00306796,0.409606,0.0680213
4.07,0.223961,0.00306796,0.368645,0.0612192
4.072,0.223961,0.00306796,0.331781,0.0550972
4.074,0.223961,0.00306796,0.298603,0.0495875
4.076,0.223961,0.00306796,0.268742,0.0446288
4.078,0.223961,0.00306796,0.241868,0.0401659
4.08,0.227029,0.00306796,0.371079,0.0361493
4.082,0.227029,0.00306796,0.333972,0.0325344
4.084,0.227029,0.00306796,0.300574,0.0292809
4.086,0.227029,0.00306796,0.270517,0.0263528
4.088,0.227029,0.00306796,0.243465,0.0237176
4.09,0.227029,0.00306796,0.219119,0.0213458
4.092,0.227029,0.00306796,0.197207,0.0192112
4.094,0.230097,0.00306796,0.330884,0.0172901
4.096,0.230097,0.00306796,0.297796,0.0155611
4.098,0.230097,0.00306796,0.268016,0.014005
4.1,0.230097,0.00306796,0.241215,0.0126045
4.102,0.230097,0.00306796,0.217093,0.011344
4.104,0.233165,0.00306796,0.348782,0.0102096
4.106,0.233165,0.00306796,0.313904,0.00918867
4.108,0.233165,0.00306796,0.282513,0.0082698
4.11,0.233165,0.00306796,0.254262,0.00744282
4.112,0.233165,0.00306796,0.228836,0.00669854
4.114,0.236233,0.00306796,0.35935,0.00602869
4.116,0.236233,0.00306796,0.323415,0.00542582
4.118,0.236233,0.00306796,0.291074,0.00488324
4.12,0.236233,0.00306796,0.261966,0.00439491
4.122,0.236233,0.00306796,0.23577,0.00395542
4.124,0.236233,0.00306796,0.212193,0.00355988
4.126,0.236233,0.00306796,0.190973,0.00320389
4.128,0.239301,0.00306796,0.325274,0.0028835
4.13,0.239301,0.00306796,0.292747,0.00259515
4.132,0.239301,0.00306796,0.263472,0.00233564
4.134,0.239301,0.00306796,0.237125,0.00210207
4.136,0.239301,0.00306796,0.213412,0.00189187
4.138,0.239301,0.00306796,0.192071,0.00170268
4.14,0.239301,0.00306796,0.172864,0.00153241
4.142,0.242369,0.00306796,0.308976,0.00137917
4.144,0.242369,0.00306796,0.278078,0.00124125
4.146,0.242369,0.00306796,0.25027,0.00111713
4.148,0.242369,0.00306796,0.225243,0.00100541
4.15,0.242369,0.00306796,0.202719,0.000904873
4.152,0.242369,0.00306796,0.182447,0.000814386
4.154,0.245437,0.00306796,0.3176,0.000732947
4.156,0.245437,0.00306796,0.28584,0.000659653
4.158,0.245437,0.00306796,0.257256,0.000593687
4.16,0.245437,0.00306796,0.231531,0.000534319
4.162,0.245437,0.00306796,0.208378,0.000480887
4.164,0.245437,0.00306796,0.18754,0.000432798
4.166,0.248505,0.00306796,0.322184,0.000389518
4.168,0.248505,0.00306796,0.289966,0.000350566
4.17,0.248505,0.00306796,0.260969,0.00031551
4.172,0.248505,0.00613592,0.234872,0.153682
4.174,0.248505,0.00613592,0.211385,0.138314
4.176,0.248505,0.00613592,0.190246,0.124482
4.178,0.248505,0.00613592,0.171222,0.112034
4.18,0.251573,0.00613592,0.307498,0.100831
4.182,0.251573,0.00613592,0.276748,0.0907477
4.184,0.251573,0.00613592,0.249073,0.0816729
4.186,0.251573,0.00613592,0.224166,0.0735056
4.188,0.251573,0.00613592,0.201749,0.0661551
4.19,0.251573,0.00613592,0.181574,0.0595396
4.192,0.251573,0.00613592,0.163417,0.0535856
4.194,0.251573,0.00613592,0.147075,0.0482271
4.196,0.251573,0.00613592,0.132368,0.0434043
4.198,0.251573,0.00306796,0.119131,-0.114334
4.2,0.251573,0.00306796,0.107218,-0.102901
4.202,0.251573,0.00306796,0.096496,-0.0926107
4.204,0.254641,0.00306796,0.240245,-0.0833496
4.206,0.254641,0.00306796,0.21622,-0.0750146
4.208,0.254641,0.00306796,0.194598,-0.0675132
4.21,0.254641,0.00306796,0.175138,-0.0607619
4.212,0.254641,0.00306796,0.157624,-0.0546857
4.214,0.254641,0.00306796,0.141862,-0.0492171
4.216,0.254641,0.00306796,0.127676,-0.0442954
4.218,0.254641,0.00306796,0.114908,-0.0398659
4.22,0.254641,0.00306796,0.103417,-0.0358793
4.222,0.254641,0.00306796,0.0930756,-0.0322913
4.224,0.257709,0.00306796,0.237166,-0.0290622
4.226,0.257709,0.00306796,0.21345,-0.026156
4.228,0.257709,0.00306796,0.192105,-0.0235404
4.23,0.257709,0.00306796,0.172894,-0.0211864
4.232,0.257709,0.00306796,0.155605,-0.0190677
4.234,0.257709,0.00306796,0.140044,-0.0171609
4.236,0.257709,0.00306796,0.12604,-0.0154449
4.238,0.257709,0.00306796,0.113436,-0.0139004
4.24,0.260777,0.00306796,0.25549,-0.0125103
4.242,0.260777,0.00306796,0.229941,-0.0112593
4.244,0.260777,0.00306796,0.206947,-0.0101334
4.246,0.260777,0.00306796,0.186252,-0.00912003
4.248,0.260777,0.00306796,0.167627,-0.00820803
4.25,0.260777,0.00306796,0.150864,-0.00738722
4.252,0.260777,0.00306796,0.135778,-0.0066485
4.254,0.260777,0.00306796,0.1222,-0.00598365
4.256,0.260777,0.00306796,0.10998,-0.00538529
4.258,0.260777,0.00306796,0.0989822,-0.00484676
4.26,0.260777,0.00306796,0.089084,-0.00436208
4.262,0.263845,0.00306796,0.233574,-0.00392587
4.264,0.263845,0.00306796,0.210216,-0.00353329
4.266,0.263845,0.00306796,0.189195,-0.00317996
4.268,0.263845,0.00306796,0.170275,-0.00286196
4.27,0.263845,0.00306796,0.153248,-0.00257577
4.272,0.263845,0.00306796,0.137923,-0.00231819
4.274,0.263845,0.00306796,0.124131,-0.00208637
4.276,0.263845,0.00306796,0.111718,-0.00187773
4.278,0.263845,0.00306796,0.100546,-0.00168996
4.28,0.263845,0.00306796,0.0904912,-0.00152096
4.282,0.263845,0.00306796,0.0814421,-0.00136887
4.284,0.263845,0.00306796,0.0732979,-0.00123198
4.286,0.263845,0.00306796,0.0659681,-0.00110878
4.288,0.266913,0.00306796,0.212769,-0.000997904
4.29,0.266913,0.00306796,0.191492,-0.000898114
4.292,0.266913,0.00306796,0.172343,-0.000808303
4.294,0.266913,0.00306796,0.155109,-0.000727472
4.296,0.266913,0.00306796,0.139598,-0.000654725
4.298,0.266913,0.00306796,0.125638,-0.000589253
4.3,0.266913,0.00306796,0.113074,-0.000530327
4.302,0.266913,0.00306796,0.101767,-0.000477295
4.304,0.266913,0.00306796,0.0915902,-0.000429565
4.306,0.266913,0.00306796,0.0824312,-0.000386609
4.308,0.266913,0.00306796,0.0741881,-0.000347948
4.31,0.266913,0.00306796,0.0667693,-0.000313153
4.312,0.266913,0.00306796,0.0600924,-0.000281838
4.314,0.269981,0.00306796,0.207481,-0.000253654
4.316,0.269981,0.00306796,0.186733,-0.000228289
4.318,0.269981,0.00306796,0.16806,-0.00020546
4.32,0.269981,0.00306796,0.151254,-0.000184914
4.322,0.269981,0.00306796,0.136128,-0.000166422
4.324,0.269981,0.00306796,0.122516,-0.00014978
4.326,0.269981,0.00306796,0.110264,-0.000134802
4.328,0.269981,0.00306796,0.0992376,-0.000121322
4.33,0.269981,0.00306796,0.0893139,-0.00010919
4.332,0.269981,0.00306796,0.0803825,-9.82707e-05
4.334,0.269981,0.00306796,0.0723442,-8.84437e-05
4.336,0.269981,0.00306796,0.0651098,-7.95993e-05
4.338,0.269981,0.00306796,0.0585988,-7.16394e-05
4.34,0.269981,0,0.0527389,-0.153463
4.342,0.269981,0,0.047465,-0.138116
4.344,0.269981,0,0.0427185,-0.124305
4.346,0.269981,0,0.0384467,-0.111874
4.348,0.269981,0,0.034602,-0.100687
4.35,0.269981,0,0.0311418,-0.0906181
4.352,0.269981,0,0.0280276,-0.0815563
4.354,0.269981,0,0.0252249,-0.0734007
4.356,0.269981,0,0.0227024,-0.0660606
4.358,0.269981,0,0.0204321,-0.0594545
4.36,0.269981,0,0.0183889,-0.0535091
4.362,0.273049,0,0.169948,-0.0481582
4.364,0.273049,0,0.152953,-0.0433424
4.366,0.273049,0,0.137658,-0.0390081
4.368,0.273049,0,0.123892,-0.0351073
4.37,0.273049,0,0.111503,-0.0315966
4.372,0.273049,0,0.100353,-0.0284369
4.374,0.273049,0,0.0903174,-0.0255932
4.376,0.273049,0,0.0812857,-0.0230339
4.378,0.273049,0,0.0731571,-0.0207305
4.38,0.273049,0,0.0658414,-0.0186575
4.382,0.273049,0,0.0592572,-0.0167917
4.384,0.273049,0,0.0533315,-0.0151125
4.386,0.273049,-0.00306796,0.0479984,-0.166999
4.388,0.273049,-0.00306796,0.0431985,-0.150299
4.39,0.273049,-0.00306796,0.0388787,-0.135269
4.392,0.273049,-0.00306796,0.0349908,-0.121743
4.394,0.273049,-0.00306796,0.0314917,-0.109568
4.396,0.273049,-0.00306796,0.0283426,-0.0986115
4.398,0.273049,-0.00306796,0.0255083,-0.0887503
4.4,0.273049,-0.00306796,0.0229575,-0.0798753
4.402,0.273049,-0.00306796,0.0206617,-0.0718878
4.404,0.273049,-0.00306796,0.0185956,-0.064699
4.406,0.273049,-0.00306796,0.016736,-0.0582291
4.408,0.273049,-0.00306796,0.0150624,-0.0524062
4.41,0.273049,-0.00306796,0.0135562,-0.0471656
4.412,0.273049,-0.00306796,0.0122005,-0.042449
4.414,0.273049,-0.00306796,0.0109805,-0.0382041
4.416,0.273049,-0.00306796,0.00988244,-0.0343837
4.418,0.273049,-0.00306796,0.00889419,-0.0309453
4.42,0.273049,-0.00306796,0.00800477,-0.0278508
4.422,0.276117,-0.00306796,0.160602,-0.0250657
4.424,0.276117,-0.00306796,0.144542,-0.0225591
4.426,0.276117,-0.00306796,0.130088,-0.0203032
4.428,0.276117,-0.00306796,0.117079,-0.0182729
4.43,0.276117,-0.00306796,0.105371,-0.0164456
4.432,0.276117,-0.00306796,0.0948341,-0.0148011
4.434,0.276117,-0.00306796,0.0853507,-0.0133209
4.436,0.276117,-0.00306796,0.0768156,-0.0119889
4.438,0.276117,-0.00306796,0.0691341,-0.01079
4.44,0.276117,-0.00306796,0.0622207,-0.00971097
4.442,0.276117,-0.00306796,0.0559986,-0.00873987
4.444,0.276117,-0.00306796,0.0503987,-0.00786589
4.446,0.276117,-0.00306796,0.0453589,-0.0070793
4.448,0.276117,-0.00306796,0.040823,-0.00637137
4.45,0.276117,-0.00306796,0.0367407,-0.00573423
4.452,0.276117,-0.00306796,0.0330666,-0.00516081
4.454,0.276117,-0.00306796,0.0297599,-0.00464473
4.456,0.276117,-0.00306796,0.026784,-0.00418025
4.458,0.276117,-0.00306796,0.0241056,-0.00376223
4.46,0.276117,-0.00306796,0.021695,-0.00338601
4.462,0.279185,-0.00306796,0.172924,-0.00304741
4.464,0.279185,-0.00306796,0.155631,-0.00274266
4.466,0.279185,-0.00306796,0.140068,-0.0024684
4.468,0.279185,-0.00306796,0.126061,-0.00222156
4.47,0.279185,-0.00306796,0.113455,-0.0019994
4.472,0.279185,-0.00306796,0.10211,-0.00179946
4.474,0.279185,-0.00306796,0.0918987,-0.00161952
4.476,0.279185,-0.00306796,0.0827088,-0.00145756
4.478,0.279185,-0.00306796,0.0744379,-0.00131181
4.48,0.279185,-0.00306796,0.0669941,-0.00118063
4.482,0.279185,-0.00306796,0.0602947,-0.00106256
4.484,0.279185,-0.00306796,0.0542653,-0.000956308
4.486,0.282252,-0.00306796,0.202237,-0.000860677
4.488,0.282252,-0.00306796,0.182013,-0.000774609
4.49,0.282252,-0.00306796,0.163812,-0.000697149
4.492,0.282252,-0.00306796,0.147431,-0.000627434
4.494,0.282252,-0.00306796,0.132688,-0.00056469
4.496,0.282252,-0.00306796,0.119419,-0.000508221
4.498,0.282252,-0.00306796,0.107477,-0.000457399
4.5,0.282252,-0.00306796,0.0967292,-0.000411659
4.502,0.282252,-0.00306796,0.0870563,-0.000370493
4.504,0.282252,-0.00306796,0.0783507,-0.000333444
4.506,0.28532,-0.00306796,0.223914,-0.0003001
4.508,0.28532,-0.00306796,0.201522,-0.00027009
4.51,0.28532,-0.00306796,0.18137,-0.000243081
4.512,0.28532,-0.00306796,0.163233,-0.000218773
4.514,0.28532,-0.00306796,0.14691,-0.000196895
4.516,0.28532,-0.00306796,0.132219,-0.000177206
4.518,0.28532,-0.00306796,0.118997,-0.000159485
4.52,0.28532,-0.00306796,0.107097,-0.000143537
4.522,0.28532,-0.00306796,0.0963875,-0.000129183
4.524,0.28532,-0.00306796,0.0867488,-0.000116265
4.526,0.28532,-0.00306796,0.0780739,-0.000104638
4.528,0.288388,-0.00306796,0.223665,-9.41744e-05
4.53,0.288388,-0.00306796,0.201298,-8.4757e-05
4.532,0.288388,-0.00306796,0.181168,-7.62813e-05
4.534,0.288388,-0.00306796,0.163051,-6.86532e-05
4.536,0.288388,-0.00306796,0.146746,-6.17878e-05
4.538,0.288388,-0.00306796,0.132072,-5.56091e-05
4.54,0.288388,-0.00306796,0.118865,-5.00482e-05
4.542,0.288388,-0.00306796,0.106978,-4.50433e-05
4.544,0.288388,-0.00306796,0.0962803,-4.0539e-05
4.546,0.288388,-0.00306796,0.0866522,-3.64851e-05
4.548,0.291456,-0.00306796,0.231385,-3.28366e-05
4.55,0.291456,-0.00306796,0.208247,-2.95529e-05
4.552,0.291456,-0.00306796,0.187422,-2.65976e-05
4.554,0.291456,0,0.16868,0.153374
4.556,0.291456,0,0.151812,0.138037
4.558,0.291456,0,0.136631,0.124233
4.56,0.291456,0,0.122968,0.11181
4.562,0.291456,0,0.110671,0.100629
4.564,0.294524,0,0.253002,0.0905659
4.566,0.294524,0,0.227702,0.0815093
4.568,0.294524,0,0.204931,0.0733584
4.57,0.294524,0,0.184438,0.0660225
4.572,0.294524,0,0.165994,0.0594203
4.574,0.294524,0,0.149395,0.0534783
4.576,0.294524,0,0.134456,0.0481304
4.578,0.297592,0,0.274408,0.0433174
4.58,0.297592,0,0.246967,0.0389856
4.582,0.297592,0,0.222271,0.0350871
4.584,0.297592,0,0.200043,0.0315784
4.586,0.297592,0,0.180039,0.0284205
4.588,0.297592,0,0.162035,0.0255785
4.59,0.297592,0,0.145832,0.0230206
4.592,0.297592,0,0.131249,0.0207186
4.594,0.297592,0,0.118124,0.0186467
4.596,0.297592,0,0.106311,0.016782
4.598,0.297592,0,0.0956802,0.0151038
4.6,0.30066,0,0.23951,0.0135935
4.602,0.30066,0,0.215559,0.0122341
4.604,0.30066,0,0.194003,0.0110107
4.606,0.30066,0,0.174603,0.00990963
4.608,0.30066,0,0.157143,0.00891867
4.61,0.30066,0,0.141428,0.0080268
4.612,0.30066,0,0.127286,0.00722412
4.614,0.30066,0,0.114557,0.00650171
4.616,0.30066,0,0.103101,0.00585154
4.618,0.30066,0,0.0927912,0.00526638
4.62,0.30066,0,0.0835121,0.00473974
4.622,0.30066,0,0.0751608,0.00426577
4.624,0.303728,0,0.221043,0.00383919
4.626,0.303728,0,0.198939,0.00345527
4.628,0.303728,0,0.179045,0.00310975
4.63,0.303728,0.00306796,0.16114,0.156197
4.632,0.303728,0.00306796,0.145026,0.140577
4.634,0.303728,0.00306796,0.130524,0.126519
4.636,0.303728,0.00306796,0.117471,0.113868
4.638,0.303728,0.00306796,0.105724,0.102481
4.64,0.303728,0.00306796,0.0951517,0.0922327
4.642,0.306796,0.00306796,0.239035,0.0830094
4.644,0.306796,0.00306796,0.215131,0.0747085
4.646,0.306796,0.00306796,0.193618,0.0672376
4.648,0.306796,0.00306796,0.174256,0.0605139
4.65,0.306796,0.00306796,0.156831,0.0544625
4.652,0.306796,0.00306796,0.141148,0.0490162
4.654,0.306796,0.00306796,0.127033,0.0441146
4.656,0.306796,0.00306796,0.11433,0.0397031
4.658,0.306796,0.00306796,0.102897,0.0357328
4.66,0.306796,0.00306796,0.0926069,0.0321595
4.662,0.306796,0.00306796,0.0833462,0.0289436
4.664,0.306796,0,0.0750116,-0.127349
4.666,0.306796,0,0.0675104,-0.114614
4.668,0.306796,0,0.0607594,-0.103153
4.67,0.306796,0,0.0546835,-0.0928373
4.672,0.306796,0,0.0492151,-0.0835536
4.674,0.306796,0,0.0442936,-0.0751982
4.676,0.306796,0,0.0398642,-0.0676784
4.678,0.306796,0,0.0358778,-0.0609106
4.68,0.306796,0,0.03229,-0.0548195
4.682,0.306796,0,0.029061,-0.0493376
4.684,0.306796,0,0.0261549,-0.0444038
4.686,0.306796,0,0.0235394,-0.0399634
4.688,0.306796,0,0.0211855,-0.0359671
4.69,0.309864,0,0.172465,-0.0323704
4.692,0.309864,0,0.155219,-0.0291333
4.694,0.309864,0,0.139697,-0.02622
4.696,0.309864,0,0.125727,-0.023598
4.698,0.309864,0,0.113154,-0.0212382
4.7,0.309864,0,0.101839,-0.0191144
4.702,0.309864,0,0.091655,-0.0172029
4.704,0.309864,0,0.0824895,-0.0154826
4.706,0.309864,0,0.0742405,-0.0139344
4.708,0.309864,0,0.0668165,-0.0125409
4.71,0.309864,0,0.0601348,-0.0112868
4.712,0.309864,0,0.0541214,-0.0101582
4.714,0.309864,0,0.0487092,-0.00914235
4.716,0.309864,0,0.0438383,-0.00822811
4.718,0.309864,0,0.0394545,-0.0074053
4.72,0.309864,0,0.035509,-0.00666477
4.722,0.309864,0,0.0319581,-0.00599829
4.724,0.309864,0,0.0287623,-0.00539847
4.726,0.309864,0,0.0258861,-0.00485862
4.728,0.309864,0,0.0232975,-0.00437276
4.73,0.309864,0,0.0209677,-0.00393548
4.732,0.309864,0,0.0188709,-0.00354193
4.734,0.309864,-0.00306796,0.0169839,-0.156586
4.736,0.309864,-0.00306796,0.0152855,-0.140927
4.738,0.309864,-0.00306796,0.0137569,-0.126835
4.74,0.309864,-0.00306796,0.0123812,-0.114151
4.742,0.309864,-0.00306796,0.0111431,-0.102736
4.744,0.309864,-0.00306796,0.0100288,-0.0924624
4.746,0.309864,-0.00306796,0.00902592,-0.0832161
4.748,0.309864,-0.00306796,0.00812332,-0.0748945
4.75,0.309864,-0.00306796,0.00731099,-0.0674051
4.752,0.312932,-0.00306796,0.159978,-0.0606646
4.754,0.312932,-0.00306796,0.14398,-0.0545981
4.756,0.312932,-0.00306796,0.129582,-0.0491383
4.758,0.312932,-0.00306796,0.116624,-0.0442245
4.76,0.312932,-0.00306796,0.104962,-0.039802
4.762,0.312932,-0.00306796,0.0944654,-0.0358218
4.764,0.312932,-0.00306796,0.0850189,-0.0322396
4.766,0.312932,-0.00306796,0.076517,-0.0290157
4.768,0.312932,-0.00306796,0.0688653,-0.0261141
4.77,0.312932,-0.00306796,0.0619787,-0.0235027
4.772,0.312932,-0.00306796,0.0557809,-0.0211524
4.774,0.312932,-0.00306796,0.0502028,-0.0190372
4.776,0.312932,-0.00306796,0.0451825,-0.0171335
4.778,0.312932,-0.00306796,0.0406643,-0.0154201
4.78,0.312932,-0.00306796,0.0365978,-0.0138781
4.782,0.312932,-0.00306796,0.032938,-0.0124903
4.784,0.312932,-0.00306796,0.0296442,-0.0112413
4.786,0.316,-0.00306796,0.180078,-0.0101171
4.788,0.316,0,0.16207,0.144293
4.79,0.316,0,0.145863,0.129863
4.792,0.316,0,0.131277,0.116877
4.794,0.316,0,0.118149,0.105189
4.796,0.316,0,0.106334,0.0946704
4.798,0.316,0,0.0957008,0.0852034
4.8,0.316,0,0.0861307,0.076683
4.802,0.316,0,0.0775176,0.0690147
4.804,0.316,0,0.0697659,0.0621133
4.806,0.316,0,0.0627893,0.0559019
4.808,0.316,0,0.0565104,0.0503117
4.81,0.319068,0,0.204257,0.0452806
4.812,0.319068,0,0.183832,0.0407525
4.814,0.319068,0,0.165448,0.0366773
4.816,0.319068,0,0.148904,0.0330095
4.818,0.319068,0,0.134013,0.0297086
4.82,0.319068,0,0.120612,0.0267377
4.822,0.319068,0,0.108551,0.0240639
4.824,0.319068,0,0.0976957,0.0216576
4.826,0.319068,0,0.0879261,0.0194918
4.828,0.319068,0,0.0791335,0.0175426
4.83,0.319068,0,0.0712202,0.0157884
4.832,0.319068,0,0.0640981,0.0142095
4.834,0.319068,0,0.0576883,0.0127886
4.836,0.319068,0,0.0519195,0.0115097
4.838,0.319068,0,0.0467275,0.0103587
4.84,0.319068,0,0.0420548,0.00932287
4.842,0.319068,0,0.0378493,0.00839058
4.844,0.319068,0,0.0340644,0.00755152
4.846,0.319068,0,0.0306579,0.00679637
4.848,0.319068,0,0.0275921,0.00611673
4.85,0.322136,0,0.178231,0.00550506
4.852,0.322136,0,0.160408,0.00495455
4.854,0.322136,0,0.144367,0.0044591
4.856,0.322136,0,0.12993,0.00401319
4.858,0.322136,0,0.116937,0.00361187
4.86,0.322136,-0.00306796,0.105244,-0.150147
4.862,0.322136,-0.00306796,0.0947193,-0.135133
4.864,0.322136,-0.00306796,0.0852473,-0.121619
4.866,0.322136,-0.00306796,0.0767226,-0.109457
4.868,0.322136,-0.00306796,0.0690503,-0.0985117
4.87,0.322136,-0.00306796,0.0621453,-0.0886605
4.872,0.322136,-0.00306796,0.0559308,-0.0797945
4.874,0.322136,-0.00306796,0.0503377,-0.071815
4.876,0.322136,-0.00306796,0.0453039,-0.0646335
4.878,0.322136,-0.00306796,0.0407735,-0.0581702
4.88,0.322136,-0.00306796,0.0366962,-0.0523532
4.882,0.322136,-0.00306796,0.0330266,-0.0471178
4.884,0.322136,-0.00306796,0.0297239,-0.0424061
4.886,0.322136,-0.00306796,0.0267515,-0.0381655
4.888,0.322136,-0.00306796,0.0240764,-0.0343489
4.89,0.322136,0,0.0216687,0.122484
4.892,0.322136,0,0.0195019,0.110236
4.894,0.325204,0,0.17095,0.0992121
4.896,0.325204,0,0.153855,0.0892909
4.898,0.325204,0,0.138469,0.0803618
4.9,0.325204,0,0.124622,0.0723256
4.902,0.325204,0,0.11216,0.0650931
4.904,0.325204,0,0.100944,0.0585837
4.906,0.325204,0,0.0908497,0.0527254
4.908,0.325204,0,0.0817647,0.0474528
4.91,0.325204,0,0.0735883,0.0427076
4.912,0.325204,0,0.0662294,0.0384368
4.914,0.325204,0,0.0596065,0.0345931
4.916,0.325204,0,0.0536458,0.0311338
4.918,0.325204,0,0.0482813,0.0280204
4.92,0.325204,0,0.0434531,0.0252184
4.922,0.325204,0,0.0391078,0.0226965
4.924,0.325204,0,0.035197,0.0204269
4.926,0.325204,0,0.0316773,0.0183842
4.928,0.325204,0,0.0285096,0.0165458
4.93,0.325204,0,0.0256586,0.0148912
4.932,0.325204,0,0.0230928,0.0134021
4.934,0.325204,0,0.0207835,0.0120619
4.936,0.325204,0,0.0187051,0.0108557
4.938,0.325204,0,0.0168346,0.00977012
4.94,0.325204,0,0.0151512,0.00879311
4.942,0.325204,0,0.0136361,0.0079138
4.944,0.325204,0,0.0122724,0.00712242
4.946,0.325204,0,0.0110452,0.00641017
4.948,0.325204,0,0.00994068,0.00576916
4.95,0.325204,0,0.00894661,0.00519224
4.952,0.325204,0,0.00805195,0.00467302
4.954,0.325204,0,0.00724676,0.00420572
4.956,0.325204,-0.00306796,0.00652208,-0.149613
4.958,0.325204,-0.00306796,0.00586987,-0.134652
4.96,0.325204,-0.00306796,0.00528289,-0.121186
4.962,0.325204,-0.00306796,0.0047546,-0.109068
4.964,0.325204,-0.00306796,0.00427914,-0.098161
4.966,0.325204,-0.00306796,0.00385122,-0.0883449
4.968,0.325204,-0.00306796,0.0034661,-0.0795104
4.97,0.325204,-0.00306796,0.00311949,-0.0715594
4.972,0.325204,-0.00306796,0.00280754,-0.0644035
4.974,0.325204,-0.00306796,0.00252679,-0.0579631
4.976,0.328272,-0.00306796,0.155672,-0.0521668
4.978,0.328272,-0.00306796,0.140105,-0.0469501
4.98,0.328272,-0.00306796,0.126094,-0.0422551
4.982,0.328272,-0.00306796,0.113485,-0.0380296
4.984,0.328272,-0.00306796,0.102137,-0.0342266
4.986,0.328272,-0.00306796,0.0919229,-0.030804
4.988,0.328272,-0.00306796,0.0827306,-0.0277236
4.99,0.328272,-0.00306796,0.0744575,-0.0249512
4.992,0.328272,-0.00306796,0.0670118,-0.0224561
4.994,0.328272,-0.00306796,0.0603106,-0.0202105
4.996,0.328272,-0.00306796,0.0542795,-0.0181894
4.998,0.328272,-0.00306796,0.0488516,-0.0163705
5,0.328272,-0.00306796,0.0439664,-0.0147334
5.002,0.328272,-0.00306796,0.0395698,-0.0132601
5.004,0.328272,-0.00306796,0.0356128,-0.0119341
5.006,0.328272,-0.00306796,0.0320515,-0.0107407
5.008,0.328272,-0.00306796,0.0288464,-0.00966661
5.01,0.33134,-0.00306796,0.17936,-0.00869995
5.012,0.33134,-0.00306796,0.161424,-0.00782996
5.014,0.33134,-0.00306796,0.145281,-0.00704696
5.016,0.33134,-0.00306796,0.130753,-0.00634227
5.018,0.33134,-0.00306796,0.117678,-0.00570804
5.02,0.33134,0,0.10591,0.148261
5.022,0.33134,0,0.0953192,0.133435
5.024,0.33134,0,0.0857872,0.120091
5.026,0.33134,0,0.0772085,0.108082
5.028,0.33134,0,0.0694877,0.0972739
5.03,0.33134,0,0.0625389,0.0875465
5.032,0.33134,0,0.056285,0.0787919
5.034,0.334408,0,0.204055,0.0709127
5.036,0.334408,0,0.183649,0.0638214
5.038,0.334408,0,0.165284,0.0574393
5.04,0.334408,0,0.148756,0.0516954
5.042,0.334408,0,0.13388,0.0465258
5.044,0.334408,0,0.120492,0.0418732
5.046,0.334408,0,0.108443,0.0376859
5.048,0.334408,0,0.0975987,0.0339173
5.05,0.334408,0,0.0878388,0.0305256
5.052,0.334408,0,0.0790549,0.027473
5.054,0.334408,0,0.0711494,0.0247257
5.056,0.334408,0,0.0640345,0.0222532
5.058,0.334408,0,0.057631,0.0200278
5.06,0.334408,0,0.0518679,0.0180251
5.062,0.334408,0,0.0466811,0.0162226
5.064,0.334408,0,0.042013,0.0146003
5.066,0.334408,0,0.0378117,0.0131403
5.068,0.334408,0,0.0340306,0.0118262
5.07,0.334408,0,0.0306275,0.0106436
5.072,0.334408,0,0.0275647,0.00957925
5.074,0.334408,0,0.0248083,0.00862133
5.076,0.334408,0,0.0223274,0.0077592
5.078,0.334408,0,0.0200947,0.00698328
5.08,0.334408,0,0.0180852,0.00628495
5.082,0.334408,0,0.0162767,0.00565645
5.084,0.334408,0,0.014649,0.00509081
5.086,0.334408,0,0.0131841,0.00458173
5.088,0.334408,0,0.0118657,0.00412355
5.09,0.334408,0,0.0106791,0.0037112
5.092,0.334408,0,0.00961123,0.00334008
5.094,0.334408,0,0.00865011,0.00300607
5.096,0.334408,0,0.0077851,0.00270546
5.098,0.334408,0,0.00700659,0.00243492
5.1,0.334408,0,0.00630593,0.00219143
5.102,0.334408,0,0.00567534,0.00197228
5.104,0.334408,0,0.0051078,0.00177506
5.106,0.334408,0,0.00459702,0.00159755
5.108,0.334408,0,0.00413732,0.00143779
5.11,0.334408,0,0.00372359,0.00129402
5.112,0.334408,0,0.00335123,0.00116461
5.114,0.334408,-0.00306796,0.00301611,-0.15235
5.116,0.334408,-0.00306796,0.0027145,-0.137115
5.118,0.334408,-0.00306796,0.00244305,-0.123403
5.12,0.334408,-0.00306796,0.00219874,-0.111063
5.122,0.334408,-0.00306796,0.00197887,-0.0999568
5.124,0.334408,-0.00306796,0.00178098,-0.0899611
5.126,0.334408,-0.00306796,0.00160288,-0.080965
5.128,0.334408,-0.00306796,0.00144259,-0.0728685
5.13,0.334408,-0.00306796,0.00129834,-0.0655816
5.132,0.334408,-0.00306796,0.0011685,-0.0590235
5.134,0.334408,-0.00306796,0.00105165,-0.0531211
5.136,0.337476,-0.00306796,0.154345,-0.047809
5.138,0.337476,-0.00306796,0.13891,-0.0430281
5.14,0.337476,-0.00306796,0.125019,-0.0387253
5.142,0.337476,-0.00306796,0.112517,-0.0348528
5.144,0.337476,-0.00306796,0.101265,-0.0313675
5.146,0.337476,-0.00306796,0.0911389,-0.0282307
5.148,0.337476,-0.00306796,0.082025,-0.0254077
5.15,0.337476,-0.00306796,0.0738225,-0.0228669
5.152,0.337476,-0.00306796,0.0664403,-0.0205802
5.154,0.337476,0,0.0597962,0.134876
5.156,0.337476,0,0.0538166,0.121388
5.158,0.337476,0,0.048435,0.109249
5.16,0.337476,0,0.0435915,0.0983245
5.162,0.337476,0,0.0392323,0.0884921
5.164,0.337476,0,0.0353091,0.0796429
5.166,0.337476,0,0.0317782,0.0716786
5.168,0.337476,0,0.0286004,0.0645107
5.17,0.337476,0,0.0257403,0.0580596
5.172,0.337476,0,0.0231663,0.0522537
5.174,0.337476,0,0.0208497,0.0470283
5.176,0.337476,0,0.0187647,0.0423255
5.178,0.337476,0,0.0168882,0.0380929
5.18,0.337476,0,0.0151994,0.0342836
5.182,0.337476,0,0.0136795,0.0308553
5.184,0.337476,0,0.0123115,0.0277697
5.186,0.337476,0,0.0110804,0.0249928
5.188,0.337476,0,0.00997233,0.0224935
5.19,0.337476,0,0.0089751,0.0202441
5.192,0.337476,0,0.00807759,0.0182197
5.194,0.337476,0,0.00726983,0.0163978
5.196,0.337476,0,0.00654284,0.014758
5.198,0.337476,0,0.00588856,0.0132822
5.2,0.337476,0,0.0052997,0.011954
5.202,0.337476,0,0.00476973,0.0107586
5.204,0.337476,0,0.00429276,0.00968271
5.206,0.337476,0,0.00386348,0.00871444
5.208,0.337476,0,0.00347714,0.007843
5.21,0.337476,0,0.00312942,0.0070587
5.212,0.337476,0,0.00281648,0.00635283
5.214,0.337476,0,0.00253483,0.00571754
5.216,0.337476,0,0.00228135,0.00514579
5.218,0.337476,0,0.00205321,0.00463121
5.22,0.337476,-0.00306796,0.00184789,-0.14923
5.222,0.337476,-0.00306796,0.0016631,-0.134307
5.224,0.337476,-0.00306796,0.00149679,-0.120876
5.226,0.337476,-0.00306796,0.00134711,-0.108789
5.228,0.337476,-0.00306796,0.0012124,-0.0979098
5.23,0.337476,-0.00306796,0.00109116,-0.0881188
5.232,0.337476,-0.00306796,0.000982046,-0.0793069
5.234,0.337476,-0.00306796,0.000883841,-0.0713762
5.236,0.337476,-0.00306796,0.000795457,-0.0642386
5.238,0.337476,-0.00306796,0.000715911,-0.0578148
5.24,0.337476,-0.00306796,0.00064432,-0.0520333
5.242,0.337476,0,0.000579888,0.106568
5.244,0.340544,0,0.15392,0.0959113
5.246,0.340544,0,0.138528,0.0863202
5.248,0.340544,0,0.124675,0.0776882
5.25,0.340544,0,0.112208,0.0699193
5.252,0.340544,0,0.100987,0.0629274
5.254,0.340544,0,0.0908882,0.0566347
5.256,0.340544,0,0.0817994,0.0509712
5.258,0.340544,0,0.0736194,0.0458741
5.26,0.340544,0,0.0662575,0.0412867
5.262,0.340544,0,0.0596318,0.037158
5.264,0.340544,0,0.0536686,0.0334422
5.266,0.340544,0,0.0483017,0.030098
5.268,0.340544,0,0.0434715,0.0270882
5.27,0.340544,0,0.0391244,0.0243794
5.272,0.340544,0,0.035212,0.0219414
5.274,0.340544,0,0.0316908,0.0197473
5.276,0.340544,0,0.0285217,0.0177726
5.278,0.340544,0,0.0256695,0.0159953
5.28,0.340544,0,0.0231026,0.0143958
5.282,0.340544,0,0.0207923,0.0129562
5.284,0.340544,0,0.0187131,0.0116606
5.286,0.340544,0,0.0168418,0.0104945
5.288,0.340544,0,0.0151576,0.00944507
5.29,0.340544,0,0.0136418,0.00850056
5.292,0.340544,0,0.0122776,0.0076505
5.294,0.340544,0,0.0110499,0.00688545
5.296,0.340544,0,0.0099449,0.00619691
5.298,0.340544,0,0.00895041,0.00557722
5.3,0.340544,0,0.00805537,0.0050195
5.302,0.340544,0,0.00724983,0.00451755
5.304,0.340544,0,0.00652485,0.00406579
5.306,0.340544,0,0.00587236,0.00365921
5.308,0.340544,0,0.00528513,0.00329329
5.31,0.340544,0,0.00475661,0.00296396
5.312,0.340544,0,0.00428095,0.00266757
5.314,0.340544,0,0.00385286,0.00240081
5.316,0.340544,0,0.00346757,0.00216073
5.318,0.340544,0,0.00312081,0.00194466
5.32,0.340544,0,0.00280873,0.00175019
5.322,0.340544,0,0.00252786,0.00157517
5.324,0.340544,0,0.00227507,0.00141765
5.326,0.340544,0,0.00204757,0.00127589
5.328,0.340544,0,0.00184281,0.0011483
5.33,0.340544,0,0.00165853,0.00103347
5.332,0.340544,0,0.00149268,0.000930123
5.334,0.340544,0,0.00134341,0.00083711
5.336,0.340544,0,0.00120907,0.000753399
5.338,0.340544,0,0.00108816,0.000678059
5.34,0.340544,0,0.000979344,0.000610254
5.342,0.340544,0,0.00088141,0.000549228
5.344,0.340544,0,0.000793269,0.000494305
5.346,0.340544,0,0.000713942,0.000444875
5.348,0.340544,0,0.000642548,0.000400387
5.35,0.340544,0,0.000578293,0.000360349
5.352,0.340544,0,0.000520464,0.000324314
5.354,0.340544,0,0.000468417,0.000291882
5.356,0.340544,0,0.000421576,0.000262694
5.358,0.340544,0,0.000379418,0.000236425
5.36,0.340544,0,0.000341476,0.000212782
5.362,0.340544,0,0.000307329,0.000191504
5.364,0.340544,0,0.000276596,0.000172354
5.366,0.340544,0,0.000248936,0.000155118
5.368,0.340544,0,0.000224043,0.000139606
5.37,0.340544,0,0.000201638,0.000125646
5.372,0.340544,0,0.000181474,0.000113081
5.374,0.340544,0,0.000163327,0.000101773
5.376,0.340544,0,0.000146994,9.15958e-05
5.378,0.340544,0,0.000132295,8.24362e-05
5.38,0.340544,0,0.000119065,7.41926e-05
5.382,0.340544,0,0.000107159,6.67733e-05
5.384,0.340544,0,9.6443e-05,6.0096e-05
5.386,0.340544,0,8.67987e-05,5.40864e-05
5.388,0.340544,0,7.81188e-05,4.86778e-05
5.39,0.340544,0,7.03069e-05,4.381e-05
5.392,0.340544,0,6.32762e-05,3.9429e-05
5.394,0.340544,0,5.69486e-05,3.54861e-05
5.396,0.340544,0,5.12538e-05,3.19375e-05
5.398,0.340544,0,4.61284e-05,2.87437e-05
5.4,0.340544,0,4.15155e-05,2.58694e-05
5.402,0.340544,0,3.7364e-05,2.32824e-05
5.404,0.340544,0,3.36276e-05,2.09542e-05
5.406,0.340544,0,3.02648e-05,1.88588e-05
5.408,0.340544,0,2.72383e-05,1.69729e-05
5.41,0.340544,0,2.45145e-05,1.52756e-05
5.412,0.340544,0,2.20631e-05,1.3748e-05
5.414,0.340544,0,1.98568e-05,1.23732e-05
5.416,0.340544,0,1.78711e-05,1.11359e-05
5.418,0.340544,0,1.6084e-05,1.00223e-05
5.42,0.340544,0,1.44756e-05,9.02009e-06
5.422,0.340544,0,1.3028e-05,8.11808e-06
5.424,0.340544,0,1.17252e-05,7.30627e-06
5.426,0.340544,0,1.05527e-05,6.57564e-06
5.428,0.340544,0,9.49742e-06,5.91808e-06
5.43,0.340544,0,8.54768e-06,5.32627e-06
5.432,0.340544,0,7.69291e-06,4.79364e-06
5.434,0.340544,0,6.92362e-06,4.31428e-06
5.436,0.340544,0,6.23126e-06,3.88285e-06
5.438,0.340544,0,5.60813e-06,3.49457e-06
5.44,0.340544,0,5.04732e-06,3.14511e-06
5.442,0.340544,0,4.54259e-06,2.8306e-06
5.444,0.340544,0,4.08833e-06,2.54754e-06
5.446,0.340544,0,3.6795e-06,2.29278e-06
5.448,0.340544,0,3.31155e-06,2.06351e-06
5.45,0.340544,0,2.98039e-06,1.85716e-06
5.452,0.340544,0,2.68235e-06,1.67144e-06
5.454,0.340544,0,2.41412e-06,1.5043e-06
5.456,0.340544,0.00306796,2.17271e-06,0.153399
5.458,0.340544,0.00306796,1.95544e-06,0.138059
5.46,0.340544,0.00306796,1.75989e-06,0.124254
5.462,0.340544,0.00306796,1.5839e-06,0.111828
5.464,0.340544,0.00306796,1.42551e-06,0.100645
5.466,0.340544,0.00306796,1.28296e-06,0.0905808
5.468,0.340544,0.00306796,1.15467e-06,0.0815227
5.47,0.340544,0.00306796,1.0392e-06,0.0733705
5.472,0.340544,0.00306796,9.35279e-07,0.0660334
5.474,0.340544,0.00306796,8.41751e-07,0.0594301
5.476,0.340544,0.00306796,7.57576e-07,0.0534871
5.478,0.340544,0.00306796,6.81818e-07,0.0481384
5.48,0.340544,0.00306796,6.13636e-07,0.0433245
5.482,0.340544,0.00306796,5.52273e-07,0.0389921
5.484,0.340544,0.00306796,4.97045e-07,0.0350929
5.486,0.340544,0.00306796,4.47341e-07,0.0315836
5.488,0.340544,0.00306796,4.02607e-07,0.0284252
5.49,0.340544,0.00306796,3.62346e-07,0.0255827
5.492,0.340544,0.00306796,3.26112e-07,0.0230244
5.494,0.340544,0.00306796,2.935e-07,0.020722
5.496,0.337476,0,-0.153398,-0.134748
5.498,0.337476,0,-0.138058,-0.121273
5.5,0.337476,0,-0.124252,-0.109146
5.502,0.337476,0,-0.111827,-0.0982315
5.504,0.337476,0,-0.100644,-0.0884084
5.506,0.337476,0,-0.0905799,-0.0795675
5.508,0.337476,0,-0.0815219,-0.0716108
5.51,0.337476,0,-0.0733697,-0.0644497
5.512,0.337476,0,-0.0660327,-0.0580047
5.514,0.337476,0,-0.0594295,-0.0522042
5.516,0.337476,0,-0.0534865,-0.0469838
5.518,0.337476,0,-0.0481379,-0.0422854
5.52,0.337476,0,-0.0433241,-0.0380569
5.522,0.337476,0,-0.0389917,-0.0342512
5.524,0.337476,0,-0.0350925,-0.0308261
5.526,0.337476,0.00306796,-0.0315832,0.125655
5.528,0.337476,0.00306796,-0.0284249,0.113089
5.53,0.337476,0.00306796,-0.0255824,0.10178
5.532,0.337476,0.00306796,-0.0230242,0.0916022
5.534,0.337476,0.00306796,-0.0207218,0.082442
5.536,0.337476,0.00306796,-0.0186496,0.0741978
5.538,0.337476,0.00306796,-0.0167846,0.066778
5.54,0.337476,0.00306796,-0.0151062,0.0601002
5.542,0.337476,0.00306796,-0.0135956,0.0540902
5.544,0.337476,0.00306796,-0.012236,0.0486812
5.546,0.337476,0.00306796,-0.0110124,0.0438131
5.548,0.337476,0.00306796,-0.00991116,0.0394317
5.55,0.337476,0.00306796,-0.00892004,0.0354886
5.552,0.337476,0.00306796,-0.00802804,0.0319397
5.554,0.337476,0.00306796,-0.00722523,0.0287457
5.556,0.337476,0.00306796,-0.00650271,0.0258712
5.558,0.337476,0.00306796,-0.00585244,0.0232841
5.56,0.337476,0.00306796,-0.0052672,0.0209556
5.562,0.337476,0.00306796,-0.00474048,0.0188601
5.564,0.337476,0.00306796,-0.00426643,0.0169741
5.566,0.337476,0.00306796,-0.00383979,0.0152767
5.568,0.337476,0.00306796,-0.00345581,0.013749
5.57,0.337476,0.00306796,-0.00311023,0.0123741
5.572,0.334408,0.00306796,-0.156197,0.0111367
5.574,0.334408,0.00306796,-0.140578,0.010023
5.576,0.334408,0.00306796,-0.12652,0.00902072
5.578,0.334408,0.00306796,-0.113868,0.00811865
5.58,0.334408,0.00306796,-0.102481,0.00730678
5.582,0.334408,0.00306796,-0.0922329,0.0065761
5.584,0.334408,0.00306796,-0.0830096,0.00591849
5.586,0.334408,0.00306796,-0.0747087,0.00532664
5.588,0.334408,0.00306796,-0.0672378,0.00479398
5.59,0.334408,0.00306796,-0.060514,0.00431458
5.592,0.334408,0.00306796,-0.0544626,0.00388312
5.594,0.334408,0.00306796,-0.0490164,0.00349481
5.596,0.334408,0.00306796,-0.0441147,0.00314533
5.598,0.334408,0.00306796,-0.0397033,0.0028308
5.6,0.334408,0.00306796,-0.0357329,0.00254772
5.602,0.334408,0.00306796,-0.0321596,0.00229295
5.604,0.334408,0.00306796,-0.0289437,0.00206365
5.606,0.33134,0.00306796,-0.179447,0.00185729
5.608,0.33134,0.00306796,-0.161503,0.00167156
5.61,0.33134,0.00306796,-0.145352,0.0015044
5.612,0.33134,0.00306796,-0.130817,0.00135396
5.614,0.33134,0.00306796,-0.117735,0.00121857
5.616,0.33134,0.00306796,-0.105962,0.00109671
5.618,0.33134,0.00306796,-0.0953657,0.000987038
5.62,0.33134,0.00306796,-0.0858291,0.000888334
5.622,0.33134,0.00306796,-0.0772462,0.000799501
5.624,0.33134,0.00306796,-0.0695216,0.000719551
5.626,0.328272,0.00306796,-0.215968,0.000647596
5.628,0.328272,0.00306796,-0.194371,0.000582836
5.63,0.328272,0.00306796,-0.174934,0.000524552
5.632,0.328272,0.00306796,-0.15744,0.000472097
5.634,0.328272,0.00306796,-0.141696,0.000424887
5.636,0.328272,0.00306796,-0.127527,0.000382399
5.638,0.328272,0.00306796,-0.114774,0.000344159
5.64,0.328272,0.00306796,-0.103297,0.000309743
5.642,0.325204,0.00306796,-0.246365,0.000278769
5.644,0.325204,0.00306796,-0.221729,0.000250892
5.646,0.325204,0.00306796,-0.199556,0.000225803
5.648,0.325204,0.00306796,-0.1796,0.000203222
5.65,0.325204,0.00306796,-0.16164,0.0001829
5.652,0.325204,0.00306796,-0.145476,0.00016461
5.654,0.325204,0.00306796,-0.130928,0.000148149
5.656,0.325204,0,-0.117836,-0.153265
5.658,0.325204,0,-0.106052,-0.137938
5.66,0.322136,0,-0.248845,-0.124144
5.662,0.322136,0,-0.22396,-0.11173
5.664,0.322136,0,-0.201564,-0.100557
5.666,0.322136,0,-0.181408,-0.0905013
5.668,0.322136,0,-0.163267,-0.0814512
5.67,0.322136,0,-0.14694,-0.0733061
5.672,0.322136,0,-0.132246,-0.0659754
5.674,0.322136,0,-0.119022,-0.0593779
5.676,0.319068,0,-0.260518,-0.0534401
5.678,0.319068,0,-0.234466,-0.0480961
5.68,0.319068,0,-0.211019,-0.0432865
5.682,0.319068,0,-0.189917,-0.0389578
5.684,0.319068,0,-0.170926,-0.0350621
5.686,0.319068,0,-0.153833,-0.0315559
5.688,0.319068,0,-0.13845,-0.0284003
5.69,0.316,0,-0.278003,-0.0255602
5.692,0.316,0,-0.250203,-0.0230042
5.694,0.316,0,-0.225182,-0.0207038
5.696,0.316,0,-0.202664,-0.0186334
5.698,0.316,0,-0.182398,-0.0167701
5.7,0.316,0,-0.164158,-0.0150931
5.702,0.316,0,-0.147742,-0.0135838
5.704,0.312932,0,-0.286366,-0.0122254
5.706,0.312932,0,-0.257729,-0.0110028
5.708,0.312932,0,-0.231956,-0.00990256
5.71,0.312932,0,-0.208761,-0.0089123
5.712,0.312932,0,-0.187885,-0.00802107
5.714,0.312932,0,-0.169096,-0.00721897
5.716,0.312932,0,-0.152187,-0.00649707
5.718,0.312932,-0.00306796,-0.136968,-0.159245
5.72,0.312932,-0.00306796,-0.123271,-0.143321
5.722,0.309864,-0.00306796,-0.264342,-0.128989
5.724,0.309864,-0.00306796,-0.237908,-0.11609
5.726,0.309864,-0.00306796,-0.214117,-0.104481
5.728,0.309864,-0.00306796,-0.192705,-0.0940328
5.73,0.309864,-0.00306796,-0.173435,-0.0846296
5.732,0.309864,-0.00306796,-0.156091,-0.0761666
5.734,0.309864,-0.00306796,-0.140482,-0.0685499
5.736,0.309864,-0.00306796,-0.126434,-0.0616949
5.738,0.309864,-0.00306796,-0.113791,-0.0555255
5.74,0.306796,-0.00306796,-0.25581,-0.0499729
5.742,0.306796,-0.00306796,-0.230229,-0.0449756
5.744,0.306796,-0.00306796,-0.207206,-0.0404781
5.746,0.306796,-0.00306796,-0.186485,-0.0364302
5.748,0.306796,-0.00306796,-0.167837,-0.0327872
5.75,0.306796,-0.00306796,-0.151053,-0.0295085
5.752,0.306796,-0.00306796,-0.135948,-0.0265577
5.754,0.306796,-0.00306796,-0.122353,-0.0239019
5.756,0.306796,-0.00306796,-0.110118,-0.0215117
5.758,0.306796,-0.00306796,-0.0991059,-0.0193605
5.76,0.306796,-0.00306796,-0.0891953,-0.0174245
5.762,0.303728,-0.00306796,-0.233674,-0.015682
5.764,0.303728,0,-0.210306,0.139284
5.766,0.303728,0,-0.189276,0.125356
5.768,0.303728,0,-0.170348,0.11282
5.77,0.303728,0,-0.153313,0.101538
5.772,0.303728,0,-0.137982,0.0913844
5.774,0.303728,0,-0.124184,0.082246
5.776,0.303728,0,-0.111765,0.0740214
5.778,0.303728,0,-0.100589,0.0666192
5.78,0.303728,0,-0.09053,0.0599573
5.782,0.30066,0,-0.234875,0.0539616
5.784,0.30066,0,-0.211388,0.0485654
5.786,0.30066,0,-0.190249,0.0437089
5.788,0.30066,0,-0.171224,0.039338
5.79,0.30066,0,-0.154102,0.0354042
5.792,0.30066,0,-0.138691,0.0318638
5.794,0.30066,0,-0.124822,0.0286774
5.796,0.30066,0,-0.11234,0.0258097
5.798,0.30066,0,-0.101106,0.0232287
5.8,0.297592,-0.00306796,-0.244394,-0.132492
5.802,0.297592,-0.00306796,-0.219954,-0.119243
5.804,0.297592,-0.00306796,-0.197959,-0.107319
5.806,0.297592,-0.00306796,-0.178163,-0.0965869
5.808,0.297592,-0.00306796,-0.160347,-0.0869282
5.81,0.297592,-0.00306796,-0.144312,-0.0782354
5.812,0.297592,-0.00306796,-0.129881,-0.0704118
5.814,0.294524,-0.00306796,-0.270291,-0.0633706
5.816,0.294524,-0.00306796,-0.243262,-0.0570336
5.818,0.294524,-0.00306796,-0.218935,-0.0513302
5.82,0.294524,-0.00306796,-0.197042,-0.0461972
5.822,0.294524,-0.00306796,-0.177338,-0.0415775
5.824,0.294524,-0.00306796,-0.159604,-0.0374197
5.826,0.294524,-0.00306796,-0.143644,-0.0336778
5.828,0.294524,-0.00306796,-0.129279,-0.03031
5.83,0.291456,-0.00306796,-0.269749,-0.027279
5.832,0.291456,-0.00306796,-0.242774,-0.0245511
5.834,0.291456,-0.00306796,-0.218497,-0.022096
5.836,0.291456,-0.00306796,-0.196647,-0.0198864
5.838,0.291456,-0.00306796,-0.176983,-0.0178977
5.84,0.291456,-0.00306796,-0.159284,-0.016108
5.842,0.291456,-0.00306796,-0.143356,-0.0144972
5.844,0.291456,-0.00306796,-0.12902,-0.0130475
5.846,0.291456,-0.00306796,-0.116118,-0.0117427
5.848,0.288388,-0.00306796,-0.257905,-0.0105684
5.85,0.288388,-0.00306796,-0.232114,-0.00951159
5.852,0.288388,-0.00306796,-0.208903,-0.00856043
5.854,0.288388,-0.00306796,-0.188012,-0.00770439
5.856,0.288388,-0.00306796,-0.169211,-0.00693395
5.858,0.288388,-0.00306796,-0.15229,-0.00624056
5.86,0.288388,-0.00306796,-0.137061,-0.0056165
5.862,0.288388,-0.00306796,-0.123355,-0.00505485
5.864,0.288388,-0.00306796,-0.111019,-0.00454937
5.866,0.288388,0,-0.0999175,0.149304
5.868,0.288388,0,-0.0899257,0.134373
5.87,0.288388,0,-0.0809332,0.120936
5.872,0.288388,0,-0.0728399,0.108842
5.874,0.288388,0,-0.0655559,0.0979581
5.876,0.28532,0,-0.212398,0.0881623
5.878,0.28532,0,-0.191159,0.0793461
5.88,0.28532,0,-0.172043,0.0714115
5.882,0.28532,0,-0.154838,0.0642703
5.884,0.28532,0,-0.139355,0.0578433
5.886,0.28532,0,-0.125419,0.052059
5.888,0.28532,0,-0.112877,0.0468531
5.89,0.28532,0,-0.101589,0.0421678
5.892,0.28532,0,-0.0914305,0.037951
5.894,0.282252,0,-0.235686,0.0341559
5.896,0.282252,0,-0.212117,0.0307403
5.898,0.282252,0,-0.190905,0.0276663
5.9,0.282252,0,-0.171815,0.0248996
5.902,0.282252,0,-0.154633,0.0224097
5.904,0.279185,-0.00306796,-0.292568,-0.133229
5.906,0.279185,-0.00306796,-0.263311,-0.119906
5.908,0.279185,-0.00306796,-0.23698,-0.107916
5.91,0.279185,-0.00306796,-0.213282,-0.0971242
5.912,0.279185,-0.00306796,-0.191954,-0.0874118
5.914,0.279185,-0.00306796,-0.172759,-0.0786706
5.916,0.276117,-0.00306796,-0.308881,-0.0708035
5.918,0.276117,-0.00306796,-0.277993,-0.0637232
5.92,0.276117,-0.00306796,-0.250193,-0.0573509
5.922,0.276117,-0.00306796,-0.225174,-0.0516158
5.924,0.276117,-0.00306796,-0.202657,-0.0464542
5.926,0.276117,-0.00306796,-0.182391,-0.0418088
5.928,0.276117,-0.00306796,-0.164152,-0.0376279
5.93,0.276117,-0.00306796,-0.147737,-0.0338651
5.932,0.276117,-0.00306796,-0.132963,-0.0304786
5.934,0.273049,-0.00306796,-0.273065,-0.0274307
5.936,0.273049,-0.00306796,-0.245758,-0.0246877
5.938,0.273049,-0.00306796,-0.221182,-0.0222189
5.94,0.273049,-0.00306796,-0.199064,-0.019997
5.942,0.273049,-0.00306796,-0.179158,-0.0179973
5.944,0.273049,-0.00306796,-0.161242,-0.0161976
5.946,0.273049,-0.00306796,-0.145118,-0.0145778
5.948,0.273049,-0.00306796,-0.130606,-0.01312
5.95,0.273049,-0.00306796,-0.117545,-0.011808
5.952,0.269981,-0.00306796,-0.259189,-0.0106272
5.954,0.269981,-0.00306796,-0.23327,-0.00956451
5.956,0.269981,-0.00306796,-0.209943,-0.00860806
5.958,0.269981,-0.00306796,-0.188949,-0.00774725
5.96,0.269981,-0.00306796,-0.170054,-0.00697253
5.962,0.269981,-0.00306796,-0.153048,-0.00627527
5.964,0.269981,-0.00306796,-0.137744,-0.00564775
5.966,0.269981,-0.00306796,-0.123969,-0.00508297
5.968,0.266913,-0.00306796,-0.26497,-0.00457468
5.97,0.266913,-0.00306796,-0.238473,-0.00411721
5.972,0.266913,-0.00306796,-0.214626,-0.00370549
5.974,0.266913,-0.00306796,-0.193163,-0.00333494
5.976,0.266913,-0.00306796,-0.173847,-0.00300144
5.978,0.266913,-0.00306796,-0.156462,-0.0027013
5.98,0.266913,-0.00306796,-0.140816,-0.00243117
5.982,0.266913,-0.00306796,-0.126735,-0.00218805
5.984,0.266913,-0.00306796,-0.114061,-0.00196925
5.986,0.266913,-0.00306796,-0.102655,-0.00177232
5.988,0.266913,-0.00306796,-0.0923895,-0.00159509
5.99,0.266913,-0.00306796,-0.0831505,-0.00143558
5.992,0.263845,-0.00306796,-0.228234,-0.00129202
5.994,0.263845,-0.00306796,-0.20541,-0.00116282
5.996,0.263845,0,-0.184869,0.152352
5.998,0.263845,0,-0.166382,0.137116
6,0.263845,0,-0.149744,0.123405
6.002,0.263845,0,-0.13477,0.111064
6.004,0.263845,0,-0.121293,0.0999578
6.006,0.263845,0,-0.109163,0.0899621
6.008,0.263845,0,-0.0982471,0.0809659
6.01,0.263845,0,-0.0884224,0.0728693
6.012,0.263845,0,-0.0795801,0.0655823
6.014,0.263845,0,-0.0716221,0.0590241
6.016,0.263845,0,-0.0644599,0.0531217
6.018,0.263845,0,-0.0580139,0.0478095
6.02,0.263845,0,-0.0522125,0.0430286
6.022,0.260777,0,-0.200389,0.0387257
6.024,0.260777,0,-0.18035,0.0348531
6.026,0.260777,0,-0.162315,0.0313678
6.028,0.260777,0,-0.146084,0.028231
6.03,0.260777,0,-0.131475,0.0254079
6.032,0.260777,0,-0.118328,0.0228671
6.034,0.260777,0,-0.106495,0.0205804
6.036,0.260777,0,-0.0958456,0.0185224
6.038,0.260777,0,-0.086261,0.0166702
6.04,0.257709,0,-0.231033,0.0150031
6.042,0.257709,0,-0.20793,0.0135028
6.044,0.257709,0,-0.187137,0.0121525
6.046,0.257709,0,-0.168423,0.0109373
6.048,0.257709,0,-0.151581,0.00984356
6.05,0.257709,0,-0.136423,0.0088592
6.052,0.257709,0,-0.12278,0.00797328
6.054,0.254641,0,-0.2639,0.00717595
6.056,0.254641,0,-0.23751,0.00645836
6.058,0.254641,0,-0.213759,0.00581252
6.06,0.254641,0,-0.192383,0.00523127
6.062,0.254641,0,-0.173145,0.00470814
6.064,0.254641,0,-0.155831,0.00423733
6.066,0.254641,0,-0.140248,0.0038136
6.068,0.251573,0,-0.279621,0.00343224
6.07,0.251573,0,-0.251659,0.00308901
6.072,0.251573,0,-0.226493,0.00278011
6.074,0.251573,0,-0.203844,0.0025021
6.076,0.251573,0,-0.183459,0.00225189
6.078,0.251573,0,-0.165113,0.0020267
6.08,0.251573,0,-0.148602,0.00182403
6.082,0.251573,0,-0.133742,0.00164163
6.084,0.248505,0,-0.273766,0.00147747
6.086,0.248505,0,-0.246389,0.00132972
6.088,0.248505,0,-0.22175,0.00119675
6.09,0.248505,-0.00306796,-0.199575,-0.152321
6.092,0.248505,-0.00306796,-0.179618,-0.137089
6.094,0.248505,-0.00306796,-0.161656,-0.12338
6.096,0.245437,-0.00306796,-0.298888,-0.111042
6.098,0.245437,-0.00306796,-0.269,-0.0999378
6.1,0.245437,-0.00306796,-0.2421,-0.089944
6.102,0.245437,-0.00306796,-0.21789,-0.0809496
6.104,0.245437,-0.00306796,-0.196101,-0.0728547
6.106,0.242369,-0.00306796,-0.329889,-0.0655692
6.108,0.242369,-0.00306796,-0.2969,-0.0590123
6.11,0.242369,-0.00306796,-0.26721,-0.0531111
6.112,0.242369,-0.00306796,-0.240489,-0.0477999
6.114,0.242369,-0.00306796,-0.21644,-0.04302
6.116,0.242369,-0.00306796,-0.194796,-0.038718
6.118,0.239301,-0.00306796,-0.328714,-0.0348462
6.12,0.239301,-0.00306796,-0.295843,-0.0313615
6.122,0.239301,-0.00306796,-0.266259,-0.0282254
6.124,0.239301,-0.00306796,-0.239633,-0.0254029
6.126,0.239301,-0.00306796,-0.21567,-0.0228626
6.128,0.239301,-0.00306796,-0.194103,-0.0205763
6.13,0.239301,-0.00306796,-0.174692,-0.0185187
6.132,0.239301,-0.00306796,-0.157223,-0.0166668
6.134,0.236233,-0.00306796,-0.294899,-0.0150001
6.136,0.236233,-0.00306796,-0.265409,-0.0135001
6.138,0.236233,-0.00306796,-0.238868,-0.0121501
6.14,0.236233,-0.00306796,-0.214981,-0.0109351
6.142,0.236233,-0.00306796,-0.193483,-0.00984158
6.144,0.236233,-0.00306796,-0.174135,-0.00885743
6.146,0.236233,-0.00306796,-0.156721,-0.00797168
6.148,0.236233,-0.00306796,-0.141049,-0.00717452
6.15,0.233165,-0.00306796,-0.280342,-0.00645706
6.152,0.233165,-0.00306796,-0.252308,-0.00581136
6.154,0.233165,-0.00306796,-0.227077,-0.00523022
6.156,0.233165,-0.00306796,-0.20437,-0.0047072
6.158,0.233165,-0.00306796,-0.183933,-0.00423648
6.16,0.233165,-0.00306796,-0.165539,-0.00381283
6.162,0.233165,-0.00306796,-0.148985,-0.00343155
6.164,0.230097,-0.00306796,-0.287485,-0.00308839
6.166,0.230097,-0.00306796,-0.258736,-0.00277955
6.168,0.230097,-0.00306796,-0.232863,-0.0025016
6.17,0.230097,-0.00613592,-0.209577,-0.15565
6.172,0.230097,-0.00613592,-0.188619,-0.140085
6.174,0.230097,-0.00613592,-0.169757,-0.126076
6.176,0.230097,-0.00613592,-0.152781,-0.113468
6.178,0.227029,-0.00613592,-0.290901,-0.102122
6.18,0.227029,-0.00613592,-0.261811,-0.0919095
6.182,0.227029,-0.00613592,-0.23563,-0.0827185
6.184,0.227029,-0.00613592,-0.212067,-0.0744467
6.186,0.227029,-0.00613592,-0.19086,-0.067002
6.188,0.227029,-0.00613592,-0.171774,-0.0603018
6.19,0.227029,-0.00306796,-0.154597,0.0991264
6.192,0.227029,-0.00306796,-0.139137,0.0892138
6.194,0.227029,-0.00306796,-0.125223,0.0802924
6.196,0.227029,-0.00306796,-0.112701,0.0722632
6.198,0.227029,-0.00306796,-0.101431,0.0650369
6.2,0.227029,-0.00306796,-0.0912879,0.0585332
6.202,0.227029,-0.00306796,-0.0821591,0.0526799
6.204,0.227029,-0.00306796,-0.0739432,0.0474119
6.206,0.227029,-0.00306796,-0.0665489,0.0426707
6.208,0.227029,-0.00306796,-0.059894,0.0384036
6.21,0.223961,-0.00306796,-0.207303,0.0345633
6.212,0.223961,-0.00306796,-0.186572,0.0311069
6.214,0.223961,-0.00306796,-0.167915,0.0279962
6.216,0.223961,-0.00306796,-0.151124,0.0251966
6.218,0.223961,-0.00306796,-0.136011,0.022677
6.22,0.223961,-0.00306796,-0.12241,0.0204093
6.222,0.223961,-0.00306796,-0.110169,0.0183683
6.224,0.223961,-0.00306796,-0.0991522,0.0165315
6.226,0.223961,-0.00306796,-0.089237,0.0148783
6.228,0.223961,-0.00306796,-0.0803133,0.0133905
6.23,0.223961,-0.00306796,-0.072282,0.0120515
6.232,0.223961,-0.00306796,-0.0650538,0.0108463
6.234,0.223961,-0.00306796,-0.0585484,0.00976168
6.236,0.223961,-0.00306796,-0.0526936,0.00878552
6.238,0.220893,-0.00306796,-0.200822,0.00790696
6.24,0.220893,0,-0.18074,0.160514
6.242,0.220893,0,-0.162666,0.144463
6.244,0.220893,0,-0.146399,0.130017
6.246,0.220893,0,-0.131759,0.117015
6.248,0.220893,0,-0.118584,0.105313
6.25,0.220893,0,-0.106725,0.0947821
6.252,0.220893,0,-0.0960527,0.0853039
6.254,0.220893,0,-0.0864474,0.0767735
6.256,0.220893,0,-0.0778027,0.0690962
6.258,0.220893,0,-0.0700224,0.0621865
6.26,0.220893,0,-0.0630202,0.0559679
6.262,0.217825,0,-0.210116,0.0503711
6.264,0.217825,0,-0.189105,0.045334
6.266,0.217825,0,-0.170194,0.0408006
6.268,0.217825,0,-0.153175,0.0367205
6.27,0.217825,0,-0.137857,0.0330485
6.272,0.217825,0,-0.124072,0.0297436
6.274,0.217825,0,-0.111664,0.0267693
6.276,0.217825,0,-0.100498,0.0240923
6.278,0.217825,0,-0.0904481,0.0216831
6.28,0.214757,0,-0.234801,0.0195148
6.282,0.214757,0,-0.211321,0.0175633
6.284,0.214757,0,-0.190189,0.015807
6.286,0.214757,0,-0.17117,0.0142263
6.288,0.214757,0,-0.154053,0.0128037
6.29,0.214757,0,-0.138648,0.0115233
6.292,0.214757,0,-0.124783,0.010371
6.294,0.214757,0,-0.112305,0.00933387
6.296,0.214757,0,-0.101074,0.00840048
6.298,0.214757,0,-0.0909669,0.00756043
6.3,0.211689,0,-0.235268,0.00680439
6.302,0.211689,0,-0.211741,0.00612395
6.304,0.211689,0,-0.190567,0.00551156
6.306,0.211689,0,-0.171511,0.0049604
6.308,0.211689,0,-0.15436,0.00446436
6.31,0.211689,0,-0.138924,0.00401792
6.312,0.211689,0,-0.125031,0.00361613
6.314,0.208621,0,-0.265926,0.00325452
6.316,0.208621,0,-0.239334,0.00292907
6.318,0.208621,0,-0.2154,0.00263616
6.32,0.208621,0,-0.19386,0.00237254
6.322,0.208621,-0.00306796,-0.174474,-0.151263
6.324,0.205553,-0.00306796,-0.310425,-0.136137
6.326,0.205553,-0.00306796,-0.279382,-0.122523
6.328,0.205553,-0.00306796,-0.251444,-0.110271
6.33,0.205553,-0.00306796,-0.2263,-0.0992435
6.332,0.205553,-0.00306796,-0.20367,-0.0893192
6.334,0.202485,-0.00306796,-0.336701,-0.0803872
6.336,0.202485,-0.00306796,-0.303031,-0.0723485
6.338,0.202485,-0.00306796,-0.272728,-0.0651137
6.34,0.202485,-0.00306796,-0.245455,-0.0586023
6.342,0.202485,-0.00306796,-0.220909,-0.0527421
6.344,0.202485,-0.00306796,-0.198818,-0.0474679
6.346,0.202485,-0.00306796,-0.178937,-0.0427211
6.348,0.202485,-0.00306796,-0.161043,-0.038449
6.35,0.199418,-0.00306796,-0.298337,-0.0346041
6.352,0.199418,-0.00306796,-0.268503,-0.0311437
6.354,0.199418,-0.00306796,-0.241653,-0.0280293
6.356,0.199418,-0.00306796,-0.217487,-0.0252264
6.358,0.199418,-0.00306796,-0.195739,-0.0227037
6.36,0.199418,-0.00306796,-0.176165,-0.0204334
6.362,0.199418,-0.00306796,-0.158548,-0.01839
6.364,0.199418,-0.00306796,-0.142694,-0.016551
6.366,0.19635,-0.00306796,-0.281822,-0.0148959
6.368,0.19635,-0.00306796,-0.25364,-0.0134063
6.37,0.19635,-0.00306796,-0.228276,-0.0120657
6.372,0.19635,-0.00306796,-0.205448,-0.0108591
6.374,0.19635,-0.00306796,-0.184904,-0.00977321
6.376,0.19635,-0.00613592,-0.166413,-0.162194
6.378,0.193282,-0.00613592,-0.30317,-0.145975
6.38,0.193282,-0.00613592,-0.272853,-0.131377
6.382,0.193282,-0.00613592,-0.245568,-0.118239
6.384,0.193282,-0.00613592,-0.221011,-0.106415
6.386,0.193282,-0.00613592,-0.19891,-0.0957739
6.388,0.193282,-0.00613592,-0.179019,-0.0861965
6.39,0.193282,-0.00613592,-0.161117,-0.0775769
6.392,0.190214,-0.00613592,-0.298403,-0.0698192
6.394,0.190214,-0.00613592,-0.268563,-0.0628373
6.396,0.190214,-0.00613592,-0.241707,-0.0565535
6.398,0.190214,-0.00613592,-0.217536,-0.0508982
6.4,0.190214,-0.00613592,-0.195782,-0.0458084
6.402,0.190214,-0.00613592,-0.176204,-0.0412275
6.404,0.190214,-0.00613592,-0.158584,-0.0371048
6.406,0.190214,-0.00613592,-0.142725,-0.0333943
6.408,0.190214,-0.00613592,-0.128453,-0.0300549
6.41,0.190214,-0.00306796,-0.115608,0.126349
6.412,0.190214,-0.00306796,-0.104047,0.113714
6.414,0.190214,-0.00306796,-0.0936421,0.102342
6.416,0.190214,-0.00306796,-0.0842779,0.0921082
6.418,0.190214,-0.00306796,-0.0758501,0.0828974
6.42,0.190214,-0.00306796,-0.0682651,0.0746076
6.422,0.190214,-0.00306796,-0.0614386,0.0671469
6.424,0.190214,-0.00306796,-0.0552947,0.0604322
6.426,0.190214,-0.00306796,-0.0497653,0.054389
6.428,0.190214,-0.00306796,-0.0447887,0.0489501
6.43,0.187146,-0.00306796,-0.193708,0.0440551
6.432,0.187146,-0.00306796,-0.174337,0.0396496
6.434,0.187146,-0.00306796,-0.156903,0.0356846
6.436,0.187146,-0.00306796,-0.141213,0.0321161
6.438,0.187146,-0.00306796,-0.127092,0.0289045
6.44,0.187146,-0.00306796,-0.114383,0.0260141
6.442,0.187146,-0.00306796,-0.102944,0.0234127
6.444,0.187146,-0.00306796,-0.0926499,0.0210714
6.446,0.187146,-0.00306796,-0.0833849,0.0189643
6.448,0.187146,-0.00306796,-0.0750464,0.0170678
6.45,0.187146,-0.00306796,-0.0675418,0.0153611
6.452,0.187146,-0.00306796,-0.0607876,0.0138249
6.454,0.187146,0,-0.0547088,0.165841
6.456,0.187146,0,-0.049238,0.149256
6.458,0.187146,0,-0.0443142,0.134331
6.46,0.187146,0,-0.0398827,0.120898
6.462,0.187146,0,-0.0358945,0.108808
6.464,0.184078,0,-0.185703,0.0979272
6.466,0.184078,0,-0.167133,0.0881345
6.468,0.184078,0,-0.15042,0.079321
6.47,0.184078,0,-0.135378,0.0713889
6.472,0.184078,0,-0.12184,0.06425
6.474,0.184078,0,-0.109656,0.057825
6.476,0.184078,0,-0.0986902,0.0520425
6.478,0.184078,0,-0.0888212,0.0468383
6.48,0.184078,0,-0.0799391,0.0421544
6.482,0.184078,0,-0.0719452,0.037939
6.484,0.184078,0,-0.0647507,0.0341451
6.486,0.18101,0,-0.211674,0.0307306
6.488,0.18101,0,-0.190506,0.0276575
6.49,0.18101,0,-0.171456,0.0248918
6.492,0.18101,0,-0.15431,0.0224026
6.494,0.18101,0,-0.138879,0.0201623
6.496,0.18101,0,-0.124991,0.0181461
6.498,0.18101,0,-0.112492,0.0163315
6.5,0.18101,0,-0.101243,0.0146983
6.502,0.18101,0,-0.0911186,0.0132285
6.504,0.18101,0,-0.0820067,0.0119057
6.506,0.177942,0,-0.227204,0.0107151
6.508,0.177942,0,-0.204484,0.00964358
6.51,0.177942,0,-0.184035,0.00867922
6.512,0.177942,0,-0.165632,0.0078113
6.514,0.177942,0,-0.149069,0.00703017
6.516,0.177942,0,-0.134162,0.00632715
6.518,0.177942,0,-0.120746,0.00569444
6.52,0.177942,0,-0.108671,0.005125
6.522,0.177942,0,-0.0978039,0.0046125
6.524,0.177942,0,-0.0880235,0.00415125
6.526,0.177942,0,-0.0792212,0.00373612
6.528,0.174874,0,-0.224697,0.00336251
6.53,0.174874,0,-0.202227,0.00302626
6.532,0.174874,0,-0.182005,0.00272363
6.534,0.174874,0,-0.163804,0.00245127
6.536,0.174874,0,-0.147424,0.00220614
6.538,0.174874,0,-0.132681,0.00198553
6.54,0.174874,0,-0.119413,0.00178698
6.542,0.174874,0,-0.107472,0.00160828
6.544,0.174874,0,-0.0967248,0.00144745
6.546,0.171806,0,-0.24045,0.00130271
6.548,0.171806,0,-0.216405,0.00117243
6.55,0.171806,0,-0.194765,0.00105519
6.552,0.171806,0,-0.175288,0.000949672
6.554,0.171806,0,-0.157759,0.000854705
6.556,0.171806,0,-0.141984,0.000769234
6.558,0.171806,0,-0.127785,0.000692311
6.56,0.168738,0,-0.268405,0.00062308
6.562,0.168738,0,-0.241564,0.000560772
6.564,0.168738,0,-0.217408,0.000504695
6.566,0.168738,0,-0.195667,0.000454225
6.568,0.168738,0,-0.1761,0.000408803
6.57,0.168738,0,-0.15849,0.000367922
6.572,0.168738,0,-0.142641,0.00033113
6.574,0.16567,-0.00306796,-0.281775,-0.1531
6.576,0.16567,-0.00306796,-0.253598,-0.13779
6.578,0.16567,-0.00306796,-0.228238,-0.124011
6.58,0.16567,-0.00306796,-0.205414,-0.11161
6.582,0.16567,-0.00306796,-0.184873,-0.100449
6.584,0.16567,-0.00306796,-0.166385,-0.0904041
6.586,0.16567,-0.00306796,-0.149747,-0.0813636
6.588,0.16567,-0.00306796,-0.134772,-0.0732273
6.59,0.16567,-0.00306796,-0.121295,-0.0659046
6.592,0.162602,-0.00306796,-0.262564,-0.0593141
6.594,0.162602,-0.00306796,-0.236307,-0.0533827
6.596,0.162602,-0.00306796,-0.212676,-0.0480444
6.598,0.162602,-0.00306796,-0.191409,-0.04324
6.6,0.162602,-0.00306796,-0.172268,-0.038916
6.602,0.162602,-0.00306796,-0.155041,-0.0350244
6.604,0.162602,-0.00306796,-0.139537,-0.0315219
6.606,0.162602,-0.00306796,-0.125583,-0.0283698
6.608,0.162602,-0.00306796,-0.113025,-0.0255328
6.61,0.162602,-0.00306796,-0.101723,-0.0229795
6.612,0.162602,-0.00306796,-0.0915503,-0.0206815
6.614,0.162602,-0.00306796,-0.0823952,-0.0186134
6.616,0.162602,-0.00306796,-0.0741557,-0.0167521
6.618,0.159534,-0.00306796,-0.220138,-0.0150768
6.62,0.159534,0,-0.198124,0.139829
6.622,0.159534,0,-0.178312,0.125846
6.624,0.159534,0,-0.160481,0.113261
6.626,0.159534,0,-0.144433,0.101935
6.628,0.159534,0,-0.129989,0.0917418
6.63,0.159534,0,-0.11699,0.0825676
6.632,0.159534,0,-0.105291,0.0743108
6.634,0.159534,0,-0.0947623,0.0668797
6.636,0.159534,0,-0.0852861,0.0601918
6.638,0.159534,0,-0.0767575,0.0541726
6.64,0.156466,0,-0.22248,0.0487553
6.642,0.156466,0,-0.200232,0.0438798
6.644,0.156466,0,-0.180209,0.0394918
6.646,0.156466,0,-0.162188,0.0355426
6.648,0.156466,0,-0.145969,0.0319884
6.65,0.156466,0,-0.131372,0.0287895
6.652,0.156466,0,-0.118235,0.0259106
6.654,0.156466,0,-0.106411,0.0233195
6.656,0.156466,0,-0.0957703,0.0209876
6.658,0.156466,0,-0.0861932,0.0188888
6.66,0.156466,0,-0.0775739,0.0169999
6.662,0.153398,0,-0.223215,0.0152999
6.664,0.153398,0,-0.200893,0.0137699
6.666,0.153398,0,-0.180804,0.012393
6.668,0.153398,0,-0.162723,0.0111537
6.67,0.153398,0,-0.146451,0.0100383
6.672,0.153398,0,-0.131806,0.00903446
6.674,0.153398,0,-0.118625,0.00813101
6.676,0.153398,0,-0.106763,0.00731791
6.678,0.153398,0,-0.0960866,0.00658612
6.68,0.153398,0,-0.0864779,0.00592751
6.682,0.153398,0,-0.0778301,0.00533476
6.684,0.153398,0,-0.0700471,0.00480128
6.686,0.153398,0,-0.0630424,0.00432115
6.688,0.153398,0,-0.0567382,0.00388904
6.69,0.153398,0,-0.0510643,0.00350014
6.692,0.15033,0,-0.199356,0.00315012
6.694,0.15033,0,-0.17942,0.00283511
6.696,0.15033,0,-0.161478,0.0025516
6.698,0.15033,0,-0.145331,0.00229644
6.7,0.15033,0.00306796,-0.130797,0.155465
6.702,0.15033,0.00306796,-0.117718,0.139918
6.704,0.15033,0.00306796,-0.105946,0.125927
6.706,0.15033,0.00306796,-0.0953513,0.113334
6.708,0.15033,0.00306796,-0.0858162,0.102001
6.71,0.15033,0.00306796,-0.0772346,0.0918005
6.712,0.15033,0.00306796,-0.0695111,0.0826204
6.714,0.15033,0.00306796,-0.06256,0.0743584
6.716,0.15033,0.00306796,-0.056304,0.0669225
6.718,0.15033,0.00306796,-0.0506736,0.0602303
6.72,0.147262,0.00306796,-0.199004,0.0542072
6.722,0.147262,0.00306796,-0.179104,0.0487865
6.724,0.147262,0.00306796,-0.161194,0.0439079
6.726,0.147262,0.00306796,-0.145074,0.0395171
6.728,0.147262,0.00306796,-0.130567,0.0355654
6.73,0.147262,0.00306796,-0.11751,0.0320088
6.732,0.147262,0.00306796,-0.105759,0.028808
6.734,0.147262,0.00306796,-0.0951832,0.0259272
6.736,0.147262,0.00306796,-0.0856648,0.0233344
6.738,0.147262,0.00306796,-0.0770984,0.021001
6.74,0.147262,0.00306796,-0.0693885,0.0189009
6.742,0.147262,0.00306796,-0.0624497,0.0170108
6.744,0.144194,0.00306796,-0.209603,0.0153097
6.746,0.144194,0.00306796,-0.188643,0.0137788
6.748,0.144194,0.00306796,-0.169778,0.0124009
6.75,0.144194,0.00613592,-0.1528,0.164559
6.752,0.144194,0.00613592,-0.13752,0.148103
6.754,0.144194,0.00613592,-0.123768,0.133293
6.756,0.144194,0.00613592,-0.111392,0.119963
6.758,0.144194,0.00613592,-0.100252,0.107967
6.76,0.144194,0.00613592,-0.0902271,0.0971704
6.762,0.144194,0.00613592,-0.0812044,0.0874533
6.764,0.144194,0.00613592,-0.073084,0.078708
6.766,0.144194,0.00613592,-0.0657756,0.0708372
6.768,0.144194,0.00613592,-0.059198,0.0637535
6.77,0.144194,0.00613592,-0.0532782,0.0573781
6.772,0.144194,0.00613592,-0.0479504,0.0516403
6.774,0.144194,0.00613592,-0.0431554,0.0464763
6.776,0.141126,0.00613592,-0.192238,0.0418287
6.778,0.141126,0.00920388,-0.173014,0.191044
6.78,0.141126,0.00920388,-0.155713,0.171939
6.782,0.141126,0.00920388,-0.140141,0.154746
6.784,0.141126,0.00920388,-0.126127,0.139271
6.786,0.141126,0.00920388,-0.113515,0.125344
6.788,0.141126,0.00920388,-0.102163,0.112809
6.79,0.141126,0.00920388,-0.0919468,0.101529
6.792,0.141126,0.00920388,-0.0827521,0.0913757
6.794,0.141126,0.00920388,-0.0744769,0.0822381
6.796,0.141126,0.00920388,-0.0670292,0.0740143
6.798,0.141126,0.00920388,-0.0603263,0.0666129
6.8,0.141126,0.00920388,-0.0542937,0.0599516
6.802,0.141126,0.0122718,-0.0488643,0.207355
6.804,0.141126,0.0122718,-0.0439779,0.186619
6.806,0.141126,0.0122718,-0.0395801,0.167957
6.808,0.141126,0.0122718,-0.0356221,0.151161
6.81,0.138058,0.0122718,-0.185458,0.136045
6.812,0.138058,0.0122718,-0.166912,0.122441
6.814,0.138058,0.0122718,-0.150221,0.110197
6.816,0.138058,0.0122718,-0.135199,0.099177
6.818,0.138058,0.0122718,-0.121679,0.0892593
6.82,0.138058,0.0122718,-0.109511,0.0803334
6.822,0.138058,0.0122718,-0.09856,0.0723
6.824,0.138058,0.0122718,-0.088704,0.06507
6.826,0.13499,0.0122718,-0.233232,0.058563
6.828,0.13499,0.0122718,-0.209908,0.0527067
6.83,0.13499,0.0122718,-0.188918,0.0474361
6.832,0.13499,0.0122718,-0.170026,0.0426925
6.834,0.13499,0.0122718,-0.153023,0.0384232
6.836,0.131922,0.0122718,-0.291119,0.0345809
6.838,0.131922,0.0122718,-0.262007,0.0311228
6.84,0.131922,0.0122718,-0.235806,0.0280105
6.842,0.131922,0.0122718,-0.212226,0.0252095
6.844,0.128854,0.0122718,-0.344401,0.0226885
6.846,0.128854,0.0122718,-0.309961,0.0204197
6.848,0.128854,0.0122718,-0.278965,0.0183777
6.85,0.128854,0.0122718,-0.251069,0.0165399
6.852,0.128854,0.0122718,-0.225962,0.0148859
6.854,0.128854,0.0122718,-0.203366,0.0133973
6.856,0.125786,0.0122718,-0.336427,0.0120576
6.858,0.125786,0.0122718,-0.302784,0.0108518
6.86,0.125786,0.0122718,-0.272506,0.00976666
6.862,0.125786,0.0122718,-0.245255,0.00879
6.864,0.122718,0.0122718,-0.374128,0.007911
6.866,0.122718,0.0122718,-0.336715,0.0071199
6.868,0.122718,0.0122718,-0.303044,0.00640791
6.87,0.119651,0.0122718,-0.426137,0.00576712
6.872,0.119651,0.00920388,-0.383524,-0.148208
6.874,0.119651,0.00920388,-0.345171,-0.133387
6.876,0.116583,0.00920388,-0.464052,-0.120048
6.878,0.116583,0.00920388,-0.417647,-0.108043
6.88,0.116583,0.00920388,-0.375882,-0.0972391
6.882,0.116583,0.00920388,-0.338294,-0.0875151
6.884,0.113515,0.00920388,-0.457863,-0.0787636
6.886,0.113515,0.00920388,-0.412076,-0.0708873
6.888,0.113515,0.00920388,-0.370869,-0.0637985
6.89,0.110447,0.00920388,-0.48718,-0.0574187
6.892,0.110447,0.00613592,-0.438462,-0.205075
6.894,0.107379,0.00613592,-0.548014,-0.184567
6.896,0.107379,0.00613592,-0.493212,-0.166111
6.898,0.107379,0.00613592,-0.443891,-0.1495
6.9,0.104311,0.00613592,-0.5529,-0.13455
6.902,0.104311,0.00613592,-0.49761,-0.121095
6.904,0.104311,0.00613592,-0.447849,-0.108985
6.906,0.101243,0.00613592,-0.556462,-0.0980867
6.908,0.101243,0.00613592,-0.500816,-0.088278
6.91,0.101243,0.00306796,-0.450734,-0.232848
6.912,0.101243,0.00306796,-0.405661,-0.209563
6.914,0.0981748,0.00306796,-0.518493,-0.188607
6.916,0.0981748,0.00306796,-0.466644,-0.169746
6.918,0.0951068,0.00306796,-0.573377,-0.152772
6.92,0.0951068,0.00306796,-0.51604,-0.137495
6.922,0.0951068,0.00306796,-0.464436,-0.123745
6.924,0.0920388,0.00306796,-0.57139,-0.111371
6.926,0.0920388,0.00306796,-0.514251,-0.100234
6.928,0.0920388,0.00306796,-0.462826,-0.0902102
6.93,0.0889709,0.00306796,-0.569942,-0.0811892
6.932,0.0889709,0.00306796,-0.512947,-0.0730703
6.934,0.0889709,0,-0.461653,-0.219161
6.936,0.0859029,0,-0.568885,-0.197245
6.938,0.0859029,0,-0.511997,-0.177521
6.94,0.0859029,0,-0.460797,-0.159769
6.942,0.082835,0,-0.568116,-0.143792
6.944,0.082835,0,-0.511304,-0.129413
6.946,0.082835,0,-0.460174,-0.116471
6.948,0.079767,0,-0.567554,-0.104824
6.95,0.079767,0,-0.510799,-0.0943418
6.952,0.079767,0,-0.459719,-0.0849076
6.954,0.079767,0,-0.413747,-0.0764168
6.956,0.076699,0,-0.52577,-0.0687751
6.958,0.076699,0,-0.473193,-0.0618976
6.96,0.076699,0,-0.425874,-0.0557079
6.962,0.0736311,-0.00306796,-0.536685,-0.203535
6.964,0.0736311,-0.00306796,-0.483016,-0.183182
6.966,0.0736311,-0.00306796,-0.434715,-0.164863
6.968,0.0705631,-0.00306796,-0.544641,-0.148377
6.97,0.0705631,-0.00306796,-0.490177,-0.133539
6.972,0.0705631,-0.00306796,-0.441159,-0.120185
6.974,0.0674952,-0.00306796,-0.550442,-0.108167
6.976,0.0674952,-0.00306796,-0.495397,-0.0973502
6.978,0.0674952,-0.00306796,-0.445858,-0.0876152
6.98,0.0674952,-0.00306796,-0.401272,-0.0788537
6.982,0.0644272,-0.00306796,-0.514543,-0.0709683
6.984,0.0644272,-0.00306796,-0.463089,-0.0638715
6.986,0.0644272,-0.00306796,-0.41678,-0.0574843
6.988,0.0644272,-0.00306796,-0.375102,-0.0517359
6.99,0.0613592,-0.00306796,-0.49099,-0.0465623
6.992,0.0613592,-0.00306796,-0.441891,-0.0419061
6.994,0.0613592,-0.00306796,-0.397702,-0.0377155
6.996,0.0613592,-0.00306796,-0.357931,-0.0339439
6.998,0.0582913,-0.00306796,-0.475536,-0.0305495
7,0.0582913,-0.00306796,-0.427983,-0.0274946
7.002,0.0582913,-0.00306796,-0.385184,-0.0247451
7.004,0.0582913,-0.00306796,-0.346666,-0.0222706
7.006,0.0552233,-0.00306796,-0.465397,-0.0200436
7.008,0.0552233,-0.00306796,-0.418858,-0.0180392
7.01,0.0552233,-0.00306796,-0.376972,-0.0162353
7.012,0.0552233,-0.00306796,-0.339275,-0.0146117
7.014,0.0552233,-0.00306796,-0.305347,-0.0131506
7.016,0.0521553,-0.00306796,-0.428211,-0.0118355
7.018,0.0521553,-0.00306796,-0.38539,-0.010652
7.02,0.0521553,-0.00306796,-0.346851,-0.00958677
7.022,0.0521553,0,-0.312166,0.14477
7.024,0.0521553,0,-0.280949,0.130293
7.026,0.0490874,0,-0.406252,0.117264
7.028,0.0490874,0,-0.365627,0.105537
7.03,0.0490874,0,-0.329064,0.0949836
7.032,0.0490874,0,-0.296158,0.0854852
7.034,0.0460194,0,-0.41994,0.0769367
7.036,0.0460194,0,-0.377946,0.069243
7.038,0.0460194,0,-0.340152,0.0623187
7.04,0.0460194,0,-0.306136,0.0560869
7.042,0.0429515,0,-0.428921,0.0504782
7.044,0.0429515,0,-0.386029,0.0454304
7.046,0.0429515,0,-0.347426,0.0408873
7.048,0.0429515,0,-0.312683,0.0367986
7.05,0.0429515,0,-0.281415,0.0331187
7.052,0.0398835,0,-0.406672,0.0298069
7.054,0.0398835,0,-0.366004,0.0268262
7.056,0.0398835,0,-0.329404,0.0241436
7.058,0.0398835,0,-0.296464,0.0217292
7.06,0.0368155,0,-0.420215,0.0195563
7.062,0.0368155,0,-0.378194,0.0176007
7.064,0.0368155,0,-0.340374,0.0158406
7.066,0.0337476,0,-0.459735,0.0142565
7.068,0.0337476,0,-0.413762,0.0128309
7.07,0.0337476,0,-0.372385,0.0115478
7.072,0.0306796,0,-0.488545,0.010393
7.074,0.0306796,0,-0.43969,0.00935371
7.076,0.0306796,0,-0.395721,0.00841834
7.078,0.0306796,0,-0.356149,0.0075765
7.08,0.0276117,-0.00306796,-0.473932,-0.146579
7.082,0.0276117,-0.00306796,-0.426539,-0.131921
7.084,0.0276117,-0.00306796,-0.383885,-0.118729
7.086,0.0276117,-0.00306796,-0.345497,-0.106856
7.088,0.0245437,-0.00306796,-0.464345,-0.0961706
7.09,0.0245437,-0.00306796,-0.417911,-0.0865536
7.092,0.0245437,-0.00306796,-0.37612,-0.0778982
7.094,0.0214757,-0.00306796,-0.491906,-0.0701084
7.096,0.0214757,-0.00306796,-0.442715,-0.0630976
7.098,0.0214757,-0.00306796,-0.398444,-0.0567878
7.1,0.0184078,-0.00306796,-0.511997,-0.051109
7.102,0.0184078,-0.00306796,-0.460798,-0.0459981
7.104,0.0184078,-0.00306796,-0.414718,-0.0413983
7.106,0.0184078,-0.00306796,-0.373246,-0.0372585
7.108,0.0184078,-0.00306796,-0.335921,-0.0335326
7.11,0.0153398,-0.00306796,-0.455727,-0.0301794
7.112,0.0153398,-0.00306796,-0.410155,-0.0271614
7.114,0.0153398,-0.00306796,-0.369139,-0.0244453
7.116,0.0153398,-0.00306796,-0.332225,-0.0220008
7.118,0.0122718,-0.00306796,-0.452401,-0.0198007
7.12,0.0122718,-0.00306796,-0.407161,-0.0178206
7.122,0.0122718,-0.00306796,-0.366445,-0.0160386
7.124,0.00920388,-0.00306796,-0.483198,-0.0144347
7.126,0.00920388,-0.00306796,-0.434878,-0.0129912
7.128,0.00920388,-0.00306796,-0.391391,-0.0116921
7.13,0.00613592,-0.00306796,-0.50565,-0.0105229
7.132,0.00613592,-0.00306796,-0.455085,-0.0094706
7.134,0.00613592,-0.00306796,-0.409576,-0.00852354
7.136,0.00613592,-0.00613592,-0.368619,-0.161069
7.138,0.00613592,-0.00613592,-0.331757,-0.144962
7.14,0.00306796,-0.00613592,-0.451979,-0.130466
7.142,0.00306796,-0.00613592,-0.406781,-0.117419
7.144,0.00306796,-0.00613592,-0.366103,-0.105678
7.146,0.00306796,-0.00613592,-0.329493,-0.0951098
7.148,-0,-0.00613592,-0.449942,-0.0855988
7.15,-0,-0.00613592,-0.404947,-0.0770389
7.152,-0,-0.00613592,-0.364453,-0.069335
7.154,-0.00306796,-0.00613592,-0.481405,-0.0624015
7.156,-0.00306796,-0.00613592,-0.433265,-0.0561614
7.158,-0.00306796,-0.00613592,-0.389938,-0.0505452
7.16,-0.00306796,-0.00613592,-0.350945,-0.0454907
7.162,-0.00306796,-0.00613592,-0.31585,-0.0409416
7.164,-0.00613592,-0.00613592,-0.437663,-0.0368475
7.166,-0.00613592,-0.00613592,-0.393897,-0.0331627
7.168,-0.00613592,-0.00613592,-0.354507,-0.0298465
7.17,-0.00613592,-0.00613592,-0.319056,-0.0268618
7.172,-0.00613592,-0.00613592,-0.287151,-0.0241756
7.174,-0.00613592,-0.00613592,-0.258436,-0.0217581
7.176,-0.00920388,-0.00613592,-0.38599,-0.0195823
7.178,-0.00920388,-0.00306796,-0.347391,0.135774
7.18,-0.00920388,-0.00306796,-0.312652,0.122197
7.182,-0.00920388,-0.00306796,-0.281387,0.109977
7.184,-0.00920388,-0.00306796,-0.253248,0.0989793
7.186,-0.00920388,-0.00306796,-0.227923,0.0890813
7.188,-0.0122718,-0.00306796,-0.358529,0.0801732
7.19,-0.0122718,-0.00306796,-0.322676,0.0721559
7.192,-0.0122718,-0.00306796,-0.290409,0.0649403
7.194,-0.0122718,-0.00306796,-0.261368,0.0584463
7.196,-0.0122718,-0.00306796,-0.235231,0.0526016
7.198,-0.0153398,-0.00306796,-0.365106,0.0473415
7.2,-0.0153398,-0.00306796,-0.328595,0.0426073
7.202,-0.0153398,-0.00306796,-0.295736,0.0383466
7.204,-0.0153398,-0.00306796,-0.266162,0.0345119
7.206,-0.0153398,-0.00306796,-0.239546,0.0310607
7.208,-0.0184078,-0.00306796,-0.368989,0.0279547
7.21,-0.0184078,-0.00306796,-0.332091,0.0251592
7.212,-0.0184078,-0.00306796,-0.298881,0.0226433
7.214,-0.0184078,-0.00306796,-0.268993,0.020379
7.216,-0.0184078,-0.00306796,-0.242094,0.0183411
7.218,-0.0184078,-0.00306796,-0.217885,0.016507
7.22,-0.0214757,-0.00306796,-0.349494,0.0148563
7.222,-0.0214757,-0.00306796,-0.314545,0.0133706
7.224,-0.0214757,-0.00306796,-0.28309,0.0120336
7.226,-0.0214757,-0.00306796,-0.254781,0.0108302
7.228,-0.0214757,-0.00306796,-0.229303,0.00974719
7.23,-0.0214757,-0.00306796,-0.206373,0.00877247
7.232,-0.0245437,-0.00306796,-0.339134,0.00789522
7.234,-0.0245437,0,-0.30522,0.160504
7.236,-0.0245437,0,-0.274698,0.144453
7.238,-0.0245437,0,-0.247228,0.130008
7.24,-0.0276117,0,-0.375904,0.117007
7.242,-0.0276117,0,-0.338313,0.105307
7.244,-0.0276117,0,-0.304482,0.0947759
7.246,-0.0276117,0,-0.274034,0.0852983
7.248,-0.0276117,0,-0.24663,0.0767685
7.25,-0.0306796,0,-0.375365,0.0690916
7.252,-0.0306796,0,-0.337829,0.0621825
7.254,-0.0306796,0,-0.304046,0.0559642
7.256,-0.0306796,0,-0.273641,0.0503678
7.258,-0.0306796,0,-0.246277,0.045331
7.26,-0.0337476,0,-0.375048,0.0407979
7.262,-0.0337476,-0.00306796,-0.337543,-0.11668
7.264,-0.0337476,-0.00306796,-0.303789,-0.105012
7.266,-0.0337476,-0.00306796,-0.27341,-0.0945108
7.268,-0.0337476,-0.00306796,-0.246069,-0.0850597
7.27,-0.0368155,-0.00306796,-0.37486,-0.0765537
7.272,-0.0368155,-0.00306796,-0.337374,-0.0688984
7.274,-0.0368155,-0.00306796,-0.303637,-0.0620085
7.276,-0.0398835,-0.00306796,-0.426671,-0.0558077
7.278,-0.0398835,-0.00306796,-0.384004,-0.0502269
7.28,-0.0398835,-0.00306796,-0.345603,-0.0452042
7.282,-0.0398835,-0.00306796,-0.311043,-0.0406838
7.284,-0.0429515,-0.00306796,-0.433337,-0.0366154
7.286,-0.0429515,-0.00306796,-0.390003,-0.0329539
7.288,-0.0429515,-0.00306796,-0.351003,-0.0296585
7.29,-0.0429515,-0.00306796,-0.315903,-0.0266926
7.292,-0.0429515,-0.00306796,-0.284312,-0.0240234
7.294,-0.0429515,-0.00306796,-0.255881,-0.021621
7.296,-0.0460194,-0.00306796,-0.383691,-0.0194589
7.298,-0.0460194,-0.00306796,-0.345322,-0.017513
7.3,-0.0460194,-0.00306796,-0.31079,-0.0157617
7.302,-0.0460194,-0.00306796,-0.279711,-0.0141856
7.304,-0.0460194,-0.00306796,-0.25174,-0.012767
7.306,-0.0460194,-0.00306796,-0.226566,-0.0114903
7.308,-0.0490874,-0.00306796,-0.357307,-0.0103413
7.31,-0.0490874,-0.00306796,-0.321577,-0.00930715
7.312,-0.0490874,-0.00306796,-0.289419,-0.00837643
7.314,-0.0490874,-0.00306796,-0.260477,-0.00753879
7.316,-0.0521553,-0.00306796,-0.387827,-0.00678491
7.318,-0.0521553,-0.00306796,-0.349045,-0.00610642
7.32,-0.0521553,-0.00306796,-0.31414,-0.00549578
7.322,-0.0521553,-0.00306796,-0.282726,-0.0049462
7.324,-0.0552233,-0.00306796,-0.407852,-0.00445158
7.326,-0.0552233,-0.00306796,-0.367066,-0.00400642
7.328,-0.0552233,-0.00306796,-0.33036,-0.00360578
7.33,-0.0552233,-0.00306796,-0.297324,-0.0032452
7.332,-0.0552233,-0.00306796,-0.267591,-0.00292068
7.334,-0.0552233,-0.00306796,-0.240832,-0.00262861
7.336,-0.0582913,-0.00306796,-0.370147,-0.00236575
7.338,-0.0582913,-0.00306796,-0.333132,-0.00212918
7.34,-0.0582913,-0.00306796,-0.299819,-0.00191626
7.342,-0.0582913,-0.00306796,-0.269837,-0.00172463
7.344,-0.0582913,-0.00306796,-0.242854,-0.00155217
7.346,-0.0582913,-0.00306796,-0.218568,-0.00139695
7.348,-0.0613592,-0.00306796,-0.350109,-0.00125726
7.35,-0.0613592,-0.00306796,-0.315099,-0.00113153
7.352,-0.0613592,-0.00306796,-0.283589,-0.00101838
7.354,-0.0613592,-0.00306796,-0.25523,-0.000916541
7.356,-0.0644272,-0.00306796,-0.383105,-0.000824887
7.358,-0.0644272,-0.00306796,-0.344794,-0.000742398
7.36,-0.0644272,-0.00306796,-0.310315,-0.000668158
7.362,-0.0644272,-0.00306796,-0.279283,-0.000601342
7.364,-0.0674952,-0.00306796,-0.404753,-0.000541208
7.366,-0.0674952,-0.00306796,-0.364278,-0.000487087
7.368,-0.0674952,-0.00306796,-0.32785,-0.000438379
7.37,-0.0674952,-0.00613592,-0.295065,-0.153793
7.372,-0.0674952,-0.00613592,-0.265559,-0.138413
7.374,-0.0674952,-0.00613592,-0.239003,-0.124572
7.376,-0.0705631,-0.00613592,-0.368501,-0.112115
7.378,-0.0705631,-0.00613592,-0.33165,-0.100903
7.38,-0.0705631,-0.00613592,-0.298485,-0.090813
7.382,-0.0705631,-0.00613592,-0.268637,-0.0817317
7.384,-0.0705631,-0.00613592,-0.241773,-0.0735585
7.386,-0.0736311,-0.00613592,-0.370994,-0.0662027
7.388,-0.0736311,-0.00613592,-0.333895,-0.0595824
7.39,-0.0736311,-0.00613592,-0.300505,-0.0536242
7.392,-0.0736311,-0.00613592,-0.270455,-0.0482618
7.394,-0.0736311,-0.00613592,-0.243409,-0.0434356
7.396,-0.0736311,-0.00613592,-0.219068,-0.039092
7.398,-0.076699,-0.00613592,-0.350559,-0.0351828
7.4,-0.076699,-0.00613592,-0.315504,-0.0316645
7.402,-0.076699,-0.00613592,-0.283953,-0.0284981
7.404,-0.076699,-0.00306796,-0.255558,0.12775
7.406,-0.076699,-0.00306796,-0.230002,0.114975
7.408,-0.076699,-0.00306796,-0.207002,0.103477
7.41,-0.076699,-0.00306796,-0.186302,0.0931296
7.412,-0.076699,-0.00306796,-0.167672,0.0838166
7.414,-0.079767,-0.00306796,-0.304302,0.075435
7.416,-0.079767,-0.00306796,-0.273872,0.0678915
7.418,-0.079767,-0.00306796,-0.246485,0.0611023
7.42,-0.079767,-0.00306796,-0.221836,0.0549921
7.422,-0.079767,-0.00306796,-0.199653,0.0494929
7.424,-0.079767,-0.00306796,-0.179688,0.0445436
7.426,-0.079767,-0.00306796,-0.161719,0.0400892
7.428,-0.079767,-0.00306796,-0.145547,0.0360803
7.43,-0.079767,-0.00306796,-0.130992,0.0324723
7.432,-0.082835,-0.00306796,-0.271291,0.0292251
7.434,-0.082835,-0.00306796,-0.244162,0.0263026
7.436,-0.082835,-0.00306796,-0.219746,0.0236723
7.438,-0.082835,-0.00306796,-0.197771,0.0213051
7.44,-0.082835,-0.00306796,-0.177994,0.0191746
7.442,-0.082835,-0.00306796,-0.160195,0.0172571
7.444,-0.082835,-0.00306796,-0.144175,0.0155314
7.446,-0.082835,-0.00306796,-0.129758,0.0139783
7.448,-0.0859029,-0.00306796,-0.27018,0.0125804
7.45,-0.0859029,-0.00306796,-0.243162,0.0113224
7.452,-0.0859029,-0.00306796,-0.218846,0.0101901
7.454,-0.0859029,-0.00306796,-0.196961,0.00917113
7.456,-0.0859029,-0.00306796,-0.177265,0.00825402
7.458,-0.0859029,-0.00306796,-0.159539,0.00742862
7.46,-0.0889709,-0.00306796,-0.296983,0.00668576
7.462,-0.0889709,-0.00306796,-0.267285,0.00601718
7.464,-0.0889709,-0.00306796,-0.240556,0.00541546
7.466,-0.0889709,-0.00306796,-0.2165,0.00487392
7.468,-0.0889709,-0.00306796,-0.19485,0.00438652
7.47,-0.0889709,-0.00306796,-0.175365,0.00394787
7.472,-0.0889709,-0.00306796,-0.157829,0.00355308
7.474,-0.0920388,-0.00306796,-0.295444,0.00319778
7.476,-0.0920388,-0.00306796,-0.2659,0.002878
7.478,-0.0920388,-0.00306796,-0.23931,0.0025902
7.48,-0.0920388,-0.00306796,-0.215379,0.00233118
7.482,-0.0920388,0,-0.193841,0.155496
7.484,-0.0920388,0,-0.174457,0.139947
7.486,-0.0920388,0,-0.157011,0.125952
7.488,-0.0920388,0,-0.14131,0.113357
7.49,-0.0920388,0,-0.127179,0.102021
7.492,-0.0920388,0,-0.114461,0.0918189
7.494,-0.0951068,0,-0.256413,0.082637
7.496,-0.0951068,0,-0.230772,0.0743733
7.498,-0.0951068,0,-0.207695,0.066936
7.5,-0.0951068,0,-0.186925,0.0602424
7.502,-0.0951068,0,-0.168233,0.0542182
7.504,-0.0951068,0,-0.151409,0.0487963
7.506,-0.0951068,0,-0.136268,0.0439167
7.508,-0.0981748,0,-0.27604,0.039525
7.51,-0.0981748,0,-0.248436,0.0355725
7.512,-0.0981748,0,-0.223592,0.0320153
7.514,-0.0981748,0,-0.201233,0.0288137
7.516,-0.0981748,0,-0.18111,0.0259324
7.518,-0.101243,-0.00306796,-0.316397,-0.130059
7.52,-0.101243,-0.00306796,-0.284757,-0.117053
7.522,-0.101243,-0.00306796,-0.256281,-0.105348
7.524,-0.101243,-0.00306796,-0.230653,-0.094813
7.526,-0.101243,-0.00306796,-0.207588,-0.0853317
7.528,-0.101243,-0.00306796,-0.186829,-0.0767985
7.53,-0.104311,-0.00306796,-0.321544,-0.0691187
7.532,-0.104311,-0.00306796,-0.28939,-0.0622068
7.534,-0.104311,-0.00306796,-0.260451,-0.0559861
7.536,-0.104311,-0.00306796,-0.234406,-0.0503875
7.538,-0.104311,-0.00306796,-0.210965,-0.0453487
7.54,-0.104311,-0.00306796,-0.189869,-0.0408139
7.542,-0.104311,-0.00306796,-0.170882,-0.0367325
7.544,-0.104311,-0.00306796,-0.153794,-0.0330592
7.546,-0.104311,-0.00306796,-0.138414,-0.0297533
7.548,-0.104311,-0.00306796,-0.124573,-0.026778
7.55,-0.107379,-0.00306796,-0.265514,-0.0241002
7.552,-0.107379,0,-0.238962,0.131708
7.554,-0.107379,0,-0.215066,0.118537
7.556,-0.107379,0,-0.193559,0.106683
7.558,-0.107379,0,-0.174203,0.0960151
7.56,-0.107379,0,-0.156783,0.0864136
7.562,-0.107379,0,-0.141105,0.0777722
7.564,-0.107379,0,-0.126994,0.069995
7.566,-0.107379,0,-0.114295,0.0629955
7.568,-0.107379,0,-0.102865,0.0566959
7.57,-0.107379,0,-0.0925789,0.0510263
7.572,-0.107379,0,-0.083321,0.0459237
7.574,-0.110447,0,-0.228387,0.0413313
7.576,-0.110447,0,-0.205548,0.0371982
7.578,-0.110447,0,-0.184993,0.0334784
7.58,-0.110447,0,-0.166494,0.0301305
7.582,-0.110447,0,-0.149845,0.0271175
7.584,-0.110447,0,-0.13486,0.0244057
7.586,-0.110447,0,-0.121374,0.0219652
7.588,-0.110447,0,-0.109237,0.0197687
7.59,-0.113515,0,-0.251711,0.0177918
7.592,-0.113515,0,-0.22654,0.0160126
7.594,-0.113515,0,-0.203886,0.0144113
7.596,-0.113515,0,-0.183497,0.0129702
7.598,-0.113515,0,-0.165148,0.0116732
7.6,-0.113515,0,-0.148633,0.0105059
7.602,-0.113515,0,-0.13377,0.00945528
7.604,-0.116583,0,-0.273791,0.00850976
7.606,-0.116583,0,-0.246412,0.00765878
7.608,-0.116583,0,-0.221771,0.0068929
7.61,-0.116583,0,-0.199593,0.00620361
7.612,-0.116583,0,-0.179634,0.00558325
7.614,-0.116583,0,-0.161671,0.00502493
7.616,-0.116583,0,-0.145504,0.00452243
7.618,-0.116583,0,-0.130953,0.00407019
7.62,-0.116583,0,-0.117858,0.00366317
7.622,-0.116583,0,-0.106072,0.00329685
7.624,-0.116583,0,-0.0954649,0.00296717
7.626,-0.119651,0,-0.239317,0.00267045
7.628,-0.119651,0,-0.215385,0.00240341
7.63,-0.119651,0,-0.193846,0.00216307
7.632,-0.119651,0,-0.174462,0.00194676
7.634,-0.119651,0,-0.157016,0.00175208
7.636,-0.119651,0,-0.141314,0.00157687
7.638,-0.119651,0,-0.127183,0.00141919
7.64,-0.119651,0,-0.114464,0.00127727
7.642,-0.119651,0,-0.103018,0.00114954
7.644,-0.122718,0,-0.246114,0.00103459
7.646,-0.122718,0,-0.221503,0.000931129
7.648,-0.122718,0,-0.199353,0.000838016
7.65,-0.122718,0,-0.179417,0.000754214
7.652,-0.122718,0,-0.161476,0.000678793
7.654,-0.122718,0,-0.145328,0.000610914
7.656,-0.122718,0,-0.130795,0.000549822
7.658,-0.125786,0,-0.271114,0.00049484
7.66,-0.125786,0,-0.244002,0.000445356
7.662,-0.125786,0,-0.219602,0.00040082
7.664,-0.125786,0,-0.197642,0.000360738
7.666,-0.125786,0,-0.177878,0.000324665
7.668,-0.125786,0,-0.16009,0.000292198
7.67,-0.125786,0,-0.144081,0.000262978
7.672,-0.125786,0,-0.129673,0.00023668
7.674,-0.128854,0,-0.270104,0.000213012
7.676,-0.128854,0,-0.243093,0.000191711
7.678,-0.128854,0,-0.218784,0.00017254
7.68,-0.128854,0,-0.196906,0.000155286
7.682,-0.128854,0,-0.177215,0.000139757
7.684,-0.128854,0,-0.159494,0.000125782
7.686,-0.128854,0,-0.143544,0.000113204
7.688,-0.128854,0,-0.12919,0.000101883
7.69,-0.128854,0,-0.116271,9.16949e-05
7.692,-0.131922,0,-0.258042,8.25254e-05
7.694,-0.131922,0,-0.232238,7.42728e-05
7.696,-0.131922,0,-0.209014,6.68456e-05
7.698,-0.131922,0,-0.188112,6.0161e-05
7.7,-0.131922,0,-0.169301,5.41449e-05
7.702,-0.131922,0,-0.152371,4.87304e-05
7.704,-0.131922,0,-0.137134,4.38574e-05
7.706,-0.131922,0,-0.123421,3.94716e-05
7.708,-0.131922,0,-0.111079,3.55245e-05
7.71,-0.13499,0,-0.253369,3.1972e-05
7.712,-0.13499,0,-0.228032,2.87748e-05
7.714,-0.13499,0,-0.205229,2.58973e-05
7.716,-0.13499,0,-0.184706,2.33076e-05
7.718,-0.13499,0,-0.166235,2.09768e-05
7.72,-0.13499,0,-0.149612,1.88792e-05
7.722,-0.138058,0,-0.288049,1.69912e-05
7.724,-0.138058,0,-0.259244,1.52921e-05
7.726,-0.138058,0,-0.233319,1.37629e-05
7.728,-0.138058,0,-0.209987,1.23866e-05
7.73,-0.138058,0,-0.188989,1.1148e-05
7.732,-0.138058,0,-0.17009,1.00332e-05
7.734,-0.138058,0,-0.153081,9.02984e-06
7.736,-0.138058,0,-0.137773,8.12686e-06
7.738,-0.141126,0,-0.277394,7.31417e-06
7.74,-0.141126,0,-0.249654,6.58276e-06
7.742,-0.141126,0,-0.224689,5.92448e-06
7.744,-0.141126,0,-0.20222,5.33203e-06
7.746,-0.141126,0,-0.181998,4.79883e-06
7.748,-0.141126,0,-0.163798,4.31895e-06
7.75,-0.141126,0,-0.147418,3.88705e-06
7.752,-0.141126,0,-0.132676,3.49835e-06
7.754,-0.144194,0,-0.272807,3.14851e-06
7.756,-0.144194,0,-0.245526,2.83366e-06
7.758,-0.144194,0,-0.220974,2.55029e-06
7.76,-0.144194,0,-0.198876,2.29527e-06
7.762,-0.144194,0,-0.178989,2.06574e-06
7.764,-0.144194,0,-0.16109,1.85916e-06
7.766,-0.144194,0,-0.144981,1.67325e-06
7.768,-0.144194,0,-0.130483,1.50592e-06
7.77,-0.147262,0,-0.270833,1.35533e-06
7.772,-0.147262,0,-0.243749,1.2198e-06
7.774,-0.147262,0,-0.219374,1.09782e-06
7.776,-0.147262,0,-0.197437,9.88036e-07
7.778,-0.147262,0,-0.177693,8.89233e-07
7.78,-0.147262,-0.00306796,-0.159924,-0.153397
7.782,-0.15033,-0.00306796,-0.29733,-0.138058
7.784,-0.15033,-0.00306796,-0.267597,-0.124252
7.786,-0.15033,-0.00306796,-0.240837,-0.111827
7.788,-0.15033,-0.00306796,-0.216753,-0.100644
7.79,-0.15033,-0.00306796,-0.195078,-0.0905796
7.792,-0.15033,-0.00306796,-0.17557,-0.0815216
7.794,-0.153398,-0.00306796,-0.311411,-0.0733694
7.796,-0.153398,-0.00306796,-0.28027,-0.0660325
7.798,-0.153398,-0.00306796,-0.252243,-0.0594292
7.8,-0.153398,-0.00306796,-0.227019,-0.0534863
7.802,-0.153398,-0.00306796,-0.204317,-0.0481377
7.804,-0.153398,-0.00306796,-0.183885,-0.0433239
7.806,-0.153398,-0.00306796,-0.165497,-0.0389915
7.808,-0.153398,-0.00306796,-0.148947,-0.0350924
7.81,-0.153398,-0.00306796,-0.134052,-0.0315831
7.812,-0.153398,-0.00306796,-0.120647,-0.0284248
7.814,-0.156466,-0.00306796,-0.26198,-0.0255823
7.816,-0.156466,-0.00306796,-0.235782,-0.0230241
7.818,-0.156466,-0.00306796,-0.212204,-0.0207217
7.82,-0.156466,-0.00306796,-0.190984,-0.0186495
7.822,-0.156466,-0.00306796,-0.171885,-0.0167846
7.824,-0.156466,-0.00306796,-0.154697,-0.0151061
7.826,-0.156466,-0.00306796,-0.139227,-0.0135955
7.828,-0.156466,-0.00306796,-0.125304,-0.012236
7.83,-0.156466,-0.00306796,-0.112774,-0.0110124
7.832,-0.156466,-0.00306796,-0.101497,-0.00991112
7.834,-0.156466,-0.00306796,-0.0913469,-0.00892001
7.836,-0.159534,-0.00306796,-0.23561,-0.00802801
7.838,-0.159534,-0.00306796,-0.212049,-0.00722521
7.84,-0.159534,-0.00306796,-0.190844,-0.00650269
7.842,-0.159534,-0.00306796,-0.17176,-0.00585242
7.844,-0.159534,-0.00306796,-0.154584,-0.00526718
7.846,-0.159534,-0.00306796,-0.139126,-0.00474046
7.848,-0.159534,-0.00306796,-0.125213,-0.00426641
7.85,-0.159534,-0.00306796,-0.112692,-0.00383977
7.852,-0.159534,-0.00306796,-0.101423,-0.0034558
7.854,-0.159534,-0.00306796,-0.0912803,-0.00311022
7.856,-0.162602,-0.00306796,-0.23555,-0.00279919
7.858,-0.162602,-0.00306796,-0.211995,-0.00251927
7.86,-0.162602,-0.00306796,-0.190796,-0.00226735
7.862,-0.162602,-0.00306796,-0.171716,-0.00204061
7.864,-0.162602,-0.00306796,-0.154545,-0.00183655
7.866,-0.162602,-0.00306796,-0.13909,-0.0016529
7.868,-0.162602,-0.00306796,-0.125181,-0.00148761
7.87,-0.162602,-0.00306796,-0.112663,-0.00133885
7.872,-0.162602,-0.00306796,-0.101397,-0.00120496
7.874,-0.162602,-0.00306796,-0.091257,-0.00108447
7.876,-0.162602,-0.00306796,-0.0821313,-0.000976019
7.878,-0.162602,-0.00306796,-0.0739182,-0.000878417
7.88,-0.162602,0,-0.0665264,0.152608
7.882,-0.16567,0,-0.213272,0.137347
7.884,-0.16567,0,-0.191945,0.123612
7.886,-0.16567,0,-0.17275,0.111251
7.888,-0.16567,0,-0.155475,0.100126
7.89,-0.16567,0,-0.139928,0.0901132
7.892,-0.16567,0,-0.125935,0.0811019
7.894,-0.16567,0,-0.113341,0.0729917
7.896,-0.16567,0,-0.102007,0.0656925
7.898,-0.16567,0,-0.0918065,0.0591233
7.9,-0.16567,0,-0.0826259,0.0532109
7.902,-0.16567,0,-0.0743633,0.0478899
7.904,-0.16567,0,-0.066927,0.0431009
7.906,-0.16567,0,-0.0602343,0.0387908
7.908,-0.16567,0,-0.0542108,0.0349117
7.91,-0.16567,0,-0.0487897,0.0314205
7.912,-0.168738,0,-0.197309,0.0282785
7.914,-0.168738,0,-0.177578,0.0254506
7.916,-0.168738,0,-0.15982,0.0229056
7.918,-0.168738,0,-0.143838,0.020615
7.92,-0.168738,0,-0.129454,0.0185535
7.922,-0.168738,-0.00306796,-0.116509,-0.1367
7.924,-0.168738,-0.00306796,-0.104858,-0.12303
7.926,-0.168738,-0.00306796,-0.0943722,-0.110727
7.928,-0.168738,-0.00306796,-0.084935,-0.0996542
7.93,-0.168738,-0.00306796,-0.0764415,-0.0896888
7.932,-0.168738,-0.00306796,-0.0687973,-0.0807199
7.934,-0.171806,-0.00306796,-0.215316,-0.0726479
7.936,-0.171806,-0.00306796,-0.193784,-0.0653831
7.938,-0.171806,-0.00306796,-0.174406,-0.0588448
7.94,-0.171806,-0.00306796,-0.156965,-0.0529603
7.942,-0.171806,-0.00306796,-0.141269,-0.0476643
7.944,-0.171806,-0.00306796,-0.127142,-0.0428979
7.946,-0.171806,-0.00306796,-0.114428,-0.0386081
7.948,-0.171806,-0.00306796,-0.102985,-0.0347473
7.95,-0.171806,0,-0.0926863,0.122126
7.952,-0.171806,0,-0.0834177,0.109913
7.954,-0.171806,0,-0.0750759,0.0989217
7.956,-0.171806,0,-0.0675683,0.0890295
7.958,-0.171806,0,-0.0608115,0.0801266
7.96,-0.171806,0,-0.0547304,0.0721139
7.962,-0.171806,0,-0.0492573,0.0649025
7.964,-0.171806,0,-0.0443316,0.0584123
7.966,-0.171806,0,-0.0398984,0.052571
7.968,-0.171806,0,-0.0359086,0.0473139
7.97,-0.171806,0,-0.0323177,0.0425825
7.972,-0.174874,0,-0.182484,0.0383243
7.974,-0.174874,0,-0.164236,0.0344919
7.976,-0.174874,0,-0.147812,0.0310427
7.978,-0.174874,0,-0.133031,0.0279384
7.98,-0.174874,0,-0.119728,0.0251446
7.982,-0.174874,0,-0.107755,0.0226301
7.984,-0.174874,0,-0.0969795,0.0203671
7.986,-0.174874,0,-0.0872815,0.0183304
7.988,-0.174874,0,-0.0785534,0.0164973
7.99,-0.174874,0,-0.0706981,0.0148476
7.992,-0.174874,0,-0.0636282,0.0133629
7.994,-0.174874,0,-0.0572654,0.0120266
7.996,-0.174874,0,-0.0515389,0.0108239
7.998,-0.174874,0,-0.046385,0.00974152
8,-0.174874,0,-0.0417465,0.00876737
8.002,-0.174874,0,-0.0375718,0.00789063
8.004,-0.174874,0,-0.0338147,0.00710157
8.006,-0.177942,0,-0.183831,0.00639141
8.008,-0.177942,0,-0.165448,0.00575227
8.01,-0.177942,0,-0.148903,0.00517704
8.012,-0.177942,0,-0.134013,0.00465934
8.014,-0.177942,0,-0.120612,0.0041934
8.016,-0.177942,0,-0.108551,0.00377406
8.018,-0.177942,0,-0.0976955,0.00339666
8.02,-0.177942,0,-0.0879259,0.00305699
8.022,-0.177942,0,-0.0791333,0.00275129
8.024,-0.177942,0,-0.07122,0.00247616
8.026,-0.177942,0,-0.064098,0.00222855
8.028,-0.177942,0,-0.0576882,0.00200569
8.03,-0.177942,0,-0.0519194,0.00180512
8.032,-0.177942,0,-0.0467274,0.00162461
8.034,-0.177942,0,-0.0420547,0.00146215
8.036,-0.177942,0,-0.0378492,0.00131593
8.038,-0.177942,0,-0.0340643,0.00118434
8.04,-0.177942,0,-0.0306579,0.00106591
8.042,-0.177942,0,-0.0275921,0.000959316
8.044,-0.177942,0,-0.0248329,0.000863385
8.046,-0.18101,0,-0.175748,0.000777046
8.048,-0.18101,0,-0.158173,0.000699342
8.05,-0.18101,0,-0.142356,0.000629407
8.052,-0.18101,0,-0.12812,0.000566467
8.054,-0.18101,0,-0.115308,0.00050982
8.056,-0.18101,0,-0.103777,0.000458838
8.058,-0.18101,0,-0.0933995,0.000412954
8.06,-0.18101,0,-0.0840596,0.000371659
8.062,-0.18101,0,-0.0756536,0.000334493
8.064,-0.18101,0,-0.0680882,0.000301044
8.066,-0.18101,0,-0.0612794,0.000270939
8.068,-0.18101,0,-0.0551515,0.000243845
8.07,-0.18101,0,-0.0496363,0.000219461
8.072,-0.18101,0,-0.0446727,0.000197515
8.074,-0.18101,0,-0.0402054,0.000177763
8.076,-0.18101,0,-0.0361849,0.000159987
8.078,-0.18101,0,-0.0325664,0.000143988
8.08,-0.18101,0,-0.0293098,0.000129589
8.082,-0.18101,0,-0.0263788,0.00011663
8.084,-0.18101,0,-0.0237409,0.000104967
8.086,-0.18101,0,-0.0213668,9.44707e-05
8.088,-0.184078,0,-0.172628,8.50236e-05
8.09,-0.184078,0,-0.155365,7.65213e-05
8.092,-0.184078,0,-0.139829,6.88691e-05
8.094,-0.184078,0,-0.125846,6.19822e-05
8.096,-0.184078,0,-0.113261,5.5784e-05
8.098,-0.184078,0,-0.101935,5.02056e-05
8.1,-0.184078,0,-0.0917417,4.5185e-05
8.102,-0.184078,0,-0.0825675,4.06665e-05
8.104,-0.184078,0,-0.0743108,3.65999e-05
8.106,-0.184078,0,-0.0668797,3.29399e-05
8.108,-0.184078,0,-0.0601917,2.96459e-05
8.11,-0.184078,0,-0.0541726,2.66813e-05
8.112,-0.184078,0,-0.0487553,2.40132e-05
8.114,-0.184078,0,-0.0438798,2.16119e-05
8.116,-0.184078,0,-0.0394918,1.94507e-05
8.118,-0.184078,0,-0.0355426,1.75056e-05
8.12,-0.184078,0,-0.0319884,1.5755e-05
8.122,-0.184078,0,-0.0287895,1.41795e-05
8.124,-0.184078,0,-0.0259106,1.27616e-05
8.126,-0.184078,0,-0.0233195,1.14854e-05
8.128,-0.187146,0,-0.174386,1.03369e-05
8.13,-0.187146,0,-0.156947,9.3032e-06
8.132,-0.187146,0.00306796,-0.141252,0.153406
8.134,-0.187146,0.00306796,-0.127127,0.138066
8.136,-0.187146,0.00306796,-0.114414,0.124259
8.138,-0.187146,0.00306796,-0.102973,0.111833
8.14,-0.187146,0.00306796,-0.0926757,0.10065
8.142,-0.187146,0.00306796,-0.0834081,0.090585
8.144,-0.187146,0.00306796,-0.0750673,0.0815265
8.146,-0.187146,0.00306796,-0.0675606,0.0733738
8.148,-0.187146,0.00306796,-0.0608045,0.0660364
8.15,-0.187146,0.00306796,-0.0547241,0.0594328
8.152,-0.187146,0.00306796,-0.0492517,0.0534895
8.154,-0.187146,0.00306796,-0.0443265,0.0481406
8.156,-0.187146,0,-0.0398938,-0.110072
8.158,-0.187146,0,-0.0359045,-0.0990644
8.16,-0.190214,0,-0.185712,-0.089158
8.162,-0.190214,0,-0.167141,-0.0802422
8.164,-0.190214,0,-0.150427,-0.072218
8.166,-0.190214,0,-0.135384,-0.0649962
8.168,-0.190214,0,-0.121846,-0.0584965
8.17,-0.190214,0,-0.109661,-0.0526469
8.172,-0.190214,0,-0.098695,-0.0473822
8.174,-0.190214,0,-0.0888255,-0.042644
8.176,-0.190214,0,-0.079943,-0.0383796
8.178,-0.190214,0,-0.0719487,-0.0345416
8.18,-0.190214,0,-0.0647538,-0.0310875
8.182,-0.190214,0,-0.0582784,-0.0279787
8.184,-0.190214,0,-0.0524506,-0.0251808
8.186,-0.190214,0,-0.0472055,-0.0226628
8.188,-0.193282,0,-0.195883,-0.0203965
8.19,-0.193282,0,-0.176295,-0.0183568
8.192,-0.193282,0,-0.158665,-0.0165212
8.194,-0.193282,0,-0.142799,-0.014869
8.196,-0.193282,0,-0.128519,-0.0133821
8.198,-0.193282,0,-0.115667,-0.0120439
8.2,-0.193282,0,-0.1041,-0.0108395
8.202,-0.193282,0,-0.0936903,-0.00975557
8.204,-0.193282,0,-0.0843212,-0.00878002
8.206,-0.193282,0,-0.0758891,-0.00790202
8.208,-0.193282,0,-0.0683002,-0.00711181
8.21,-0.193282,0,-0.0614702,-0.00640063
8.212,-0.193282,0,-0.0553232,-0.00576057
8.214,-0.193282,0,-0.0497908,-0.00518451
8.216,-0.193282,0,-0.0448118,-0.00466606
8.218,-0.193282,0,-0.0403306,-0.00419946
8.22,-0.193282,0,-0.0362975,-0.00377951
8.222,-0.19635,0,-0.186066,-0.00340156
8.224,-0.19635,-0.00306796,-0.167459,-0.156459
8.226,-0.19635,-0.00306796,-0.150713,-0.140814
8.228,-0.19635,-0.00306796,-0.135642,-0.126732
8.23,-0.19635,-0.00306796,-0.122078,-0.114059
8.232,-0.19635,-0.00306796,-0.10987,-0.102653
8.234,-0.19635,-0.00306796,-0.098883,-0.0923878
8.236,-0.19635,-0.00306796,-0.0889947,-0.083149
8.238,-0.19635,-0.00306796,-0.0800952,-0.0748341
8.24,-0.19635,-0.00306796,-0.0720857,-0.0673507
8.242,-0.19635,-0.00306796,-0.0648772,-0.0606156
8.244,-0.19635,-0.00306796,-0.0583894,-0.054554
8.246,-0.19635,-0.00306796,-0.0525505,-0.0490986
8.248,-0.19635,-0.00306796,-0.0472954,-0.0441888
8.25,-0.19635,0,-0.0425659,0.113628
8.252,-0.19635,0,-0.0383093,0.102265
8.254,-0.19635,0,-0.0344784,0.0920388
8.256,-0.19635,0,-0.0310305,0.0828349
8.258,-0.19635,0,-0.0279275,0.0745514
8.26,-0.19635,0,-0.0251347,0.0670963
8.262,-0.19635,0,-0.0226213,0.0603867
8.264,-0.19635,0,-0.0203591,0.054348
8.266,-0.19635,0,-0.0183232,0.0489132
8.268,-0.19635,0,-0.0164909,0.0440219
8.27,-0.19635,0,-0.0148418,0.0396197
8.272,-0.19635,0,-0.0133576,0.0356577
8.274,-0.19635,0,-0.0120219,0.032092
8.276,-0.19635,0,-0.0108197,0.0288828
8.278,-0.19635,0,-0.00973771,0.0259945
8.28,-0.19635,0,-0.00876394,0.023395
8.282,-0.19635,0,-0.00788755,0.0210555
8.284,-0.19635,0,-0.00709879,0.01895
8.286,-0.19635,0,-0.00638891,0.017055
8.288,-0.19635,0,-0.00575002,0.0153495
8.29,-0.19635,0,-0.00517502,0.0138145
8.292,-0.19635,0,-0.00465752,0.0124331
8.294,-0.19635,0,-0.00419177,0.0111898
8.296,-0.19635,0,-0.00377259,0.0100708
8.298,-0.19635,0,-0.00339533,0.00906372
8.3,-0.19635,0,-0.0030558,0.00815734
8.302,-0.19635,0,-0.00275022,0.00734161
8.304,-0.19635,0,-0.0024752,0.00660745
8.306,-0.19635,0,-0.00222768,0.0059467
8.308,-0.19635,0,-0.00200491,0.00535203
8.31,-0.19635,0,-0.00180442,0.00481683
8.312,-0.19635,0,-0.00162398,0.00433515
8.314,-0.19635,0,-0.00146158,0.00390163
8.316,-0.19635,0,-0.00131542,0.00351147
8.318,-0.19635,0,-0.00118388,0.00316032
8.32,-0.19635,0,-0.00106549,0.00284429
8.322,-0.19635,0.00306796,-0.000958942,0.155958
8.324,-0.19635,0.00306796,-0.000863047,0.140362
8.326,-0.19635,0.00306796,-0.000776743,0.126326
8.328,-0.19635,0.00306796,-0.000699068,0.113693
8.33,-0.19635,0.00306796,-0.000629162,0.102324
8.332,-0.19635,0.00306796,-0.000566245,0.0920916
8.334,-0.19635,0.00306796,-0.000509621,0.0828824
8.336,-0.19635,0.00306796,-0.000458659,0.0745942
8.338,-0.199418,0.00306796,-0.153811,0.0671348
8.34,-0.199418,0.00306796,-0.13843,0.0604213
8.342,-0.199418,0.00306796,-0.124587,0.0543792
8.344,-0.199418,0.00306796,-0.112128,0.0489413
8.346,-0.199418,0.00306796,-0.100915,0.0440471
8.348,-0.199418,0.00306796,-0.0908238,0.0396424
8.35,-0.199418,0.00306796,-0.0817414,0.0356782
8.352,-0.199418,0.00306796,-0.0735673,0.0321104
8.354,-0.199418,0.00306796,-0.0662105,0.0288993
8.356,-0.199418,0.00306796,-0.0595895,0.0260094
8.358,-0.199418,0.00306796,-0.0536305,0.0234085
8.36,-0.199418,0.00306796,-0.0482675,0.0210676
8.362,-0.199418,0,-0.0434407,-0.134437
8.364,-0.199418,0,-0.0390967,-0.120994
8.366,-0.199418,0,-0.035187,-0.108894
8.368,-0.199418,0,-0.0316683,-0.0980047
8.37,-0.202485,0,-0.1819,-0.0882043
8.372,-0.202485,0,-0.16371,-0.0793838
8.374,-0.202485,0,-0.147339,-0.0714455
8.376,-0.202485,0,-0.132605,-0.0643009
8.378,-0.202485,0,-0.119344,-0.0578708
8.38,-0.202485,0,-0.10741,-0.0520837
8.382,-0.202485,0,-0.0966689,-0.0468754
8.384,-0.202485,0,-0.087002,-0.0421878
8.386,-0.202485,0,-0.0783018,-0.037969
8.388,-0.202485,0,-0.0704716,-0.0341721
8.39,-0.202485,0,-0.0634244,-0.0307549
8.392,-0.202485,0,-0.057082,-0.0276794
8.394,-0.202485,0,-0.0513738,-0.0249115
8.396,-0.202485,0,-0.0462364,-0.0224203
8.398,-0.202485,0,-0.0416128,-0.0201783
8.4,-0.202485,0,-0.0374515,-0.0181605
8.402,-0.202485,0,-0.0337064,-0.0163444
8.404,-0.202485,0,-0.0303357,-0.01471
8.406,-0.202485,0,-0.0273021,-0.013239
8.408,-0.202485,0,-0.0245719,-0.0119151
8.41,-0.202485,0,-0.0221147,-0.0107236
8.412,-0.202485,0,-0.0199033,-0.00965122
8.414,-0.202485,0,-0.0179129,-0.0086861
8.416,-0.202485,0,-0.0161216,-0.00781749
8.418,-0.202485,0,-0.0145095,-0.00703574
8.42,-0.202485,0,-0.0130585,-0.00633217
8.422,-0.202485,0,-0.0117527,-0.00569895
8.424,-0.202485,0,-0.0105774,-0.00512906
8.426,-0.202485,0,-0.00951967,-0.00461615
8.428,-0.202485,0,-0.0085677,-0.00415453
8.43,-0.202485,0,-0.00771093,-0.00373908
8.432,-0.205553,0,-0.160338,-0.00336517
8.434,-0.205553,0,-0.144304,-0.00302866
8.436,-0.205553,0,-0.129874,-0.00272579
8.438,-0.205553,0,-0.116886,-0.00245321
8.44,-0.205553,0,-0.105198,-0.00220789
8.442,-0.205553,0,-0.0946779,-0.0019871
8.444,-0.205553,0,-0.0852101,-0.00178839
8.446,-0.205553,0,-0.0766891,-0.00160955
8.448,-0.205553,0,-0.0690202,-0.0014486
8.45,-0.205553,0,-0.0621182,-0.00130374
8.452,-0.205553,0,-0.0559064,-0.00117336
8.454,-0.205553,0,-0.0503157,-0.00105603
8.456,-0.205553,0,-0.0452842,-0.000950424
8.458,-0.205553,0,-0.0407557,-0.000855382
8.46,-0.205553,0,-0.0366802,-0.000769844
8.462,-0.205553,0,-0.0330122,-0.000692859
8.464,-0.205553,0,-0.0297109,-0.000623573
8.466,-0.205553,0,-0.0267398,-0.000561216
8.468,-0.205553,0,-0.0240659,-0.000505094
8.47,-0.205553,0,-0.0216593,-0.000454585
8.472,-0.205553,0,-0.0194933,-0.000409126
8.474,-0.205553,0,-0.017544,-0.000368214
8.476,-0.205553,0,-0.0157896,-0.000331392
8.478,-0.205553,0,-0.0142107,-0.000298253
8.48,-0.205553,0,-0.0127896,-0.000268428
8.482,-0.205553,0,-0.0115106,-0.000241585
8.484,-0.205553,0,-0.0103596,-0.000217427
8.486,-0.205553,0,-0.00932361,-0.000195684
8.488,-0.205553,0,-0.00839125,-0.000176116
8.49,-0.205553,0,-0.00755212,-0.000158504
8.492,-0.205553,0,-0.00679691,-0.000142654
8.494,-0.205553,0,-0.00611722,-0.000128388
8.496,-0.205553,0,-0.0055055,-0.000115549
8.498,-0.205553,0,-0.00495495,-0.000103994
8.5,-0.205553,0,-0.00445945,-9.3595e-05
8.502,-0.205553,0,-0.00401351,-8.42355e-05
8.504,-0.205553,0,-0.00361216,-7.5812e-05
8.506,-0.205553,0,-0.00325094,-6.82308e-05
8.508,-0.205553,0,-0.00292585,-6.14077e-05
8.51,-0.205553,0,-0.00263326,-5.52669e-05
8.512,-0.205553,0,-0.00236994,-4.97402e-05
8.514,-0.205553,0,-0.00213294,-4.47662e-05
8.516,-0.205553,0,-0.00191965,-4.02896e-05
8.518,-0.205553,0,-0.00172768,-3.62606e-05
8.52,-0.205553,0,-0.00155492,-3.26346e-05
8.522,-0.205553,0,-0.00139942,-2.93711e-05
8.524,-0.205553,0,-0.00125948,-2.6434e-05
8.526,-0.205553,0,-0.00113353,-2.37906e-05
8.528,-0.205553,0,-0.00102018,-2.14115e-05
8.53,-0.205553,0,-0.000918162,-1.92704e-05
8.532,-0.205553,0,-0.000826346,-1.73433e-05
8.534,-0.205553,0,-0.000743711,-1.5609e-05
8.536,-0.205553,0,-0.00066934,-1.40481e-05
8.538,-0.205553,0,-0.000602406,-1.26433e-05
8.54,-0.205553,0,-0.000542165,-1.1379e-05
8.542,-0.205553,0,-0.000487949,-1.02411e-05
8.544,-0.205553,0,-0.000439154,-9.21696e-06
8.546,-0.205553,0,-0.000395239,-8.29527e-06
8.548,-0.205553,0,-0.000355715,-7.46574e-06
8.55,-0.205553,0,-0.000320143,-6.71917e-06
8.552,-0.205553,0,-0.000288129,-6.04725e-06
8.554,-0.205553,0,-0.000259316,-5.44253e-06
8.556,-0.205553,0,-0.000233384,-4.89827e-06
8.558,-0.205553,0,-0.000210046,-4.40845e-06
8.56,-0.205553,0,-0.000189041,-3.9676e-06
8.562,-0.205553,0,-0.000170137,-3.57084e-06
8.564,-0.205553,0,-0.000153124,-3.21376e-06
8.566,-0.205553,0,-0.000137811,-2.89238e-06
8.568,-0.205553,0,-0.00012403,-2.60314e-06
8.57,-0.205553,0,-0.000111627,-2.34283e-06
8.572,-0.205553,0,-0.000100464,-2.10855e-06
8.574,-0.205553,0,-9.04179e-05,-1.89769e-06
8.576,-0.205553,0,-8.13761e-05,-1.70792e-06
8.578,-0.205553,0,-7.32385e-05,-1.53713e-06
8.58,-0.205553,0,-6.59146e-05,-1.38342e-06
8.582,-0.205553,0,-5.93232e-05,-1.24508e-06
8.584,-0.205553,0,-5.33909e-05,-1.12057e-06
8.586,-0.205553,0,-4.80518e-05,-1.00851e-06
8.588,-0.205553,0,-4.32466e-05,-9.0766e-07
8.59,-0.205553,0,-3.89219e-05,-8.16894e-07
8.592,-0.205553,0,-3.50297e-05,-7.35205e-07
8.594,-0.205553,0,-3.15268e-05,-6.61684e-07
8.596,-0.205553,0,-2.83741e-05,-5.95516e-07
8.598,-0.205553,0,-2.55367e-05,-5.35964e-07
8.6,-0.205553,0,-2.2983e-05,-4.82368e-07
8.602,-0.205553,0,-2.06847e-05,-4.34131e-07
8.604,-0.205553,0,-1.86162e-05,-3.90718e-07
8.606,-0.205553,0,-1.67546e-05,-3.51646e-07
8.608,-0.205553,0,-1.50792e-05,-3.16481e-07
8.61,-0.205553,0,-1.35712e-05,-2.84833e-07
8.612,-0.205553,0,-1.22141e-05,-2.5635e-07
8.614,-0.205553,0,-1.09927e-05,-2.30715e-07
8.616,-0.205553,0,-9.89344e-06,-2.07643e-07
8.618,-0.205553,0,-8.90409e-06,-1.86879e-07
8.62,-0.205553,0,-8.01368e-06,-1.68191e-07
8.622,-0.205553,0,-7.21231e-06,-1.51372e-07
8.624,-0.205553,0,-6.49108e-06,-1.36235e-07
8.626,-0.205553,0,-5.84197e-06,-1.22611e-07
8.628,-0.205553,0,-5.25778e-06,-1.1035e-07
8.63,-0.205553,0,-4.732e-06,-9.93153e-08
8.632,-0.205553,0,-4.2588e-06,-8.93837e-08
8.634,-0.205553,0,-3.83292e-06,-8.04454e-08
8.636,-0.205553,0,-3.44963e-06,-7.24008e-08
8.638,-0.205553,0,-3.10466e-06,-6.51607e-08
8.64,-0.205553,0,-2.7942e-06,-5.86447e-08
8.642,-0.205553,0,-2.51478e-06,-5.27802e-08
8.644,-0.205553,0,-2.2633e-06,-4.75022e-08
8.646,-0.205553,0,-2.03697e-06,-4.27519e-08
8.648,-0.205553,0,-1.83327e-06,-3.84767e-08
8.65,-0.205553,0,-1.64995e-06,-3.46291e-08
8.652,-0.205553,0,-1.48495e-06,-3.11662e-08
8.654,-0.205553,0,-1.33646e-06,-2.80496e-08
8.656,-0.205553,0,-1.20281e-06,-2.52446e-08
8.658,-0.205553,0,-1.08253e-06,-2.27201e-08
8.66,-0.205553,0,-9.74277e-07,-2.04481e-08
8.662,-0.205553,0,-8.76849e-07,-1.84033e-08
8.664,-0.205553,0,-7.89164e-07,-1.6563e-08
8.666,-0.205553,0,-7.10248e-07,-1.49067e-08
8.668,-0.205553,0,-6.39223e-07,-1.3416e-08
8.67,-0.205553,0,-5.75301e-07,-1.20744e-08
8.672,-0.205553,0,-5.17771e-07,-1.0867e-08
8.674,-0.205553,0,-4.65994e-07,-9.78025e-09
8.676,-0.205553,0,-4.19394e-07,-8.80223e-09
8.678,-0.205553,0,-3.77455e-07,-7.92198e-09
8.68,-0.205553,0,-3.39709e-07,-7.12978e-09
8.682,-0.205553,0,-3.05738e-07,-6.4168e-09
8.684,-0.205553,0,-2.75165e-07,-5.77512e-09
8.686,-0.205553,0,-2.47648e-07,-5.19762e-09
8.688,-0.205553,0,-2.22883e-07,-4.67784e-09
8.69,-0.205553,0,-2.00595e-07,-4.21005e-09
8.692,-0.205553,0,-1.80535e-07,-3.78904e-09
8.694,-0.205553,0,-1.62482e-07,-3.41015e-09
8.696,-0.205553,0,-1.46234e-07,-3.06915e-09
8.698,-0.205553,0,-1.3161e-07,-2.76222e-09
8.7,-0.205553,0,-1.18449e-07,-2.48599e-09
8.702,-0.205553,0,-1.06604e-07,-2.23741e-09
8.704,-0.205553,0,-9.59439e-08,-2.01365e-09
8.706,-0.205553,0,-8.63495e-08,-1.81228e-09
8.708,-0.205553,0,-7.77146e-08,-1.63104e-09
8.71,-0.205553,0,-6.99431e-08,-1.46795e-09
8.712,-0.205553,0,-6.29488e-08,-1.32115e-09
8.714,-0.205553,0,-5.66539e-08,-1.18905e-09
8.716,-0.205553,0,-5.09885e-08,-1.07013e-09
8.718,-0.205553,0,-4.58897e-08,-9.63155e-10
8.72,-0.205553,0,-4.13007e-08,-8.66834e-10
8.722,-0.205553,0,-3.71706e-08,-7.80176e-10
8.724,-0.205553,0,-3.34536e-08,-7.0213e-10
8.726,-0.205553,0,-3.01082e-08,-6.31928e-10
8.728,-0.205553,0,-2.70974e-08,-5.68747e-10
8.73,-0.205553,0,-2.43877e-08,-5.11875e-10
8.732,-0.205553,0,-2.19489e-08,-4.60687e-10
8.734,-0.205553,0,-1.9754e-08,-4.14616e-10
8.736,-0.205553,0,-1.77786e-08,-3.73177e-10
8.738,-0.205553,0,-1.60007e-08,-3.35831e-10
8.74,-0.205553,0,-1.44007e-08,-3.02265e-10
8.742,-0.205553,0,-1.29606e-08,-2.72024e-10
8.744,-0.205553,0,-1.16645e-08,-2.44825e-10
8.746,-0.205553,0,-1.04981e-08,-2.20325e-10
8.748,-0.205553,0,-9.44828e-09,-1.98298e-10
8.75,-0.205553,0,-8.50345e-09,-1.7846e-10
8.752,-0.205553,0,-7.65311e-09,-1.6064e-10
8.754,-0.205553,0,-6.8878e-09,-1.44553e-10
8.756,-0.205553,0,-6.19902e-09,-1.30086e-10
8.758,-0.205553,0,-5.57911e-09,-1.17097e-10
8.76,-0.205553,0,-5.0212e-09,-1.05388e-10
8.762,-0.205553,0,-4.51908e-09,-9.48432e-11
8.764,-0.205553,0,-4.06718e-09,-8.53788e-11
8.766,-0.205553,0,-3.66046e-09,-7.68523e-11
8.768,-0.205553,0,-3.29441e-09,-6.91784e-11
8.77,-0.205553,0,-2.96497e-09,-6.2272e-11
8.772,-0.205553,0,-2.66847e-09,-5.60476e-11
8.774,-0.205553,0,-2.40163e-09,-5.04485e-11
8.776,-0.205553,0,-2.16146e-09,-4.54179e-11
8.778,-0.205553,0,-1.94532e-09,-4.08704e-11
8.78,-0.205553,0,-1.75079e-09,-3.67777e-11
8.782,-0.205553,0,-1.57571e-09,-3.30829e-11
8.784,-0.205553,0,-1.41813e-09,-2.9786e-11
8.786,-0.205553,0,-1.27632e-09,-2.68017e-11
8.788,-0.205553,0,-1.14869e-09,-2.413e-11
8.79,-0.205553,0,-1.03382e-09,-2.17142e-11
8.792,-0.205553,0,-9.30438e-10,-1.95257e-11
8.794,-0.205553,0,-8.37392e-10,-1.7593e-11
8.796,-0.205553,0,-7.53653e-10,-1.58025e-11
8.798,-0.205553,0,-6.78289e-10,-1.42109e-11
8.8,-0.205553,0,-6.10459e-10,-1.27898e-11
8.802,-0.205553,0,-5.49413e-10,-1.15108e-11
8.804,-0.205553,0,-4.94474e-10,-1.03739e-11
8.806,-0.205553,-0.00306796,-4.45025e-10,-0.153398
8.808,-0.205553,-0.00306796,-4.00522e-10,-0.138058
8.81,-0.205553,-0.00306796,-3.60469e-10,-0.124252
8.812,-0.205553,-0.00306796,-3.24423e-10,-0.111827
8.814,-0.205553,-0.00306796,-2.91982e-10,-0.100644
8.816,-0.205553,-0.00306796,-2.62784e-10,-0.09058
8.818,-0.205553,-0.00306796,-2.36504e-10,-0.081522
8.82,-0.205553,-0.00306796,-2.12854e-10,-0.0733698
8.822,-0.205553,-0.00306796,-1.91568e-10,-0.0660328
8.824,-0.205553,-0.00306796,-1.72411e-10,-0.0594296
8.826,-0.205553,-0.00306796,-1.5517e-10,-0.0534866
8.828,-0.205553,-0.00306796,-1.39652e-10,-0.0481379
8.83,-0.205553,0,-1.25688e-10,0.110074
8.832,-0.205553,0,-1.1312e-10,0.0990665
8.834,-0.205553,0,-1.01807e-10,0.0891599
8.836,-0.205553,0,-9.16263e-11,0.0802439
8.838,-0.205553,0,-8.24638e-11,0.0722195
8.84,-0.202485,0,0.153398,0.0649976
8.842,-0.202485,0,0.138058,0.0584978
8.844,-0.202485,0,0.124252,0.052648
8.846,-0.202485,0,0.111827,0.0473832
8.848,-0.202485,0,0.100644,0.0426449
8.85,-0.202485,0,0.09058,0.0383804
8.852,-0.202485,0,0.081522,0.0345424
8.854,-0.202485,0,0.0733698,0.0310881
8.856,-0.202485,0,0.0660328,0.0279793
8.858,-0.202485,0,0.0594296,0.0251814
8.86,-0.202485,0,0.0534866,0.0226632
8.862,-0.202485,0,0.0481379,0.0203969
8.864,-0.202485,0,0.0433241,0.0183572
8.866,-0.202485,0,0.0389917,0.0165215
8.868,-0.202485,0,0.0350926,0.0148694
8.87,-0.202485,0,0.0315833,0.0133824
8.872,-0.202485,0,0.028425,0.0120442
8.874,-0.202485,0,0.0255825,0.0108398
8.876,-0.202485,0,0.0230242,0.00975578
8.878,-0.202485,-0.00306796,0.0207218,-0.144618
8.88,-0.202485,-0.00306796,0.0186496,-0.130156
8.882,-0.202485,-0.00306796,0.0167847,-0.11714
8.884,-0.202485,-0.00306796,0.0151062,-0.105426
8.886,-0.202485,-0.00306796,0.0135956,-0.0948838
8.888,-0.202485,-0.00306796,0.012236,-0.0853954
8.89,-0.202485,-0.00306796,0.0110124,-0.0768559
8.892,-0.202485,-0.00306796,0.00991118,-0.0691703
8.894,-0.202485,-0.00306796,0.00892006,-0.0622533
8.896,-0.202485,-0.00306796,0.00802805,-0.0560279
8.898,-0.202485,-0.00306796,0.00722525,-0.0504251
8.9,-0.202485,-0.00306796,0.00650272,-0.0453826
8.902,-0.202485,-0.00306796,0.00585245,-0.0408444
8.904,-0.202485,-0.00306796,0.00526721,-0.0367599
8.906,-0.202485,-0.00306796,0.00474048,-0.0330839
8.908,-0.202485,-0.00306796,0.00426644,-0.0297755
8.91,-0.202485,-0.00306796,0.00383979,-0.026798
8.912,-0.202485,-0.00306796,0.00345581,-0.0241182
8.914,-0.202485,-0.00306796,0.00311023,-0.0217064
8.916,-0.202485,-0.00306796,0.00279921,-0.0195357
8.918,-0.202485,-0.00306796,0.00251929,-0.0175822
8.92,-0.202485,-0.00306796,0.00226736,-0.0158239
8.922,-0.202485,-0.00306796,0.00204062,-0.0142415
8.924,-0.199418,-0.00306796,0.155235,-0.0128174
8.926,-0.199418,-0.00306796,0.139711,-0.0115357
8.928,-0.199418,0,0.12574,0.143016
8.93,-0.199418,0,0.113166,0.128714
8.932,-0.199418,0,0.101849,0.115843
8.934,-0.199418,0,0.0916645,0.104259
8.936,-0.199418,0,0.0824981,0.0938328
8.938,-0.199418,0,0.0742482,0.0844495
8.94,-0.199418,0,0.0668234,0.0760046
8.942,-0.199418,0,0.0601411,0.0684041
8.944,-0.199418,0,0.054127,0.0615637
8.946,-0.199418,0,0.0487143,0.0554073
8.948,-0.19635,0,0.197241,0.0498666
8.95,-0.19635,0,0.177517,0.0448799
8.952,-0.19635,0,0.159765,0.0403919
8.954,-0.19635,0,0.143789,0.0363527
8.956,-0.19635,0,0.12941,0.0327175
8.958,-0.19635,0,0.116469,0.0294457
8.96,-0.19635,0,0.104822,0.0265012
8.962,-0.19635,0,0.0943397,0.023851
8.964,-0.19635,0,0.0849058,0.0214659
8.966,-0.19635,0,0.0764152,0.0193193
8.968,-0.19635,0,0.0687737,0.0173874
8.97,-0.19635,0,0.0618963,0.0156487
8.972,-0.19635,0,0.0557067,0.0140838
8.974,-0.19635,0,0.050136,0.0126754
8.976,-0.19635,0,0.0451224,0.0114079
8.978,-0.19635,0,0.0406102,0.0102671
8.98,-0.19635,0,0.0365491,0.00924038
8.982,-0.19635,0,0.0328942,0.00831634
8.984,-0.19635,0,0.0296048,0.00748471
8.986,-0.19635,0,0.0266443,0.00673624
8.988,-0.19635,0,0.0239799,0.00606261
8.99,-0.19635,0,0.0215819,0.00545635
8.992,-0.19635,0,0.0194237,0.00491072
8.994,-0.19635,-0.00306796,0.0174813,-0.148978
8.996,-0.19635,-0.00306796,0.0157332,-0.134081
8.998,-0.19635,-0.00306796,0.0141599,-0.120673
9,-0.19635,-0.00306796,0.0127439,-0.108605
9.002,-0.193282,-0.00306796,0.164868,-0.0977448
9.004,-0.193282,-0.00306796,0.148381,-0.0879703
9.006,-0.193282,-0.00306796,0.133543,-0.0791732
9.008,-0.193282,-0.00306796,0.120188,-0.0712559
9.01,-0.193282,-0.00306796,0.10817,-0.0641303
9.012,-0.193282,-0.00306796,0.0973527,-0.0577173
9.014,-0.193282,-0.00306796,0.0876174,-0.0519456
9.016,-0.193282,-0.00306796,0.0788557,-0.046751
9.018,-0.193282,-0.00306796,0.0709701,-0.0420759
9.02,-0.193282,-0.00306796,0.0638731,-0.0378683
9.022,-0.193282,-0.00306796,0.0574858,-0.0340815
9.024,-0.193282,-0.00306796,0.0517372,-0.0306733
9.026,-0.193282,-0.00306796,0.0465635,-0.027606
9.028,-0.193282,-0.00306796,0.0419071,-0.0248454
9.03,-0.193282,-0.00306796,0.0377164,-0.0223609
9.032,-0.193282,-0.00306796,0.0339448,-0.0201248
9.034,-0.193282,-0.00306796,0.0305503,-0.0181123
9.036,-0.193282,-0.00306796,0.0274953,-0.0163011
9.038,-0.193282,-0.00306796,0.0247457,-0.014671
9.04,-0.193282,-0.00306796,0.0222712,-0.0132039
9.042,-0.190214,-0.00306796,0.173442,-0.0118835
9.044,-0.190214,-0.00306796,0.156098,-0.0106951
9.046,-0.190214,-0.00306796,0.140488,-0.00962562
9.048,-0.190214,-0.00306796,0.126439,-0.00866306
9.05,-0.190214,-0.00306796,0.113795,-0.00779675
9.052,-0.190214,-0.00306796,0.102416,-0.00701708
9.054,-0.190214,-0.00306796,0.0921743,-0.00631537
9.056,-0.190214,-0.00306796,0.0829568,-0.00568383
9.058,-0.190214,-0.00306796,0.0746611,-0.00511545
9.06,-0.190214,-0.00306796,0.067195,-0.0046039
9.062,-0.190214,-0.00306796,0.0604755,-0.00414351
9.064,-0.187146,-0.00306796,0.207826,-0.00372916
9.066,-0.187146,0,0.187043,0.150042
9.068,-0.187146,0,0.168339,0.135038
9.07,-0.187146,0,0.151505,0.121534
9.072,-0.187146,0,0.136355,0.10938
9.074,-0.187146,0,0.122719,0.0984424
9.076,-0.187146,0,0.110447,0.0885982
9.078,-0.184078,0,0.252801,0.0797384
9.08,-0.184078,0,0.227521,0.0717645
9.082,-0.184078,0,0.204769,0.0645881
9.084,-0.184078,0,0.184292,0.0581293
9.086,-0.184078,0,0.165862,0.0523164
9.088,-0.184078,0,0.149276,0.0470847
9.09,-0.184078,0,0.134349,0.0423762
9.092,-0.18101,0,0.274312,0.0381386
9.094,-0.18101,0,0.246881,0.0343248
9.096,-0.18101,0,0.222193,0.0308923
9.098,-0.18101,0,0.199973,0.0278031
9.1,-0.18101,0,0.179976,0.0250227
9.102,-0.18101,0,0.161978,0.0225205
9.104,-0.18101,0.00306796,0.145781,0.173667
9.106,-0.18101,0.00306796,0.131203,0.1563
9.108,-0.177942,0.00306796,0.27148,0.14067
9.11,-0.177942,0.00306796,0.244332,0.126603
9.112,-0.177942,0.00306796,0.219899,0.113943
9.114,-0.177942,0.00306796,0.197909,0.102548
9.116,-0.177942,0.00306796,0.178118,0.0922935
9.118,-0.177942,0.00306796,0.160306,0.0830642
9.12,-0.177942,0.00306796,0.144276,0.0747577
9.122,-0.177942,0.00306796,0.129848,0.067282
9.124,-0.177942,0.00306796,0.116863,0.0605538
9.126,-0.174874,0.00306796,0.258575,0.0544984
9.128,-0.174874,0.00306796,0.232718,0.0490486
9.13,-0.174874,0.00306796,0.209446,0.0441437
9.132,-0.174874,0.00306796,0.188501,0.0397293
9.134,-0.174874,0.00306796,0.169651,0.0357564
9.136,-0.174874,0.00306796,0.152686,0.0321808
9.138,-0.174874,0.00306796,0.137417,0.0289627
9.14,-0.174874,0.00306796,0.123676,0.0260664
9.142,-0.174874,0.00306796,0.111308,0.0234598
9.144,-0.174874,0.00306796,0.100177,0.0211138
9.146,-0.171806,0.00306796,0.243558,0.0190024
9.148,-0.171806,0.00306796,0.219202,0.0171022
9.15,-0.171806,0.00306796,0.197282,0.015392
9.152,-0.171806,0.00306796,0.177554,0.0138528
9.154,-0.171806,0.00306796,0.159798,0.0124675
9.156,-0.171806,0.00306796,0.143818,0.0112207
9.158,-0.171806,0.00306796,0.129437,0.0100987
9.16,-0.171806,0.00306796,0.116493,0.0090888
9.162,-0.171806,0.00306796,0.104844,0.00817992
9.164,-0.168738,0.00306796,0.247757,0.00736192
9.166,-0.168738,0.00306796,0.222982,0.00662573
9.168,-0.168738,0.00306796,0.200683,0.00596316
9.17,-0.168738,0.00306796,0.180615,0.00536684
9.172,-0.168738,0.00306796,0.162554,0.00483016
9.174,-0.168738,0.00306796,0.146298,0.00434714
9.176,-0.168738,0.00306796,0.131668,0.00391243
9.178,-0.168738,0.00613592,0.118502,0.156919
9.18,-0.168738,0.00613592,0.106651,0.141227
9.182,-0.168738,0.00613592,0.0959863,0.127105
9.184,-0.16567,0.00613592,0.239786,0.114394
9.186,-0.16567,0.00613592,0.215807,0.102955
9.188,-0.16567,0.00613592,0.194226,0.0926593
9.19,-0.16567,0.00613592,0.174804,0.0833933
9.192,-0.16567,0.00613592,0.157323,0.075054
9.194,-0.16567,0.00613592,0.141591,0.0675486
9.196,-0.16567,0.00613592,0.127432,0.0607937
9.198,-0.16567,0.00613592,0.114689,0.0547144
9.2,-0.16567,0.00613592,0.10322,0.0492429
9.202,-0.16567,0.00613592,0.0928979,0.0443186
9.204,-0.16567,0.00613592,0.0836081,0.0398868
9.206,-0.16567,0.00613592,0.0752473,0.0358981
9.208,-0.16567,0.00613592,0.0677226,0.0323083
9.21,-0.16567,0.00613592,0.0609503,0.0290775
9.212,-0.16567,0.00613592,0.0548553,0.0261697
9.214,-0.16567,0.00613592,0.0493698,0.0235527
9.216,-0.16567,0.00613592,0.0444328,0.0211975
9.218,-0.16567,0.00306796,0.0399895,-0.13432
9.22,-0.16567,0.00306796,0.0359905,-0.120888
9.222,-0.16567,0.00306796,0.0323915,-0.108799
9.224,-0.16567,0.00306796,0.0291523,-0.0979195
9.226,-0.16567,0.00306796,0.0262371,-0.0881276
9.228,-0.16567,0.00306796,0.0236134,-0.0793148
9.23,-0.16567,0.00306796,0.0212521,-0.0713833
9.232,-0.16567,0.00306796,0.0191269,-0.064245
9.234,-0.16567,0.00306796,0.0172142,-0.0578205
9.236,-0.16567,0.00306796,0.0154928,-0.0520385
9.238,-0.16567,0.00306796,0.0139435,-0.0468346
9.24,-0.16567,0.00306796,0.0125491,-0.0421512
9.242,-0.16567,0.00306796,0.0112942,-0.037936
9.244,-0.16567,0.00306796,0.0101648,-0.0341424
9.246,-0.16567,0.00306796,0.00914831,-0.0307282
9.248,-0.16567,0.00306796,0.00823348,-0.0276554
9.25,-0.16567,0.00306796,0.00741013,-0.0248898
9.252,-0.16567,0.00306796,0.00666912,-0.0224009
9.254,-0.16567,0.00306796,0.00600221,-0.0201608
9.256,-0.16567,0.00306796,0.00540199,-0.0181447
9.258,-0.16567,0,0.00486179,-0.169728
9.26,-0.16567,0,0.00437561,-0.152755
9.262,-0.16567,0,0.00393805,-0.13748
9.264,-0.16567,0,0.00354424,-0.123732
9.266,-0.16567,0,0.00318982,-0.111359
9.268,-0.16567,0,0.00287084,-0.100223
9.27,-0.16567,0,0.00258375,-0.0902006
9.272,-0.16567,0,0.00232538,-0.0811805
9.274,-0.16567,0,0.00209284,-0.0730625
9.276,-0.16567,0,0.00188356,-0.0657562
9.278,-0.16567,0,0.0016952,-0.0591806
9.28,-0.16567,0,0.00152568,-0.0532625
9.282,-0.16567,0,0.00137311,-0.0479363
9.284,-0.16567,0,0.0012358,-0.0431427
9.286,-0.16567,0,0.00111222,-0.0388284
9.288,-0.16567,0,0.001001,-0.0349456
9.29,-0.16567,0,0.000900899,-0.031451
9.292,-0.16567,0,0.000810809,-0.0283059
9.294,-0.16567,0,0.000729729,-0.0254753
9.296,-0.162602,0,0.154055,-0.0229278
9.298,-0.162602,0,0.138649,-0.020635
9.3,-0.162602,0,0.124784,-0.0185715
9.302,-0.162602,0,0.112306,-0.0167143
9.304,-0.162602,-0.00306796,0.101075,-0.168441
9.306,-0.162602,-0.00306796,0.0909678,-0.151597
9.308,-0.162602,-0.00306796,0.0818711,-0.136437
9.31,-0.162602,-0.00306796,0.0736839,-0.122793
9.312,-0.162602,-0.00306796,0.0663156,-0.110514
9.314,-0.162602,-0.00306796,0.059684,-0.0994627
9.316,-0.162602,-0.00306796,0.0537156,-0.0895164
9.318,-0.162602,-0.00306796,0.048344,-0.0805648
9.32,-0.162602,-0.00306796,0.0435096,-0.0725083
9.322,-0.162602,-0.00306796,0.0391587,-0.0652575
9.324,-0.162602,-0.00306796,0.0352428,-0.0587317
9.326,-0.162602,-0.00306796,0.0317185,-0.0528586
9.328,-0.162602,-0.00306796,0.0285467,-0.0475727
9.33,-0.162602,-0.00306796,0.025692,-0.0428154
9.332,-0.162602,-0.00306796,0.0231228,-0.0385339
9.334,-0.159534,-0.00306796,0.174209,-0.0346805
9.336,-0.159534,-0.00306796,0.156788,-0.0312125
9.338,-0.159534,-0.00306796,0.141109,-0.0280912
9.34,-0.159534,-0.00306796,0.126998,-0.0252821
9.342,-0.159534,-0.00306796,0.114298,-0.0227539
9.344,-0.159534,-0.00306796,0.102868,-0.0204785
9.346,-0.159534,-0.00306796,0.0925816,-0.0184306
9.348,-0.159534,-0.00306796,0.0833234,-0.0165876
9.35,-0.159534,-0.00306796,0.0749911,-0.0149288
9.352,-0.159534,-0.00306796,0.067492,-0.0134359
9.354,-0.156466,-0.00306796,0.214141,-0.0120923
9.356,-0.156466,-0.00306796,0.192727,-0.0108831
9.358,-0.156466,-0.00306796,0.173454,-0.0097948
9.36,-0.156466,0,0.156109,0.144583
9.362,-0.156466,0,0.140498,0.130124
9.364,-0.156466,0,0.126448,0.117112
9.366,-0.156466,0,0.113803,0.105401
9.368,-0.156466,0,0.102423,0.0948607
9.37,-0.156466,0,0.0921806,0.0853747
9.372,-0.156466,0,0.0829626,0.0768372
9.374,-0.156466,0,0.0746663,0.0691535
9.376,-0.156466,0,0.0671997,0.0622381
9.378,-0.156466,0,0.0604797,0.0560143
9.38,-0.153398,0,0.20783,0.0504129
9.382,-0.153398,0,0.187047,0.0453716
9.384,-0.153398,0,0.168342,0.0408344
9.386,-0.153398,0,0.151508,0.036751
9.388,-0.153398,0,0.136357,0.0330759
9.39,-0.153398,0,0.122721,0.0297683
9.392,-0.153398,0,0.110449,0.0267915
9.394,-0.153398,0,0.0994044,0.0241123
9.396,-0.153398,0,0.0894639,0.0217011
9.398,-0.153398,0,0.0805175,0.019531
9.4,-0.153398,0,0.0724658,0.0175779
9.402,-0.153398,0,0.0652192,0.0158201
9.404,-0.153398,0,0.0586973,0.0142381
9.406,-0.153398,0,0.0528275,0.0128143
9.408,-0.153398,0,0.0475448,0.0115329
9.41,-0.153398,0,0.0427903,0.0103796
9.412,-0.153398,0,0.0385113,0.00934161
9.414,-0.153398,0,0.0346602,0.00840745
9.416,-0.15033,0,0.184592,0.0075667
9.418,-0.15033,0,0.166133,0.00681003
9.42,-0.15033,0,0.14952,0.00612903
9.422,-0.15033,0,0.134568,0.00551613
9.424,-0.15033,0,0.121111,0.00496451
9.426,-0.15033,0,0.109,0.00446806
9.428,-0.15033,0,0.0980999,0.00402126
9.43,-0.15033,0,0.0882899,0.00361913
9.432,-0.15033,0,0.0794609,0.00325722
9.434,-0.15033,0,0.0715148,0.0029315
9.436,-0.147262,0,0.217761,0.00263835
9.438,-0.147262,0,0.195985,0.00237451
9.44,-0.147262,0,0.176387,0.00213706
9.442,-0.147262,0,0.158748,0.00192335
9.444,-0.147262,0,0.142873,0.00173102
9.446,-0.147262,0,0.128586,0.00155792
9.448,-0.147262,0,0.115727,0.00140213
9.45,-0.147262,0,0.104155,0.00126191
9.452,-0.147262,0,0.0937391,0.00113572
9.454,-0.144194,0,0.237763,0.00102215
9.456,-0.144194,0,0.213987,0.000919935
9.458,-0.144194,0,0.192588,0.000827941
9.46,-0.144194,0,0.173329,0.000745147
9.462,-0.144194,0,0.155997,0.000670632
9.464,-0.144194,0,0.140397,0.000603569
9.466,-0.144194,0,0.126357,0.000543212
9.468,-0.144194,0,0.113721,0.000488891
9.47,-0.144194,0,0.102349,0.000440002
9.472,-0.144194,0,0.0921144,0.000396002
9.474,-0.141126,0,0.236301,0.000356402
9.476,-0.141126,0,0.212671,0.000320761
9.478,-0.141126,0,0.191404,0.000288685
9.48,-0.141126,0,0.172263,0.000259817
9.482,-0.141126,0,0.155037,0.000233835
9.484,-0.141126,0,0.139533,0.000210452
9.486,-0.141126,0,0.12558,0.000189406
9.488,-0.141126,0,0.113022,0.000170466
9.49,-0.141126,0,0.10172,0.000153419
9.492,-0.141126,0,0.0915479,0.000138077
9.494,-0.138058,0,0.235791,0.00012427
9.496,-0.138058,0,0.212212,0.000111843
9.498,-0.138058,0,0.190991,0.000100658
9.5,-0.138058,0,0.171892,9.05925e-05
9.502,-0.138058,0.00306796,0.154703,0.15348
9.504,-0.138058,0.00306796,0.139232,0.138132
9.506,-0.138058,0.00306796,0.125309,0.124318
9.508,-0.13499,0.00306796,0.266176,0.111887
9.51,-0.13499,0.00306796,0.239559,0.100698
9.512,-0.13499,0.00306796,0.215603,0.0906282
9.514,-0.13499,0.00306796,0.194042,0.0815654
9.516,-0.13499,0.00306796,0.174638,0.0734088
9.518,-0.13499,0.00306796,0.157174,0.0660679
9.52,-0.13499,0.00306796,0.141457,0.0594611
9.522,-0.13499,0.00306796,0.127311,0.053515
9.524,-0.131922,0.00306796,0.267978,0.0481635
9.526,-0.131922,0.00306796,0.24118,0.0433472
9.528,-0.131922,0.00306796,0.217062,0.0390125
9.53,-0.131922,0.00306796,0.195356,0.0351112
9.532,-0.131922,0.00306796,0.175821,0.0316001
9.534,-0.131922,0.00306796,0.158238,0.0284401
9.536,-0.131922,0.00306796,0.142415,0.0255961
9.538,-0.131922,0.00306796,0.128173,0.0230365
9.54,-0.131922,0.00306796,0.115356,0.0207328
9.542,-0.131922,0.00306796,0.10382,0.0186595
9.544,-0.131922,0.00306796,0.0934382,0.0167936
9.546,-0.128854,0.00306796,0.237492,0.0151142
9.548,-0.128854,0.00306796,0.213743,0.0136028
9.55,-0.128854,0.00306796,0.192369,0.0122425
9.552,-0.128854,0.00306796,0.173132,0.0110183
9.554,-0.128854,0.00306796,0.155819,0.00991644
9.556,-0.128854,0.00306796,0.140237,0.0089248
9.558,-0.128854,0.00306796,0.126213,0.00803232
9.56,-0.128854,0.00306796,0.113592,0.00722909
9.562,-0.128854,0.00306796,0.102233,0.00650618
9.564,-0.128854,0.00306796,0.0920095,0.00585556
9.566,-0.128854,0.00306796,0.0828085,0.00527
9.568,-0.128854,0.00306796,0.0745277,0.004743
9.57,-0.128854,0.00306796,0.0670749,0.0042687
9.572,-0.125786,0.00306796,0.213765,0.00384183
9.574,-0.125786,0.00306796,0.192389,0.00345765
9.576,-0.125786,0.00306796,0.17315,0.00311189
9.578,-0.125786,0.00306796,0.155835,0.0028007
9.58,-0.125786,0.00306796,0.140252,0.00252063
9.582,-0.125786,0.00306796,0.126226,0.00226856
9.584,-0.125786,0.00306796,0.113604,0.00204171
9.586,-0.125786,0.00306796,0.102243,0.00183754
9.588,-0.125786,0.00306796,0.092019,0.00165378
9.59,-0.122718,0.00306796,0.236215,0.0014884
9.592,-0.122718,0.00306796,0.212594,0.00133956
9.594,-0.122718,0.00306796,0.191334,0.00120561
9.596,-0.122718,0.00306796,0.172201,0.00108505
9.598,-0.122718,0.00306796,0.154981,0.000976542
9.6,-0.122718,0.00306796,0.139483,0.000878888
9.602,-0.122718,0.00306796,0.125534,0.000790999
9.604,-0.122718,0.00306796,0.112981,0.000711899
9.606,-0.119651,0.00306796,0.255081,0.00064071
9.608,-0.119651,0.00306796,0.229573,0.000576639
9.61,-0.119651,0.00306796,0.206616,0.000518975
9.612,-0.119651,0.00306796,0.185954,0.000467077
9.614,-0.119651,0.00306796,0.167359,0.00042037
9.616,-0.119651,0.00306796,0.150623,0.000378333
9.618,-0.119651,0.00306796,0.13556,0.000340499
9.62,-0.119651,0.00306796,0.122004,0.000306449
9.622,-0.119651,0.00306796,0.109804,0.000275804
9.624,-0.119651,0.00306796,0.0988236,0.000248224
9.626,-0.116583,0.00306796,0.242339,0.000223402
9.628,-0.116583,0.00306796,0.218105,0.000201061
9.63,-0.116583,0.00306796,0.196295,0.000180955
9.632,-0.116583,0.00613592,0.176665,0.153561
9.634,-0.116583,0.00613592,0.158999,0.138205
9.636,-0.116583,0.00613592,0.143099,0.124384
9.638,-0.116583,0.00613592,0.128789,0.111946
9.64,-0.116583,0.00613592,0.11591,0.100751
9.642,-0.116583,0.00613592,0.104319,0.0906762
9.644,-0.116583,0.00613592,0.0938872,0.0816086
9.646,-0.116583,0.00613592,0.0844985,0.0734477
9.648,-0.116583,0.00613592,0.0760486,0.0661029
9.65,-0.116583,0.00613592,0.0684438,0.0594927
9.652,-0.116583,0.00613592,0.0615994,0.0535434
9.654,-0.113515,0.00613592,0.208838,0.048189
9.656,-0.113515,0.00613592,0.187954,0.0433701
9.658,-0.113515,0.00613592,0.169158,0.0390331
9.66,-0.113515,0.00613592,0.152243,0.0351298
9.662,-0.113515,0.00613592,0.137018,0.0316168
9.664,-0.113515,0.00306796,0.123316,-0.124943
9.666,-0.113515,0.00306796,0.110985,-0.112449
9.668,-0.113515,0.00306796,0.0998863,-0.101204
9.67,-0.113515,0.00306796,0.0898977,-0.0910834
9.672,-0.113515,0.00306796,0.0809079,-0.0819751
9.674,-0.113515,0.00306796,0.0728171,-0.0737775
9.676,-0.113515,0.00306796,0.0655354,-0.0663998
9.678,-0.113515,0.00306796,0.0589819,-0.0597598
9.68,-0.113515,0.00306796,0.0530837,-0.0537838
9.682,-0.113515,0.00306796,0.0477753,-0.0484054
9.684,-0.113515,0.00306796,0.0429978,-0.0435649
9.686,-0.113515,0.00306796,0.038698,-0.0392084
9.688,-0.113515,0.00306796,0.0348282,-0.0352876
9.69,-0.113515,0.00306796,0.0313454,-0.0317588
9.692,-0.113515,0.00306796,0.0282109,-0.0285829
9.694,-0.113515,0.00306796,0.0253898,-0.0257246
9.696,-0.113515,0.00306796,0.0228508,-0.0231522
9.698,-0.113515,0.00306796,0.0205657,-0.020837
9.7,-0.113515,0.00306796,0.0185091,-0.0187533
9.702,-0.113515,0,0.0166582,-0.170276
9.704,-0.113515,0,0.0149924,-0.153248
9.706,-0.113515,0,0.0134932,-0.137924
9.708,-0.113515,0,0.0121438,-0.124131
9.71,-0.113515,0,0.0109295,-0.111718
9.712,-0.113515,0,0.00983652,-0.100546
9.714,-0.113515,0,0.00885287,-0.0904917
9.716,-0.113515,0,0.00796758,-0.0814425
9.718,-0.113515,0,0.00717082,-0.0732982
9.72,-0.113515,0,0.00645374,-0.0659684
9.722,-0.113515,0,0.00580836,-0.0593716
9.724,-0.113515,0,0.00522753,-0.0534344
9.726,-0.113515,0,0.00470478,-0.048091
9.728,-0.113515,0,0.0042343,-0.0432819
9.73,-0.113515,0,0.00381087,-0.0389537
9.732,-0.113515,0,0.00342978,-0.0350583
9.734,-0.113515,0,0.0030868,-0.0315525
9.736,-0.113515,-0.00306796,0.00277812,-0.181795
9.738,-0.113515,-0.00306796,0.00250031,-0.163616
9.74,-0.113515,-0.00306796,0.00225028,-0.147254
9.742,-0.113515,-0.00306796,0.00202525,-0.132529
9.744,-0.113515,-0.00306796,0.00182273,-0.119276
9.746,-0.113515,-0.00306796,0.00164045,-0.107348
9.748,-0.113515,-0.00306796,0.00147641,-0.0966135
9.75,-0.113515,-0.00306796,0.00132877,-0.0869521
9.752,-0.113515,-0.00306796,0.00119589,-0.0782569
9.754,-0.113515,-0.00306796,0.0010763,-0.0704312
9.756,-0.113515,-0.00306796,0.000968672,-0.0633881
9.758,-0.113515,-0.00306796,0.000871804,-0.0570493
9.76,-0.113515,-0.00306796,0.000784624,-0.0513444
9.762,-0.113515,-0.00306796,0.000706162,-0.0462099
9.764,-0.113515,-0.00306796,0.000635545,-0.0415889
9.766,-0.113515,-0.00613592,0.000571991,-0.190828
9.768,-0.113515,-0.00613592,0.000514792,-0.171745
9.77,-0.113515,-0.00613592,0.000463313,-0.154571
9.772,-0.113515,-0.00613592,0.000416981,-0.139114
9.774,-0.113515,-0.00613592,0.000375283,-0.125202
9.776,-0.113515,-0.00613592,0.000337755,-0.112682
9.778,-0.113515,-0.00613592,0.000303979,-0.101414
9.78,-0.113515,-0.00613592,0.000273581,-0.0912725
9.782,-0.113515,-0.00613592,0.000246223,-0.0821452
9.784,-0.113515,-0.00613592,0.000221601,-0.0739307
9.786,-0.113515,-0.00613592,0.000199441,-0.0665377
9.788,-0.113515,-0.00613592,0.000179497,-0.0598839
9.79,-0.113515,-0.00613592,0.000161547,-0.0538955
9.792,-0.113515,-0.00920388,0.000145392,-0.201904
9.794,-0.113515,-0.00920388,0.000130853,-0.181714
9.796,-0.113515,-0.00920388,0.000117768,-0.163542
9.798,-0.113515,-0.00920388,0.000105991,-0.147188
9.8,-0.113515,-0.00920388,9.5392e-05,-0.132469
9.802,-0.113515,-0.00920388,8.58528e-05,-0.119222
9.804,-0.113515,-0.00920388,7.72675e-05,-0.1073
9.806,-0.113515,-0.00920388,6.95407e-05,-0.0965701
9.808,-0.113515,-0.00920388,6.25867e-05,-0.0869131
9.81,-0.113515,-0.00920388,5.6328e-05,-0.0782218
9.812,-0.113515,-0.00920388,5.06952e-05,-0.0703996
9.814,-0.113515,-0.00920388,4.56257e-05,-0.0633596
9.816,-0.113515,-0.00920388,4.10631e-05,-0.0570237
9.818,-0.113515,-0.0122718,3.69568e-05,-0.204719
9.82,-0.113515,-0.0122718,3.32611e-05,-0.184247
9.822,-0.113515,-0.0122718,2.9935e-05,-0.165823
9.824,-0.113515,-0.0122718,2.69415e-05,-0.14924
9.826,-0.113515,-0.0122718,2.42474e-05,-0.134316
9.828,-0.113515,-0.0122718,2.18226e-05,-0.120885
9.83,-0.113515,-0.0122718,1.96404e-05,-0.108796
9.832,-0.113515,-0.0122718,1.76763e-05,-0.0979166
9.834,-0.113515,-0.0122718,1.59087e-05,-0.088125
9.836,-0.113515,-0.0122718,1.43178e-05,-0.0793125
9.838,-0.113515,-0.0122718,1.2886e-05,-0.0713812
9.84,-0.113515,-0.0153398,1.15974e-05,-0.217641
9.842,-0.113515,-0.0153398,1.04377e-05,-0.195877
9.844,-0.113515,-0.0153398,9.39392e-06,-0.176289
9.846,-0.113515,-0.0153398,8.45453e-06,-0.15866
9.848,-0.110447,-0.0153398,0.153406,-0.142794
9.85,-0.110447,-0.0153398,0.138065,-0.128515
9.852,-0.110447,-0.0153398,0.124259,-0.115663
9.854,-0.110447,-0.0153398,0.111833,-0.104097
9.856,-0.110447,-0.0153398,0.100649,-0.0936874
9.858,-0.110447,-0.0153398,0.0905845,-0.0843187
9.86,-0.110447,-0.0153398,0.0815261,-0.0758868
9.862,-0.110447,-0.0153398,0.0733735,-0.0682981
9.864,-0.107379,-0.0153398,0.219434,-0.0614683
9.866,-0.107379,-0.0153398,0.197491,-0.0553215
9.868,-0.107379,-0.0153398,0.177742,-0.0497893
9.87,-0.107379,-0.0153398,0.159968,-0.0448104
9.872,-0.107379,-0.0153398,0.143971,-0.0403294
9.874,-0.107379,-0.0153398,0.129574,-0.0362964
9.876,-0.104311,-0.0153398,0.270014,-0.0326668
9.878,-0.104311,-0.0153398,0.243013,-0.0294001
9.88,-0.104311,-0.0153398,0.218712,-0.0264601
9.882,-0.104311,-0.0153398,0.196841,-0.0238141
9.884,-0.104311,-0.0153398,0.177156,-0.0214327
9.886,-0.104311,-0.0153398,0.159441,-0.0192894
9.888,-0.101243,-0.0153398,0.296895,-0.0173605
9.89,-0.101243,-0.0153398,0.267205,-0.0156244
9.892,-0.101243,-0.0153398,0.240485,-0.014062
9.894,-0.101243,-0.0122718,0.216436,0.140742
9.896,-0.0981748,-0.0122718,0.348191,0.126668
9.898,-0.0981748,-0.0122718,0.313372,0.114001
9.9,-0.0981748,-0.0122718,0.282035,0.102601
9.902,-0.0951068,-0.0122718,0.407229,0.092341
9.904,-0.0951068,-0.0122718,0.366506,0.0831069
9.906,-0.0951068,-0.0122718,0.329856,0.0747962
9.908,-0.0951068,-0.0122718,0.29687,0.0673166
9.91,-0.0920388,-0.0122718,0.420581,0.0605849
9.912,-0.0920388,-0.0122718,0.378523,0.0545265
9.914,-0.0920388,-0.00920388,0.340671,0.202472
9.916,-0.0920388,-0.00920388,0.306604,0.182225
9.918,-0.0889709,-0.00920388,0.429341,0.164002
9.92,-0.0889709,-0.00920388,0.386407,0.147602
9.922,-0.0889709,-0.00920388,0.347766,0.132842
9.924,-0.0859029,-0.00920388,0.466388,0.119558
9.926,-0.0859029,-0.00920388,0.419749,0.107602
9.928,-0.0859029,-0.00920388,0.377774,0.0968417
9.93,-0.082835,-0.00920388,0.493395,0.0871575
9.932,-0.082835,-0.00920388,0.444055,0.0784418
9.934,-0.082835,-0.00920388,0.39965,0.0705976
9.936,-0.079767,-0.00613592,0.513083,0.216936
9.938,-0.079767,-0.00613592,0.461775,0.195242
9.94,-0.079767,-0.00613592,0.415597,0.175718
9.942,-0.079767,-0.00613592,0.374037,0.158146
9.944,-0.076699,-0.00613592,0.490032,0.142332
9.946,-0.076699,-0.00613592,0.441029,0.128098
9.948,-0.0736311,-0.00613592,0.550324,0.115289
9.95,-0.0736311,-0.00613592,0.495291,0.10376
9.952,-0.0736311,-0.00306796,0.445762,0.246782
9.954,-0.0705631,-0.00306796,0.554584,0.222104
9.956,-0.0705631,-0.00306796,0.499126,0.199893
9.958,-0.0705631,-0.00306796,0.449213,0.179904
9.96,-0.0674952,-0.00306796,0.55769,0.161914
9.962,-0.0674952,-0.00306796,0.501921,0.145722
9.964,-0.0674952,-0.00306796,0.451729,0.13115
9.966,-0.0674952,-0.00306796,0.406556,0.118035
9.968,-0.0644272,-0.00306796,0.519298,0.106232
9.97,-0.0644272,-0.00306796,0.467369,0.0956084
9.972,-0.0644272,0,0.420632,0.239446
9.974,-0.0613592,0,0.531967,0.215501
9.976,-0.0613592,0,0.47877,0.193951
9.978,-0.0613592,0,0.430893,0.174556
9.98,-0.0582913,0,0.541202,0.1571
9.982,-0.0582913,0,0.487082,0.14139
9.984,-0.0582913,0,0.438373,0.127251
9.986,-0.0582913,0,0.394536,0.114526
9.988,-0.0552233,0,0.508481,0.103073
9.99,-0.0552233,0,0.457632,0.0927661
9.992,-0.0552233,0,0.411869,0.0834895
9.994,-0.0552233,0,0.370682,0.0751406
9.996,-0.0521553,0,0.487012,0.0676265
9.998,-0.0521553,0,0.438311,0.0608639
10,-0.0521553,0,0.39448,0.0547775
10.002,-0.0521553,0,0.355032,0.0492997
10.004,-0.0490874,0,0.472927,0.0443698
10.006,-0.0490874,0,0.425634,0.0399328
10.008,-0.0490874,0,0.383071,0.0359395
10.01,-0.0460194,0,0.498162,0.0323455
10.012,-0.0460194,0,0.448346,0.029111
10.014,-0.0460194,0,0.403511,0.0261999
10.016,-0.0460194,0,0.36316,0.0235799
10.018,-0.0429515,0,0.480242,0.0212219
10.02,-0.0429515,0.00306796,0.432218,0.172498
10.022,-0.0429515,0.00306796,0.388996,0.155248
10.024,-0.0429515,0.00306796,0.350096,0.139723
10.026,-0.0398835,0.00306796,0.468485,0.125751
10.028,-0.0398835,0.00306796,0.421636,0.113176
10.03,-0.0398835,0.00306796,0.379473,0.101858
10.032,-0.0398835,0.00306796,0.341525,0.0916724
10.034,-0.0368155,0.00306796,0.460771,0.0825052
10.036,-0.0368155,0.00306796,0.414694,0.0742546
10.038,-0.0368155,0.00306796,0.373224,0.0668292
10.04,-0.0337476,0.00306796,0.4893,0.0601463
10.042,-0.0337476,0.00306796,0.44037,0.0541316
10.044,-0.0337476,0.00306796,0.396333,0.0487185
10.046,-0.0337476,0.00306796,0.3567,0.0438466
10.048,-0.0337476,0.00306796,0.32103,0.039462
10.05,-0.0306796,0.00306796,0.442325,0.0355158
10.052,-0.0306796,0.00306796,0.398092,0.0319642
10.054,-0.0306796,0.00306796,0.358283,0.0287678
10.056,-0.0306796,0.00306796,0.322455,0.025891
10.058,-0.0306796,0.00306796,0.290209,0.0233019
10.06,-0.0306796,0.00306796,0.261188,0.0209717
10.062,-0.0276117,0.00306796,0.388468,0.0188745
10.064,-0.0276117,0.00306796,0.349621,0.0169871
10.066,-0.0276117,0.00306796,0.314659,0.0152884
10.068,-0.0276117,0.00306796,0.283193,0.0137595
10.07,-0.0276117,0,0.254874,-0.141014
10.072,-0.0245437,0,0.382784,-0.126913
10.074,-0.0245437,0,0.344506,-0.114222
10.076,-0.0245437,0,0.310055,-0.1028
10.078,-0.0245437,0,0.27905,-0.0925196
10.08,-0.0245437,0,0.251145,-0.0832676
10.082,-0.0214757,0,0.379428,-0.0749409
10.084,-0.0214757,0,0.341486,-0.0674468
10.086,-0.0214757,0,0.307337,-0.0607021
10.088,-0.0214757,0,0.276603,-0.0546319
10.09,-0.0214757,0,0.248943,-0.0491687
10.092,-0.0214757,0,0.224049,-0.0442518
10.094,-0.0184078,0,0.355042,-0.0398267
10.096,-0.0184078,0,0.319538,-0.035844
10.098,-0.0184078,0,0.287584,-0.0322596
10.1,-0.0184078,0,0.258826,-0.0290336
10.102,-0.0184078,0,0.232943,-0.0261303
10.104,-0.0153398,0,0.363047,-0.0235172
10.106,-0.0153398,0,0.326742,-0.0211655
10.108,-0.0153398,0,0.294068,-0.019049
10.11,-0.0153398,0,0.264661,-0.0171441
10.112,-0.0122718,0,0.391593,-0.0154297
10.114,-0.0122718,0,0.352434,-0.0138867
10.116,-0.0122718,0,0.31719,-0.012498
10.118,-0.0122718,0,0.285471,-0.0112482
10.12,-0.00920388,0,0.410322,-0.0101234
10.122,-0.00920388,0,0.36929,-0.00911106
10.124,-0.00920388,0,0.332361,-0.00819996
10.126,-0.00920388,0,0.299125,-0.00737996
10.128,-0.00920388,0,0.269212,-0.00664196
10.13,-0.00613592,0,0.395689,-0.00597777
10.132,-0.00613592,0,0.35612,-0.00537999
10.134,-0.00613592,0,0.320508,-0.00484199
10.136,-0.00613592,0,0.288457,-0.00435779
10.138,-0.00613592,0,0.259612,-0.00392201
10.14,-0.00306796,0,0.387049,-0.00352981
10.142,-0.00306796,0,0.348344,-0.00317683
10.144,-0.00306796,0,0.313509,-0.00285915
10.146,-0.00306796,0,0.282158,-0.00257323
10.148,-0,0,0.407341,-0.00231591
10.15,-0,0,0.366607,-0.00208432
10.152,-0,0,0.329946,-0.00187589
10.154,-0,0,0.296951,-0.0016883
10.156,0.00306796,0,0.420654,-0.00151947
10.158,0.00306796,0,0.378589,-0.00136752
10.16,0.00306796,0,0.34073,-0.00123077
10.162,0.00306796,0,0.306657,-0.00110769
10.164,0.00613592,0,0.429389,-0.000996923
10.166,0.00613592,0,0.38645,-0.000897231
10.168,0.00613592,0,0.347805,-0.000807508
10.17,0.00613592,0,0.313025,-0.000726757
10.172,0.00613592,0,0.281722,-0.000654081
10.174,0.00920388,0,0.406948,-0.000588673
10.176,0.00920388,0,0.366253,-0.000529806
10.178,0.00920388,0,0.329628,-0.000476825
10.18,0.0122718,0,0.450063,-0.000429143
10.182,0.0122718,0,0.405057,-0.000386228
10.184,0.0122718,0,0.364551,-0.000347606
10.186,0.0153398,0,0.481494,-0.000312845
10.188,0.0153398,0,0.433345,-0.000281561
10.19,0.0153398,0.00306796,0.39001,0.153145
10.192,0.0153398,0.00306796,0.351009,0.13783
10.194,0.0184078,0.00306796,0.469306,0.124047
10.196,0.0184078,0.00306796,0.422376,0.111642
10.198,0.0184078,0.00306796,0.380138,0.100478
10.2,0.0184078,0.00306796,0.342124,0.0904304
10.202,0.0214757,0.00306796,0.46131,0.0813874
10.204,0.0214757,0.00306796,0.415179,0.0732486
10.206,0.0214757,0.00306796,0.373661,0.0659238
10.208,0.0214757,0.00306796,0.336295,0.0593314
10.21,0.0245437,0.00306796,0.456064,0.0533982
10.212,0.0245437,0.00306796,0.410457,0.0480584
10.214,0.0245437,0.00306796,0.369412,0.0432526
10.216,0.0245437,0.00306796,0.33247,0.0389273
10.218,0.0276117,0.00306796,0.452621,0.0350346
10.22,0.0276117,0.00306796,0.407359,0.0315311
10.222,0.0276117,0.00306796,0.366623,0.028378
10.224,0.0276117,0.00306796,0.329961,0.0255402
10.226,0.0306796,0.00306796,0.450363,0.0229862
10.228,0.0306796,0.00306796,0.405327,0.0206876
10.23,0.0306796,0.00306796,0.364794,0.0186188
10.232,0.0306796,0.00306796,0.328315,0.0167569
10.234,0.0306796,0.00306796,0.295483,0.0150812
10.236,0.0306796,0.00306796,0.265935,0.0135731
10.238,0.0337476,0.00306796,0.392739,0.0122158
10.24,0.0337476,0.00306796,0.353465,0.0109942
10.242,0.0337476,0.00306796,0.318119,0.0098948
10.244,0.0337476,0.00306796,0.286307,0.00890532
10.246,0.0368155,0.00306796,0.411074,0.00801479
10.248,0.0368155,0.00306796,0.369967,0.00721331
10.25,0.0368155,0.00306796,0.33297,0.00649198
10.252,0.0398835,0.00306796,0.453071,0.00584278
10.254,0.0398835,0.00306796,0.407764,0.0052585
10.256,0.0398835,0.00306796,0.366988,0.00473265
10.258,0.0398835,0.00306796,0.330289,0.00425939
10.26,0.0398835,0.00306796,0.29726,0.00383345
10.262,0.0429515,0.00306796,0.420932,0.0034501
10.264,0.0429515,0.00306796,0.378839,0.00310509
10.266,0.0429515,0.00306796,0.340955,0.00279458
10.268,0.0429515,0.00306796,0.30686,0.00251513
10.27,0.0429515,0.00306796,0.276174,0.00226361
10.272,0.0429515,0.00306796,0.248556,0.00203725
10.274,0.0460194,0.00306796,0.377099,0.00183353
10.276,0.0460194,0.00306796,0.339389,0.00165017
10.278,0.0460194,0.00306796,0.30545,0.00148516
10.28,0.0460194,0.00306796,0.274905,0.00133664
10.282,0.0490874,0.00306796,0.400813,0.00120298
10.284,0.0490874,0.00306796,0.360731,0.00108268
10.286,0.0490874,0.00306796,0.324658,0.000974411
10.288,0.0521553,0.00306796,0.44559,0.00087697
10.29,0.0521553,0.00306796,0.401031,0.000789273
10.292,0.0521553,0.00306796,0.360928,0.000710346
10.294,0.0521553,0.00306796,0.324835,0.000639311
10.296,0.0521553,0.00306796,0.292352,0.00057538
10.298,0.0552233,0.00306796,0.416515,0.000517842
10.3,0.0552233,0.00306796,0.374863,0.000466058
10.302,0.0552233,0.00306796,0.337377,0.000419452
10.304,0.0552233,0.00306796,0.303639,0.000377507
10.306,0.0552233,0.00306796,0.273275,0.000339756
10.308,0.0552233,0.00613592,0.245948,0.153704
10.31,0.0582913,0.00613592,0.374751,0.138333
10.312,0.0582913,0.00613592,0.337276,0.1245
10.314,0.0582913,0.00613592,0.303548,0.11205
10.316,0.0582913,0.00613592,0.273194,0.100845
10.318,0.0613592,0.00613592,0.399272,0.0907606
10.32,0.0613592,0.00613592,0.359345,0.0816845
10.322,0.0613592,0.00613592,0.323411,0.0735161
10.324,0.0613592,0.00613592,0.291069,0.0661645
10.326,0.0644272,0.00613592,0.415361,0.059548
10.328,0.0644272,0.00613592,0.373825,0.0535932
10.33,0.0644272,0.00613592,0.336442,0.0482339
10.332,0.0644272,0.00613592,0.302798,0.0434105
10.334,0.0644272,0.00306796,0.272518,-0.114329
10.336,0.0644272,0.00306796,0.245266,-0.102896
10.338,0.0644272,0.00306796,0.22074,-0.0926062
10.34,0.0644272,0.00306796,0.198666,-0.0833456
10.342,0.0674952,0.00306796,0.332197,-0.075011
10.344,0.0674952,0.00306796,0.298977,-0.0675099
10.346,0.0674952,0.00306796,0.26908,-0.0607589
10.348,0.0674952,0.00306796,0.242172,-0.054683
10.35,0.0674952,0.00306796,0.217955,-0.0492147
10.352,0.0674952,0.00306796,0.196159,-0.0442932
10.354,0.0674952,0.00306796,0.176543,-0.0398639
10.356,0.0674952,0.00306796,0.158889,-0.0358775
10.358,0.0674952,0.00306796,0.143,-0.0322898
10.36,0.0705631,0.00306796,0.282098,-0.0290608
10.362,0.0705631,0.00306796,0.253888,-0.0261547
10.364,0.0705631,0.00306796,0.228499,-0.0235392
10.366,0.0705631,0.00306796,0.20565,-0.0211853
10.368,0.0705631,0.00306796,0.185085,-0.0190668
10.37,0.0705631,0.00306796,0.166576,-0.0171601
10.372,0.0736311,0.00306796,0.303317,-0.0154441
10.374,0.0736311,0.00306796,0.272985,-0.0138997
10.376,0.0736311,0.00306796,0.245686,-0.0125097
10.378,0.0736311,0.00306796,0.221118,-0.0112587
10.38,0.0736311,0.00306796,0.199006,-0.0101329
10.382,0.0736311,0,0.179105,-0.162518
10.384,0.0736311,0,0.161195,-0.146266
10.386,0.076699,0,0.298473,-0.131639
10.388,0.076699,0,0.268626,-0.118475
10.39,0.076699,0,0.241763,-0.106628
10.392,0.076699,0,0.217587,-0.0959651
10.394,0.076699,0,0.195828,-0.0863686
10.396,0.076699,0,0.176246,-0.0777317
10.398,0.076699,0,0.158621,-0.0699585
10.4,0.076699,0,0.142759,-0.0629627
10.402,0.079767,0,0.281881,-0.0566664
10.404,0.079767,0,0.253693,-0.0509998
10.406,0.079767,0,0.228324,-0.0458998
10.408,0.079767,0,0.205491,-0.0413098
10.41,0.079767,0,0.184942,-0.0371788
10.412,0.079767,0,0.166448,-0.0334609
10.414,0.079767,0,0.149803,-0.0301149
10.416,0.079767,0,0.134823,-0.0271034
10.418,0.082835,0,0.274739,-0.024393
10.42,0.082835,0,0.247265,-0.0219537
10.422,0.082835,0,0.222538,-0.0197584
10.424,0.082835,0,0.200284,-0.0177825
10.426,0.082835,0,0.180256,-0.0160043
10.428,0.0859029,0,0.315629,-0.0144038
10.43,0.0859029,0,0.284066,-0.0129635
10.432,0.0859029,0,0.255659,-0.0116671
10.434,0.0859029,0,0.230093,-0.0105004
10.436,0.0859029,0,0.207084,-0.00945036
10.438,0.0859029,0,0.186375,-0.00850532
10.44,0.0889709,0,0.321136,-0.00765479
10.442,0.0889709,0,0.289022,-0.00688931
10.444,0.0889709,0,0.26012,-0.00620038
10.446,0.0889709,0,0.234108,-0.00558034
10.448,0.0889709,0,0.210697,-0.00502231
10.45,0.0889709,0,0.189628,-0.00452008
10.452,0.0889709,0,0.170665,-0.00406807
10.454,0.0920388,0,0.306996,-0.00366126
10.456,0.0920388,0,0.276297,-0.00329514
10.458,0.0920388,0,0.248667,-0.00296562
10.46,0.0920388,0,0.2238,-0.00266906
10.462,0.0920388,0,0.20142,-0.00240215
10.464,0.0920388,0,0.181278,-0.00216194
10.466,0.0920388,0,0.16315,-0.00194575
10.468,0.0951068,0,0.300234,-0.00175117
10.47,0.0951068,0,0.27021,-0.00157605
10.472,0.0951068,0,0.243189,-0.00141845
10.474,0.0951068,0,0.21887,-0.0012766
10.476,0.0951068,0,0.196983,-0.00114894
10.478,0.0951068,0,0.177285,-0.00103405
10.48,0.0981748,0,0.312954,-0.000930644
10.482,0.0981748,0,0.281659,-0.00083758
10.484,0.0981748,0,0.253493,-0.000753822
10.486,0.0981748,-0.00306796,0.228144,-0.154077
10.488,0.0981748,-0.00306796,0.205329,-0.138669
10.49,0.101243,-0.00306796,0.338195,-0.124802
10.492,0.101243,-0.00306796,0.304375,-0.112322
10.494,0.101243,-0.00306796,0.273938,-0.10109
10.496,0.101243,-0.00306796,0.246544,-0.0909806
10.498,0.101243,-0.00306796,0.221889,-0.0818826
10.5,0.101243,-0.00306796,0.199701,-0.0736943
10.502,0.101243,-0.00306796,0.17973,-0.0663249
10.504,0.104311,-0.00306796,0.315155,-0.0596924
10.506,0.104311,0,0.28364,0.0996749
10.508,0.104311,0,0.255276,0.0897074
10.51,0.104311,0,0.229748,0.0807367
10.512,0.104311,0,0.206774,0.072663
10.514,0.107379,0,0.339494,0.0653967
10.516,0.107379,0,0.305545,0.058857
10.518,0.107379,0,0.27499,0.0529713
10.52,0.107379,0,0.247491,0.0476742
10.522,0.107379,0,0.222742,0.0429068
10.524,0.110447,0,0.353866,0.0386161
10.526,0.110447,0,0.318479,0.0347545
10.528,0.110447,0,0.286631,0.031279
10.53,0.110447,0,0.257968,0.0281511
10.532,0.113515,0,0.38557,0.025336
10.534,0.113515,0,0.347013,0.0228024
10.536,0.113515,0,0.312311,0.0205222
10.538,0.113515,0,0.28108,0.01847
10.54,0.113515,0,0.252972,0.016623
10.542,0.116583,0,0.381073,0.0149607
10.544,0.116583,0,0.342966,0.0134646
10.546,0.116583,0,0.308669,0.0121181
10.548,0.116583,0,0.277802,0.0109063
10.55,0.116583,0,0.250022,0.0098157
10.552,0.116583,0.00306796,0.22502,0.162232
10.554,0.119651,0.00306796,0.355916,0.146009
10.556,0.119651,0.00306796,0.320324,0.131408
10.558,0.119651,0.00306796,0.288292,0.118267
10.56,0.119651,0.00306796,0.259463,0.106441
10.562,0.122718,0.00306796,0.386915,0.0957965
10.564,0.122718,0.00306796,0.348223,0.0862168
10.566,0.122718,0.00306796,0.313401,0.0775952
10.568,0.122718,0.00306796,0.282061,0.0698356
10.57,0.122718,0.00306796,0.253855,0.0628521
10.572,0.125786,0.00306796,0.381867,0.0565669
10.574,0.125786,0.00306796,0.343681,0.0509102
10.576,0.125786,0.00306796,0.309312,0.0458192
10.578,0.125786,0.00306796,0.278381,0.0412372
10.58,0.125786,0.00306796,0.250543,0.0371135
10.582,0.125786,0.00306796,0.225489,0.0334022
10.584,0.125786,0.00306796,0.20294,0.030062
10.586,0.128854,0.00306796,0.336044,0.0270558
10.588,0.128854,0.00306796,0.30244,0.0243502
10.59,0.128854,0.00306796,0.272196,0.0219152
10.592,0.128854,0.00306796,0.244976,0.0197236
10.594,0.128854,0.00306796,0.220478,0.0177513
10.596,0.128854,0.00306796,0.198431,0.0159762
10.598,0.128854,0.00306796,0.178588,0.0143785
10.6,0.128854,0.00306796,0.160729,0.0129407
10.602,0.131922,0.00306796,0.298054,0.0116466
10.604,0.131922,0.00306796,0.268249,0.010482
10.606,0.131922,0.00306796,0.241424,0.00943376
10.608,0.131922,0.00306796,0.217281,0.00849038
10.61,0.131922,0.00306796,0.195553,0.00764135
10.612,0.131922,0.00306796,0.175998,0.00687721
10.614,0.13499,0.00306796,0.311796,0.00618949
10.616,0.13499,0.00306796,0.280617,0.00557054
10.618,0.13499,0.00306796,0.252555,0.00501349
10.62,0.13499,0.00306796,0.227299,0.00451214
10.622,0.13499,0.00306796,0.204569,0.00406092
10.624,0.13499,0.00306796,0.184113,0.00365483
10.626,0.13499,0.00306796,0.165701,0.00328935
10.628,0.138058,0.00306796,0.302529,0.00296041
10.63,0.138058,0.00306796,0.272276,0.00266437
10.632,0.138058,0,0.245049,-0.151
10.634,0.138058,0,0.220544,-0.1359
10.636,0.138058,0,0.198489,-0.12231
10.638,0.138058,0,0.17864,-0.110079
10.64,0.138058,0,0.160776,-0.0990712
10.642,0.138058,0,0.144699,-0.0891641
10.644,0.138058,0,0.130229,-0.0802477
10.646,0.138058,0,0.117206,-0.0722229
10.648,0.141126,0,0.258883,-0.0650006
10.65,0.141126,0,0.232995,-0.0585005
10.652,0.141126,0,0.209696,-0.0526505
10.654,0.141126,0,0.188726,-0.0473854
10.656,0.141126,0,0.169853,-0.0426469
10.658,0.141126,0,0.152868,-0.0383822
10.66,0.141126,0,0.137581,-0.034544
10.662,0.141126,0,0.123823,-0.0310896
10.664,0.144194,0,0.264839,-0.0279806
10.666,0.144194,0,0.238355,-0.0251826
10.668,0.144194,0,0.21452,-0.0226643
10.67,0.144194,0,0.193068,-0.0203979
10.672,0.144194,0,0.173761,-0.0183581
10.674,0.144194,0,0.156385,-0.0165223
10.676,0.147262,0,0.294144,-0.0148701
10.678,0.147262,0,0.26473,-0.013383
10.68,0.147262,0,0.238257,-0.0120447
10.682,0.147262,0,0.214431,-0.0108403
10.684,0.147262,0,0.192988,-0.00975624
10.686,0.15033,0,0.327087,-0.00878062
10.688,0.15033,0,0.294379,-0.00790256
10.69,0.15033,0,0.264941,-0.0071123
10.692,0.15033,0.00306796,0.238447,0.146997
10.694,0.15033,0.00306796,0.214602,0.132297
10.696,0.15033,0.00306796,0.193142,0.119068
10.698,0.15033,0.00306796,0.173828,0.107161
10.7,0.153398,0.00306796,0.309843,0.0964447
10.702,0.153398,0.00306796,0.278859,0.0868003
10.704,0.153398,0.00306796,0.250973,0.0781202
10.706,0.153398,0.00306796,0.225876,0.0703082
10.708,0.153398,0.00306796,0.203288,0.0632774
10.71,0.153398,0.00306796,0.182959,0.0569497
10.712,0.153398,0.00306796,0.164663,0.0512547
10.714,0.153398,0.00306796,0.148197,0.0461292
10.716,0.153398,0.00306796,0.133377,0.0415163
10.718,0.153398,0.00306796,0.12004,0.0373647
10.72,0.156466,0.00306796,0.261434,0.0336282
10.722,0.156466,0.00306796,0.23529,0.0302654
10.724,0.156466,0,0.211761,-0.126159
10.726,0.156466,0,0.190585,-0.113543
10.728,0.156466,0,0.171527,-0.102189
10.73,0.156466,0,0.154374,-0.0919701
10.732,0.156466,0,0.138937,-0.0827731
10.734,0.156466,0,0.125043,-0.0744958
10.736,0.156466,0,0.112539,-0.0670462
10.738,0.156466,0,0.101285,-0.0603416
10.74,0.156466,0,0.0911563,-0.0543074
10.742,0.159534,0,0.235439,-0.0488767
10.744,0.159534,0,0.211895,-0.043989
10.746,0.159534,0,0.190705,-0.0395901
10.748,0.159534,0,0.171635,-0.0356311
10.75,0.159534,0,0.154471,-0.032068
10.752,0.159534,0,0.139024,-0.0288612
10.754,0.159534,0,0.125122,-0.0259751
10.756,0.159534,0,0.11261,-0.0233776
10.758,0.162602,0,0.254747,-0.0210398
10.76,0.162602,0,0.229272,-0.0189358
10.762,0.162602,0,0.206345,-0.0170422
10.764,0.162602,0,0.18571,-0.015338
10.766,0.162602,0,0.167139,-0.0138042
10.768,0.162602,0,0.150425,-0.0124238
10.77,0.162602,0,0.135383,-0.0111814
10.772,0.162602,0,0.121845,-0.0100633
10.774,0.162602,0,0.10966,-0.00905695
10.776,0.162602,0,0.0986941,-0.00815125
10.778,0.162602,0,0.0888247,-0.00733613
10.78,0.16567,0,0.23334,-0.00660251
10.782,0.16567,0,0.210006,-0.00594226
10.784,0.16567,0,0.189006,-0.00534804
10.786,0.16567,0,0.170105,-0.00481323
10.788,0.16567,0,0.153095,-0.00433191
10.79,0.16567,-0.00306796,0.137785,-0.157297
10.792,0.16567,-0.00306796,0.124007,-0.141567
10.794,0.16567,-0.00306796,0.111606,-0.12741
10.796,0.16567,-0.00306796,0.100445,-0.114669
10.798,0.16567,-0.00306796,0.0904008,-0.103202
10.8,0.16567,-0.00306796,0.0813607,-0.0928822
10.802,0.16567,-0.00306796,0.0732247,-0.083594
10.804,0.16567,-0.00306796,0.0659022,-0.0752346
10.806,0.168738,-0.00306796,0.21271,-0.0677111
10.808,0.168738,-0.00306796,0.191439,-0.06094
10.81,0.168738,-0.00306796,0.172295,-0.054846
10.812,0.168738,-0.00306796,0.155066,-0.0493614
10.814,0.168738,-0.00306796,0.139559,-0.0444253
10.816,0.168738,-0.00306796,0.125603,-0.0399827
10.818,0.168738,-0.00306796,0.113043,-0.0359845
10.82,0.171806,-0.00306796,0.255137,-0.032386
10.822,0.171806,-0.00306796,0.229623,-0.0291474
10.824,0.171806,-0.00306796,0.206661,-0.0262327
10.826,0.171806,-0.00306796,0.185995,-0.0236094
10.828,0.171806,-0.00306796,0.167395,-0.0212485
10.83,0.171806,-0.00306796,0.150656,-0.0191236
10.832,0.174874,-0.00306796,0.288988,-0.0172113
10.834,0.174874,0,0.260089,0.137908
10.836,0.174874,0,0.23408,0.124117
10.838,0.174874,0,0.210672,0.111705
10.84,0.174874,0,0.189605,0.100535
10.842,0.174874,0,0.170645,0.0904814
10.844,0.174874,0,0.15358,0.0814333
10.846,0.177942,0,0.29162,0.0732899
10.848,0.177942,0,0.262458,0.0659609
10.85,0.177942,0,0.236212,0.0593648
10.852,0.177942,0,0.212591,0.0534284
10.854,0.177942,0,0.191332,0.0480855
10.856,0.177942,0,0.172199,0.043277
10.858,0.177942,0,0.154979,0.0389493
10.86,0.177942,0,0.139481,0.0350544
10.862,0.177942,0,0.125533,0.0315489
10.864,0.18101,0,0.266378,0.028394
10.866,0.18101,0,0.23974,0.0255546
10.868,0.18101,0,0.215766,0.0229992
10.87,0.18101,0,0.194189,0.0206992
10.872,0.18101,0,0.17477,0.0186293
10.874,0.18101,0,0.157293,0.0167664
10.876,0.18101,0,0.141564,0.0150897
10.878,0.18101,0,0.127408,0.0135808
10.88,0.184078,0,0.268065,0.0122227
10.882,0.184078,0,0.241258,0.0110004
10.884,0.184078,0,0.217133,0.00990038
10.886,0.184078,0,0.195419,0.00891035
10.888,0.184078,0,0.175877,0.00801931
10.89,0.184078,0,0.15829,0.00721738
10.892,0.184078,0,0.142461,0.00649564
10.894,0.184078,0,0.128215,0.00584608
10.896,0.184078,0,0.115393,0.00526147
10.898,0.187146,0,0.257252,0.00473532
10.9,0.187146,0,0.231527,0.00426179
10.902,0.187146,0,0.208374,0.00383561
10.904,0.187146,0,0.187537,0.00345205
10.906,0.187146,0,0.168783,0.00310685
10.908,0.187146,0,0.151905,0.00279616
10.91,0.187146,0,0.136714,0.00251654
10.912,0.187146,0,0.123043,0.00226489
10.914,0.187146,0,0.110739,0.0020384
10.916,0.187146,0,0.0996647,0.00183456
10.918,0.187146,0,0.0896982,0.00165111
10.92,0.190214,0,0.234126,0.00148599
10.922,0.190214,-0.00306796,0.210714,-0.152061
10.924,0.190214,-0.00306796,0.189642,-0.136855
10.926,0.190214,-0.00306796,0.170678,-0.123169
10.928,0.190214,-0.00306796,0.15361,-0.110852
10.93,0.190214,-0.00306796,0.138249,-0.099767
10.932,0.190214,-0.00306796,0.124424,-0.0897903
10.934,0.190214,-0.00306796,0.111982,-0.0808113
10.936,0.190214,-0.00306796,0.100784,-0.0727302
10.938,0.190214,-0.00306796,0.0907054,-0.0654571
10.94,0.190214,-0.00306796,0.0816348,-0.0589114
10.942,0.190214,-0.00306796,0.0734714,-0.0530203
10.944,0.193282,-0.00306796,0.219522,-0.0477183
10.946,0.193282,-0.00306796,0.19757,-0.0429464
10.948,0.193282,-0.00306796,0.177813,-0.0386518
10.95,0.193282,-0.00306796,0.160032,-0.0347866
10.952,0.193282,-0.00306796,0.144029,-0.0313079
10.954,0.193282,0,0.129626,0.125221
10.956,0.19635,0,0.270061,0.112699
10.958,0.19635,0,0.243055,0.101429
10.96,0.19635,0,0.21875,0.0912861
10.962,0.19635,0,0.196875,0.0821575
10.964,0.19635,0,0.177187,0.0739417
10.966,0.19635,0,0.159468,0.0665475
10.968,0.199418,0,0.29692,0.0598928
10.97,0.199418,0,0.267228,0.0539035
10.972,0.199418,0,0.240505,0.0485132
10.974,0.199418,0,0.216454,0.0436618
10.976,0.199418,0,0.194809,0.0392957
10.978,0.199418,0,0.175328,0.0353661
10.98,0.199418,0,0.157795,0.0318295
10.982,0.199418,0,0.142016,0.0286465
10.984,0.199418,0,0.127814,0.0257819
10.986,0.202485,0,0.268431,0.0232037
10.988,0.202485,0,0.241588,0.0208833
10.99,0.202485,0,0.217429,0.018795
10.992,0.202485,0,0.195686,0.0169155
10.994,0.202485,0,0.176117,0.0152239
10.996,0.202485,0,0.158506,0.0137015
10.998,0.202485,0,0.142655,0.0123314
11,0.202485,0,0.12839,0.0110983
11.002,0.202485,0,0.115551,0.00998843
11.004,0.202485,0,0.103996,0.00898959
11.006,0.205553,0,0.246994,0.00809063
11.008,0.205553,0,0.222295,0.00728156
11.01,0.205553,0,0.200065,0.00655341
11.012,0.205553,0,0.180059,0.00589807
11.014,0.205553,0,0.162053,0.00530826
11.016,0.205553,0,0.145848,0.00477743
11.018,0.205553,0,0.131263,0.00429969
11.02,0.205553,0,0.118137,0.00386972
11.022,0.205553,0,0.106323,0.00348275
11.024,0.208621,0,0.249089,0.00313447
11.026,0.208621,0,0.22418,0.00282103
11.028,0.208621,0,0.201762,0.00253892
11.03,0.208621,0,0.181586,0.00228503
11.032,0.208621,0,0.163427,0.00205653
11.034,0.208621,0,0.147084,0.00185088
11.036,0.208621,0,0.132376,0.00166579
11.038,0.208621,0,0.119138,0.00149921
11.04,0.208621,0,0.107225,0.00134929
11.042,0.211689,0,0.2499,0.00121436
11.044,0.211689,0,0.22491,0.00109292
11.046,0.211689,0,0.202419,0.000983631
11.048,0.211689,0,0.182177,0.000885268
11.05,0.211689,0,0.163959,0.000796741
11.052,0.211689,0,0.147564,0.000717067
11.054,0.211689,0,0.132807,0.000645361
11.056,0.211689,0,0.119526,0.000580824
11.058,0.211689,0,0.107574,0.000522742
11.06,0.211689,0,0.0968164,0.000470468
11.062,0.214757,0,0.240533,0.000423421
11.064,0.214757,0,0.21648,0.000381079
11.066,0.214757,0,0.194832,0.000342971
11.068,0.214757,0,0.175348,0.000308674
11.07,0.214757,0,0.157814,0.000277807
11.072,0.214757,0,0.142032,0.000250026
11.074,0.214757,0,0.127829,0.000225023
11.076,0.214757,0,0.115046,0.000202521
11.078,0.214757,0,0.103542,0.000182269
11.08,0.214757,0,0.0931874,0.000164042
11.082,0.214757,0,0.0838686,0.000147638
11.084,0.214757,0,0.0754818,0.000132874
11.086,0.214757,0,0.0679336,0.000119587
11.088,0.217825,0,0.214538,0.000107628
11.09,0.217825,0,0.193084,9.68652e-05
11.092,0.217825,0,0.173776,8.71786e-05
11.094,0.217825,0,0.156398,7.84608e-05
11.096,0.217825,0,0.140759,7.06147e-05
11.098,0.217825,0,0.126683,6.35532e-05
11.1,0.217825,0,0.114014,5.71979e-05
11.102,0.217825,0,0.102613,5.14781e-05
11.104,0.217825,0,0.0923517,4.63303e-05
11.106,0.217825,0,0.0831165,4.16973e-05
11.108,0.220893,0,0.228203,3.75275e-05
11.11,0.220893,0,0.205383,3.37748e-05
11.112,0.220893,0,0.184844,3.03973e-05
11.114,0.220893,0,0.16636,2.73576e-05
11.116,0.220893,0,0.149724,2.46218e-05
11.118,0.220893,0,0.134752,2.21596e-05
11.12,0.220893,0,0.121276,1.99437e-05
11.122,0.220893,0,0.109149,1.79493e-05
11.124,0.220893,0,0.0982339,1.61544e-05
11.126,0.220893,0,0.0884105,1.45389e-05
11.128,0.220893,0,0.0795695,1.3085e-05
11.13,0.223961,0,0.225011,1.17765e-05
11.132,0.223961,0,0.20251,1.05989e-05
11.134,0.223961,0,0.182259,9.539e-06
11.136,0.223961,0,0.164033,8.5851e-06
11.138,0.223961,0,0.147629,7.72659e-06
11.14,0.223961,0,0.132867,6.95393e-06
11.142,0.223961,0,0.11958,6.25854e-06
11.144,0.223961,0,0.107622,5.63268e-06
11.146,0.223961,-0.00306796,0.0968597,-0.153393
11.148,0.223961,-0.00306796,0.0871737,-0.138054
11.15,0.223961,-0.00306796,0.0784563,-0.124248
11.152,0.223961,-0.00306796,0.0706107,-0.111824
11.154,0.223961,-0.00306796,0.0635496,-0.100641
11.156,0.223961,-0.00306796,0.0571947,-0.090577
11.158,0.227029,-0.00306796,0.204873,-0.0815193
11.16,0.227029,-0.00306796,0.184386,-0.0733674
11.162,0.227029,-0.00306796,0.165947,-0.0660307
11.164,0.227029,-0.00306796,0.149353,-0.0594276
11.166,0.227029,-0.00306796,0.134417,-0.0534848
11.168,0.227029,-0.00306796,0.120976,-0.0481364
11.17,0.227029,-0.00306796,0.108878,-0.0433227
11.172,0.227029,-0.00306796,0.0979903,-0.0389904
11.174,0.227029,0,0.0881912,0.118307
11.176,0.227029,0,0.0793721,0.106476
11.178,0.227029,0,0.0714349,0.0958284
11.18,0.230097,0,0.217689,0.0862456
11.182,0.230097,0,0.195921,0.077621
11.184,0.230097,0,0.176328,0.0698589
11.186,0.230097,0,0.158696,0.062873
11.188,0.230097,0,0.142826,0.0565857
11.19,0.230097,0,0.128543,0.0509271
11.192,0.230097,0,0.115689,0.0458344
11.194,0.230097,0,0.10412,0.041251
11.196,0.230097,0,0.0937082,0.0371259
11.198,0.233165,0,0.237735,0.0334133
11.2,0.233165,0,0.213962,0.030072
11.202,0.233165,0,0.192566,0.0270648
11.204,0.233165,0,0.173309,0.0243583
11.206,0.233165,0,0.155978,0.0219225
11.208,0.233165,0,0.14038,0.0197302
11.21,0.233165,0,0.126342,0.0177572
11.212,0.233165,0,0.113708,0.0159815
11.214,0.233165,0,0.102337,0.0143833
11.216,0.233165,0,0.0921036,0.012945
11.218,0.236233,0,0.236291,0.0116505
11.22,0.236233,0,0.212662,0.0104854
11.222,0.236233,0,0.191396,0.0094369
11.224,0.236233,0,0.172256,0.00849321
11.226,0.236233,0,0.155031,0.00764389
11.228,0.236233,0,0.139528,0.0068795
11.23,0.236233,0,0.125575,0.00619155
11.232,0.236233,0,0.113017,0.0055724
11.234,0.236233,0,0.101716,0.00501516
11.236,0.236233,0,0.0915441,0.00451364
11.238,0.236233,0,0.0823897,0.00406228
11.24,0.236233,0,0.0741507,0.00365605
11.242,0.236233,0,0.0667356,0.00329044
11.244,0.236233,0,0.0600621,0.0029614
11.246,0.236233,0,0.0540559,0.00266526
11.248,0.239301,0,0.202048,0.00239873
11.25,0.239301,0,0.181844,0.00215886
11.252,0.239301,0,0.163659,0.00194297
11.254,0.239301,0,0.147293,0.00174868
11.256,0.239301,0,0.132564,0.00157381
11.258,0.239301,0,0.119308,0.00141643
11.26,0.239301,0,0.107377,0.00127479
11.262,0.239301,0,0.0966391,0.00114731
11.264,0.239301,0,0.0869752,0.00103258
11.266,0.239301,0,0.0782777,0.000929319
11.268,0.239301,0,0.0704499,0.000836387
11.27,0.239301,0,0.0634049,0.000752748
11.272,0.239301,0,0.0570644,0.000677473
11.274,0.239301,0,0.051358,0.000609726
11.276,0.239301,0,0.0462222,0.000548753
11.278,0.239301,-0.00306796,0.0416,-0.152904
11.28,0.239301,-0.00306796,0.03744,-0.137614
11.282,0.239301,-0.00306796,0.033696,-0.123852
11.284,0.239301,-0.00306796,0.0303264,-0.111467
11.286,0.242369,-0.00306796,0.180692,-0.10032
11.288,0.242369,-0.00306796,0.162623,-0.0902884
11.29,0.242369,-0.00306796,0.14636,-0.0812596
11.292,0.242369,-0.00306796,0.131724,-0.0731336
11.294,0.242369,-0.00306796,0.118552,-0.0658202
11.296,0.242369,-0.00306796,0.106697,-0.0592382
11.298,0.242369,-0.00306796,0.096027,-0.0533144
11.3,0.242369,-0.00306796,0.0864243,-0.047983
11.302,0.242369,-0.00306796,0.0777819,-0.0431847
11.304,0.242369,-0.00306796,0.0700037,-0.0388662
11.306,0.242369,-0.00306796,0.0630033,-0.0349796
11.308,0.245437,-0.00306796,0.210101,-0.0314816
11.31,0.245437,-0.00306796,0.189091,-0.0283335
11.312,0.245437,0,0.170182,0.127898
11.314,0.245437,0,0.153164,0.115108
11.316,0.245437,0,0.137847,0.103597
11.318,0.245437,0,0.124063,0.0932376
11.32,0.245437,0,0.111656,0.0839139
11.322,0.245437,0,0.100491,0.0755225
11.324,0.248505,0,0.24384,0.0679702
11.326,0.248505,0,0.219456,0.0611732
11.328,0.248505,0,0.19751,0.0550559
11.33,0.248505,0,0.177759,0.0495503
11.332,0.248505,0,0.159983,0.0445953
11.334,0.248505,0,0.143985,0.0401357
11.336,0.248505,0,0.129586,0.0361222
11.338,0.248505,0,0.116628,0.0325099
11.34,0.248505,0,0.104965,0.029259
11.342,0.248505,0,0.0944685,0.0263331
11.344,0.248505,0,0.0850216,0.0236998
11.346,0.248505,0,0.0765195,0.0213298
11.348,0.251573,0,0.222266,0.0191968
11.35,0.251573,0,0.200039,0.0172771
11.352,0.251573,0,0.180035,0.0155494
11.354,0.251573,0,0.162032,0.0139945
11.356,0.251573,0,0.145828,0.012595
11.358,0.251573,0,0.131246,0.0113355
11.36,0.251573,0,0.118121,0.010202
11.362,0.251573,0,0.106309,0.00918177
11.364,0.251573,0,0.0956781,0.00826359
11.366,0.251573,0,0.0861103,0.00743723
11.368,0.251573,0,0.0774992,0.00669351
11.37,0.251573,0,0.0697493,0.00602416
11.372,0.251573,0,0.0627744,0.00542174
11.374,0.254641,0,0.209895,0.00487957
11.376,0.254641,0,0.188906,0.00439161
11.378,0.254641,0,0.170015,0.00395245
11.38,0.254641,0,0.153013,0.00355721
11.382,0.254641,0,0.137712,0.00320149
11.384,0.254641,0,0.123941,0.00288134
11.386,0.254641,0,0.111547,0.0025932
11.388,0.254641,0,0.100392,0.00233388
11.39,0.254641,0.00306796,0.0903529,0.155499
11.392,0.254641,0.00306796,0.0813176,0.139949
11.394,0.257709,0.00306796,0.226584,0.125954
11.396,0.257709,0.00306796,0.203926,0.113358
11.398,0.257709,0.00306796,0.183533,0.102023
11.4,0.257709,0.00306796,0.16518,0.0918204
11.402,0.257709,0.00306796,0.148662,0.0826383
11.404,0.257709,0.00306796,0.133796,0.0743745
11.406,0.257709,0.00306796,0.120416,0.066937
11.408,0.257709,0.00306796,0.108374,0.0602433
11.41,0.257709,0.00306796,0.097537,0.054219
11.412,0.257709,0.00306796,0.0877833,0.0487971
11.414,0.257709,0.00306796,0.0790049,0.0439174
11.416,0.257709,0.00306796,0.0711044,0.0395257
11.418,0.257709,0.00306796,0.063994,0.0355731
11.42,0.260777,0.00306796,0.210993,0.0320158
11.422,0.260777,0.00306796,0.189893,0.0288142
11.424,0.260777,0.00306796,0.170904,0.0259328
11.426,0.260777,0.00306796,0.153814,0.0233395
11.428,0.260777,0.00306796,0.138432,0.0210056
11.43,0.260777,0.00306796,0.124589,0.018905
11.432,0.260777,0.00306796,0.11213,0.0170145
11.434,0.260777,0.00306796,0.100917,0.015313
11.436,0.260777,0,0.0908254,-0.139616
11.438,0.260777,0,0.0817429,-0.125655
11.44,0.260777,0,0.0735686,-0.113089
11.442,0.260777,0,0.0662117,-0.10178
11.444,0.260777,0,0.0595906,-0.0916023
11.446,0.260777,0,0.0536315,-0.0824421
11.448,0.260777,0,0.0482684,-0.0741978
11.45,0.260777,0,0.0434415,-0.0667781
11.452,0.260777,0,0.0390974,-0.0601003
11.454,0.260777,0,0.0351876,-0.0540902
11.456,0.260777,0,0.0316689,-0.0486812
11.458,0.260777,0,0.028502,-0.0438131
11.46,0.260777,0,0.0256518,-0.0394318
11.462,0.260777,0,0.0230866,-0.0354886
11.464,0.260777,0,0.0207779,-0.0319397
11.466,0.260777,0,0.0187002,-0.0287458
11.468,0.260777,0,0.0168301,-0.0258712
11.47,0.260777,0,0.0151471,-0.0232841
11.472,0.260777,0,0.0136324,-0.0209557
11.474,0.260777,0,0.0122692,-0.0188601
11.476,0.260777,0,0.0110423,-0.0169741
11.478,0.260777,0,0.00993803,-0.0152767
11.48,0.260777,0,0.00894422,-0.013749
11.482,0.260777,0,0.0080498,-0.0123741
11.484,0.260777,0,0.00724482,-0.0111367
11.486,0.260777,0,0.00652034,-0.010023
11.488,0.260777,0,0.00586831,-0.00902073
11.49,0.260777,0,0.00528147,-0.00811865
11.492,0.260777,0,0.00475333,-0.00730679
11.494,0.260777,0,0.00427799,-0.00657611
11.496,0.260777,0,0.0038502,-0.0059185
11.498,0.260777,0,0.00346518,-0.00532665
11.5,0.260777,0,0.00311866,-0.00479398
11.502,0.260777,0,0.00280679,-0.00431459
11.504,0.260777,0,0.00252611,-0.00388313
11.506,0.263845,0,0.155672,-0.00349481
11.508,0.263845,0,0.140104,-0.00314533
11.51,0.263845,0,0.126094,-0.0028308
11.512,0.263845,0,0.113485,-0.00254772
11.514,0.263845,0,0.102136,-0.00229295
11.516,0.263845,0,0.0919225,-0.00206365
11.518,0.263845,0,0.0827303,-0.00185729
11.52,0.263845,0,0.0744572,-0.00167156
11.522,0.263845,0,0.0670115,-0.0015044
11.524,0.263845,0,0.0603104,-0.00135396
11.526,0.263845,0,0.0542793,-0.00121857
11.528,0.263845,0,0.0488514,-0.00109671
11.53,0.263845,0,0.0439663,-0.000987039
11.532,0.263845,0,0.0395696,-0.000888335
11.534,0.263845,0,0.0356127,-0.000799501
11.536,0.263845,0,0.0320514,-0.000719551
11.538,0.263845,0,0.0288463,-0.000647596
11.54,0.263845,0,0.0259616,-0.000582836
11.542,0.263845,0,0.0233655,-0.000524553
11.544,0.263845,0,0.0210289,-0.000472098
11.546,0.263845,0,0.018926,-0.000424888
11.548,0.263845,0,0.0170334,-0.000382399
11.55,0.263845,-0.00306796,0.0153301,-0.153742
11.552,0.263845,-0.00306796,0.0137971,-0.138368
11.554,0.263845,-0.00306796,0.0124174,-0.124531
11.556,0.263845,-0.00306796,0.0111756,-0.112078
11.558,0.263845,-0.00306796,0.0100581,-0.10087
11.56,0.263845,-0.00306796,0.00905226,-0.0907833
11.562,0.263845,-0.00306796,0.00814704,-0.0817049
11.564,0.263845,-0.00306796,0.00733233,-0.0735344
11.566,0.263845,-0.00306796,0.0065991,-0.066181
11.568,0.263845,-0.00306796,0.00593919,-0.0595629
11.57,0.263845,-0.00306796,0.00534527,-0.0536066
11.572,0.263845,-0.00306796,0.00481074,-0.0482459
11.574,0.263845,-0.00306796,0.00432967,-0.0434213
11.576,0.263845,-0.00306796,0.0038967,-0.0390792
11.578,0.263845,-0.00306796,0.00350703,-0.0351713
11.58,0.263845,-0.00306796,0.00315633,-0.0316542
11.582,0.263845,-0.00306796,0.0028407,-0.0284887
11.584,0.263845,0,0.00255663,0.127758
11.586,0.263845,0,0.00230096,0.114982
11.588,0.263845,0,0.00207087,0.103484
11.59,0.263845,0,0.00186378,0.0931357
11.592,0.263845,0,0.0016774,0.0838222
11.594,0.263845,0,0.00150966,0.0754399
11.596,0.263845,0,0.0013587,0.0678959
11.598,0.263845,0,0.00122283,0.0611064
11.6,0.263845,0,0.00110054,0.0549957
11.602,0.263845,0,0.000990489,0.0494961
11.604,0.263845,0,0.00089144,0.0445465
11.606,0.263845,0,0.000802296,0.0400919
11.608,0.263845,0,0.000722067,0.0360827
11.61,0.263845,0,0.00064986,0.0324744
11.612,0.263845,0,0.000584874,0.029227
11.614,0.263845,0,0.000526387,0.0263043
11.616,0.263845,0,0.000473748,0.0236739
11.618,0.263845,0,0.000426373,0.0213065
11.62,0.263845,0,0.000383736,0.0191758
11.622,0.263845,0,0.000345362,0.0172582
11.624,0.263845,-0.00306796,0.000310826,-0.137866
11.626,0.263845,-0.00306796,0.000279743,-0.124079
11.628,0.263845,-0.00306796,0.000251769,-0.111671
11.63,0.263845,-0.00306796,0.000226592,-0.100504
11.632,0.263845,-0.00306796,0.000203933,-0.0904537
11.634,0.263845,-0.00306796,0.00018354,-0.0814083
11.636,0.263845,-0.00306796,0.000165186,-0.0732675
11.638,0.263845,-0.00306796,0.000148667,-0.0659407
11.64,0.263845,-0.00306796,0.0001338,-0.0593466
11.642,0.263845,-0.00306796,0.00012042,-0.053412
11.644,0.263845,-0.00306796,0.000108378,-0.0480708
11.646,0.263845,-0.00306796,9.75405e-05,-0.0432637
11.648,0.263845,-0.00306796,8.77865e-05,-0.0389373
11.65,0.263845,-0.00306796,7.90078e-05,-0.0350436
11.652,0.263845,-0.00306796,7.1107e-05,-0.0315392
11.654,0.263845,-0.00306796,6.39963e-05,-0.0283853
11.656,0.263845,0,5.75967e-05,0.127851
11.658,0.263845,0,5.1837e-05,0.115066
11.66,0.266913,0,0.153445,0.10356
11.662,0.266913,0,0.1381,0.0932036
11.664,0.266913,0,0.12429,0.0838832
11.666,0.266913,0,0.111861,0.0754949
11.668,0.266913,0,0.100675,0.0679454
11.67,0.266913,0,0.0906076,0.0611509
11.672,0.266913,0,0.0815468,0.0550358
11.674,0.266913,0,0.0733921,0.0495322
11.676,0.266913,0,0.0660529,0.044579
11.678,0.266913,0,0.0594476,0.0401211
11.68,0.266913,0,0.0535029,0.036109
11.682,0.266913,0,0.0481526,0.0324981
11.684,0.266913,0,0.0433373,0.0292483
11.686,0.266913,0,0.0390036,0.0263234
11.688,0.266913,0,0.0351032,0.0236911
11.69,0.266913,0,0.0315929,0.021322
11.692,0.266913,0,0.0284336,0.0191898
11.694,0.266913,0,0.0255903,0.0172708
11.696,0.266913,0,0.0230312,0.0155437
11.698,0.266913,0,0.0207281,0.0139894
11.7,0.266913,0,0.0186553,0.0125904
11.702,0.266913,0,0.0167898,0.0113314
11.704,0.266913,0,0.0151108,0.0101982
11.706,0.266913,0,0.0135997,0.00917842
11.708,0.266913,0,0.0122397,0.00826058
11.71,0.266913,0,0.0110158,0.00743452
11.712,0.266913,0,0.00991419,0.00669107
11.714,0.266913,0,0.00892277,0.00602196
11.716,0.266913,0,0.00803049,0.00541976
11.718,0.266913,0,0.00722744,0.00487779
11.72,0.266913,0,0.0065047,0.00439001
11.722,0.266913,0,0.00585423,0.00395101
11.724,0.266913,0,0.00526881,0.00355591
11.726,0.266913,-0.00306796,0.00474193,-0.150198
11.728,0.266913,-0.00306796,0.00426773,-0.135178
11.73,0.266913,-0.00306796,0.00384096,-0.12166
11.732,0.266913,-0.00306796,0.00345686,-0.109494
11.734,0.266913,-0.00306796,0.00311118,-0.0985448
11.736,0.266913,-0.00306796,0.00280006,-0.0886903
11.738,0.266913,0,0.00252005,0.0735768
11.74,0.266913,0,0.00226805,0.0662191
11.742,0.266913,0,0.00204124,0.0595972
11.744,0.266913,0,0.00183712,0.0536375
11.746,0.266913,0,0.00165341,0.0482738
11.748,0.266913,0,0.00148807,0.0434464
11.75,0.266913,0,0.00133926,0.0391017
11.752,0.266913,0,0.00120533,0.0351916
11.754,0.266913,0,0.0010848,0.0316724
11.756,0.266913,0,0.000976321,0.0285052
11.758,0.266913,0,0.000878689,0.0256547
11.76,0.266913,0,0.00079082,0.0230892
11.762,0.266913,0,0.000711738,0.0207803
11.764,0.266913,0,0.000640564,0.0187022
11.766,0.266913,0,0.000576508,0.016832
11.768,0.266913,0,0.000518857,0.0151488
11.77,0.266913,0,0.000466971,0.0136339
11.772,0.266913,0,0.000420274,0.0122705
11.774,0.266913,0,0.000378247,0.0110435
11.776,0.266913,0,0.000340422,0.00993914
11.778,0.266913,0,0.00030638,0.00894522
11.78,0.266913,0,0.000275742,0.0080507
11.782,0.266913,0,0.000248168,0.00724563
11.784,0.266913,0,0.000223351,0.00652107
11.786,0.266913,0,0.000201016,0.00586896
11.788,0.266913,0,0.000180914,0.00528207
11.79,0.266913,0,0.000162823,0.00475386
11.792,0.266913,0,0.00014654,0.00427847
11.794,0.266913,0,0.000131886,0.00385063
11.796,0.266913,0,0.000118698,0.00346556
11.798,0.266913,0,0.000106828,0.00311901
11.8,0.266913,0,9.61452e-05,0.00280711
11.802,0.266913,0,8.65307e-05,0.0025264
11.804,0.266913,0,7.78776e-05,0.00227376
11.806,0.266913,0,7.00899e-05,0.00204638
11.808,0.266913,0,6.30809e-05,0.00184174
11.81,0.266913,0,5.67728e-05,0.00165757
11.812,0.266913,0,5.10955e-05,0.00149181
11.814,0.266913,0,4.5986e-05,0.00134263
11.816,0.266913,0,4.13874e-05,0.00120837
11.818,0.266913,0,3.72486e-05,0.00108753
11.82,0.266913,0,3.35238e-05,0.000978777
11.822,0.266913,0,3.01714e-05,0.0008809
11.824,0.266913,0,2.71542e-05,0.00079281
11.826,0.266913,0,2.44388e-05,0.000713529
11.828,0.266913,0,2.19949e-05,0.000642176
11.83,0.266913,0,1.97954e-05,0.000577958
11.832,0.266913,0,1.78159e-05,0.000520162
11.834,0.266913,0,1.60343e-05,0.000468146
11.836,0.266913,0,1.44309e-05,0.000421332
11.838,0.266913,0,1.29878e-05,0.000379198
11.84,0.266913,0,1.1689e-05,0.000341279
11.842,0.266913,0,1.05201e-05,0.000307151
11.844,0.266913,0,9.4681e-06,0.000276436
11.846,0.266913,0,8.52129e-06,0.000248792
11.848,0.266913,0,7.66916e-06,0.000223913
11.85,0.263845,0,-0.153391,0.000201522
11.852,0.263845,0,-0.138052,0.000181369
11.854,0.263845,0,-0.124247,0.000163232
11.856,0.263845,0,-0.111822,0.000146909
11.858,0.263845,0,-0.10064,0.000132218
11.86,0.263845,0,-0.090576,0.000118996
11.862,0.263845,0,-0.0815184,0.000107097
11.864,0.263845,0,-0.0733665,9.63872e-05
11.866,0.263845,0,-0.0660299,8.67484e-05
11.868,0.263845,0,-0.0594269,7.80736e-05
11.87,0.263845,0,-0.0534842,7.02662e-05
11.872,0.263845,0,-0.0481358,6.32396e-05
11.874,0.263845,0,-0.0433222,5.69157e-05
11.876,0.263845,0,-0.03899,5.12241e-05
11.878,0.263845,0,-0.035091,4.61017e-05
11.88,0.263845,0,-0.0315819,4.14915e-05
11.882,0.263845,0,-0.0284237,3.73424e-05
11.884,0.263845,0,-0.0255813,3.36081e-05
11.886,0.263845,0,-0.0230232,3.02473e-05
11.888,0.263845,0,-0.0207209,2.72226e-05
11.89,0.263845,0,-0.0186488,2.45003e-05
11.892,0.263845,0,-0.0167839,2.20503e-05
11.894,0.263845,0,-0.0151055,1.98453e-05
11.896,0.263845,0,-0.013595,1.78607e-05
11.898,0.263845,0,-0.0122355,1.60747e-05
11.9,0.263845,0,-0.0110119,1.44672e-05
11.902,0.263845,0,-0.00991073,1.30205e-05
11.904,0.263845,0,-0.00891966,1.17184e-05
11.906,0.263845,0,-0.00802769,1.05466e-05
11.908,0.263845,0,-0.00722492,9.49193e-06
11.91,0.263845,0,-0.00650243,8.54273e-06
11.912,0.263845,0,-0.00585219,7.68846e-06
11.914,0.263845,0,-0.00526697,6.91961e-06
11.916,0.263845,0,-0.00474027,6.22765e-06
11.918,0.263845,0,-0.00426624,5.60489e-06
11.92,0.263845,0,-0.00383962,5.0444e-06
11.922,0.263845,0,-0.00345566,4.53996e-06
11.924,0.263845,0,-0.00311009,4.08596e-06
11.926,0.263845,0,-0.00279908,3.67737e-06
11.928,0.263845,0,-0.00251917,3.30963e-06
11.93,0.263845,0,-0.00226726,2.97867e-06
11.932,0.263845,0,-0.00204053,2.6808e-06
11.934,0.263845,0,-0.00183648,2.41272e-06
11.936,0.263845,0,-0.00165283,2.17145e-06
11.938,0.263845,0,-0.00148755,1.9543e-06
11.94,0.263845,0,-0.00133879,1.75887e-06
11.942,0.263845,0,-0.00120491,1.58299e-06
11.944,0.263845,0,-0.00108442,1.42469e-06
11.946,0.263845,0,-0.00097598,1.28222e-06
11.948,0.263845,0,-0.000878382,1.154e-06
11.95,0.263845,0,-0.000790544,1.0386e-06
11.952,0.263845,0,-0.000711489,9.34737e-07
11.954,0.263845,0,-0.00064034,8.41264e-07
11.956,0.263845,0,-0.000576306,7.57137e-07
11.958,0.263845,0,-0.000518676,6.81424e-07
11.96,0.263845,0,-0.000466808,6.13281e-07
11.962,0.263845,0.00306796,-0.000420127,0.153399
11.964,0.263845,0.00306796,-0.000378115,0.138059
11.966,0.263845,0.00306796,-0.000340303,0.124253
11.968,0.263845,0.00306796,-0.000306273,0.111828
11.97,0.263845,0.00306796,-0.000275646,0.100645
11.972,0.263845,0.00306796,-0.000248081,0.0905804
11.974,0.263845,0.00306796,-0.000223273,0.0815223
11.976,0.263845,0.00306796,-0.000200946,0.0733701
11.978,0.263845,0.00306796,-0.000180851,0.0660331
11.98,0.263845,0.00306796,-0.000162766,0.0594298
11.982,0.263845,0.00306796,-0.000146489,0.0534868
11.984,0.263845,0.00306796,-0.00013184,0.0481381
11.986,0.263845,0.00306796,-0.000118656,0.0433243
11.988,0.263845,0.00306796,-0.000106791,0.0389919
11.99,0.263845,0,-9.61117e-05,-0.118305
11.992,0.263845,0,-8.65005e-05,-0.106475
11.994,0.263845,0,-7.78504e-05,-0.0958274
11.996,0.263845,0,-7.00654e-05,-0.0862446
11.998,0.263845,0,-6.30589e-05,-0.0776202
12,0.263845,0,-5.6753e-05,-0.0698582
12.002,0.263845,0,-5.10777e-05,-0.0628723
12.004,0.260777,0,-0.153444,-0.0565851
12.006,0.260777,0,-0.1381,-0.0509266
12.008,0.260777,0,-0.12429,-0.0458339
12.01,0.260777,0,-0.111861,-0.0412505
12.012,0.260777,0,-0.100675,-0.0371255
12.014,0.260777,0,-0.0906072,-0.0334129
12.016,0.260777,0,-0.0815465,-0.0300716
12.018,0.260777,0,-0.0733918,-0.0270645
12.02,0.260777,0,-0.0660526,-0.024358
12.022,0.260777,0,-0.0594474,-0.0219222
12.024,0.260777,0,-0.0535026,-0.01973
12.026,0.260777,0,-0.0481524,-0.017757
12.028,0.260777,0,-0.0433371,-0.0159813
12.03,0.260777,0,-0.0390034,-0.0143832
12.032,0.260777,0,-0.0351031,-0.0129449
12.034,0.260777,0,-0.0315928,-0.0116504
12.036,0.260777,0,-0.0284335,-0.0104853
12.038,0.260777,0,-0.0255901,-0.0094368
12.04,0.260777,0,-0.0230311,-0.00849312
12.042,0.260777,0,-0.020728,-0.00764381
12.044,0.260777,0,-0.0186552,-0.00687943
12.046,0.260777,0.00306796,-0.0167897,0.147207
12.048,0.260777,0.00306796,-0.0151107,0.132486
12.05,0.260777,0.00306796,-0.0135997,0.119237
12.052,0.260777,0.00306796,-0.0122397,0.107314
12.054,0.260777,0.00306796,-0.0110157,0.0965822
12.056,0.260777,0.00306796,-0.00991415,0.086924
12.058,0.260777,0.00306796,-0.00892273,0.0782316
12.06,0.260777,0.00306796,-0.00803046,0.0704085
12.062,0.260777,0.00306796,-0.00722741,0.0633676
12.064,0.260777,0.00306796,-0.00650467,0.0570309
12.066,0.260777,0.00306796,-0.0058542,0.0513278
12.068,0.260777,0.00306796,-0.00526878,0.046195
12.07,0.257709,0.00306796,-0.15814,0.0415755
12.072,0.257709,0.00306796,-0.142326,0.0374179
12.074,0.257709,0.00306796,-0.128093,0.0336761
12.076,0.257709,0.00306796,-0.115284,0.0303085
12.078,0.257709,0.00306796,-0.103756,0.0272777
12.08,0.257709,0.00306796,-0.0933801,0.0245499
12.082,0.257709,0.00306796,-0.0840421,0.0220949
12.084,0.257709,0,-0.0756379,-0.133513
12.086,0.254641,0,-0.221472,-0.120161
12.088,0.254641,0,-0.199325,-0.108145
12.09,0.254641,0,-0.179392,-0.0973307
12.092,0.254641,0,-0.161453,-0.0875977
12.094,0.254641,0,-0.145308,-0.0788379
12.096,0.254641,0,-0.130777,-0.0709541
12.098,0.254641,0,-0.117699,-0.0638587
12.1,0.251573,0,-0.259328,-0.0574728
12.102,0.251573,0,-0.233395,-0.0517255
12.104,0.251573,0,-0.210055,-0.046553
12.106,0.251573,0,-0.18905,-0.0418977
12.108,0.251573,0,-0.170145,-0.0377079
12.11,0.251573,0,-0.15313,-0.0339371
12.112,0.251573,0,-0.137817,-0.0305434
12.114,0.251573,0,-0.124036,-0.0274891
12.116,0.251573,0,-0.111632,-0.0247402
12.118,0.251573,-0.00306796,-0.100469,-0.175664
12.12,0.251573,-0.00306796,-0.0904219,-0.158098
12.122,0.248505,-0.00306796,-0.234778,-0.142288
12.124,0.248505,-0.00306796,-0.2113,-0.128059
12.126,0.248505,-0.00306796,-0.19017,-0.115253
12.128,0.248505,-0.00306796,-0.171153,-0.103728
12.13,0.248505,-0.00306796,-0.154038,-0.0933552
12.132,0.248505,-0.00306796,-0.138634,-0.0840197
12.134,0.248505,-0.00306796,-0.124771,-0.0756177
12.136,0.248505,-0.00306796,-0.112293,-0.0680559
12.138,0.248505,-0.00306796,-0.101064,-0.0612503
12.14,0.248505,-0.00306796,-0.0909577,-0.0551253
12.142,0.245437,-0.00306796,-0.23526,-0.0496128
12.144,0.245437,-0.00306796,-0.211734,-0.0446515
12.146,0.245437,-0.00306796,-0.190561,-0.0401863
12.148,0.245437,-0.00306796,-0.171505,-0.0361677
12.15,0.245437,-0.00306796,-0.154354,-0.0325509
12.152,0.245437,-0.00306796,-0.138919,-0.0292958
12.154,0.245437,-0.00306796,-0.125027,-0.0263663
12.156,0.245437,-0.00306796,-0.112524,-0.0237296
12.158,0.245437,-0.00306796,-0.101272,-0.0213567
12.16,0.245437,-0.00306796,-0.0911446,-0.019221
12.162,0.245437,-0.00306796,-0.0820301,-0.0172989
12.164,0.245437,-0.00306796,-0.0738271,-0.015569
12.166,0.242369,-0.00306796,-0.219842,-0.0140121
12.168,0.242369,-0.00306796,-0.197858,-0.0126109
12.17,0.242369,-0.00306796,-0.178072,-0.0113498
12.172,0.242369,-0.00306796,-0.160265,-0.0102148
12.174,0.242369,-0.00306796,-0.144239,-0.00919335
12.176,0.242369,-0.00306796,-0.129815,-0.00827401
12.178,0.242369,-0.00306796,-0.116833,-0.00744661
12.18,0.242369,-0.00306796,-0.10515,-0.00670195
12.182,0.242369,-0.00306796,-0.094635,-0.00603175
12.184,0.242369,-0.00306796,-0.0851715,-0.00542858
12.186,0.242369,-0.00306796,-0.0766543,-0.00488572
12.188,0.242369,-0.00306796,-0.0689889,-0.00439715
12.19,0.242369,-0.00306796,-0.06209,-0.00395743
12.192,0.242369,-0.00306796,-0.055881,-0.00356169
12.194,0.242369,-0.00306796,-0.0502929,-0.00320552
12.196,0.242369,-0.00306796,-0.0452636,-0.00288497
12.198,0.242369,-0.00306796,-0.0407373,-0.00259647
12.2,0.242369,-0.00306796,-0.0366635,-0.00233683
12.202,0.242369,-0.00306796,-0.0329972,-0.00210314
12.204,0.239301,-0.00306796,-0.183096,-0.00189283
12.206,0.239301,-0.00306796,-0.164786,-0.00170355
12.208,0.239301,0,-0.148307,0.151865
12.21,0.239301,0,-0.133477,0.136678
12.212,0.239301,0,-0.120129,0.123011
12.214,0.239301,0,-0.108116,0.11071
12.216,0.239301,0,-0.0973045,0.0996386
12.218,0.239301,0,-0.087574,0.0896747
12.22,0.239301,0,-0.0788166,0.0807072
12.222,0.239301,0,-0.070935,0.0726365
12.224,0.239301,0,-0.0638415,0.0653729
12.226,0.239301,0,-0.0574573,0.0588356
12.228,0.239301,0,-0.0517116,0.052952
12.23,0.239301,0,-0.0465404,0.0476568
12.232,0.239301,0,-0.0418864,0.0428911
12.234,0.239301,0,-0.0376977,0.038602
12.236,0.239301,0,-0.033928,0.0347418
12.238,0.239301,0,-0.0305352,0.0312676
12.24,0.239301,0,-0.0274817,0.0281409
12.242,0.236233,0,-0.178132,0.0253268
12.244,0.236233,0,-0.160318,0.0227941
12.246,0.236233,0,-0.144287,0.0205147
12.248,0.236233,0,-0.129858,0.0184632
12.25,0.236233,-0.00306796,-0.116872,-0.136781
12.252,0.236233,-0.00306796,-0.105185,-0.123103
12.254,0.236233,-0.00306796,-0.0946664,-0.110793
12.256,0.236233,-0.00306796,-0.0851998,-0.0997135
12.258,0.236233,-0.00306796,-0.0766798,-0.0897421
12.26,0.236233,-0.00306796,-0.0690118,-0.0807679
12.262,0.233165,-0.00306796,-0.215509,-0.0726911
12.264,0.233165,-0.00306796,-0.193958,-0.065422
12.266,0.233165,-0.00306796,-0.174562,-0.0588798
12.268,0.233165,-0.00306796,-0.157106,-0.0529918
12.27,0.233165,-0.00306796,-0.141395,-0.0476926
12.272,0.233165,-0.00306796,-0.127256,-0.0429234
12.274,0.233165,-0.00306796,-0.11453,-0.038631
12.276,0.233165,-0.00306796,-0.103077,-0.0347679
12.278,0.233165,-0.00306796,-0.0927694,-0.0312911
12.28,0.233165,-0.00306796,-0.0834925,-0.028162
12.282,0.233165,-0.00306796,-0.0751432,-0.0253458
12.284,0.233165,-0.00306796,-0.0676289,-0.0228112
12.286,0.233165,-0.00306796,-0.060866,-0.0205301
12.288,0.230097,-0.00306796,-0.208178,-0.0184771
12.29,0.230097,-0.00306796,-0.18736,-0.0166294
12.292,0.230097,-0.00306796,-0.168624,-0.0149665
12.294,0.230097,-0.00306796,-0.151761,-0.0134698
12.296,0.230097,0,-0.136585,0.141275
12.298,0.230097,0,-0.122927,0.127148
12.3,0.230097,0,-0.110634,0.114433
12.302,0.230097,0,-0.0995707,0.10299
12.304,0.230097,0,-0.0896136,0.0926907
12.306,0.230097,0,-0.0806522,0.0834216
12.308,0.230097,0,-0.072587,0.0750795
12.31,0.230097,0,-0.0653283,0.0675715
12.312,0.230097,0,-0.0587955,0.0608144
12.314,0.230097,0,-0.0529159,0.0547329
12.316,0.230097,0,-0.0476243,0.0492596
12.318,0.230097,0,-0.0428619,0.0443337
12.32,0.227029,0,-0.191974,0.0399003
12.322,0.227029,0,-0.172776,0.0359103
12.324,0.227029,0,-0.155499,0.0323192
12.326,0.227029,0,-0.139949,0.0290873
12.328,0.227029,0,-0.125954,0.0261786
12.33,0.227029,0,-0.113359,0.0235607
12.332,0.227029,0,-0.102023,0.0212047
12.334,0.227029,0,-0.0918205,0.0190842
12.336,0.227029,-0.00306796,-0.0826384,-0.136222
12.338,0.227029,-0.00306796,-0.0743746,-0.1226
12.34,0.223961,-0.00306796,-0.220335,-0.11034
12.342,0.223961,-0.00306796,-0.198302,-0.0993061
12.344,0.223961,-0.00306796,-0.178472,-0.0893755
12.346,0.223961,-0.00306796,-0.160624,-0.0804379
12.348,0.223961,-0.00306796,-0.144562,-0.0723941
12.35,0.223961,-0.00306796,-0.130106,-0.0651547
12.352,0.223961,-0.00306796,-0.117095,-0.0586392
12.354,0.223961,-0.00306796,-0.105386,-0.0527753
12.356,0.223961,-0.00306796,-0.0948471,-0.0474978
12.358,0.220893,-0.00306796,-0.23876,-0.042748
12.36,0.220893,-0.00306796,-0.214884,-0.0384732
12.362,0.220893,-0.00306796,-0.193396,-0.0346259
12.364,0.220893,-0.00306796,-0.174056,-0.0311633
12.366,0.220893,-0.00306796,-0.156651,-0.028047
12.368,0.220893,-0.00306796,-0.140986,-0.0252423
12.37,0.220893,-0.00306796,-0.126887,-0.022718
12.372,0.220893,-0.00306796,-0.114198,-0.0204462
12.374,0.220893,-0.00306796,-0.102779,-0.0184016
12.376,0.217825,-0.00306796,-0.245899,-0.0165615
12.378,0.217825,-0.00306796,-0.221309,-0.0149053
12.38,0.217825,-0.00306796,-0.199178,-0.0134148
12.382,0.217825,-0.00306796,-0.17926,-0.0120733
12.384,0.217825,-0.00306796,-0.161334,-0.010866
12.386,0.217825,-0.00306796,-0.145201,-0.00977937
12.388,0.217825,-0.00306796,-0.130681,-0.00880143
12.39,0.217825,-0.00306796,-0.117613,-0.00792129
12.392,0.217825,-0.00306796,-0.105851,-0.00712916
12.394,0.217825,-0.00306796,-0.0952662,-0.00641625
12.396,0.217825,-0.00306796,-0.0857396,-0.00577462
12.398,0.214757,-0.00306796,-0.230564,-0.00519716
12.4,0.214757,-0.00306796,-0.207507,-0.00467744
12.402,0.214757,-0.00306796,-0.186757,-0.0042097
12.404,0.214757,-0.00306796,-0.168081,-0.00378873
12.406,0.214757,-0.00306796,-0.151273,-0.00340986
12.408,0.214757,-0.00306796,-0.136146,-0.00306887
12.41,0.214757,-0.00306796,-0.122531,-0.00276198
12.412,0.214757,-0.00306796,-0.110278,-0.00248579
12.414,0.214757,-0.00306796,-0.0992501,-0.00223721
12.416,0.214757,-0.00306796,-0.0893251,-0.00201349
12.418,0.214757,-0.00306796,-0.0803926,-0.00181214
12.42,0.214757,-0.00306796,-0.0723533,-0.00163092
12.422,0.214757,-0.00306796,-0.065118,-0.00146783
12.424,0.214757,-0.00306796,-0.0586062,-0.00132105
12.426,0.214757,-0.00306796,-0.0527456,-0.00118894
12.428,0.214757,-0.00306796,-0.047471,-0.00107005
12.43,0.211689,-0.00306796,-0.196122,-0.000963044
12.432,0.211689,-0.00306796,-0.17651,-0.00086674
12.434,0.211689,-0.00306796,-0.158859,-0.000780066
12.436,0.211689,-0.00306796,-0.142973,-0.000702059
12.438,0.211689,-0.00306796,-0.128676,-0.000631853
12.44,0.211689,-0.00306796,-0.115808,-0.000568668
12.442,0.211689,-0.00306796,-0.104227,-0.000511801
12.444,0.211689,-0.00306796,-0.0938045,-0.000460621
12.446,0.211689,-0.00306796,-0.0844241,-0.000414559
12.448,0.211689,-0.00306796,-0.0759817,-0.000373103
12.45,0.211689,-0.00306796,-0.0683835,-0.000335793
12.452,0.211689,-0.00306796,-0.0615452,-0.000302213
12.454,0.211689,-0.00306796,-0.0553906,-0.000271992
12.456,0.211689,-0.00306796,-0.0498516,-0.000244793
12.458,0.211689,-0.00306796,-0.0448664,-0.000220314
12.46,0.211689,-0.00306796,-0.0403798,-0.000198282
12.462,0.211689,-0.00306796,-0.0363418,-0.000178454
12.464,0.211689,-0.00306796,-0.0327076,-0.000160609
12.466,0.211689,-0.00306796,-0.0294369,-0.000144548
12.468,0.211689,-0.00306796,-0.0264932,-0.000130093
12.47,0.211689,-0.00306796,-0.0238439,-0.000117084
12.472,0.211689,-0.00306796,-0.0214595,-0.000105375
12.474,0.208621,-0.00306796,-0.172712,-9.48378e-05
12.476,0.208621,-0.00306796,-0.15544,-8.5354e-05
12.478,0.208621,-0.00306796,-0.139896,-7.68186e-05
12.48,0.208621,-0.00306796,-0.125907,-6.91367e-05
12.482,0.208621,-0.00306796,-0.113316,-6.22231e-05
12.484,0.208621,-0.00306796,-0.101984,-5.60008e-05
12.486,0.208621,0,-0.091786,0.153348
12.488,0.208621,0,-0.0826074,0.138013
12.49,0.208621,0,-0.0743467,0.124212
12.492,0.208621,0,-0.066912,0.11179
12.494,0.208621,0,-0.0602208,0.100611
12.496,0.208621,0,-0.0541987,0.0905503
12.498,0.208621,0,-0.0487789,0.0814952
12.5,0.208621,0,-0.043901,0.0733457
12.502,0.208621,0,-0.0395109,0.0660111
12.504,0.208621,0,-0.0355598,0.05941
12.506,0.208621,0,-0.0320038,0.053469
12.508,0.208621,0,-0.0288034,0.0481221
12.51,0.208621,0,-0.0259231,0.0433099
12.512,0.208621,0,-0.0233308,0.0389789
12.514,0.208621,0,-0.0209977,0.035081
12.516,0.208621,0,-0.0188979,0.0315729
12.518,0.208621,0,-0.0170081,0.0284156
12.52,0.205553,0,-0.168705,0.0255741
12.522,0.205553,0,-0.151835,0.0230167
12.524,0.205553,0,-0.136651,0.020715
12.526,0.205553,0,-0.122986,0.0186435
12.528,0.205553,0,-0.110688,0.0167791
12.53,0.205553,0,-0.0996189,0.0151012
12.532,0.205553,0,-0.089657,0.0135911
12.534,0.205553,0,-0.0806913,0.012232
12.536,0.205553,0,-0.0726221,0.0110088
12.538,0.205553,0,-0.0653599,0.00990792
12.54,0.202485,0,-0.212222,0.00891713
12.542,0.202485,0,-0.191,0.00802541
12.544,0.202485,0,-0.1719,0.00722287
12.546,0.202485,0,-0.15471,0.00650059
12.548,0.202485,0,-0.139239,0.00585053
12.55,0.202485,0,-0.125315,0.00526547
12.552,0.202485,0,-0.112783,0.00473893
12.554,0.202485,0,-0.101505,0.00426503
12.556,0.202485,-0.00306796,-0.0913546,-0.14956
12.558,0.202485,-0.00306796,-0.0822192,-0.134604
12.56,0.199418,-0.00306796,-0.227395,-0.121143
12.562,0.199418,-0.00306796,-0.204656,-0.109029
12.564,0.199418,-0.00306796,-0.18419,-0.098126
12.566,0.199418,-0.00306796,-0.165771,-0.0883134
12.568,0.199418,-0.00306796,-0.149194,-0.0794821
12.57,0.199418,-0.00306796,-0.134275,-0.0715339
12.572,0.199418,-0.00306796,-0.120847,-0.0643805
12.574,0.199418,-0.00306796,-0.108762,-0.0579424
12.576,0.199418,-0.00306796,-0.0978862,-0.0521482
12.578,0.19635,-0.00306796,-0.241496,-0.0469334
12.58,0.19635,-0.00306796,-0.217346,-0.04224
12.582,0.19635,-0.00306796,-0.195612,-0.038016
12.584,0.19635,-0.00306796,-0.17605,-0.0342144
12.586,0.19635,-0.00306796,-0.158445,-0.030793
12.588,0.19635,-0.00306796,-0.142601,-0.0277137
12.59,0.19635,-0.00306796,-0.128341,-0.0249423
12.592,0.19635,-0.00306796,-0.115507,-0.0224481
12.594,0.19635,-0.00306796,-0.103956,-0.0202033
12.596,0.19635,-0.00306796,-0.0935604,-0.0181829
12.598,0.19635,-0.00306796,-0.0842043,-0.0163647
12.6,0.193282,-0.00306796,-0.229182,-0.0147282
12.602,0.193282,-0.00306796,-0.206264,-0.0132554
12.604,0.193282,-0.00306796,-0.185637,-0.0119298
12.606,0.193282,-0.00306796,-0.167074,-0.0107368
12.608,0.193282,-0.00306796,-0.150366,-0.00966316
12.61,0.193282,-0.00306796,-0.13533,-0.00869685
12.612,0.193282,-0.00306796,-0.121797,-0.00782716
12.614,0.193282,-0.00306796,-0.109617,-0.00704445
12.616,0.193282,-0.00306796,-0.0986553,-0.00634
12.618,0.193282,-0.00306796,-0.0887898,-0.005706
12.62,0.193282,-0.00306796,-0.0799108,-0.0051354
12.622,0.193282,-0.00306796,-0.0719197,-0.00462186
12.624,0.193282,-0.00306796,-0.0647278,-0.00415968
12.626,0.190214,-0.00306796,-0.211653,-0.00374371
12.628,0.190214,-0.00306796,-0.190488,-0.00336934
12.63,0.190214,-0.00306796,-0.171439,-0.0030324
12.632,0.190214,-0.00306796,-0.154295,-0.00272916
12.634,0.190214,-0.00306796,-0.138866,-0.00245625
12.636,0.190214,-0.00306796,-0.124979,-0.00221062
12.638,0.190214,-0.00306796,-0.112481,-0.00198956
12.64,0.190214,-0.00306796,-0.101233,-0.0017906
12.642,0.190214,-0.00306796,-0.0911097,-0.00161154
12.644,0.190214,-0.00306796,-0.0819987,-0.00145039
12.646,0.190214,-0.00306796,-0.0737989,-0.00130535
12.648,0.190214,-0.00306796,-0.066419,-0.00117482
12.65,0.190214,-0.00306796,-0.0597771,-0.00105733
12.652,0.190214,-0.00306796,-0.0537994,-0.0009516
12.654,0.190214,-0.00306796,-0.0484194,-0.00085644
12.656,0.190214,-0.00306796,-0.0435775,-0.000770796
12.658,0.190214,-0.00306796,-0.0392197,-0.000693717
12.66,0.190214,-0.00306796,-0.0352978,-0.000624345
12.662,0.190214,-0.00306796,-0.031768,-0.00056191
12.664,0.190214,-0.00306796,-0.0285912,-0.000505719
12.666,0.190214,-0.00306796,-0.0257321,-0.000455148
12.668,0.190214,-0.00306796,-0.0231589,-0.000409633
12.67,0.190214,-0.00306796,-0.020843,-0.000368669
12.672,0.190214,-0.00306796,-0.0187587,-0.000331803
12.674,0.190214,-0.00306796,-0.0168828,-0.000298622
12.676,0.190214,-0.00306796,-0.0151945,-0.00026876
12.678,0.190214,-0.00306796,-0.0136751,-0.000241884
12.68,0.190214,0,-0.0123076,0.15318
12.682,0.190214,0,-0.0110768,0.137862
12.684,0.190214,0,-0.00996913,0.124076
12.686,0.190214,0,-0.00897222,0.111668
12.688,0.190214,0,-0.008075,0.100502
12.69,0.190214,0,-0.0072675,0.0904515
12.692,0.190214,0,-0.00654075,0.0814063
12.694,0.190214,0,-0.00588667,0.0732657
12.696,0.190214,0,-0.00529801,0.0659391
12.698,0.190214,0,-0.0047682,0.0593452
12.7,0.190214,0,-0.00429138,0.0534107
12.702,0.190214,0,-0.00386225,0.0480696
12.704,0.187146,0,-0.156874,0.0432627
12.706,0.187146,0,-0.141187,0.0389364
12.708,0.187146,0,-0.127068,0.0350428
12.71,0.187146,0,-0.114361,0.0315385
12.712,0.187146,0,-0.102925,0.0283846
12.714,0.187146,0,-0.0926326,0.0255462
12.716,0.187146,0,-0.0833693,0.0229916
12.718,0.187146,0,-0.0750324,0.0206924
12.72,0.187146,0,-0.0675292,0.0186232
12.722,0.187146,0,-0.0607762,0.0167608
12.724,0.187146,0,-0.0546986,0.0150848
12.726,0.187146,0,-0.0492288,0.0135763
12.728,0.187146,0,-0.0443059,0.0122187
12.73,0.187146,0,-0.0398753,0.0109968
12.732,0.187146,0,-0.0358878,0.00989711
12.734,0.187146,0,-0.032299,0.0089074
12.736,0.187146,0,-0.0290691,0.00801666
12.738,0.184078,0,-0.17956,0.00721499
12.74,0.184078,0,-0.161604,0.00649349
12.742,0.184078,0,-0.145444,0.00584414
12.744,0.184078,0,-0.130899,0.00525973
12.746,0.184078,0,-0.117809,0.00473376
12.748,0.184078,0,-0.106029,0.00426038
12.75,0.184078,0,-0.0954257,0.00383434
12.752,0.184078,0,-0.0858831,0.00345091
12.754,0.184078,0,-0.0772948,0.00310582
12.756,0.184078,0,-0.0695653,0.00279524
12.758,0.18101,0,-0.216007,0.00251571
12.76,0.18101,0,-0.194406,0.00226414
12.762,0.18101,0,-0.174966,0.00203773
12.764,0.18101,0,-0.157469,0.00183395
12.766,0.18101,0,-0.141722,0.00165056
12.768,0.18101,0,-0.12755,0.0014855
12.77,0.18101,0,-0.114795,0.00133695
12.772,0.18101,0,-0.103315,0.00120326
12.774,0.177942,0,-0.246382,0.00108293
12.776,0.177942,0,-0.221744,0.000974639
12.778,0.177942,0,-0.199569,0.000877175
12.78,0.177942,0,-0.179612,0.000789457
12.782,0.177942,0,-0.161651,0.000710512
12.784,0.177942,0,-0.145486,0.00063946
12.786,0.177942,0,-0.130937,0.000575514
12.788,0.177942,-0.00306796,-0.117844,-0.15288
12.79,0.174874,-0.00306796,-0.259457,-0.137592
12.792,0.174874,-0.00306796,-0.233512,-0.123833
12.794,0.174874,-0.00306796,-0.210161,-0.11145
12.796,0.174874,-0.00306796,-0.189144,-0.100305
12.798,0.174874,-0.00306796,-0.17023,-0.0902742
12.8,0.174874,-0.00306796,-0.153207,-0.0812468
12.802,0.174874,-0.00306796,-0.137886,-0.0731221
12.804,0.174874,-0.00306796,-0.124098,-0.0658099
12.806,0.171806,-0.00306796,-0.265086,-0.0592289
12.808,0.171806,-0.00306796,-0.238577,-0.053306
12.81,0.171806,-0.00306796,-0.21472,-0.0479754
12.812,0.171806,-0.00306796,-0.193248,-0.0431779
12.814,0.171806,-0.00306796,-0.173923,-0.0388601
12.816,0.171806,-0.00306796,-0.156531,-0.0349741
12.818,0.171806,-0.00306796,-0.140878,-0.0314767
12.82,0.168738,-0.00306796,-0.280188,-0.028329
12.822,0.168738,-0.00306796,-0.252169,-0.0254961
12.824,0.168738,-0.00613592,-0.226952,-0.176345
12.826,0.168738,-0.00613592,-0.204257,-0.15871
12.828,0.168738,-0.00613592,-0.183831,-0.142839
12.83,0.168738,-0.00613592,-0.165448,-0.128555
12.832,0.168738,-0.00613592,-0.148903,-0.1157
12.834,0.168738,-0.00613592,-0.134013,-0.10413
12.836,0.168738,-0.00613592,-0.120612,-0.0937167
12.838,0.16567,-0.00613592,-0.261949,-0.0843451
12.84,0.16567,-0.00613592,-0.235754,-0.0759106
12.842,0.16567,-0.00613592,-0.212178,-0.0683195
12.844,0.16567,-0.00613592,-0.190961,-0.0614875
12.846,0.16567,-0.00613592,-0.171864,-0.0553388
12.848,0.16567,-0.00613592,-0.154678,-0.0498049
12.85,0.16567,-0.00613592,-0.13921,-0.0448244
12.852,0.16567,-0.00613592,-0.125289,-0.040342
12.854,0.16567,-0.00613592,-0.11276,-0.0363078
12.856,0.16567,-0.00613592,-0.101484,-0.032677
12.858,0.16567,-0.00613592,-0.0913358,-0.0294093
12.86,0.16567,-0.00613592,-0.0822022,-0.0264684
12.862,0.16567,-0.00613592,-0.073982,-0.0238215
12.864,0.16567,-0.00613592,-0.0665838,-0.0214394
12.866,0.16567,-0.00306796,-0.0599254,0.134103
12.868,0.16567,-0.00306796,-0.0539329,0.120692
12.87,0.16567,-0.00306796,-0.0485396,0.108623
12.872,0.16567,-0.00306796,-0.0436856,0.0977608
12.874,0.16567,-0.00306796,-0.0393171,0.0879847
12.876,0.16567,-0.00306796,-0.0353854,0.0791863
12.878,0.16567,-0.00306796,-0.0318468,0.0712676
12.88,0.16567,-0.00306796,-0.0286622,0.0641409
12.882,0.16567,-0.00306796,-0.0257959,0.0577268
12.884,0.16567,-0.00306796,-0.0232163,0.0519541
12.886,0.16567,-0.00306796,-0.0208947,0.0467587
12.888,0.16567,-0.00306796,-0.0188052,0.0420828
12.89,0.16567,-0.00306796,-0.0169247,0.0378745
12.892,0.16567,-0.00306796,-0.0152322,0.0340871
12.894,0.16567,-0.00306796,-0.013709,0.0306784
12.896,0.16567,-0.00306796,-0.0123381,0.0276105
12.898,0.16567,-0.00306796,-0.0111043,0.0248495
12.9,0.16567,-0.00306796,-0.00999387,0.0223645
12.902,0.16567,-0.00306796,-0.00899449,0.0201281
12.904,0.16567,0,-0.00809504,0.171513
12.906,0.16567,0,-0.00728553,0.154362
12.908,0.16567,0,-0.00655698,0.138926
12.91,0.16567,0,-0.00590128,0.125033
12.912,0.16567,0,-0.00531115,0.11253
12.914,0.16567,0,-0.00478004,0.101277
12.916,0.16567,0,-0.00430204,0.0911492
12.918,0.16567,0,-0.00387183,0.0820343
12.92,0.16567,0,-0.00348465,0.0738309
12.922,0.162602,0,-0.156534,0.0664478
12.924,0.162602,0,-0.140881,0.059803
12.926,0.162602,0,-0.126793,0.0538227
12.928,0.162602,0,-0.114113,0.0484404
12.93,0.162602,0,-0.102702,0.0435964
12.932,0.162602,0,-0.0924319,0.0392368
12.934,0.162602,0,-0.0831887,0.0353131
12.936,0.162602,0,-0.0748699,0.0317818
12.938,0.162602,0,-0.0673829,0.0286036
12.94,0.162602,0,-0.0606446,0.0257432
12.942,0.162602,0,-0.0545801,0.0231689
12.944,0.162602,0,-0.0491221,0.020852
12.946,0.162602,0,-0.0442099,0.0187668
12.948,0.162602,0,-0.0397889,0.0168901
12.95,0.162602,0,-0.03581,0.0152011
12.952,0.162602,0,-0.032229,0.013681
12.954,0.162602,0,-0.0290061,0.0123129
12.956,0.162602,0,-0.0261055,0.0110816
12.958,0.162602,0,-0.023495,0.00997346
12.96,0.162602,0,-0.0211455,0.00897611
12.962,0.159534,0,-0.172429,0.0080785
12.964,0.159534,0,-0.155186,0.00727065
12.966,0.159534,0,-0.139667,0.00654358
12.968,0.159534,0,-0.125701,0.00588923
12.97,0.159534,0,-0.113131,0.0053003
12.972,0.159534,0,-0.101818,0.00477027
12.974,0.159534,0,-0.0916358,0.00429325
12.976,0.159534,0,-0.0824723,0.00386392
12.978,0.159534,0,-0.074225,0.00347753
12.98,0.159534,0,-0.0668025,0.00312978
12.982,0.159534,0,-0.0601223,0.0028168
12.984,0.156466,0,-0.207508,0.00253512
12.986,0.156466,0,-0.186757,0.00228161
12.988,0.156466,0,-0.168082,0.00205345
12.99,0.156466,0,-0.151273,0.0018481
12.992,0.156466,0,-0.136146,0.00166329
12.994,0.156466,0,-0.122531,0.00149696
12.996,0.156466,0,-0.110278,0.00134727
12.998,0.156466,0,-0.0992505,0.00121254
13,0.156466,0,-0.0893254,0.00109129
13.002,0.153398,0,-0.233791,0.000982157
13.004,0.153398,0,-0.210412,0.000883941
13.006,0.153398,0,-0.189371,0.000795547
13.008,0.153398,0,-0.170434,0.000715992
13.01,0.153398,0,-0.15339,0.000644393
13.012,0.153398,0,-0.138051,0.000579954
13.014,0.153398,0,-0.124246,0.000521958
13.016,0.153398,0,-0.111821,0.000469763
13.018,0.153398,-0.00306796,-0.100639,-0.152975
13.02,0.153398,-0.00306796,-0.0905754,-0.137678
13.022,0.15033,-0.00306796,-0.234916,-0.12391
13.024,0.15033,-0.00306796,-0.211424,-0.111519
13.026,0.15033,-0.00306796,-0.190282,-0.100367
13.028,0.15033,-0.00306796,-0.171254,-0.0903304
13.03,0.15033,-0.00306796,-0.154128,-0.0812973
13.032,0.15033,-0.00306796,-0.138716,-0.0731676
13.034,0.15033,-0.00306796,-0.124844,-0.0658508
13.036,0.15033,-0.00306796,-0.11236,-0.0592658
13.038,0.15033,-0.00306796,-0.101124,-0.0533392
13.04,0.15033,-0.00306796,-0.0910113,-0.0480053
13.042,0.15033,-0.00306796,-0.0819101,-0.0432047
13.044,0.147262,-0.00306796,-0.227117,-0.0388843
13.046,0.147262,-0.00306796,-0.204405,-0.0349958
13.048,0.147262,-0.00306796,-0.183965,-0.0314963
13.05,0.147262,-0.00306796,-0.165568,-0.0283466
13.052,0.147262,-0.00306796,-0.149012,-0.025512
13.054,0.147262,-0.00306796,-0.13411,-0.0229608
13.056,0.147262,-0.00306796,-0.120699,-0.0206647
13.058,0.147262,-0.00306796,-0.108629,-0.0185982
13.06,0.147262,-0.00306796,-0.0977665,-0.0167384
13.062,0.147262,-0.00306796,-0.0879899,-0.0150646
13.064,0.147262,-0.00306796,-0.0791909,-0.0135581
13.066,0.147262,-0.00306796,-0.0712718,-0.0122023
13.068,0.144194,-0.00306796,-0.217543,-0.0109821
13.07,0.144194,-0.00306796,-0.195788,-0.00988386
13.072,0.144194,-0.00306796,-0.17621,-0.00889547
13.074,0.144194,-0.00306796,-0.158589,-0.00800593
13.076,0.144194,-0.00306796,-0.14273,-0.00720533
13.078,0.144194,-0.00306796,-0.128457,-0.0064848
13.08,0.144194,-0.00306796,-0.115611,-0.00583632
13.082,0.144194,-0.00306796,-0.10405,-0.00525269
13.084,0.144194,-0.00306796,-0.093645,-0.00472742
13.086,0.144194,-0.00306796,-0.0842805,-0.00425468
13.088,0.144194,-0.00306796,-0.0758524,-0.00382921
13.09,0.144194,-0.00306796,-0.0682672,-0.00344629
13.092,0.141126,-0.00306796,-0.214839,-0.00310166
13.094,0.141126,-0.00306796,-0.193355,-0.00279149
13.096,0.141126,-0.00306796,-0.174019,-0.00251234
13.098,0.141126,-0.00306796,-0.156617,-0.00226111
13.1,0.141126,-0.00306796,-0.140956,-0.002035
13.102,0.141126,-0.00306796,-0.12686,-0.0018315
13.104,0.141126,-0.00306796,-0.114174,-0.00164835
13.106,0.141126,-0.00306796,-0.102757,-0.00148351
13.108,0.141126,-0.00306796,-0.092481,-0.00133516
13.11,0.141126,-0.00306796,-0.0832329,-0.00120165
13.112,0.141126,-0.00306796,-0.0749096,-0.00108148
13.114,0.141126,-0.00306796,-0.0674186,-0.000973334
13.116,0.141126,-0.00306796,-0.0606768,-0.000876
13.118,0.138058,-0.00306796,-0.208007,-0.0007884
13.12,0.138058,-0.00306796,-0.187206,-0.00070956
13.122,0.138058,-0.00613592,-0.168486,-0.154037
13.124,0.138058,-0.00613592,-0.151637,-0.138633
13.126,0.138058,-0.00613592,-0.136473,-0.12477
13.128,0.138058,-0.00613592,-0.122826,-0.112293
13.13,0.138058,-0.00613592,-0.110544,-0.101063
13.132,0.138058,-0.00613592,-0.0994892,-0.0909571
13.134,0.138058,-0.00613592,-0.0895403,-0.0818614
13.136,0.138058,-0.00613592,-0.0805862,-0.0736753
13.138,0.138058,-0.00613592,-0.0725276,-0.0663077
13.14,0.138058,-0.00613592,-0.0652749,-0.059677
13.142,0.138058,-0.00613592,-0.0587474,-0.0537093
13.144,0.13499,-0.00613592,-0.206271,-0.0483383
13.146,0.13499,-0.00613592,-0.185644,-0.0435045
13.148,0.13499,-0.00613592,-0.167079,-0.0391541
13.15,0.13499,-0.00613592,-0.150371,-0.0352387
13.152,0.13499,-0.00613592,-0.135334,-0.0317148
13.154,0.13499,-0.00306796,-0.121801,0.124855
13.156,0.13499,-0.00306796,-0.109621,0.112369
13.158,0.13499,-0.00306796,-0.0986586,0.101132
13.16,0.13499,-0.00306796,-0.0887928,0.0910191
13.162,0.13499,-0.00306796,-0.0799135,0.0819172
13.164,0.13499,-0.00306796,-0.0719221,0.0737255
13.166,0.13499,-0.00306796,-0.0647299,0.0663529
13.168,0.13499,-0.00306796,-0.0582569,0.0597176
13.17,0.13499,-0.00306796,-0.0524312,0.0537459
13.172,0.13499,-0.00306796,-0.0471881,0.0483713
13.174,0.13499,-0.00306796,-0.0424693,0.0435342
13.176,0.13499,-0.00306796,-0.0382224,0.0391807
13.178,0.13499,-0.00306796,-0.0344001,0.0352627
13.18,0.13499,-0.00306796,-0.0309601,0.0317364
13.182,0.13499,-0.00306796,-0.0278641,0.0285628
13.184,0.13499,-0.00306796,-0.0250777,0.0257065
13.186,0.13499,-0.00306796,-0.0225699,0.0231358
13.188,0.13499,-0.00306796,-0.0203129,0.0208223
13.19,0.13499,-0.00306796,-0.0182816,0.01874
13.192,0.13499,0,-0.0164535,0.170264
13.194,0.13499,0,-0.0148081,0.153238
13.196,0.13499,0,-0.0133273,0.137914
13.198,0.13499,0,-0.0119946,0.124123
13.2,0.13499,0,-0.0107951,0.11171
13.202,0.13499,0,-0.00971562,0.100539
13.204,0.13499,0,-0.00874405,0.0904853
13.206,0.13499,0,-0.00786965,0.0814368
13.208,0.13499,0,-0.00708268,0.0732931
13.21,0.13499,0,-0.00637442,0.0659638
13.212,0.13499,0,-0.00573697,0.0593674
13.214,0.13499,0,-0.00516328,0.0534307
13.216,0.13499,0,-0.00464695,0.0480876
13.218,0.13499,0,-0.00418225,0.0432789
13.22,0.13499,0,-0.00376403,0.038951
13.222,0.13499,0,-0.00338763,0.0350559
13.224,0.13499,0,-0.00304886,0.0315503
13.226,0.13499,0,-0.00274398,0.0283953
13.228,0.13499,0,-0.00246958,0.0255557
13.23,0.13499,0,-0.00222262,0.0230002
13.232,0.13499,0,-0.00200036,0.0207001
13.234,0.13499,0,-0.00180032,0.0186301
13.236,0.13499,0,-0.00162029,0.0167671
13.238,0.13499,0,-0.00145826,0.0150904
13.24,0.13499,0,-0.00131244,0.0135814
13.242,0.131922,0,-0.154579,0.0122232
13.244,0.131922,0,-0.139121,0.0110009
13.246,0.131922,0,-0.125209,0.00990081
13.248,0.131922,0,-0.112688,0.00891073
13.25,0.131922,0,-0.101419,0.00801966
13.252,0.131922,0,-0.0912775,0.00721769
13.254,0.131922,0,-0.0821498,0.00649592
13.256,0.131922,0,-0.0739348,0.00584633
13.258,0.131922,0,-0.0665413,0.0052617
13.26,0.131922,0,-0.0598872,0.00473553
13.262,0.131922,0,-0.0538985,0.00426198
13.264,0.131922,0,-0.0485086,0.00383578
13.266,0.131922,0,-0.0436578,0.0034522
13.268,0.131922,0,-0.039292,0.00310698
13.27,0.131922,0,-0.0353628,0.00279628
13.272,0.131922,0,-0.0318265,0.00251665
13.274,0.131922,0,-0.0286439,0.00226499
13.276,0.131922,0,-0.0257795,0.00203849
13.278,0.131922,0,-0.0232015,0.00183464
13.28,0.131922,0,-0.0208814,0.00165118
13.282,0.131922,0,-0.0187932,0.00148606
13.284,0.128854,0,-0.170312,0.00133745
13.286,0.128854,0,-0.153281,0.00120371
13.288,0.128854,0,-0.137953,0.00108334
13.29,0.128854,0,-0.124157,0.000975003
13.292,0.128854,0,-0.111742,0.000877503
13.294,0.128854,0.00306796,-0.100568,0.154188
13.296,0.128854,0.00306796,-0.0905108,0.138769
13.298,0.128854,0.00306796,-0.0814597,0.124892
13.3,0.128854,0.00306796,-0.0733137,0.112403
13.302,0.128854,0.00306796,-0.0659824,0.101163
13.304,0.128854,0.00306796,-0.0593841,0.0910464
13.306,0.128854,0.00306796,-0.0534457,0.0819417
13.308,0.128854,0.00306796,-0.0481011,0.0737476
13.31,0.128854,0.00306796,-0.043291,0.0663728
13.312,0.128854,0.00306796,-0.0389619,0.0597355
13.314,0.128854,0.00306796,-0.0350657,0.053762
13.316,0.128854,0.00306796,-0.0315592,0.0483858
13.318,0.128854,0.00306796,-0.0284032,0.0435472
13.32,0.128854,0.00306796,-0.0255629,0.0391925
13.322,0.128854,0.00306796,-0.0230066,0.0352732
13.324,0.128854,0.00306796,-0.020706,0.0317459
13.326,0.128854,0.00306796,-0.0186354,0.0285713
13.328,0.125786,0.00306796,-0.17017,0.0257142
13.33,0.125786,0.00306796,-0.153153,0.0231428
13.332,0.125786,0.00306796,-0.137838,0.0208285
13.334,0.125786,0.00306796,-0.124054,0.0187456
13.336,0.125786,0.00306796,-0.111648,0.0168711
13.338,0.125786,0.00306796,-0.100484,0.015184
13.34,0.125786,0.00306796,-0.0904353,0.0136656
13.342,0.125786,0.00306796,-0.0813917,0.012299
13.344,0.125786,0.00306796,-0.0732526,0.0110691
13.346,0.125786,0.00306796,-0.0659273,0.0099622
13.348,0.125786,0.00306796,-0.0593346,0.00896598
13.35,0.125786,0.00306796,-0.0534011,0.00806938
13.352,0.125786,0.00306796,-0.048061,0.00726245
13.354,0.125786,0.00306796,-0.0432549,0.0065362
13.356,0.125786,0.00306796,-0.0389294,0.00588258
13.358,0.125786,0.00306796,-0.0350365,0.00529432
13.36,0.125786,0.00306796,-0.0315328,0.00476489
13.362,0.125786,0.00306796,-0.0283795,0.0042884
13.364,0.125786,0.00306796,-0.0255416,0.00385956
13.366,0.122718,0.00306796,-0.176386,0.00347361
13.368,0.122718,0.00306796,-0.158747,0.00312624
13.37,0.122718,0.00306796,-0.142872,0.00281362
13.372,0.122718,0.00306796,-0.128585,0.00253226
13.374,0.122718,0.00306796,-0.115727,0.00227903
13.376,0.122718,0.00306796,-0.104154,0.00205113
13.378,0.122718,0.00306796,-0.0937385,0.00184602
13.38,0.122718,0.00306796,-0.0843646,0.00166141
13.382,0.122718,0.00306796,-0.0759282,0.00149527
13.384,0.122718,0.00306796,-0.0683354,0.00134575
13.386,0.122718,0.00306796,-0.0615018,0.00121117
13.388,0.122718,0.00306796,-0.0553516,0.00109005
13.39,0.122718,0.00306796,-0.0498165,0.000981049
13.392,0.122718,0.00306796,-0.0448348,0.000882944
13.394,0.119651,0.00306796,-0.193749,0.000794649
13.396,0.119651,0.00306796,-0.174374,0.000715184
13.398,0.119651,0.00306796,-0.156937,0.000643666
13.4,0.119651,0.00306796,-0.141243,0.000579299
13.402,0.119651,0.00306796,-0.127119,0.000521369
13.404,0.119651,0.00306796,-0.114407,0.000469233
13.406,0.119651,0.00306796,-0.102966,0.000422309
13.408,0.119651,0.00306796,-0.0926697,0.000380078
13.41,0.119651,0.00306796,-0.0834028,0.000342071
13.412,0.119651,0.00306796,-0.0750625,0.000307863
13.414,0.119651,0.00306796,-0.0675562,0.000277077
13.416,0.119651,0.00613592,-0.0608006,0.153647
13.418,0.119651,0.00613592,-0.0547206,0.138283
13.42,0.119651,0.00613592,-0.0492485,0.124454
13.422,0.119651,0.00613592,-0.0443237,0.112009
13.424,0.119651,0.00613592,-0.0398913,0.100808
13.426,0.119651,0.00613592,-0.0359022,0.0907273
13.428,0.119651,0.00613592,-0.0323119,0.0816546
13.43,0.119651,0.00613592,-0.0290807,0.0734891
13.432,0.116583,0.00613592,-0.179571,0.0661402
13.434,0.116583,0.00613592,-0.161614,0.0595262
13.436,0.116583,0.00613592,-0.145452,0.0535736
13.438,0.116583,0.00613592,-0.130907,0.0482162
13.44,0.116583,0.00613592,-0.117816,0.0433946
13.442,0.116583,0.00613592,-0.106035,0.0390551
13.444,0.116583,0.00613592,-0.0954313,0.0351496
13.446,0.116583,0.00613592,-0.0858881,0.0316346
13.448,0.116583,0.00613592,-0.0772993,0.0284712
13.45,0.116583,0.00920388,-0.0695694,0.179022
13.452,0.116583,0.00920388,-0.0626125,0.16112
13.454,0.116583,0.00920388,-0.0563512,0.145008
13.456,0.116583,0.00920388,-0.0507161,0.130507
13.458,0.116583,0.00920388,-0.0456445,0.117456
13.46,0.116583,0.00920388,-0.04108,0.105711
13.462,0.116583,0.00920388,-0.036972,0.0951397
13.464,0.116583,0.00920388,-0.0332748,0.0856257
13.466,0.116583,0.00920388,-0.0299473,0.0770632
13.468,0.116583,0.00920388,-0.0269526,0.0693568
13.47,0.116583,0.00920388,-0.0242573,0.0624212
13.472,0.116583,0.00920388,-0.0218316,0.056179
13.474,0.116583,0.0122718,-0.0196485,0.203959
13.476,0.116583,0.0122718,-0.0176836,0.183563
13.478,0.116583,0.0122718,-0.0159152,0.165207
13.48,0.116583,0.0122718,-0.0143237,0.148686
13.482,0.116583,0.0122718,-0.0128913,0.133818
13.484,0.113515,0.0122718,-0.165,0.120436
13.486,0.113515,0.0122718,-0.1485,0.108392
13.488,0.113515,0.0122718,-0.13365,0.0975531
13.49,0.113515,0.0122718,-0.120285,0.0877978
13.492,0.113515,0.0122718,-0.108257,0.079018
13.494,0.113515,0.0122718,-0.097431,0.0711162
13.496,0.113515,0.0122718,-0.0876879,0.0640046
13.498,0.113515,0.0122718,-0.0789191,0.0576041
13.5,0.113515,0.0122718,-0.0710272,0.0518437
13.502,0.113515,0.0122718,-0.0639245,0.0466593
13.504,0.110447,0.0122718,-0.21093,0.0419934
13.506,0.110447,0.0122718,-0.189837,0.0377941
13.508,0.110447,0.0122718,-0.170853,0.0340146
13.51,0.110447,0.0122718,-0.153768,0.0306132
13.512,0.110447,0.0122718,-0.138391,0.0275519
13.514,0.107379,0.0122718,-0.27795,0.0247967
13.516,0.107379,0.0122718,-0.250155,0.022317
13.518,0.107379,0.0122718,-0.22514,0.0200853
13.52,0.107379,0.0122718,-0.202626,0.0180768
13.522,0.104311,0.0122718,-0.335761,0.0162691
13.524,0.104311,0.0122718,-0.302185,0.0146422
13.526,0.104311,0.0122718,-0.271967,0.013178
13.528,0.104311,0.0122718,-0.24477,0.0118602
13.53,0.104311,0.0122718,-0.220293,0.0106742
13.532,0.104311,0.0122718,-0.198264,0.00960674
13.534,0.101243,0.0122718,-0.331835,0.00864607
13.536,0.101243,0.0122718,-0.298652,0.00778146
13.538,0.101243,0.0122718,-0.268787,0.00700331
13.54,0.101243,0.00920388,-0.241908,-0.147095
13.542,0.0981748,0.00920388,-0.371115,-0.132386
13.544,0.0981748,0.00920388,-0.334004,-0.119147
13.546,0.0981748,0.00920388,-0.300603,-0.107232
13.548,0.0951068,0.00920388,-0.423941,-0.0965091
13.55,0.0951068,0.00920388,-0.381547,-0.0868582
13.552,0.0951068,0.00920388,-0.343392,-0.0781724
13.554,0.0920388,0.00920388,-0.462451,-0.0703551
13.556,0.0920388,0.00920388,-0.416206,-0.0633196
13.558,0.0920388,0.00920388,-0.374585,-0.0569877
13.56,0.0920388,0.00613592,-0.337127,-0.204687
13.562,0.0889709,0.00613592,-0.456812,-0.184218
13.564,0.0889709,0.00613592,-0.411131,-0.165796
13.566,0.0889709,0.00613592,-0.370018,-0.149217
13.568,0.0889709,0.00613592,-0.333016,-0.134295
13.57,0.0859029,0.00613592,-0.453113,-0.120866
13.572,0.0859029,0.00613592,-0.407801,-0.108779
13.574,0.0859029,0.00613592,-0.367021,-0.0979011
13.576,0.082835,0.00613592,-0.483717,-0.088111
13.578,0.082835,0.00613592,-0.435345,-0.0792999
13.58,0.082835,0.00306796,-0.391811,-0.224768
13.582,0.079767,0.00306796,-0.506028,-0.202291
13.584,0.079767,0.00306796,-0.455425,-0.182062
13.586,0.079767,0.00306796,-0.409883,-0.163856
13.588,0.079767,0.00306796,-0.368894,-0.14747
13.59,0.076699,0.00306796,-0.485403,-0.132723
13.592,0.076699,0.00306796,-0.436863,-0.119451
13.594,0.076699,0.00306796,-0.393176,-0.107506
13.596,0.076699,0.00306796,-0.353859,-0.0967553
13.598,0.0736311,0.00306796,-0.471871,-0.0870797
13.6,0.0736311,0.00306796,-0.424684,-0.0783718
13.602,0.0736311,0.00306796,-0.382215,-0.0705346
13.604,0.0705631,0.00306796,-0.497392,-0.0634811
13.606,0.0705631,0.00306796,-0.447653,-0.057133
13.608,0.0705631,0.00306796,-0.402888,-0.0514197
13.61,0.0674952,0.00306796,-0.515997,-0.0462777
13.612,0.0674952,0.00306796,-0.464397,-0.04165
13.614,0.0674952,0.00306796,-0.417957,-0.037485
13.616,0.0674952,0,-0.376162,-0.187135
13.618,0.0644272,0,-0.491944,-0.168421
13.62,0.0644272,0,-0.442749,-0.151579
13.622,0.0644272,0,-0.398474,-0.136421
13.624,0.0644272,0,-0.358627,-0.122779
13.626,0.0613592,0,-0.476162,-0.110501
13.628,0.0613592,0,-0.428546,-0.099451
13.63,0.0613592,0,-0.385691,-0.0895059
13.632,0.0582913,0,-0.50052,-0.0805553
13.634,0.0582913,0,-0.450468,-0.0724998
13.636,0.0582913,0,-0.405422,-0.0652498
13.638,0.0582913,0,-0.364879,-0.0587248
13.64,0.0552233,0,-0.48179,-0.0528523
13.642,0.0552233,0,-0.433611,-0.0475671
13.644,0.0552233,0,-0.390249,-0.0428104
13.646,0.0552233,0,-0.351225,-0.0385293
13.648,0.0521553,0,-0.4695,-0.0346764
13.65,0.0521553,0,-0.42255,-0.0312088
13.652,0.0521553,0,-0.380295,-0.0280879
13.654,0.0521553,0,-0.342266,-0.0252791
13.656,0.0490874,0,-0.461437,-0.0227512
13.658,0.0490874,0,-0.415293,-0.0204761
13.66,0.0490874,0,-0.373764,-0.0184285
13.662,0.0490874,-0.00306796,-0.336388,-0.169984
13.664,0.0460194,-0.00306796,-0.456147,-0.152985
13.666,0.0460194,-0.00306796,-0.410532,-0.137687
13.668,0.0460194,-0.00306796,-0.369479,-0.123918
13.67,0.0429515,-0.00306796,-0.485929,-0.111526
13.672,0.0429515,-0.00306796,-0.437336,-0.100374
13.674,0.0429515,-0.00306796,-0.393603,-0.0903363
13.676,0.0429515,-0.00306796,-0.354242,-0.0813027
13.678,0.0429515,-0.00306796,-0.318818,-0.0731724
13.68,0.0398835,-0.00306796,-0.440334,-0.0658552
13.682,0.0398835,-0.00306796,-0.396301,-0.0592697
13.684,0.0398835,-0.00306796,-0.356671,-0.0533427
13.686,0.0398835,-0.00306796,-0.321004,-0.0480084
13.688,0.0368155,-0.00306796,-0.442301,-0.0432076
13.69,0.0368155,-0.00306796,-0.398071,-0.0388868
13.692,0.0368155,-0.00306796,-0.358264,-0.0349981
13.694,0.0368155,-0.00306796,-0.322438,-0.0314983
13.696,0.0337476,-0.00306796,-0.443592,-0.0283485
13.698,0.0337476,-0.00306796,-0.399233,-0.0255136
13.7,0.0337476,-0.00306796,-0.35931,-0.0229623
13.702,0.0337476,-0.00306796,-0.323379,-0.020666
13.704,0.0337476,-0.00306796,-0.291041,-0.0185994
13.706,0.0306796,-0.00306796,-0.415335,-0.0167395
13.708,0.0306796,-0.00306796,-0.373801,-0.0150655
13.71,0.0306796,-0.00306796,-0.336421,-0.013559
13.712,0.0306796,-0.00306796,-0.302779,-0.0122031
13.714,0.0306796,-0.00306796,-0.272501,-0.0109828
13.716,0.0306796,-0.00306796,-0.245251,-0.00988451
13.718,0.0276117,-0.00306796,-0.374124,-0.00889606
13.72,0.0276117,-0.00306796,-0.336712,-0.00800645
13.722,0.0276117,0,-0.30304,0.146192
13.724,0.0276117,0,-0.272736,0.131573
13.726,0.0276117,0,-0.245463,0.118416
13.728,0.0276117,0,-0.220916,0.106574
13.73,0.0276117,0,-0.198825,0.0959168
13.732,0.0245437,0,-0.33234,0.0863251
13.734,0.0245437,0,-0.299106,0.0776926
13.736,0.0245437,0,-0.269196,0.0699233
13.738,0.0245437,0,-0.242276,0.062931
13.74,0.0214757,0,-0.371447,0.0566379
13.742,0.0214757,0,-0.334302,0.0509741
13.744,0.0214757,0,-0.300872,0.0458767
13.746,0.0214757,0,-0.270785,0.041289
13.748,0.0214757,0,-0.243706,0.0371601
13.75,0.0184078,0,-0.372734,0.0334441
13.752,0.0184078,0,-0.33546,0.0300997
13.754,0.0184078,0,-0.301914,0.0270897
13.756,0.0184078,0,-0.271723,0.0243808
13.758,0.0184078,0,-0.244551,0.0219427
13.76,0.0153398,0,-0.373494,0.0197484
13.762,0.0153398,0,-0.336144,0.0177736
13.764,0.0153398,0,-0.30253,0.0159962
13.766,0.0153398,0,-0.272277,0.0143966
13.768,0.0153398,0,-0.245049,0.0129569
13.77,0.0122718,0,-0.373942,0.0116612
13.772,0.0122718,0,-0.336548,0.0104951
13.774,0.0122718,0,-0.302893,0.0094456
13.776,0.0122718,0,-0.272604,0.00850104
13.778,0.00920388,0,-0.398742,0.00765094
13.78,0.00920388,0,-0.358867,0.00688584
13.782,0.00920388,0,-0.322981,0.00619726
13.784,0.00920388,0,-0.290683,0.00557753
13.786,0.00613592,0,-0.415012,0.00501978
13.788,0.00613592,0,-0.373511,0.0045178
13.79,0.00613592,0,-0.33616,0.00406602
13.792,0.00613592,0,-0.302544,0.00365942
13.794,0.00306796,0,-0.425688,0.00329348
13.796,0.00306796,0,-0.383119,0.00296413
13.798,0.00306796,0,-0.344807,0.00266772
13.8,0.00306796,0,-0.310326,0.00240095
13.802,0.00306796,0,-0.279294,0.00216085
13.804,-0,0,-0.404762,0.00194477
13.806,-0,0,-0.364286,0.00175029
13.808,-0,0,-0.327858,0.00157526
13.81,-0.00306796,0,-0.44847,0.00141773
13.812,-0.00306796,-0.00306796,-0.403623,-0.152122
13.814,-0.00306796,-0.00306796,-0.363261,-0.13691
13.816,-0.00613592,-0.00306796,-0.480333,-0.123219
13.818,-0.00613592,-0.00306796,-0.432299,-0.110897
13.82,-0.00613592,-0.00306796,-0.389069,-0.0998073
13.822,-0.00613592,-0.00306796,-0.350162,-0.0898266
13.824,-0.00613592,-0.00306796,-0.315146,-0.0808439
13.826,-0.00920388,-0.00306796,-0.43703,-0.0727595
13.828,-0.00920388,-0.00306796,-0.393327,-0.0654836
13.83,-0.00920388,-0.00306796,-0.353994,-0.0589352
13.832,-0.00920388,-0.00306796,-0.318595,-0.0530417
13.834,-0.0122718,-0.00306796,-0.440133,-0.0477375
13.836,-0.0122718,-0.00306796,-0.39612,-0.0429638
13.838,-0.0122718,-0.00306796,-0.356508,-0.0386674
13.84,-0.0122718,-0.00306796,-0.320857,-0.0348007
13.842,-0.0153398,-0.00306796,-0.44217,-0.0313206
13.844,-0.0153398,-0.00306796,-0.397953,-0.0281885
13.846,-0.0153398,-0.00306796,-0.358157,-0.0253697
13.848,-0.0153398,-0.00306796,-0.322342,-0.0228327
13.85,-0.0184078,-0.00306796,-0.443505,-0.0205494
13.852,-0.0184078,-0.00306796,-0.399155,-0.0184945
13.854,-0.0184078,-0.00306796,-0.359239,-0.016645
13.856,-0.0184078,-0.00306796,-0.323316,-0.0149805
13.858,-0.0184078,-0.00306796,-0.290984,-0.0134825
13.86,-0.0214757,-0.00306796,-0.415284,-0.0121342
13.862,-0.0214757,-0.00306796,-0.373755,-0.0109208
13.864,-0.0214757,-0.00306796,-0.33638,-0.00982873
13.866,-0.0214757,-0.00306796,-0.302742,-0.00884586
13.868,-0.0214757,-0.00306796,-0.272468,-0.00796128
13.87,-0.0245437,-0.00306796,-0.398619,-0.00716515
13.872,-0.0245437,-0.00306796,-0.358757,-0.00644863
13.874,-0.0245437,-0.00306796,-0.322881,-0.00580377
13.876,-0.0276117,-0.00306796,-0.443991,-0.00522339
13.878,-0.0276117,-0.00306796,-0.399592,-0.00470105
13.88,-0.0276117,-0.00306796,-0.359633,-0.00423095
13.882,-0.0276117,-0.00613592,-0.32367,-0.157206
13.884,-0.0306796,-0.00613592,-0.444701,-0.141485
13.886,-0.0306796,-0.00613592,-0.400231,-0.127337
13.888,-0.0306796,-0.00613592,-0.360208,-0.114603
13.89,-0.0306796,-0.00613592,-0.324187,-0.103143
13.892,-0.0306796,-0.00613592,-0.291768,-0.0928285
13.894,-0.0306796,-0.00613592,-0.262591,-0.0835457
13.896,-0.0337476,-0.00613592,-0.38973,-0.0751911
13.898,-0.0337476,-0.00613592,-0.350757,-0.067672
13.9,-0.0337476,-0.00613592,-0.315682,-0.0609048
13.902,-0.0337476,-0.00613592,-0.284113,-0.0548143
13.904,-0.0337476,-0.00613592,-0.255702,-0.0493329
13.906,-0.0368155,-0.00613592,-0.38353,-0.0443996
13.908,-0.0368155,-0.00613592,-0.345177,-0.0399596
13.91,-0.0368155,-0.00613592,-0.310659,-0.0359637
13.912,-0.0368155,-0.00613592,-0.279593,-0.0323673
13.914,-0.0368155,-0.00613592,-0.251634,-0.0291306
13.916,-0.0368155,-0.00613592,-0.226471,-0.0262175
13.918,-0.0398835,-0.00306796,-0.357222,0.129802
13.92,-0.0398835,-0.00306796,-0.321499,0.116822
13.922,-0.0398835,-0.00306796,-0.289349,0.10514
13.924,-0.0398835,-0.00306796,-0.260415,0.0946259
13.926,-0.0398835,-0.00306796,-0.234373,0.0851633
13.928,-0.0398835,-0.00306796,-0.210936,0.076647
13.93,-0.0398835,-0.00306796,-0.189842,0.0689823
13.932,-0.0429515,-0.00306796,-0.324256,0.062084
13.934,-0.0429515,-0.00306796,-0.29183,0.0558756
13.936,-0.0429515,-0.00306796,-0.262647,0.0502881
13.938,-0.0429515,-0.00306796,-0.236383,0.0452593
13.94,-0.0429515,-0.00306796,-0.212744,0.0407333
13.942,-0.0429515,-0.00306796,-0.19147,0.03666
13.944,-0.0429515,-0.00306796,-0.172323,0.032994
13.946,-0.0429515,-0.00306796,-0.155091,0.0296946
13.948,-0.0460194,-0.00306796,-0.29298,0.0267251
13.95,-0.0460194,-0.00306796,-0.263682,0.0240526
13.952,-0.0460194,-0.00306796,-0.237314,0.0216474
13.954,-0.0460194,-0.00306796,-0.213582,0.0194826
13.956,-0.0460194,-0.00306796,-0.192224,0.0175344
13.958,-0.0460194,-0.00306796,-0.173002,0.0157809
13.96,-0.0460194,-0.00306796,-0.155701,0.0142028
13.962,-0.0490874,-0.00306796,-0.293529,0.0127826
13.964,-0.0490874,-0.00306796,-0.264176,0.0115043
13.966,-0.0490874,-0.00306796,-0.237759,0.0103539
13.968,-0.0490874,-0.00306796,-0.213983,0.00931848
13.97,-0.0490874,0,-0.192585,0.161785
13.972,-0.0521553,0,-0.326724,0.145606
13.974,-0.0521553,0,-0.294052,0.131046
13.976,-0.0521553,0,-0.264647,0.117941
13.978,-0.0521553,0,-0.238182,0.106147
13.98,-0.0521553,0,-0.214364,0.0955323
13.982,-0.0521553,0,-0.192927,0.085979
13.984,-0.0552233,0,-0.327033,0.0773811
13.986,-0.0552233,0,-0.294329,0.069643
13.988,-0.0552233,0,-0.264897,0.0626787
13.99,-0.0552233,0,-0.238407,0.0564108
13.992,-0.0552233,0,-0.214566,0.0507698
13.994,-0.0552233,0,-0.19311,0.0456928
13.996,-0.0582913,0,-0.327197,0.0411235
13.998,-0.0582913,0,-0.294477,0.0370112
14,-0.0582913,-0.00306796,-0.265029,-0.120088
14.002,-0.0582913,-0.00306796,-0.238526,-0.108079
14.004,-0.0582913,-0.00306796,-0.214674,-0.0972713
14.006,-0.0613592,-0.00306796,-0.346604,-0.0875442
14.008,-0.0613592,-0.00306796,-0.311944,-0.0787898
14.01,-0.0613592,-0.00306796,-0.28075,-0.0709108
14.012,-0.0613592,-0.00306796,-0.252675,-0.0638197
14.014,-0.0644272,-0.00306796,-0.380805,-0.0574377
14.016,-0.0644272,-0.00306796,-0.342725,-0.051694
14.018,-0.0644272,-0.00306796,-0.308452,-0.0465246
14.02,-0.0644272,-0.00306796,-0.277607,-0.0418721
14.022,-0.0644272,-0.00306796,-0.249846,-0.0376849
14.024,-0.0674952,-0.00306796,-0.37826,-0.0339164
14.026,-0.0674952,-0.00306796,-0.340434,-0.0305248
14.028,-0.0674952,-0.00306796,-0.30639,-0.0274723
14.03,-0.0674952,-0.00306796,-0.275751,-0.0247251
14.032,-0.0674952,-0.00306796,-0.248176,-0.0222526
14.034,-0.0674952,-0.00306796,-0.223359,-0.0200273
14.036,-0.0674952,-0.00306796,-0.201023,-0.0180246
14.038,-0.0674952,-0.00306796,-0.18092,-0.0162221
14.04,-0.0705631,-0.00306796,-0.316227,-0.0145999
14.042,-0.0705631,-0.00306796,-0.284604,-0.0131399
14.044,-0.0705631,-0.00306796,-0.256143,-0.0118259
14.046,-0.0705631,-0.00306796,-0.230529,-0.0106433
14.048,-0.0705631,-0.00306796,-0.207476,-0.009579
14.05,-0.0705631,-0.00306796,-0.186729,-0.0086211
14.052,-0.0736311,-0.00306796,-0.321454,-0.00775899
14.054,-0.0736311,-0.00306796,-0.289308,-0.00698309
14.056,-0.0736311,-0.00306796,-0.260378,-0.00628478
14.058,-0.0736311,-0.00306796,-0.23434,-0.0056563
14.06,-0.0736311,-0.00306796,-0.210906,-0.00509067
14.062,-0.076699,-0.00306796,-0.343213,-0.0045816
14.064,-0.076699,-0.00306796,-0.308892,-0.00412344
14.066,-0.076699,-0.00306796,-0.278003,-0.0037111
14.068,-0.076699,-0.00306796,-0.250203,-0.00333999
14.07,-0.076699,-0.00306796,-0.225182,-0.00300599
14.072,-0.076699,-0.00306796,-0.202664,-0.00270539
14.074,-0.079767,-0.00306796,-0.335796,-0.00243485
14.076,-0.079767,-0.00306796,-0.302216,-0.00219137
14.078,-0.079767,-0.00306796,-0.271995,-0.00197223
14.08,-0.079767,-0.00306796,-0.244795,-0.00177501
14.082,-0.079767,-0.00306796,-0.220316,-0.00159751
14.084,-0.079767,-0.00306796,-0.198284,-0.00143776
14.086,-0.079767,-0.00306796,-0.178456,-0.00129398
14.088,-0.079767,-0.00306796,-0.16061,-0.00116458
14.09,-0.082835,-0.00306796,-0.297947,-0.00104812
14.092,-0.082835,-0.00306796,-0.268152,-0.000943312
14.094,-0.082835,-0.00306796,-0.241337,-0.00084898
14.096,-0.082835,-0.00306796,-0.217203,-0.000764082
14.098,-0.082835,-0.00306796,-0.195483,-0.000687674
14.1,-0.082835,-0.00306796,-0.175935,-0.000618907
14.102,-0.082835,-0.00306796,-0.158341,-0.000557016
14.104,-0.0859029,-0.00306796,-0.295905,-0.000501314
14.106,-0.0859029,-0.00306796,-0.266315,-0.000451183
14.108,-0.0859029,-0.00306796,-0.239683,-0.000406065
14.11,-0.0859029,-0.00306796,-0.215715,-0.000365458
14.112,-0.0859029,-0.00306796,-0.194143,-0.000328912
14.114,-0.0889709,-0.00306796,-0.328127,-0.000296021
14.116,-0.0889709,-0.00306796,-0.295314,-0.000266419
14.118,-0.0889709,-0.00306796,-0.265783,-0.000239777
14.12,-0.0889709,-0.00306796,-0.239205,-0.000215799
14.122,-0.0889709,-0.00306796,-0.215284,-0.00019422
14.124,-0.0889709,-0.00306796,-0.193756,-0.000174798
14.126,-0.0920388,-0.00306796,-0.327778,-0.000157318
14.128,-0.0920388,-0.00306796,-0.295,-0.000141586
14.13,-0.0920388,-0.00306796,-0.2655,-0.000127427
14.132,-0.0920388,-0.00306796,-0.23895,-0.000114685
14.134,-0.0920388,-0.00306796,-0.215055,-0.000103216
14.136,-0.0920388,-0.00306796,-0.19355,-9.28946e-05
14.138,-0.0920388,-0.00306796,-0.174195,-8.36051e-05
14.14,-0.0951068,-0.00306796,-0.310173,-7.52446e-05
14.142,-0.0951068,-0.00306796,-0.279156,-6.77202e-05
14.144,-0.0951068,-0.00306796,-0.25124,-6.09481e-05
14.146,-0.0951068,-0.00306796,-0.226116,-5.48533e-05
14.148,-0.0951068,-0.00306796,-0.203505,-4.9368e-05
14.15,-0.0951068,-0.00306796,-0.183154,-4.44312e-05
14.152,-0.0951068,-0.00306796,-0.164839,-3.99881e-05
14.154,-0.0981748,-0.00306796,-0.301753,-3.59893e-05
14.156,-0.0981748,-0.00306796,-0.271578,-3.23903e-05
14.158,-0.0981748,-0.00306796,-0.24442,-2.91513e-05
14.16,-0.0981748,-0.00306796,-0.219978,-2.62362e-05
14.162,-0.0981748,-0.00306796,-0.19798,-2.36126e-05
14.164,-0.0981748,-0.00306796,-0.178182,-2.12513e-05
14.166,-0.101243,-0.00306796,-0.313762,-1.91262e-05
14.168,-0.101243,-0.00306796,-0.282386,-1.72136e-05
14.17,-0.101243,-0.00306796,-0.254147,-1.54922e-05
14.172,-0.101243,-0.00306796,-0.228733,-1.3943e-05
14.174,-0.101243,-0.00306796,-0.205859,-1.25487e-05
14.176,-0.101243,-0.00306796,-0.185273,-1.12938e-05
14.178,-0.101243,-0.00306796,-0.166746,-1.01644e-05
14.18,-0.104311,-0.00306796,-0.303469,-9.14799e-06
14.182,-0.104311,-0.00306796,-0.273123,-8.23319e-06
14.184,-0.104311,-0.00306796,-0.24581,-7.40987e-06
14.186,-0.104311,-0.00306796,-0.221229,-6.66888e-06
14.188,-0.104311,-0.00306796,-0.199106,-6.002e-06
14.19,-0.104311,-0.00306796,-0.179196,-5.4018e-06
14.192,-0.104311,-0.00306796,-0.161276,-4.86162e-06
14.194,-0.104311,-0.00306796,-0.145149,-4.37545e-06
14.196,-0.104311,-0.00306796,-0.130634,-3.93791e-06
14.198,-0.107379,-0.00613592,-0.270968,-0.153402
14.2,-0.107379,-0.00613592,-0.243872,-0.138061
14.202,-0.107379,-0.00613592,-0.219484,-0.124255
14.204,-0.107379,-0.00613592,-0.197536,-0.11183
14.206,-0.107379,-0.00613592,-0.177782,-0.100647
14.208,-0.107379,-0.00613592,-0.160004,-0.0905821
14.21,-0.107379,-0.00306796,-0.144004,0.0718742
14.212,-0.107379,-0.00306796,-0.129603,0.0646868
14.214,-0.107379,-0.00306796,-0.116643,0.0582181
14.216,-0.107379,-0.00306796,-0.104979,0.0523963
14.218,-0.107379,-0.00306796,-0.0944808,0.0471566
14.22,-0.107379,-0.00306796,-0.0850327,0.042441
14.222,-0.107379,-0.00306796,-0.0765295,0.0381969
14.224,-0.107379,-0.00306796,-0.0688765,0.0343772
14.226,-0.110447,-0.00306796,-0.215387,0.0309395
14.228,-0.110447,-0.00306796,-0.193848,0.0278455
14.23,-0.110447,-0.00306796,-0.174463,0.025061
14.232,-0.110447,-0.00306796,-0.157017,0.0225549
14.234,-0.110447,-0.00306796,-0.141315,0.0202994
14.236,-0.110447,-0.00306796,-0.127184,0.0182694
14.238,-0.110447,-0.00306796,-0.114465,0.0164425
14.24,-0.110447,0,-0.103019,0.168196
14.242,-0.110447,0,-0.092717,0.151377
14.244,-0.110447,0,-0.0834453,0.136239
14.246,-0.110447,0,-0.0751008,0.122615
14.248,-0.110447,0,-0.0675907,0.110354
14.25,-0.110447,0,-0.0608316,0.0993183
14.252,-0.110447,0,-0.0547485,0.0893864
14.254,-0.110447,0,-0.0492736,0.0804478
14.256,-0.110447,0,-0.0443463,0.072403
14.258,-0.110447,0,-0.0399116,0.0651627
14.26,-0.110447,0,-0.0359205,0.0586464
14.262,-0.110447,0,-0.0323284,0.0527818
14.264,-0.110447,0,-0.0290956,0.0475036
14.266,-0.113515,0,-0.179584,0.0427533
14.268,-0.113515,0,-0.161626,0.0384779
14.27,-0.113515,0,-0.145463,0.0346301
14.272,-0.113515,0.00306796,-0.130917,0.184565
14.274,-0.113515,0.00306796,-0.117825,0.166109
14.276,-0.113515,0.00306796,-0.106043,0.149498
14.278,-0.113515,0.00306796,-0.0954384,0.134548
14.28,-0.113515,0.00306796,-0.0858945,0.121093
14.282,-0.113515,0.00306796,-0.0773051,0.108984
14.284,-0.113515,0.00306796,-0.0695746,0.0980855
14.286,-0.113515,0.00306796,-0.0626171,0.088277
14.288,-0.113515,0.00306796,-0.0563554,0.0794493
14.29,-0.113515,0.00306796,-0.0507199,0.0715043
14.292,-0.113515,0.00306796,-0.0456479,0.0643539
14.294,-0.116583,0.00306796,-0.194481,0.0579185
14.296,-0.116583,0.00306796,-0.175033,0.0521267
14.298,-0.116583,0.00306796,-0.15753,0.046914
14.3,-0.116583,0.00306796,-0.141777,0.0422226
14.302,-0.116583,0.00306796,-0.127599,0.0380003
14.304,-0.116583,0.00306796,-0.114839,0.0342003
14.306,-0.116583,0.00306796,-0.103355,0.0307803
14.308,-0.116583,0.00306796,-0.0930197,0.0277022
14.31,-0.116583,0.00306796,-0.0837178,0.024932
14.312,-0.116583,0.00306796,-0.075346,0.0224388
14.314,-0.116583,0.00306796,-0.0678114,0.0201949
14.316,-0.116583,0.00306796,-0.0610302,0.0181754
14.318,-0.119651,0.00306796,-0.208325,0.0163579
14.32,-0.119651,0.00306796,-0.187493,0.0147221
14.322,-0.119651,0.00306796,-0.168743,0.0132499
14.324,-0.119651,0.00306796,-0.151869,0.0119249
14.326,-0.119651,0.00306796,-0.136682,0.0107324
14.328,-0.119651,0.00306796,-0.123014,0.00965918
14.33,-0.119651,0.00306796,-0.110713,0.00869326
14.332,-0.119651,0.00306796,-0.0996413,0.00782393
14.334,-0.119651,0.00306796,-0.0896772,0.00704154
14.336,-0.122718,0.00306796,-0.234108,0.00633739
14.338,-0.122718,0.00306796,-0.210697,0.00570365
14.34,-0.122718,0.00306796,-0.189627,0.00513328
14.342,-0.122718,0.00306796,-0.170664,0.00461995
14.344,-0.122718,0.00306796,-0.153598,0.00415796
14.346,-0.122718,0.00306796,-0.138238,0.00374216
14.348,-0.122718,0.00306796,-0.124414,0.00336795
14.35,-0.125786,0.00306796,-0.265371,0.00303115
14.352,-0.125786,0.00306796,-0.238834,0.00272804
14.354,-0.125786,0.00306796,-0.214951,0.00245523
14.356,-0.125786,0.00306796,-0.193455,0.00220971
14.358,-0.125786,0.00306796,-0.17411,0.00198874
14.36,-0.125786,0.00306796,-0.156699,0.00178986
14.362,-0.128854,0.00306796,-0.294427,0.00161088
14.364,-0.128854,0.00306796,-0.264984,0.00144979
14.366,-0.128854,0.00306796,-0.238486,0.00130481
14.368,-0.128854,0.00306796,-0.214637,0.00117433
14.37,-0.128854,0.00306796,-0.193174,0.0010569
14.372,-0.128854,0.00306796,-0.173856,0.000951208
14.374,-0.128854,0,-0.156471,-0.152542
14.376,-0.128854,0,-0.140824,-0.137288
14.378,-0.131922,0,-0.280139,-0.123559
14.38,-0.131922,0,-0.252125,-0.111203
14.382,-0.131922,0,-0.226913,-0.100083
14.384,-0.131922,0,-0.204222,-0.0900745
14.386,-0.131922,0,-0.183799,-0.0810671
14.388,-0.131922,0,-0.165419,-0.0729604
14.39,-0.13499,0,-0.302276,-0.0656643
14.392,-0.13499,0,-0.272048,-0.0590979
14.394,-0.13499,0,-0.244843,-0.0531881
14.396,-0.13499,0,-0.220359,-0.0478693
14.398,-0.13499,0,-0.198323,-0.0430824
14.4,-0.13499,0,-0.178491,-0.0387741
14.402,-0.138058,0,-0.31404,-0.0348967
14.404,-0.138058,0,-0.282636,-0.031407
14.406,-0.138058,0,-0.254372,-0.0282663
14.408,-0.138058,0,-0.228935,-0.0254397
14.41,-0.138058,0,-0.206041,-0.0228957
14.412,-0.138058,0,-0.185437,-0.0206062
14.414,-0.141126,0,-0.320292,-0.0185455
14.416,-0.141126,-0.00306796,-0.288262,-0.170089
14.418,-0.141126,-0.00306796,-0.259436,-0.15308
14.42,-0.141126,-0.00306796,-0.233493,-0.137772
14.422,-0.141126,-0.00306796,-0.210143,-0.123995
14.424,-0.141126,-0.00306796,-0.189129,-0.111595
14.426,-0.141126,-0.00306796,-0.170216,-0.100436
14.428,-0.141126,-0.00306796,-0.153195,-0.0903923
14.43,-0.144194,-0.00306796,-0.291273,-0.0813531
14.432,-0.144194,-0.00306796,-0.262146,-0.0732178
14.434,-0.144194,-0.00306796,-0.235931,-0.065896
14.436,-0.144194,-0.00306796,-0.212338,-0.0593064
14.438,-0.144194,-0.00306796,-0.191104,-0.0533758
14.44,-0.144194,-0.00306796,-0.171994,-0.0480382
14.442,-0.144194,-0.00306796,-0.154794,-0.0432344
14.444,-0.144194,-0.00306796,-0.139315,-0.0389109
14.446,-0.144194,-0.00306796,-0.125384,-0.0350198
14.448,-0.144194,-0.00306796,-0.112845,-0.0315178
14.45,-0.147262,-0.00306796,-0.254959,-0.0283661
14.452,-0.147262,-0.00306796,-0.229463,-0.0255295
14.454,-0.147262,-0.00306796,-0.206517,-0.0229765
14.456,-0.147262,-0.00306796,-0.185865,-0.0206789
14.458,-0.147262,-0.00306796,-0.167278,-0.018611
14.46,-0.147262,-0.00306796,-0.150551,-0.0167499
14.462,-0.147262,-0.00306796,-0.135496,-0.0150749
14.464,-0.147262,-0.00306796,-0.121946,-0.0135674
14.466,-0.147262,-0.00306796,-0.109751,-0.0122107
14.468,-0.147262,-0.00306796,-0.0987762,-0.0109896
14.47,-0.15033,-0.00306796,-0.242297,-0.00989063
14.472,-0.15033,-0.00306796,-0.218067,-0.00890157
14.474,-0.15033,-0.00306796,-0.19626,-0.00801141
14.476,-0.15033,0,-0.176634,0.146188
14.478,-0.15033,0,-0.158971,0.131569
14.48,-0.15033,0,-0.143074,0.118412
14.482,-0.15033,0,-0.128766,0.106571
14.484,-0.15033,0,-0.11589,0.0959138
14.486,-0.15033,0,-0.104301,0.0863224
14.488,-0.15033,0,-0.0938707,0.0776902
14.49,-0.15033,0,-0.0844836,0.0699212
14.492,-0.15033,0,-0.0760353,0.0629291
14.494,-0.153398,0,-0.22183,0.0566362
14.496,-0.153398,0,-0.199647,0.0509725
14.498,-0.153398,0,-0.179682,0.0458753
14.5,-0.153398,0,-0.161714,0.0412878
14.502,-0.153398,0,-0.145543,0.037159
14.504,-0.153398,0,-0.130988,0.0334431
14.506,-0.153398,0,-0.117889,0.0300988
14.508,-0.153398,0,-0.106101,0.0270889
14.51,-0.153398,0,-0.0954905,0.02438
14.512,-0.153398,0,-0.0859414,0.021942
14.514,-0.153398,0,-0.0773473,0.0197478
14.516,-0.156466,0,-0.223011,0.017773
14.518,-0.156466,0,-0.20071,0.0159957
14.52,-0.156466,0,-0.180639,0.0143961
14.522,-0.156466,-0.00306796,-0.162575,-0.140442
14.524,-0.156466,-0.00306796,-0.146317,-0.126397
14.526,-0.156466,-0.00306796,-0.131686,-0.113758
14.528,-0.156466,-0.00306796,-0.118517,-0.102382
14.53,-0.156466,-0.00306796,-0.106665,-0.0921437
14.532,-0.156466,-0.00306796,-0.0959988,-0.0829293
14.534,-0.156466,-0.00306796,-0.0863989,-0.0746364
14.536,-0.159534,-0.00306796,-0.231157,-0.0671728
14.538,-0.159534,-0.00306796,-0.208041,-0.0604555
14.54,-0.159534,-0.00306796,-0.187237,-0.0544099
14.542,-0.159534,-0.00306796,-0.168514,-0.0489689
14.544,-0.159534,-0.00306796,-0.151662,-0.044072
14.546,-0.159534,-0.00306796,-0.136496,-0.0396648
14.548,-0.159534,-0.00306796,-0.122846,-0.0356984
14.55,-0.159534,-0.00306796,-0.110562,-0.0321285
14.552,-0.159534,0,-0.0995055,0.124482
14.554,-0.159534,0,-0.089555,0.112034
14.556,-0.159534,0,-0.0805995,0.100831
14.558,-0.159534,0,-0.0725395,0.0907477
14.56,-0.159534,0,-0.0652856,0.0816729
14.562,-0.159534,0,-0.058757,0.0735056
14.564,-0.162602,0,-0.206279,0.0661551
14.566,-0.162602,0,-0.185651,0.0595396
14.568,-0.162602,0,-0.167086,0.0535856
14.57,-0.162602,0,-0.150378,0.048227
14.572,-0.162602,0,-0.13534,0.0434043
14.574,-0.162602,0,-0.121806,0.0390639
14.576,-0.162602,0,-0.109625,0.0351575
14.578,-0.162602,0,-0.0986628,0.0316418
14.58,-0.162602,0,-0.0887965,0.0284776
14.582,-0.162602,0,-0.0799169,0.0256298
14.584,-0.162602,0,-0.0719252,0.0230668
14.586,-0.162602,0,-0.0647327,0.0207602
14.588,-0.162602,0,-0.0582594,0.0186841
14.59,-0.162602,0,-0.0524335,0.0168157
14.592,-0.16567,0,-0.200588,0.0151342
14.594,-0.16567,0,-0.180529,0.0136207
14.596,-0.16567,0,-0.162476,0.0122587
14.598,-0.16567,0,-0.146229,0.0110328
14.6,-0.16567,0,-0.131606,0.00992952
14.602,-0.16567,0,-0.118445,0.00893657
14.604,-0.16567,0,-0.106601,0.00804291
14.606,-0.16567,0,-0.0959407,0.00723862
14.608,-0.16567,0,-0.0863466,0.00651476
14.61,-0.16567,0,-0.077712,0.00586328
14.612,-0.16567,0,-0.0699408,0.00527695
14.614,-0.16567,0,-0.0629467,0.00474926
14.616,-0.16567,0,-0.056652,0.00427433
14.618,-0.16567,0,-0.0509868,0.0038469
14.62,-0.168738,0,-0.199286,0.00346221
14.622,-0.168738,0,-0.179358,0.00311599
14.624,-0.168738,0,-0.161422,0.00280439
14.626,-0.168738,0,-0.14528,0.00252395
14.628,-0.168738,0,-0.130752,0.00227156
14.63,-0.168738,0,-0.117677,0.0020444
14.632,-0.168738,0,-0.105909,0.00183996
14.634,-0.168738,0,-0.095318,0.00165596
14.636,-0.168738,0,-0.0857862,0.00149037
14.638,-0.168738,0,-0.0772076,0.00134133
14.64,-0.168738,0,-0.0694868,0.0012072
14.642,-0.168738,0,-0.0625381,0.00108648
14.644,-0.168738,0,-0.0562843,0.00097783
14.646,-0.171806,0,-0.204054,0.000880047
14.648,-0.171806,0,-0.183649,0.000792042
14.65,-0.171806,0,-0.165284,0.000712838
14.652,-0.171806,0,-0.148755,0.000641554
14.654,-0.171806,0,-0.13388,0.000577399
14.656,-0.171806,0,-0.120492,0.000519659
14.658,-0.171806,0,-0.108443,0.000467693
14.66,-0.171806,0,-0.0975984,0.000420924
14.662,-0.171806,0,-0.0878385,0.000378831
14.664,-0.171806,0,-0.0790547,0.000340948
14.666,-0.174874,0,-0.224547,0.000306853
14.668,-0.174874,0,-0.202093,0.000276168
14.67,-0.174874,0,-0.181883,0.000248551
14.672,-0.174874,0,-0.163695,0.000223696
14.674,-0.174874,0,-0.147325,0.000201327
14.676,-0.174874,0,-0.132593,0.000181194
14.678,-0.174874,0,-0.119334,0.000163075
14.68,-0.174874,0,-0.1074,0.000146767
14.682,-0.174874,0,-0.0966602,0.00013209
14.684,-0.174874,0,-0.0869942,0.000118881
14.686,-0.174874,-0.00306796,-0.0782948,-0.153291
14.688,-0.177942,-0.00306796,-0.223863,-0.137962
14.69,-0.177942,-0.00306796,-0.201477,-0.124166
14.692,-0.177942,-0.00306796,-0.181329,-0.111749
14.694,-0.177942,-0.00306796,-0.163196,-0.100574
14.696,-0.177942,-0.00306796,-0.146877,-0.0905169
14.698,-0.177942,-0.00306796,-0.132189,-0.0814652
14.7,-0.177942,-0.00306796,-0.11897,-0.0733187
14.702,-0.177942,-0.00306796,-0.107073,-0.0659868
14.704,-0.177942,-0.00306796,-0.0963659,-0.0593881
14.706,-0.177942,-0.00306796,-0.0867293,-0.0534493
14.708,-0.177942,-0.00306796,-0.0780563,-0.0481044
14.71,-0.177942,-0.00306796,-0.0702507,-0.0432939
14.712,-0.177942,-0.00306796,-0.0632256,-0.0389645
14.714,-0.177942,0,-0.0569031,0.11833
14.716,-0.177942,0,-0.0512128,0.106497
14.718,-0.177942,0,-0.0460915,0.0958473
14.72,-0.177942,0,-0.0414823,0.0862626
14.722,-0.177942,0,-0.0373341,0.0776363
14.724,-0.177942,0,-0.0336007,0.0698727
14.726,-0.177942,0,-0.0302406,0.0628854
14.728,-0.177942,0,-0.0272166,0.0565969
14.73,-0.177942,0,-0.0244949,0.0509372
14.732,-0.177942,0,-0.0220454,0.0458435
14.734,-0.177942,0,-0.0198409,0.0412591
14.736,-0.177942,0,-0.0178568,0.0371332
14.738,-0.177942,0,-0.0160711,0.0334199
14.74,-0.177942,0,-0.014464,0.0300779
14.742,-0.177942,0,-0.0130176,0.0270701
14.744,-0.177942,0,-0.0117158,0.0243631
14.746,-0.177942,0,-0.0105443,0.0219268
14.748,-0.177942,0,-0.00948983,0.0197341
14.75,-0.177942,0,-0.00854085,0.0177607
14.752,-0.177942,0,-0.00768676,0.0159846
14.754,-0.177942,0,-0.00691809,0.0143862
14.756,-0.177942,0,-0.00622628,0.0129475
14.758,-0.18101,0,-0.159002,0.0116528
14.76,-0.18101,0,-0.143102,0.0104875
14.762,-0.18101,0.00306796,-0.128791,0.162837
14.764,-0.18101,0.00306796,-0.115912,0.146553
14.766,-0.18101,0.00306796,-0.104321,0.131898
14.768,-0.18101,0.00306796,-0.0938889,0.118708
14.77,-0.18101,0.00306796,-0.0845,0.106837
14.772,-0.18101,0.00306796,-0.07605,0.0961535
14.774,-0.18101,0.00306796,-0.068445,0.0865382
14.776,-0.18101,0.00306796,-0.0616005,0.0778844
14.778,-0.18101,0.00306796,-0.0554405,0.0700959
14.78,-0.18101,0.00306796,-0.0498964,0.0630863
14.782,-0.18101,0.00306796,-0.0449068,0.0567777
14.784,-0.18101,0.00306796,-0.0404161,0.0510999
14.786,-0.18101,0.00306796,-0.0363745,0.0459899
14.788,-0.18101,0.00306796,-0.032737,0.0413909
14.79,-0.18101,0.00306796,-0.0294633,0.0372518
14.792,-0.18101,0.00306796,-0.026517,0.0335267
14.794,-0.18101,0.00306796,-0.0238653,0.030174
14.796,-0.18101,0.00306796,-0.0214788,0.0271566
14.798,-0.184078,0.00306796,-0.172729,0.0244409
14.8,-0.184078,0,-0.155456,-0.131401
14.802,-0.184078,0,-0.13991,-0.118261
14.804,-0.184078,0,-0.125919,-0.106435
14.806,-0.184078,0,-0.113327,-0.0957915
14.808,-0.184078,0,-0.101995,-0.0862124
14.81,-0.184078,0,-0.0917953,-0.0775911
14.812,-0.184078,0,-0.0826157,-0.069832
14.814,-0.184078,0,-0.0743542,-0.0628488
14.816,-0.187146,0,-0.220317,-0.0565639
14.818,-0.187146,0,-0.198285,-0.0509075
14.82,-0.187146,0,-0.178457,-0.0458168
14.822,-0.187146,0,-0.160611,-0.0412351
14.824,-0.187146,0,-0.14455,-0.0371116
14.826,-0.187146,0,-0.130095,-0.0334004
14.828,-0.187146,0,-0.117085,-0.0300604
14.83,-0.187146,0,-0.105377,-0.0270543
14.832,-0.187146,0,-0.0948392,-0.0243489
14.834,-0.187146,0,-0.0853553,-0.021914
14.836,-0.187146,0,-0.0768197,-0.0197226
14.838,-0.187146,0,-0.0691378,-0.0177504
14.84,-0.190214,0,-0.215622,-0.0159753
14.842,-0.190214,0,-0.19406,-0.0143778
14.844,-0.190214,0,-0.174654,-0.01294
14.846,-0.190214,0,-0.157188,-0.011646
14.848,-0.190214,0,-0.14147,-0.0104814
14.85,-0.190214,0,-0.127323,-0.00943327
14.852,-0.190214,0,-0.11459,-0.00848994
14.854,-0.190214,0,-0.103131,-0.00764095
14.856,-0.190214,0,-0.0928182,-0.00687685
14.858,-0.190214,0,-0.0835364,-0.00618917
14.86,-0.190214,0,-0.0751828,-0.00557025
14.862,-0.190214,0,-0.0676645,-0.00501323
14.864,-0.190214,0,-0.060898,-0.0045119
14.866,-0.190214,0,-0.0548082,-0.00406071
14.868,-0.190214,0,-0.0493274,-0.00365464
14.87,-0.193282,0,-0.197793,-0.00328918
14.872,-0.193282,-0.00306796,-0.178013,-0.156358
14.874,-0.193282,-0.00306796,-0.160212,-0.140723
14.876,-0.193282,-0.00306796,-0.144191,-0.12665
14.878,-0.193282,-0.00306796,-0.129772,-0.113985
14.88,-0.193282,-0.00306796,-0.116795,-0.102587
14.882,-0.193282,-0.00306796,-0.105115,-0.092328
14.884,-0.193282,-0.00306796,-0.0946037,-0.0830952
14.886,-0.193282,-0.00306796,-0.0851433,-0.0747857
14.888,-0.193282,-0.00306796,-0.076629,-0.0673071
14.89,-0.193282,-0.00306796,-0.0689661,-0.0605764
14.892,-0.193282,-0.00306796,-0.0620695,-0.0545188
14.894,-0.193282,-0.00306796,-0.0558625,-0.0490669
14.896,-0.193282,-0.00306796,-0.0502763,-0.0441602
14.898,-0.193282,-0.00306796,-0.0452486,-0.0397442
14.9,-0.193282,-0.00306796,-0.0407238,-0.0357698
14.902,-0.193282,-0.00306796,-0.0366514,-0.0321928
14.904,-0.193282,0,-0.0329863,0.124425
14.906,-0.193282,0,-0.0296876,0.111982
14.908,-0.193282,0,-0.0267189,0.100784
14.91,-0.193282,0,-0.024047,0.0907055
14.912,-0.193282,0,-0.0216423,0.081635
14.914,-0.193282,0,-0.0194781,0.0734715
14.916,-0.193282,0,-0.0175302,0.0661243
14.918,-0.193282,0,-0.0157772,0.0595119
14.92,-0.193282,0,-0.0141995,0.0535607
14.922,-0.193282,0,-0.0127796,0.0482046
14.924,-0.193282,0,-0.0115016,0.0433842
14.926,-0.193282,0,-0.0103514,0.0390457
14.928,-0.193282,0,-0.00931629,0.0351412
14.93,-0.193282,0,-0.00838466,0.0316271
14.932,-0.193282,0,-0.0075462,0.0284643
14.934,-0.193282,0,-0.00679158,0.0256179
14.936,-0.193282,0,-0.00611242,0.0230561
14.938,-0.193282,0,-0.00550118,0.0207505
14.94,-0.193282,0,-0.00495106,0.0186755
14.942,-0.193282,0,-0.00445595,0.0168079
14.944,-0.193282,0,-0.00401036,0.0151271
14.946,-0.193282,0,-0.00360932,0.0136144
14.948,-0.193282,0,-0.00324839,0.012253
14.95,-0.193282,0,-0.00292355,0.0110277
14.952,-0.193282,0,-0.0026312,0.0099249
14.954,-0.193282,0,-0.00236808,0.00893241
14.956,-0.193282,0,-0.00213127,0.00803917
14.958,-0.193282,0,-0.00191814,0.00723526
14.96,-0.193282,0,-0.00172633,0.00651173
14.962,-0.193282,0,-0.0015537,0.00586056
14.964,-0.193282,0.00306796,-0.00139833,0.158673
14.966,-0.193282,0.00306796,-0.00125849,0.142805
14.968,-0.193282,0.00306796,-0.00113264,0.128525
14.97,-0.193282,0.00306796,-0.00101938,0.115672
14.972,-0.193282,0.00306796,-0.000917441,0.104105
14.974,-0.193282,0.00306796,-0.000825697,0.0936946
14.976,-0.193282,0.00306796,-0.000743128,0.0843251
14.978,-0.19635,0.00306796,-0.154067,0.0758926
14.98,-0.19635,0.00306796,-0.13866,0.0683033
14.982,-0.19635,0.00306796,-0.124794,0.061473
14.984,-0.19635,0.00306796,-0.112315,0.0553257
14.986,-0.19635,0.00306796,-0.101083,0.0497931
14.988,-0.19635,0.00306796,-0.090975,0.0448138
14.99,-0.19635,0.00306796,-0.0818775,0.0403324
14.992,-0.19635,0.00306796,-0.0736897,0.0362992
14.994,-0.19635,0.00306796,-0.0663207,0.0326693
14.996,-0.19635,0.00306796,-0.0596887,0.0294023
14.998,-0.19635,0.00306796,-0.0537198,0.0264621
15,-0.19635,0.00306796,-0.0483478,0.0238159
15.002,-0.19635,0.00306796,-0.043513,0.0214343
15.004,-0.19635,0.00306796,-0.0391617,0.0192909
15.006,-0.19635,0.00306796,-0.0352456,0.0173618
15.008,-0.199418,0,-0.185119,-0.137772
15.01,-0.199418,0,-0.166607,-0.123995
15.012,-0.199418,0,-0.149946,-0.111596
15.014,-0.199418,0,-0.134952,-0.100436
15.016,-0.199418,0,-0.121457,-0.0903925
15.018,-0.199418,0,-0.109311,-0.0813533
15.02,-0.199418,0,-0.0983799,-0.0732179
15.022,-0.199418,0,-0.0885419,-0.0658961
15.024,-0.199418,0,-0.0796877,-0.0593065
15.026,-0.199418,0,-0.0717189,-0.0533759
15.028,-0.199418,0,-0.064547,-0.0480383
15.03,-0.199418,0,-0.0580923,-0.0432345
15.032,-0.202485,0,-0.205681,-0.038911
15.034,-0.202485,0,-0.185113,-0.0350199
15.036,-0.202485,0,-0.166602,-0.0315179
15.038,-0.202485,0,-0.149942,-0.0283661
15.04,-0.202485,0,-0.134947,-0.0255295
15.042,-0.202485,0,-0.121453,-0.0229766
15.044,-0.202485,0,-0.109307,-0.0206789
15.046,-0.202485,0,-0.0983767,-0.018611
15.048,-0.202485,0,-0.088539,-0.0167499
15.05,-0.202485,0,-0.0796851,-0.0150749
15.052,-0.202485,0,-0.0717166,-0.0135674
15.054,-0.202485,0,-0.0645449,-0.0122107
15.056,-0.202485,0,-0.0580904,-0.0109896
15.058,-0.202485,0,-0.0522814,-0.00989066
15.06,-0.202485,0,-0.0470533,-0.00890159
15.062,-0.202485,0,-0.0423479,-0.00801143
15.064,-0.202485,0,-0.0381131,-0.00721029
15.066,-0.202485,0,-0.0343018,-0.00648926
15.068,-0.202485,0,-0.0308716,-0.00584033
15.07,-0.202485,0,-0.0277845,-0.0052563
15.072,-0.202485,0,-0.025006,-0.00473067
15.074,-0.202485,0,-0.0225054,-0.0042576
15.076,-0.202485,0,-0.0202549,-0.00383184
15.078,-0.205553,0,-0.171627,-0.00344866
15.08,-0.205553,0,-0.154465,-0.00310379
15.082,-0.205553,0,-0.139018,-0.00279341
15.084,-0.205553,0,-0.125116,-0.00251407
15.086,-0.205553,0,-0.112605,-0.00226267
15.088,-0.205553,-0.00306796,-0.101344,-0.155434
15.09,-0.205553,-0.00306796,-0.0912099,-0.139891
15.092,-0.205553,-0.00306796,-0.0820889,-0.125902
15.094,-0.205553,-0.00306796,-0.07388,-0.113312
15.096,-0.205553,-0.00306796,-0.066492,-0.101981
15.098,-0.205553,-0.00306796,-0.0598428,-0.0917825
15.1,-0.205553,-0.00306796,-0.0538585,-0.0826043
15.102,-0.205553,-0.00306796,-0.0484727,-0.0743438
15.104,-0.205553,-0.00306796,-0.0436254,-0.0669094
15.106,-0.205553,-0.00306796,-0.0392629,-0.0602185
15.108,-0.205553,-0.00306796,-0.0353366,-0.0541967
15.11,-0.205553,0,-0.0318029,0.104621
15.112,-0.205553,0,-0.0286226,0.094159
15.114,-0.205553,0,-0.0257604,0.0847431
15.116,-0.205553,0,-0.0231843,0.0762688
15.118,-0.205553,0,-0.0208659,0.0686419
15.12,-0.205553,0,-0.0187793,0.0617777
15.122,-0.205553,0,-0.0169014,0.0555999
15.124,-0.205553,0,-0.0152112,0.0500399
15.126,-0.205553,0,-0.0136901,0.0450359
15.128,-0.205553,0,-0.0123211,0.0405324
15.13,-0.205553,0,-0.011089,0.0364791
15.132,-0.205553,0,-0.00998009,0.0328312
15.134,-0.205553,0,-0.00898208,0.0295481
15.136,-0.205553,0,-0.00808387,0.0265933
15.138,-0.205553,0,-0.00727549,0.023934
15.14,-0.205553,0,-0.00654794,0.0215406
15.142,-0.205553,0,-0.00589314,0.0193865
15.144,-0.205553,0,-0.00530383,0.0174478
15.146,-0.205553,0,-0.00477345,0.0157031
15.148,-0.205553,0,-0.0042961,0.0141328
15.15,-0.205553,0,-0.00386649,0.0127195
15.152,-0.205553,0,-0.00347984,0.0114475
15.154,-0.205553,0,-0.00313186,0.0103028
15.156,-0.205553,0,-0.00281867,0.0092725
15.158,-0.205553,0,-0.00253681,0.00834525
15.16,-0.205553,0,-0.00228313,0.00751073
15.162,-0.205553,0,-0.00205481,0.00675965
15.164,-0.205553,0,-0.00184933,0.00608369
15.166,-0.205553,0,-0.0016644,0.00547532
15.168,-0.205553,0,-0.00149796,0.00492779
15.17,-0.205553,0,-0.00134816,0.00443501
15.172,-0.205553,0,-0.00121335,0.00399151
15.174,-0.205553,0,-0.00109201,0.00359236
15.176,-0.205553,0,-0.00098281,0.00323312
15.178,-0.205553,0,-0.000884529,0.00290981
15.18,-0.205553,0,-0.000796076,0.00261883
15.182,-0.205553,0,-0.000716469,0.00235695
15.184,-0.205553,0,-0.000644822,0.00212125
15.186,-0.205553,0,-0.00058034,0.00190913
15.188,-0.205553,0,-0.000522306,0.00171821
15.19,-0.205553,0,-0.000470075,0.00154639
15.192,-0.205553,0,-0.000423068,0.00139175
15.194,-0.205553,0,-0.000380761,0.00125258
15.196,-0.205553,0,-0.000342685,0.00112732
15.198,-0.205553,0,-0.000308416,0.00101459
15.2,-0.205553,0,-0.000277575,0.000913129
15.202,-0.205553,0,-0.000249817,0.000821816
15.204,-0.205553,0,-0.000224836,0.000739635
15.206,-0.205553,0,-0.000202352,0.000665671
15.208,-0.205553,0,-0.000182117,0.000599104
15.21,-0.205553,0,-0.000163905,0.000539194
15.212,-0.205553,0,-0.000147515,0.000485274
15.214,-0.205553,0,-0.000132763,0.000436747
15.216,-0.205553,0,-0.000119487,0.000393072
15.218,-0.205553,0,-0.000107538,0.000353765
15.22,-0.205553,0,-9.67843e-05,0.000318388
15.222,-0.205553,0,-8.71059e-05,0.00028655
15.224,-0.205553,0,-7.83953e-05,0.000257895
15.226,-0.205553,0,-7.05558e-05,0.000232105
15.228,-0.205553,0,-6.35002e-05,0.000208895
15.23,-0.205553,0,-5.71502e-05,0.000188005
15.232,-0.205553,0,-5.14352e-05,0.000169205
15.234,-0.205553,0,-4.62916e-05,0.000152284
15.236,-0.205553,0,-4.16625e-05,0.000137056
15.238,-0.205553,0,-3.74962e-05,0.00012335
15.24,-0.205553,0,-3.37466e-05,0.000111015
15.242,-0.205553,0,-3.03719e-05,9.99137e-05
15.244,-0.205553,0,-2.73347e-05,8.99223e-05
15.246,-0.205553,0,-2.46013e-05,8.09301e-05
15.248,-0.205553,0,-2.21411e-05,7.28371e-05
15.25,-0.205553,0,-1.9927e-05,6.55534e-05
15.252,-0.205553,0,-1.79343e-05,5.8998e-05
15.254,-0.205553,0.00306796,-1.61409e-05,0.153451
15.256,-0.205553,0.00306796,-1.45268e-05,0.138106
15.258,-0.205553,0.00306796,-1.30741e-05,0.124295
15.26,-0.205553,0.00306796,-1.17667e-05,0.111866
15.262,-0.205553,0.00306796,-1.059e-05,0.100679
15.264,-0.205553,0.00306796,-9.53104e-06,0.0906114
15.266,-0.205553,0.00306796,-8.57793e-06,0.0815502
15.268,-0.205553,0.00306796,-7.72014e-06,0.0733952
15.27,-0.205553,0.00306796,-6.94813e-06,0.0660557
15.272,-0.205553,0.00306796,-6.25331e-06,0.0594501
15.274,-0.205553,0,-5.62798e-06,-0.099893
15.276,-0.205553,0,-5.06518e-06,-0.0899037
15.278,-0.205553,0,-4.55867e-06,-0.0809133
15.28,-0.205553,0,-4.1028e-06,-0.072822
15.282,-0.205553,0,-3.69252e-06,-0.0655398
15.284,-0.205553,0,-3.32327e-06,-0.0589858
15.286,-0.205553,0,-2.99094e-06,-0.0530872
15.288,-0.208621,0,-0.153401,-0.0477785
15.29,-0.208621,0,-0.138061,-0.0430006
15.292,-0.208621,0,-0.124255,-0.0387006
15.294,-0.208621,0,-0.111829,-0.0348305
15.296,-0.208621,0,-0.100646,-0.0313475
15.298,-0.208621,0,-0.0905816,-0.0282127
15.3,-0.208621,0,-0.0815235,-0.0253915
15.302,-0.208621,0,-0.0733711,-0.0228523
15.304,-0.208621,0,-0.066034,-0.0205671
15.306,-0.208621,0,-0.0594306,-0.0185104
15.308,-0.208621,0,-0.0534875,-0.0166593
15.31,-0.208621,0,-0.0481388,-0.0149934
15.312,-0.208621,0,-0.0433249,-0.0134941
15.314,-0.208621,0,-0.0389924,-0.0121447
15.316,-0.208621,0,-0.0350932,-0.0109302
15.318,-0.208621,0,-0.0315839,-0.00983717
15.32,-0.208621,0,-0.0284255,-0.00885345
15.322,-0.208621,0,-0.0255829,-0.00796811
15.324,-0.208621,0,-0.0230246,-0.0071713
15.326,-0.208621,0,-0.0207222,-0.00645417
15.328,-0.208621,0,-0.01865,-0.00580875
15.33,-0.208621,0,-0.016785,-0.00522787
15.332,-0.208621,0,-0.0151065,-0.00470509
15.334,-0.208621,0,-0.0135958,-0.00423458
15.336,-0.208621,0,-0.0122362,-0.00381112
15.338,-0.208621,0,-0.0110126,-0.00343001
15.34,-0.208621,0,-0.00991135,-0.00308701
15.342,-0.208621,0,-0.00892021,-0.00277831
15.344,-0.208621,0,-0.00802819,-0.00250048
15.346,-0.208621,0,-0.00722537,-0.00225043
15.348,-0.208621,0,-0.00650284,-0.00202539
15.35,-0.208621,0,-0.00585255,-0.00182285
15.352,-0.208621,0,-0.0052673,-0.00164056
15.354,-0.208621,0,-0.00474057,-0.00147651
15.356,-0.208621,0,-0.00426651,-0.00132886
15.358,-0.208621,0,-0.00383986,-0.00119597
15.36,-0.208621,0,-0.00345587,-0.00107637
15.362,-0.208621,0,-0.00311029,-0.000968736
15.364,-0.208621,0,-0.00279926,-0.000871862
15.366,-0.208621,0,-0.00251933,-0.000784676
15.368,-0.208621,0,-0.0022674,-0.000706208
15.37,-0.208621,0,-0.00204066,-0.000635587
15.372,-0.208621,0,-0.00183659,-0.000572029
15.374,-0.208621,0,-0.00165293,-0.000514826
15.376,-0.208621,0,-0.00148764,-0.000463343
15.378,-0.208621,0,-0.00133888,-0.000417009
15.38,-0.208621,0,-0.00120499,-0.000375308
15.382,-0.208621,0,-0.00108449,-0.000337777
15.384,-0.208621,0,-0.000976041,-0.000304
15.386,-0.208621,0,-0.000878437,-0.0002736
15.388,-0.208621,0,-0.000790593,-0.00024624
15.39,-0.208621,0,-0.000711534,-0.000221616
15.392,-0.208621,0,-0.00064038,-0.000199454
15.394,-0.208621,0,-0.000576342,-0.000179509
15.396,-0.208621,0,-0.000518708,-0.000161558
15.398,-0.208621,0,-0.000466837,-0.000145402
15.4,-0.208621,0,-0.000420154,-0.000130862
15.402,-0.208621,0,-0.000378138,-0.000117776
15.404,-0.208621,0,-0.000340324,-0.000105998
15.406,-0.208621,0,-0.000306292,-9.53983e-05
15.408,-0.208621,0,-0.000275663,-8.58584e-05
15.41,-0.208621,0,-0.000248096,-7.72726e-05
15.412,-0.208621,0,-0.000223287,-6.95453e-05
15.414,-0.208621,0,-0.000200958,-6.25908e-05
15.416,-0.208621,0,-0.000180862,-5.63317e-05
15.418,-0.208621,0,-0.000162776,-5.06986e-05
15.42,-0.208621,0,-0.000146498,-4.56287e-05
15.422,-0.208621,0,-0.000131849,-4.10658e-05
15.424,-0.208621,0,-0.000118664,-3.69592e-05
15.426,-0.208621,0,-0.000106797,-3.32633e-05
15.428,-0.208621,0,-9.61177e-05,-2.9937e-05
15.43,-0.208621,0,-8.65059e-05,-2.69433e-05
15.432,-0.208621,0,-7.78553e-05,-2.4249e-05
15.434,-0.208621,0,-7.00698e-05,-2.18241e-05
15.436,-0.208621,0,-6.30628e-05,-1.96417e-05
15.438,-0.208621,0,-5.67565e-05,-1.76775e-05
15.44,-0.208621,0,-5.10809e-05,-1.59097e-05
15.442,-0.208621,0,-4.59728e-05,-1.43188e-05
15.444,-0.208621,0,-4.13755e-05,-1.28869e-05
15.446,-0.208621,0,-3.7238e-05,-1.15982e-05
15.448,-0.208621,0,-3.35142e-05,-1.04384e-05
15.45,-0.208621,0,-3.01627e-05,-9.39454e-06
15.452,-0.208621,0,-2.71465e-05,-8.45509e-06
15.454,-0.208621,0,-2.44318e-05,-7.60958e-06
15.456,-0.208621,0,-2.19886e-05,-6.84862e-06
15.458,-0.208621,0.00306796,-1.97898e-05,0.153392
15.46,-0.208621,0.00306796,-1.78108e-05,0.138053
15.462,-0.208621,0.00306796,-1.60297e-05,0.124247
15.464,-0.208621,0.00306796,-1.44267e-05,0.111823
15.466,-0.208621,0.00306796,-1.29841e-05,0.10064
15.468,-0.208621,0.00306796,-1.16857e-05,0.0905764
15.47,-0.208621,0.00306796,-1.05171e-05,0.0815188
15.472,-0.208621,0,-9.46539e-06,-0.0800312
15.474,-0.208621,0,-8.51885e-06,-0.0720281
15.476,-0.208621,0,-7.66696e-06,-0.0648253
15.478,-0.208621,0,-6.90027e-06,-0.0583427
15.48,-0.208621,0,-6.21024e-06,-0.0525085
15.482,-0.208621,0,-5.58922e-06,-0.0472576
15.484,-0.208621,0,-5.0303e-06,-0.0425319
15.486,-0.208621,0,-4.52727e-06,-0.0382787
15.488,-0.208621,0,-4.07454e-06,-0.0344508
15.49,-0.208621,0,-3.66709e-06,-0.0310057
15.492,-0.208621,0,-3.30038e-06,-0.0279052
15.494,-0.208621,0,-2.97034e-06,-0.0251146
15.496,-0.208621,0,-2.67331e-06,-0.0226032
15.498,-0.208621,0,-2.40597e-06,-0.0203429
15.5,-0.208621,0,-2.16538e-06,-0.0183086
15.502,-0.208621,0,-1.94884e-06,-0.0164777
15.504,-0.208621,0,-1.75396e-06,-0.0148299
15.506,-0.208621,0,-1.57856e-06,-0.0133469
15.508,-0.208621,0,-1.4207e-06,-0.0120123
15.51,-0.208621,0,-1.27863e-06,-0.010811
15.512,-0.208621,0,-1.15077e-06,-0.00972993
15.514,-0.208621,0,-1.03569e-06,-0.00875693
15.516,-0.208621,0,-9.32124e-07,-0.00788124
15.518,-0.208621,0,-8.38911e-07,-0.00709312
15.52,-0.208621,0,-7.5502e-07,-0.0063838
15.522,-0.208621,0,-6.79518e-07,-0.00574542
15.524,-0.208621,0,-6.11566e-07,-0.00517088
15.526,-0.208621,0,-5.5041e-07,-0.00465379
15.528,-0.208621,0,-4.95369e-07,-0.00418841
15.53,-0.208621,0,-4.45832e-07,-0.00376957
15.532,-0.208621,0,-4.01249e-07,-0.00339262
15.534,-0.208621,0,-3.61124e-07,-0.00305335
15.536,-0.208621,0,-3.25011e-07,-0.00274802
15.538,-0.208621,0,-2.9251e-07,-0.00247322
15.54,-0.208621,0,-2.63259e-07,-0.00222589
15.542,-0.208621,0,-2.36933e-07,-0.00200331
15.544,-0.208621,0,-2.1324e-07,-0.00180297
15.546,-0.208621,0,-1.91916e-07,-0.00162268
15.548,-0.208621,0,-1.72724e-07,-0.00146041
15.55,-0.208621,0,-1.55452e-07,-0.00131437
15.552,-0.208621,0,-1.39907e-07,-0.00118293
15.554,-0.208621,0,-1.25916e-07,-0.00106464
15.556,-0.208621,0,-1.13324e-07,-0.000958175
15.558,-0.208621,0,-1.01992e-07,-0.000862357
15.56,-0.208621,0,-9.17928e-08,-0.000776122
15.562,-0.208621,0,-8.26136e-08,-0.000698509
15.564,-0.208621,0,-7.43522e-08,-0.000628658
15.566,-0.208621,0,-6.6917e-08,-0.000565793
15.568,-0.208621,0,-6.02253e-08,-0.000509213
15.57,-0.208621,0,-5.42028e-08,-0.000458292
15.572,-0.208621,0,-4.87825e-08,-0.000412463
15.574,-0.208621,0,-4.39042e-08,-0.000371217
15.576,-0.208621,0,-3.95138e-08,-0.000334095
15.578,-0.208621,0,-3.55624e-08,-0.000300685
15.58,-0.208621,0,-3.20062e-08,-0.000270617
15.582,-0.208621,0,-2.88056e-08,-0.000243555
15.584,-0.208621,0,-2.5925e-08,-0.0002192
15.586,-0.208621,0,-2.33325e-08,-0.00019728
15.588,-0.208621,0,-2.09993e-08,-0.000177552
15.59,-0.208621,0,-1.88993e-08,-0.000159797
15.592,-0.208621,0,-1.70094e-08,-0.000143817
15.594,-0.208621,0,-1.53085e-08,-0.000129435
15.596,-0.208621,0,-1.37776e-08,-0.000116492
15.598,-0.208621,0,-1.23999e-08,-0.000104843
15.6,-0.208621,0,-1.11599e-08,-9.43583e-05
15.602,-0.208621,0,-1.00439e-08,-8.49224e-05
15.604,-0.208621,0,-9.03949e-09,-7.64302e-05
15.606,-0.208621,0,-8.13554e-09,-6.87872e-05
15.608,-0.208621,0,-7.32199e-09,-6.19085e-05
15.61,-0.208621,0,-6.58979e-09,-5.57176e-05
15.612,-0.208621,0,-5.93081e-09,-5.01458e-05
15.614,-0.208621,0,-5.33773e-09,-4.51313e-05
15.616,-0.208621,0,-4.80396e-09,-4.06181e-05
15.618,-0.208621,0,-4.32356e-09,-3.65563e-05
15.62,-0.208621,0,-3.89121e-09,-3.29007e-05
15.622,-0.208621,0,-3.50209e-09,-2.96106e-05
15.624,-0.208621,0,-3.15188e-09,-2.66496e-05
15.626,-0.208621,0,-2.83669e-09,-2.39846e-05
15.628,-0.208621,0,-2.55302e-09,-2.15861e-05
15.63,-0.208621,0,-2.29772e-09,-1.94275e-05
15.632,-0.208621,0,-2.06795e-09,-1.74848e-05
15.634,-0.208621,0,-1.86115e-09,-1.57363e-05
15.636,-0.208621,0,-1.67504e-09,-1.41627e-05
15.638,-0.208621,0,-1.50754e-09,-1.27464e-05
15.64,-0.208621,0,-1.35678e-09,-1.14718e-05
15.642,-0.208621,0,-1.2211e-09,-1.03246e-05
15.644,-0.208621,0,-1.09899e-09,-9.29213e-06
15.646,-0.208621,0,-9.89095e-10,-8.36291e-06
15.648,-0.208621,0,-8.90186e-10,-7.52662e-06
15.65,-0.208621,0,-8.01165e-10,-6.77396e-06
15.652,-0.208621,0,-7.2105e-10,-6.09656e-06
15.654,-0.208621,0,-6.48944e-10,-5.48691e-06
15.656,-0.208621,0,-5.8405e-10,-4.93822e-06
15.658,-0.208621,0,-5.25644e-10,-4.4444e-06
15.66,-0.208621,0,-4.73079e-10,-3.99996e-06
15.662,-0.208621,0,-4.25771e-10,-3.59996e-06
15.664,-0.208621,0,-3.83196e-10,-3.23996e-06
15.666,-0.208621,0,-3.44876e-10,-2.91597e-06
15.668,-0.208621,0,-3.10386e-10,-2.62437e-06
15.67,-0.208621,0,-2.79348e-10,-2.36193e-06
15.672,-0.208621,0,-2.51413e-10,-2.12574e-06
15.674,-0.208621,0,-2.26272e-10,-1.91317e-06
15.676,-0.208621,-0.00306796,-2.03645e-10,-0.1534
15.678,-0.208621,-0.00306796,-1.83281e-10,-0.13806
15.68,-0.208621,-0.00306796,-1.64954e-10,-0.124254
15.682,-0.208621,-0.00306796,-1.48459e-10,-0.111828
15.684,-0.208621,-0.00306796,-1.33614e-10,-0.100646
15.686,-0.208621,-0.00306796,-1.20252e-10,-0.090581
15.688,-0.208621,-0.00306796,-1.08226e-10,-0.0815229
15.69,-0.208621,-0.00306796,-9.74048e-11,-0.0733706
15.692,-0.208621,-0.00306796,-8.76632e-11,-0.0660336
15.694,-0.208621,-0.00306796,-7.88969e-11,-0.0594302
15.696,-0.208621,-0.00306796,-7.10081e-11,-0.0534872
15.698,-0.208621,-0.00306796,-6.39062e-11,-0.0481385
15.7,-0.208621,-0.00306796,-5.75167e-11,-0.0433246
15.702,-0.208621,-0.00306796,-5.17648e-11,-0.0389922
15.704,-0.208621,0,-4.65903e-11,0.118305
15.706,-0.205553,0,0.153398,0.106475
15.708,-0.205553,0,0.138058,0.0958272
15.71,-0.205553,0,0.124252,0.0862444
15.712,-0.205553,0,0.111827,0.07762
15.714,-0.205553,0,0.100644,0.069858
15.716,-0.205553,0,0.09058,0.0628722
15.718,-0.205553,0,0.081522,0.056585
15.72,-0.205553,0,0.0733698,0.0509265
15.722,-0.205553,0,0.0660328,0.0458338
15.724,-0.205553,0,0.0594296,0.0412504
15.726,-0.205553,0,0.0534866,0.0371254
15.728,-0.205553,0,0.0481379,0.0334129
15.73,-0.205553,0,0.0433241,0.0300716
15.732,-0.205553,0,0.0389917,0.0270644
15.734,-0.205553,0,0.0350926,0.024358
15.736,-0.205553,0,0.0315833,0.0219222
15.738,-0.205553,0,0.028425,0.01973
15.74,-0.205553,0,0.0255825,0.017757
15.742,-0.205553,0,0.0230242,0.0159813
15.744,-0.205553,0,0.0207218,0.0143831
15.746,-0.205553,0,0.0186496,0.0129448
15.748,-0.205553,0,0.0167847,0.0116503
15.75,-0.205553,0,0.0151062,0.0104853
15.752,-0.205553,0,0.0135956,0.00943678
15.754,-0.205553,0,0.012236,0.0084931
15.756,-0.205553,0,0.0110124,0.00764379
15.758,-0.205553,-0.00306796,0.00991118,-0.146519
15.76,-0.205553,-0.00306796,0.00892006,-0.131867
15.762,-0.205553,-0.00306796,0.00802805,-0.11868
15.764,-0.205553,-0.00306796,0.00722525,-0.106812
15.766,-0.205553,-0.00306796,0.00650272,-0.0961309
15.768,-0.205553,-0.00306796,0.00585245,-0.0865178
15.77,-0.205553,-0.00306796,0.00526721,-0.077866
15.772,-0.205553,-0.00306796,0.00474048,-0.0700794
15.774,-0.205553,-0.00306796,0.00426644,-0.0630715
15.776,-0.205553,-0.00306796,0.00383979,-0.0567643
15.778,-0.205553,-0.00306796,0.00345581,-0.0510879
15.78,-0.205553,-0.00306796,0.00311023,-0.0459791
15.782,-0.205553,-0.00306796,0.00279921,-0.0413812
15.784,-0.205553,-0.00306796,0.00251929,-0.0372431
15.786,-0.205553,-0.00306796,0.00226736,-0.0335188
15.788,-0.205553,-0.00306796,0.00204062,-0.0301669
15.79,-0.205553,-0.00306796,0.00183656,-0.0271502
15.792,-0.202485,-0.00306796,0.155051,-0.0244352
15.794,-0.202485,-0.00306796,0.139546,-0.0219917
15.796,-0.202485,-0.00306796,0.125591,-0.0197925
15.798,-0.202485,-0.00306796,0.113032,-0.0178132
15.8,-0.202485,-0.00306796,0.101729,-0.0160319
15.802,-0.202485,-0.00306796,0.0915561,-0.0144287
15.804,-0.202485,-0.00306796,0.0824004,-0.0129859
15.806,-0.202485,0,0.0741604,0.141711
15.808,-0.202485,0,0.0667444,0.12754
15.81,-0.202485,0,0.0600699,0.114786
15.812,-0.202485,0,0.0540629,0.103307
15.814,-0.202485,0,0.0486566,0.0929765
15.816,-0.202485,0,0.043791,0.0836788
15.818,-0.202485,0,0.0394119,0.0753109
15.82,-0.199418,0,0.188869,0.0677798
15.822,-0.199418,0,0.169982,0.0610019
15.824,-0.199418,0,0.152984,0.0549017
15.826,-0.199418,0,0.137685,0.0494115
15.828,-0.199418,0,0.123917,0.0444704
15.83,-0.199418,0,0.111525,0.0400233
15.832,-0.199418,0,0.100373,0.036021
15.834,-0.199418,0,0.0903353,0.0324189
15.836,-0.199418,0,0.0813018,0.029177
15.838,-0.199418,0,0.0731716,0.0262593
15.84,-0.199418,0,0.0658545,0.0236334
15.842,-0.199418,0,0.059269,0.02127
15.844,-0.199418,0,0.0533421,0.019143
15.846,-0.199418,0,0.0480079,0.0172287
15.848,-0.199418,0,0.0432071,0.0155059
15.85,-0.199418,0,0.0388864,0.0139553
15.852,-0.19635,0,0.188396,0.0125597
15.854,-0.19635,0,0.169556,0.0113038
15.856,-0.19635,0,0.152601,0.0101734
15.858,-0.19635,0,0.137341,0.00915605
15.86,-0.19635,0,0.123607,0.00824045
15.862,-0.19635,0,0.111246,0.0074164
15.864,-0.19635,0,0.100121,0.00667476
15.866,-0.19635,0,0.0901091,0.00600729
15.868,-0.19635,0,0.0810982,0.00540656
15.87,-0.19635,0,0.0729884,0.0048659
15.872,-0.19635,0,0.0656896,0.00437931
15.874,-0.19635,0,0.0591206,0.00394138
15.876,-0.19635,0,0.0532086,0.00354724
15.878,-0.19635,0,0.0478877,0.00319252
15.88,-0.19635,0,0.0430989,0.00287327
15.882,-0.19635,0,0.038789,0.00258594
15.884,-0.19635,0,0.0349101,0.00232735
15.886,-0.19635,0,0.0314191,0.00209461
15.888,-0.19635,0,0.0282772,0.00188515
15.89,-0.19635,0,0.0254495,0.00169663
15.892,-0.19635,0,0.0229045,0.00152697
15.894,-0.19635,-0.00306796,0.0206141,-0.152024
15.896,-0.19635,-0.00306796,0.0185527,-0.136821
15.898,-0.193282,-0.00306796,0.170095,-0.123139
15.9,-0.193282,-0.00306796,0.153086,-0.110825
15.902,-0.193282,-0.00306796,0.137777,-0.0997428
15.904,-0.193282,-0.00306796,0.124,-0.0897685
15.906,-0.193282,-0.00306796,0.1116,-0.0807917
15.908,-0.193282,-0.00306796,0.10044,-0.0727125
15.91,-0.193282,-0.00306796,0.0903957,-0.0654413
15.912,-0.193282,-0.00306796,0.0813561,-0.0588971
15.914,-0.193282,-0.00306796,0.0732205,-0.0530074
15.916,-0.193282,-0.00306796,0.0658985,-0.0477067
15.918,-0.193282,-0.00306796,0.0593086,-0.042936
15.92,-0.193282,-0.00306796,0.0533778,-0.0386424
15.922,-0.193282,-0.00306796,0.04804,-0.0347782
15.924,-0.193282,-0.00306796,0.043236,-0.0313004
15.926,-0.193282,-0.00306796,0.0389124,-0.0281703
15.928,-0.193282,-0.00306796,0.0350212,-0.0253533
15.93,-0.193282,-0.00306796,0.031519,-0.022818
15.932,-0.193282,-0.00306796,0.0283671,-0.0205362
15.934,-0.193282,-0.00306796,0.0255304,-0.0184825
15.936,-0.190214,-0.00306796,0.176375,-0.0166343
15.938,-0.190214,-0.00306796,0.158738,-0.0149709
15.94,-0.190214,-0.00306796,0.142864,-0.0134738
15.942,-0.190214,-0.00306796,0.128578,-0.0121264
15.944,-0.190214,-0.00306796,0.11572,-0.0109138
15.946,-0.190214,-0.00306796,0.104148,-0.00982238
15.948,-0.190214,-0.00306796,0.0937331,-0.00884014
15.95,-0.190214,0,0.0843598,0.145442
15.952,-0.190214,0,0.0759239,0.130898
15.954,-0.190214,0,0.0683315,0.117808
15.956,-0.187146,0,0.214896,0.106027
15.958,-0.187146,0,0.193407,0.0954245
15.96,-0.187146,0,0.174066,0.085882
15.962,-0.187146,0,0.156659,0.0772938
15.964,-0.187146,0,0.140994,0.0695644
15.966,-0.187146,0,0.126894,0.062608
15.968,-0.187146,0,0.114205,0.0563472
15.97,-0.187146,0,0.102784,0.0507125
15.972,-0.184078,0,0.245904,0.0456412
15.974,-0.184078,0,0.221314,0.0410771
15.976,-0.184078,0,0.199182,0.0369694
15.978,-0.184078,0,0.179264,0.0332725
15.98,-0.184078,0,0.161338,0.0299452
15.982,-0.184078,0,0.145204,0.0269507
15.984,-0.184078,0,0.130683,0.0242556
15.986,-0.184078,0,0.117615,0.0218301
15.988,-0.18101,0,0.259252,0.0196471
15.99,-0.18101,0,0.233326,0.0176823
15.992,-0.18101,0,0.209994,0.0159141
15.994,-0.18101,0,0.188994,0.0143227
15.996,-0.18101,0,0.170095,0.0128904
15.998,-0.18101,0,0.153086,0.0116014
16,-0.18101,0,0.137777,0.0104412
16.002,-0.18101,0.00306796,0.123999,0.162795
16.004,-0.18101,0.00306796,0.111599,0.146516
16.006,-0.177942,0.00306796,0.253837,0.131864
16.008,-0.177942,0.00306796,0.228454,0.118678
16.01,-0.177942,0.00306796,0.205608,0.10681
16.012,-0.177942,0.00306796,0.185048,0.0961289
16.014,-0.177942,0.00306796,0.166543,0.086516
16.016,-0.177942,0.00306796,0.149888,0.0778644
16.018,-0.177942,0.00306796,0.1349,0.070078
16.02,-0.177942,0.00306796,0.12141,0.0630702
16.022,-0.177942,0.00306796,0.109269,0.0567632
16.024,-0.177942,0.00306796,0.0983418,0.0510869
16.026,-0.174874,0.00306796,0.241906,0.0459782
16.028,-0.174874,0.00306796,0.217715,0.0413804
16.03,-0.174874,0.00306796,0.195944,0.0372423
16.032,-0.174874,0.00306796,0.176349,0.0335181
16.034,-0.174874,0.00306796,0.158714,0.0301663
16.036,-0.174874,0.00306796,0.142843,0.0271497
16.038,-0.174874,0.00306796,0.128559,0.0244347
16.04,-0.174874,0.00306796,0.115703,0.0219912
16.042,-0.174874,0.00306796,0.104132,0.0197921
16.044,-0.174874,0.00306796,0.0937192,0.0178129
16.046,-0.171806,0.00306796,0.237745,0.0160316
16.048,-0.171806,0.00306796,0.213971,0.0144284
16.05,-0.171806,0.00306796,0.192574,0.0129856
16.052,-0.171806,0.00306796,0.173316,0.011687
16.054,-0.171806,0.00306796,0.155985,0.0105183
16.056,-0.171806,0.00306796,0.140386,0.0094665
16.058,-0.171806,0.00306796,0.126348,0.00851985
16.06,-0.171806,0.00306796,0.113713,0.00766786
16.062,-0.171806,0.00306796,0.102342,0.00690108
16.064,-0.171806,0.00306796,0.0921074,0.00621097
16.066,-0.168738,0.00306796,0.236295,0.00558987
16.068,-0.168738,0.00306796,0.212665,0.00503089
16.07,-0.168738,0.00306796,0.191399,0.0045278
16.072,-0.168738,0.00306796,0.172259,0.00407502
16.074,-0.168738,0.00306796,0.155033,0.00366752
16.076,-0.168738,0.00306796,0.13953,0.00330076
16.078,-0.168738,0.00306796,0.125577,0.00297069
16.08,-0.168738,0.00306796,0.113019,0.00267362
16.082,-0.168738,0.00306796,0.101717,0.00240626
16.084,-0.168738,0.00306796,0.0915454,0.00216563
16.086,-0.168738,0.00306796,0.0823909,0.00194907
16.088,-0.16567,0.00306796,0.22755,0.00175416
16.09,-0.16567,0.00306796,0.204795,0.00157875
16.092,-0.16567,0.00306796,0.184315,0.00142087
16.094,-0.16567,0.00613592,0.165884,0.154677
16.096,-0.16567,0.00613592,0.149295,0.139209
16.098,-0.16567,0.00613592,0.134366,0.125288
16.1,-0.16567,0.00613592,0.120929,0.112759
16.102,-0.16567,0.00613592,0.108836,0.101483
16.104,-0.16567,0.00613592,0.0979528,0.0913351
16.106,-0.16567,0.00613592,0.0881575,0.0822016
16.108,-0.16567,0.00613592,0.0793417,0.0739815
16.11,-0.16567,0.00613592,0.0714076,0.0665833
16.112,-0.16567,0.00613592,0.0642668,0.059925
16.114,-0.162602,0.00613592,0.211238,0.0539325
16.116,-0.162602,0.00613592,0.190114,0.0485392
16.118,-0.162602,0.00613592,0.171103,0.0436853
16.12,-0.162602,0.00613592,0.153993,0.0393168
16.122,-0.162602,0.00613592,0.138593,0.0353851
16.124,-0.162602,0.00613592,0.124734,0.0318466
16.126,-0.162602,0.00306796,0.112261,-0.124736
16.128,-0.162602,0.00306796,0.101035,-0.112263
16.13,-0.162602,0.00306796,0.0909311,-0.101036
16.132,-0.162602,0.00306796,0.081838,-0.0909326
16.134,-0.162602,0.00306796,0.0736542,-0.0818394
16.136,-0.162602,0.00306796,0.0662888,-0.0736554
16.138,-0.162602,0.00306796,0.0596599,-0.0662899
16.14,-0.162602,0.00306796,0.0536939,-0.0596609
16.142,-0.162602,0.00306796,0.0483245,-0.0536948
16.144,-0.162602,0.00306796,0.0434921,-0.0483253
16.146,-0.162602,0.00306796,0.0391429,-0.0434928
16.148,-0.162602,0.00306796,0.0352286,-0.0391435
16.15,-0.162602,0.00306796,0.0317057,-0.0352292
16.152,-0.162602,0.00306796,0.0285351,-0.0317063
16.154,-0.162602,0.00306796,0.0256816,-0.0285356
16.156,-0.162602,0.00306796,0.0231135,-0.0256821
16.158,-0.162602,0.00306796,0.0208021,-0.0231139
16.16,-0.162602,0.00306796,0.0187219,-0.0208025
16.162,-0.162602,0.00306796,0.0168497,-0.0187222
16.164,-0.162602,0.00306796,0.0151647,-0.01685
16.166,-0.162602,0.00306796,0.0136483,-0.015165
16.168,-0.162602,0.00306796,0.0122834,-0.0136485
16.17,-0.162602,0.00306796,0.0110551,-0.0122837
16.172,-0.162602,0.00306796,0.00994959,-0.0110553
16.174,-0.162602,0.00306796,0.00895463,-0.00994976
16.176,-0.162602,0.00306796,0.00805917,-0.00895478
16.178,-0.162602,0,0.00725325,-0.161457
16.18,-0.162602,0,0.00652793,-0.145312
16.182,-0.162602,0,0.00587513,-0.13078
16.184,-0.162602,0,0.00528762,-0.117702
16.186,-0.162602,0,0.00475886,-0.105932
16.188,-0.162602,0,0.00428297,-0.095339
16.19,-0.162602,0,0.00385468,-0.0858051
16.192,-0.162602,0,0.00346921,-0.0772246
16.194,-0.162602,0,0.00312229,-0.0695021
16.196,-0.162602,0,0.00281006,-0.0625519
16.198,-0.162602,0,0.00252905,-0.0562967
16.2,-0.162602,0,0.00227615,-0.050667
16.202,-0.162602,0,0.00204853,-0.0456003
16.204,-0.162602,0,0.00184368,-0.0410403
16.206,-0.162602,0,0.00165931,-0.0369363
16.208,-0.162602,0,0.00149338,-0.0332426
16.21,-0.162602,0,0.00134404,-0.0299184
16.212,-0.162602,0,0.00120964,-0.0269265
16.214,-0.162602,0,0.00108867,-0.0242339
16.216,-0.162602,0,0.000979807,-0.0218105
16.218,-0.162602,0,0.000881826,-0.0196294
16.22,-0.159534,0,0.154192,-0.0176665
16.222,-0.159534,0,0.138773,-0.0158999
16.224,-0.159534,0,0.124895,-0.0143099
16.226,-0.159534,0,0.112406,-0.0128789
16.228,-0.159534,0,0.101165,-0.011591
16.23,-0.159534,0,0.0910487,-0.0104319
16.232,-0.159534,0,0.0819438,-0.0093887
16.234,-0.159534,-0.00306796,0.0737494,-0.161848
16.236,-0.159534,-0.00306796,0.0663745,-0.145663
16.238,-0.159534,-0.00306796,0.059737,-0.131097
16.24,-0.159534,-0.00306796,0.0537633,-0.117987
16.242,-0.159534,-0.00306796,0.048387,-0.106188
16.244,-0.159534,-0.00306796,0.0435483,-0.0955696
16.246,-0.159534,-0.00306796,0.0391935,-0.0860126
16.248,-0.159534,-0.00306796,0.0352741,-0.0774114
16.25,-0.159534,-0.00306796,0.0317467,-0.0696702
16.252,-0.159534,-0.00306796,0.028572,-0.0627032
16.254,-0.156466,-0.00306796,0.179113,-0.0564329
16.256,-0.156466,-0.00306796,0.161202,-0.0507896
16.258,-0.156466,-0.00306796,0.145081,-0.0457106
16.26,-0.156466,-0.00306796,0.130573,-0.0411396
16.262,-0.156466,-0.00306796,0.117516,-0.0370256
16.264,-0.156466,-0.00306796,0.105764,-0.033323
16.266,-0.156466,-0.00306796,0.0951879,-0.0299907
16.268,-0.156466,-0.00306796,0.0856692,-0.0269917
16.27,-0.156466,-0.00306796,0.0771022,-0.0242925
16.272,-0.156466,-0.00306796,0.069392,-0.0218633
16.274,-0.156466,0,0.0624528,0.133721
16.276,-0.156466,0,0.0562075,0.120349
16.278,-0.156466,0,0.0505868,0.108314
16.28,-0.156466,0,0.0455281,0.0974827
16.282,-0.153398,0,0.194373,0.0877344
16.284,-0.153398,0,0.174936,0.078961
16.286,-0.153398,0,0.157442,0.0710649
16.288,-0.153398,0,0.141698,0.0639584
16.29,-0.153398,0,0.127528,0.0575626
16.292,-0.153398,0,0.114776,0.0518063
16.294,-0.153398,0,0.103298,0.0466257
16.296,-0.153398,0,0.0929682,0.0419631
16.298,-0.153398,0,0.0836714,0.0377668
16.3,-0.153398,0,0.0753042,0.0339901
16.302,-0.153398,0,0.0677738,0.0305911
16.304,-0.153398,0,0.0609964,0.027532
16.306,-0.153398,0,0.0548968,0.0247788
16.308,-0.153398,0,0.0494071,0.0223009
16.31,-0.153398,0,0.0444664,0.0200708
16.312,-0.153398,-0.00306796,0.0400198,-0.135334
16.314,-0.153398,-0.00306796,0.0360178,-0.121801
16.316,-0.153398,-0.00306796,0.032416,-0.109621
16.318,-0.153398,-0.00306796,0.0291744,-0.0986587
16.32,-0.15033,-0.00306796,0.179655,-0.0887929
16.322,-0.15033,-0.00306796,0.16169,-0.0799136
16.324,-0.15033,-0.00306796,0.145521,-0.0719222
16.326,-0.15033,-0.00306796,0.130969,-0.06473
16.328,-0.15033,-0.00306796,0.117872,-0.058257
16.33,-0.15033,-0.00306796,0.106085,-0.0524313
16.332,-0.15033,-0.00306796,0.0954761,-0.0471882
16.334,-0.15033,-0.00306796,0.0859284,-0.0424693
16.336,-0.15033,-0.00306796,0.0773356,-0.0382224
16.338,-0.15033,-0.00306796,0.069602,-0.0344002
16.34,-0.15033,-0.00306796,0.0626418,-0.0309602
16.342,-0.15033,-0.00306796,0.0563777,-0.0278641
16.344,-0.147262,-0.00306796,0.204138,-0.0250777
16.346,-0.147262,-0.00306796,0.183724,-0.02257
16.348,-0.147262,-0.00306796,0.165352,-0.020313
16.35,-0.147262,-0.00306796,0.148817,-0.0182817
16.352,-0.147262,-0.00306796,0.133935,-0.0164535
16.354,-0.147262,-0.00306796,0.120541,-0.0148081
16.356,-0.147262,-0.00306796,0.108487,-0.0133273
16.358,-0.147262,-0.00306796,0.0976386,-0.0119946
16.36,-0.147262,-0.00306796,0.0878747,-0.0107951
16.362,-0.144194,-0.00306796,0.232485,-0.00971562
16.364,-0.144194,0,0.209237,0.144654
16.366,-0.144194,0,0.188313,0.130189
16.368,-0.144194,0,0.169482,0.11717
16.37,-0.144194,0,0.152534,0.105453
16.372,-0.144194,0,0.13728,0.0949075
16.374,-0.144194,0,0.123552,0.0854168
16.376,-0.144194,0,0.111197,0.0768751
16.378,-0.144194,0,0.100077,0.0691876
16.38,-0.144194,0,0.0900696,0.0622688
16.382,-0.144194,0,0.0810626,0.0560419
16.384,-0.144194,0,0.0729564,0.0504377
16.386,-0.141126,0,0.219059,0.045394
16.388,-0.141126,0,0.197153,0.0408546
16.39,-0.141126,0,0.177438,0.0367691
16.392,-0.141126,0,0.159694,0.0330922
16.394,-0.141126,0,0.143724,0.029783
16.396,-0.141126,0,0.129352,0.0268047
16.398,-0.141126,0,0.116417,0.0241242
16.4,-0.141126,0,0.104775,0.0217118
16.402,-0.141126,0,0.0942976,0.0195406
16.404,-0.141126,0,0.0848679,0.0175866
16.406,-0.141126,0,0.0763811,0.0158279
16.408,-0.141126,0,0.068743,0.0142451
16.41,-0.138058,0,0.215267,0.0128206
16.412,-0.138058,0,0.19374,0.0115385
16.414,-0.138058,0,0.174366,0.0103847
16.416,-0.138058,0,0.156929,0.00934621
16.418,-0.138058,0,0.141237,0.00841159
16.42,-0.138058,0,0.127113,0.00757043
16.422,-0.138058,0,0.114402,0.00681339
16.424,-0.138058,0,0.102961,0.00613205
16.426,-0.138058,0,0.0926653,0.00551885
16.428,-0.13499,0,0.236797,0.00496696
16.43,-0.13499,0,0.213117,0.00447027
16.432,-0.13499,0,0.191805,0.00402324
16.434,-0.13499,0,0.172625,0.00362091
16.436,-0.13499,0,0.155362,0.00325882
16.438,-0.13499,0,0.139826,0.00293294
16.44,-0.13499,0,0.125844,0.00263965
16.442,-0.13499,0,0.113259,0.00237568
16.444,-0.131922,0,0.255331,0.00213811
16.446,-0.131922,0,0.229798,0.0019243
16.448,-0.131922,0,0.206818,0.00173187
16.45,-0.131922,0,0.186137,0.00155869
16.452,-0.131922,0,0.167523,0.00140282
16.454,-0.131922,0,0.150771,0.00126253
16.456,-0.131922,0,0.135694,0.00113628
16.458,-0.131922,0,0.122124,0.00102265
16.46,-0.131922,0,0.109912,0.000920388
16.462,-0.131922,0,0.0989206,0.000828349
16.464,-0.131922,0,0.0890285,0.000745514
16.466,-0.128854,0,0.233524,0.000670963
16.468,-0.128854,0,0.210171,0.000603867
16.47,-0.128854,0,0.189154,0.00054348
16.472,-0.128854,0,0.170239,0.000489132
16.474,-0.128854,0,0.153215,0.000440219
16.476,-0.128854,0,0.137893,0.000396197
16.478,-0.128854,0,0.124104,0.000356577
16.48,-0.128854,0,0.111694,0.000320919
16.482,-0.128854,0,0.100524,0.000288828
16.484,-0.128854,0,0.0904719,0.000259945
16.486,-0.128854,0,0.0814247,0.00023395
16.488,-0.125786,0,0.22668,0.000210555
16.49,-0.125786,0,0.204012,0.0001895
16.492,-0.125786,0,0.183611,0.00017055
16.494,-0.125786,0,0.16525,0.000153495
16.496,-0.125786,0,0.148725,0.000138145
16.498,-0.125786,0,0.133852,0.000124331
16.5,-0.125786,0,0.120467,0.000111898
16.502,-0.125786,0,0.10842,0.000100708
16.504,-0.122718,0,0.250977,9.06371e-05
16.506,-0.122718,0,0.225879,8.15734e-05
16.508,-0.122718,0,0.203291,7.34161e-05
16.51,-0.122718,0,0.182962,6.60745e-05
16.512,-0.122718,0,0.164666,5.9467e-05
16.514,-0.122718,0,0.148199,5.35203e-05
16.516,-0.122718,0,0.133379,4.81683e-05
16.518,-0.119651,0,0.273439,4.33515e-05
16.52,-0.119651,0,0.246095,3.90163e-05
16.522,-0.119651,0,0.221486,3.51147e-05
16.524,-0.119651,0,0.199337,3.16032e-05
16.526,-0.119651,0,0.179404,2.84429e-05
16.528,-0.119651,0,0.161463,2.55986e-05
16.53,-0.119651,0,0.145317,2.30387e-05
16.532,-0.119651,0,0.130785,2.07349e-05
16.534,-0.119651,0,0.117707,1.86614e-05
16.536,-0.119651,0,0.105936,1.67952e-05
16.538,-0.116583,0,0.24874,1.51157e-05
16.54,-0.116583,0,0.223866,1.36041e-05
16.542,-0.116583,0,0.20148,1.22437e-05
16.544,-0.116583,0,0.181332,1.10194e-05
16.546,-0.116583,0,0.163199,9.91742e-06
16.548,-0.116583,0,0.146879,8.92568e-06
16.55,-0.116583,0,0.132191,8.03311e-06
16.552,-0.116583,0,0.118972,7.2298e-06
16.554,-0.116583,0,0.107075,6.50682e-06
16.556,-0.116583,0,0.0963672,5.85614e-06
16.558,-0.116583,0,0.0867304,5.27053e-06
16.56,-0.113515,0,0.231455,4.74347e-06
16.562,-0.113515,0,0.20831,4.26913e-06
16.564,-0.113515,0,0.187479,3.84221e-06
16.566,-0.113515,0,0.168731,3.45799e-06
16.568,-0.113515,0,0.151858,3.11219e-06
16.57,-0.113515,0,0.136672,2.80097e-06
16.572,-0.113515,0,0.123005,2.52088e-06
16.574,-0.113515,0,0.110704,2.26879e-06
16.576,-0.113515,0,0.099634,2.04191e-06
16.578,-0.110447,0,0.243069,1.83772e-06
16.58,-0.110447,0,0.218762,1.65395e-06
16.582,-0.110447,0,0.196886,1.48855e-06
16.584,-0.110447,0,0.177197,1.3397e-06
16.586,-0.110447,0,0.159477,1.20573e-06
16.588,-0.110447,0,0.14353,1.08515e-06
16.59,-0.110447,0,0.129177,9.76639e-07
16.592,-0.110447,0,0.116259,8.78975e-07
16.594,-0.107379,0,0.258031,7.91078e-07
16.596,-0.107379,0,0.232228,7.1197e-07
16.598,-0.107379,0,0.209005,6.40773e-07
16.6,-0.107379,0,0.188105,5.76696e-07
16.602,-0.107379,0,0.169294,5.19026e-07
16.604,-0.107379,0,0.152365,4.67123e-07
16.606,-0.107379,0,0.137128,4.20411e-07
16.608,-0.107379,0,0.123416,3.7837e-07
16.61,-0.107379,0,0.111074,3.40533e-07
16.612,-0.107379,0,0.0999666,3.0648e-07
16.614,-0.107379,0,0.0899699,2.75832e-07
16.616,-0.107379,0,0.0809729,2.48249e-07
16.618,-0.104311,0,0.226274,2.23424e-07
16.62,-0.104311,0,0.203646,2.01081e-07
16.622,-0.104311,0,0.183282,1.80973e-07
16.624,-0.104311,0,0.164954,1.62876e-07
16.626,-0.104311,0,0.148458,1.46588e-07
16.628,-0.104311,0,0.133612,1.31929e-07
16.63,-0.104311,0,0.120251,1.18736e-07
16.632,-0.104311,0,0.108226,1.06863e-07
16.634,-0.104311,0,0.0974034,9.61765e-08
16.636,-0.104311,0,0.0876631,8.65589e-08
16.638,-0.104311,0,0.0788968,7.7903e-08
16.64,-0.104311,0,0.0710071,7.01127e-08
16.642,-0.104311,0,0.0639064,6.31014e-08
16.644,-0.104311,0,0.0575157,5.67913e-08
16.646,-0.104311,0,0.0517642,5.11122e-08
16.648,-0.101243,0,0.199986,4.60009e-08
16.65,-0.101243,0,0.179987,4.14008e-08
16.652,-0.101243,0,0.161989,3.72607e-08
16.654,-0.101243,0,0.14579,3.35346e-08
16.656,-0.101243,0,0.131211,3.01812e-08
16.658,-0.101243,0,0.11809,2.71631e-08
16.66,-0.101243,0,0.106281,2.44468e-08
16.662,-0.101243,0,0.0956526,2.20021e-08
16.664,-0.101243,-0.00306796,0.0860873,-0.153398
16.666,-0.101243,-0.00306796,0.0774786,-0.138058
16.668,-0.101243,-0.00306796,0.0697307,-0.124252
16.67,-0.101243,-0.00306796,0.0627577,-0.111827
16.672,-0.101243,-0.00306796,0.0564819,-0.100644
16.674,-0.101243,-0.00306796,0.0508337,-0.09058
16.676,-0.101243,-0.00306796,0.0457503,-0.081522
16.678,-0.0981748,-0.00306796,0.194573,-0.0733698
16.68,-0.0981748,-0.00306796,0.175116,-0.0660328
16.682,-0.0981748,-0.00306796,0.157604,-0.0594296
16.684,-0.0981748,-0.00306796,0.141844,-0.0534866
16.686,-0.0981748,-0.00306796,0.12766,-0.0481379
16.688,-0.0981748,-0.00306796,0.114894,-0.0433241
16.69,-0.0981748,-0.00306796,0.103404,-0.0389917
16.692,-0.0981748,-0.00306796,0.0930638,-0.0350926
16.694,-0.0981748,-0.00306796,0.0837575,-0.0315833
16.696,-0.0981748,-0.00613592,0.0753817,-0.181823
16.698,-0.0981748,-0.00613592,0.0678435,-0.163641
16.7,-0.0981748,-0.00613592,0.0610592,-0.147277
16.702,-0.0981748,-0.00613592,0.0549533,-0.132549
16.704,-0.0981748,-0.00613592,0.0494579,-0.119294
16.706,-0.0981748,-0.00613592,0.0445121,-0.107365
16.708,-0.0981748,-0.00613592,0.0400609,-0.0966282
16.71,-0.0981748,-0.00613592,0.0360548,-0.0869654
16.712,-0.0981748,-0.00613592,0.0324494,-0.0782689
16.714,-0.0981748,-0.00613592,0.0292044,-0.070442
16.716,-0.0981748,-0.00613592,0.026284,-0.0633978
16.718,-0.0951068,-0.00613592,0.177054,-0.057058
16.72,-0.0951068,-0.00920388,0.159348,-0.20475
16.722,-0.0951068,-0.00920388,0.143413,-0.184275
16.724,-0.0951068,-0.00920388,0.129072,-0.165848
16.726,-0.0951068,-0.00920388,0.116165,-0.149263
16.728,-0.0951068,-0.00920388,0.104548,-0.134337
16.73,-0.0951068,-0.00920388,0.0940936,-0.120903
16.732,-0.0951068,-0.00920388,0.0846842,-0.108813
16.734,-0.0951068,-0.00920388,0.0762158,-0.0979314
16.736,-0.0951068,-0.00920388,0.0685942,-0.0881383
16.738,-0.0951068,-0.00920388,0.0617348,-0.0793245
16.74,-0.0951068,-0.00920388,0.0555613,-0.071392
16.742,-0.0951068,-0.00920388,0.0500052,-0.0642528
16.744,-0.0951068,-0.00920388,0.0450047,-0.0578275
16.746,-0.0951068,-0.00920388,0.0405042,-0.0520448
16.748,-0.0951068,-0.00920388,0.0364538,-0.0468403
16.75,-0.0920388,-0.00920388,0.186206,-0.0421563
16.752,-0.0920388,-0.00920388,0.167586,-0.0379406
16.754,-0.0920388,-0.0122718,0.150827,-0.187545
16.756,-0.0920388,-0.0122718,0.135745,-0.16879
16.758,-0.0920388,-0.0122718,0.12217,-0.151911
16.76,-0.0920388,-0.0122718,0.109953,-0.13672
16.762,-0.0920388,-0.0122718,0.0989578,-0.123048
16.764,-0.0920388,-0.0122718,0.089062,-0.110743
16.766,-0.0920388,-0.0122718,0.0801558,-0.0996689
16.768,-0.0920388,-0.0122718,0.0721402,-0.089702
16.77,-0.0889709,-0.0122718,0.218324,-0.0807318
16.772,-0.0889709,-0.0122718,0.196492,-0.0726586
16.774,-0.0889709,-0.0122718,0.176843,-0.0653928
16.776,-0.0889709,-0.0122718,0.159158,-0.0588535
16.778,-0.0889709,-0.0122718,0.143243,-0.0529681
16.78,-0.0859029,-0.0122718,0.282316,-0.0476713
16.782,-0.0859029,-0.0122718,0.254085,-0.0429042
16.784,-0.0859029,-0.0122718,0.228676,-0.0386138
16.786,-0.0859029,-0.0122718,0.205809,-0.0347524
16.788,-0.082835,-0.0122718,0.338626,-0.0312772
16.79,-0.082835,-0.0122718,0.304763,-0.0281494
16.792,-0.082835,-0.0122718,0.274287,-0.0253345
16.794,-0.082835,-0.0122718,0.246858,-0.0228011
16.796,-0.082835,-0.00920388,0.222172,0.132877
16.798,-0.079767,-0.00920388,0.353353,0.119589
16.8,-0.079767,-0.00920388,0.318018,0.10763
16.802,-0.079767,-0.00920388,0.286216,0.0968674
16.804,-0.079767,-0.00920388,0.257595,0.0871807
16.806,-0.079767,-0.00920388,0.231835,0.0784626
16.808,-0.076699,-0.00920388,0.36205,0.0706164
16.81,-0.076699,-0.00920388,0.325845,0.0635547
16.812,-0.076699,-0.00920388,0.29326,0.0571992
16.814,-0.0736311,-0.00920388,0.417332,0.0514793
16.816,-0.0736311,-0.00920388,0.375599,0.0463314
16.818,-0.0736311,-0.00920388,0.338039,0.0416983
16.82,-0.0705631,-0.00920388,0.457633,0.0375284
16.822,-0.0705631,-0.00920388,0.41187,0.0337756
16.824,-0.0705631,-0.00920388,0.370683,0.030398
16.826,-0.0705631,-0.00920388,0.333615,0.0273582
16.828,-0.0674952,-0.00613592,0.453651,0.17802
16.83,-0.0674952,-0.00613592,0.408286,0.160218
16.832,-0.0674952,-0.00613592,0.367458,0.144197
16.834,-0.0674952,-0.00613592,0.330712,0.129777
16.836,-0.0644272,-0.00613592,0.451039,0.116799
16.838,-0.0644272,-0.00613592,0.405935,0.105119
16.84,-0.0644272,-0.00613592,0.365341,0.0946074
16.842,-0.0613592,-0.00613592,0.482205,0.0851466
16.844,-0.0613592,-0.00613592,0.433985,0.076632
16.846,-0.0613592,-0.00613592,0.390586,0.0689688
16.848,-0.0582913,-0.00613592,0.504926,0.0620719
16.85,-0.0582913,-0.00306796,0.454433,0.209263
16.852,-0.0582913,-0.00306796,0.40899,0.188337
16.854,-0.0552233,-0.00306796,0.521489,0.169503
16.856,-0.0552233,-0.00306796,0.46934,0.152553
16.858,-0.0552233,-0.00306796,0.422406,0.137297
16.86,-0.0552233,-0.00306796,0.380165,0.123568
16.862,-0.0521553,-0.00306796,0.495547,0.111211
16.864,-0.0521553,-0.00306796,0.445992,0.10009
16.866,-0.0521553,-0.00306796,0.401393,0.0900808
16.868,-0.0490874,-0.00306796,0.514652,0.0810727
16.87,-0.0490874,0,0.463187,0.226364
16.872,-0.0490874,0,0.416868,0.203727
16.874,-0.0460194,0,0.528579,0.183354
16.876,-0.0460194,0,0.475721,0.165019
16.878,-0.0460194,0,0.428149,0.148517
16.88,-0.0460194,0,0.385334,0.133665
16.882,-0.0429515,0,0.500199,0.120299
16.884,-0.0429515,0,0.450179,0.108269
16.886,-0.0429515,0,0.405161,0.0974421
16.888,-0.0429515,0,0.364645,0.0876979
16.89,-0.0398835,0,0.481579,0.0789281
16.892,-0.0398835,0,0.433421,0.0710353
16.894,-0.0398835,0,0.390079,0.0639317
16.896,-0.0398835,0,0.351071,0.0575386
16.898,-0.0368155,0,0.469362,0.0517847
16.9,-0.0368155,0,0.422426,0.0466062
16.902,-0.0368155,0,0.380183,0.0419456
16.904,-0.0337476,0,0.495563,0.0377511
16.906,-0.0337476,0,0.446007,0.0339759
16.908,-0.0337476,0,0.401406,0.0305784
16.91,-0.0337476,0,0.361265,0.0275205
16.912,-0.0306796,0,0.478537,0.0247685
16.914,-0.0306796,0,0.430683,0.0222916
16.916,-0.0306796,0.00306796,0.387615,0.173461
16.918,-0.0306796,0.00306796,0.348853,0.156114
16.92,-0.0306796,0.00306796,0.313968,0.140503
16.922,-0.0276117,0.00306796,0.435969,0.126453
16.924,-0.0276117,0.00306796,0.392372,0.113807
16.926,-0.0276117,0.00306796,0.353135,0.102427
16.928,-0.0245437,0.00306796,0.47122,0.092184
16.93,-0.0245437,0.00306796,0.424098,0.0829656
16.932,-0.0245437,0.00306796,0.381688,0.0746691
16.934,-0.0245437,0.00306796,0.343519,0.0672022
16.936,-0.0214757,0.00306796,0.462565,0.0604819
16.938,-0.0214757,0.00306796,0.416309,0.0544338
16.94,-0.0214757,0.00306796,0.374678,0.0489904
16.942,-0.0214757,0.00306796,0.33721,0.0440913
16.944,-0.0214757,0.00306796,0.303489,0.0396822
16.946,-0.0184078,0.00306796,0.426538,0.035714
16.948,-0.0184078,0.00306796,0.383884,0.0321426
16.95,-0.0184078,0.00306796,0.345496,0.0289283
16.952,-0.0184078,0.00306796,0.310946,0.0260355
16.954,-0.0184078,0.00306796,0.279852,0.0234319
16.956,-0.0184078,0.00306796,0.251867,0.0210888
16.958,-0.0153398,0.00306796,0.380078,0.0189799
16.96,-0.0153398,0.00306796,0.34207,0.0170819
16.962,-0.0153398,0.00306796,0.307863,0.0153737
16.964,-0.0153398,0,0.277077,-0.139562
16.966,-0.0153398,0,0.249369,-0.125606
16.968,-0.0122718,0,0.37783,-0.113045
16.97,-0.0122718,0,0.340047,-0.101741
16.972,-0.0122718,0,0.306043,-0.0915665
16.974,-0.0122718,0,0.275438,-0.0824098
16.976,-0.0122718,0,0.247894,-0.0741688
16.978,-0.00920388,0,0.376503,-0.066752
16.98,-0.00920388,0,0.338853,-0.0600768
16.982,-0.00920388,0,0.304968,-0.0540691
16.984,-0.00920388,0,0.274471,-0.0486622
16.986,-0.00920388,0,0.247024,-0.043796
16.988,-0.00920388,0,0.222321,-0.0394164
16.99,-0.00613592,0,0.353487,-0.0354747
16.992,-0.00613592,0,0.318139,-0.0319273
16.994,-0.00613592,0,0.286325,-0.0287345
16.996,-0.00613592,0,0.257692,-0.0258611
16.998,-0.00613592,0,0.231923,-0.023275
17,-0.00306796,0,0.362129,-0.0209475
17.002,-0.00306796,0,0.325916,-0.0188527
17.004,-0.00306796,0,0.293324,-0.0169675
17.006,-0.00306796,0,0.263992,-0.0152707
17.008,-0.00306796,0,0.237593,-0.0137436
17.01,-0,0,0.367232,-0.0123693
17.012,-0,0,0.330508,-0.0111323
17.014,-0,0,0.297458,-0.0100191
17.016,-0,0,0.267712,-0.0090172
17.018,0.00306796,0,0.394339,-0.00811548
17.02,0.00306796,0,0.354905,-0.00730393
17.022,0.00306796,0,0.319414,-0.00657354
17.024,0.00306796,0,0.287473,-0.00591618
17.026,0.00306796,0,0.258726,-0.00532457
17.028,0.00613592,0,0.386251,-0.00479211
17.03,0.00613592,0,0.347626,-0.0043129
17.032,0.00613592,0,0.312863,-0.00388161
17.034,0.00613592,0,0.281577,-0.00349345
17.036,0.00613592,0,0.253419,-0.0031441
17.038,0.00920388,0,0.381476,-0.00282969
17.04,0.00920388,0,0.343328,-0.00254672
17.042,0.00920388,0,0.308995,-0.00229205
17.044,0.00920388,0,0.278096,-0.00206285
17.046,0.0122718,0,0.403684,-0.00185656
17.048,0.0122718,0,0.363316,-0.00167091
17.05,0.0122718,0,0.326984,-0.00150381
17.052,0.0122718,0,0.294286,-0.00135343
17.054,0.0153398,0,0.418255,-0.00121809
17.056,0.0153398,0,0.37643,-0.00109628
17.058,0.0153398,0,0.338787,-0.000986653
17.06,0.0153398,0,0.304908,-0.000887988
17.062,0.0184078,0,0.427815,-0.000799189
17.064,0.0184078,0,0.385034,-0.00071927
17.066,0.0184078,0,0.34653,-0.000647343
17.068,0.0184078,0,0.311877,-0.000582609
17.07,0.0184078,0,0.28069,-0.000524348
17.072,0.0214757,0,0.406019,-0.000471913
17.074,0.0214757,0,0.365417,-0.000424722
17.076,0.0214757,0,0.328875,-0.00038225
17.078,0.0214757,0,0.295988,-0.000344025
17.08,0.0245437,0,0.419787,-0.000309622
17.082,0.0245437,0,0.377808,-0.00027866
17.084,0.0245437,0,0.340027,-0.000250794
17.086,0.0276117,0,0.459423,-0.000225715
17.088,0.0276117,0,0.413481,-0.000203143
17.09,0.0276117,0,0.372132,-0.000182829
17.092,0.0276117,0,0.334919,-0.000164546
17.094,0.0306796,0,0.454825,-0.000148091
17.096,0.0306796,0.00306796,0.409343,0.153265
17.098,0.0306796,0.00306796,0.368409,0.137938
17.1,0.0306796,0.00306796,0.331568,0.124144
17.102,0.0337476,0.00306796,0.451809,0.11173
17.104,0.0337476,0.00306796,0.406628,0.100557
17.106,0.0337476,0.00306796,0.365965,0.0905013
17.108,0.0337476,0.00306796,0.329369,0.0814512
17.11,0.0368155,0.00306796,0.44983,0.0733061
17.112,0.0368155,0.00306796,0.404847,0.0659755
17.114,0.0368155,0.00306796,0.364362,0.0593779
17.116,0.0398835,0.00306796,0.481324,0.0534401
17.118,0.0398835,0.00306796,0.433192,0.0480961
17.12,0.0398835,0.00306796,0.389873,0.0432865
17.122,0.0398835,0.00306796,0.350885,0.0389579
17.124,0.0398835,0.00306796,0.315797,0.0350621
17.126,0.0429515,0.00306796,0.437615,0.0315559
17.128,0.0429515,0.00306796,0.393854,0.0284003
17.13,0.0429515,0.00306796,0.354468,0.0255602
17.132,0.0429515,0.00306796,0.319021,0.0230042
17.134,0.0429515,0.00306796,0.287119,0.0207038
17.136,0.0460194,0.00306796,0.411805,0.0186334
17.138,0.0460194,0.00306796,0.370625,0.0167701
17.14,0.0460194,0.00306796,0.333562,0.0150931
17.142,0.0460194,0.00306796,0.300206,0.0135838
17.144,0.0490874,0.00306796,0.423584,0.0122254
17.146,0.0490874,0.00306796,0.381225,0.0110028
17.148,0.0490874,0.00306796,0.343103,0.00990256
17.15,0.0521553,0.00306796,0.462191,0.00891231
17.152,0.0521553,0.00306796,0.415971,0.00802108
17.154,0.0521553,0.00306796,0.374374,0.00721897
17.156,0.0521553,0.00306796,0.336937,0.00649707
17.158,0.0521553,0.00306796,0.303243,0.00584737
17.16,0.0552233,0.00306796,0.426317,0.00526263
17.162,0.0552233,0.00306796,0.383685,0.00473637
17.164,0.0552233,0.00306796,0.345317,0.00426273
17.166,0.0552233,0.00306796,0.310785,0.00383646
17.168,0.0552233,0.00306796,0.279707,0.00345281
17.17,0.0582913,0.00306796,0.405134,0.00310753
17.172,0.0582913,0.00306796,0.364621,0.00279678
17.174,0.0582913,0.00306796,0.328159,0.0025171
17.176,0.0582913,0.00613592,0.295343,0.155663
17.178,0.0613592,0.00613592,0.419206,0.140097
17.18,0.0613592,0.00613592,0.377286,0.126087
17.182,0.0613592,0.00613592,0.339557,0.113479
17.184,0.0613592,0.00613592,0.305602,0.102131
17.186,0.0644272,0.00613592,0.428439,0.0919177
17.188,0.0644272,0.00613592,0.385596,0.0827259
17.19,0.0644272,0.00613592,0.347036,0.0744534
17.192,0.0644272,0.00613592,0.312332,0.067008
17.194,0.0644272,0.00613592,0.281099,0.0603072
17.196,0.0674952,0.00613592,0.406387,0.0542765
17.198,0.0674952,0.00613592,0.365749,0.0488488
17.2,0.0674952,0.00613592,0.329174,0.043964
17.202,0.0674952,0.00613592,0.296256,0.0395676
17.204,0.0674952,0.00613592,0.266631,0.0356108
17.206,0.0674952,0.00613592,0.239968,0.0320497
17.208,0.0674952,0.00306796,0.215971,-0.124553
17.21,0.0674952,0.00306796,0.194374,-0.112098
17.212,0.0705631,0.00306796,0.328334,-0.100888
17.214,0.0705631,0.00306796,0.295501,-0.0907994
17.216,0.0705631,0.00306796,0.265951,-0.0817194
17.218,0.0705631,0.00306796,0.239356,-0.0735475
17.22,0.0705631,0.00306796,0.21542,-0.0661927
17.222,0.0705631,0.00306796,0.193878,-0.0595735
17.224,0.0705631,0.00306796,0.17449,-0.0536161
17.226,0.0736311,0.00306796,0.310439,-0.0482545
17.228,0.0736311,0.00306796,0.279395,-0.0434291
17.23,0.0736311,0.00306796,0.251456,-0.0390862
17.232,0.0736311,0.00306796,0.22631,-0.0351775
17.234,0.0736311,0.00306796,0.203679,-0.0316598
17.236,0.0736311,0.00306796,0.183311,-0.0284938
17.238,0.076699,0.00306796,0.318378,-0.0256444
17.24,0.076699,0.00306796,0.28654,-0.02308
17.242,0.076699,0.00306796,0.257886,-0.020772
17.244,0.076699,0.00306796,0.232098,-0.0186948
17.246,0.076699,0.00306796,0.208888,-0.0168253
17.248,0.076699,0.00306796,0.187999,-0.0151428
17.25,0.076699,0.00306796,0.169199,-0.0136285
17.252,0.076699,0,0.152279,-0.165664
17.254,0.079767,0,0.29045,-0.149097
17.256,0.079767,0,0.261405,-0.134188
17.258,0.079767,0,0.235264,-0.120769
17.26,0.079767,0,0.211738,-0.108692
17.262,0.079767,0,0.190564,-0.0978228
17.264,0.079767,0,0.171508,-0.0880405
17.266,0.079767,0,0.154357,-0.0792364
17.268,0.079767,0,0.138921,-0.0713128
17.27,0.079767,0,0.125029,-0.0641815
17.272,0.082835,0,0.265924,-0.0577634
17.274,0.082835,0,0.239332,-0.051987
17.276,0.082835,0,0.215399,-0.0467883
17.278,0.082835,0,0.193859,-0.0421095
17.28,0.082835,0,0.174473,-0.0378985
17.282,0.0859029,0,0.310424,-0.0341087
17.284,0.0859029,0,0.279381,-0.0306978
17.286,0.0859029,0,0.251443,-0.027628
17.288,0.0859029,0,0.226299,-0.0248652
17.29,0.0859029,0,0.203669,-0.0223787
17.292,0.0889709,0,0.3367,-0.0201408
17.294,0.0889709,0,0.30303,-0.0181268
17.296,0.0889709,0,0.272727,-0.0163141
17.298,0.0889709,0,0.245454,-0.0146827
17.3,0.0889709,0,0.220909,-0.0132144
17.302,0.0889709,0,0.198818,-0.011893
17.304,0.0889709,0,0.178936,-0.0107037
17.306,0.0920388,0,0.314441,-0.0096333
17.308,0.0920388,0,0.282997,-0.00866997
17.31,0.0920388,0,0.254697,-0.00780297
17.312,0.0920388,0,0.229227,-0.00702268
17.314,0.0920388,0,0.206305,-0.00632041
17.316,0.0920388,0,0.185674,-0.00568837
17.318,0.0920388,0,0.167107,-0.00511953
17.32,0.0951068,0,0.303794,-0.00460758
17.322,0.0951068,0,0.273415,-0.00414682
17.324,0.0951068,0,0.246073,-0.00373214
17.326,0.0951068,0,0.221466,-0.00335892
17.328,0.0951068,0,0.199319,-0.00302303
17.33,0.0951068,0,0.179387,-0.00272073
17.332,0.0981748,0,0.314847,-0.00244866
17.334,0.0981748,0,0.283362,-0.00220379
17.336,0.0981748,0,0.255026,-0.00198341
17.338,0.0981748,0,0.229523,-0.00178507
17.34,0.0981748,0,0.206571,-0.00160656
17.342,0.101243,0,0.339312,-0.00144591
17.344,0.101243,0,0.305381,-0.00130132
17.346,0.101243,0,0.274843,-0.00117118
17.348,0.101243,0,0.247358,-0.00105407
17.35,0.101243,0,0.222623,-0.00094866
17.352,0.101243,0,0.20036,-0.000853794
17.354,0.104311,0,0.333722,-0.000768414
17.356,0.104311,0,0.30035,-0.000691573
17.358,0.104311,0,0.270315,-0.000622416
17.36,0.104311,0,0.243284,-0.000560174
17.362,0.104311,0,0.218955,-0.000504157
17.364,0.104311,0,0.19706,-0.000453741
17.366,0.104311,0,0.177354,-0.000408367
17.368,0.107379,0,0.313016,-0.00036753
17.37,0.107379,0,0.281715,-0.000330777
17.372,0.107379,0,0.253543,-0.000297699
17.374,0.107379,0,0.228189,-0.000267929
17.376,0.107379,0,0.20537,-0.000241137
17.378,0.107379,0,0.184833,-0.000217023
17.38,0.110447,0,0.319748,-0.000195321
17.382,0.110447,0,0.287773,-0.000175789
17.384,0.110447,0,0.258996,-0.00015821
17.386,0.110447,0,0.233096,-0.000142389
17.388,0.110447,0,0.209787,-0.00012815
17.39,0.113515,0,0.342206,-0.000115335
17.392,0.113515,0,0.307985,-0.000103801
17.394,0.113515,0,0.277187,-9.34212e-05
17.396,0.113515,0,0.249468,-8.40791e-05
17.398,0.113515,0,0.224521,-7.56712e-05
17.4,0.113515,0,0.202069,-6.81041e-05
17.402,0.116583,0,0.33526,-6.12937e-05
17.404,0.116583,0,0.301734,-5.51643e-05
17.406,0.116583,0,0.271561,-4.96479e-05
17.408,0.116583,0,0.244405,-4.46831e-05
17.41,0.116583,0,0.219964,-4.02148e-05
17.412,0.116583,0,0.197968,-3.61933e-05
17.414,0.116583,0,0.178171,-3.2574e-05
17.416,0.119651,0,0.313752,-2.93166e-05
17.418,0.119651,0,0.282377,-2.63849e-05
17.42,0.119651,0,0.254139,-2.37464e-05
17.422,0.119651,0,0.228725,-2.13718e-05
17.424,0.119651,0,0.205853,-1.92346e-05
17.426,0.119651,0,0.185267,-1.73111e-05
17.428,0.122718,0,0.320139,-1.558e-05
17.43,0.122718,0,0.288125,-1.4022e-05
17.432,0.122718,0,0.259312,-1.26198e-05
17.434,0.122718,0,0.233381,-1.13578e-05
17.436,0.122718,0,0.210043,-1.02221e-05
17.438,0.125786,0,0.342437,-9.19985e-06
17.44,0.125786,0,0.308193,-8.27987e-06
17.442,0.125786,0,0.277374,-7.45188e-06
17.444,0.125786,0,0.249636,-6.70669e-06
17.446,0.125786,0,0.224673,-6.03602e-06
17.448,0.125786,0,0.202206,-5.43242e-06
17.45,0.128854,0,0.335383,-4.88918e-06
17.452,0.128854,0,0.301845,-4.40026e-06
17.454,0.128854,0,0.27166,-3.96023e-06
17.456,0.128854,0.00306796,0.244494,0.153395
17.458,0.128854,0.00306796,0.220045,0.138055
17.46,0.128854,0.00306796,0.19804,0.12425
17.462,0.128854,0.00306796,0.178236,0.111825
17.464,0.131922,0.00306796,0.313811,0.100642
17.466,0.131922,0.00306796,0.28243,0.0905779
17.468,0.131922,0.00306796,0.254187,0.0815201
17.47,0.131922,0.00306796,0.228768,0.0733681
17.472,0.131922,0.00306796,0.205891,0.0660313
17.474,0.131922,0.00306796,0.185302,0.0594282
17.476,0.13499,0.00306796,0.32017,0.0534854
17.478,0.13499,0.00306796,0.288153,0.0481368
17.48,0.13499,0.00306796,0.259338,0.0433231
17.482,0.13499,0.00306796,0.233404,0.0389908
17.484,0.13499,0,0.210064,-0.118306
17.486,0.13499,0,0.189057,-0.106476
17.488,0.13499,0,0.170151,-0.0958281
17.49,0.13499,0,0.153136,-0.0862453
17.492,0.138058,0,0.291221,-0.0776208
17.494,0.138058,0,0.262099,-0.0698587
17.496,0.138058,0,0.235889,-0.0628728
17.498,0.138058,0,0.2123,-0.0565856
17.5,0.138058,0,0.19107,-0.050927
17.502,0.138058,0,0.171963,-0.0458343
17.504,0.138058,0,0.154767,-0.0412509
17.506,0.138058,0,0.13929,-0.0371258
17.508,0.138058,0,0.125361,-0.0334132
17.51,0.141126,0,0.266223,-0.0300719
17.512,0.141126,0,0.239601,-0.0270647
17.514,0.141126,0,0.215641,-0.0243582
17.516,0.141126,0,0.194077,-0.0219224
17.518,0.141126,0,0.174669,-0.0197302
17.52,0.141126,0,0.157202,-0.0177571
17.522,0.141126,0,0.141482,-0.0159814
17.524,0.141126,0,0.127334,-0.0143833
17.526,0.144194,0,0.267998,-0.012945
17.528,0.144194,0,0.241199,-0.0116505
17.53,0.144194,0,0.217079,-0.0104854
17.532,0.144194,0,0.195371,-0.00943688
17.534,0.144194,0,0.175834,-0.00849319
17.536,0.144194,0,0.15825,-0.00764387
17.538,0.144194,0,0.142425,-0.00687948
17.54,0.147262,0,0.281581,-0.00619153
17.542,0.147262,0,0.253423,-0.00557238
17.544,0.147262,0,0.22808,-0.00501514
17.546,0.147262,0,0.205272,-0.00451363
17.548,0.147262,0,0.184745,-0.00406227
17.55,0.147262,0,0.166271,-0.00365604
17.552,0.15033,0,0.303042,-0.00329044
17.554,0.15033,0,0.272738,-0.00296139
17.556,0.15033,0,0.245464,-0.00266525
17.558,0.15033,0,0.220917,-0.00239873
17.56,0.15033,0,0.198826,-0.00215885
17.562,0.15033,0,0.178943,-0.00194297
17.564,0.15033,0,0.161049,-0.00174867
17.566,0.15033,0,0.144944,-0.0015738
17.568,0.153398,0,0.283848,-0.00141642
17.57,0.153398,0,0.255463,-0.00127478
17.572,0.153398,0,0.229917,-0.0011473
17.574,0.153398,0,0.206925,-0.00103257
17.576,0.153398,0,0.186232,-0.000929316
17.578,0.153398,0,0.167609,-0.000836384
17.58,0.153398,0,0.150848,-0.000752746
17.582,0.153398,0,0.135763,-0.000677471
17.584,0.153398,0,0.122187,-0.000609724
17.586,0.156466,0,0.263366,-0.000548752
17.588,0.156466,0,0.23703,-0.000493877
17.59,0.156466,0,0.213327,-0.000444489
17.592,0.156466,0,0.191994,-0.00040004
17.594,0.156466,0,0.172795,-0.000360036
17.596,0.156466,0,0.155515,-0.000324032
17.598,0.156466,0,0.139964,-0.000291629
17.6,0.156466,0,0.125967,-0.000262466
17.602,0.159534,0,0.266769,-0.00023622
17.604,0.159534,0,0.240092,-0.000212598
17.606,0.159534,0,0.216083,-0.000191338
17.608,0.159534,0,0.194474,-0.000172204
17.61,0.159534,0,0.175027,-0.000154984
17.612,0.159534,0,0.157524,-0.000139485
17.614,0.159534,0,0.141772,-0.000125537
17.616,0.162602,0,0.280993,-0.000112983
17.618,0.162602,0,0.252893,-0.000101685
17.62,0.162602,0,0.227604,-9.15163e-05
17.622,0.162602,0,0.204844,-8.23647e-05
17.624,0.162602,0,0.184359,-7.41282e-05
17.626,0.162602,0,0.165923,-6.67154e-05
17.628,0.162602,0,0.149331,-6.00439e-05
17.63,0.162602,0,0.134398,-5.40395e-05
17.632,0.162602,0,0.120958,-4.86355e-05
17.634,0.16567,0,0.26226,-4.3772e-05
17.636,0.16567,0,0.236034,-3.93948e-05
17.638,0.16567,0,0.212431,-3.54553e-05
17.64,0.16567,0,0.191188,-3.19098e-05
17.642,0.16567,0,0.172069,-2.87188e-05
17.644,0.16567,0,0.154862,-2.58469e-05
17.646,0.16567,0,0.139376,-2.32622e-05
17.648,0.16567,0,0.125438,-2.0936e-05
17.65,0.16567,0,0.112895,-1.88424e-05
17.652,0.16567,0,0.101605,-1.69582e-05
17.654,0.16567,0,0.0914446,-1.52623e-05
17.656,0.168738,0,0.235698,-1.37361e-05
17.658,0.168738,-0.00306796,0.212128,-0.15341
17.66,0.168738,-0.00306796,0.190916,-0.138069
17.662,0.168738,-0.00306796,0.171824,-0.124262
17.664,0.168738,-0.00306796,0.154642,-0.111836
17.666,0.168738,-0.00306796,0.139177,-0.100653
17.668,0.168738,-0.00306796,0.12526,-0.0905873
17.67,0.168738,-0.00306796,0.112734,-0.0815286
17.672,0.168738,-0.00306796,0.10146,-0.0733757
17.674,0.171806,-0.00306796,0.244712,-0.0660382
17.676,0.171806,-0.00306796,0.220241,-0.0594343
17.678,0.171806,-0.00306796,0.198217,-0.0534909
17.68,0.171806,-0.00306796,0.178395,-0.0481418
17.682,0.171806,-0.00306796,0.160556,-0.0433276
17.684,0.171806,-0.00306796,0.1445,-0.0389949
17.686,0.174874,-0.00306796,0.283448,-0.0350954
17.688,0.174874,-0.00306796,0.255103,-0.0315858
17.69,0.174874,-0.00306796,0.229593,-0.0284273
17.692,0.174874,-0.00306796,0.206634,-0.0255845
17.694,0.174874,0,0.18597,0.130372
17.696,0.174874,0,0.167373,0.117335
17.698,0.174874,0,0.150636,0.105601
17.7,0.177942,0,0.288971,0.0950412
17.702,0.177942,0,0.260073,0.0855371
17.704,0.177942,0,0.234066,0.0769834
17.706,0.177942,0,0.21066,0.069285
17.708,0.177942,0,0.189594,0.0623565
17.71,0.177942,0,0.170634,0.0561209
17.712,0.177942,0,0.153571,0.0505088
17.714,0.18101,0,0.291612,0.0454579
17.716,0.18101,0,0.262451,0.0409121
17.718,0.18101,0,0.236206,0.0368209
17.72,0.18101,0,0.212585,0.0331388
17.722,0.18101,0,0.191326,0.0298249
17.724,0.18101,0,0.172194,0.0268424
17.726,0.18101,0,0.154974,0.0241582
17.728,0.184078,0,0.292875,0.0217424
17.73,0.184078,0,0.263588,0.0195681
17.732,0.184078,0,0.237229,0.0176113
17.734,0.184078,0,0.213506,0.0158502
17.736,0.184078,0,0.192155,0.0142652
17.738,0.184078,0,0.17294,0.0128387
17.74,0.187146,0,0.309044,0.0115548
17.742,0.187146,0,0.27814,0.0103993
17.744,0.187146,0,0.250326,0.00935938
17.746,0.187146,0,0.225293,0.00842344
17.748,0.187146,0,0.202764,0.0075811
17.75,0.187146,0,0.182487,0.00682299
17.752,0.187146,0,0.164239,0.00614069
17.754,0.187146,0,0.147815,0.00552662
17.756,0.190214,0,0.286431,0.00497396
17.758,0.190214,0,0.257788,0.00447656
17.76,0.190214,0,0.232009,0.00402891
17.762,0.190214,0,0.208808,0.00362602
17.764,0.190214,0,0.187928,0.00326341
17.766,0.190214,0,0.169135,0.00293707
17.768,0.190214,0,0.152221,0.00264337
17.77,0.190214,0,0.136999,0.00237903
17.772,0.193282,0.00306796,0.276697,0.155539
17.774,0.193282,0.00306796,0.249028,0.139985
17.776,0.193282,0.00306796,0.224125,0.125987
17.778,0.193282,0.00306796,0.201712,0.113388
17.78,0.193282,0.00306796,0.181541,0.102049
17.782,0.193282,0.00306796,0.163387,0.0918443
17.784,0.193282,0.00306796,0.147048,0.0826599
17.786,0.19635,0.00306796,0.285742,0.0743939
17.788,0.19635,0.00306796,0.257167,0.0669545
17.79,0.19635,0.00306796,0.231451,0.0602591
17.792,0.19635,0.00306796,0.208306,0.0542332
17.794,0.19635,0.00306796,0.187475,0.0488099
17.796,0.19635,0.00306796,0.168728,0.0439289
17.798,0.19635,0.00306796,0.151855,0.039536
17.8,0.19635,0.00306796,0.136669,0.0355824
17.802,0.19635,0.00306796,0.123002,0.0320241
17.804,0.199418,0.00306796,0.2641,0.0288217
17.806,0.199418,0.00306796,0.23769,0.0259396
17.808,0.199418,0,0.213921,-0.130052
17.81,0.199418,0,0.192529,-0.117047
17.812,0.199418,0,0.173276,-0.105343
17.814,0.199418,0,0.155949,-0.0948083
17.816,0.199418,0,0.140354,-0.0853274
17.818,0.199418,0,0.126318,-0.0767947
17.82,0.199418,0,0.113686,-0.0691152
17.822,0.199418,0,0.102318,-0.0622037
17.824,0.199418,0,0.0920861,-0.0559833
17.826,0.199418,0,0.0828774,-0.050385
17.828,0.199418,0,0.0745897,-0.0453465
17.83,0.199418,0,0.0671307,-0.0408118
17.832,0.202485,0,0.213816,-0.0367307
17.834,0.202485,0,0.192434,-0.0330576
17.836,0.202485,0,0.173191,-0.0297518
17.838,0.202485,0,0.155872,-0.0267767
17.84,0.202485,0,0.140285,-0.024099
17.842,0.202485,0,0.126256,-0.0216891
17.844,0.202485,0,0.11363,-0.0195202
17.846,0.202485,0,0.102267,-0.0175682
17.848,0.202485,0,0.0920407,-0.0158113
17.85,0.202485,0,0.0828366,-0.0142302
17.852,0.202485,0,0.0745529,-0.0128072
17.854,0.202485,0,0.0670976,-0.0115265
17.856,0.202485,0,0.0603879,-0.0103738
17.858,0.205553,0,0.207747,-0.00933644
17.86,0.205553,0,0.186972,-0.0084028
17.862,0.205553,0,0.168275,-0.00756252
17.864,0.205553,0,0.151448,-0.00680627
17.866,0.205553,0,0.136303,-0.00612564
17.868,0.205553,0,0.122673,-0.00551308
17.87,0.205553,0,0.110405,-0.00496177
17.872,0.205553,0,0.0993648,-0.00446559
17.874,0.205553,0,0.0894283,-0.00401903
17.876,0.205553,0,0.0804855,-0.00361713
17.878,0.208621,0,0.225835,-0.00325542
17.88,0.208621,0,0.203252,-0.00292987
17.882,0.208621,0,0.182926,-0.00263689
17.884,0.208621,0,0.164634,-0.0023732
17.886,0.208621,0,0.14817,-0.00213588
17.888,0.208621,0,0.133353,-0.00192229
17.89,0.208621,0,0.120018,-0.00173006
17.892,0.208621,0,0.108016,-0.00155706
17.894,0.208621,0,0.0972146,-0.00140135
17.896,0.208621,0,0.0874931,-0.00126121
17.898,0.208621,0,0.0787438,-0.00113509
17.9,0.211689,0,0.224268,-0.00102158
17.902,0.211689,0,0.201841,-0.000919426
17.904,0.211689,0,0.181657,-0.000827483
17.906,0.211689,0,0.163491,-0.000744735
17.908,0.211689,0,0.147142,-0.000670261
17.91,0.211689,0,0.132428,-0.000603235
17.912,0.211689,0,0.119185,-0.000542912
17.914,0.211689,0,0.107266,-0.00048862
17.916,0.211689,0,0.0965398,-0.000439758
17.918,0.211689,0,0.0868858,-0.000395783
17.92,0.211689,0,0.0781972,-0.000356204
17.922,0.211689,0,0.0703775,-0.000320584
17.924,0.211689,0,0.0633398,-0.000288525
17.926,0.211689,0,0.0570058,-0.000259673
17.928,0.211689,0,0.0513052,-0.000233706
17.93,0.211689,0,0.0461747,-0.000210335
17.932,0.211689,-0.00306796,0.0415572,-0.153587
17.934,0.211689,-0.00306796,0.0374015,-0.138229
17.936,0.211689,-0.00306796,0.0336613,-0.124406
17.938,0.214757,-0.00306796,0.183693,-0.111965
17.94,0.214757,-0.00306796,0.165324,-0.100769
17.942,0.214757,-0.00306796,0.148792,-0.0906918
17.944,0.214757,-0.00306796,0.133912,-0.0816226
17.946,0.214757,-0.00306796,0.120521,-0.0734604
17.948,0.214757,-0.00306796,0.108469,-0.0661143
17.95,0.214757,-0.00306796,0.0976221,-0.0595029
17.952,0.214757,-0.00306796,0.0878599,-0.0535526
17.954,0.214757,-0.00306796,0.0790739,-0.0481973
17.956,0.214757,-0.00306796,0.0711665,-0.0433776
17.958,0.214757,-0.00306796,0.0640499,-0.0390399
17.96,0.214757,-0.00306796,0.0576449,-0.0351359
17.962,0.214757,-0.00306796,0.0518804,-0.0316223
17.964,0.214757,-0.00306796,0.0466924,-0.0284601
17.966,0.214757,-0.00306796,0.0420231,-0.025614
17.968,0.214757,-0.00306796,0.0378208,-0.0230526
17.97,0.217825,-0.00306796,0.187437,-0.0207474
17.972,0.217825,-0.00306796,0.168693,-0.0186726
17.974,0.217825,-0.00306796,0.151824,-0.0168054
17.976,0.217825,-0.00306796,0.136641,-0.0151248
17.978,0.217825,-0.00306796,0.122977,-0.0136124
17.98,0.217825,-0.00306796,0.11068,-0.0122511
17.982,0.217825,-0.00306796,0.0996116,-0.011026
17.984,0.217825,-0.00306796,0.0896504,-0.00992341
17.986,0.217825,-0.00306796,0.0806854,-0.00893107
17.988,0.217825,-0.00306796,0.0726169,-0.00803796
17.99,0.220893,-0.00306796,0.218753,-0.00723416
17.992,0.220893,-0.00306796,0.196878,-0.00651075
17.994,0.220893,-0.00306796,0.17719,-0.00585967
17.996,0.220893,-0.00306796,0.159471,-0.00527371
17.998,0.220893,-0.00306796,0.143524,-0.00474633
18,0.220893,-0.00306796,0.129172,-0.0042717
18.002,0.220893,-0.00306796,0.116254,-0.00384453
18.004,0.223961,-0.00306796,0.258027,-0.00346008
18.006,0.223961,0,0.232224,0.150284
18.008,0.223961,0,0.209002,0.135256
18.01,0.223961,0,0.188102,0.12173
18.012,0.223961,0,0.169292,0.109557
18.014,0.223961,0,0.152362,0.0986013
18.016,0.223961,0,0.137126,0.0887412
18.018,0.223961,0,0.123414,0.0798671
18.02,0.223961,0,0.111072,0.0718804
18.022,0.223961,0,0.099965,0.0646923
18.024,0.223961,0,0.0899685,0.0582231
18.026,0.227029,0,0.23437,0.0524008
18.028,0.227029,0,0.210933,0.0471607
18.03,0.227029,0,0.189839,0.0424446
18.032,0.227029,0,0.170856,0.0382002
18.034,0.227029,0,0.15377,0.0343802
18.036,0.227029,0,0.138393,0.0309421
18.038,0.227029,0,0.124554,0.0278479
18.04,0.227029,0,0.112098,0.0250631
18.042,0.227029,0,0.100888,0.0225568
18.044,0.227029,0,0.0907996,0.0203011
18.046,0.227029,0,0.0817197,0.018271
18.048,0.227029,0,0.0735477,0.0164439
18.05,0.227029,0,0.0661929,0.0147995
18.052,0.227029,0,0.0595736,0.0133196
18.054,0.227029,0,0.0536163,0.0119876
18.056,0.227029,0,0.0482546,0.0107889
18.058,0.227029,0,0.0434292,0.00970997
18.06,0.227029,-0.00306796,0.0390863,-0.144659
18.062,0.227029,-0.00306796,0.0351776,-0.130193
18.064,0.227029,-0.00306796,0.0316599,-0.117174
18.066,0.230097,-0.00306796,0.181892,-0.105456
18.068,0.230097,-0.00306796,0.163703,-0.0949108
18.07,0.230097,-0.00306796,0.147332,-0.0854198
18.072,0.230097,-0.00306796,0.132599,-0.0768778
18.074,0.230097,-0.00306796,0.119339,-0.06919
18.076,0.230097,-0.00306796,0.107405,-0.062271
18.078,0.230097,-0.00306796,0.0966648,-0.0560439
18.08,0.230097,-0.00306796,0.0869984,-0.0504395
18.082,0.230097,-0.00306796,0.0782985,-0.0453956
18.084,0.230097,-0.00306796,0.0704687,-0.040856
18.086,0.230097,-0.00306796,0.0634218,-0.0367704
18.088,0.230097,-0.00306796,0.0570796,-0.0330934
18.09,0.230097,-0.00306796,0.0513717,-0.029784
18.092,0.230097,-0.00306796,0.0462345,-0.0268056
18.094,0.233165,-0.00306796,0.195009,-0.0241251
18.096,0.233165,-0.00306796,0.175508,-0.0217126
18.098,0.233165,-0.00306796,0.157957,-0.0195413
18.1,0.233165,-0.00306796,0.142162,-0.0175872
18.102,0.233165,-0.00306796,0.127945,-0.0158285
18.104,0.233165,-0.00306796,0.115151,-0.0142456
18.106,0.233165,-0.00306796,0.103636,-0.012821
18.108,0.233165,-0.00306796,0.0932723,-0.0115389
18.11,0.233165,-0.00306796,0.083945,-0.010385
18.112,0.236233,-0.00306796,0.228949,-0.00934654
18.114,0.236233,-0.00306796,0.206054,-0.00841189
18.116,0.236233,-0.00306796,0.185448,-0.0075707
18.118,0.236233,-0.00306796,0.166904,-0.00681363
18.12,0.236233,-0.00306796,0.150213,-0.00613227
18.122,0.236233,-0.00306796,0.135192,-0.00551904
18.124,0.236233,-0.00306796,0.121673,-0.00496714
18.126,0.236233,-0.00306796,0.109505,-0.00447042
18.128,0.236233,-0.00306796,0.0985549,-0.00402338
18.13,0.236233,-0.00306796,0.0886994,-0.00362104
18.132,0.239301,0,0.233228,0.150139
18.134,0.239301,0,0.209905,0.135125
18.136,0.239301,0,0.188914,0.121613
18.138,0.239301,0,0.170023,0.109451
18.14,0.239301,0,0.153021,0.0985063
18.142,0.239301,0,0.137719,0.0886557
18.144,0.239301,0,0.123947,0.0797901
18.146,0.239301,0,0.111552,0.0718111
18.148,0.239301,0,0.100397,0.06463
18.15,0.239301,0,0.0903571,0.058167
18.152,0.239301,0,0.0813214,0.0523503
18.154,0.239301,0,0.0731893,0.0471153
18.156,0.242369,0,0.219268,0.0424037
18.158,0.242369,0,0.197342,0.0381634
18.16,0.242369,0,0.177607,0.034347
18.162,0.242369,0,0.159847,0.0309123
18.164,0.242369,0,0.143862,0.0278211
18.166,0.242369,0,0.129476,0.025039
18.168,0.242369,0,0.116528,0.0225351
18.17,0.242369,0,0.104875,0.0202816
18.172,0.242369,0,0.0943879,0.0182534
18.174,0.242369,0,0.0849491,0.0164281
18.176,0.242369,0,0.0764542,0.0147853
18.178,0.242369,0,0.0688088,0.0133067
18.18,0.242369,0,0.0619279,0.0119761
18.182,0.242369,0,0.0557351,0.0107785
18.184,0.245437,0,0.20356,0.00970061
18.186,0.245437,0,0.183204,0.00873055
18.188,0.245437,0,0.164883,0.0078575
18.19,0.245437,0,0.148395,0.00707175
18.192,0.245437,0,0.133555,0.00636457
18.194,0.245437,0,0.1202,0.00572811
18.196,0.245437,0,0.10818,0.0051553
18.198,0.245437,0,0.097362,0.00463977
18.2,0.245437,0,0.0876258,0.0041758
18.202,0.245437,0,0.0788632,0.00375822
18.204,0.245437,-0.00306796,0.0709769,-0.150016
18.206,0.245437,-0.00306796,0.0638792,-0.135014
18.208,0.245437,-0.00306796,0.0574913,-0.121513
18.21,0.245437,-0.00306796,0.0517421,-0.109361
18.212,0.245437,-0.00306796,0.0465679,-0.0984253
18.214,0.245437,-0.00306796,0.0419111,-0.0885828
18.216,0.245437,-0.00306796,0.03772,-0.0797245
18.218,0.245437,-0.00306796,0.033948,-0.071752
18.22,0.248505,-0.00306796,0.183951,-0.0645768
18.222,0.248505,-0.00306796,0.165556,-0.0581191
18.224,0.248505,-0.00306796,0.149001,-0.0523072
18.226,0.248505,-0.00306796,0.1341,-0.0470765
18.228,0.248505,-0.00306796,0.12069,-0.0423689
18.23,0.248505,-0.00306796,0.108621,-0.038132
18.232,0.248505,-0.00306796,0.0977593,-0.0343188
18.234,0.248505,-0.00306796,0.0879833,-0.0308869
18.236,0.248505,-0.00306796,0.079185,-0.0277982
18.238,0.248505,-0.00306796,0.0712665,-0.0250184
18.24,0.248505,-0.00306796,0.0641398,-0.0225165
18.242,0.248505,0,0.0577259,0.133133
18.244,0.251573,0,0.205351,0.11982
18.246,0.251573,0,0.184816,0.107838
18.248,0.251573,0,0.166335,0.0970541
18.25,0.251573,0,0.149701,0.0873487
18.252,0.251573,0,0.134731,0.0786138
18.254,0.251573,0,0.121258,0.0707524
18.256,0.251573,0,0.109132,0.0636772
18.258,0.251573,0,0.0982189,0.0573095
18.26,0.251573,0,0.088397,0.0515785
18.262,0.251573,0,0.0795573,0.0464207
18.264,0.251573,0,0.0716016,0.0417786
18.266,0.251573,0,0.0644414,0.0376007
18.268,0.251573,0,0.0579973,0.0338407
18.27,0.251573,0,0.0521976,0.0304566
18.272,0.254641,0,0.200376,0.0274109
18.274,0.254641,0,0.180338,0.0246698
18.276,0.254641,0,0.162304,0.0222029
18.278,0.254641,0,0.146074,0.0199826
18.28,0.254641,0,0.131467,0.0179843
18.282,0.254641,0,0.11832,0.0161859
18.284,0.254641,0,0.106488,0.0145673
18.286,0.254641,0,0.0958392,0.0131106
18.288,0.254641,0,0.0862552,0.0117995
18.29,0.254641,0,0.0776297,0.0106196
18.292,0.254641,0,0.0698668,0.0095576
18.294,0.254641,0,0.0628801,0.00860184
18.296,0.254641,0,0.0565921,0.00774166
18.298,0.254641,0,0.0509329,0.00696749
18.3,0.257709,0,0.199238,0.00627074
18.302,0.257709,0,0.179314,0.00564367
18.304,0.257709,0,0.161382,0.0050793
18.306,0.257709,0,0.145244,0.00457137
18.308,0.257709,0,0.13072,0.00411424
18.31,0.257709,0,0.117648,0.00370281
18.312,0.257709,0,0.105883,0.00333253
18.314,0.257709,0,0.0952948,0.00299928
18.316,0.257709,0,0.0857653,0.00269935
18.318,0.257709,0,0.0771887,0.00242941
18.32,0.257709,0,0.0694699,0.00218647
18.322,0.257709,0,0.0625229,0.00196783
18.324,0.257709,0,0.0562706,0.00177104
18.326,0.260777,0,0.204042,0.00159394
18.328,0.260777,0,0.183637,0.00143455
18.33,0.260777,0,0.165274,0.00129109
18.332,0.260777,0,0.148746,0.00116198
18.334,0.260777,0,0.133872,0.00104578
18.336,0.260777,0,0.120485,0.000941205
18.338,0.260777,0,0.108436,0.000847085
18.34,0.260777,0,0.0975925,0.000762376
18.342,0.260777,0,0.0878332,0.000686139
18.344,0.260777,0,0.0790499,0.000617525
18.346,0.260777,0,0.0711449,0.000555772
18.348,0.260777,0,0.0640304,0.000500195
18.35,0.260777,0,0.0576274,0.000450175
18.352,0.260777,0,0.0518646,0.000405158
18.354,0.260777,0,0.0466782,0.000364642
18.356,0.263845,0,0.195408,0.000328178
18.358,0.263845,0,0.175868,0.00029536
18.36,0.263845,0,0.158281,0.000265824
18.362,0.263845,0,0.142453,0.000239242
18.364,0.263845,0,0.128207,0.000215318
18.366,0.263845,0,0.115387,0.000193786
18.368,0.263845,0,0.103848,0.000174407
18.37,0.263845,0.00306796,0.0934633,0.153555
18.372,0.263845,0.00306796,0.0841169,0.1382
18.374,0.263845,0.00306796,0.0757052,0.12438
18.376,0.263845,0.00306796,0.0681347,0.111942
18.378,0.263845,0.00306796,0.0613212,0.100747
18.38,0.263845,0.00306796,0.0551891,0.0906727
18.382,0.263845,0.00306796,0.0496702,0.0816054
18.384,0.263845,0.00306796,0.0447032,0.0734449
18.386,0.263845,0.00306796,0.0402329,0.0661004
18.388,0.263845,0.00306796,0.0362096,0.0594904
18.39,0.263845,0.00306796,0.0325886,0.0535413
18.392,0.263845,0.00306796,0.0293298,0.0481872
18.394,0.263845,0.00306796,0.0263968,0.0433685
18.396,0.263845,0.00306796,0.0237571,0.0390316
18.398,0.263845,0.00306796,0.0213814,0.0351285
18.4,0.263845,0.00306796,0.0192433,0.0316156
18.402,0.263845,0,0.0173189,-0.124944
18.404,0.263845,0,0.015587,-0.11245
18.406,0.263845,0,0.0140283,-0.101205
18.408,0.263845,0,0.0126255,-0.0910842
18.41,0.263845,0,0.0113629,-0.0819758
18.412,0.263845,0,0.0102267,-0.0737782
18.414,0.263845,0,0.00920399,-0.0664004
18.416,0.263845,0,0.00828359,-0.0597603
18.418,0.263845,0,0.00745523,-0.0537843
18.42,0.263845,0,0.00670971,-0.0484059
18.422,0.263845,0,0.00603874,-0.0435653
18.424,0.263845,0,0.00543486,-0.0392088
18.426,0.263845,0,0.00489138,-0.0352879
18.428,0.263845,0,0.00440224,-0.0317591
18.43,0.263845,0,0.00396202,-0.0285832
18.432,0.263845,0,0.00356581,-0.0257249
18.434,0.263845,0,0.00320923,-0.0231524
18.436,0.263845,0,0.00288831,-0.0208371
18.438,0.263845,0,0.00259948,-0.0187534
18.44,0.263845,0,0.00233953,-0.0168781
18.442,0.266913,0,0.155504,-0.0151903
18.444,0.266913,0,0.139953,-0.0136712
18.446,0.266913,0,0.125958,-0.0123041
18.448,0.266913,0,0.113362,-0.0110737
18.45,0.266913,0,0.102026,-0.00996634
18.452,0.266913,0,0.0918234,-0.00896971
18.454,0.266913,0,0.082641,-0.00807274
18.456,0.266913,0,0.0743769,-0.00726546
18.458,0.266913,0,0.0669392,-0.00653892
18.46,0.266913,0,0.0602453,-0.00588502
18.462,0.266913,0,0.0542208,-0.00529652
18.464,0.266913,0,0.0487987,-0.00476687
18.466,0.266913,0,0.0439188,-0.00429018
18.468,0.266913,0,0.0395269,-0.00386116
18.47,0.266913,0,0.0355742,-0.00347505
18.472,0.266913,0,0.0320168,-0.00312754
18.474,0.266913,0,0.0288151,-0.00281479
18.476,0.266913,0,0.0259336,-0.00253331
18.478,0.266913,0,0.0233403,-0.00227998
18.48,0.266913,0,0.0210062,-0.00205198
18.482,0.266913,0,0.0189056,-0.00184678
18.484,0.266913,0,0.0170151,-0.0016621
18.486,0.266913,0,0.0153135,-0.00149589
18.488,0.266913,0,0.0137822,-0.0013463
18.49,0.266913,0,0.012404,-0.00121167
18.492,0.266913,0,0.0111636,-0.00109051
18.494,0.266913,0,0.0100472,-0.000981456
18.496,0.266913,0,0.0090425,-0.000883311
18.498,0.266913,0,0.00813825,-0.000794979
18.5,0.266913,0,0.00732442,-0.000715482
18.502,0.266913,-0.00306796,0.00659198,-0.154042
18.504,0.266913,-0.00306796,0.00593278,-0.138638
18.506,0.266913,-0.00306796,0.0053395,-0.124774
18.508,0.266913,-0.00306796,0.00480555,-0.112297
18.51,0.266913,-0.00306796,0.004325,-0.101067
18.512,0.266913,-0.00306796,0.0038925,-0.0909603
18.514,0.266913,-0.00306796,0.00350325,-0.0818642
18.516,0.266913,-0.00306796,0.00315292,-0.0736778
18.518,0.266913,-0.00306796,0.00283763,-0.06631
18.52,0.266913,-0.00306796,0.00255387,-0.059679
18.522,0.266913,-0.00306796,0.00229848,-0.0537111
18.524,0.266913,-0.00306796,0.00206863,-0.04834
18.526,0.266913,-0.00306796,0.00186177,-0.043506
18.528,0.266913,-0.00306796,0.00167559,-0.0391554
18.53,0.266913,0,0.00150803,0.118158
18.532,0.266913,0,0.00135723,0.106342
18.534,0.266913,0,0.00122151,0.0957081
18.536,0.266913,0,0.00109936,0.0861373
18.538,0.266913,0,0.000989421,0.0775236
18.54,0.266913,0,0.000890479,0.0697712
18.542,0.266913,0,0.000801431,0.0627941
18.544,0.266913,0,0.000721288,0.0565147
18.546,0.266913,0,0.000649159,0.0508632
18.548,0.266913,0,0.000584243,0.0457769
18.55,0.266913,0,0.000525819,0.0411992
18.552,0.266913,0,0.000473237,0.0370793
18.554,0.266913,0,0.000425913,0.0333714
18.556,0.266913,0,0.000383322,0.0300342
18.558,0.266913,0,0.00034499,0.0270308
18.56,0.266913,0,0.000310491,0.0243277
18.562,0.266913,0,0.000279442,0.021895
18.564,0.266913,0,0.000251498,0.0197055
18.566,0.266913,0,0.000226348,0.0177349
18.568,0.266913,0,0.000203713,0.0159614
18.57,0.266913,0,0.000183342,0.0143653
18.572,0.266913,0,0.000165008,0.0129288
18.574,0.266913,0,0.000148507,0.0116359
18.576,0.266913,0,0.000133656,0.0104723
18.578,0.266913,-0.00306796,0.00012029,-0.143973
18.58,0.266913,-0.00306796,0.000108261,-0.129576
18.582,0.266913,-0.00306796,9.74353e-05,-0.116618
18.584,0.266913,-0.00306796,8.76918e-05,-0.104956
18.586,0.266913,-0.00306796,7.89226e-05,-0.0944607
18.588,0.266913,-0.00306796,7.10303e-05,-0.0850146
18.59,0.266913,-0.00306796,6.39273e-05,-0.0765132
18.592,0.266913,-0.00306796,5.75346e-05,-0.0688618
18.594,0.266913,-0.00306796,5.17811e-05,-0.0619757
18.596,0.266913,-0.00306796,4.6603e-05,-0.0557781
18.598,0.266913,-0.00306796,4.19427e-05,-0.0502003
18.6,0.266913,-0.00306796,3.77484e-05,-0.0451803
18.602,0.266913,-0.00306796,3.39736e-05,-0.0406622
18.604,0.266913,0,3.05762e-05,0.116802
18.606,0.266913,0,2.75186e-05,0.105122
18.608,0.266913,0,2.47667e-05,0.0946097
18.61,0.269981,0,0.15342,0.0851487
18.612,0.269981,0,0.138078,0.0766338
18.614,0.269981,0,0.12427,0.0689705
18.616,0.269981,0,0.111843,0.0620734
18.618,0.269981,0,0.100659,0.0558661
18.62,0.269981,0,0.0905932,0.0502795
18.622,0.269981,0,0.0815339,0.0452515
18.624,0.269981,0,0.0733805,0.0407264
18.626,0.269981,0,0.0660424,0.0366537
18.628,0.269981,0,0.0594382,0.0329884
18.63,0.269981,0,0.0534944,0.0296895
18.632,0.269981,0,0.0481449,0.0267206
18.634,0.269981,0,0.0433304,0.0240485
18.636,0.269981,0,0.0389974,0.0216437
18.638,0.269981,0,0.0350977,0.0194793
18.64,0.269981,0,0.0315879,0.0175314
18.642,0.269981,0,0.0284291,0.0157782
18.644,0.269981,0,0.0255862,0.0142004
18.646,0.269981,0,0.0230276,0.0127804
18.648,0.269981,0,0.0207248,0.0115023
18.65,0.269981,0,0.0186523,0.0103521
18.652,0.269981,0,0.0167871,0.00931689
18.654,0.269981,0,0.0151084,0.0083852
18.656,0.269981,0,0.0135976,0.00754668
18.658,0.269981,0,0.0122378,0.00679201
18.66,0.269981,0,0.011014,0.00611281
18.662,0.269981,0,0.00991262,0.00550153
18.664,0.269981,0,0.00892135,0.00495137
18.666,0.269981,0,0.00802922,0.00445624
18.668,0.269981,0,0.0072263,0.00401061
18.67,0.269981,0,0.00650367,0.00360955
18.672,0.269981,0,0.0058533,0.0032486
18.674,0.269981,0,0.00526797,0.00292374
18.676,0.269981,0,0.00474117,0.00263136
18.678,0.269981,0,0.00426706,0.00236823
18.68,0.269981,0,0.00384035,0.0021314
18.682,0.269981,0,0.00345632,0.00191826
18.684,0.269981,0,0.00311068,0.00172644
18.686,0.269981,0,0.00279962,0.00155379
18.688,0.269981,0,0.00251965,0.00139841
18.69,0.269981,0,0.00226769,0.00125857
18.692,0.269981,0,0.00204092,0.00113272
18.694,0.269981,0,0.00183683,0.00101944
18.696,0.269981,0,0.00165314,0.0009175
18.698,0.269981,0,0.00148783,0.00082575
18.7,0.269981,0,0.00133905,0.000743175
18.702,0.269981,0,0.00120514,0.000668857
18.704,0.269981,0,0.00108463,0.000601972
18.706,0.269981,0,0.000976166,0.000541774
18.708,0.269981,0,0.000878549,0.000487597
18.71,0.269981,0,0.000790694,0.000438837
18.712,0.269981,0,0.000711625,0.000394954
18.714,0.269981,0,0.000640462,0.000355458
18.716,0.269981,0,0.000576416,0.000319912
18.718,0.269981,0,0.000518774,0.000287921
18.72,0.269981,0,0.000466897,0.000259129
18.722,0.269981,0,0.000420207,0.000233216
18.724,0.269981,0,0.000378187,0.000209895
18.726,0.269981,0,0.000340368,0.000188905
18.728,0.269981,0,0.000306331,0.000170015
18.73,0.269981,0,0.000275698,0.000153013
18.732,0.269981,0,0.000248128,0.000137712
18.734,0.269981,0,0.000223315,0.000123941
18.736,0.269981,0,0.000200984,0.000111547
18.738,0.269981,0,0.000180885,0.000100392
18.74,0.269981,0,0.000162797,9.03527e-05
18.742,0.269981,0,0.000146517,8.13174e-05
18.744,0.269981,0,0.000131865,7.31857e-05
18.746,0.269981,0,0.000118679,6.58671e-05
18.748,0.269981,0,0.000106811,5.92804e-05
18.75,0.269981,0,9.61299e-05,5.33524e-05
18.752,0.269981,0,8.65169e-05,4.80171e-05
18.754,0.269981,0,7.78653e-05,4.32154e-05
18.756,0.269981,0,7.00787e-05,3.88939e-05
18.758,0.269981,0,6.30709e-05,3.50045e-05
18.76,0.269981,0,5.67638e-05,3.1504e-05
18.762,0.269981,0,5.10874e-05,2.83536e-05
18.764,0.269981,0,4.59787e-05,2.55183e-05
18.766,0.269981,0,4.13808e-05,2.29664e-05
18.768,0.269981,0,3.72427e-05,2.06698e-05
18.77,0.269981,0,3.35184e-05,1.86028e-05
18.772,0.269981,0,3.01666e-05,1.67425e-05
18.774,0.269981,0.00306796,2.71499e-05,0.153413
18.776,0.269981,0.00306796,2.44349e-05,0.138072
18.778,0.269981,0.00306796,2.19914e-05,0.124265
18.78,0.269981,0.00306796,1.97923e-05,0.111838
18.782,0.269981,0.00306796,1.78131e-05,0.100654
18.784,0.269981,0.00306796,1.60318e-05,0.0905889
18.786,0.269981,0.00306796,1.44286e-05,0.08153
18.788,0.269981,0.00306796,1.29857e-05,0.073377
18.79,0.269981,0.00306796,1.16872e-05,0.0660393
18.792,0.269981,0.00306796,1.05184e-05,0.0594354
18.794,0.266913,0.00306796,-0.153389,0.0534919
18.796,0.266913,0.00306796,-0.13805,0.0481427
18.798,0.266913,0.00306796,-0.124245,0.0433284
18.8,0.266913,0,-0.11182,-0.114403
18.802,0.266913,0,-0.100638,-0.102962
18.804,0.266913,0,-0.0905744,-0.092666
18.806,0.266913,0,-0.081517,-0.0833994
18.808,0.266913,0,-0.0733653,-0.0750595
18.81,0.266913,0,-0.0660288,-0.0675535
18.812,0.266913,0,-0.0594259,-0.0607982
18.814,0.266913,0,-0.0534833,-0.0547184
18.816,0.263845,0,-0.201533,-0.0492465
18.818,0.263845,0,-0.18138,-0.0443219
18.82,0.263845,0,-0.163242,-0.0398897
18.822,0.263845,0,-0.146918,-0.0359007
18.824,0.263845,0,-0.132226,-0.0323106
18.826,0.263845,0,-0.119003,-0.0290796
18.828,0.263845,0,-0.107103,-0.0261716
18.83,0.263845,0,-0.0963926,-0.0235545
18.832,0.263845,0,-0.0867534,-0.021199
18.834,0.263845,0,-0.078078,-0.0190791
18.836,0.263845,0,-0.0702702,-0.0171712
18.838,0.263845,0,-0.0632432,-0.0154541
18.84,0.263845,0,-0.0569189,-0.0139087
18.842,0.263845,0,-0.051227,-0.0125178
18.844,0.263845,0,-0.0461043,-0.011266
18.846,0.263845,0,-0.0414939,-0.0101394
18.848,0.263845,0,-0.0373445,-0.00912548
18.85,0.263845,0,-0.03361,-0.00821293
18.852,0.260777,0,-0.183647,-0.00739164
18.854,0.260777,0,-0.165282,-0.00665248
18.856,0.260777,0,-0.148754,-0.00598723
18.858,0.260777,0,-0.133879,-0.00538851
18.86,0.260777,-0.00306796,-0.120491,-0.158248
18.862,0.260777,-0.00306796,-0.108442,-0.142423
18.864,0.260777,-0.00306796,-0.0975976,-0.128181
18.866,0.260777,-0.00306796,-0.0878378,-0.115363
18.868,0.260777,-0.00306796,-0.0790541,-0.103826
18.87,0.260777,-0.00306796,-0.0711487,-0.0934437
18.872,0.260777,-0.00306796,-0.0640338,-0.0840993
18.874,0.260777,-0.00306796,-0.0576304,-0.0756894
18.876,0.260777,-0.00306796,-0.0518674,-0.0681205
18.878,0.260777,-0.00306796,-0.0466806,-0.0613084
18.88,0.260777,-0.00306796,-0.0420126,-0.0551776
18.882,0.260777,-0.00306796,-0.0378113,-0.0496598
18.884,0.260777,0,-0.0340302,0.108704
18.886,0.260777,0,-0.0306272,0.0978338
18.888,0.260777,0,-0.0275644,0.0880504
18.89,0.260777,0,-0.024808,0.0792454
18.892,0.260777,0,-0.0223272,0.0713209
18.894,0.260777,0,-0.0200945,0.0641888
18.896,0.260777,0,-0.018085,0.0577699
18.898,0.260777,0,-0.0162765,0.0519929
18.9,0.260777,0,-0.0146489,0.0467936
18.902,0.260777,0,-0.013184,0.0421143
18.904,0.260777,0,-0.0118656,0.0379028
18.906,0.260777,0,-0.010679,0.0341125
18.908,0.260777,0,-0.00961113,0.0307013
18.91,0.260777,0,-0.00865002,0.0276312
18.912,0.260777,0,-0.00778501,0.024868
18.914,0.260777,0,-0.00700651,0.0223812
18.916,0.260777,0,-0.00630586,0.0201431
18.918,0.260777,0,-0.00567527,0.0181288
18.92,0.260777,0,-0.00510775,0.0163159
18.922,0.260777,0,-0.00459697,0.0146843
18.924,0.260777,0,-0.00413728,0.0132159
18.926,0.260777,0.00306796,-0.00372355,0.165292
18.928,0.260777,0.00306796,-0.00335119,0.148763
18.93,0.260777,0.00306796,-0.00301607,0.133887
18.932,0.260777,0.00306796,-0.00271447,0.120498
18.934,0.260777,0.00306796,-0.00244302,0.108448
18.936,0.260777,0.00306796,-0.00219872,0.0976035
18.938,0.260777,0.00306796,-0.00197885,0.0878432
18.94,0.260777,0.00306796,-0.00178096,0.0790588
18.942,0.257709,0.00306796,-0.155001,0.071153
18.944,0.257709,0.00306796,-0.139501,0.0640377
18.946,0.257709,0.00306796,-0.125551,0.0576339
18.948,0.257709,0.00306796,-0.112996,0.0518705
18.95,0.257709,0.00306796,-0.101696,0.0466835
18.952,0.257709,0.00306796,-0.0915265,0.0420151
18.954,0.257709,0.00306796,-0.0823739,0.0378136
18.956,0.257709,0.00306796,-0.0741365,0.0340322
18.958,0.257709,0.00306796,-0.0667228,0.030629
18.96,0.254641,0.00306796,-0.213449,0.0275661
18.962,0.254641,0,-0.192104,-0.128589
18.964,0.254641,0,-0.172893,-0.11573
18.966,0.254641,0,-0.155604,-0.104157
18.968,0.254641,0,-0.140044,-0.0937411
18.97,0.254641,0,-0.126039,-0.084367
18.972,0.251573,0,-0.266833,-0.0759303
18.974,0.251573,0,-0.24015,-0.0683372
18.976,0.251573,0,-0.216135,-0.0615035
18.978,0.251573,0,-0.194522,-0.0553532
18.98,0.251573,0,-0.175069,-0.0498178
18.982,0.251573,0,-0.157562,-0.0448361
18.984,0.251573,0,-0.141806,-0.0403525
18.986,0.251573,-0.00306796,-0.127626,-0.189715
18.988,0.251573,-0.00306796,-0.114863,-0.170744
18.99,0.248505,-0.00306796,-0.256775,-0.153669
18.992,0.248505,-0.00306796,-0.231097,-0.138302
18.994,0.248505,-0.00306796,-0.207988,-0.124472
18.996,0.248505,-0.00306796,-0.187189,-0.112025
18.998,0.248505,-0.00306796,-0.16847,-0.100822
19,0.248505,-0.00306796,-0.151623,-0.0907402
19.002,0.248505,-0.00306796,-0.136461,-0.0816662
19.004,0.248505,-0.00306796,-0.122815,-0.0734996
19.006,0.248505,-0.00306796,-0.110533,-0.0661496
19.008,0.245437,-0.00306796,-0.252878,-0.0595347
19.01,0.245437,-0.00306796,-0.22759,-0.0535812
19.012,0.245437,-0.00306796,-0.204831,-0.0482231
19.014,0.245437,-0.00306796,-0.184348,-0.0434008
19.016,0.245437,-0.00306796,-0.165913,-0.0390607
19.018,0.245437,-0.00306796,-0.149322,-0.0351546
19.02,0.245437,-0.00306796,-0.13439,-0.0316392
19.022,0.245437,-0.00306796,-0.120951,-0.0284752
19.024,0.242369,-0.00306796,-0.262254,-0.0256277
19.026,0.242369,-0.00306796,-0.236028,-0.023065
19.028,0.242369,-0.00306796,-0.212426,-0.0207585
19.03,0.242369,-0.00306796,-0.191183,-0.0186826
19.032,0.242369,-0.00306796,-0.172065,-0.0168143
19.034,0.242369,-0.00306796,-0.154858,-0.0151329
19.036,0.242369,-0.00306796,-0.139372,-0.0136196
19.038,0.242369,-0.00306796,-0.125435,-0.0122577
19.04,0.242369,-0.00306796,-0.112892,-0.0110319
19.042,0.242369,-0.00306796,-0.101602,-0.0099287
19.044,0.242369,-0.00306796,-0.0914422,-0.00893583
19.046,0.239301,-0.00306796,-0.235696,-0.00804225
19.048,0.239301,-0.00613592,-0.212126,-0.160636
19.05,0.239301,-0.00613592,-0.190914,-0.144572
19.052,0.239301,-0.00613592,-0.171822,-0.130115
19.054,0.239301,-0.00613592,-0.15464,-0.117104
19.056,0.239301,-0.00613592,-0.139176,-0.105393
19.058,0.239301,-0.00613592,-0.125259,-0.094854
19.06,0.239301,-0.00613592,-0.112733,-0.0853686
19.062,0.239301,-0.00613592,-0.101459,-0.0768318
19.064,0.239301,-0.00613592,-0.0913135,-0.0691486
19.066,0.239301,-0.00613592,-0.0821821,-0.0622337
19.068,0.239301,-0.00613592,-0.0739639,-0.0560103
19.07,0.239301,-0.00613592,-0.0665675,-0.0504093
19.072,0.239301,-0.00306796,-0.0599108,0.10803
19.074,0.239301,-0.00306796,-0.0539197,0.0972267
19.076,0.239301,-0.00306796,-0.0485277,0.0875041
19.078,0.239301,-0.00306796,-0.043675,0.0787536
19.08,0.239301,-0.00306796,-0.0393075,0.0708783
19.082,0.239301,-0.00306796,-0.0353767,0.0637905
19.084,0.239301,-0.00306796,-0.031839,0.0574114
19.086,0.239301,-0.00306796,-0.0286551,0.0516703
19.088,0.239301,-0.00306796,-0.0257896,0.0465032
19.09,0.239301,-0.00306796,-0.0232107,0.0418529
19.092,0.239301,-0.00306796,-0.0208896,0.0376676
19.094,0.239301,-0.00306796,-0.0188006,0.0339009
19.096,0.239301,-0.00306796,-0.0169206,0.0305108
19.098,0.239301,-0.00306796,-0.0152285,0.0274597
19.1,0.239301,-0.00306796,-0.0137057,0.0247137
19.102,0.239301,-0.00306796,-0.0123351,0.0222424
19.104,0.239301,0,-0.0111016,0.173416
19.106,0.239301,0,-0.00999143,0.156075
19.108,0.239301,0,-0.00899229,0.140467
19.11,0.239301,0,-0.00809306,0.12642
19.112,0.239301,0,-0.00728375,0.113778
19.114,0.239301,0,-0.00655538,0.102401
19.116,0.239301,0,-0.00589984,0.0921605
19.118,0.239301,0,-0.00530986,0.0829444
19.12,0.239301,0,-0.00477887,0.07465
19.122,0.236233,0,-0.157699,0.067185
19.124,0.236233,0,-0.141929,0.0604665
19.126,0.236233,0,-0.127736,0.0544198
19.128,0.236233,0,-0.114963,0.0489779
19.13,0.236233,0,-0.103466,0.0440801
19.132,0.236233,0,-0.0931197,0.0396721
19.134,0.236233,0,-0.0838077,0.0357049
19.136,0.236233,0,-0.075427,0.0321344
19.138,0.236233,0,-0.0678843,0.0289209
19.14,0.236233,0,-0.0610958,0.0260288
19.142,0.236233,0,-0.0549863,0.023426
19.144,0.236233,0,-0.0494876,0.0210834
19.146,0.236233,0,-0.0445389,0.018975
19.148,0.236233,0,-0.040085,0.0170775
19.15,0.236233,0,-0.0360765,0.0153698
19.152,0.233165,0,-0.185867,0.0138328
19.154,0.233165,0,-0.16728,0.0124495
19.156,0.233165,0,-0.150552,0.0112046
19.158,0.233165,0,-0.135497,0.0100841
19.16,0.233165,0,-0.121947,0.0090757
19.162,0.233165,0,-0.109753,0.00816813
19.164,0.233165,0,-0.0987773,0.00735131
19.166,0.233165,0,-0.0888996,0.00661618
19.168,0.233165,0,-0.0800096,0.00595456
19.17,0.230097,0,-0.225407,0.00535911
19.172,0.230097,0,-0.202866,0.0048232
19.174,0.230097,0,-0.182579,0.00434088
19.176,0.230097,0,-0.164322,0.00390679
19.178,0.230097,0,-0.147889,0.00351611
19.18,0.230097,0,-0.1331,0.0031645
19.182,0.230097,0,-0.11979,0.00284805
19.184,0.230097,0,-0.107811,0.00256324
19.186,0.227029,-0.00306796,-0.250428,-0.151091
19.188,0.227029,-0.00306796,-0.225385,-0.135982
19.19,0.227029,-0.00306796,-0.202847,-0.122384
19.192,0.227029,-0.00306796,-0.182562,-0.110145
19.194,0.227029,-0.00306796,-0.164306,-0.0991309
19.196,0.227029,-0.00306796,-0.147875,-0.0892178
19.198,0.227029,-0.00306796,-0.133088,-0.080296
19.2,0.227029,-0.00306796,-0.119779,-0.0722664
19.202,0.227029,-0.00306796,-0.107801,-0.0650398
19.204,0.223961,-0.00306796,-0.250419,-0.0585358
19.206,0.223961,-0.00306796,-0.225377,-0.0526822
19.208,0.223961,-0.00306796,-0.202839,-0.047414
19.21,0.223961,-0.00306796,-0.182556,-0.0426726
19.212,0.223961,-0.00306796,-0.1643,-0.0384053
19.214,0.223961,-0.00306796,-0.14787,-0.0345648
19.216,0.223961,-0.00306796,-0.133083,-0.0311083
19.218,0.223961,-0.00306796,-0.119775,-0.0279975
19.22,0.223961,-0.00306796,-0.107797,-0.0251977
19.222,0.223961,-0.00306796,-0.0970175,-0.022678
19.224,0.223961,-0.00306796,-0.0873158,-0.0204102
19.226,0.220893,-0.00306796,-0.231982,-0.0183692
19.228,0.220893,-0.00306796,-0.208784,-0.0165322
19.23,0.220893,-0.00306796,-0.187906,-0.014879
19.232,0.220893,-0.00306796,-0.169115,-0.0133911
19.234,0.220893,-0.00306796,-0.152204,-0.012052
19.236,0.220893,-0.00306796,-0.136983,-0.0108468
19.238,0.220893,-0.00306796,-0.123285,-0.00976212
19.24,0.220893,-0.00306796,-0.110956,-0.00878591
19.242,0.220893,-0.00306796,-0.0998608,-0.00790732
19.244,0.217825,-0.00306796,-0.243273,-0.00711659
19.246,0.217825,-0.00306796,-0.218945,-0.00640493
19.248,0.217825,-0.00306796,-0.197051,-0.00576444
19.25,0.217825,-0.00306796,-0.177346,-0.00518799
19.252,0.217825,-0.00306796,-0.159611,-0.00466919
19.254,0.217825,-0.00306796,-0.14365,-0.00420227
19.256,0.217825,-0.00306796,-0.129285,-0.00378205
19.258,0.217825,-0.00613592,-0.116357,-0.156802
19.26,0.217825,-0.00613592,-0.104721,-0.141122
19.262,0.217825,-0.00613592,-0.0942489,-0.12701
19.264,0.217825,-0.00613592,-0.084824,-0.114309
19.266,0.214757,-0.00613592,-0.22974,-0.102878
19.268,0.214757,-0.00613592,-0.206766,-0.09259
19.27,0.214757,-0.00613592,-0.186089,-0.083331
19.272,0.214757,-0.00613592,-0.16748,-0.0749979
19.274,0.214757,-0.00613592,-0.150732,-0.0674981
19.276,0.214757,-0.00306796,-0.135659,0.0926498
19.278,0.214757,-0.00306796,-0.122093,0.0833848
19.28,0.214757,-0.00306796,-0.109884,0.0750463
19.282,0.214757,-0.00306796,-0.0988954,0.0675417
19.284,0.214757,-0.00306796,-0.0890058,0.0607875
19.286,0.214757,-0.00306796,-0.0801053,0.0547088
19.288,0.214757,-0.00306796,-0.0720947,0.0492379
19.29,0.214757,-0.00306796,-0.0648853,0.0443141
19.292,0.214757,-0.00306796,-0.0583967,0.0398827
19.294,0.214757,-0.00306796,-0.0525571,0.0358944
19.296,0.214757,-0.00306796,-0.0473014,0.032305
19.298,0.214757,-0.00306796,-0.0425712,0.0290745
19.3,0.214757,-0.00306796,-0.0383141,0.026167
19.302,0.214757,-0.00306796,-0.0344827,0.0235503
19.304,0.214757,-0.00306796,-0.0310344,0.0211953
19.306,0.214757,-0.00306796,-0.027931,0.0190758
19.308,0.214757,-0.00306796,-0.0251379,0.0171682
19.31,0.214757,-0.00306796,-0.0226241,0.0154514
19.312,0.214757,-0.00306796,-0.0203617,0.0139062
19.314,0.214757,-0.00306796,-0.0183255,0.0125156
19.316,0.214757,-0.00306796,-0.016493,0.0112641
19.318,0.214757,-0.00306796,-0.0148437,0.0101376
19.32,0.214757,-0.00306796,-0.0133593,0.00912388
19.322,0.214757,-0.00306796,-0.0120234,0.00821149
19.324,0.214757,-0.00306796,-0.010821,0.00739035
19.326,0.214757,0,-0.00973893,0.160049
19.328,0.214757,0,-0.00876504,0.144044
19.33,0.214757,0,-0.00788853,0.12964
19.332,0.214757,0,-0.00709968,0.116676
19.334,0.214757,0,-0.00638971,0.105008
19.336,0.214757,0,-0.00575074,0.0945076
19.338,0.214757,0,-0.00517567,0.0850568
19.34,0.211689,0,-0.158056,0.0765511
19.342,0.211689,0,-0.142251,0.068896
19.344,0.211689,0,-0.128026,0.0620064
19.346,0.211689,0,-0.115223,0.0558058
19.348,0.211689,0,-0.103701,0.0502252
19.35,0.211689,0,-0.0933306,0.0452027
19.352,0.211689,0,-0.0839975,0.0406824
19.354,0.211689,0,-0.0755978,0.0366142
19.356,0.211689,0,-0.068038,0.0329527
19.358,0.211689,0,-0.0612342,0.0296575
19.36,0.211689,0,-0.0551108,0.0266917
19.362,0.211689,0,-0.0495997,0.0240226
19.364,0.211689,0,-0.0446397,0.0216203
19.366,0.211689,0,-0.0401758,0.0194583
19.368,0.211689,0,-0.0361582,0.0175124
19.37,0.208621,0,-0.18594,0.0157612
19.372,0.208621,0,-0.167346,0.0141851
19.374,0.208621,0,-0.150612,0.0127666
19.376,0.208621,0,-0.135551,0.0114899
19.378,0.208621,0,-0.121996,0.0103409
19.38,0.208621,0,-0.109796,0.00930683
19.382,0.208621,0,-0.0988164,0.00837615
19.384,0.208621,0,-0.0889347,0.00753853
19.386,0.208621,0,-0.0800413,0.00678468
19.388,0.205553,0,-0.225435,0.00610621
19.39,0.205553,0,-0.202892,0.00549559
19.392,0.205553,0,-0.182603,0.00494603
19.394,0.205553,0,-0.164342,0.00445143
19.396,0.205553,-0.00306796,-0.147908,-0.149392
19.398,0.205553,-0.00306796,-0.133117,-0.134453
19.4,0.205553,-0.00306796,-0.119806,-0.121007
19.402,0.202485,-0.00306796,-0.261223,-0.108907
19.404,0.202485,-0.00306796,-0.235101,-0.098016
19.406,0.202485,-0.00306796,-0.211591,-0.0882144
19.408,0.202485,-0.00306796,-0.190432,-0.0793929
19.41,0.202485,-0.00306796,-0.171388,-0.0714536
19.412,0.202485,-0.00306796,-0.15425,-0.0643083
19.414,0.202485,-0.00306796,-0.138825,-0.0578774
19.416,0.202485,-0.00306796,-0.124942,-0.0520897
19.418,0.202485,-0.00306796,-0.112448,-0.0468807
19.42,0.202485,-0.00306796,-0.101203,-0.0421927
19.422,0.199418,-0.00306796,-0.244481,-0.0379734
19.424,0.199418,-0.00306796,-0.220033,-0.0341761
19.426,0.199418,-0.00306796,-0.19803,-0.0307584
19.428,0.199418,-0.00306796,-0.178227,-0.0276826
19.43,0.199418,-0.00306796,-0.160404,-0.0249143
19.432,0.199418,-0.00306796,-0.144364,-0.0224229
19.434,0.199418,-0.00306796,-0.129927,-0.0201806
19.436,0.199418,-0.00306796,-0.116934,-0.0181626
19.438,0.199418,-0.00306796,-0.105241,-0.0163463
19.44,0.199418,-0.00306796,-0.0947169,-0.0147117
19.442,0.199418,-0.00306796,-0.0852452,-0.0132405
19.444,0.199418,-0.00306796,-0.0767207,-0.0119165
19.446,0.19635,-0.00306796,-0.222447,-0.0107248
19.448,0.19635,-0.00306796,-0.200202,-0.00965233
19.45,0.19635,-0.00306796,-0.180182,-0.00868709
19.452,0.19635,-0.00306796,-0.162164,-0.00781838
19.454,0.19635,-0.00306796,-0.145947,-0.00703655
19.456,0.19635,-0.00306796,-0.131353,-0.00633289
19.458,0.19635,-0.00306796,-0.118217,-0.0056996
19.46,0.19635,-0.00306796,-0.106396,-0.00512964
19.462,0.19635,-0.00306796,-0.095756,-0.00461668
19.464,0.19635,-0.00306796,-0.0861804,-0.00415501
19.466,0.19635,-0.00306796,-0.0775624,-0.00373951
19.468,0.19635,-0.00306796,-0.0698061,-0.00336556
19.47,0.193282,-0.00306796,-0.216224,-0.003029
19.472,0.193282,-0.00306796,-0.194601,-0.0027261
19.474,0.193282,-0.00306796,-0.175141,-0.00245349
19.476,0.193282,-0.00306796,-0.157627,-0.00220814
19.478,0.193282,-0.00306796,-0.141864,-0.00198733
19.48,0.193282,-0.00306796,-0.127678,-0.0017886
19.482,0.193282,-0.00306796,-0.11491,-0.00160974
19.484,0.193282,-0.00306796,-0.103419,-0.00144876
19.486,0.193282,-0.00306796,-0.0930772,-0.00130389
19.488,0.193282,-0.00306796,-0.0837695,-0.0011735
19.49,0.193282,-0.00306796,-0.0753925,-0.00105615
19.492,0.193282,-0.00306796,-0.0678533,-0.000950533
19.494,0.193282,-0.00306796,-0.0610679,-0.00085548
19.496,0.193282,-0.00306796,-0.0549611,-0.000769932
19.498,0.193282,-0.00306796,-0.049465,-0.000692939
19.5,0.193282,-0.00306796,-0.0445185,-0.000623645
19.502,0.190214,-0.00306796,-0.193465,-0.00056128
19.504,0.190214,-0.00306796,-0.174118,-0.000505152
19.506,0.190214,-0.00306796,-0.156706,-0.000454637
19.508,0.190214,-0.00306796,-0.141036,-0.000409173
19.51,0.190214,-0.00306796,-0.126932,-0.000368256
19.512,0.190214,-0.00306796,-0.114239,-0.00033143
19.514,0.190214,-0.00306796,-0.102815,-0.000298287
19.516,0.190214,-0.00306796,-0.0925336,-0.000268459
19.518,0.190214,-0.00306796,-0.0832802,-0.000241613
19.52,0.190214,-0.00306796,-0.0749522,-0.000217451
19.522,0.190214,-0.00306796,-0.067457,-0.000195706
19.524,0.190214,-0.00306796,-0.0607113,-0.000176136
19.526,0.190214,-0.00306796,-0.0546402,-0.000158522
19.528,0.190214,-0.00306796,-0.0491761,-0.00014267
19.53,0.190214,-0.00306796,-0.0442585,-0.000128403
19.532,0.190214,-0.00306796,-0.0398327,-0.000115563
19.534,0.190214,-0.00306796,-0.0358494,-0.000104006
19.536,0.190214,-0.00306796,-0.0322645,-9.36057e-05
19.538,0.190214,-0.00306796,-0.029038,-8.42452e-05
19.54,0.190214,-0.00306796,-0.0261342,-7.58206e-05
19.542,0.190214,-0.00306796,-0.0235208,-6.82386e-05
19.544,0.190214,0,-0.0211687,0.153337
19.546,0.190214,0,-0.0190518,0.138003
19.548,0.190214,0,-0.0171467,0.124203
19.55,0.190214,0,-0.015432,0.111782
19.552,0.190214,0,-0.0138888,0.100604
19.554,0.190214,0,-0.0124999,0.0905438
19.556,0.190214,0,-0.0112499,0.0814894
19.558,0.190214,0,-0.0101249,0.0733405
19.56,0.190214,0,-0.00911244,0.0660064
19.562,0.190214,0,-0.00820119,0.0594058
19.564,0.190214,0,-0.00738108,0.0534652
19.566,0.190214,0,-0.00664297,0.0481187
19.568,0.190214,0,-0.00597867,0.0433068
19.57,0.190214,0,-0.0053808,0.0389761
19.572,0.190214,0,-0.00484272,0.0350785
19.574,0.190214,0,-0.00435845,0.0315707
19.576,0.187146,0,-0.157321,0.0284136
19.578,0.187146,0,-0.141589,0.0255722
19.58,0.187146,0,-0.12743,0.023015
19.582,0.187146,0,-0.114687,0.0207135
19.584,0.187146,0,-0.103218,0.0186422
19.586,0.187146,0,-0.0928963,0.0167779
19.588,0.187146,0,-0.0836067,0.0151001
19.59,0.187146,0,-0.075246,0.0135901
19.592,0.187146,0,-0.0677214,0.0122311
19.594,0.187146,0,-0.0609493,0.011008
19.596,0.187146,0,-0.0548543,0.00990721
19.598,0.187146,0,-0.0493689,0.00891649
19.6,0.187146,0,-0.044432,0.00802484
19.602,0.187146,0,-0.0399888,0.00722235
19.604,0.187146,0,-0.0359899,0.00650012
19.606,0.184078,0,-0.185789,0.00585011
19.608,0.184078,0,-0.16721,0.0052651
19.61,0.184078,0,-0.150489,0.00473859
19.612,0.184078,0,-0.13544,0.00426473
19.614,0.184078,0,-0.121896,0.00383826
19.616,0.184078,0,-0.109707,0.00345443
19.618,0.184078,0,-0.0987359,0.00310899
19.62,0.184078,0,-0.0888623,0.00279809
19.622,0.18101,0,-0.233374,0.00251828
19.624,0.18101,0,-0.210037,0.00226645
19.626,0.18101,0,-0.189033,0.00203981
19.628,0.18101,0,-0.17013,0.00183583
19.63,0.18101,0,-0.153117,0.00165224
19.632,0.18101,0,-0.137805,0.00148702
19.634,0.18101,0,-0.124025,0.00133832
19.636,0.177942,-0.00306796,-0.26502,-0.152194
19.638,0.177942,-0.00306796,-0.238518,-0.136974
19.64,0.177942,-0.00306796,-0.214666,-0.123277
19.642,0.177942,-0.00306796,-0.1932,-0.110949
19.644,0.177942,-0.00306796,-0.17388,-0.0998542
19.646,0.177942,-0.00306796,-0.156492,-0.0898688
19.648,0.177942,-0.00306796,-0.140843,-0.0808819
19.65,0.177942,-0.00306796,-0.126758,-0.0727937
19.652,0.177942,-0.00306796,-0.114083,-0.0655144
19.654,0.174874,-0.00306796,-0.256072,-0.0589629
19.656,0.174874,-0.00306796,-0.230465,-0.0530666
19.658,0.174874,-0.00306796,-0.207419,-0.04776
19.66,0.174874,-0.00306796,-0.186677,-0.042984
19.662,0.174874,-0.00306796,-0.168009,-0.0386856
19.664,0.174874,-0.00306796,-0.151208,-0.034817
19.666,0.174874,-0.00306796,-0.136087,-0.0313353
19.668,0.174874,-0.00306796,-0.122479,-0.0282018
19.67,0.174874,-0.00306796,-0.110231,-0.0253816
19.672,0.174874,-0.00306796,-0.0992077,-0.0228434
19.674,0.171806,-0.00306796,-0.242685,-0.0205591
19.676,0.171806,-0.00613592,-0.218416,-0.171901
19.678,0.171806,-0.00613592,-0.196575,-0.154711
19.68,0.171806,-0.00613592,-0.176917,-0.13924
19.682,0.171806,-0.00613592,-0.159226,-0.125316
19.684,0.171806,-0.00613592,-0.143303,-0.112784
19.686,0.171806,-0.00613592,-0.128973,-0.101506
19.688,0.171806,-0.00613592,-0.116075,-0.0913554
19.69,0.171806,-0.00613592,-0.104468,-0.0822198
19.692,0.171806,-0.00613592,-0.0940211,-0.0739979
19.694,0.168738,-0.00613592,-0.238017,-0.0665981
19.696,0.168738,-0.00613592,-0.214215,-0.0599383
19.698,0.168738,-0.00613592,-0.192794,-0.0539444
19.7,0.168738,-0.00613592,-0.173514,-0.04855
19.702,0.168738,-0.00613592,-0.156163,-0.043695
19.704,0.168738,-0.00306796,-0.140547,0.114073
19.706,0.168738,-0.00306796,-0.126492,0.102665
19.708,0.168738,-0.00306796,-0.113843,0.0923988
19.71,0.168738,-0.00306796,-0.102459,0.0831589
19.712,0.168738,-0.00306796,-0.0922127,0.074843
19.714,0.168738,-0.00306796,-0.0829914,0.0673587
19.716,0.168738,-0.00306796,-0.0746923,0.0606228
19.718,0.168738,-0.00306796,-0.0672231,0.0545606
19.72,0.168738,-0.00306796,-0.0605008,0.0491045
19.722,0.168738,-0.00306796,-0.0544507,0.0441941
19.724,0.168738,-0.00306796,-0.0490056,0.0397747
19.726,0.168738,-0.00306796,-0.044105,0.0357972
19.728,0.168738,-0.00306796,-0.0396945,0.0322175
19.73,0.168738,-0.00306796,-0.0357251,0.0289957
19.732,0.168738,-0.00306796,-0.0321526,0.0260961
19.734,0.168738,-0.00306796,-0.0289373,0.0234865
19.736,0.168738,-0.00306796,-0.0260436,0.0211379
19.738,0.168738,-0.00306796,-0.0234392,0.0190241
19.74,0.168738,-0.00306796,-0.0210953,0.0171217
19.742,0.168738,-0.00306796,-0.0189858,0.0154095
19.744,0.168738,-0.00306796,-0.0170872,0.0138686
19.746,0.168738,-0.00306796,-0.0153785,0.0124817
19.748,0.168738,-0.00306796,-0.0138406,0.0112335
19.75,0.168738,-0.00306796,-0.0124566,0.0101102
19.752,0.16567,-0.00306796,-0.164609,0.00909916
19.754,0.16567,-0.00306796,-0.148148,0.00818925
19.756,0.16567,-0.00306796,-0.133333,0.00737032
19.758,0.16567,-0.00306796,-0.12,0.00663329
19.76,0.16567,-0.00306796,-0.108,0.00596996
19.762,0.16567,0,-0.0972,0.158771
19.764,0.16567,0,-0.08748,0.142894
19.766,0.16567,0,-0.078732,0.128605
19.768,0.16567,0,-0.0708588,0.115744
19.77,0.16567,0,-0.0637729,0.10417
19.772,0.16567,0,-0.0573956,0.0937527
19.774,0.16567,0,-0.051656,0.0843774
19.776,0.16567,0,-0.0464904,0.0759397
19.778,0.16567,0,-0.0418414,0.0683457
19.78,0.16567,0,-0.0376573,0.0615112
19.782,0.16567,0,-0.0338915,0.05536
19.784,0.16567,0,-0.0305024,0.049824
19.786,0.16567,0,-0.0274521,0.0448416
19.788,0.16567,0,-0.0247069,0.0403575
19.79,0.16567,0,-0.0222362,0.0363217
19.792,0.16567,0,-0.0200126,0.0326896
19.794,0.16567,0,-0.0180113,0.0294206
19.796,0.16567,0,-0.0162102,0.0264785
19.798,0.16567,0,-0.0145892,0.0238307
19.8,0.16567,0,-0.0131303,0.0214476
19.802,0.16567,0,-0.0118172,0.0193029
19.804,0.16567,0,-0.0106355,0.0173726
19.806,0.16567,0,-0.00957197,0.0156353
19.808,0.16567,0,-0.00861477,0.0140718
19.81,0.16567,0,-0.0077533,0.0126646
19.812,0.16567,0,-0.00697797,0.0113981
19.814,0.16567,0,-0.00628017,0.0102583
19.816,0.16567,0,-0.00565215,0.00923249
19.818,0.162602,0,-0.158485,0.00830925
19.82,0.162602,0,-0.142637,0.00747832
19.822,0.162602,0,-0.128373,0.00673049
19.824,0.162602,0,-0.115536,0.00605744
19.826,0.162602,0,-0.103982,0.0054517
19.828,0.162602,0,-0.0935838,0.00490653
19.83,0.162602,0,-0.0842254,0.00441587
19.832,0.162602,0,-0.0758029,0.00397429
19.834,0.162602,0,-0.0682226,0.00357686
19.836,0.162602,0,-0.0614003,0.00321917
19.838,0.162602,0,-0.0552603,0.00289725
19.84,0.162602,0,-0.0497343,0.00260753
19.842,0.162602,0,-0.0447608,0.00234678
19.844,0.159534,0,-0.193683,0.0021121
19.846,0.159534,0,-0.174315,0.00190089
19.848,0.159534,0,-0.156883,0.0017108
19.85,0.159534,0,-0.141195,0.00153972
19.852,0.159534,0,-0.127075,0.00138575
19.854,0.159534,0,-0.114368,0.00124717
19.856,0.159534,0,-0.102931,0.00112246
19.858,0.159534,0,-0.0926379,0.00101021
19.86,0.156466,0,-0.236772,0.000909189
19.862,0.156466,0,-0.213095,0.00081827
19.864,0.156466,0,-0.191785,0.000736443
19.866,0.156466,0,-0.172607,0.000662799
19.868,0.156466,-0.00306796,-0.155346,-0.152802
19.87,0.156466,-0.00306796,-0.139812,-0.137521
19.872,0.156466,-0.00306796,-0.12583,-0.123769
19.874,0.156466,-0.00306796,-0.113247,-0.111392
19.876,0.153398,-0.00306796,-0.255321,-0.100253
19.878,0.153398,-0.00306796,-0.229789,-0.0902278
19.88,0.153398,-0.00306796,-0.20681,-0.081205
19.882,0.153398,-0.00306796,-0.186129,-0.0730845
19.884,0.153398,-0.00306796,-0.167516,-0.0657761
19.886,0.153398,-0.00306796,-0.150764,-0.0591985
19.888,0.153398,-0.00306796,-0.135688,-0.0532786
19.89,0.153398,-0.00306796,-0.122119,-0.0479507
19.892,0.153398,-0.00306796,-0.109907,-0.0431557
19.894,0.153398,-0.00306796,-0.0989165,-0.0388401
19.896,0.153398,-0.00306796,-0.0890248,-0.0349561
19.898,0.153398,-0.00306796,-0.0801224,-0.0314605
19.9,0.153398,-0.00306796,-0.0721101,-0.0283144
19.902,0.153398,-0.00306796,-0.0648991,-0.025483
19.904,0.15033,-0.00306796,-0.211807,-0.0229347
19.906,0.15033,-0.00306796,-0.190627,-0.0206412
19.908,0.15033,-0.00306796,-0.171564,-0.0185771
19.91,0.15033,-0.00306796,-0.154408,-0.0167194
19.912,0.15033,-0.00306796,-0.138967,-0.0150475
19.914,0.15033,-0.00306796,-0.12507,-0.0135427
19.916,0.15033,-0.00306796,-0.112563,-0.0121884
19.918,0.15033,-0.00306796,-0.101307,-0.0109696
19.92,0.15033,-0.00306796,-0.0911761,-0.00987263
19.922,0.15033,-0.00306796,-0.0820585,-0.00888537
19.924,0.15033,-0.00306796,-0.0738526,-0.00799683
19.926,0.15033,-0.00306796,-0.0664674,-0.00719715
19.928,0.15033,-0.00306796,-0.0598206,-0.00647744
19.93,0.15033,-0.00306796,-0.0538386,-0.00582969
19.932,0.15033,-0.00306796,-0.0484547,-0.00524672
19.934,0.147262,-0.00306796,-0.197007,-0.00472205
19.936,0.147262,-0.00306796,-0.177307,-0.00424985
19.938,0.147262,-0.00306796,-0.159576,-0.00382486
19.94,0.147262,-0.00306796,-0.143618,-0.00344237
19.942,0.147262,-0.00306796,-0.129257,-0.00309814
19.944,0.147262,-0.00306796,-0.116331,-0.00278832
19.946,0.147262,-0.00306796,-0.104698,-0.00250949
19.948,0.147262,-0.00306796,-0.094228,-0.00225854
19.95,0.147262,-0.00306796,-0.0848052,-0.00203269
19.952,0.147262,-0.00306796,-0.0763247,-0.00182942
19.954,0.147262,-0.00306796,-0.0686922,-0.00164648
19.956,0.147262,-0.00306796,-0.061823,-0.00148183
19.958,0.144194,-0.00306796,-0.209039,-0.00133365
19.96,0.144194,-0.00306796,-0.188135,-0.00120028
19.962,0.144194,-0.00306796,-0.169321,-0.00108025
19.964,0.144194,-0.00306796,-0.152389,-0.000972228
19.966,0.144194,-0.00306796,-0.13715,-0.000875005
19.968,0.144194,-0.00306796,-0.123435,-0.000787505
19.97,0.144194,-0.00306796,-0.111092,-0.000708754
19.972,0.144194,-0.00306796,-0.0999826,-0.000637879
19.974,0.144194,-0.00306796,-0.0899843,-0.000574091
19.976,0.144194,-0.00306796,-0.0809859,-0.000516682
19.978,0.144194,-0.00306796,-0.0728873,-0.000465014
19.98,0.141126,-0.00306796,-0.218997,-0.000418512
19.982,0.141126,-0.00306796,-0.197097,-0.000376661
19.984,0.141126,-0.00306796,-0.177387,-0.000338995
19.986,0.141126,-0.00306796,-0.159649,-0.000305096
19.988,0.141126,-0.00306796,-0.143684,-0.000274586
19.99,0.141126,-0.00306796,-0.129315,-0.000247127
19.992,0.141126,-0.00306796,-0.116384,-0.000222415
19.994,0.141126,-0.00613592,-0.104745,-0.153598
19.996,0.141126,-0.00613592,-0.0942709,-0.138238
19.998,0.141126,-0.00613592,-0.0848438,-0.124415
20,0.141126,-0.00613592,-0.0763594,-0.111973
20.002,0.141126,-0.00613592,-0.0687235,-0.100776
20.004,0.141126,-0.00613592,-0.0618511,-0.0906982
20.006,0.141126,-0.00613592,-0.055666,-0.0816284
20.008,0.141126,-0.00613592,-0.0500994,-0.0734656
20.01,0.138058,-0.00613592,-0.198488,-0.066119
20.012,0.138058,-0.00613592,-0.178639,-0.0595071
20.014,0.138058,-0.00613592,-0.160775,-0.0535564
20.016,0.138058,-0.00613592,-0.144697,-0.0482008
20.018,0.138058,-0.00613592,-0.130228,-0.0433807
20.02,0.138058,-0.00613592,-0.117205,-0.0390426
20.022,0.138058,-0.00613592,-0.105484,-0.0351384
20.024,0.138058,-0.00613592,-0.094936,-0.0316245
20.026,0.138058,-0.00306796,-0.0854424,0.124936
20.028,0.138058,-0.00306796,-0.0768981,0.112442
20.03,0.138058,-0.00306796,-0.0692083,0.101198
20.032,0.138058,-0.00306796,-0.0622875,0.0910784
20.034,0.138058,-0.00306796,-0.0560587,0.0819705
20.036,0.138058,-0.00306796,-0.0504529,0.0737735
20.038,0.138058,-0.00306796,-0.0454076,0.0663961
20.04,0.138058,-0.00306796,-0.0408668,0.0597565
20.042,0.138058,-0.00306796,-0.0367801,0.0537809
20.044,0.138058,-0.00306796,-0.0331021,0.0484028
20.046,0.138058,-0.00306796,-0.0297919,0.0435625
20.048,0.138058,-0.00306796,-0.0268127,0.0392062
20.05,0.138058,-0.00306796,-0.0241315,0.0352856
20.052,0.138058,-0.00306796,-0.0217183,0.0317571
20.054,0.138058,-0.00306796,-0.0195465,0.0285814
20.056,0.138058,-0.00306796,-0.0175918,0.0257232
20.058,0.138058,-0.00306796,-0.0158326,0.0231509
20.06,0.138058,-0.00306796,-0.0142494,0.0208358
20.062,0.138058,-0.00306796,-0.0128244,0.0187522
20.064,0.138058,-0.00306796,-0.011542,0.016877
20.066,0.138058,-0.00306796,-0.0103878,0.0151893
20.068,0.138058,-0.00306796,-0.00934902,0.0136704
20.07,0.138058,-0.00306796,-0.00841412,0.0123033
20.072,0.138058,0,-0.00757271,0.164471
20.074,0.138058,0,-0.00681543,0.148024
20.076,0.138058,0,-0.00613389,0.133222
20.078,0.138058,0,-0.0055205,0.119899
20.08,0.138058,0,-0.00496845,0.107909
20.082,0.138058,0,-0.00447161,0.0971185
20.084,0.138058,0,-0.00402445,0.0874067
20.086,0.138058,0,-0.003622,0.078666
20.088,0.138058,0,-0.0032598,0.0707994
20.09,0.138058,0,-0.00293382,0.0637195
20.092,0.138058,0,-0.00264044,0.0573475
20.094,0.138058,0,-0.0023764,0.0516128
20.096,0.138058,0,-0.00213876,0.0464515
20.098,0.138058,0,-0.00192488,0.0418063
20.1,0.138058,0,-0.00173239,0.0376257
20.102,0.138058,0,-0.00155915,0.0338631
20.104,0.138058,0,-0.00140324,0.0304768
20.106,0.138058,0,-0.00126291,0.0274291
20.108,0.138058,0,-0.00113662,0.0246862
20.11,0.138058,0,-0.00102296,0.0222176
20.112,0.138058,0,-0.000920664,0.0199958
20.114,0.138058,0,-0.000828598,0.0179963
20.116,0.138058,0,-0.000745738,0.0161966
20.118,0.138058,0,-0.000671164,0.014577
20.12,0.138058,0,-0.000604048,0.0131193
20.122,0.138058,0,-0.000543643,0.0118073
20.124,0.138058,0,-0.000489279,0.0106266
20.126,0.138058,0,-0.000440351,0.00956395
20.128,0.138058,0,-0.000396316,0.00860756
20.13,0.138058,0,-0.000356684,0.0077468
20.132,0.138058,0,-0.000321016,0.00697212
20.134,0.138058,0,-0.000288914,0.00627491
20.136,0.138058,0,-0.000260023,0.00564742
20.138,0.13499,0,-0.153632,0.00508268
20.14,0.13499,0,-0.138269,0.00457441
20.142,0.13499,0,-0.124442,0.00411697
20.144,0.13499,0,-0.111998,0.00370527
20.146,0.13499,0,-0.100798,0.00333474
20.148,0.13499,0,-0.0907182,0.00300127
20.15,0.13499,0,-0.0816464,0.00270114
20.152,0.13499,0,-0.0734818,0.00243103
20.154,0.13499,0,-0.0661336,0.00218793
20.156,0.13499,0,-0.0595202,0.00196913
20.158,0.13499,0,-0.0535682,0.00177222
20.16,0.13499,0,-0.0482114,0.001595
20.162,0.13499,0,-0.0433902,0.0014355
20.164,0.13499,0,-0.0390512,0.00129195
20.166,0.13499,0,-0.0351461,0.00116275
20.168,0.13499,0,-0.0316315,0.00104648
20.17,0.13499,0,-0.0284683,0.00094183
20.172,0.131922,0,-0.17902,0.000847647
20.174,0.131922,0,-0.161118,0.000762882
20.176,0.131922,0,-0.145006,0.000686594
20.178,0.131922,0,-0.130505,0.000617935
20.18,0.131922,0,-0.117455,0.000556141
20.182,0.131922,0,-0.105709,0.000500527
20.184,0.131922,0,-0.0951383,0.000450474
20.186,0.131922,0,-0.0856245,0.000405427
20.188,0.131922,0,-0.0770621,0.000364884
20.19,0.131922,0,-0.0693559,0.000328396
20.192,0.131922,0,-0.0624203,0.000295556
20.194,0.131922,0,-0.0561782,0.000266001
20.196,0.131922,0,-0.0505604,0.000239401
20.198,0.131922,0,-0.0455044,0.00021546
20.2,0.131922,0,-0.0409539,0.000193914
20.202,0.128854,0,-0.190257,0.000174523
20.204,0.128854,0,-0.171231,0.000157071
20.206,0.128854,0,-0.154108,0.000141364
20.208,0.128854,0,-0.138697,0.000127227
20.21,0.128854,0,-0.124827,0.000114505
20.212,0.128854,0,-0.112345,0.000103054
20.214,0.128854,0,-0.10111,9.27487e-05
20.216,0.128854,0,-0.0909992,8.34738e-05
20.218,0.128854,0,-0.0818992,7.51264e-05
20.22,0.128854,0,-0.0737093,6.76138e-05
20.222,0.128854,0,-0.0663384,6.08524e-05
20.224,0.128854,0,-0.0597045,5.47672e-05
20.226,0.128854,0,-0.0537341,4.92904e-05
20.228,0.128854,0,-0.0483607,4.43614e-05
20.23,0.128854,0,-0.0435246,3.99253e-05
20.232,0.128854,0,-0.0391722,3.59327e-05
20.234,0.128854,0,-0.0352549,3.23395e-05
20.236,0.125786,0,-0.185128,2.91055e-05
20.238,0.125786,0,-0.166615,2.6195e-05
20.24,0.125786,0,-0.149953,2.35755e-05
20.242,0.125786,0,-0.134958,2.12179e-05
20.244,0.125786,0,-0.121462,1.90961e-05
20.246,0.125786,0,-0.109316,1.71865e-05
20.248,0.125786,0,-0.0983844,1.54679e-05
20.25,0.125786,0,-0.0885459,1.39211e-05
20.252,0.125786,0,-0.0796913,1.2529e-05
20.254,0.125786,0,-0.0717222,1.12761e-05
20.256,0.125786,0,-0.06455,1.01485e-05
20.258,0.125786,0,-0.058095,9.13362e-06
20.26,0.125786,0,-0.0522855,8.22026e-06
20.262,0.125786,0,-0.0470569,7.39823e-06
20.264,0.125786,0,-0.0423512,6.65841e-06
20.266,0.122718,0,-0.191514,5.99257e-06
20.268,0.122718,0,-0.172363,5.39331e-06
20.27,0.122718,0,-0.155126,4.85398e-06
20.272,0.122718,0,-0.139614,4.36858e-06
20.274,0.122718,0,-0.125652,3.93172e-06
20.276,0.122718,0,-0.113087,3.53855e-06
20.278,0.122718,0,-0.101778,3.1847e-06
20.28,0.122718,0,-0.0916006,2.86623e-06
20.282,0.122718,0,-0.0824406,2.5796e-06
20.284,0.122718,0,-0.0741965,2.32164e-06
20.286,0.122718,0,-0.0667769,2.08948e-06
20.288,0.119651,0,-0.213497,1.88053e-06
20.29,0.119651,0,-0.192148,1.69248e-06
20.292,0.119651,0,-0.172933,1.52323e-06
20.294,0.119651,0,-0.15564,1.37091e-06
20.296,0.119651,0,-0.140076,1.23382e-06
20.298,0.119651,0,-0.126068,1.11043e-06
20.3,0.119651,0,-0.113461,9.99391e-07
20.302,0.119651,0,-0.102115,8.99452e-07
20.304,0.119651,0,-0.0919036,8.09507e-07
20.306,0.119651,0,-0.0827132,7.28556e-07
20.308,0.119651,0,-0.0744419,6.55701e-07
20.31,0.119651,0,-0.0669977,5.90131e-07
20.312,0.116583,0,-0.213696,5.31118e-07
20.314,0.116583,0,-0.192326,4.78006e-07
20.316,0.116583,0,-0.173094,4.30205e-07
20.318,0.116583,0,-0.155784,3.87185e-07
20.32,0.116583,0,-0.140206,3.48466e-07
20.322,0.116583,0,-0.126185,3.1362e-07
20.324,0.116583,0,-0.113567,2.82258e-07
20.326,0.116583,0,-0.10221,2.54032e-07
20.328,0.116583,0,-0.0919891,2.28629e-07
20.33,0.116583,0,-0.0827902,2.05766e-07
20.332,0.116583,0,-0.0745112,1.85189e-07
20.334,0.116583,0,-0.0670601,1.6667e-07
20.336,0.116583,0,-0.0603541,1.50003e-07
20.338,0.116583,0,-0.0543187,1.35003e-07
20.34,0.116583,0,-0.0488868,1.21503e-07
20.342,0.116583,0,-0.0439981,1.09352e-07
20.344,0.116583,0,-0.0395983,9.84171e-08
20.346,0.113515,0,-0.189037,8.85754e-08
20.348,0.113515,0,-0.170133,7.97179e-08
20.35,0.113515,0.00306796,-0.15312,0.153398
20.352,0.113515,0.00306796,-0.137808,0.138058
20.354,0.113515,0.00306796,-0.124027,0.124253
20.356,0.113515,0.00306796,-0.111624,0.111827
20.358,0.113515,0.00306796,-0.100462,0.100645
20.36,0.113515,0.00306796,-0.0904156,0.0905801
20.362,0.113515,0.00306796,-0.081374,0.0815221
20.364,0.113515,0.00306796,-0.0732366,0.0733699
20.366,0.113515,0.00306796,-0.065913,0.0660329
20.368,0.113515,0.00306796,-0.0593217,0.0594296
20.37,0.113515,0.00306796,-0.0533895,0.0534866
20.372,0.113515,0.00306796,-0.0480506,0.048138
20.374,0.113515,0.00306796,-0.0432455,0.0433242
20.376,0.113515,0.00306796,-0.0389209,0.0389918
20.378,0.110447,0.00306796,-0.188427,0.0350926
20.38,0.110447,0.00306796,-0.169584,0.0315833
20.382,0.110447,0.00306796,-0.152626,0.028425
20.384,0.110447,0.00306796,-0.137363,0.0255825
20.386,0.110447,0.00306796,-0.123627,0.0230242
20.388,0.110447,0.00306796,-0.111264,0.0207218
20.39,0.110447,0.00306796,-0.100138,0.0186496
20.392,0.110447,0.00306796,-0.090124,0.0167847
20.394,0.110447,0.00306796,-0.0811116,0.0151062
20.396,0.110447,0.00306796,-0.0730005,0.0135956
20.398,0.110447,0.00306796,-0.0657004,0.012236
20.4,0.110447,0.00306796,-0.0591304,0.0110124
20.402,0.110447,0.00306796,-0.0532173,0.00991118
20.404,0.110447,0.00306796,-0.0478956,0.00892006
20.406,0.110447,0.00306796,-0.043106,0.00802806
20.408,0.107379,0.00306796,-0.192194,0.00722525
20.41,0.107379,0.00306796,-0.172974,0.00650273
20.412,0.107379,0.00306796,-0.155677,0.00585245
20.414,0.107379,0.00613592,-0.140109,0.158665
20.416,0.107379,0.00613592,-0.126098,0.142799
20.418,0.107379,0.00613592,-0.113488,0.128519
20.42,0.107379,0.00613592,-0.10214,0.115667
20.422,0.107379,0.00613592,-0.0919256,0.1041
20.424,0.107379,0.00613592,-0.082733,0.0936903
20.426,0.107379,0.00613592,-0.0744597,0.0843212
20.428,0.107379,0.00613592,-0.0670137,0.0758891
20.43,0.107379,0.00613592,-0.0603124,0.0683002
20.432,0.107379,0.00613592,-0.0542811,0.0614702
20.434,0.107379,0.00613592,-0.048853,0.0553232
20.436,0.107379,0.00613592,-0.0439677,0.0497908
20.438,0.107379,0.00613592,-0.0395709,0.0448118
20.44,0.107379,0.00613592,-0.0356138,0.0403306
20.442,0.107379,0.00613592,-0.0320525,0.0362975
20.444,0.107379,0.00613592,-0.0288472,0.0326678
20.446,0.107379,0.00920388,-0.0259625,0.182799
20.448,0.104311,0.00920388,-0.176764,0.164519
20.45,0.104311,0.00920388,-0.159088,0.148067
20.452,0.104311,0.00920388,-0.143179,0.133261
20.454,0.104311,0.00920388,-0.128861,0.119934
20.456,0.104311,0.00920388,-0.115975,0.107941
20.458,0.104311,0.00920388,-0.104378,0.0971469
20.46,0.104311,0.00920388,-0.0939398,0.0874322
20.462,0.104311,0.00920388,-0.0845458,0.078689
20.464,0.104311,0.00920388,-0.0760912,0.0708201
20.466,0.104311,0.00920388,-0.0684821,0.0637381
20.468,0.104311,0.00920388,-0.0616339,0.0573643
20.47,0.104311,0.00920388,-0.0554705,0.0516279
20.472,0.104311,0.00920388,-0.0499235,0.0464651
20.474,0.104311,0.00920388,-0.0449311,0.0418186
20.476,0.104311,0.00920388,-0.040438,0.0376367
20.478,0.104311,0.00920388,-0.0363942,0.033873
20.48,0.101243,0.0122718,-0.186153,0.183884
20.482,0.101243,0.0122718,-0.167538,0.165495
20.484,0.101243,0.0122718,-0.150784,0.148946
20.486,0.101243,0.0122718,-0.135705,0.134051
20.488,0.101243,0.0122718,-0.122135,0.120646
20.49,0.101243,0.0122718,-0.109921,0.108582
20.492,0.101243,0.0122718,-0.0989293,0.0977234
20.494,0.101243,0.0122718,-0.0890363,0.0879511
20.496,0.0981748,0.0122718,-0.233531,0.079156
20.498,0.0981748,0.0122718,-0.210178,0.0712404
20.5,0.0981748,0.0122718,-0.18916,0.0641163
20.502,0.0981748,0.0122718,-0.170244,0.0577047
20.504,0.0981748,0.0122718,-0.15322,0.0519342
20.506,0.0951068,0.0122718,-0.291296,0.0467408
20.508,0.0951068,0.0122718,-0.262166,0.0420667
20.51,0.0951068,0.0122718,-0.235949,0.03786
20.512,0.0951068,0.0122718,-0.212355,0.034074
20.514,0.0951068,0.0122718,-0.191119,0.0306666
20.516,0.0920388,0.0122718,-0.325405,0.0276
20.518,0.0920388,0.0122718,-0.292865,0.02484
20.52,0.0920388,0.00920388,-0.263578,-0.131042
20.522,0.0920388,0.00920388,-0.23722,-0.117938
20.524,0.0920388,0.00920388,-0.213498,-0.106144
20.526,0.0889709,0.00920388,-0.345547,-0.0955297
20.528,0.0889709,0.00920388,-0.310992,-0.0859767
20.53,0.0889709,0.00920388,-0.279893,-0.077379
20.532,0.0889709,0.00920388,-0.251903,-0.0696411
20.534,0.0859029,0.00920388,-0.380111,-0.062677
20.536,0.0859029,0.00920388,-0.3421,-0.0564093
20.538,0.0859029,0.00920388,-0.30789,-0.0507684
20.54,0.082835,0.00920388,-0.430499,-0.0456916
20.542,0.082835,0.00920388,-0.387449,-0.0411224
20.544,0.082835,0.00920388,-0.348704,-0.0370102
20.546,0.082835,0.00920388,-0.313834,-0.0333091
20.548,0.079767,0.00613592,-0.435849,-0.183376
20.55,0.079767,0.00613592,-0.392264,-0.165039
20.552,0.079767,0.00613592,-0.353037,-0.148535
20.554,0.079767,0.00613592,-0.317734,-0.133681
20.556,0.076699,0.00613592,-0.439358,-0.120313
20.558,0.076699,0.00613592,-0.395422,-0.108282
20.56,0.076699,0.00613592,-0.35588,-0.0974537
20.562,0.076699,0.00613592,-0.320292,-0.0877083
20.564,0.0736311,0.00613592,-0.441661,-0.0789375
20.566,0.0736311,0.00613592,-0.397495,-0.0710437
20.568,0.0736311,0.00613592,-0.357745,-0.0639394
20.57,0.0705631,0.00613592,-0.475369,-0.0575454
20.572,0.0705631,0.00613592,-0.427832,-0.0517909
20.574,0.0705631,0.00306796,-0.385049,-0.20001
20.576,0.0674952,0.00306796,-0.499942,-0.180009
20.578,0.0674952,0.00306796,-0.449948,-0.162008
20.58,0.0674952,0.00306796,-0.404953,-0.145807
20.582,0.0674952,0.00306796,-0.364458,-0.131226
20.584,0.0644272,0.00306796,-0.48141,-0.118104
20.586,0.0644272,0.00306796,-0.433269,-0.106293
20.588,0.0644272,0.00306796,-0.389942,-0.0956641
20.59,0.0644272,0.00306796,-0.350948,-0.0860977
20.592,0.0613592,0.00306796,-0.469251,-0.0774879
20.594,0.0613592,0.00306796,-0.422326,-0.0697391
20.596,0.0613592,0.00306796,-0.380093,-0.0627652
20.598,0.0582913,0.00306796,-0.495482,-0.0564887
20.6,0.0582913,0.00306796,-0.445934,-0.0508398
20.602,0.0582913,0.00306796,-0.401341,-0.0457558
20.604,0.0552233,0,-0.514605,-0.194578
20.606,0.0552233,0,-0.463144,-0.175121
20.608,0.0552233,0,-0.41683,-0.157608
20.61,0.0552233,0,-0.375147,-0.141848
20.612,0.0521553,0,-0.49103,-0.127663
20.614,0.0521553,0,-0.441927,-0.114897
20.616,0.0521553,0,-0.397734,-0.103407
20.618,0.0521553,0,-0.357961,-0.0930662
20.62,0.0490874,0,-0.475563,-0.0837596
20.622,0.0490874,0,-0.428007,-0.0753836
20.624,0.0490874,0,-0.385206,-0.0678453
20.626,0.0460194,0,-0.500083,-0.0610607
20.628,0.0460194,0,-0.450075,-0.0549547
20.63,0.0460194,0,-0.405068,-0.0494592
20.632,0.0460194,0,-0.364561,-0.0445133
20.634,0.0429515,0,-0.481503,-0.040062
20.636,0.0429515,0,-0.433353,-0.0360558
20.638,0.0429515,0,-0.390017,-0.0324502
20.64,0.0429515,0,-0.351016,-0.0292052
20.642,0.0398835,0,-0.469312,-0.0262846
20.644,0.0398835,-0.00306796,-0.422381,-0.177054
20.646,0.0398835,-0.00306796,-0.380143,-0.159349
20.648,0.0398835,-0.00306796,-0.342129,-0.143414
20.65,0.0368155,-0.00306796,-0.461314,-0.129073
20.652,0.0368155,-0.00306796,-0.415182,-0.116165
20.654,0.0368155,-0.00306796,-0.373664,-0.104549
20.656,0.0368155,-0.00306796,-0.336298,-0.0940939
20.658,0.0337476,-0.00306796,-0.456066,-0.0846845
20.66,0.0337476,-0.00306796,-0.410459,-0.0762161
20.662,0.0337476,-0.00306796,-0.369413,-0.0685944
20.664,0.0306796,-0.00306796,-0.48587,-0.061735
20.666,0.0306796,-0.00306796,-0.437283,-0.0555615
20.668,0.0306796,-0.00306796,-0.393555,-0.0500054
20.67,0.0306796,-0.00306796,-0.354199,-0.0450048
20.672,0.0306796,-0.00306796,-0.318779,-0.0405043
20.674,0.0306796,-0.00306796,-0.286902,-0.0364539
20.676,0.0276117,-0.00306796,-0.411609,-0.0328085
20.678,0.0276117,-0.00306796,-0.370448,-0.0295277
20.68,0.0276117,-0.00306796,-0.333404,-0.0265749
20.682,0.0276117,-0.00306796,-0.300063,-0.0239174
20.684,0.0276117,-0.00306796,-0.270057,-0.0215257
20.686,0.0245437,-0.00306796,-0.396449,-0.0193731
20.688,0.0245437,-0.00306796,-0.356804,-0.0174358
20.69,0.0245437,-0.00306796,-0.321124,-0.0156922
20.692,0.0245437,-0.00306796,-0.289012,-0.014123
20.694,0.0214757,-0.00306796,-0.413508,-0.0127107
20.696,0.0214757,-0.00306796,-0.372158,-0.0114396
20.698,0.0214757,-0.00306796,-0.334942,-0.0102957
20.7,0.0214757,-0.00306796,-0.301448,-0.00926609
20.702,0.0214757,0,-0.271303,0.145059
20.704,0.0214757,0,-0.244173,0.130553
20.706,0.0184078,0,-0.373153,0.117497
20.708,0.0184078,0,-0.335838,0.105748
20.71,0.0184078,0,-0.302254,0.0951729
20.712,0.0184078,0,-0.272029,0.0856556
20.714,0.0184078,0,-0.244826,0.0770901
20.716,0.0184078,0,-0.220343,0.0693811
20.718,0.0153398,0,-0.351707,0.062443
20.72,0.0153398,0,-0.316536,0.0561987
20.722,0.0153398,0,-0.284883,0.0505788
20.724,0.0153398,0,-0.256394,0.0455209
20.726,0.0153398,0,-0.230755,0.0409688
20.728,0.0122718,0,-0.361078,0.0368719
20.73,0.0122718,0,-0.32497,0.0331848
20.732,0.0122718,0,-0.292473,0.0298663
20.734,0.0122718,0,-0.263226,0.0268797
20.736,0.00920388,0,-0.390301,0.0241917
20.738,0.00920388,0,-0.351271,0.0217725
20.74,0.00920388,0,-0.316144,0.0195953
20.742,0.00920388,0,-0.28453,0.0176357
20.744,0.00613592,0,-0.409475,0.0158722
20.746,0.00613592,0,-0.368527,0.0142849
20.748,0.00613592,0,-0.331674,0.0128565
20.75,0.00613592,0,-0.298507,0.0115708
20.752,0.00613592,0,-0.268656,0.0104137
20.754,0.00306796,0,-0.395189,0.00937235
20.756,0.00306796,0,-0.35567,0.00843512
20.758,0.00306796,0,-0.320103,0.00759161
20.76,0.00306796,0,-0.288093,0.00683245
20.762,-0,0,-0.412681,0.0061492
20.764,-0,0,-0.371413,0.00553428
20.766,-0,0,-0.334272,0.00498085
20.768,-0.00306796,-0.00306796,-0.454243,-0.148915
20.77,-0.00306796,-0.00306796,-0.408819,-0.134024
20.772,-0.00306796,-0.00306796,-0.367937,-0.120621
20.774,-0.00306796,-0.00306796,-0.331143,-0.108559
20.776,-0.00613592,-0.00306796,-0.451427,-0.0977033
20.778,-0.00613592,-0.00306796,-0.406284,-0.087933
20.78,-0.00613592,-0.00306796,-0.365656,-0.0791397
20.782,-0.00613592,-0.00306796,-0.32909,-0.0712257
20.784,-0.00613592,-0.00306796,-0.296181,-0.0641032
20.786,-0.00920388,-0.00306796,-0.419961,-0.0576928
20.788,-0.00920388,-0.00306796,-0.377965,-0.0519236
20.79,-0.00920388,-0.00306796,-0.340168,-0.0467312
20.792,-0.00920388,-0.00306796,-0.306152,-0.0420581
20.794,-0.0122718,-0.00306796,-0.428935,-0.0378523
20.796,-0.0122718,-0.00306796,-0.386041,-0.034067
20.798,-0.0122718,-0.00306796,-0.347437,-0.0306603
20.8,-0.0122718,-0.00306796,-0.312693,-0.0275943
20.802,-0.0153398,-0.00306796,-0.434822,-0.0248349
20.804,-0.0153398,-0.00306796,-0.39134,-0.0223514
20.806,-0.0153398,-0.00306796,-0.352206,-0.0201163
20.808,-0.0153398,-0.00306796,-0.316985,-0.0181046
20.81,-0.0153398,-0.00306796,-0.285287,-0.0162942
20.812,-0.0184078,-0.00306796,-0.410156,-0.0146647
20.814,-0.0184078,-0.00306796,-0.369141,-0.0131983
20.816,-0.0184078,-0.00306796,-0.332226,-0.0118784
20.818,-0.0184078,-0.00306796,-0.299004,-0.0106906
20.82,-0.0184078,-0.00306796,-0.269103,-0.00962154
20.822,-0.0214757,-0.00306796,-0.395591,-0.00865939
20.824,-0.0214757,-0.00306796,-0.356032,-0.00779345
20.826,-0.0214757,-0.00306796,-0.320429,-0.0070141
20.828,-0.0214757,-0.00306796,-0.288386,-0.00631269
20.83,-0.0214757,-0.00306796,-0.259547,-0.00568142
20.832,-0.0245437,-0.00306796,-0.386991,-0.00511328
20.834,-0.0245437,-0.00306796,-0.348292,-0.00460195
20.836,-0.0245437,-0.00306796,-0.313462,-0.00414176
20.838,-0.0245437,-0.00306796,-0.282116,-0.00372758
20.84,-0.0276117,-0.00306796,-0.407303,-0.00335482
20.842,-0.0276117,-0.00306796,-0.366572,-0.00301934
20.844,-0.0276117,-0.00306796,-0.329915,-0.00271741
20.846,-0.0276117,-0.00306796,-0.296924,-0.00244567
20.848,-0.0306796,-0.00306796,-0.420629,-0.0022011
20.85,-0.0306796,-0.00306796,-0.378566,-0.00198099
20.852,-0.0306796,-0.00306796,-0.34071,-0.00178289
20.854,-0.0306796,-0.00306796,-0.306639,-0.0016046
20.856,-0.0306796,-0.00306796,-0.275975,-0.00144414
20.858,-0.0306796,-0.00306796,-0.248377,-0.00129973
20.86,-0.0337476,-0.00306796,-0.376938,-0.00116975
20.862,-0.0337476,-0.00306796,-0.339244,-0.00105278
20.864,-0.0337476,-0.00306796,-0.30532,-0.000947501
20.866,-0.0337476,-0.00306796,-0.274788,-0.000852751
20.868,-0.0368155,-0.00306796,-0.400707,-0.000767476
20.87,-0.0368155,-0.00306796,-0.360636,-0.000690728
20.872,-0.0368155,-0.00306796,-0.324573,-0.000621656
20.874,-0.0368155,-0.00613592,-0.292115,-0.153958
20.876,-0.0398835,-0.00613592,-0.416302,-0.138562
20.878,-0.0398835,-0.00613592,-0.374672,-0.124706
20.88,-0.0398835,-0.00613592,-0.337205,-0.112235
20.882,-0.0398835,-0.00613592,-0.303484,-0.101012
20.884,-0.0429515,-0.00613592,-0.426534,-0.0909104
20.886,-0.0429515,-0.00613592,-0.38388,-0.0818194
20.888,-0.0429515,-0.00613592,-0.345492,-0.0736374
20.89,-0.0429515,-0.00613592,-0.310943,-0.0662737
20.892,-0.0429515,-0.00613592,-0.279849,-0.0596463
20.894,-0.0429515,-0.00613592,-0.251864,-0.0536817
20.896,-0.0460194,-0.00613592,-0.380076,-0.0483135
20.898,-0.0460194,-0.00613592,-0.342068,-0.0434822
20.9,-0.0460194,-0.00613592,-0.307861,-0.0391339
20.902,-0.0460194,-0.00613592,-0.277075,-0.0352206
20.904,-0.0460194,-0.00613592,-0.249368,-0.0316985
20.906,-0.0460194,-0.00613592,-0.224431,-0.0285286
20.908,-0.0460194,-0.00613592,-0.201988,-0.0256758
20.91,-0.0460194,-0.00306796,-0.181789,0.13029
20.912,-0.0490874,-0.00306796,-0.317008,0.117261
20.914,-0.0490874,-0.00306796,-0.285307,0.105535
20.916,-0.0490874,-0.00306796,-0.256777,0.0949813
20.918,-0.0490874,-0.00306796,-0.231099,0.0854832
20.92,-0.0490874,-0.00306796,-0.207989,0.0769349
20.922,-0.0490874,-0.00306796,-0.18719,0.0692414
20.924,-0.0490874,-0.00306796,-0.168471,0.0623172
20.926,-0.0521553,-0.00306796,-0.305022,0.0560855
20.928,-0.0521553,-0.00306796,-0.27452,0.050477
20.93,-0.0521553,-0.00306796,-0.247068,0.0454293
20.932,-0.0521553,-0.00306796,-0.222361,0.0408863
20.934,-0.0521553,-0.00306796,-0.200125,0.0367977
20.936,-0.0521553,-0.00306796,-0.180113,0.0331179
20.938,-0.0521553,-0.00306796,-0.162101,0.0298061
20.94,-0.0552233,-0.00306796,-0.299289,0.0268255
20.942,-0.0552233,-0.00306796,-0.26936,0.024143
20.944,-0.0552233,-0.00306796,-0.242424,0.0217287
20.946,-0.0552233,0,-0.218182,0.172954
20.948,-0.0552233,0,-0.196364,0.155659
20.95,-0.0552233,0,-0.176727,0.140093
20.952,-0.0552233,0,-0.159055,0.126083
20.954,-0.0552233,0,-0.143149,0.113475
20.956,-0.0582913,0,-0.282232,0.102128
20.958,-0.0582913,0,-0.254009,0.0919148
20.96,-0.0582913,0,-0.228608,0.0827233
20.962,-0.0582913,0,-0.205747,0.074451
20.964,-0.0582913,0,-0.185173,0.0670059
20.966,-0.0582913,0,-0.166655,0.0603053
20.968,-0.0613592,0,-0.303388,0.0542748
20.97,-0.0613592,0,-0.273049,0.0488473
20.972,-0.0613592,0,-0.245744,0.0439626
20.974,-0.0613592,0,-0.22117,0.0395663
20.976,-0.0613592,0,-0.199053,0.0356097
20.978,-0.0644272,0,-0.332546,0.0320487
20.98,-0.0644272,0,-0.299291,0.0288438
20.982,-0.0644272,0,-0.269362,0.0259595
20.984,-0.0644272,-0.00306796,-0.242426,-0.130035
20.986,-0.0674952,-0.00306796,-0.371581,-0.117031
20.988,-0.0674952,-0.00306796,-0.334423,-0.105328
20.99,-0.0674952,-0.00306796,-0.300981,-0.0947952
20.992,-0.0674952,-0.00306796,-0.270883,-0.0853157
20.994,-0.0674952,-0.00306796,-0.243794,-0.0767841
20.996,-0.0674952,-0.00306796,-0.219415,-0.0691057
20.998,-0.0705631,-0.00306796,-0.350872,-0.0621951
21,-0.0705631,-0.00306796,-0.315784,-0.0559756
21.002,-0.0705631,-0.00306796,-0.284206,-0.0503781
21.004,-0.0705631,-0.00306796,-0.255785,-0.0453403
21.006,-0.0705631,-0.00306796,-0.230207,-0.0408062
21.008,-0.0705631,-0.00306796,-0.207186,-0.0367256
21.01,-0.0736311,-0.00306796,-0.339866,-0.033053
21.012,-0.0736311,-0.00306796,-0.305879,-0.0297477
21.014,-0.0736311,-0.00306796,-0.275291,-0.026773
21.016,-0.0736311,-0.00306796,-0.247762,-0.0240957
21.018,-0.0736311,-0.00306796,-0.222986,-0.0216861
21.02,-0.0736311,-0.00306796,-0.200687,-0.0195175
21.022,-0.076699,-0.00306796,-0.334017,-0.0175657
21.024,-0.076699,-0.00306796,-0.300615,-0.0158092
21.026,-0.076699,-0.00306796,-0.270553,-0.0142283
21.028,-0.076699,-0.00306796,-0.243498,-0.0128054
21.03,-0.076699,-0.00306796,-0.219148,-0.0115249
21.032,-0.076699,-0.00306796,-0.197233,-0.0103724
21.034,-0.079767,-0.00306796,-0.330908,-0.00933516
21.036,-0.079767,-0.00306796,-0.297817,-0.00840164
21.038,-0.079767,-0.00306796,-0.268036,-0.00756148
21.04,-0.079767,-0.00306796,-0.241232,-0.00680533
21.042,-0.079767,-0.00306796,-0.217109,-0.0061248
21.044,-0.079767,-0.00306796,-0.195398,-0.00551232
21.046,-0.079767,-0.00306796,-0.175858,-0.00496108
21.048,-0.082835,-0.00306796,-0.31167,-0.00446498
21.05,-0.082835,-0.00306796,-0.280503,-0.00401848
21.052,-0.082835,-0.00306796,-0.252453,-0.00361663
21.054,-0.082835,-0.00306796,-0.227208,-0.00325497
21.056,-0.082835,-0.00306796,-0.204487,-0.00292947
21.058,-0.082835,-0.00306796,-0.184038,-0.00263652
21.06,-0.082835,-0.00306796,-0.165634,-0.00237287
21.062,-0.082835,-0.00306796,-0.149071,-0.00213558
21.064,-0.0859029,-0.00306796,-0.287562,-0.00192203
21.066,-0.0859029,-0.00306796,-0.258806,-0.00172982
21.068,-0.0859029,-0.00306796,-0.232925,-0.00155684
21.07,-0.0859029,-0.00306796,-0.209633,-0.00140116
21.072,-0.0859029,-0.00306796,-0.188669,-0.00126104
21.074,-0.0889709,-0.00306796,-0.323201,-0.00113494
21.076,-0.0889709,-0.00306796,-0.29088,-0.00102144
21.078,-0.0889709,-0.00306796,-0.261792,-0.000919299
21.08,-0.0889709,-0.00306796,-0.235613,-0.000827369
21.082,-0.0889709,-0.00306796,-0.212052,-0.000744632
21.084,-0.0889709,-0.00306796,-0.190847,-0.000670169
21.086,-0.0889709,-0.00306796,-0.171762,-0.000603152
21.088,-0.0920388,-0.00306796,-0.307984,-0.000542837
21.09,-0.0920388,-0.00306796,-0.277186,-0.000488553
21.092,-0.0920388,-0.00306796,-0.249467,-0.000439698
21.094,-0.0920388,-0.00306796,-0.22452,-0.000395728
21.096,-0.0920388,-0.00306796,-0.202068,-0.000356155
21.098,-0.0920388,-0.00306796,-0.181861,-0.00032054
21.1,-0.0920388,-0.00306796,-0.163675,-0.000288486
21.102,-0.0920388,-0.00306796,-0.147308,-0.000259637
21.104,-0.0951068,-0.00306796,-0.285975,-0.000233673
21.106,-0.0951068,-0.00306796,-0.257378,-0.000210306
21.108,-0.0951068,-0.00306796,-0.23164,-0.000189276
21.11,-0.0951068,-0.00306796,-0.208476,-0.000170348
21.112,-0.0951068,-0.00306796,-0.187628,-0.000153313
21.114,-0.0951068,-0.00306796,-0.168865,-0.000137982
21.116,-0.0951068,-0.00306796,-0.151979,-0.000124184
21.118,-0.0951068,-0.00306796,-0.136781,-0.000111765
21.12,-0.0981748,-0.00306796,-0.276501,-0.000100589
21.122,-0.0981748,-0.00306796,-0.248851,-9.05299e-05
21.124,-0.0981748,-0.00306796,-0.223966,-8.14769e-05
21.126,-0.0981748,-0.00306796,-0.201569,-7.33292e-05
21.128,-0.0981748,-0.00306796,-0.181412,-6.59963e-05
21.13,-0.0981748,-0.00306796,-0.163271,-5.93967e-05
21.132,-0.0981748,-0.00306796,-0.146944,-5.3457e-05
21.134,-0.101243,-0.00306796,-0.285648,-4.81113e-05
21.136,-0.101243,-0.00306796,-0.257083,-4.33002e-05
21.138,-0.101243,-0.00306796,-0.231375,-3.89701e-05
21.14,-0.101243,-0.00306796,-0.208237,-3.50731e-05
21.142,-0.101243,0,-0.187413,0.153367
21.144,-0.101243,0,-0.168672,0.13803
21.146,-0.101243,0,-0.151805,0.124227
21.148,-0.101243,0,-0.136624,0.111804
21.15,-0.101243,0,-0.122962,0.100624
21.152,-0.104311,0,-0.264064,0.0905614
21.154,-0.104311,0,-0.237657,0.0815053
21.156,-0.104311,0,-0.213892,0.0733547
21.158,-0.104311,0,-0.192503,0.0660193
21.16,-0.104311,0,-0.173252,0.0594173
21.162,-0.104311,0,-0.155927,0.0534756
21.164,-0.104311,0,-0.140334,0.048128
21.166,-0.104311,0,-0.126301,0.0433152
21.168,-0.104311,0,-0.113671,0.0389837
21.17,-0.107379,0,-0.255702,0.0350853
21.172,-0.107379,0,-0.230132,0.0315768
21.174,-0.107379,0,-0.207118,0.0284191
21.176,-0.107379,0,-0.186407,0.0255772
21.178,-0.107379,0,-0.167766,0.0230195
21.18,-0.107379,0,-0.150989,0.0207175
21.182,-0.107379,0,-0.13589,0.0186458
21.184,-0.110447,0,-0.275699,0.0167812
21.186,-0.110447,0,-0.24813,0.0151031
21.188,-0.110447,0,-0.223317,0.0135928
21.19,-0.110447,0,-0.200985,0.0122335
21.192,-0.110447,-0.00306796,-0.180886,-0.142388
21.194,-0.110447,-0.00306796,-0.162798,-0.128149
21.196,-0.113515,-0.00306796,-0.299916,-0.115334
21.198,-0.113515,-0.00306796,-0.269924,-0.103801
21.2,-0.113515,-0.00306796,-0.242932,-0.0934207
21.202,-0.113515,-0.00306796,-0.218639,-0.0840786
21.204,-0.113515,-0.00306796,-0.196775,-0.0756708
21.206,-0.113515,-0.00306796,-0.177097,-0.0681037
21.208,-0.113515,-0.00306796,-0.159388,-0.0612933
21.21,-0.116583,-0.00306796,-0.296847,-0.055164
21.212,-0.116583,-0.00306796,-0.267162,-0.0496476
21.214,-0.116583,-0.00306796,-0.240446,-0.0446828
21.216,-0.116583,-0.00306796,-0.216401,-0.0402146
21.218,-0.116583,-0.00306796,-0.194761,-0.0361931
21.22,-0.116583,0,-0.175285,0.120824
21.222,-0.116583,0,-0.157757,0.108742
21.224,-0.116583,0,-0.141981,0.0978677
21.226,-0.116583,0,-0.127783,0.0880809
21.228,-0.116583,0,-0.115005,0.0792728
21.23,-0.116583,0,-0.103504,0.0713455
21.232,-0.116583,0,-0.0931537,0.064211
21.234,-0.116583,0,-0.0838384,0.0577899
21.236,-0.119651,0,-0.228853,0.0520109
21.238,-0.119651,0,-0.205967,0.0468098
21.24,-0.119651,0,-0.185371,0.0421288
21.242,-0.119651,0,-0.166834,0.0379159
21.244,-0.119651,0,-0.15015,0.0341243
21.246,-0.119651,0,-0.135135,0.0307119
21.248,-0.119651,0,-0.121622,0.0276407
21.25,-0.119651,0,-0.109459,0.0248766
21.252,-0.119651,0,-0.0985135,0.022389
21.254,-0.119651,0,-0.0886622,0.0201501
21.256,-0.119651,0,-0.079796,0.0181351
21.258,-0.122718,0,-0.225214,0.0163216
21.26,-0.122718,0,-0.202693,0.0146894
21.262,-0.122718,0,-0.182424,0.0132205
21.264,-0.122718,0,-0.164181,0.0118984
21.266,-0.122718,0,-0.147763,0.0107086
21.268,-0.122718,0,-0.132987,0.00963772
21.27,-0.122718,0,-0.119688,0.00867395
21.272,-0.125786,0,-0.261117,0.00780656
21.274,-0.125786,0,-0.235006,0.0070259
21.276,-0.125786,0,-0.211505,0.00632331
21.278,-0.125786,0,-0.190355,0.00569098
21.28,-0.125786,0,-0.171319,0.00512188
21.282,-0.125786,0,-0.154187,0.00460969
21.284,-0.125786,0,-0.138769,0.00414872
21.286,-0.125786,0,-0.124892,0.00373385
21.288,-0.128854,0,-0.265801,0.00336047
21.29,-0.128854,0,-0.239221,0.00302442
21.292,-0.128854,0,-0.215298,0.00272198
21.294,-0.128854,0,-0.193769,0.00244978
21.296,-0.128854,0,-0.174392,0.0022048
21.298,-0.128854,0,-0.156953,0.00198432
21.3,-0.128854,0,-0.141257,0.00178589
21.302,-0.128854,0,-0.127132,0.0016073
21.304,-0.128854,0,-0.114418,0.00144657
21.306,-0.128854,0,-0.102977,0.00130191
21.308,-0.131922,0,-0.246077,0.00117172
21.31,-0.131922,0,-0.221469,0.00105455
21.312,-0.131922,0,-0.199322,0.000949095
21.314,-0.131922,0,-0.17939,0.000854185
21.316,-0.131922,0,-0.161451,0.000768767
21.318,-0.131922,0,-0.145306,0.00069189
21.32,-0.131922,0,-0.130775,0.000622701
21.322,-0.131922,0,-0.117698,0.000560431
21.324,-0.13499,0,-0.259326,0.000504388
21.326,-0.13499,0,-0.233394,0.000453949
21.328,-0.13499,0,-0.210054,0.000408554
21.33,-0.13499,0,-0.189049,0.000367699
21.332,-0.13499,0,-0.170144,0.000330929
21.334,-0.13499,0,-0.15313,0.000297836
21.336,-0.138058,0,-0.291215,0.000268052
21.338,-0.138058,0,-0.262093,0.000241247
21.34,-0.138058,-0.00306796,-0.235884,-0.153181
21.342,-0.138058,-0.00306796,-0.212295,-0.137863
21.344,-0.138058,-0.00306796,-0.191066,-0.124077
21.346,-0.138058,-0.00306796,-0.171959,-0.111669
21.348,-0.138058,-0.00306796,-0.154763,-0.100502
21.35,-0.141126,-0.00306796,-0.292685,-0.0904518
21.352,-0.141126,-0.00306796,-0.263417,-0.0814066
21.354,-0.141126,-0.00306796,-0.237075,-0.073266
21.356,-0.141126,-0.00306796,-0.213367,-0.0659394
21.358,-0.141126,-0.00306796,-0.192031,-0.0593454
21.36,-0.141126,-0.00306796,-0.172828,-0.0534109
21.362,-0.141126,-0.00306796,-0.155545,-0.0480698
21.364,-0.141126,-0.00306796,-0.13999,-0.0432628
21.366,-0.141126,-0.00306796,-0.125991,-0.0389365
21.368,-0.141126,-0.00306796,-0.113392,-0.0350429
21.37,-0.141126,-0.00306796,-0.102053,-0.0315386
21.372,-0.141126,-0.00306796,-0.0918477,-0.0283847
21.374,-0.141126,-0.00306796,-0.0826629,-0.0255463
21.376,-0.141126,-0.00306796,-0.0743966,-0.0229916
21.378,-0.144194,-0.00306796,-0.220355,-0.0206925
21.38,-0.144194,0,-0.19832,0.134775
21.382,-0.144194,0,-0.178488,0.121297
21.384,-0.144194,0,-0.160639,0.109168
21.386,-0.144194,0,-0.144575,0.0982509
21.388,-0.144194,0,-0.130117,0.0884258
21.39,-0.144194,0,-0.117106,0.0795832
21.392,-0.144194,0,-0.105395,0.0716249
21.394,-0.144194,0,-0.0948556,0.0644624
21.396,-0.144194,0,-0.0853701,0.0580162
21.398,-0.144194,0,-0.0768331,0.0522145
21.4,-0.144194,0,-0.0691497,0.0469931
21.402,-0.144194,0,-0.0622348,0.0422938
21.404,-0.144194,0,-0.0560113,0.0380644
21.406,-0.147262,0,-0.203808,0.034258
21.408,-0.147262,0,-0.183427,0.0308322
21.41,-0.147262,0,-0.165085,0.0277489
21.412,-0.147262,0,-0.148576,0.0249741
21.414,-0.147262,0,-0.133719,0.0224766
21.416,-0.147262,0,-0.120347,0.020229
21.418,-0.147262,0,-0.108312,0.0182061
21.42,-0.147262,0,-0.0974809,0.0163855
21.422,-0.15033,0,-0.241131,0.0147469
21.424,-0.15033,0,-0.217018,0.0132722
21.426,-0.15033,0,-0.195316,0.011945
21.428,-0.15033,0,-0.175784,0.0107505
21.43,-0.15033,0,-0.158206,0.00967546
21.432,-0.15033,0,-0.142385,0.00870791
21.434,-0.15033,0,-0.128147,0.00783712
21.436,-0.15033,0,-0.115332,0.00705341
21.438,-0.15033,0,-0.103799,0.00634807
21.44,-0.153398,0,-0.246817,0.00571326
21.442,-0.153398,0,-0.222135,0.00514194
21.444,-0.153398,0,-0.199922,0.00462774
21.446,-0.153398,0,-0.17993,0.00416497
21.448,-0.153398,0,-0.161937,0.00374847
21.45,-0.153398,0,-0.145743,0.00337362
21.452,-0.153398,0,-0.131169,0.00303626
21.454,-0.153398,-0.00306796,-0.118052,-0.150665
21.456,-0.153398,-0.00306796,-0.106247,-0.135599
21.458,-0.153398,-0.00306796,-0.095622,-0.122039
21.46,-0.153398,-0.00306796,-0.0860598,-0.109835
21.462,-0.156466,-0.00306796,-0.230852,-0.0988516
21.464,-0.156466,-0.00306796,-0.207767,-0.0889664
21.466,-0.156466,-0.00306796,-0.18699,-0.0800698
21.468,-0.156466,-0.00306796,-0.168291,-0.0720628
21.47,-0.156466,-0.00306796,-0.151462,-0.0648565
21.472,-0.156466,-0.00306796,-0.136316,-0.0583709
21.474,-0.156466,-0.00306796,-0.122684,-0.0525338
21.476,-0.156466,-0.00306796,-0.110416,-0.0472804
21.478,-0.156466,-0.00306796,-0.0993742,-0.0425524
21.48,-0.156466,0,-0.0894368,0.115101
21.482,-0.156466,0,-0.0804931,0.103591
21.484,-0.156466,0,-0.0724438,0.0932318
21.486,-0.156466,0,-0.0651994,0.0839086
21.488,-0.156466,0,-0.0586795,0.0755177
21.49,-0.156466,0,-0.0528115,0.067966
21.492,-0.156466,0,-0.0475304,0.0611694
21.494,-0.156466,0,-0.0427773,0.0550524
21.496,-0.156466,0,-0.0384996,0.0495472
21.498,-0.156466,0,-0.0346496,0.0445925
21.5,-0.156466,0,-0.0311847,0.0401332
21.502,-0.156466,0,-0.0280662,0.0361199
21.504,-0.156466,0,-0.0252596,0.0325079
21.506,-0.156466,0,-0.0227336,0.0292571
21.508,-0.156466,0,-0.0204603,0.0263314
21.51,-0.156466,0,-0.0184142,0.0236983
21.512,-0.159534,0,-0.169971,0.0213284
21.514,-0.159534,0,-0.152974,0.0191956
21.516,-0.159534,0,-0.137676,0.017276
21.518,-0.159534,0,-0.123909,0.0155484
21.52,-0.159534,0.00306796,-0.111518,0.167392
21.522,-0.159534,0.00306796,-0.100366,0.150652
21.524,-0.159534,0.00306796,-0.0903295,0.135587
21.526,-0.159534,0.00306796,-0.0812965,0.122029
21.528,-0.159534,0.00306796,-0.0731669,0.109826
21.53,-0.159534,0.00306796,-0.0658502,0.0988431
21.532,-0.159534,0.00306796,-0.0592652,0.0889588
21.534,-0.159534,0.00306796,-0.0533387,0.0800629
21.536,-0.159534,0.00306796,-0.0480048,0.0720566
21.538,-0.159534,0.00306796,-0.0432043,0.064851
21.54,-0.159534,0.00306796,-0.0388839,0.0583659
21.542,-0.162602,0.00306796,-0.188394,0.0525293
21.544,-0.162602,0.00306796,-0.169554,0.0472764
21.546,-0.162602,0.00306796,-0.152599,0.0425487
21.548,-0.162602,0.00306796,-0.137339,0.0382938
21.55,-0.162602,0.00306796,-0.123605,0.0344645
21.552,-0.162602,0.00306796,-0.111245,0.031018
21.554,-0.162602,0.00306796,-0.10012,0.0279162
21.556,-0.162602,0.00306796,-0.0901081,0.0251246
21.558,-0.162602,0.00306796,-0.0810973,0.0226121
21.56,-0.16567,0.00306796,-0.226386,0.0203509
21.562,-0.16567,0,-0.203747,-0.135082
21.564,-0.16567,0,-0.183372,-0.121574
21.566,-0.16567,0,-0.165035,-0.109417
21.568,-0.16567,0,-0.148532,-0.098475
21.57,-0.16567,0,-0.133678,-0.0886275
21.572,-0.16567,0,-0.120311,-0.0797647
21.574,-0.16567,0,-0.10828,-0.0717882
21.576,-0.16567,0,-0.0974516,-0.0646094
21.578,-0.16567,0,-0.0877064,-0.0581485
21.58,-0.168738,0,-0.232334,-0.0523336
21.582,-0.168738,0,-0.2091,-0.0471003
21.584,-0.168738,0,-0.18819,-0.0423902
21.586,-0.168738,0,-0.169371,-0.0381512
21.588,-0.168738,0,-0.152434,-0.0343361
21.59,-0.168738,0,-0.137191,-0.0309025
21.592,-0.168738,0,-0.123472,-0.0278122
21.594,-0.168738,0,-0.111125,-0.025031
21.596,-0.168738,0,-0.100012,-0.0225279
21.598,-0.168738,0,-0.0900109,-0.0202751
21.6,-0.171806,0,-0.234408,-0.0182476
21.602,-0.171806,0,-0.210967,-0.0164228
21.604,-0.171806,0,-0.18987,-0.0147806
21.606,-0.171806,0,-0.170883,-0.0133025
21.608,-0.171806,0,-0.153795,-0.0119723
21.61,-0.171806,0,-0.138416,-0.010775
21.612,-0.171806,0,-0.124574,-0.00969753
21.614,-0.171806,0,-0.112117,-0.00872777
21.616,-0.174874,0,-0.254303,-0.007855
21.618,-0.174874,0,-0.228873,-0.0070695
21.62,-0.174874,0,-0.205985,-0.00636255
21.622,-0.174874,-0.00306796,-0.185387,-0.159124
21.624,-0.174874,-0.00306796,-0.166848,-0.143212
21.626,-0.174874,-0.00306796,-0.150163,-0.128891
21.628,-0.174874,-0.00306796,-0.135147,-0.116002
21.63,-0.174874,-0.00306796,-0.121632,-0.104402
21.632,-0.174874,-0.00306796,-0.109469,-0.0939614
21.634,-0.177942,-0.00306796,-0.25192,-0.0845652
21.636,-0.177942,-0.00306796,-0.226728,-0.0761087
21.638,-0.177942,-0.00306796,-0.204055,-0.0684978
21.64,-0.177942,-0.00306796,-0.18365,-0.061648
21.642,-0.177942,-0.00306796,-0.165285,-0.0554832
21.644,-0.177942,-0.00306796,-0.148756,-0.0499349
21.646,-0.177942,-0.00306796,-0.133881,-0.0449414
21.648,-0.177942,-0.00306796,-0.120493,-0.0404473
21.65,-0.177942,-0.00306796,-0.108443,-0.0364026
21.652,-0.177942,-0.00306796,-0.0975991,-0.0327623
21.654,-0.177942,-0.00306796,-0.0878392,-0.0294861
21.656,-0.177942,-0.00306796,-0.0790552,-0.0265375
21.658,-0.177942,-0.00306796,-0.0711497,-0.0238837
21.66,-0.177942,-0.00306796,-0.0640348,-0.0214953
21.662,-0.177942,-0.00306796,-0.0576313,-0.0193458
21.664,-0.177942,0,-0.0518681,0.135987
21.666,-0.177942,0,-0.0466813,0.122388
21.668,-0.177942,0,-0.0420132,0.110149
21.67,-0.177942,0,-0.0378119,0.0991344
21.672,-0.177942,0,-0.0340307,0.089221
21.674,-0.177942,0,-0.0306276,0.0802989
21.676,-0.177942,0,-0.0275649,0.072269
21.678,-0.177942,0,-0.0248084,0.0650421
21.68,-0.177942,0,-0.0223275,0.0585379
21.682,-0.177942,0,-0.0200948,0.0526841
21.684,-0.177942,0,-0.0180853,0.0474157
21.686,-0.177942,0,-0.0162768,0.0426741
21.688,-0.18101,0,-0.168047,0.0384067
21.69,-0.18101,0,-0.151242,0.034566
21.692,-0.18101,0,-0.136118,0.0311094
21.694,-0.18101,0,-0.122506,0.0279985
21.696,-0.18101,0,-0.110256,0.0251986
21.698,-0.18101,0,-0.0992302,0.0226788
21.7,-0.18101,0,-0.0893072,0.0204109
21.702,-0.18101,0,-0.0803764,0.0183698
21.704,-0.18101,0,-0.0723388,0.0165328
21.706,-0.18101,0,-0.0651049,0.0148795
21.708,-0.18101,0,-0.0585944,0.0133916
21.71,-0.18101,0,-0.052735,0.0120524
21.712,-0.18101,0,-0.0474615,0.0108472
21.714,-0.18101,0,-0.0427153,0.00976247
21.716,-0.18101,0,-0.0384438,0.00878622
21.718,-0.18101,0,-0.0345994,0.0079076
21.72,-0.18101,0,-0.0311395,0.00711684
21.722,-0.18101,0,-0.0280255,0.00640516
21.724,-0.18101,0,-0.025223,0.00576464
21.726,-0.18101,0,-0.0227007,0.00518818
21.728,-0.18101,0,-0.0204306,0.00466936
21.73,-0.184078,0,-0.171786,0.00420242
21.732,-0.184078,0,-0.154607,0.00378218
21.734,-0.184078,0,-0.139146,0.00340396
21.736,-0.184078,0,-0.125232,0.00306357
21.738,-0.184078,0,-0.112709,0.00275721
21.74,-0.184078,0,-0.101438,0.00248149
21.742,-0.184078,0,-0.0912939,0.00223334
21.744,-0.184078,0,-0.0821645,0.00201001
21.746,-0.184078,0,-0.0739481,0.00180901
21.748,-0.184078,0,-0.0665533,0.0016281
21.75,-0.184078,0,-0.0598979,0.00146529
21.752,-0.184078,0,-0.0539082,0.00131876
21.754,-0.184078,0,-0.0485173,0.00118689
21.756,-0.184078,0,-0.0436656,0.0010682
21.758,-0.184078,0,-0.039299,0.00096138
21.76,-0.184078,0,-0.0353691,0.000865242
21.762,-0.184078,0,-0.0318322,0.000778717
21.764,-0.187146,0,-0.182047,0.000700846
21.766,-0.187146,0,-0.163842,0.000630761
21.768,-0.187146,0,-0.147458,0.000567685
21.77,-0.187146,0,-0.132712,0.000510916
21.772,-0.187146,0,-0.119441,0.000459825
21.774,-0.187146,0,-0.107497,0.000413842
21.776,-0.187146,0,-0.0967473,0.000372458
21.778,-0.187146,0,-0.0870726,0.000335212
21.78,-0.187146,0,-0.0783653,0.000301691
21.782,-0.187146,0,-0.0705288,0.000271522
21.784,-0.187146,0,-0.0634759,0.00024437
21.786,-0.187146,0,-0.0571283,0.000219933
21.788,-0.187146,0,-0.0514155,0.00019794
21.79,-0.187146,0,-0.0462739,0.000178146
21.792,-0.187146,0,-0.0416465,0.000160331
21.794,-0.187146,0,-0.0374819,0.000144298
21.796,-0.187146,0,-0.0337337,0.000129868
21.798,-0.187146,0,-0.0303603,0.000116881
21.8,-0.187146,0,-0.0273243,0.000105193
21.802,-0.190214,0,-0.17799,9.46739e-05
21.804,-0.190214,0,-0.160191,8.52065e-05
21.806,-0.190214,0,-0.144172,7.66858e-05
21.808,-0.190214,0,-0.129755,6.90172e-05
21.81,-0.190214,0,-0.116779,6.21155e-05
21.812,-0.190214,0,-0.105101,5.5904e-05
21.814,-0.190214,0,-0.0945912,5.03136e-05
21.816,-0.190214,0,-0.085132,4.52822e-05
21.818,-0.190214,0,-0.0766188,4.0754e-05
21.82,-0.190214,0,-0.0689569,3.66786e-05
21.822,-0.190214,0,-0.0620613,3.30107e-05
21.824,-0.190214,0,-0.0558551,2.97097e-05
21.826,-0.190214,0,-0.0502696,2.67387e-05
21.828,-0.190214,0,-0.0452427,2.40648e-05
21.83,-0.190214,0,-0.0407184,2.16583e-05
21.832,-0.190214,0,-0.0366466,1.94925e-05
21.834,-0.190214,0,-0.0329819,1.75433e-05
21.836,-0.190214,0,-0.0296837,1.57889e-05
21.838,-0.190214,0,-0.0267153,1.421e-05
21.84,-0.190214,0,-0.0240438,1.2789e-05
21.842,-0.190214,0,-0.0216394,1.15101e-05
21.844,-0.190214,0,-0.0194755,1.03591e-05
21.846,-0.190214,0,-0.0175279,9.32321e-06
21.848,-0.190214,0,-0.0157751,8.39089e-06
21.85,-0.190214,0,-0.0141976,7.5518e-06
21.852,-0.190214,0,-0.0127779,6.79662e-06
21.854,-0.190214,0,-0.0115001,6.11696e-06
21.856,-0.190214,0,-0.0103501,5.50526e-06
21.858,-0.190214,0,-0.00931506,4.95473e-06
21.86,-0.193282,0,-0.161782,4.45926e-06
21.862,-0.193282,0,-0.145603,4.01333e-06
21.864,-0.193282,0,-0.131043,3.612e-06
21.866,-0.193282,0,-0.117939,3.2508e-06
21.868,-0.193282,0,-0.106145,2.92572e-06
21.87,-0.193282,0,-0.0955304,2.63315e-06
21.872,-0.193282,0,-0.0859774,2.36983e-06
21.874,-0.193282,0,-0.0773797,2.13285e-06
21.876,-0.193282,0,-0.0696417,1.91957e-06
21.878,-0.193282,0,-0.0626775,1.72761e-06
21.88,-0.193282,0,-0.0564098,1.55485e-06
21.882,-0.193282,0,-0.0507688,1.39936e-06
21.884,-0.193282,0,-0.0456919,1.25943e-06
21.886,-0.193282,0,-0.0411227,1.13348e-06
21.888,-0.193282,0,-0.0370104,1.02014e-06
21.89,-0.193282,0,-0.0333094,9.18122e-07
21.892,-0.193282,0,-0.0299785,8.2631e-07
21.894,-0.193282,0,-0.0269806,7.43679e-07
21.896,-0.193282,0,-0.0242826,6.69311e-07
21.898,-0.193282,0,-0.0218543,6.0238e-07
21.9,-0.193282,0,-0.0196689,5.42142e-07
21.902,-0.193282,0,-0.017702,4.87928e-07
21.904,-0.193282,0,-0.0159318,4.39135e-07
21.906,-0.193282,0,-0.0143386,3.95221e-07
21.908,-0.193282,0,-0.0129047,3.55699e-07
21.91,-0.193282,0,-0.0116143,3.20129e-07
21.912,-0.193282,0,-0.0104528,2.88116e-07
21.914,-0.193282,0,-0.00940756,2.59305e-07
21.916,-0.193282,0,-0.0084668,2.33374e-07
21.918,-0.193282,0.00306796,-0.00762012,0.153398
21.92,-0.193282,0.00306796,-0.00685811,0.138058
21.922,-0.193282,0.00306796,-0.0061723,0.124253
21.924,-0.193282,0.00306796,-0.00555507,0.111827
21.926,-0.193282,0.00306796,-0.00499956,0.100645
21.928,-0.193282,0.00306796,-0.00449961,0.0905802
21.93,-0.193282,0.00306796,-0.00404965,0.0815221
21.932,-0.193282,0.00306796,-0.00364468,0.0733699
21.934,-0.193282,0.00306796,-0.00328021,0.0660329
21.936,-0.193282,0.00306796,-0.00295219,0.0594296
21.938,-0.193282,0.00306796,-0.00265697,0.0534867
21.94,-0.193282,0.00306796,-0.00239128,0.048138
21.942,-0.193282,0.00306796,-0.00215215,0.0433242
21.944,-0.193282,0.00306796,-0.00193693,0.0389918
21.946,-0.193282,0.00306796,-0.00174324,0.0350926
21.948,-0.193282,0.00306796,-0.00156892,0.0315833
21.95,-0.19635,0.00306796,-0.15481,0.028425
21.952,-0.19635,0.00306796,-0.139329,0.0255825
21.954,-0.19635,0.00306796,-0.125396,0.0230243
21.956,-0.19635,0.00306796,-0.112857,0.0207218
21.958,-0.19635,0.00306796,-0.101571,0.0186497
21.96,-0.19635,0.00306796,-0.0914138,0.0167847
21.962,-0.19635,0,-0.0822724,-0.138292
21.964,-0.19635,0,-0.0740452,-0.124463
21.966,-0.19635,0,-0.0666407,-0.112016
21.968,-0.19635,0,-0.0599766,-0.100815
21.97,-0.19635,0,-0.0539789,-0.0907333
21.972,-0.19635,0,-0.0485811,-0.08166
21.974,-0.199418,0,-0.197121,-0.073494
21.976,-0.199418,0,-0.177409,-0.0661446
21.978,-0.199418,0,-0.159668,-0.0595301
21.98,-0.199418,0,-0.143701,-0.0535771
21.982,-0.199418,0,-0.129331,-0.0482194
21.984,-0.199418,0,-0.116398,-0.0433975
21.986,-0.199418,0,-0.104758,-0.0390577
21.988,-0.199418,0,-0.0942824,-0.0351519
21.99,-0.199418,0,-0.0848541,-0.0316367
21.992,-0.199418,0,-0.0763687,-0.0284731
21.994,-0.199418,0,-0.0687319,-0.0256258
21.996,-0.199418,0,-0.0618587,-0.0230632
21.998,-0.199418,0,-0.0556728,-0.0207569
22,-0.199418,0,-0.0501055,-0.0186812
22.002,-0.199418,0,-0.045095,-0.0168131
22.004,-0.199418,0,-0.0405855,-0.0151318
22.006,-0.199418,0,-0.0365269,-0.0136186
22.008,-0.199418,0,-0.0328742,-0.0122567
22.01,-0.199418,0,-0.0295868,-0.011031
22.012,-0.199418,0,-0.0266281,-0.00992794
22.014,-0.199418,0,-0.0239653,-0.00893515
22.016,-0.199418,0,-0.0215688,-0.00804164
22.018,-0.202485,0,-0.17281,-0.00723747
22.02,-0.202485,0,-0.155529,-0.00651372
22.022,-0.202485,0,-0.139976,-0.00586235
22.024,-0.202485,0,-0.125978,-0.00527612
22.026,-0.202485,0,-0.113381,-0.00474851
22.028,-0.202485,0,-0.102043,-0.00427365
22.03,-0.202485,0,-0.0918383,-0.00384629
22.032,-0.202485,0,-0.0826545,-0.00346166
22.034,-0.202485,0,-0.074389,-0.00311549
22.036,-0.202485,0,-0.0669501,-0.00280394
22.038,-0.202485,0,-0.0602551,-0.00252355
22.04,-0.202485,0,-0.0542296,-0.0022712
22.042,-0.202485,0,-0.0488066,-0.00204408
22.044,-0.202485,0,-0.043926,-0.00183967
22.046,-0.202485,0,-0.0395334,-0.0016557
22.048,-0.202485,0,-0.03558,-0.00149013
22.05,-0.202485,0,-0.032022,-0.00134112
22.052,-0.202485,0,-0.0288198,-0.00120701
22.054,-0.202485,0,-0.0259379,-0.00108631
22.056,-0.202485,0,-0.0233441,-0.000977675
22.058,-0.202485,0,-0.0210097,-0.000879908
22.06,-0.202485,0,-0.0189087,-0.000791917
22.062,-0.202485,0,-0.0170178,-0.000712725
22.064,-0.202485,0,-0.015316,-0.000641453
22.066,-0.202485,0,-0.0137844,-0.000577307
22.068,-0.202485,0,-0.012406,-0.000519577
22.07,-0.202485,0,-0.0111654,-0.000467619
22.072,-0.202485,0,-0.0100489,-0.000420857
22.074,-0.202485,0,-0.00904397,-0.000378771
22.076,-0.202485,0,-0.00813957,-0.000340894
22.078,-0.202485,0,-0.00732562,-0.000306805
22.08,-0.202485,0,-0.00659305,-0.000276124
22.082,-0.202485,0,-0.00593375,-0.000248512
22.084,-0.202485,0,-0.00534037,-0.000223661
22.086,-0.202485,0,-0.00480634,-0.000201295
22.088,-0.202485,0,-0.0043257,-0.000181165
22.09,-0.202485,0,-0.00389313,-0.000163049
22.092,-0.202485,0,-0.00350382,-0.000146744
22.094,-0.202485,0,-0.00315344,-0.000132069
22.096,-0.202485,0,-0.00283809,-0.000118862
22.098,-0.202485,0,-0.00255428,-0.000106976
22.1,-0.202485,0,-0.00229886,-9.62786e-05
22.102,-0.202485,0,-0.00206897,-8.66507e-05
22.104,-0.202485,0,-0.00186207,-7.79857e-05
22.106,-0.202485,0,-0.00167587,-7.01871e-05
22.108,-0.202485,0,-0.00150828,-6.31684e-05
22.11,-0.202485,0,-0.00135745,-5.68516e-05
22.112,-0.202485,0,-0.00122171,-5.11664e-05
22.114,-0.202485,0,-0.00109954,-4.60498e-05
22.116,-0.202485,0,-0.000989582,-4.14448e-05
22.118,-0.202485,0.00306796,-0.000890624,0.153361
22.12,-0.202485,0.00306796,-0.000801561,0.138025
22.122,-0.202485,0.00306796,-0.000721405,0.124222
22.124,-0.202485,0.00306796,-0.000649265,0.1118
22.126,-0.202485,0.00306796,-0.000584338,0.10062
22.128,-0.202485,0.00306796,-0.000525904,0.090558
22.13,-0.202485,0.00306796,-0.000473314,0.0815022
22.132,-0.202485,0.00306796,-0.000425983,0.073352
22.134,-0.202485,0.00306796,-0.000383384,0.0660168
22.136,-0.202485,0.00306796,-0.000345046,0.0594151
22.138,-0.202485,0.00306796,-0.000310541,0.0534736
22.14,-0.202485,0.00306796,-0.000279487,0.0481262
22.142,-0.202485,0.00306796,-0.000251538,0.0433136
22.144,-0.202485,0.00306796,-0.000226385,0.0389823
22.146,-0.205553,0.00306796,-0.153602,0.035084
22.148,-0.205553,0.00306796,-0.138242,0.0315756
22.15,-0.205553,0.00306796,-0.124417,0.0284181
22.152,-0.205553,0.00306796,-0.111976,0.0255763
22.154,-0.205553,0.00306796,-0.100778,0.0230186
22.156,-0.205553,0,-0.0907003,-0.132681
22.158,-0.205553,0,-0.0816303,-0.119413
22.16,-0.205553,0,-0.0734673,-0.107472
22.162,-0.205553,0,-0.0661205,-0.0967247
22.164,-0.205553,0,-0.0595085,-0.0870522
22.166,-0.205553,0,-0.0535576,-0.078347
22.168,-0.205553,0,-0.0482019,-0.0705123
22.17,-0.205553,0,-0.0433817,-0.0634611
22.172,-0.205553,0,-0.0390435,-0.057115
22.174,-0.205553,0,-0.0351392,-0.0514035
22.176,-0.205553,0,-0.0316253,-0.0462631
22.178,-0.205553,0,-0.0284627,-0.0416368
22.18,-0.205553,0,-0.0256165,-0.0374731
22.182,-0.205553,0,-0.0230548,-0.0337258
22.184,-0.205553,0,-0.0207493,-0.0303532
22.186,-0.205553,0,-0.0186744,-0.0273179
22.188,-0.205553,0,-0.016807,-0.0245861
22.19,-0.205553,0,-0.0151263,-0.0221275
22.192,-0.208621,0,-0.167012,-0.0199148
22.194,-0.208621,0,-0.150311,-0.0179233
22.196,-0.208621,0,-0.135279,-0.016131
22.198,-0.208621,0,-0.121752,-0.0145179
22.2,-0.208621,0,-0.109576,-0.0130661
22.202,-0.208621,0,-0.0986187,-0.0117595
22.204,-0.208621,0,-0.0887569,-0.0105835
22.206,-0.208621,0,-0.0798812,-0.00952516
22.208,-0.208621,0,-0.0718931,-0.00857265
22.21,-0.208621,0,-0.0647038,-0.00771538
22.212,-0.208621,0,-0.0582334,-0.00694385
22.214,-0.208621,0,-0.05241,-0.00624946
22.216,-0.208621,0,-0.047169,-0.00562451
22.218,-0.208621,0,-0.0424521,-0.00506206
22.22,-0.208621,0,-0.0382069,-0.00455586
22.222,-0.208621,0,-0.0343862,-0.00410027
22.224,-0.208621,0,-0.0309476,-0.00369024
22.226,-0.208621,0,-0.0278528,-0.00332122
22.228,-0.208621,0,-0.0250676,-0.0029891
22.23,-0.208621,0,-0.0225608,-0.00269019
22.232,-0.208621,0,-0.0203047,-0.00242117
22.234,-0.208621,0,-0.0182743,-0.00217905
22.236,-0.208621,0,-0.0164468,-0.00196115
22.238,-0.208621,0,-0.0148021,-0.00176503
22.24,-0.208621,0,-0.0133219,-0.00158853
22.242,-0.208621,0,-0.0119897,-0.00142968
22.244,-0.208621,0,-0.0107908,-0.00128671
22.246,-0.208621,0,-0.00971169,-0.00115804
22.248,-0.208621,0,-0.00874052,-0.00104223
22.25,-0.208621,0,-0.00786647,-0.000938011
22.252,-0.208621,0,-0.00707982,-0.000844209
22.254,-0.208621,0,-0.00637184,-0.000759789
22.256,-0.208621,0,-0.00573465,-0.00068381
22.258,-0.208621,0,-0.00516119,-0.000615429
22.26,-0.208621,0,-0.00464507,-0.000553886
22.262,-0.208621,0,-0.00418056,-0.000498497
22.264,-0.208621,0,-0.00376251,-0.000448648
22.266,-0.208621,0.00306796,-0.00338626,0.152994
22.268,-0.208621,0.00306796,-0.00304763,0.137695
22.27,-0.208621,0.00306796,-0.00274287,0.123925
22.272,-0.208621,0.00306796,-0.00246858,0.111533
22.274,-0.208621,0.00306796,-0.00222172,0.10038
22.276,-0.208621,0.00306796,-0.00199955,0.0903416
22.278,-0.208621,0.00306796,-0.0017996,0.0813074
22.28,-0.208621,0.00306796,-0.00161964,0.0731767
22.282,-0.208621,0.00306796,-0.00145767,0.065859
22.284,-0.208621,0.00306796,-0.0013119,0.0592731
22.286,-0.208621,0.00306796,-0.00118071,0.0533458
22.288,-0.208621,0.00306796,-0.00106264,0.0480112
22.29,-0.208621,0.00306796,-0.000956379,0.0432101
22.292,-0.208621,0.00306796,-0.000860741,0.0388891
22.294,-0.208621,0.00306796,-0.000774667,0.0350002
22.296,-0.208621,0,-0.0006972,-0.121898
22.298,-0.208621,0,-0.00062748,-0.109708
22.3,-0.208621,0,-0.000564732,-0.0987373
22.302,-0.208621,0,-0.000508259,-0.0888636
22.304,-0.208621,0,-0.000457433,-0.0799772
22.306,-0.211689,0,-0.15381,-0.0719795
22.308,-0.211689,0,-0.138429,-0.0647815
22.31,-0.211689,0,-0.124586,-0.0583034
22.312,-0.211689,0,-0.112127,-0.0524731
22.314,-0.211689,0,-0.100915,-0.0472257
22.316,-0.211689,0,-0.0908231,-0.0425032
22.318,-0.211689,0,-0.0817408,-0.0382529
22.32,-0.211689,0,-0.0735667,-0.0344276
22.322,-0.211689,0,-0.0662101,-0.0309848
22.324,-0.211689,0,-0.0595891,-0.0278863
22.326,-0.211689,0,-0.0536302,-0.0250977
22.328,-0.211689,0,-0.0482671,-0.0225879
22.33,-0.211689,0,-0.0434404,-0.0203291
22.332,-0.211689,0,-0.0390964,-0.0182962
22.334,-0.211689,0,-0.0351867,-0.0164666
22.336,-0.211689,0,-0.0316681,-0.0148199
22.338,-0.211689,0,-0.0285013,-0.0133379
22.34,-0.211689,0,-0.0256511,-0.0120042
22.342,-0.211689,0,-0.023086,-0.0108037
22.344,-0.211689,0,-0.0207774,-0.00972336
22.346,-0.211689,0,-0.0186997,-0.00875103
22.348,-0.211689,0,-0.0168297,-0.00787592
22.35,-0.211689,0,-0.0151467,-0.00708833
22.352,-0.211689,0,-0.0136321,-0.0063795
22.354,-0.211689,0,-0.0122689,-0.00574155
22.356,-0.211689,0,-0.011042,-0.00516739
22.358,-0.211689,0,-0.00993778,-0.00465065
22.36,-0.211689,0,-0.008944,-0.00418559
22.362,-0.211689,0,-0.0080496,-0.00376703
22.364,-0.211689,0,-0.00724464,-0.00339033
22.366,-0.211689,0.00306796,-0.00652017,0.150347
22.368,-0.211689,0.00306796,-0.00586816,0.135312
22.37,-0.211689,0.00306796,-0.00528134,0.121781
22.372,-0.211689,0.00306796,-0.00475321,0.109603
22.374,-0.211689,0.00306796,-0.00427789,0.0986425
22.376,-0.211689,0.00306796,-0.0038501,0.0887783
22.378,-0.211689,0.00306796,-0.00346509,0.0799004
22.38,-0.211689,0.00306796,-0.00311858,0.0719104
22.382,-0.211689,0.00306796,-0.00280672,0.0647194
22.384,-0.211689,0.00306796,-0.00252605,0.0582474
22.386,-0.211689,0.00306796,-0.00227344,0.0524227
22.388,-0.211689,0.00306796,-0.0020461,0.0471804
22.39,-0.211689,0,-0.00184149,-0.110936
22.392,-0.211689,0,-0.00165734,-0.0998421
22.394,-0.211689,0,-0.00149161,-0.0898579
22.396,-0.211689,0,-0.00134245,-0.0808721
22.398,-0.211689,0,-0.0012082,-0.0727849
22.4,-0.211689,0,-0.00108738,-0.0655064
22.402,-0.211689,0,-0.000978643,-0.0589558
22.404,-0.211689,0,-0.000880779,-0.0530602
22.406,-0.211689,0,-0.000792701,-0.0477542
22.408,-0.211689,0,-0.000713431,-0.0429788
22.41,-0.211689,0,-0.000642088,-0.0386809
22.412,-0.211689,0,-0.000577879,-0.0348128
22.414,-0.211689,0,-0.000520091,-0.0313315
22.416,-0.211689,0,-0.000468082,-0.0281984
22.418,-0.211689,0,-0.000421274,-0.0253785
22.42,-0.211689,0,-0.000379146,-0.0228407
22.422,-0.211689,0,-0.000341232,-0.0205566
22.424,-0.211689,0,-0.000307109,-0.0185009
22.426,-0.211689,0,-0.000276398,-0.0166509
22.428,-0.211689,0,-0.000248758,-0.0149858
22.43,-0.211689,0,-0.000223882,-0.0134872
22.432,-0.211689,0,-0.000201494,-0.0121385
22.434,-0.211689,0,-0.000181345,-0.0109246
22.436,-0.211689,0,-0.00016321,-0.00983216
22.438,-0.211689,0,-0.000146889,-0.00884895
22.44,-0.211689,0,-0.0001322,-0.00796405
22.442,-0.211689,0,-0.00011898,-0.00716765
22.444,-0.211689,0,-0.000107082,-0.00645088
22.446,-0.211689,0,-9.63739e-05,-0.00580579
22.448,-0.211689,0,-8.67365e-05,-0.00522521
22.45,-0.211689,0,-7.80629e-05,-0.00470269
22.452,-0.211689,0,-7.02566e-05,-0.00423242
22.454,-0.211689,0.00306796,-6.32309e-05,0.149589
22.456,-0.211689,0.00306796,-5.69078e-05,0.13463
22.458,-0.211689,0.00306796,-5.12171e-05,0.121167
22.46,-0.211689,0.00306796,-4.60954e-05,0.10905
22.462,-0.211689,0.00306796,-4.14858e-05,0.0981453
22.464,-0.211689,0.00306796,-3.73372e-05,0.0883307
22.466,-0.211689,0.00306796,-3.36035e-05,0.0794977
22.468,-0.211689,0.00306796,-3.02432e-05,0.0715479
22.47,-0.214757,0.00306796,-0.153425,0.0643931
22.472,-0.214757,0,-0.138083,-0.0954443
22.474,-0.214757,0,-0.124274,-0.0858998
22.476,-0.214757,0,-0.111847,-0.0773099
22.478,-0.214757,0,-0.100662,-0.0695789
22.48,-0.214757,0,-0.0905961,-0.062621
22.482,-0.214757,0,-0.0815365,-0.0563589
22.484,-0.214757,0,-0.0733828,-0.050723
22.486,-0.214757,0,-0.0660446,-0.0456507
22.488,-0.214757,0,-0.0594401,-0.0410856
22.49,-0.214757,0,-0.0534961,-0.0369771
22.492,-0.214757,0,-0.0481465,-0.0332794
22.494,-0.214757,0,-0.0433318,-0.0299514
22.496,-0.214757,0,-0.0389987,-0.0269563
22.498,-0.214757,0,-0.0350988,-0.0242607
22.5,-0.214757,0,-0.0315889,-0.0218346
22.502,-0.214757,0,-0.02843,-0.0196511
22.504,-0.214757,0,-0.025587,-0.017686
22.506,-0.214757,0,-0.0230283,-0.0159174
22.508,-0.214757,0,-0.0207255,-0.0143257
22.51,-0.214757,0,-0.0186529,-0.0128931
22.512,-0.214757,0,-0.0167876,-0.0116038
22.514,-0.214757,0,-0.0151089,-0.0104434
22.516,-0.214757,0,-0.013598,-0.00939907
22.518,-0.214757,0,-0.0122382,-0.00845917
22.52,-0.214757,0,-0.0110144,-0.00761325
22.522,-0.214757,0,-0.00991293,-0.00685193
22.524,-0.214757,0,-0.00892164,-0.00616673
22.526,-0.214757,0,-0.00802948,-0.00555006
22.528,-0.214757,0,-0.00722653,-0.00499505
22.53,-0.214757,0,-0.00650388,-0.00449555
22.532,-0.214757,0,-0.00585349,-0.00404599
22.534,-0.214757,0,-0.00526814,-0.00364139
22.536,-0.214757,0,-0.00474133,-0.00327725
22.538,-0.214757,0,-0.00426719,-0.00294953
22.54,-0.214757,0,-0.00384047,-0.00265458
22.542,-0.214757,0,-0.00345643,-0.00238912
22.544,-0.214757,0,-0.00311078,-0.00215021
22.546,-0.214757,0,-0.00279971,-0.00193519
22.548,-0.214757,0,-0.00251973,-0.00174167
22.55,-0.214757,0,-0.00226776,-0.0015675
22.552,-0.214757,0,-0.00204099,-0.00141075
22.554,-0.214757,0,-0.00183689,-0.00126968
22.556,-0.214757,0,-0.0016532,-0.00114271
22.558,-0.214757,0,-0.00148788,-0.00102844
22.56,-0.214757,0,-0.00133909,-0.000925594
22.562,-0.214757,0,-0.00120518,-0.000833034
22.564,-0.214757,0,-0.00108466,-0.000749731
22.566,-0.214757,0,-0.000976197,-0.000674758
22.568,-0.214757,0,-0.000878577,-0.000607282
22.57,-0.214757,0,-0.000790719,-0.000546554
22.572,-0.214757,0,-0.000711648,-0.000491898
22.574,-0.214757,0,-0.000640483,-0.000442709
22.576,-0.214757,0,-0.000576435,-0.000398438
22.578,-0.214757,0,-0.000518791,-0.000358594
22.58,-0.214757,0,-0.000466912,-0.000322734
22.582,-0.214757,0,-0.000420221,-0.000290461
22.584,-0.214757,0,-0.000378199,-0.000261415
22.586,-0.214757,0,-0.000340379,-0.000235273
22.588,-0.214757,0,-0.000306341,-0.000211746
22.59,-0.214757,0,-0.000275707,-0.000190571
22.592,-0.214757,0,-0.000248136,-0.000171514
22.594,-0.214757,0,-0.000223323,-0.000154363
22.596,-0.214757,0,-0.00020099,-0.000138927
22.598,-0.214757,0,-0.000180891,-0.000125034
22.6,-0.214757,0,-0.000162802,-0.000112531
22.602,-0.214757,0,-0.000146522,-0.000101278
22.604,-0.214757,0,-0.00013187,-9.11498e-05
22.606,-0.214757,0,-0.000118683,-8.20348e-05
22.608,-0.214757,0,-0.000106814,-7.38313e-05
22.61,-0.214757,0,-9.6133e-05,-6.64482e-05
22.612,-0.214757,0,-8.65197e-05,-5.98034e-05
22.614,-0.214757,0,-7.78678e-05,-5.3823e-05
22.616,-0.214757,0,-7.0081e-05,-4.84407e-05
22.618,-0.214757,0,-6.30729e-05,-4.35966e-05
22.62,-0.214757,0,-5.67656e-05,-3.9237e-05
22.622,-0.214757,0,-5.1089e-05,-3.53133e-05
22.624,-0.214757,0,-4.59801e-05,-3.1782e-05
22.626,-0.214757,0,-4.13821e-05,-2.86038e-05
22.628,-0.214757,0,-3.72439e-05,-2.57434e-05
22.63,-0.214757,0,-3.35195e-05,-2.3169e-05
22.632,-0.214757,0,-3.01676e-05,-2.08521e-05
22.634,-0.214757,0,-2.71508e-05,-1.87669e-05
22.636,-0.214757,0,-2.44357e-05,-1.68902e-05
22.638,-0.214757,0,-2.19922e-05,-1.52012e-05
22.64,-0.214757,0,-1.97929e-05,-1.36811e-05
22.642,-0.214757,0,-1.78136e-05,-1.2313e-05
22.644,-0.214757,0,-1.60323e-05,-1.10817e-05
22.646,-0.214757,0,-1.44291e-05,-9.97351e-06
22.648,-0.214757,0,-1.29861e-05,-8.97616e-06
22.65,-0.214757,0,-1.16875e-05,-8.07855e-06
22.652,-0.214757,0,-1.05188e-05,-7.27069e-06
22.654,-0.214757,-0.00306796,-9.4669e-06,-0.153405
22.656,-0.214757,-0.00306796,-8.52021e-06,-0.138064
22.658,-0.214757,-0.00306796,-7.66819e-06,-0.124258
22.66,-0.214757,-0.00306796,-6.90137e-06,-0.111832
22.662,-0.214757,-0.00306796,-6.21123e-06,-0.100649
22.664,-0.214757,-0.00306796,-5.59011e-06,-0.0905839
22.666,-0.214757,-0.00306796,-5.0311e-06,-0.0815255
22.668,-0.214757,-0.00306796,-4.52799e-06,-0.073373
22.67,-0.214757,-0.00306796,-4.07519e-06,-0.0660357
22.672,-0.214757,-0.00306796,-3.66767e-06,-0.0594321
22.674,-0.214757,0,-3.3009e-06,0.0999092
22.676,-0.214757,0,-2.97081e-06,0.0899183
22.678,-0.214757,0,-2.67373e-06,0.0809264
22.68,-0.214757,0,-2.40636e-06,0.0728338
22.682,-0.214757,0,-2.16572e-06,0.0655504
22.684,-0.214757,0,-1.94915e-06,0.0589954
22.686,-0.214757,0,-1.75424e-06,0.0530958
22.688,-0.214757,0,-1.57881e-06,0.0477863
22.69,-0.214757,0,-1.42093e-06,0.0430076
22.692,-0.214757,0,-1.27884e-06,0.0387069
22.694,-0.214757,0,-1.15095e-06,0.0348362
22.696,-0.214757,0,-1.03586e-06,0.0313526
22.698,-0.214757,0,-9.32273e-07,0.0282173
22.7,-0.214757,0,-8.39046e-07,0.0253956
22.702,-0.214757,0,-7.55141e-07,0.022856
22.704,-0.214757,0,-6.79627e-07,0.0205704
22.706,-0.214757,0,-6.11664e-07,0.0185134
22.708,-0.214757,0,-5.50498e-07,0.016662
22.71,-0.214757,0,-4.95448e-07,0.0149958
22.712,-0.214757,0,-4.45903e-07,0.0134963
22.714,-0.214757,0,-4.01313e-07,0.0121466
22.716,-0.214757,-0.00306796,-3.61182e-07,-0.142466
22.718,-0.214757,-0.00306796,-3.25063e-07,-0.12822
22.72,-0.214757,-0.00306796,-2.92557e-07,-0.115398
22.722,-0.214757,-0.00306796,-2.63301e-07,-0.103858
22.724,-0.214757,-0.00306796,-2.36971e-07,-0.093472
22.726,-0.214757,-0.00306796,-2.13274e-07,-0.0841248
22.728,-0.214757,-0.00306796,-1.91947e-07,-0.0757123
22.73,-0.214757,-0.00306796,-1.72752e-07,-0.0681411
22.732,-0.214757,-0.00306796,-1.55477e-07,-0.061327
22.734,-0.214757,-0.00306796,-1.39929e-07,-0.0551943
22.736,-0.214757,-0.00306796,-1.25936e-07,-0.0496749
22.738,-0.214757,-0.00306796,-1.13343e-07,-0.0447074
22.74,-0.214757,-0.00306796,-1.02008e-07,-0.0402366
22.742,-0.214757,-0.00306796,-9.18075e-08,-0.036213
22.744,-0.214757,-0.00306796,-8.26268e-08,-0.0325917
22.746,-0.214757,-0.00306796,-7.43641e-08,-0.0293325
22.748,-0.214757,-0.00306796,-6.69277e-08,-0.0263993
22.75,-0.214757,-0.00306796,-6.02349e-08,-0.0237593
22.752,-0.211689,-0.00306796,0.153398,-0.0213834
22.754,-0.211689,-0.00306796,0.138058,-0.0192451
22.756,-0.211689,-0.00306796,0.124252,-0.0173206
22.758,-0.211689,0,0.111827,0.13781
22.76,-0.211689,0,0.100644,0.124029
22.762,-0.211689,0,0.09058,0.111626
22.764,-0.211689,0,0.081522,0.100463
22.766,-0.211689,0,0.0733698,0.0904169
22.768,-0.211689,0,0.0660328,0.0813752
22.77,-0.211689,0,0.0594295,0.0732377
22.772,-0.211689,0,0.0534866,0.0659139
22.774,-0.211689,0,0.0481379,0.0593225
22.776,-0.211689,0,0.0433241,0.0533903
22.778,-0.211689,0,0.0389917,0.0480512
22.78,-0.211689,0,0.0350925,0.0432461
22.782,-0.211689,0,0.0315833,0.0389215
22.784,-0.208621,0,0.181823,0.0350293
22.786,-0.208621,0,0.163641,0.0315264
22.788,-0.208621,0,0.147277,0.0283738
22.79,-0.208621,0,0.132549,0.0255364
22.792,-0.208621,0,0.119294,0.0229828
22.794,-0.208621,0,0.107365,0.0206845
22.796,-0.208621,0,0.0966282,0.018616
22.798,-0.208621,0,0.0869654,0.0167544
22.8,-0.208621,0,0.0782689,0.015079
22.802,-0.208621,0,0.070442,0.0135711
22.804,-0.208621,0,0.0633978,0.012214
22.806,-0.208621,-0.00306796,0.057058,-0.142405
22.808,-0.208621,-0.00306796,0.0513522,-0.128165
22.81,-0.208621,-0.00306796,0.046217,-0.115348
22.812,-0.208621,-0.00306796,0.0415953,-0.103814
22.814,-0.208621,-0.00306796,0.0374358,-0.0934322
22.816,-0.208621,-0.00306796,0.0336922,-0.084089
22.818,-0.208621,-0.00306796,0.030323,-0.0756801
22.82,-0.208621,-0.00306796,0.0272907,-0.0681121
22.822,-0.208621,-0.00306796,0.0245616,-0.0613009
22.824,-0.208621,-0.00306796,0.0221054,-0.0551708
22.826,-0.208621,-0.00306796,0.0198949,-0.0496537
22.828,-0.208621,-0.00306796,0.0179054,-0.0446884
22.83,-0.208621,-0.00306796,0.0161149,-0.0402195
22.832,-0.208621,-0.00306796,0.0145034,-0.0361976
22.834,-0.208621,-0.00306796,0.013053,-0.0325778
22.836,-0.208621,-0.00306796,0.0117477,-0.02932
22.838,-0.208621,-0.00306796,0.010573,-0.026388
22.84,-0.208621,-0.00306796,0.00951567,-0.0237492
22.842,-0.205553,-0.00306796,0.161962,-0.0213743
22.844,-0.205553,-0.00306796,0.145766,-0.0192369
22.846,-0.205553,-0.00306796,0.131189,-0.0173132
22.848,-0.205553,-0.00306796,0.11807,-0.0155819
22.85,-0.205553,-0.00306796,0.106263,-0.0140237
22.852,-0.205553,-0.00306796,0.095637,-0.0126213
22.854,-0.205553,-0.00306796,0.0860733,-0.0113592
22.856,-0.205553,-0.00306796,0.077466,-0.0102233
22.858,-0.205553,0,0.0697194,0.144197
22.86,-0.205553,0,0.0627475,0.129777
22.862,-0.205553,0,0.0564727,0.1168
22.864,-0.202485,0,0.204224,0.10512
22.866,-0.202485,0,0.183801,0.0946077
22.868,-0.202485,0,0.165421,0.085147
22.87,-0.202485,0,0.148879,0.0766323
22.872,-0.202485,0,0.133991,0.068969
22.874,-0.202485,0,0.120592,0.0620721
22.876,-0.202485,0,0.108533,0.0558649
22.878,-0.202485,0,0.0976795,0.0502784
22.88,-0.202485,0,0.0879115,0.0452506
22.882,-0.202485,0,0.0791204,0.0407255
22.884,-0.202485,0,0.0712083,0.036653
22.886,-0.202485,0,0.0640875,0.0329877
22.888,-0.202485,0,0.0576788,0.0296889
22.89,-0.202485,0,0.0519109,0.02672
22.892,-0.199418,0,0.200118,0.024048
22.894,-0.199418,0,0.180106,0.0216432
22.896,-0.199418,0,0.162095,0.0194789
22.898,-0.199418,0,0.145886,0.017531
22.9,-0.199418,0,0.131297,0.0157779
22.902,-0.199418,0,0.118168,0.0142001
22.904,-0.199418,0,0.106351,0.0127801
22.906,-0.199418,0,0.0957158,0.0115021
22.908,-0.199418,0,0.0861442,0.0103519
22.91,-0.199418,0,0.0775298,0.0093167
22.912,-0.199418,0,0.0697768,0.00838503
22.914,-0.199418,0,0.0627991,0.00754652
22.916,-0.199418,0,0.0565192,0.00679187
22.918,-0.19635,0,0.204265,0.00611268
22.92,-0.19635,0,0.183839,0.00550142
22.922,-0.19635,0,0.165455,0.00495127
22.924,-0.19635,0,0.148909,0.00445615
22.926,-0.19635,0,0.134019,0.00401053
22.928,-0.19635,0,0.120617,0.00360948
22.93,-0.19635,0,0.108555,0.00324853
22.932,-0.19635,0,0.0976995,0.00292368
22.934,-0.19635,0,0.0879295,0.00263131
22.936,-0.19635,0,0.0791366,0.00236818
22.938,-0.193282,0,0.224621,0.00213136
22.94,-0.193282,0,0.202159,0.00191822
22.942,-0.193282,0,0.181943,0.0017264
22.944,-0.193282,0,0.163749,0.00155376
22.946,-0.193282,0,0.147374,0.00139839
22.948,-0.193282,0.00306796,0.132636,0.154657
22.95,-0.193282,0.00306796,0.119373,0.139191
22.952,-0.193282,0.00306796,0.107436,0.125272
22.954,-0.193282,0.00306796,0.096692,0.112745
22.956,-0.190214,0.00306796,0.240421,0.10147
22.958,-0.190214,0.00306796,0.216379,0.0913232
22.96,-0.190214,0.00306796,0.194741,0.0821909
22.962,-0.190214,0.00306796,0.175267,0.0739718
22.964,-0.190214,0.00306796,0.15774,0.0665746
22.966,-0.190214,0.00306796,0.141966,0.0599171
22.968,-0.190214,0.00306796,0.12777,0.0539254
22.97,-0.190214,0.00306796,0.114993,0.0485329
22.972,-0.190214,0.00306796,0.103493,0.0436796
22.974,-0.190214,0.00306796,0.093144,0.0393116
22.976,-0.190214,0.00306796,0.0838296,0.0353805
22.978,-0.190214,0.00306796,0.0754466,0.0318424
22.98,-0.190214,0.00306796,0.067902,0.0286582
22.982,-0.190214,0.00306796,0.0611118,0.0257924
22.984,-0.190214,0.00306796,0.0550006,0.0232131
22.986,-0.190214,0.00306796,0.0495005,0.0208918
22.988,-0.190214,0.00306796,0.0445505,0.0188026
22.99,-0.187146,0.00306796,0.193494,0.0169224
22.992,-0.187146,0.00306796,0.174144,0.0152301
22.994,-0.187146,0.00306796,0.15673,0.0137071
22.996,-0.187146,0.00306796,0.141057,0.0123364
22.998,-0.187146,0.00306796,0.126951,0.0111028
23,-0.187146,0.00306796,0.114256,0.00999249
23.002,-0.187146,0.00306796,0.10283,0.00899324
23.004,-0.187146,0,0.0925473,-0.145304
23.006,-0.187146,0,0.0832926,-0.130774
23.008,-0.187146,0,0.0749633,-0.117696
23.01,-0.187146,0,0.067467,-0.105927
23.012,-0.187146,0,0.0607203,-0.0953341
23.014,-0.187146,0,0.0546483,-0.0858007
23.016,-0.187146,0,0.0491835,-0.0772206
23.018,-0.187146,0,0.0442651,-0.0694985
23.02,-0.187146,0,0.0398386,-0.0625487
23.022,-0.187146,0,0.0358547,-0.0562938
23.024,-0.187146,0,0.0322693,-0.0506644
23.026,-0.187146,0,0.0290423,-0.045598
23.028,-0.187146,0,0.0261381,-0.0410382
23.03,-0.187146,0,0.0235243,-0.0369344
23.032,-0.187146,0,0.0211719,-0.0332409
23.034,-0.187146,0,0.0190547,-0.0299168
23.036,-0.187146,0,0.0171492,-0.0269252
23.038,-0.187146,0,0.0154343,-0.0242326
23.04,-0.187146,0,0.0138909,-0.0218094
23.042,-0.187146,0,0.0125018,-0.0196284
23.044,-0.187146,0,0.0112516,-0.0176656
23.046,-0.184078,0,0.163525,-0.015899
23.048,-0.184078,0,0.147172,-0.0143091
23.05,-0.184078,0,0.132455,-0.0128782
23.052,-0.184078,0,0.119209,-0.0115904
23.054,-0.184078,0,0.107288,-0.0104314
23.056,-0.184078,0,0.0965596,-0.00938822
23.058,-0.184078,0,0.0869036,-0.0084494
23.06,-0.184078,0,0.0782133,-0.00760446
23.062,-0.184078,0,0.0703919,-0.00684401
23.064,-0.184078,0,0.0633527,-0.00615961
23.066,-0.184078,0,0.0570175,-0.00554365
23.068,-0.184078,0,0.0513157,-0.00498929
23.07,-0.18101,0,0.199582,-0.00449036
23.072,-0.18101,0,0.179624,-0.00404132
23.074,-0.18101,0,0.161662,-0.00363719
23.076,-0.18101,0,0.145495,-0.00327347
23.078,-0.18101,0,0.130946,-0.00294612
23.08,-0.18101,0,0.117851,-0.00265151
23.082,-0.18101,0,0.106066,-0.00238636
23.084,-0.18101,0,0.0954596,-0.00214772
23.086,-0.18101,0,0.0859136,-0.00193295
23.088,-0.18101,0,0.0773222,-0.00173966
23.09,-0.177942,0,0.222988,-0.00156569
23.092,-0.177942,0,0.200689,-0.00140912
23.094,-0.177942,0,0.18062,-0.00126821
23.096,-0.177942,0,0.162558,-0.00114139
23.098,-0.177942,0,0.146302,-0.00102725
23.1,-0.177942,0,0.131672,-0.000924525
23.102,-0.177942,0,0.118505,-0.000832072
23.104,-0.177942,0,0.106655,-0.000748865
23.106,-0.177942,0,0.0959891,-0.000673978
23.108,-0.174874,0.00306796,0.239788,0.152791
23.11,-0.174874,0.00306796,0.215809,0.137512
23.112,-0.174874,0.00306796,0.194228,0.123761
23.114,-0.174874,0.00306796,0.174806,0.111385
23.116,-0.174874,0.00306796,0.157325,0.100247
23.118,-0.174874,0.00306796,0.141593,0.0902219
23.12,-0.174874,0.00306796,0.127433,0.0811997
23.122,-0.171806,0.00306796,0.268088,0.0730797
23.124,-0.171806,0.00306796,0.241279,0.0657717
23.126,-0.171806,0.00306796,0.217151,0.0591946
23.128,-0.171806,0.00306796,0.195436,0.0532751
23.13,-0.171806,0.00306796,0.175893,0.0479476
23.132,-0.171806,0.00306796,0.158303,0.0431528
23.134,-0.171806,0.00306796,0.142473,0.0388375
23.136,-0.171806,0.00306796,0.128226,0.0349538
23.138,-0.168738,0.00306796,0.268801,0.0314584
23.14,-0.168738,0.00306796,0.241921,0.0283126
23.142,-0.168738,0.00306796,0.217729,0.0254813
23.144,-0.168738,0.00306796,0.195956,0.0229332
23.146,-0.168738,0.00306796,0.17636,0.0206399
23.148,-0.168738,0.00306796,0.158724,0.0185759
23.15,-0.168738,0.00306796,0.142852,0.0167183
23.152,-0.168738,0.00306796,0.128567,0.0150465
23.154,-0.168738,0.00306796,0.11571,0.0135418
23.156,-0.168738,0.00306796,0.104139,0.0121876
23.158,-0.16567,0.00306796,0.247123,0.0109689
23.16,-0.16567,0.00306796,0.222411,0.00987198
23.162,-0.16567,0.00306796,0.20017,0.00888479
23.164,-0.16567,0.00613592,0.180153,0.161394
23.166,-0.16567,0.00613592,0.162138,0.145255
23.168,-0.16567,0.00613592,0.145924,0.130729
23.17,-0.16567,0.00613592,0.131331,0.117657
23.172,-0.16567,0.00613592,0.118198,0.105891
23.174,-0.16567,0.00613592,0.106378,0.0953018
23.176,-0.16567,0.00613592,0.0957406,0.0857716
23.178,-0.16567,0.00613592,0.0861666,0.0771944
23.18,-0.16567,0.00613592,0.0775499,0.069475
23.182,-0.16567,0.00613592,0.0697949,0.0625275
23.184,-0.162602,0.00613592,0.216213,0.0562747
23.186,-0.162602,0.00613592,0.194592,0.0506473
23.188,-0.162602,0.00613592,0.175133,0.0455825
23.19,-0.162602,0.00613592,0.15762,0.0410243
23.192,-0.162602,0.00613592,0.141858,0.0369219
23.194,-0.162602,0.00613592,0.127672,0.0332297
23.196,-0.162602,0.00613592,0.114905,0.0299067
23.198,-0.162602,0.00613592,0.103414,0.026916
23.2,-0.162602,0.00613592,0.0930728,0.0242244
23.202,-0.162602,0.00306796,0.0837655,-0.131596
23.204,-0.162602,0.00306796,0.075389,-0.118436
23.206,-0.162602,0.00306796,0.0678501,-0.106593
23.208,-0.162602,0.00306796,0.0610651,-0.0959335
23.21,-0.162602,0.00306796,0.0549586,-0.0863402
23.212,-0.162602,0.00306796,0.0494627,-0.0777062
23.214,-0.162602,0.00306796,0.0445164,-0.0699356
23.216,-0.162602,0.00306796,0.0400648,-0.062942
23.218,-0.162602,0.00306796,0.0360583,-0.0566478
23.22,-0.162602,0.00306796,0.0324525,-0.050983
23.222,-0.162602,0.00306796,0.0292072,-0.0458847
23.224,-0.162602,0.00306796,0.0262865,-0.0412962
23.226,-0.162602,0.00306796,0.0236579,-0.0371666
23.228,-0.162602,0.00306796,0.0212921,-0.03345
23.23,-0.162602,0.00306796,0.0191629,-0.030105
23.232,-0.162602,0.00306796,0.0172466,-0.0270945
23.234,-0.162602,0.00306796,0.0155219,-0.024385
23.236,-0.162602,0.00306796,0.0139697,-0.0219465
23.238,-0.162602,0.00306796,0.0125728,-0.0197519
23.24,-0.162602,0.00306796,0.0113155,-0.0177767
23.242,-0.162602,0.00306796,0.0101839,-0.015999
23.244,-0.162602,0.00306796,0.00916554,-0.0143991
23.246,-0.162602,0.00306796,0.00824899,-0.0129592
23.248,-0.162602,0,0.00742409,-0.165061
23.25,-0.162602,0,0.00668168,-0.148555
23.252,-0.162602,0,0.00601351,-0.1337
23.254,-0.162602,0,0.00541216,-0.12033
23.256,-0.162602,0,0.00487094,-0.108297
23.258,-0.162602,0,0.00438385,-0.0974671
23.26,-0.162602,0,0.00394546,-0.0877204
23.262,-0.162602,0,0.00355092,-0.0789483
23.264,-0.162602,0,0.00319583,-0.0710535
23.266,-0.162602,0,0.00287624,-0.0639482
23.268,-0.162602,0,0.00258862,-0.0575533
23.27,-0.162602,0,0.00232976,-0.051798
23.272,-0.162602,0,0.00209678,-0.0466182
23.274,-0.162602,0,0.0018871,-0.0419564
23.276,-0.162602,0,0.00169839,-0.0377607
23.278,-0.162602,0,0.00152855,-0.0339847
23.28,-0.162602,0,0.0013757,-0.0305862
23.282,-0.162602,0,0.00123813,-0.0275276
23.284,-0.162602,0,0.00111432,-0.0247748
23.286,-0.162602,0,0.00100288,-0.0222973
23.288,-0.162602,0,0.000902596,-0.0200676
23.29,-0.162602,0,0.000812336,-0.0180608
23.292,-0.162602,0,0.000731103,-0.0162548
23.294,-0.162602,0,0.000657992,-0.0146293
23.296,-0.162602,0,0.000592193,-0.0131664
23.298,-0.159534,0,0.153931,-0.0118497
23.3,-0.159534,-0.00306796,0.138538,-0.164063
23.302,-0.159534,-0.00306796,0.124684,-0.147657
23.304,-0.159534,-0.00306796,0.112216,-0.132891
23.306,-0.159534,-0.00306796,0.100994,-0.119602
23.308,-0.159534,-0.00306796,0.0908947,-0.107642
23.31,-0.159534,-0.00306796,0.0818053,-0.0968775
23.312,-0.159534,-0.00306796,0.0736247,-0.0871897
23.314,-0.159534,-0.00306796,0.0662623,-0.0784707
23.316,-0.159534,-0.00306796,0.059636,-0.0706237
23.318,-0.159534,-0.00306796,0.0536724,-0.0635613
23.32,-0.159534,-0.00306796,0.0483052,-0.0572052
23.322,-0.159534,-0.00306796,0.0434747,-0.0514847
23.324,-0.159534,-0.00306796,0.0391272,-0.0463362
23.326,-0.159534,-0.00306796,0.0352145,-0.0417026
23.328,-0.159534,-0.00306796,0.031693,-0.0375323
23.33,-0.159534,-0.00306796,0.0285237,-0.0337791
23.332,-0.156466,-0.00306796,0.179069,-0.0304012
23.334,-0.156466,-0.00306796,0.161162,-0.0273611
23.336,-0.156466,-0.00306796,0.145046,-0.024625
23.338,-0.156466,-0.00306796,0.130542,-0.0221625
23.34,-0.156466,-0.00306796,0.117487,-0.0199462
23.342,-0.156466,-0.00306796,0.105739,-0.0179516
23.344,-0.156466,-0.00306796,0.0951648,-0.0161564
23.346,-0.156466,-0.00306796,0.0856484,-0.0145408
23.348,-0.156466,-0.00306796,0.0770835,-0.0130867
23.35,-0.156466,-0.00306796,0.0693752,-0.011778
23.352,-0.156466,-0.00306796,0.0624377,-0.0106002
23.354,-0.156466,-0.00306796,0.0561939,-0.00954021
23.356,-0.156466,-0.00306796,0.0505745,-0.00858619
23.358,-0.156466,-0.00306796,0.045517,-0.00772757
23.36,-0.156466,-0.00306796,0.0409653,-0.00695481
23.362,-0.153398,-0.00306796,0.190267,-0.00625933
23.364,-0.153398,-0.00306796,0.17124,-0.0056334
23.366,-0.153398,-0.00306796,0.154116,-0.00507006
23.368,-0.153398,-0.00306796,0.138705,-0.00456305
23.37,-0.153398,-0.00306796,0.124834,-0.00410675
23.372,-0.153398,0,0.112351,0.149702
23.374,-0.153398,0,0.101116,0.134732
23.376,-0.153398,0,0.0910041,0.121259
23.378,-0.153398,0,0.0819037,0.109133
23.38,-0.153398,0,0.0737133,0.0982195
23.382,-0.153398,0,0.066342,0.0883975
23.384,-0.153398,0,0.0597078,0.0795578
23.386,-0.153398,0,0.053737,0.071602
23.388,-0.153398,0,0.0483633,0.0644418
23.39,-0.15033,0,0.196925,0.0579976
23.392,-0.15033,0,0.177233,0.0521979
23.394,-0.15033,0,0.159509,0.0469781
23.396,-0.15033,0,0.143558,0.0422803
23.398,-0.15033,0,0.129203,0.0380522
23.4,-0.15033,0,0.116282,0.034247
23.402,-0.15033,0,0.104654,0.0308223
23.404,-0.15033,0,0.0941886,0.0277401
23.406,-0.15033,0,0.0847698,0.0249661
23.408,-0.15033,0,0.0762928,0.0224695
23.41,-0.15033,-0.00306796,0.0686635,-0.133176
23.412,-0.15033,-0.00306796,0.0617972,-0.119858
23.414,-0.15033,-0.00306796,0.0556174,-0.107872
23.416,-0.15033,-0.00306796,0.0500557,-0.097085
23.418,-0.15033,-0.00306796,0.0450501,-0.0873765
23.42,-0.147262,-0.00306796,0.193943,-0.0786388
23.422,-0.147262,-0.00306796,0.174549,-0.070775
23.424,-0.147262,-0.00306796,0.157094,-0.0636975
23.426,-0.147262,-0.00306796,0.141385,-0.0573277
23.428,-0.147262,-0.00306796,0.127246,-0.0515949
23.43,-0.147262,-0.00306796,0.114522,-0.0464354
23.432,-0.147262,-0.00306796,0.103069,-0.0417919
23.434,-0.147262,-0.00306796,0.0927624,-0.0376127
23.436,-0.147262,-0.00306796,0.0834862,-0.0338514
23.438,-0.147262,-0.00306796,0.0751376,-0.0304663
23.44,-0.147262,-0.00306796,0.0676238,-0.0274197
23.442,-0.144194,-0.00306796,0.21426,-0.0246777
23.444,-0.144194,-0.00306796,0.192834,-0.0222099
23.446,-0.144194,-0.00306796,0.17355,-0.0199889
23.448,-0.144194,-0.00306796,0.156195,-0.01799
23.45,-0.144194,-0.00306796,0.140576,-0.016191
23.452,-0.144194,-0.00306796,0.126518,-0.0145719
23.454,-0.144194,-0.00306796,0.113866,-0.0131147
23.456,-0.144194,-0.00306796,0.10248,-0.0118033
23.458,-0.144194,-0.00306796,0.0922317,-0.0106229
23.46,-0.144194,-0.00306796,0.0830085,-0.00956065
23.462,-0.144194,-0.00306796,0.0747077,-0.00860458
23.464,-0.144194,-0.00306796,0.0672369,-0.00774412
23.466,-0.144194,-0.00306796,0.0605132,-0.00696971
23.468,-0.141126,-0.00306796,0.20786,-0.00627274
23.47,-0.141126,-0.00306796,0.187074,-0.00564547
23.472,-0.141126,-0.00306796,0.168367,-0.00508092
23.474,-0.141126,-0.00306796,0.15153,-0.00457283
23.476,-0.141126,-0.00306796,0.136377,-0.00411554
23.478,-0.141126,-0.00306796,0.122739,-0.00370399
23.48,-0.141126,-0.00306796,0.110465,-0.00333359
23.482,-0.141126,-0.00306796,0.0994188,-0.00300023
23.484,-0.141126,-0.00306796,0.0894769,-0.00270021
23.486,-0.141126,-0.00306796,0.0805292,-0.00243019
23.488,-0.141126,-0.00306796,0.0724763,-0.00218717
23.49,-0.141126,-0.00306796,0.0652287,-0.00196845
23.492,-0.138058,-0.00306796,0.212104,-0.00177161
23.494,-0.138058,-0.00306796,0.190893,-0.00159445
23.496,-0.138058,-0.00306796,0.171804,-0.001435
23.498,-0.138058,-0.00306796,0.154624,-0.0012915
23.5,-0.138058,-0.00306796,0.139161,-0.00116235
23.502,-0.138058,-0.00306796,0.125245,-0.00104612
23.504,-0.138058,-0.00306796,0.112721,-0.000941505
23.506,-0.138058,-0.00306796,0.101449,-0.000847354
23.508,-0.138058,-0.00306796,0.0913038,-0.000762619
23.51,-0.138058,-0.00306796,0.0821734,-0.000686357
23.512,-0.13499,-0.00306796,0.227354,-0.000617721
23.514,-0.13499,-0.00306796,0.204619,-0.000555949
23.516,-0.13499,-0.00306796,0.184157,-0.000500354
23.518,-0.13499,-0.00306796,0.165741,-0.000450319
23.52,-0.13499,-0.00306796,0.149167,-0.000405287
23.522,-0.13499,-0.00306796,0.13425,-0.000364758
23.524,-0.13499,-0.00306796,0.120825,-0.000328282
23.526,-0.13499,-0.00306796,0.108743,-0.000295454
23.528,-0.131922,-0.00306796,0.251267,-0.000265909
23.53,-0.131922,-0.00306796,0.22614,-0.000239318
23.532,-0.131922,-0.00306796,0.203526,-0.000215386
23.534,-0.131922,-0.00306796,0.183173,-0.000193847
23.536,-0.131922,-0.00306796,0.164856,-0.000174463
23.538,-0.131922,-0.00306796,0.14837,-0.000157016
23.54,-0.131922,-0.00306796,0.133533,-0.000141315
23.542,-0.131922,-0.00306796,0.12018,-0.000127183
23.544,-0.131922,-0.00306796,0.108162,-0.000114465
23.546,-0.131922,-0.00306796,0.0973458,-0.000103018
23.548,-0.131922,-0.00306796,0.0876112,-9.27166e-05
23.55,-0.128854,-0.00306796,0.232248,-8.3445e-05
23.552,-0.128854,-0.00306796,0.209023,-7.51005e-05
23.554,-0.128854,-0.00306796,0.188121,-6.75904e-05
23.556,-0.128854,-0.00306796,0.169309,-6.08314e-05
23.558,-0.128854,-0.00306796,0.152378,-5.47482e-05
23.56,-0.128854,-0.00306796,0.13714,-4.92734e-05
23.562,-0.128854,-0.00306796,0.123426,-4.43461e-05
23.564,-0.128854,-0.00306796,0.111084,-3.99115e-05
23.566,-0.128854,-0.00306796,0.0999752,-3.59203e-05
23.568,-0.128854,-0.00306796,0.0899777,-3.23283e-05
23.57,-0.128854,-0.00306796,0.0809799,-2.90955e-05
23.572,-0.128854,-0.00306796,0.0728819,-2.61859e-05
23.574,-0.125786,-0.00306796,0.218992,-2.35673e-05
23.576,-0.125786,-0.00306796,0.197093,-2.12106e-05
23.578,-0.125786,-0.00306796,0.177383,-1.90895e-05
23.58,-0.125786,-0.00306796,0.159645,-1.71806e-05
23.582,-0.125786,-0.00306796,0.143681,-1.54625e-05
23.584,-0.125786,-0.00306796,0.129312,-1.39163e-05
23.586,-0.125786,-0.00306796,0.116381,-1.25246e-05
23.588,-0.125786,-0.00306796,0.104743,-1.12722e-05
23.59,-0.125786,-0.00306796,0.0942688,-1.0145e-05
23.592,-0.122718,-0.00306796,0.23824,-9.13046e-06
23.594,-0.122718,-0.00306796,0.214416,-8.21742e-06
23.596,-0.122718,-0.00306796,0.192974,-7.39568e-06
23.598,-0.122718,-0.00306796,0.173677,-6.65611e-06
23.6,-0.122718,-0.00306796,0.156309,-5.9905e-06
23.602,-0.122718,-0.00306796,0.140678,-5.39145e-06
23.604,-0.122718,-0.00306796,0.126611,-4.8523e-06
23.606,-0.122718,-0.00306796,0.113949,-4.36707e-06
23.608,-0.122718,-0.00306796,0.102555,-3.93037e-06
23.61,-0.122718,-0.00306796,0.0922991,-3.53733e-06
23.612,-0.119651,-0.00306796,0.236467,-3.1836e-06
23.614,-0.119651,-0.00306796,0.212821,-2.86524e-06
23.616,-0.119651,-0.00306796,0.191538,-2.57871e-06
23.618,-0.119651,-0.00306796,0.172385,-2.32084e-06
23.62,-0.119651,-0.00306796,0.155146,-2.08876e-06
23.622,-0.119651,-0.00306796,0.139632,-1.87988e-06
23.624,-0.119651,-0.00306796,0.125668,-1.69189e-06
23.626,-0.119651,-0.00306796,0.113102,-1.5227e-06
23.628,-0.119651,-0.00613592,0.101791,-0.153399
23.63,-0.119651,-0.00613592,0.0916123,-0.13806
23.632,-0.119651,-0.00613592,0.082451,-0.124254
23.634,-0.119651,-0.00613592,0.0742059,-0.111828
23.636,-0.119651,-0.00613592,0.0667853,-0.100645
23.638,-0.116583,-0.00613592,0.213505,-0.0905808
23.64,-0.116583,-0.00613592,0.192154,-0.0815228
23.642,-0.116583,-0.00613592,0.172939,-0.0733705
23.644,-0.116583,-0.00613592,0.155645,-0.0660334
23.646,-0.116583,-0.00613592,0.140081,-0.0594301
23.648,-0.116583,-0.00613592,0.126072,-0.0534871
23.65,-0.116583,-0.00613592,0.113465,-0.0481384
23.652,-0.116583,-0.00613592,0.102119,-0.0433245
23.654,-0.116583,-0.00613592,0.0919068,-0.0389921
23.656,-0.116583,-0.00613592,0.0827162,-0.0350929
23.658,-0.116583,-0.00613592,0.0744445,-0.0315836
23.66,-0.116583,-0.00613592,0.0670001,-0.0284252
23.662,-0.116583,-0.00613592,0.0603001,-0.0255827
23.664,-0.116583,-0.00613592,0.0542701,-0.0230244
23.666,-0.113515,-0.00920388,0.202241,-0.17412
23.668,-0.113515,-0.00920388,0.182017,-0.156708
23.67,-0.113515,-0.00920388,0.163815,-0.141037
23.672,-0.113515,-0.00920388,0.147434,-0.126934
23.674,-0.113515,-0.00920388,0.13269,-0.11424
23.676,-0.113515,-0.00920388,0.119421,-0.102816
23.678,-0.113515,-0.00920388,0.107479,-0.0925345
23.68,-0.113515,-0.00920388,0.0967313,-0.0832811
23.682,-0.113515,-0.00920388,0.0870582,-0.074953
23.684,-0.113515,-0.00920388,0.0783524,-0.0674577
23.686,-0.110447,-0.00920388,0.223915,-0.0607119
23.688,-0.110447,-0.00920388,0.201524,-0.0546407
23.69,-0.110447,-0.00920388,0.181371,-0.0491767
23.692,-0.110447,-0.00920388,0.163234,-0.044259
23.694,-0.110447,-0.00920388,0.146911,-0.0398331
23.696,-0.110447,-0.00920388,0.13222,-0.0358498
23.698,-0.107379,-0.00920388,0.272396,-0.0322648
23.7,-0.107379,-0.00920388,0.245156,-0.0290383
23.702,-0.107379,-0.00920388,0.220641,-0.0261345
23.704,-0.107379,-0.00920388,0.198577,-0.023521
23.706,-0.107379,-0.00920388,0.178719,-0.0211689
23.708,-0.107379,-0.00920388,0.160847,-0.019052
23.71,-0.107379,-0.00920388,0.144762,-0.0171468
23.712,-0.104311,-0.00920388,0.283684,-0.0154322
23.714,-0.104311,-0.00920388,0.255316,-0.0138889
23.716,-0.104311,-0.00920388,0.229784,-0.0125
23.718,-0.104311,-0.00920388,0.206806,-0.01125
23.72,-0.104311,-0.00920388,0.186125,-0.010125
23.722,-0.104311,-0.00920388,0.167513,-0.00911253
23.724,-0.101243,-0.00920388,0.304159,-0.00820128
23.726,-0.101243,-0.00920388,0.273744,-0.00738115
23.728,-0.101243,-0.00920388,0.246369,-0.00664304
23.73,-0.101243,-0.00920388,0.221732,-0.00597873
23.732,-0.0981748,-0.00920388,0.352957,-0.00538086
23.734,-0.0981748,-0.00920388,0.317661,-0.00484277
23.736,-0.0981748,-0.00920388,0.285895,-0.0043585
23.738,-0.0981748,-0.00920388,0.257306,-0.00392265
23.74,-0.0951068,-0.00920388,0.384973,-0.00353038
23.742,-0.0951068,-0.00920388,0.346476,-0.00317734
23.744,-0.0951068,-0.00920388,0.311828,-0.00285961
23.746,-0.0951068,-0.00920388,0.280645,-0.00257365
23.748,-0.0920388,-0.00920388,0.405979,-0.00231628
23.75,-0.0920388,-0.00920388,0.365381,-0.00208466
23.752,-0.0920388,-0.00920388,0.328843,-0.00187619
23.754,-0.0920388,-0.00920388,0.295959,-0.00168857
23.756,-0.0920388,-0.00613592,0.266363,0.151878
23.758,-0.0889709,-0.00613592,0.393125,0.136691
23.76,-0.0889709,-0.00613592,0.353812,0.123021
23.762,-0.0889709,-0.00613592,0.318431,0.110719
23.764,-0.0859029,-0.00613592,0.439986,0.0996474
23.766,-0.0859029,-0.00613592,0.395987,0.0896827
23.768,-0.082835,-0.00613592,0.509787,0.0807144
23.77,-0.082835,-0.00613592,0.458808,0.072643
23.772,-0.082835,-0.00613592,0.412927,0.0653787
23.774,-0.082835,-0.00613592,0.371634,0.0588408
23.776,-0.079767,-0.00613592,0.487869,0.0529567
23.778,-0.079767,-0.00306796,0.439082,0.201059
23.78,-0.079767,-0.00306796,0.395174,0.180953
23.782,-0.079767,-0.00306796,0.355657,0.162858
23.784,-0.076699,-0.00306796,0.473489,0.146572
23.786,-0.076699,-0.00306796,0.42614,0.131915
23.788,-0.076699,-0.00306796,0.383526,0.118723
23.79,-0.0736311,-0.00306796,0.498572,0.106851
23.792,-0.0736311,-0.00306796,0.448714,0.096166
23.794,-0.0736311,-0.00306796,0.403843,0.0865494
23.796,-0.0705631,-0.00306796,0.516857,0.0778944
23.798,-0.0705631,-0.00306796,0.465171,0.070105
23.8,-0.0705631,-0.00306796,0.418654,0.0630945
23.802,-0.0705631,-0.00306796,0.376789,0.056785
23.804,-0.0674952,0,0.492508,0.204505
23.806,-0.0674952,0,0.443257,0.184054
23.808,-0.0674952,0,0.398931,0.165649
23.81,-0.0674952,0,0.359038,0.149084
23.812,-0.0644272,0,0.476532,0.134175
23.814,-0.0644272,0,0.428879,0.120758
23.816,-0.0644272,0,0.385991,0.108682
23.818,-0.0644272,0,0.347392,0.0978139
23.82,-0.0613592,0,0.466051,0.0880325
23.822,-0.0613592,0,0.419446,0.0792293
23.824,-0.0613592,0,0.377501,0.0713063
23.826,-0.0582913,0,0.493149,0.0641757
23.828,-0.0582913,0,0.443834,0.0577581
23.83,-0.0582913,0,0.399451,0.0519823
23.832,-0.0582913,0,0.359506,0.0467841
23.834,-0.0582913,0,0.323555,0.0421057
23.836,-0.0552233,0,0.444598,0.0378951
23.838,-0.0552233,0,0.400138,0.0341056
23.84,-0.0552233,0,0.360124,0.030695
23.842,-0.0552233,0,0.324112,0.0276255
23.844,-0.0552233,0,0.291701,0.024863
23.846,-0.0521553,0,0.415929,0.0223767
23.848,-0.0521553,0,0.374336,0.020139
23.85,-0.0521553,0,0.336902,0.0181251
23.852,-0.0521553,0,0.303212,0.0163126
23.854,-0.0490874,0,0.426289,0.0146813
23.856,-0.0490874,0,0.38366,0.0132132
23.858,-0.0490874,0,0.345294,0.0118919
23.86,-0.0460194,0,0.464163,0.0107027
23.862,-0.0460194,0,0.417746,0.00963243
23.864,-0.0460194,0,0.375972,0.00866919
23.866,-0.0460194,0,0.338375,0.00780227
23.868,-0.0460194,0,0.304537,0.00702204
23.87,-0.0429515,0,0.427481,0.00631984
23.872,-0.0429515,0,0.384733,0.00568785
23.874,-0.0429515,0,0.34626,0.00511907
23.876,-0.0429515,0,0.311634,0.00460716
23.878,-0.0429515,0,0.280471,0.00414645
23.88,-0.0398835,0,0.405822,0.0037318
23.882,-0.0398835,0,0.365239,0.00335862
23.884,-0.0398835,0,0.328716,0.00302276
23.886,-0.0368155,0,0.449242,0.00272048
23.888,-0.0368155,0,0.404318,0.00244843
23.89,-0.0368155,0,0.363886,0.00220359
23.892,-0.0337476,0,0.480896,0.00198323
23.894,-0.0337476,0,0.432806,0.00178491
23.896,-0.0337476,0,0.389525,0.00160642
23.898,-0.0337476,0.00306796,0.350573,0.154844
23.9,-0.0306796,0.00306796,0.468914,0.139359
23.902,-0.0306796,0.00306796,0.422022,0.125424
23.904,-0.0306796,0.00306796,0.37982,0.112881
23.906,-0.0306796,0.00306796,0.341838,0.101593
23.908,-0.0306796,0.00306796,0.307654,0.0914337
23.91,-0.0276117,0.00306796,0.430287,0.0822904
23.912,-0.0276117,0.00306796,0.387258,0.0740613
23.914,-0.0276117,0.00306796,0.348532,0.0666552
23.916,-0.0276117,0.00306796,0.313679,0.0599897
23.918,-0.0245437,0.00306796,0.435709,0.0539907
23.92,-0.0245437,0.00306796,0.392138,0.0485916
23.922,-0.0245437,0.00306796,0.352925,0.0437325
23.924,-0.0214757,0.00306796,0.47103,0.0393592
23.926,-0.0214757,0.00306796,0.423927,0.0354233
23.928,-0.0214757,0.00306796,0.381534,0.031881
23.93,-0.0214757,0.00306796,0.343381,0.0286929
23.932,-0.0214757,0.00306796,0.309043,0.0258236
23.934,-0.0214757,0.00306796,0.278139,0.0232412
23.936,-0.0184078,0.00306796,0.403723,0.0209171
23.938,-0.0184078,0.00306796,0.363351,0.0188254
23.94,-0.0184078,0.00306796,0.327015,0.0169429
23.942,-0.0184078,0.00306796,0.294314,0.0152486
23.944,-0.0184078,0.00306796,0.264883,0.0137237
23.946,-0.0184078,0.00306796,0.238394,0.0123513
23.948,-0.0153398,0.00306796,0.367953,0.0111162
23.95,-0.0153398,0,0.331158,-0.143393
23.952,-0.0153398,0,0.298042,-0.129054
23.954,-0.0153398,0,0.268238,-0.116149
23.956,-0.0153398,0,0.241414,-0.104534
23.958,-0.0122718,0,0.370671,-0.0940805
23.96,-0.0122718,0,0.333604,-0.0846724
23.962,-0.0122718,0,0.300243,-0.0762052
23.964,-0.0122718,0,0.270219,-0.0685847
23.966,-0.0122718,0,0.243197,-0.0617262
23.968,-0.00920388,0,0.372275,-0.0555536
23.97,-0.00920388,0,0.335048,-0.0499982
23.972,-0.00920388,0,0.301543,-0.0449984
23.974,-0.00920388,0,0.271389,-0.0404986
23.976,-0.00920388,0,0.24425,-0.0364487
23.978,-0.00613592,0,0.373223,-0.0328038
23.98,-0.00613592,0,0.335901,-0.0295234
23.982,-0.00613592,0,0.302311,-0.0265711
23.984,-0.00613592,0,0.27208,-0.023914
23.986,-0.00613592,0,0.244872,-0.0215226
23.988,-0.00613592,0,0.220384,-0.0193703
23.99,-0.00306796,0,0.351744,-0.0174333
23.992,-0.00306796,0,0.31657,-0.01569
23.994,-0.00306796,0,0.284913,-0.014121
23.996,-0.00306796,0,0.256421,-0.0127089
23.998,-0,0,0.384177,-0.011438
24,-0,0,0.34576,-0.0102942
24.002,-0,0,0.311184,-0.00926477
24.004,-0,0,0.280065,-0.00833829
24.006,0.00306796,0,0.405457,-0.00750446
24.008,0.00306796,0,0.364911,-0.00675402
24.01,0.00306796,0,0.32842,-0.00607862
24.012,0.00306796,0,0.295578,-0.00547075
24.014,0.00613592,0,0.419418,-0.00492368
24.016,0.00613592,0,0.377476,-0.00443131
24.018,0.00613592,0,0.339729,-0.00398818
24.02,0.00613592,0,0.305756,-0.00358936
24.022,0.00613592,0,0.27518,-0.00323043
24.024,0.00920388,0,0.40106,-0.00290738
24.026,0.00920388,0,0.360954,-0.00261664
24.028,0.00920388,0,0.324859,-0.00235498
24.03,0.00920388,0,0.292373,-0.00211948
24.032,0.0122718,0,0.416534,-0.00190753
24.034,0.0122718,0,0.37488,-0.00171678
24.036,0.0122718,0,0.337392,-0.0015451
24.038,0.0122718,0,0.303653,-0.00139059
24.04,0.0153398,0,0.426686,-0.00125153
24.042,0.0153398,0,0.384017,-0.00112638
24.044,0.0153398,0,0.345616,-0.00101374
24.046,0.0153398,0,0.311054,-0.000912368
24.048,0.0184078,0,0.433347,-0.000821131
24.05,0.0184078,0,0.390012,-0.000739018
24.052,0.0184078,0.00306796,0.351011,0.152733
24.054,0.0184078,0.00306796,0.31591,0.13746
24.056,0.0214757,0.00306796,0.437717,0.123714
24.058,0.0214757,0.00306796,0.393945,0.111342
24.06,0.0214757,0.00306796,0.354551,0.100208
24.062,0.0214757,0.00306796,0.319096,0.0901873
24.064,0.0245437,0.00306796,0.440584,0.0811686
24.066,0.0245437,0.00306796,0.396526,0.0730517
24.068,0.0245437,0.00306796,0.356873,0.0657465
24.07,0.0245437,0.00306796,0.321186,0.0591719
24.072,0.0276117,0.00306796,0.442465,0.0532547
24.074,0.0276117,0.00306796,0.398219,0.0479292
24.076,0.0276117,0.00306796,0.358397,0.0431363
24.078,0.0276117,0.00306796,0.322557,0.0388227
24.08,0.0276117,0.00306796,0.290301,0.0349404
24.082,0.0306796,0.00306796,0.414669,0.0314464
24.084,0.0306796,0.00306796,0.373202,0.0283017
24.086,0.0306796,0.00306796,0.335882,0.0254716
24.088,0.0306796,0.00306796,0.302294,0.0229244
24.09,0.0306796,0.00306796,0.272065,0.020632
24.092,0.0306796,0.00306796,0.244858,0.0185688
24.094,0.0337476,0.00306796,0.37377,0.0167119
24.096,0.0337476,0.00306796,0.336393,0.0150407
24.098,0.0337476,0.00306796,0.302754,0.0135366
24.1,0.0337476,0.00306796,0.272479,0.012183
24.102,0.0337476,0.00306796,0.245231,0.0109647
24.104,0.0368155,0.00306796,0.374106,0.0098682
24.106,0.0368155,0.00306796,0.336695,0.00888138
24.108,0.0368155,0.00306796,0.303026,0.00799324
24.11,0.0368155,0.00306796,0.272723,0.00719392
24.112,0.0398835,0.00306796,0.398849,0.00647453
24.114,0.0398835,0.00306796,0.358964,0.00582707
24.116,0.0398835,0.00306796,0.323068,0.00524437
24.118,0.0398835,0,0.290761,-0.148678
24.12,0.0398835,0,0.261685,-0.13381
24.122,0.0398835,0,0.235516,-0.120429
24.124,0.0429515,0,0.365363,-0.108386
24.126,0.0429515,0,0.328826,-0.0975477
24.128,0.0429515,0,0.295944,-0.087793
24.13,0.0429515,0,0.266349,-0.0790137
24.132,0.0429515,0,0.239714,-0.0711123
24.134,0.0429515,0,0.215743,-0.0640011
24.136,0.0460194,0,0.347567,-0.057601
24.138,0.0460194,0,0.31281,-0.0518409
24.14,0.0460194,0,0.281529,-0.0466568
24.142,0.0460194,0,0.253376,-0.0419911
24.144,0.0460194,0,0.228039,-0.037792
24.146,0.0490874,0,0.358633,-0.0340128
24.148,0.0490874,0,0.32277,-0.0306115
24.15,0.0490874,0,0.290493,-0.0275504
24.152,0.0521553,0,0.414841,-0.0247953
24.154,0.0521553,0,0.373357,-0.0223158
24.156,0.0521553,0.00306796,0.336022,0.133314
24.158,0.0521553,0.00306796,0.302419,0.119982
24.16,0.0521553,0.00306796,0.272177,0.107984
24.162,0.0552233,0.00306796,0.398358,0.0971858
24.164,0.0552233,0.00306796,0.358522,0.0874672
24.166,0.0552233,0.00306796,0.32267,0.0787205
24.168,0.0552233,0.00306796,0.290403,0.0708485
24.17,0.0552233,0.00306796,0.261363,0.0637636
24.172,0.0582913,0.00306796,0.388624,0.0573872
24.174,0.0582913,0.00306796,0.349762,0.0516485
24.176,0.0582913,0.00306796,0.314786,0.0464837
24.178,0.0582913,0.00306796,0.283307,0.0418353
24.18,0.0582913,0.00306796,0.254976,0.0376518
24.182,0.0613592,0.00306796,0.382877,0.0338866
24.184,0.0613592,0.00306796,0.344589,0.0304979
24.186,0.0613592,0.00306796,0.31013,0.0274481
24.188,0.0613592,0.00306796,0.279117,0.0247033
24.19,0.0613592,0.00306796,0.251206,0.022233
24.192,0.0644272,0.00306796,0.379483,0.0200097
24.194,0.0644272,0.00306796,0.341535,0.0180087
24.196,0.0644272,0.00306796,0.307381,0.0162079
24.198,0.0644272,0.00306796,0.276643,0.0145871
24.2,0.0644272,0.00306796,0.248979,0.0131284
24.202,0.0644272,0.00306796,0.224081,0.0118155
24.204,0.0674952,0,0.355071,-0.142764
24.206,0.0674952,0,0.319564,-0.128488
24.208,0.0674952,0,0.287607,-0.115639
24.21,0.0674952,0,0.258847,-0.104075
24.212,0.0674952,0,0.232962,-0.0936675
24.214,0.0674952,0,0.209666,-0.0843008
24.216,0.0674952,0,0.188699,-0.0758707
24.218,0.0705631,0,0.323227,-0.0682836
24.22,0.0705631,0,0.290905,-0.0614553
24.222,0.0705631,0,0.261814,-0.0553097
24.224,0.0705631,0,0.235633,-0.0497788
24.226,0.0705631,0,0.212069,-0.0448009
24.228,0.0736311,0,0.344261,-0.0403208
24.23,0.0736311,0,0.309835,-0.0362887
24.232,0.0736311,0,0.278851,-0.0326598
24.234,0.0736311,0,0.250966,-0.0293939
24.236,0.076699,0,0.379267,-0.0264545
24.238,0.076699,0,0.341341,-0.023809
24.24,0.076699,0,0.307207,-0.0214281
24.242,0.076699,0,0.276486,-0.0192853
24.244,0.076699,0.00306796,0.248837,0.136041
24.246,0.079767,0.00306796,0.377352,0.122437
24.248,0.079767,0.00306796,0.339617,0.110193
24.25,0.079767,0.00306796,0.305655,0.0991741
24.252,0.079767,0.00306796,0.275089,0.0892567
24.254,0.079767,0.00306796,0.24758,0.080331
24.256,0.082835,0.00306796,0.376221,0.0722979
24.258,0.082835,0.00306796,0.338598,0.0650681
24.26,0.082835,0.00306796,0.304739,0.0585613
24.262,0.082835,0.00306796,0.274265,0.0527052
24.264,0.082835,0.00306796,0.246838,0.0474347
24.266,0.0859029,0.00306796,0.375553,0.0426912
24.268,0.0859029,0.00306796,0.337997,0.0384221
24.27,0.0859029,0.00306796,0.304198,0.0345799
24.272,0.0859029,0.00306796,0.273778,0.0311219
24.274,0.0859029,0.00306796,0.2464,0.0280097
24.276,0.0889709,0.00306796,0.375158,0.0252087
24.278,0.0889709,0.00306796,0.337642,0.0226879
24.28,0.0889709,0.00306796,0.303878,0.0204191
24.282,0.0889709,0.00306796,0.27349,0.0183772
24.284,0.0889709,0.00306796,0.246141,0.0165394
24.286,0.0889709,0.00306796,0.221527,0.0148855
24.288,0.0889709,0.00306796,0.199374,0.013397
24.29,0.0920388,0.00306796,0.332835,0.0120573
24.292,0.0920388,0.00306796,0.299552,0.0108515
24.294,0.0920388,0.00306796,0.269596,0.00976638
24.296,0.0920388,0,0.242637,-0.144608
24.298,0.0920388,0,0.218373,-0.130148
24.3,0.0920388,0,0.196536,-0.117133
24.302,0.0920388,0,0.176882,-0.105419
24.304,0.0920388,0,0.159194,-0.0948775
24.306,0.0951068,0,0.296673,-0.0853898
24.308,0.0951068,0,0.267005,-0.0768508
24.31,0.0951068,0,0.240305,-0.0691657
24.312,0.0951068,0,0.216274,-0.0622491
24.314,0.0951068,0,0.194647,-0.0560242
24.316,0.0981748,0,0.32858,-0.0504218
24.318,0.0981748,0,0.295722,-0.0453796
24.32,0.0981748,0,0.26615,-0.0408417
24.322,0.0981748,0,0.239535,-0.0367575
24.324,0.0981748,0,0.215582,-0.0330817
24.326,0.101243,0,0.347421,-0.0297736
24.328,0.101243,0,0.312679,-0.0267962
24.33,0.101243,0,0.281411,-0.0241166
24.332,0.101243,0,0.25327,-0.0217049
24.334,0.101243,0.00306796,0.227943,0.133864
24.336,0.104311,0.00306796,0.358547,0.120477
24.338,0.104311,0.00306796,0.322692,0.10843
24.34,0.104311,0.00306796,0.290423,0.0975866
24.342,0.104311,0.00306796,0.261381,0.0878279
24.344,0.104311,0.00306796,0.235243,0.0790451
24.346,0.104311,0.00306796,0.211718,0.0711406
24.348,0.107379,0.00306796,0.343945,0.0640266
24.35,0.107379,0.00306796,0.30955,0.0576239
24.352,0.107379,0.00306796,0.278595,0.0518615
24.354,0.107379,0.00306796,0.250736,0.0466754
24.356,0.107379,0.00306796,0.225662,0.0420078
24.358,0.107379,0.00306796,0.203096,0.037807
24.36,0.110447,0.00306796,0.336184,0.0340263
24.362,0.110447,0.00306796,0.302566,0.0306237
24.364,0.110447,0.00306796,0.272309,0.0275613
24.366,0.110447,0.00306796,0.245078,0.0248052
24.368,0.110447,0.00306796,0.220571,0.0223247
24.37,0.110447,0.00306796,0.198514,0.0200922
24.372,0.113515,0.00306796,0.33206,0.018083
24.374,0.113515,0.00306796,0.298854,0.0162747
24.376,0.113515,0.00306796,0.268969,0.0146472
24.378,0.113515,0.00306796,0.242072,0.0131825
24.38,0.113515,0.00306796,0.217865,0.0118643
24.382,0.113515,0.00306796,0.196078,0.0106778
24.384,0.113515,0,0.17647,-0.143788
24.386,0.113515,0,0.158823,-0.129409
24.388,0.116583,0,0.296339,-0.116468
24.39,0.116583,0,0.266705,-0.104821
24.392,0.116583,0,0.240035,-0.0943393
24.394,0.116583,0,0.216031,-0.0849054
24.396,0.116583,0,0.194428,-0.0764149
24.398,0.116583,0,0.174985,-0.0687734
24.4,0.116583,0,0.157487,-0.061896
24.402,0.116583,0,0.141738,-0.0557064
24.404,0.116583,0,0.127564,-0.0501358
24.406,0.119651,0,0.268206,-0.0451222
24.408,0.119651,0,0.241385,-0.04061
24.41,0.119651,0,0.217247,-0.036549
24.412,0.119651,0,0.195522,-0.0328941
24.414,0.119651,0,0.17597,-0.0296047
24.416,0.119651,0,0.158373,-0.0266442
24.418,0.122718,0,0.295934,-0.0239798
24.42,0.122718,0,0.26634,-0.0215818
24.422,0.122718,0,0.239706,-0.0194236
24.424,0.122718,0,0.215736,-0.0174813
24.426,0.122718,0,0.194162,-0.0157331
24.428,0.125786,0,0.328144,-0.0141598
24.43,0.125786,0,0.29533,-0.0127438
24.432,0.125786,0,0.265797,-0.0114695
24.434,0.125786,0,0.239217,-0.0103225
24.436,0.125786,0,0.215295,-0.00929026
24.438,0.125786,0,0.193766,-0.00836124
24.44,0.125786,0,0.174389,-0.00752511
24.442,0.128854,0,0.310348,-0.0067726
24.444,0.128854,0,0.279313,-0.00609534
24.446,0.128854,0,0.251382,-0.00548581
24.448,0.128854,0,0.226244,-0.00493723
24.45,0.128854,0,0.20362,-0.0044435
24.452,0.128854,0,0.183258,-0.00399915
24.454,0.128854,0,0.164932,-0.00359924
24.456,0.131922,0,0.301837,-0.00323931
24.458,0.131922,0,0.271653,-0.00291538
24.46,0.131922,0,0.244488,-0.00262384
24.462,0.131922,0,0.220039,-0.00236146
24.464,0.131922,0,0.198035,-0.00212531
24.466,0.131922,0,0.178232,-0.00191278
24.468,0.13499,0,0.313806,-0.0017215
24.47,0.13499,0.00306796,0.282426,0.151849
24.472,0.13499,0.00306796,0.254183,0.136664
24.474,0.13499,0.00306796,0.228765,0.122997
24.476,0.13499,0.00306796,0.205888,0.110698
24.478,0.138058,0.00306796,0.338698,0.0996279
24.48,0.138058,0.00306796,0.304828,0.0896652
24.482,0.138058,0.00306796,0.274345,0.0806986
24.484,0.138058,0.00306796,0.246911,0.0726288
24.486,0.138058,0.00306796,0.22222,0.0653659
24.488,0.138058,0.00306796,0.199998,0.0588293
24.49,0.138058,0.00306796,0.179998,0.0529464
24.492,0.138058,0.00306796,0.161998,0.0476517
24.494,0.141126,0.00306796,0.299196,0.0428866
24.496,0.141126,0.00306796,0.269277,0.0385979
24.498,0.141126,0.00306796,0.242349,0.0347381
24.5,0.141126,0,0.218114,-0.122134
24.502,0.141126,0,0.196303,-0.10992
24.504,0.141126,0,0.176672,-0.0989284
24.506,0.141126,0,0.159005,-0.0890355
24.508,0.141126,0,0.143105,-0.080132
24.51,0.141126,0,0.128794,-0.0721188
24.512,0.141126,0,0.115915,-0.0649069
24.514,0.141126,0,0.104323,-0.0584162
24.516,0.141126,0,0.093891,-0.0525746
24.518,0.144194,0,0.2379,-0.0473171
24.52,0.144194,0,0.21411,-0.0425854
24.522,0.144194,0,0.192699,-0.0383269
24.524,0.144194,0,0.173429,-0.0344942
24.526,0.144194,0,0.156086,-0.0310448
24.528,0.144194,0,0.140478,-0.0279403
24.53,0.144194,0,0.12643,-0.0251463
24.532,0.144194,0,0.113787,-0.0226316
24.534,0.147262,0,0.255806,-0.0203685
24.536,0.147262,0,0.230226,-0.0183316
24.538,0.147262,0,0.207203,-0.0164985
24.54,0.147262,0,0.186483,-0.0148486
24.542,0.147262,0,0.167834,-0.0133638
24.544,0.147262,0,0.151051,-0.0120274
24.546,0.15033,0,0.289344,-0.0108246
24.548,0.15033,0,0.26041,-0.00974218
24.55,0.15033,0,0.234369,-0.00876796
24.552,0.15033,0,0.210932,-0.00789116
24.554,0.15033,0,0.189839,-0.00710205
24.556,0.15033,0,0.170855,-0.00639184
24.558,0.15033,0,0.153769,-0.00575266
24.56,0.15033,0,0.138392,-0.00517739
24.562,0.15033,0,0.124553,-0.00465965
24.564,0.15033,0,0.112098,-0.00419369
24.566,0.153398,0,0.254286,-0.00377432
24.568,0.153398,0,0.228857,-0.00339689
24.57,0.153398,0,0.205972,-0.0030572
24.572,0.153398,0,0.185375,-0.00275148
24.574,0.153398,0,0.166837,-0.00247633
24.576,0.153398,0,0.150153,-0.0022287
24.578,0.153398,0,0.135138,-0.00200583
24.58,0.153398,0,0.121624,-0.00180525
24.582,0.153398,0,0.109462,-0.00162472
24.584,0.153398,0,0.0985156,-0.00146225
24.586,0.153398,0,0.0886641,-0.00131602
24.588,0.156466,0,0.233196,-0.00118442
24.59,0.156466,0,0.209876,-0.00106598
24.592,0.156466,0,0.188889,-0.000959381
24.594,0.156466,0,0.17,-0.000863443
24.596,0.156466,-0.00306796,0.153,-0.154175
24.598,0.156466,-0.00306796,0.1377,-0.138758
24.6,0.156466,-0.00306796,0.12393,-0.124882
24.602,0.156466,-0.00306796,0.111537,-0.112394
24.604,0.156466,-0.00306796,0.100383,-0.101154
24.606,0.156466,-0.00306796,0.0903448,-0.0910389
24.608,0.159534,-0.00306796,0.234708,-0.081935
24.61,0.159534,-0.00306796,0.211238,-0.0737415
24.612,0.159534,-0.00306796,0.190114,-0.0663674
24.614,0.159534,-0.00306796,0.171102,-0.0597306
24.616,0.159534,-0.00306796,0.153992,-0.0537576
24.618,0.159534,-0.00306796,0.138593,-0.0483818
24.62,0.159534,-0.00306796,0.124734,-0.0435436
24.622,0.162602,-0.00306796,0.265658,-0.0391893
24.624,0.162602,-0.00306796,0.239093,-0.0352703
24.626,0.162602,-0.00306796,0.215183,-0.0317433
24.628,0.162602,-0.00306796,0.193665,-0.028569
24.63,0.162602,-0.00306796,0.174298,-0.0257121
24.632,0.162602,-0.00306796,0.156869,-0.0231409
24.634,0.162602,-0.00306796,0.141182,-0.0208268
24.636,0.16567,-0.00306796,0.280462,-0.0187441
24.638,0.16567,-0.00306796,0.252415,-0.0168697
24.64,0.16567,0,0.227174,0.138215
24.642,0.16567,0,0.204457,0.124394
24.644,0.16567,0,0.184011,0.111954
24.646,0.16567,0,0.16561,0.100759
24.648,0.16567,0,0.149049,0.0906831
24.65,0.168738,0,0.287542,0.0816148
24.652,0.168738,0,0.258788,0.0734533
24.654,0.168738,0,0.232909,0.066108
24.656,0.168738,0,0.209618,0.0594972
24.658,0.168738,0,0.188656,0.0535475
24.66,0.168738,0,0.169791,0.0481927
24.662,0.171806,0,0.30621,0.0433734
24.664,0.171806,0,0.275589,0.0390361
24.666,0.171806,0,0.24803,0.0351325
24.668,0.171806,0,0.223227,0.0316192
24.67,0.171806,0,0.200904,0.0284573
24.672,0.171806,0,0.180814,0.0256116
24.674,0.171806,0,0.162732,0.0230504
24.676,0.174874,0,0.299857,0.0207454
24.678,0.174874,0,0.269872,0.0186708
24.68,0.174874,0,0.242884,0.0168038
24.682,0.174874,0,0.218596,0.0151234
24.684,0.174874,0,0.196736,0.013611
24.686,0.174874,0,0.177063,0.0122499
24.688,0.174874,0,0.159356,0.0110249
24.69,0.174874,0,0.143421,0.00992245
24.692,0.177942,0,0.282477,0.00893021
24.694,0.177942,0,0.254229,0.00803719
24.696,0.177942,0,0.228806,0.00723347
24.698,0.177942,0,0.205926,0.00651012
24.7,0.177942,0,0.185333,0.00585911
24.702,0.177942,0,0.1668,0.0052732
24.704,0.177942,0,0.15012,0.00474588
24.706,0.177942,0,0.135108,0.00427129
24.708,0.177942,0,0.121597,0.00384416
24.71,0.177942,0,0.109437,0.00345975
24.712,0.18101,0,0.251892,0.00311377
24.714,0.18101,0,0.226702,0.00280239
24.716,0.18101,0,0.204032,0.00252215
24.718,0.18101,0,0.183629,0.00226994
24.72,0.18101,0,0.165266,0.00204294
24.722,0.18101,0,0.148739,0.00183865
24.724,0.18101,0,0.133866,0.00165479
24.726,0.18101,0,0.120479,0.00148931
24.728,0.184078,0,0.261829,0.00134038
24.73,0.184078,0,0.235646,0.00120634
24.732,0.184078,0,0.212082,0.0010857
24.734,0.184078,0,0.190873,0.000977134
24.736,0.184078,0,0.171786,0.000879421
24.738,0.184078,0,0.154608,0.000791479
24.74,0.184078,0,0.139147,0.000712331
24.742,0.184078,0,0.125232,0.000641098
24.744,0.187146,0,0.266107,0.000576988
24.746,0.187146,0,0.239496,0.000519289
24.748,0.187146,0,0.215547,0.00046736
24.75,0.187146,0,0.193992,0.000420624
24.752,0.187146,0,0.174593,0.000378562
24.754,0.187146,0,0.157133,0.000340706
24.756,0.187146,0,0.14142,0.000306635
24.758,0.187146,0,0.127278,0.000275972
24.76,0.187146,0,0.11455,0.000248374
24.762,0.187146,0,0.103095,0.000223537
24.764,0.190214,0,0.246184,0.000201183
24.766,0.190214,0,0.221565,0.000181065
24.768,0.190214,0,0.199409,0.000162958
24.77,0.190214,0,0.179468,0.000146663
24.772,0.190214,0,0.161521,0.000131996
24.774,0.190214,0,0.145369,0.000118797
24.776,0.190214,0,0.130832,0.000106917
24.778,0.190214,0,0.117749,9.62253e-05
24.78,0.190214,0,0.105974,8.66028e-05
24.782,0.190214,0,0.0953767,7.79425e-05
24.784,0.190214,0,0.085839,7.01483e-05
24.786,0.190214,0,0.0772551,6.31334e-05
24.788,0.193282,0,0.222928,5.68201e-05
24.79,0.193282,0,0.200635,5.11381e-05
24.792,0.193282,0,0.180571,4.60243e-05
24.794,0.193282,0,0.162514,4.14219e-05
24.796,0.193282,0,0.146263,3.72797e-05
24.798,0.193282,0,0.131637,3.35517e-05
24.8,0.193282,0,0.118473,3.01965e-05
24.802,0.193282,0,0.106626,2.71769e-05
24.804,0.193282,0,0.0959631,2.44592e-05
24.806,0.193282,0,0.0863667,2.20133e-05
24.808,0.193282,0,0.0777301,1.98119e-05
24.81,0.19635,0,0.223355,1.78307e-05
24.812,0.19635,-0.00306796,0.20102,-0.153382
24.814,0.19635,-0.00306796,0.180918,-0.138044
24.816,0.19635,-0.00306796,0.162826,-0.124239
24.818,0.19635,-0.00306796,0.146543,-0.111816
24.82,0.19635,-0.00306796,0.131889,-0.100634
24.822,0.19635,-0.00306796,0.1187,-0.0905706
24.824,0.19635,-0.00306796,0.10683,-0.0815135
24.826,0.19635,-0.00306796,0.0961471,-0.0733621
24.828,0.19635,-0.00306796,0.0865324,-0.0660259
24.83,0.199418,-0.00306796,0.231277,-0.0594233
24.832,0.199418,-0.00306796,0.208149,-0.053481
24.834,0.199418,-0.00306796,0.187335,-0.0481329
24.836,0.199418,-0.00306796,0.168601,-0.0433196
24.838,0.199418,-0.00306796,0.151741,-0.0389877
24.84,0.199418,-0.00306796,0.136567,-0.0350889
24.842,0.199418,-0.00306796,0.12291,-0.03158
24.844,0.199418,-0.00306796,0.110619,-0.028422
24.846,0.202485,-0.00306796,0.252955,-0.0255798
24.848,0.202485,-0.00306796,0.22766,-0.0230218
24.85,0.202485,0,0.204894,0.132678
24.852,0.202485,0,0.184404,0.119411
24.854,0.202485,0,0.165964,0.10747
24.856,0.202485,0,0.149368,0.0967226
24.858,0.202485,0,0.134431,0.0870503
24.86,0.202485,0,0.120988,0.0783453
24.862,0.202485,0,0.108889,0.0705108
24.864,0.205553,0,0.251398,0.0634597
24.866,0.205553,0,0.226258,0.0571137
24.868,0.205553,0,0.203633,0.0514023
24.87,0.205553,0,0.183269,0.0462621
24.872,0.205553,0,0.164942,0.0416359
24.874,0.205553,0,0.148448,0.0374723
24.876,0.205553,0,0.133603,0.0337251
24.878,0.208621,0,0.273641,0.0303526
24.88,0.208621,0,0.246277,0.0273173
24.882,0.208621,0,0.221649,0.0245856
24.884,0.208621,0,0.199484,0.022127
24.886,0.208621,0,0.179536,0.0199143
24.888,0.208621,0,0.161582,0.0179229
24.89,0.208621,0,0.145424,0.0161306
24.892,0.208621,0,0.130882,0.0145175
24.894,0.211689,0,0.271192,0.0130658
24.896,0.211689,0,0.244072,0.0117592
24.898,0.211689,0,0.219665,0.0105833
24.9,0.211689,0,0.197699,0.00952496
24.902,0.211689,0,0.177929,0.00857246
24.904,0.211689,0,0.160136,0.00771522
24.906,0.211689,0,0.144122,0.00694369
24.908,0.211689,0,0.12971,0.00624933
24.91,0.211689,0,0.116739,0.00562439
24.912,0.211689,0,0.105065,0.00506195
24.914,0.211689,0,0.0945587,0.00455576
24.916,0.214757,0,0.238501,0.00410018
24.918,0.214757,0,0.214651,0.00369016
24.92,0.214757,0,0.193186,0.00332115
24.922,0.214757,0,0.173867,0.00298903
24.924,0.214757,0,0.15648,0.00269013
24.926,0.214757,0,0.140832,0.00242112
24.928,0.214757,0,0.126749,0.00217901
24.93,0.214757,0,0.114074,0.0019611
24.932,0.214757,0,0.102667,0.00176499
24.934,0.214757,0,0.0924001,0.00158849
24.936,0.214757,0,0.0831601,0.00142965
24.938,0.214757,0,0.0748441,0.00128668
24.94,0.214757,0,0.0673597,0.00115801
24.942,0.217825,0,0.214022,0.00104221
24.944,0.217825,0,0.19262,0.00093799
24.946,0.217825,0,0.173358,0.000844191
24.948,0.217825,0,0.156022,0.000759772
24.95,0.217825,0,0.14042,0.000683795
24.952,0.217825,0,0.126378,0.000615415
24.954,0.217825,0,0.11374,0.000553874
24.956,0.217825,0,0.102366,0.000498486
24.958,0.217825,0,0.0921294,0.000448638
24.96,0.217825,0,0.0829164,0.000403774
24.962,0.217825,0,0.0746248,0.000363397
24.964,0.220893,0,0.22056,0.000327057
24.966,0.220893,0,0.198504,0.000294351
24.968,0.220893,0,0.178654,0.000264916
24.97,0.220893,0,0.160789,0.000238425
24.972,0.220893,0,0.14471,0.000214582
24.974,0.220893,0,0.130239,0.000193124
24.976,0.220893,0,0.117215,0.000173811
24.978,0.220893,0,0.105493,0.00015643
24.98,0.220893,0,0.094944,0.000140787
24.982,0.220893,0,0.0854496,0.000126709
24.984,0.220893,0,0.0769047,0.000114038
24.986,0.223961,0,0.222612,0.000102634
24.988,0.223961,0,0.200351,9.23705e-05
24.99,0.223961,0,0.180316,8.31335e-05
24.992,0.223961,0,0.162284,7.48201e-05
24.994,0.223961,0,0.146056,6.73381e-05
24.996,0.223961,0,0.13145,6.06043e-05
24.998,0.223961,-0.00306796,0.118305,-0.153344
25,0.223961,-0.00306796,0.106475,-0.138009
25.002,0.223961,-0.00306796,0.0958273,-0.124208
25.004,0.223961,-0.00306796,0.0862446,-0.111787
25.006,0.223961,-0.00306796,0.0776201,-0.100609
25.008,0.223961,-0.00306796,0.0698581,-0.0905478
25.01,0.223961,-0.00306796,0.0628723,-0.081493
25.012,0.223961,-0.00306796,0.0565851,-0.0733437
25.014,0.223961,-0.00306796,0.0509265,-0.0660094
25.016,0.227029,-0.00306796,0.199232,-0.0594084
25.018,0.227029,-0.00306796,0.179309,-0.0534676
25.02,0.227029,-0.00306796,0.161378,-0.0481208
25.022,0.227029,-0.00306796,0.14524,-0.0433087
25.024,0.227029,-0.00306796,0.130716,-0.0389779
25.026,0.227029,-0.00306796,0.117644,-0.0350801
25.028,0.227029,-0.00306796,0.10588,-0.0315721
25.03,0.227029,0,0.095292,0.124983
25.032,0.227029,0,0.0857628,0.112485
25.034,0.227029,0,0.0771865,0.101236
25.036,0.227029,0,0.0694679,0.0911128
25.038,0.230097,0,0.215919,0.0820015
25.04,0.230097,0,0.194327,0.0738013
25.042,0.230097,0,0.174895,0.0664212
25.044,0.230097,0,0.157405,0.0597791
25.046,0.230097,0,0.141665,0.0538012
25.048,0.230097,0,0.127498,0.0484211
25.05,0.230097,0,0.114748,0.043579
25.052,0.230097,0,0.103273,0.0392211
25.054,0.230097,0,0.0929461,0.035299
25.056,0.233165,0,0.23705,0.0317691
25.058,0.233165,0,0.213345,0.0285922
25.06,0.233165,0,0.19201,0.0257329
25.062,0.233165,0,0.172809,0.0231596
25.064,0.233165,0,0.155528,0.0208437
25.066,0.233165,0,0.139975,0.0187593
25.068,0.233165,0,0.125978,0.0168834
25.07,0.233165,0,0.11338,0.015195
25.072,0.233165,0,0.102042,0.0136755
25.074,0.233165,0,0.0918379,0.012308
25.076,0.233165,0,0.0826541,0.0110772
25.078,0.233165,0,0.0743887,0.00996947
25.08,0.236233,0,0.220348,0.00897252
25.082,0.236233,0,0.198313,0.00807527
25.084,0.236233,0,0.178482,0.00726774
25.086,0.236233,0,0.160634,0.00654097
25.088,0.236233,0,0.14457,0.00588687
25.09,0.236233,0,0.130113,0.00529818
25.092,0.236233,0,0.117102,0.00476836
25.094,0.236233,0,0.105392,0.00429153
25.096,0.236233,0,0.0948525,0.00386238
25.098,0.236233,0,0.0853673,0.00347614
25.1,0.236233,0,0.0768306,0.00312852
25.102,0.236233,0,0.0691475,0.00281567
25.104,0.236233,0,0.0622328,0.0025341
25.106,0.236233,0,0.0560095,0.00228069
25.108,0.236233,0,0.0504085,0.00205262
25.11,0.236233,0,0.0453677,0.00184736
25.112,0.236233,-0.00306796,0.0408309,-0.151735
25.114,0.239301,-0.00306796,0.190146,-0.136562
25.116,0.239301,-0.00306796,0.171131,-0.122906
25.118,0.239301,-0.00306796,0.154018,-0.110615
25.12,0.239301,-0.00306796,0.138616,-0.0995536
25.122,0.239301,-0.00306796,0.124755,-0.0895983
25.124,0.239301,-0.00306796,0.112279,-0.0806384
25.126,0.239301,-0.00306796,0.101051,-0.0725746
25.128,0.239301,-0.00306796,0.0909462,-0.0653171
25.13,0.239301,-0.00306796,0.0818516,-0.0587854
25.132,0.239301,-0.00306796,0.0736664,-0.0529069
25.134,0.239301,-0.00306796,0.0662998,-0.0476162
25.136,0.239301,-0.00306796,0.0596698,-0.0428546
25.138,0.239301,-0.00306796,0.0537028,-0.0385691
25.14,0.239301,-0.00306796,0.0483325,-0.0347122
25.142,0.239301,-0.00306796,0.0434993,-0.031241
25.144,0.239301,-0.00306796,0.0391494,-0.0281169
25.146,0.242369,0,0.188632,0.128093
25.148,0.242369,0,0.169769,0.115284
25.15,0.242369,0,0.152792,0.103755
25.152,0.242369,0,0.137513,0.0933797
25.154,0.242369,0,0.123762,0.0840417
25.156,0.242369,0,0.111386,0.0756376
25.158,0.242369,0,0.100247,0.0680738
25.16,0.242369,0,0.0902223,0.0612664
25.162,0.242369,0,0.0812001,0.0551398
25.164,0.245437,0,0.226478,0.0496258
25.166,0.245437,0,0.20383,0.0446632
25.168,0.245437,0,0.183447,0.0401969
25.17,0.245437,0,0.165103,0.0361772
25.172,0.245437,0,0.148592,0.0325595
25.174,0.245437,0,0.133733,0.0293035
25.176,0.245437,0,0.12036,0.0263732
25.178,0.245437,0,0.108324,0.0237359
25.18,0.245437,0,0.0974914,0.0213623
25.182,0.245437,0,0.0877423,0.0192261
25.184,0.245437,0,0.0789681,0.0173034
25.186,0.245437,0,0.0710713,0.0155731
25.188,0.245437,0,0.0639641,0.0140158
25.19,0.245437,0,0.0575677,0.0126142
25.192,0.245437,0,0.0518109,0.0113528
25.194,0.245437,0,0.0466298,0.0102175
25.196,0.248505,0,0.195365,0.00919576
25.198,0.248505,-0.00306796,0.175828,-0.145122
25.2,0.248505,-0.00306796,0.158246,-0.13061
25.202,0.248505,-0.00306796,0.142421,-0.117549
25.204,0.248505,-0.00306796,0.128179,-0.105794
25.206,0.248505,-0.00306796,0.115361,-0.0952145
25.208,0.248505,-0.00306796,0.103825,-0.085693
25.21,0.248505,-0.00306796,0.0934424,-0.0771237
25.212,0.248505,-0.00306796,0.0840982,-0.0694114
25.214,0.248505,-0.00306796,0.0756884,-0.0624702
25.216,0.248505,-0.00306796,0.0681195,-0.0562232
25.218,0.248505,-0.00306796,0.0613076,-0.0506009
25.22,0.248505,-0.00306796,0.0551768,-0.0455408
25.222,0.248505,-0.00306796,0.0496591,-0.0409867
25.224,0.248505,-0.00306796,0.0446932,-0.036888
25.226,0.248505,-0.00306796,0.0402239,-0.0331992
25.228,0.248505,-0.00306796,0.0362015,-0.0298793
25.23,0.251573,-0.00306796,0.185979,-0.0268914
25.232,0.251573,-0.00306796,0.167382,-0.0242022
25.234,0.251573,0,0.150643,0.131616
25.236,0.251573,0,0.135579,0.118454
25.238,0.251573,0,0.122021,0.106609
25.24,0.251573,0,0.109819,0.0959481
25.242,0.251573,0,0.0988371,0.0863533
25.244,0.251573,0,0.0889534,0.077718
25.246,0.251573,0,0.0800581,0.0699462
25.248,0.251573,0,0.0720522,0.0629516
25.25,0.251573,0,0.064847,0.0566564
25.252,0.251573,0,0.0583623,0.0509908
25.254,0.254641,0,0.205924,0.0458917
25.256,0.254641,0,0.185332,0.0413025
25.258,0.254641,0,0.166799,0.0371723
25.26,0.254641,0,0.150119,0.033455
25.262,0.254641,0,0.135107,0.0301095
25.264,0.254641,0,0.121596,0.0270986
25.266,0.254641,0,0.109437,0.0243887
25.268,0.254641,0,0.0984929,0.0219498
25.27,0.254641,0,0.0886436,0.0197549
25.272,0.254641,0,0.0797792,0.0177794
25.274,0.254641,0,0.0718013,0.0160014
25.276,0.254641,0,0.0646212,0.0144013
25.278,0.254641,0,0.0581591,0.0129612
25.28,0.257709,0,0.205741,0.0116651
25.282,0.257709,0,0.185167,0.0104985
25.284,0.257709,0,0.16665,0.00944869
25.286,0.257709,0,0.149985,0.00850382
25.288,0.257709,0,0.134987,0.00765344
25.29,0.257709,0,0.121488,0.0068881
25.292,0.257709,0,0.109339,0.00619929
25.294,0.257709,0,0.0984054,0.00557936
25.296,0.257709,0,0.0885649,0.00502142
25.298,0.257709,0,0.0797084,0.00451928
25.3,0.257709,0,0.0717375,0.00406735
25.302,0.257709,0,0.0645638,0.00366062
25.304,0.260777,0,0.211505,0.00329455
25.306,0.260777,0,0.190355,0.0029651
25.308,0.260777,0,0.171319,0.00266859
25.31,0.260777,0,0.154187,0.00240173
25.312,0.260777,0,0.138769,0.00216156
25.314,0.260777,0,0.124892,0.0019454
25.316,0.260777,0,0.112403,0.00175086
25.318,0.260777,0,0.101162,0.00157578
25.32,0.260777,0,0.0910462,0.0014182
25.322,0.260777,0,0.0819416,0.00127638
25.324,0.260777,0,0.0737474,0.00114874
25.326,0.260777,0.00306796,0.0663727,0.154432
25.328,0.260777,0.00306796,0.0597354,0.138989
25.33,0.260777,0.00306796,0.0537619,0.12509
25.332,0.263845,0.00306796,0.201784,0.112581
25.334,0.263845,0.00306796,0.181605,0.101323
25.336,0.263845,0.00306796,0.163445,0.0911905
25.338,0.263845,0.00306796,0.1471,0.0820715
25.34,0.263845,0.00306796,0.13239,0.0738643
25.342,0.263845,0.00306796,0.119151,0.0664779
25.344,0.263845,0.00306796,0.107236,0.0598301
25.346,0.263845,0.00306796,0.0965125,0.0538471
25.348,0.263845,0.00306796,0.0868613,0.0484624
25.35,0.263845,0.00306796,0.0781752,0.0436161
25.352,0.263845,0.00306796,0.0703576,0.0392545
25.354,0.263845,0.00306796,0.0633219,0.0353291
25.356,0.263845,0.00306796,0.0569897,0.0317962
25.358,0.263845,0.00306796,0.0512907,0.0286166
25.36,0.263845,0,0.0461616,-0.127643
25.362,0.263845,0,0.0415455,-0.114879
25.364,0.263845,0,0.0373909,-0.103391
25.366,0.263845,0,0.0336518,-0.0930519
25.368,0.263845,0,0.0302867,-0.0837467
25.37,0.263845,0,0.027258,-0.075372
25.372,0.263845,0,0.0245322,-0.0678348
25.374,0.263845,0,0.022079,-0.0610513
25.376,0.263845,0,0.0198711,-0.0549462
25.378,0.263845,0,0.017884,-0.0494516
25.38,0.263845,0,0.0160956,-0.0445064
25.382,0.263845,0,0.014486,-0.0400558
25.384,0.263845,0,0.0130374,-0.0360502
25.386,0.263845,0,0.0117337,-0.0324452
25.388,0.263845,0,0.0105603,-0.0292007
25.39,0.263845,0,0.00950427,-0.0262806
25.392,0.263845,0,0.00855385,-0.0236525
25.394,0.263845,0,0.00769846,-0.0212873
25.396,0.263845,0,0.00692862,-0.0191586
25.398,0.263845,0,0.00623575,-0.0172427
25.4,0.263845,0,0.00561218,-0.0155184
25.402,0.263845,0,0.00505096,-0.0139666
25.404,0.263845,0,0.00454586,-0.0125699
25.406,0.263845,0,0.00409128,-0.0113129
25.408,0.263845,0,0.00368215,-0.0101816
25.41,0.263845,0,0.00331394,-0.00916348
25.412,0.263845,0,0.00298254,-0.00824713
25.414,0.263845,0,0.00268429,-0.00742242
25.416,0.263845,0,0.00241586,-0.00668018
25.418,0.263845,0,0.00217427,-0.00601216
25.42,0.263845,0,0.00195685,-0.00541094
25.422,0.263845,0,0.00176116,-0.00486985
25.424,0.263845,0,0.00158505,-0.00438286
25.426,0.263845,0,0.00142654,-0.00394458
25.428,0.263845,0,0.00128389,-0.00355012
25.43,0.263845,0,0.0011555,-0.00319511
25.432,0.263845,0,0.00103995,-0.0028756
25.434,0.263845,0,0.000935953,-0.00258804
25.436,0.263845,0,0.000842358,-0.00232923
25.438,0.263845,0,0.000758122,-0.00209631
25.44,0.263845,0,0.00068231,-0.00188668
25.442,0.263845,0,0.000614079,-0.00169801
25.444,0.263845,-0.00306796,0.000552671,-0.154926
25.446,0.263845,-0.00306796,0.000497404,-0.139434
25.448,0.263845,-0.00306796,0.000447664,-0.12549
25.45,0.263845,-0.00306796,0.000402897,-0.112941
25.452,0.263845,-0.00306796,0.000362607,-0.101647
25.454,0.263845,-0.00306796,0.000326347,-0.0914824
25.456,0.263845,-0.00306796,0.000293712,-0.0823342
25.458,0.263845,-0.00306796,0.000264341,-0.0741008
25.46,0.263845,-0.00306796,0.000237907,-0.0666907
25.462,0.263845,-0.00306796,0.000214116,-0.0600216
25.464,0.263845,-0.00306796,0.000192704,-0.0540195
25.466,0.263845,-0.00306796,0.000173434,-0.0486175
25.468,0.263845,-0.00306796,0.000156091,-0.0437558
25.47,0.263845,0,0.000140482,0.114018
25.472,0.263845,0,0.000126433,0.102616
25.474,0.263845,0,0.00011379,0.0923545
25.476,0.263845,0,0.000102411,0.083119
25.478,0.263845,0,9.217e-05,0.0748071
25.48,0.263845,0,8.2953e-05,0.0673264
25.482,0.263845,0,7.46577e-05,0.0605938
25.484,0.263845,0,6.71919e-05,0.0545344
25.486,0.266913,0,0.153459,0.049081
25.488,0.266913,0,0.138113,0.0441729
25.49,0.266913,0,0.124301,0.0397556
25.492,0.266913,0,0.111871,0.03578
25.494,0.266913,0,0.100684,0.032202
25.496,0.266913,0,0.0906157,0.0289818
25.498,0.266913,0,0.0815542,0.0260836
25.5,0.266913,0,0.0733987,0.0234753
25.502,0.266913,0,0.0660589,0.0211277
25.504,0.266913,0,0.059453,0.019015
25.506,0.266913,0,0.0535077,0.0171135
25.508,0.266913,0,0.0481569,0.0154021
25.51,0.266913,0,0.0433412,0.0138619
25.512,0.266913,0,0.0390071,0.0124757
25.514,0.266913,0,0.0351064,0.0112282
25.516,0.266913,0,0.0315958,0.0101053
25.518,0.266913,0,0.0284362,0.0090948
25.52,0.266913,0,0.0255926,0.00818532
25.522,0.266913,0,0.0230333,0.00736679
25.524,0.266913,0,0.02073,0.00663011
25.526,0.266913,0,0.018657,0.0059671
25.528,0.266913,0,0.0167913,0.00537039
25.53,0.266913,-0.00306796,0.0151122,-0.148565
25.532,0.266913,-0.00306796,0.0136009,-0.133708
25.534,0.266913,-0.00306796,0.0122408,-0.120337
25.536,0.266913,-0.00306796,0.0110168,-0.108304
25.538,0.266913,-0.00306796,0.00991508,-0.0974733
25.54,0.266913,-0.00306796,0.00892357,-0.087726
25.542,0.266913,-0.00306796,0.00803122,-0.0789534
25.544,0.266913,-0.00306796,0.0072281,-0.071058
25.546,0.266913,-0.00306796,0.00650529,-0.0639522
25.548,0.266913,0,0.00585476,0.0958411
25.55,0.266913,0,0.00526928,0.086257
25.552,0.266913,0,0.00474235,0.0776313
25.554,0.266913,0,0.00426812,0.0698681
25.556,0.266913,0,0.00384131,0.0628813
25.558,0.266913,0,0.00345718,0.0565932
25.56,0.266913,0,0.00311146,0.0509339
25.562,0.266913,0,0.00280031,0.0458405
25.564,0.266913,0,0.00252028,0.0412564
25.566,0.266913,0,0.00226825,0.0371308
25.568,0.266913,0,0.00204143,0.0334177
25.57,0.266913,0,0.00183728,0.0300759
25.572,0.266913,0,0.00165356,0.0270683
25.574,0.266913,0,0.0014882,0.0243615
25.576,0.266913,0,0.00133938,0.0219254
25.578,0.266913,0,0.00120544,0.0197328
25.58,0.266913,0,0.0010849,0.0177595
25.582,0.266913,0,0.000976408,0.0159836
25.584,0.266913,0,0.000878768,0.0143852
25.586,0.266913,0,0.000790891,0.0129467
25.588,0.266913,0,0.000711802,0.011652
25.59,0.266913,0,0.000640622,0.0104868
25.592,0.266913,0,0.000576559,0.00943815
25.594,0.266913,0,0.000518904,0.00849433
25.596,0.266913,0,0.000467013,0.0076449
25.598,0.266913,0,0.000420312,0.00688041
25.6,0.266913,0,0.000378281,0.00619237
25.602,0.266913,0,0.000340453,0.00557313
25.604,0.266913,0,0.000306407,0.00501582
25.606,0.266913,0,0.000275767,0.00451424
25.608,0.266913,0,0.00024819,0.00406281
25.61,0.266913,0,0.000223371,0.00365653
25.612,0.266913,0,0.000201034,0.00329088
25.614,0.266913,0,0.00018093,0.00296179
25.616,0.266913,0,0.000162837,0.00266561
25.618,0.266913,0,0.000146554,0.00239905
25.62,0.266913,0,0.000131898,0.00215915
25.622,0.266913,0,0.000118708,0.00194323
25.624,0.266913,0,0.000106838,0.00174891
25.626,0.266913,0,9.61539e-05,0.00157402
25.628,0.266913,0,8.65385e-05,0.00141662
25.63,0.266913,0,7.78846e-05,0.00127495
25.632,0.266913,0,7.00962e-05,0.00114746
25.634,0.266913,0,6.30866e-05,0.00103271
25.636,0.266913,0,5.67779e-05,0.000929441
25.638,0.266913,0,5.11001e-05,0.000836497
25.64,0.266913,0,4.59901e-05,0.000752848
25.642,0.266913,0,4.13911e-05,0.000677563
25.644,0.266913,0,3.7252e-05,0.000609807
25.646,0.266913,0,3.35268e-05,0.000548826
25.648,0.266913,0,3.01741e-05,0.000493943
25.65,0.266913,0,2.71567e-05,0.000444549
25.652,0.266913,0,2.4441e-05,0.000400094
25.654,0.266913,0,2.19969e-05,0.000360085
25.656,0.266913,0,1.97972e-05,0.000324076
25.658,0.266913,0,1.78175e-05,0.000291669
25.66,0.266913,0,1.60358e-05,0.000262502
25.662,0.266913,0,1.44322e-05,0.000236252
25.664,0.266913,0,1.2989e-05,0.000212626
25.666,0.266913,0,1.16901e-05,0.000191364
25.668,0.266913,0,1.05211e-05,0.000172227
25.67,0.266913,0,9.46895e-06,0.000155005
25.672,0.266913,0,8.52206e-06,0.000139504
25.674,0.266913,0,7.66985e-06,0.000125554
25.676,0.266913,0,6.90287e-06,0.000112998
25.678,0.266913,0,6.21258e-06,0.000101699
25.68,0.263845,0,-0.153392,9.15287e-05
25.682,0.263845,0,-0.138053,8.23758e-05
25.684,0.263845,0,-0.124248,7.41382e-05
25.686,0.263845,0,-0.111823,6.67244e-05
25.688,0.263845,0,-0.100641,6.0052e-05
25.69,0.263845,0,-0.0905767,5.40468e-05
25.692,0.263845,0,-0.0815191,4.86421e-05
25.694,0.263845,0,-0.0733672,4.37779e-05
25.696,0.263845,0,-0.0660304,3.94001e-05
25.698,0.263845,0,-0.0594274,3.54601e-05
25.7,0.263845,0,-0.0534847,3.19141e-05
25.702,0.263845,0,-0.0481362,2.87227e-05
25.704,0.263845,0,-0.0433226,2.58504e-05
25.706,0.263845,0,-0.0389903,2.32654e-05
25.708,0.263845,0,-0.0350913,2.09388e-05
25.71,0.263845,0,-0.0315822,1.88449e-05
25.712,0.263845,0,-0.0284239,1.69605e-05
25.714,0.263845,0,-0.0255815,1.52644e-05
25.716,0.263845,0,-0.0230234,1.3738e-05
25.718,0.263845,0,-0.0207211,1.23642e-05
25.72,0.263845,0,-0.0186489,1.11278e-05
25.722,0.263845,0,-0.0167841,1.0015e-05
25.724,0.263845,0,-0.0151056,9.01348e-06
25.726,0.263845,0,-0.0135951,8.11213e-06
25.728,0.263845,0,-0.0122356,7.30092e-06
25.73,0.263845,0,-0.011012,6.57083e-06
25.732,0.263845,0,-0.00991081,5.91374e-06
25.734,0.263845,0,-0.00891973,5.32237e-06
25.736,0.263845,0,-0.00802776,4.79013e-06
25.738,0.263845,0,-0.00722498,4.31112e-06
25.74,0.263845,0,-0.00650249,3.88001e-06
25.742,0.263845,0,-0.00585224,3.49201e-06
25.744,0.263845,0,-0.00526701,3.14281e-06
25.746,0.263845,0,-0.00474031,2.82853e-06
25.748,0.263845,0,-0.00426628,2.54567e-06
25.75,0.263845,0,-0.00383965,2.29111e-06
25.752,0.263845,0,-0.00345569,2.06199e-06
25.754,0.263845,0,-0.00311012,1.8558e-06
25.756,0.263845,0,-0.00279911,1.67022e-06
25.758,0.263845,0,-0.0025192,1.50319e-06
25.76,0.263845,0,-0.00226728,1.35287e-06
25.762,0.263845,0,-0.00204055,1.21759e-06
25.764,0.263845,0,-0.00183649,1.09583e-06
25.766,0.263845,0,-0.00165284,9.86246e-07
25.768,0.263845,0,-0.00148756,8.87621e-07
25.77,0.263845,0,-0.0013388,7.98859e-07
25.772,0.263845,0,-0.00120492,7.18973e-07
25.774,0.263845,0,-0.00108443,6.47076e-07
25.776,0.263845,0,-0.000975988,5.82368e-07
25.778,0.263845,0.00306796,-0.000878389,0.153399
25.78,0.263845,0.00306796,-0.00079055,0.138059
25.782,0.263845,0.00306796,-0.000711495,0.124253
25.784,0.263845,0.00306796,-0.000640346,0.111828
25.786,0.263845,0.00306796,-0.000576311,0.100645
25.788,0.263845,0.00306796,-0.00051868,0.0905803
25.79,0.263845,0.00306796,-0.000466812,0.0815223
25.792,0.263845,0.00306796,-0.000420131,0.0733701
25.794,0.263845,0.00306796,-0.000378118,0.0660331
25.796,0.263845,0.00306796,-0.000340306,0.0594298
25.798,0.263845,0.00306796,-0.000306275,0.0534868
25.8,0.263845,0.00306796,-0.000275648,0.0481381
25.802,0.263845,0.00306796,-0.000248083,0.0433243
25.804,0.263845,0.00306796,-0.000223275,0.0389919
25.806,0.263845,0,-0.000200947,-0.118305
25.808,0.263845,0,-0.000180853,-0.106475
25.81,0.263845,0,-0.000162767,-0.0958274
25.812,0.263845,0,-0.000146491,-0.0862446
25.814,0.263845,0,-0.000131842,-0.0776202
25.816,0.263845,0,-0.000118657,-0.0698582
25.818,0.263845,0,-0.000106792,-0.0628723
25.82,0.260777,0,-0.153494,-0.0565851
25.822,0.260777,0,-0.138145,-0.0509266
25.824,0.260777,0,-0.12433,-0.0458339
25.826,0.260777,0,-0.111897,-0.0412505
25.828,0.260777,0,-0.100708,-0.0371255
25.83,0.260777,0,-0.0906368,-0.0334129
25.832,0.260777,0,-0.0815731,-0.0300716
25.834,0.260777,0,-0.0734158,-0.0270645
25.836,0.260777,0,-0.0660742,-0.024358
25.838,0.260777,0,-0.0594668,-0.0219222
25.84,0.260777,0,-0.0535201,-0.01973
25.842,0.260777,0,-0.0481681,-0.017757
25.844,0.260777,0,-0.0433513,-0.0159813
25.846,0.260777,0,-0.0390162,-0.0143832
25.848,0.260777,0,-0.0351145,-0.0129449
25.85,0.260777,0,-0.0316031,-0.0116504
25.852,0.260777,0,-0.0284428,-0.0104853
25.854,0.260777,0,-0.0255985,-0.0094368
25.856,0.260777,0,-0.0230387,-0.00849312
25.858,0.260777,0,-0.0207348,-0.00764381
25.86,0.260777,0,-0.0186613,-0.00687943
25.862,0.260777,0,-0.0167952,-0.00619149
25.864,0.260777,0,-0.0151157,-0.00557234
25.866,0.260777,0,-0.0136041,-0.0050151
25.868,0.260777,0.00306796,-0.0122437,0.148884
25.87,0.260777,0.00306796,-0.0110193,0.133996
25.872,0.260777,0.00306796,-0.00991739,0.120596
25.874,0.260777,0.00306796,-0.00892565,0.108537
25.876,0.260777,0.00306796,-0.00803308,0.0976831
25.878,0.260777,0.00306796,-0.00722977,0.0879148
25.88,0.260777,0.00306796,-0.0065068,0.0791233
25.882,0.260777,0.00306796,-0.00585612,0.071211
25.884,0.260777,0.00306796,-0.00527051,0.0640899
25.886,0.257709,0.00306796,-0.158142,0.0576809
25.888,0.257709,0.00306796,-0.142327,0.0519128
25.89,0.257709,0.00306796,-0.128095,0.0467215
25.892,0.257709,0.00306796,-0.115285,0.0420494
25.894,0.257709,0.00306796,-0.103757,0.0378444
25.896,0.257709,0.00306796,-0.093381,0.03406
25.898,0.257709,0.00306796,-0.0840429,0.030654
25.9,0.257709,0.00306796,-0.0756386,0.0275886
25.902,0.257709,0,-0.0680747,-0.128568
25.904,0.254641,0,-0.214665,-0.115712
25.906,0.254641,0,-0.193199,-0.10414
25.908,0.254641,0,-0.173879,-0.0937263
25.91,0.254641,0,-0.156491,-0.0843537
25.912,0.254641,0,-0.140842,-0.0759183
25.914,0.254641,0,-0.126758,-0.0683265
25.916,0.251573,0,-0.26748,-0.0614938
25.918,0.251573,0,-0.240732,-0.0553445
25.92,0.251573,0,-0.216659,-0.04981
25.922,0.251573,0,-0.194993,-0.044829
25.924,0.251573,0,-0.175494,-0.0403461
25.926,0.251573,0,-0.157944,-0.0363115
25.928,0.251573,0,-0.14215,-0.0326803
25.93,0.251573,-0.00306796,-0.127935,-0.18281
25.932,0.251573,-0.00306796,-0.115141,-0.164529
25.934,0.251573,-0.00306796,-0.103627,-0.148076
25.936,0.248505,-0.00306796,-0.246663,-0.133269
25.938,0.248505,-0.00306796,-0.221996,-0.119942
25.94,0.248505,-0.00306796,-0.199797,-0.107948
25.942,0.248505,-0.00306796,-0.179817,-0.0971529
25.944,0.248505,-0.00306796,-0.161835,-0.0874376
25.946,0.248505,-0.00306796,-0.145652,-0.0786939
25.948,0.248505,-0.00306796,-0.131087,-0.0708245
25.95,0.248505,-0.00306796,-0.117978,-0.063742
25.952,0.248505,-0.00306796,-0.10618,-0.0573678
25.954,0.245437,-0.00306796,-0.24896,-0.0516311
25.956,0.245437,-0.00306796,-0.224064,-0.0464679
25.958,0.245437,-0.00306796,-0.201658,-0.0418212
25.96,0.245437,-0.00306796,-0.181492,-0.037639
25.962,0.245437,-0.00306796,-0.163343,-0.0338751
25.964,0.245437,-0.00306796,-0.147009,-0.0304876
25.966,0.245437,-0.00306796,-0.132308,-0.0274389
25.968,0.245437,-0.00306796,-0.119077,-0.024695
25.97,0.245437,-0.00306796,-0.107169,-0.0222255
25.972,0.245437,-0.00306796,-0.0964523,-0.0200029
25.974,0.242369,-0.00306796,-0.240205,-0.0180026
25.976,0.242369,-0.00306796,-0.216185,-0.0162024
25.978,0.242369,-0.00306796,-0.194566,-0.0145821
25.98,0.242369,-0.00306796,-0.17511,-0.0131239
25.982,0.242369,-0.00306796,-0.157599,-0.0118115
25.984,0.242369,-0.00306796,-0.141839,-0.0106304
25.986,0.242369,-0.00306796,-0.127655,-0.00956734
25.988,0.242369,-0.00306796,-0.114889,-0.0086106
25.99,0.242369,-0.00306796,-0.1034,-0.00774954
25.992,0.242369,-0.00306796,-0.0930604,-0.00697459
25.994,0.242369,-0.00306796,-0.0837544,-0.00627713
25.996,0.242369,-0.00306796,-0.0753789,-0.00564942
25.998,0.242369,-0.00306796,-0.067841,-0.00508448
26,0.239301,-0.00306796,-0.214455,-0.00457603
26.002,0.239301,-0.00306796,-0.19301,-0.00411843
26.004,0.239301,-0.00306796,-0.173709,-0.00370658
26.006,0.239301,-0.00306796,-0.156338,-0.00333592
26.008,0.239301,-0.00306796,-0.140704,-0.00300233
26.01,0.239301,-0.00306796,-0.126634,-0.0027021
26.012,0.239301,-0.00306796,-0.11397,-0.00243189
26.014,0.239301,-0.00306796,-0.102573,-0.0021887
26.016,0.239301,-0.00306796,-0.0923158,-0.00196983
26.018,0.239301,-0.00306796,-0.0830843,-0.00177285
26.02,0.239301,-0.00306796,-0.0747758,-0.00159556
26.022,0.239301,-0.00306796,-0.0672983,-0.00143601
26.024,0.239301,-0.00306796,-0.0605684,-0.00129241
26.026,0.239301,-0.00306796,-0.0545116,-0.00116317
26.028,0.239301,-0.00306796,-0.0490604,-0.00104685
26.03,0.239301,-0.00306796,-0.0441544,-0.000942164
26.032,0.239301,-0.00306796,-0.0397389,-0.000847947
26.034,0.239301,-0.00306796,-0.0357651,-0.000763153
26.036,0.236233,-0.00306796,-0.185587,-0.000686837
26.038,0.236233,-0.00306796,-0.167028,-0.000618154
26.04,0.236233,-0.00306796,-0.150325,-0.000556338
26.042,0.236233,-0.00306796,-0.135293,-0.000500704
26.044,0.236233,-0.00306796,-0.121763,-0.000450634
26.046,0.236233,-0.00306796,-0.109587,-0.000405571
26.048,0.236233,-0.00306796,-0.0986283,-0.000365014
26.05,0.236233,-0.00306796,-0.0887655,-0.000328512
26.052,0.236233,-0.00306796,-0.079889,-0.000295661
26.054,0.236233,-0.00306796,-0.0719001,-0.000266095
26.056,0.236233,-0.00306796,-0.0647101,-0.000239485
26.058,0.236233,-0.00306796,-0.058239,-0.000215537
26.06,0.236233,-0.00306796,-0.0524151,-0.000193983
26.062,0.236233,-0.00306796,-0.0471736,-0.000174585
26.064,0.236233,-0.00306796,-0.0424563,-0.000157126
26.066,0.236233,-0.00306796,-0.0382106,-0.000141414
26.068,0.236233,-0.00306796,-0.0343896,-0.000127272
26.07,0.236233,-0.00306796,-0.0309506,-0.000114545
26.072,0.236233,-0.00306796,-0.0278556,-0.000103091
26.074,0.236233,-0.00306796,-0.02507,-9.27815e-05
26.076,0.236233,-0.00306796,-0.022563,-8.35034e-05
26.078,0.236233,-0.00306796,-0.0203067,-7.5153e-05
26.08,0.236233,-0.00306796,-0.018276,-6.76377e-05
26.082,0.236233,-0.00306796,-0.0164484,-6.0874e-05
26.084,0.236233,0,-0.0148036,0.153343
26.086,0.236233,0,-0.0133232,0.138009
26.088,0.236233,0,-0.0119909,0.124208
26.09,0.236233,0,-0.0107918,0.111787
26.092,0.236233,0,-0.00971263,0.100609
26.094,0.236233,0,-0.00874137,0.0905477
26.096,0.236233,0,-0.00786723,0.0814929
26.098,0.236233,0,-0.00708051,0.0733436
26.1,0.236233,0,-0.00637246,0.0660093
26.102,0.236233,0,-0.00573521,0.0594083
26.104,0.236233,0,-0.00516169,0.0534675
26.106,0.233165,0,-0.158044,0.0481207
26.108,0.233165,0,-0.142239,0.0433087
26.11,0.233165,0,-0.128015,0.0389778
26.112,0.233165,0,-0.115214,0.03508
26.114,0.233165,0,-0.103692,0.031572
26.116,0.233165,0,-0.0933232,0.0284148
26.118,0.233165,0,-0.0839908,0.0255733
26.12,0.233165,0,-0.0755918,0.023016
26.122,0.233165,0,-0.0680326,0.0207144
26.124,0.233165,0,-0.0612293,0.018643
26.126,0.233165,0,-0.0551064,0.0167787
26.128,0.233165,0,-0.0495958,0.0151008
26.13,0.233165,0,-0.0446362,0.0135907
26.132,0.230097,0,-0.193571,0.0122316
26.134,0.230097,0,-0.174214,0.0110085
26.136,0.230097,0,-0.156792,0.00990764
26.138,0.230097,0,-0.141113,0.00891687
26.14,0.230097,0,-0.127002,0.00802518
26.142,0.230097,0,-0.114302,0.00722267
26.144,0.230097,0,-0.102871,0.0065004
26.146,0.230097,0,-0.0925842,0.00585036
26.148,0.230097,0,-0.0833258,0.00526532
26.15,0.230097,0,-0.0749932,0.00473879
26.152,0.227029,0,-0.220892,0.00426491
26.154,0.227029,0,-0.198803,0.00383842
26.156,0.227029,0,-0.178923,0.00345458
26.158,0.227029,0,-0.16103,0.00310912
26.16,0.227029,0,-0.144927,0.00279821
26.162,0.227029,0,-0.130435,0.00251839
26.164,0.227029,0,-0.117391,0.00226655
26.166,0.227029,0,-0.105652,0.00203989
26.168,0.227029,0,-0.0950868,0.0018359
26.17,0.227029,0,-0.0855781,0.00165231
26.172,0.227029,0,-0.0770203,0.00148708
26.174,0.223961,-0.00306796,-0.222716,-0.15206
26.176,0.223961,-0.00306796,-0.200445,-0.136854
26.178,0.223961,-0.00306796,-0.1804,-0.123168
26.18,0.223961,-0.00306796,-0.16236,-0.110852
26.182,0.223961,-0.00306796,-0.146124,-0.0997664
26.184,0.223961,-0.00306796,-0.131512,-0.0897897
26.186,0.223961,-0.00306796,-0.118361,-0.0808108
26.188,0.223961,-0.00306796,-0.106525,-0.0727297
26.19,0.223961,-0.00306796,-0.0958721,-0.0654567
26.192,0.220893,-0.00306796,-0.239683,-0.058911
26.194,0.220893,-0.00306796,-0.215715,-0.0530199
26.196,0.220893,-0.00306796,-0.194143,-0.0477179
26.198,0.220893,-0.00306796,-0.174729,-0.0429462
26.2,0.220893,-0.00306796,-0.157256,-0.0386515
26.202,0.220893,-0.00306796,-0.14153,-0.0347864
26.204,0.220893,-0.00306796,-0.127377,-0.0313077
26.206,0.220893,-0.00306796,-0.11464,-0.028177
26.208,0.217825,-0.00306796,-0.256574,-0.0253593
26.21,0.217825,-0.00306796,-0.230916,-0.0228233
26.212,0.217825,-0.00306796,-0.207825,-0.020541
26.214,0.217825,-0.00306796,-0.187042,-0.0184869
26.216,0.217825,-0.00306796,-0.168338,-0.0166382
26.218,0.217825,-0.00306796,-0.151504,-0.0149744
26.22,0.217825,-0.00306796,-0.136354,-0.013477
26.222,0.217825,-0.00306796,-0.122718,-0.0121293
26.224,0.217825,-0.00306796,-0.110447,-0.0109163
26.226,0.217825,-0.00306796,-0.0994019,-0.0098247
26.228,0.217825,-0.00306796,-0.0894617,-0.00884223
26.23,0.217825,-0.00306796,-0.0805156,-0.00795801
26.232,0.214757,-0.00306796,-0.225862,-0.00716221
26.234,0.214757,-0.00306796,-0.203276,-0.00644599
26.236,0.214757,-0.00306796,-0.182948,-0.00580139
26.238,0.214757,-0.00306796,-0.164653,-0.00522125
26.24,0.214757,-0.00306796,-0.148188,-0.00469912
26.242,0.214757,-0.00306796,-0.133369,-0.00422921
26.244,0.214757,-0.00306796,-0.120032,-0.00380629
26.246,0.214757,-0.00306796,-0.108029,-0.00342566
26.248,0.214757,-0.00306796,-0.0972262,-0.0030831
26.25,0.214757,-0.00306796,-0.0875036,-0.00277479
26.252,0.214757,-0.00306796,-0.0787532,-0.00249731
26.254,0.214757,-0.00306796,-0.0708779,-0.00224758
26.256,0.214757,-0.00306796,-0.0637901,-0.00202282
26.258,0.214757,-0.00306796,-0.0574111,-0.00182054
26.26,0.214757,-0.00306796,-0.05167,-0.00163848
26.262,0.214757,-0.00306796,-0.046503,-0.00147464
26.264,0.214757,-0.00306796,-0.0418527,-0.00132717
26.266,0.211689,-0.00306796,-0.191066,-0.00119445
26.268,0.211689,-0.00306796,-0.171959,-0.00107501
26.27,0.211689,-0.00306796,-0.154763,-0.000967508
26.272,0.211689,-0.00306796,-0.139287,-0.000870757
26.274,0.211689,-0.00306796,-0.125358,-0.000783682
26.276,0.211689,-0.00306796,-0.112822,-0.000705313
26.278,0.211689,-0.00306796,-0.10154,-0.000634782
26.28,0.211689,-0.00306796,-0.091386,-0.000571304
26.282,0.211689,-0.00306796,-0.0822474,-0.000514173
26.284,0.211689,-0.00306796,-0.0740227,-0.000462756
26.286,0.211689,-0.00306796,-0.0666204,-0.00041648
26.288,0.211689,-0.00306796,-0.0599584,-0.000374832
26.29,0.211689,-0.00306796,-0.0539625,-0.000337349
26.292,0.211689,-0.00306796,-0.0485663,-0.000303614
26.294,0.211689,-0.00306796,-0.0437097,-0.000273253
26.296,0.211689,-0.00306796,-0.0393387,-0.000245928
26.298,0.211689,-0.00306796,-0.0354048,-0.000221335
26.3,0.211689,-0.00306796,-0.0318643,-0.000199201
26.302,0.211689,-0.00306796,-0.0286779,-0.000179281
26.304,0.211689,-0.00306796,-0.0258101,-0.000161353
26.306,0.211689,-0.00306796,-0.0232291,-0.000145218
26.308,0.211689,0,-0.0209062,0.153267
26.31,0.211689,0,-0.0188156,0.137941
26.312,0.211689,0,-0.016934,0.124147
26.314,0.211689,0,-0.0152406,0.111732
26.316,0.211689,0,-0.0137166,0.100559
26.318,0.211689,0,-0.0123449,0.0905029
26.32,0.211689,0,-0.0111104,0.0814526
26.322,0.208621,0,-0.163397,0.0733073
26.324,0.208621,0,-0.147058,0.0659766
26.326,0.208621,0,-0.132352,0.0593789
26.328,0.208621,0,-0.119117,0.053441
26.33,0.208621,0,-0.107205,0.0480969
26.332,0.208621,0,-0.0964846,0.0432872
26.334,0.208621,0,-0.0868361,0.0389585
26.336,0.208621,0,-0.0781525,0.0350627
26.338,0.208621,0,-0.0703372,0.0315564
26.34,0.208621,0,-0.0633035,0.0284008
26.342,0.208621,0,-0.0569732,0.0255607
26.344,0.208621,0,-0.0512759,0.0230046
26.346,0.208621,0,-0.0461483,0.0207042
26.348,0.205553,0,-0.194932,0.0186337
26.35,0.205553,0,-0.175438,0.0167704
26.352,0.205553,0,-0.157895,0.0150933
26.354,0.205553,0,-0.142105,0.013584
26.356,0.205553,0,-0.127895,0.0122256
26.358,0.205553,0,-0.115105,0.011003
26.36,0.205553,0,-0.103595,0.00990273
26.362,0.205553,0,-0.0932351,0.00891246
26.364,0.202485,0,-0.23731,0.00802121
26.366,0.202485,0,-0.213579,0.00721909
26.368,0.202485,0,-0.192221,0.00649718
26.37,0.202485,0,-0.172999,0.00584746
26.372,0.202485,-0.00306796,-0.155699,-0.148135
26.374,0.202485,-0.00306796,-0.140129,-0.133322
26.376,0.202485,-0.00306796,-0.126116,-0.11999
26.378,0.202485,-0.00306796,-0.113504,-0.107991
26.38,0.202485,-0.00306796,-0.102154,-0.0971916
26.382,0.199418,-0.00306796,-0.245337,-0.0874724
26.384,0.199418,-0.00306796,-0.220803,-0.0787252
26.386,0.199418,-0.00306796,-0.198723,-0.0708527
26.388,0.199418,-0.00306796,-0.17885,-0.0637674
26.39,0.199418,-0.00306796,-0.160965,-0.0573907
26.392,0.199418,-0.00306796,-0.144869,-0.0516516
26.394,0.199418,-0.00306796,-0.130382,-0.0464864
26.396,0.199418,-0.00306796,-0.117344,-0.0418378
26.398,0.199418,-0.00306796,-0.105609,-0.037654
26.4,0.19635,-0.00306796,-0.248447,-0.0338886
26.402,0.19635,-0.00306796,-0.223602,-0.0304998
26.404,0.19635,-0.00306796,-0.201242,-0.0274498
26.406,0.19635,-0.00306796,-0.181118,-0.0247048
26.408,0.19635,-0.00306796,-0.163006,-0.0222343
26.41,0.19635,-0.00306796,-0.146705,-0.0200109
26.412,0.19635,-0.00306796,-0.132035,-0.0180098
26.414,0.19635,-0.00306796,-0.118831,-0.0162088
26.416,0.193282,-0.00306796,-0.260346,-0.0145879
26.418,0.193282,-0.00306796,-0.234312,-0.0131291
26.42,0.193282,-0.00306796,-0.21088,-0.0118162
26.422,0.193282,-0.00613592,-0.189792,-0.164033
26.424,0.193282,-0.00613592,-0.170813,-0.147629
26.426,0.193282,-0.00613592,-0.153732,-0.132866
26.428,0.193282,-0.00613592,-0.138359,-0.11958
26.43,0.193282,-0.00613592,-0.124523,-0.107622
26.432,0.193282,-0.00613592,-0.11207,-0.0968597
26.434,0.193282,-0.00613592,-0.100863,-0.0871737
26.436,0.190214,-0.00613592,-0.244175,-0.0784563
26.438,0.190214,-0.00613592,-0.219758,-0.0706107
26.44,0.190214,-0.00613592,-0.197782,-0.0635496
26.442,0.190214,-0.00613592,-0.178004,-0.0571947
26.444,0.190214,-0.00613592,-0.160203,-0.0514752
26.446,0.190214,-0.00613592,-0.144183,-0.0463277
26.448,0.190214,-0.00613592,-0.129765,-0.0416949
26.45,0.190214,-0.00613592,-0.116788,-0.0375254
26.452,0.190214,-0.00306796,-0.105109,0.119625
26.454,0.190214,-0.00306796,-0.0945985,0.107663
26.456,0.190214,-0.00306796,-0.0851386,0.0968964
26.458,0.190214,-0.00306796,-0.0766248,0.0872068
26.46,0.190214,-0.00306796,-0.0689623,0.0784861
26.462,0.190214,-0.00306796,-0.0620661,0.0706375
26.464,0.190214,-0.00306796,-0.0558594,0.0635737
26.466,0.190214,-0.00306796,-0.0502735,0.0572164
26.468,0.190214,-0.00306796,-0.0452462,0.0514947
26.47,0.190214,-0.00306796,-0.0407215,0.0463453
26.472,0.190214,-0.00306796,-0.0366494,0.0417107
26.474,0.190214,-0.00306796,-0.0329844,0.0375397
26.476,0.190214,-0.00306796,-0.029686,0.0337857
26.478,0.190214,-0.00306796,-0.0267174,0.0304071
26.48,0.190214,-0.00306796,-0.0240457,0.0273664
26.482,0.190214,-0.00306796,-0.0216411,0.0246298
26.484,0.190214,-0.00306796,-0.019477,0.0221668
26.486,0.190214,-0.00306796,-0.0175293,0.0199501
26.488,0.190214,-0.00306796,-0.0157764,0.0179551
26.49,0.190214,-0.00306796,-0.0141987,0.0161596
26.492,0.190214,-0.00306796,-0.0127789,0.0145436
26.494,0.187146,-0.00306796,-0.164899,0.0130893
26.496,0.187146,-0.00306796,-0.148409,0.0117803
26.498,0.187146,-0.00306796,-0.133568,0.0106023
26.5,0.187146,-0.00306796,-0.120211,0.00954208
26.502,0.187146,-0.00306796,-0.10819,0.00858787
26.504,0.187146,-0.00306796,-0.0973712,0.00772908
26.506,0.187146,-0.00306796,-0.0876341,0.00695617
26.508,0.187146,-0.00306796,-0.0788707,0.00626056
26.51,0.187146,-0.00306796,-0.0709836,0.0056345
26.512,0.187146,-0.00306796,-0.0638853,0.00507105
26.514,0.187146,0,-0.0574967,0.157962
26.516,0.187146,0,-0.0517471,0.142166
26.518,0.187146,0,-0.0465724,0.127949
26.52,0.187146,0,-0.0419151,0.115154
26.522,0.187146,0,-0.0377236,0.103639
26.524,0.187146,0,-0.0339513,0.093275
26.526,0.187146,0,-0.0305561,0.0839475
26.528,0.187146,0,-0.0275005,0.0755527
26.53,0.187146,0,-0.0247505,0.0679975
26.532,0.187146,0,-0.0222754,0.0611977
26.534,0.187146,0,-0.0200479,0.055078
26.536,0.187146,0,-0.0180431,0.0495702
26.538,0.187146,0,-0.0162388,0.0446131
26.54,0.187146,0,-0.0146149,0.0401518
26.542,0.187146,0,-0.0131534,0.0361366
26.544,0.187146,0,-0.0118381,0.032523
26.546,0.187146,0,-0.0106543,0.0292707
26.548,0.187146,0,-0.00958884,0.0263436
26.55,0.187146,0,-0.00862995,0.0237093
26.552,0.187146,0,-0.00776696,0.0213383
26.554,0.184078,0,-0.160388,0.0192045
26.556,0.184078,0,-0.14435,0.017284
26.558,0.184078,0,-0.129915,0.0155556
26.56,0.184078,0,-0.116923,0.0140001
26.562,0.184078,0,-0.105231,0.0126001
26.564,0.184078,0,-0.0947077,0.0113401
26.566,0.184078,0,-0.0852369,0.0102061
26.568,0.184078,0,-0.0767132,0.00918545
26.57,0.184078,0,-0.0690419,0.00826691
26.572,0.184078,0,-0.0621377,0.00744021
26.574,0.184078,0,-0.055924,0.00669619
26.576,0.18101,0,-0.20373,0.00602657
26.578,0.18101,0,-0.183357,0.00542392
26.58,0.18101,0,-0.165021,0.00488152
26.582,0.18101,0,-0.148519,0.00439337
26.584,0.18101,0,-0.133667,0.00395404
26.586,0.18101,0,-0.1203,0.00355863
26.588,0.18101,0,-0.10827,0.00320277
26.59,0.18101,0,-0.0974433,0.00288249
26.592,0.177942,0,-0.241097,0.00259424
26.594,0.177942,0,-0.216987,0.00233482
26.596,0.177942,-0.00306796,-0.195289,-0.151297
26.598,0.177942,-0.00306796,-0.17576,-0.136167
26.6,0.177942,-0.00306796,-0.158184,-0.12255
26.602,0.177942,-0.00306796,-0.142365,-0.110295
26.604,0.177942,-0.00306796,-0.128129,-0.0992658
26.606,0.177942,-0.00306796,-0.115316,-0.0893392
26.608,0.177942,-0.00306796,-0.103784,-0.0804053
26.61,0.174874,-0.00306796,-0.246804,-0.0723648
26.612,0.174874,-0.00306796,-0.222124,-0.0651283
26.614,0.174874,-0.00306796,-0.199911,-0.0586155
26.616,0.174874,-0.00306796,-0.17992,-0.0527539
26.618,0.174874,-0.00306796,-0.161928,-0.0474785
26.62,0.174874,-0.00306796,-0.145735,-0.0427307
26.622,0.174874,-0.00306796,-0.131162,-0.0384576
26.624,0.174874,-0.00306796,-0.118046,-0.0346118
26.626,0.174874,-0.00306796,-0.106241,-0.0311507
26.628,0.174874,-0.00306796,-0.0956169,-0.0280356
26.63,0.174874,-0.00306796,-0.0860552,-0.025232
26.632,0.174874,-0.00306796,-0.0774497,-0.0227088
26.634,0.171806,-0.00306796,-0.223103,-0.0204379
26.636,0.171806,-0.00306796,-0.200793,-0.0183942
26.638,0.171806,-0.00306796,-0.180713,-0.0165547
26.64,0.171806,-0.00306796,-0.162642,-0.0148993
26.642,0.171806,-0.00306796,-0.146378,-0.0134093
26.644,0.171806,-0.00306796,-0.13174,-0.0120684
26.646,0.171806,-0.00306796,-0.118566,-0.0108616
26.648,0.171806,-0.00306796,-0.106709,-0.00977541
26.65,0.171806,-0.00306796,-0.0960384,-0.00879787
26.652,0.171806,-0.00306796,-0.0864346,-0.00791808
26.654,0.171806,-0.00306796,-0.0777911,-0.00712627
26.656,0.171806,-0.00306796,-0.070012,-0.00641364
26.658,0.168738,-0.00306796,-0.216409,-0.00577228
26.66,0.168738,-0.00306796,-0.194768,-0.00519505
26.662,0.168738,-0.00306796,-0.175291,-0.00467555
26.664,0.168738,-0.00306796,-0.157762,-0.00420799
26.666,0.168738,-0.00306796,-0.141986,-0.00378719
26.668,0.168738,-0.00306796,-0.127787,-0.00340847
26.67,0.168738,-0.00306796,-0.115009,-0.00306763
26.672,0.168738,-0.00306796,-0.103508,-0.00276086
26.674,0.168738,-0.00306796,-0.0931569,-0.00248478
26.676,0.168738,-0.00306796,-0.0838412,-0.0022363
26.678,0.168738,-0.00306796,-0.0754571,-0.00201267
26.68,0.168738,-0.00306796,-0.0679114,-0.0018114
26.682,0.168738,-0.00306796,-0.0611203,-0.00163026
26.684,0.16567,-0.00306796,-0.208406,-0.00146724
26.686,0.16567,-0.00306796,-0.187566,-0.00132051
26.688,0.16567,-0.00306796,-0.168809,-0.00118846
26.69,0.16567,-0.00306796,-0.151928,-0.00106962
26.692,0.16567,-0.00306796,-0.136735,-0.000962654
26.694,0.16567,-0.00613592,-0.123062,-0.154264
26.696,0.16567,-0.00613592,-0.110756,-0.138838
26.698,0.16567,-0.00613592,-0.0996801,-0.124954
26.7,0.16567,-0.00613592,-0.0897121,-0.112459
26.702,0.16567,-0.00613592,-0.0807409,-0.101213
26.704,0.16567,-0.00613592,-0.0726668,-0.0910916
26.706,0.16567,-0.00613592,-0.0654001,-0.0819825
26.708,0.16567,-0.00613592,-0.0588601,-0.0737842
26.71,0.16567,-0.00613592,-0.0529741,-0.0664058
26.712,0.16567,-0.00613592,-0.0476767,-0.0597652
26.714,0.16567,-0.00613592,-0.042909,-0.0537887
26.716,0.16567,-0.00613592,-0.0386181,-0.0484098
26.718,0.16567,-0.00306796,-0.0347563,0.109829
26.72,0.16567,-0.00306796,-0.0312807,0.0988463
26.722,0.16567,-0.00306796,-0.0281526,0.0889617
26.724,0.16567,-0.00306796,-0.0253373,0.0800655
26.726,0.16567,-0.00306796,-0.0228036,0.072059
26.728,0.16567,-0.00306796,-0.0205232,0.0648531
26.73,0.16567,-0.00306796,-0.0184709,0.0583678
26.732,0.16567,-0.00306796,-0.0166238,0.052531
26.734,0.16567,-0.00306796,-0.0149614,0.0472779
26.736,0.16567,-0.00306796,-0.0134653,0.0425501
26.738,0.16567,-0.00306796,-0.0121188,0.0382951
26.74,0.16567,-0.00306796,-0.0109069,0.0344656
26.742,0.16567,-0.00306796,-0.00981621,0.031019
26.744,0.16567,-0.00306796,-0.00883459,0.0279171
26.746,0.16567,-0.00306796,-0.00795113,0.0251254
26.748,0.16567,-0.00306796,-0.00715601,0.0226129
26.75,0.16567,-0.00306796,-0.00644041,0.0203516
26.752,0.16567,-0.00306796,-0.00579637,0.0183164
26.754,0.16567,-0.00306796,-0.00521673,0.0164848
26.756,0.16567,0,-0.00469506,0.168234
26.758,0.16567,0,-0.00422555,0.151411
26.76,0.16567,0,-0.003803,0.13627
26.762,0.16567,0,-0.0034227,0.122643
26.764,0.16567,0,-0.00308043,0.110379
26.766,0.16567,0,-0.00277239,0.0993407
26.768,0.16567,0,-0.00249515,0.0894066
26.77,0.16567,0,-0.00224563,0.080466
26.772,0.16567,0,-0.00202107,0.0724194
26.774,0.16567,0,-0.00181896,0.0651774
26.776,0.16567,0,-0.00163707,0.0586597
26.778,0.162602,0,-0.154871,0.0527937
26.78,0.162602,0,-0.139384,0.0475144
26.782,0.162602,0,-0.125446,0.0427629
26.784,0.162602,0,-0.112901,0.0384866
26.786,0.162602,0,-0.101611,0.034638
26.788,0.162602,0,-0.09145,0.0311742
26.79,0.162602,0,-0.082305,0.0280568
26.792,0.162602,0,-0.0740745,0.0252511
26.794,0.162602,0,-0.0666671,0.022726
26.796,0.162602,0,-0.0600004,0.0204534
26.798,0.162602,0,-0.0540003,0.018408
26.8,0.162602,0,-0.0486003,0.0165672
26.802,0.162602,0,-0.0437403,0.0149105
26.804,0.162602,0,-0.0393662,0.0134195
26.806,0.162602,0,-0.0354296,0.0120775
26.808,0.162602,0,-0.0318867,0.0108698
26.81,0.162602,0,-0.028698,0.00978278
26.812,0.162602,0,-0.0258282,0.00880451
26.814,0.162602,0,-0.0232454,0.00792406
26.816,0.162602,0,-0.0209208,0.00713165
26.818,0.162602,0,-0.0188288,0.00641849
26.82,0.162602,0,-0.0169459,0.00577664
26.822,0.159534,0,-0.168649,0.00519897
26.824,0.159534,0,-0.151784,0.00467908
26.826,0.159534,0,-0.136606,0.00421117
26.828,0.159534,0,-0.122945,0.00379005
26.83,0.159534,0,-0.110651,0.00341105
26.832,0.159534,0,-0.0995858,0.00306994
26.834,0.159534,0,-0.0896272,0.00276295
26.836,0.159534,0,-0.0806645,0.00248665
26.838,0.159534,0,-0.072598,0.00223799
26.84,0.159534,0,-0.0653382,0.00201419
26.842,0.156466,0,-0.212202,0.00181277
26.844,0.156466,0,-0.190982,0.00163149
26.846,0.156466,0,-0.171884,0.00146834
26.848,0.156466,0,-0.154696,0.00132151
26.85,0.156466,0,-0.139226,0.00118936
26.852,0.156466,0,-0.125303,0.00107042
26.854,0.156466,0,-0.112773,0.00096338
26.856,0.156466,0,-0.101496,0.000867042
26.858,0.156466,0,-0.0913462,0.000780338
26.86,0.153398,0,-0.23561,0.000702304
26.862,0.153398,0,-0.212049,0.000632074
26.864,0.153398,0,-0.190844,0.000568866
26.866,0.153398,-0.00306796,-0.171759,-0.152886
26.868,0.153398,-0.00306796,-0.154584,-0.137597
26.87,0.153398,-0.00306796,-0.139125,-0.123838
26.872,0.153398,-0.00306796,-0.125213,-0.111454
26.874,0.153398,-0.00306796,-0.112691,-0.100309
26.876,0.153398,-0.00306796,-0.101422,-0.0902777
26.878,0.153398,-0.00306796,-0.09128,-0.0812499
26.88,0.153398,-0.00306796,-0.082152,-0.0731249
26.882,0.153398,-0.00306796,-0.0739368,-0.0658125
26.884,0.15033,-0.00306796,-0.219941,-0.0592312
26.886,0.15033,-0.00306796,-0.197947,-0.0533081
26.888,0.15033,-0.00306796,-0.178152,-0.0479773
26.89,0.15033,-0.00306796,-0.160337,-0.0431796
26.892,0.15033,-0.00306796,-0.144303,-0.0388616
26.894,0.15033,-0.00306796,-0.129873,-0.0349754
26.896,0.15033,-0.00306796,-0.116886,-0.0314779
26.898,0.15033,-0.00306796,-0.105197,-0.0283301
26.9,0.15033,-0.00306796,-0.0946775,-0.0254971
26.902,0.15033,-0.00306796,-0.0852097,-0.0229474
26.904,0.15033,-0.00306796,-0.0766888,-0.0206526
26.906,0.15033,-0.00306796,-0.0690199,-0.0185874
26.908,0.15033,-0.00306796,-0.0621179,-0.0167286
26.91,0.15033,-0.00306796,-0.0559061,-0.0150558
26.912,0.15033,-0.00306796,-0.0503155,-0.0135502
26.914,0.15033,-0.00306796,-0.0452839,-0.0121952
26.916,0.15033,-0.00306796,-0.0407555,-0.0109757
26.918,0.147262,-0.00306796,-0.190078,-0.0098781
26.92,0.147262,-0.00306796,-0.17107,-0.00889029
26.922,0.147262,-0.00306796,-0.153963,-0.00800126
26.924,0.147262,-0.00306796,-0.138567,-0.00720113
26.926,0.147262,-0.00306796,-0.12471,-0.00648102
26.928,0.147262,-0.00306796,-0.112239,-0.00583292
26.93,0.147262,-0.00306796,-0.101015,-0.00524963
26.932,0.147262,-0.00306796,-0.0909138,-0.00472466
26.934,0.147262,-0.00306796,-0.0818224,-0.0042522
26.936,0.147262,-0.00306796,-0.0736401,-0.00382698
26.938,0.147262,-0.00306796,-0.0662761,-0.00344428
26.94,0.147262,-0.00306796,-0.0596485,-0.00309985
26.942,0.147262,-0.00306796,-0.0536837,-0.00278987
26.944,0.147262,-0.00306796,-0.0483153,-0.00251088
26.946,0.147262,-0.00306796,-0.0434838,-0.00225979
26.948,0.147262,-0.00306796,-0.0391354,-0.00203381
26.95,0.147262,-0.00306796,-0.0352219,-0.00183043
26.952,0.147262,-0.00306796,-0.0316997,-0.00164739
26.954,0.147262,-0.00306796,-0.0285297,-0.00148265
26.956,0.144194,-0.00306796,-0.179075,-0.00133438
26.958,0.144194,-0.00306796,-0.161167,-0.00120095
26.96,0.144194,-0.00306796,-0.145051,-0.00108085
26.962,0.144194,-0.00306796,-0.130546,-0.000972766
26.964,0.144194,-0.00306796,-0.117491,-0.00087549
26.966,0.144194,0,-0.105742,0.15261
26.968,0.144194,0,-0.0951677,0.137349
26.97,0.144194,0,-0.0856509,0.123614
26.972,0.144194,0,-0.0770858,0.111253
26.974,0.144194,0,-0.0693772,0.100128
26.976,0.144194,0,-0.0624395,0.0901148
26.978,0.144194,0,-0.0561956,0.0811033
26.98,0.144194,0,-0.050576,0.072993
26.982,0.144194,0,-0.0455184,0.0656937
26.984,0.144194,0,-0.0409666,0.0591243
26.986,0.144194,0,-0.0368699,0.0532119
26.988,0.144194,0,-0.0331829,0.0478907
26.99,0.144194,0,-0.0298646,0.0431016
26.992,0.144194,0,-0.0268782,0.0387914
26.994,0.144194,0,-0.0241904,0.0349123
26.996,0.144194,0,-0.0217713,0.0314211
26.998,0.144194,0,-0.0195942,0.028279
27,0.144194,0,-0.0176348,0.0254511
27.002,0.144194,0,-0.0158713,0.022906
27.004,0.144194,0,-0.0142842,0.0206154
27.006,0.141126,0,-0.166254,0.0185538
27.008,0.141126,0,-0.149628,0.0166984
27.01,0.141126,0,-0.134666,0.0150286
27.012,0.141126,0,-0.121199,0.0135257
27.014,0.141126,0,-0.109079,0.0121732
27.016,0.141126,0,-0.0981712,0.0109559
27.018,0.141126,0,-0.0883541,0.00986027
27.02,0.141126,0,-0.0795187,0.00887424
27.022,0.141126,0,-0.0715668,0.00798682
27.024,0.141126,0,-0.0644101,0.00718813
27.026,0.141126,0,-0.0579691,0.00646932
27.028,0.141126,0,-0.0521722,0.00582239
27.03,0.141126,0,-0.046955,0.00524015
27.032,0.141126,0,-0.0422595,0.00471613
27.034,0.141126,0,-0.0380335,0.00424452
27.036,0.141126,0,-0.0342302,0.00382007
27.038,0.141126,0,-0.0308072,0.00343806
27.04,0.141126,0,-0.0277265,0.00309426
27.042,0.138058,0,-0.178352,0.00278483
27.044,0.138058,0,-0.160517,0.00250635
27.046,0.138058,0,-0.144465,0.00225571
27.048,0.138058,0,-0.130019,0.00203014
27.05,0.138058,0,-0.117017,0.00182713
27.052,0.138058,0,-0.105315,0.00164441
27.054,0.138058,0,-0.0947835,0.00147997
27.056,0.138058,0,-0.0853052,0.00133198
27.058,0.138058,-0.00306796,-0.0767746,-0.152199
27.06,0.138058,-0.00306796,-0.0690972,-0.136979
27.062,0.138058,-0.00306796,-0.0621875,-0.123281
27.064,0.138058,-0.00306796,-0.0559687,-0.110953
27.066,0.138058,-0.00306796,-0.0503718,-0.099858
27.068,0.13499,-0.00306796,-0.198733,-0.0898722
27.07,0.13499,-0.00306796,-0.178859,-0.0808849
27.072,0.13499,-0.00306796,-0.160974,-0.0727965
27.074,0.13499,-0.00306796,-0.144876,-0.0655168
27.076,0.13499,-0.00306796,-0.130389,-0.0589651
27.078,0.13499,-0.00306796,-0.11735,-0.0530686
27.08,0.13499,-0.00306796,-0.105615,-0.0477618
27.082,0.13499,-0.00306796,-0.0950533,-0.0429856
27.084,0.13499,-0.00306796,-0.0855479,-0.038687
27.086,0.13499,-0.00306796,-0.0769931,-0.0348183
27.088,0.13499,-0.00306796,-0.0692938,-0.0313365
27.09,0.13499,-0.00306796,-0.0623644,-0.0282028
27.092,0.13499,-0.00306796,-0.056128,-0.0253826
27.094,0.13499,0,-0.0505152,0.130554
27.096,0.13499,0,-0.0454637,0.117498
27.098,0.13499,0,-0.0409173,0.105749
27.1,0.13499,0,-0.0368256,0.0951737
27.102,0.13499,0,-0.033143,0.0856563
27.104,0.13499,0,-0.0298287,0.0770907
27.106,0.13499,0,-0.0268458,0.0693816
27.108,0.13499,0,-0.0241613,0.0624435
27.11,0.13499,0,-0.0217451,0.0561991
27.112,0.13499,0,-0.0195706,0.0505792
27.114,0.13499,0,-0.0176136,0.0455213
27.116,0.13499,0,-0.0158522,0.0409692
27.118,0.13499,0,-0.014267,0.0368722
27.12,0.131922,0,-0.166238,0.033185
27.122,0.131922,0,-0.149615,0.0298665
27.124,0.131922,0,-0.134653,0.0268799
27.126,0.131922,0,-0.121188,0.0241919
27.128,0.131922,0,-0.109069,0.0217727
27.13,0.131922,0,-0.0981621,0.0195954
27.132,0.131922,0,-0.0883459,0.0176359
27.134,0.131922,0,-0.0795113,0.0158723
27.136,0.131922,0,-0.0715602,0.0142851
27.138,0.131922,0,-0.0644041,0.0128566
27.14,0.131922,0,-0.0579637,0.0115709
27.142,0.131922,0,-0.0521674,0.0104138
27.144,0.131922,0,-0.0469506,0.00937243
27.146,0.131922,0,-0.0422556,0.00843519
27.148,0.131922,0,-0.03803,0.00759167
27.15,0.131922,0,-0.034227,0.0068325
27.152,0.131922,0,-0.0308043,0.00614925
27.154,0.131922,0,-0.0277239,0.00553433
27.156,0.131922,0,-0.0249515,0.00498089
27.158,0.131922,0,-0.0224563,0.0044828
27.16,0.131922,0,-0.0202107,0.00403452
27.162,0.131922,0,-0.0181896,0.00363107
27.164,0.131922,0,-0.0163707,0.00326796
27.166,0.131922,0,-0.0147336,0.00294117
27.168,0.128854,0,-0.166658,0.00264705
27.17,0.128854,0,-0.149992,0.00238235
27.172,0.128854,0,-0.134993,0.00214411
27.174,0.128854,0.00306796,-0.121494,0.155328
27.176,0.128854,0.00306796,-0.109345,0.139795
27.178,0.128854,0.00306796,-0.0984101,0.125816
27.18,0.128854,0.00306796,-0.0885691,0.113234
27.182,0.128854,0.00306796,-0.0797122,0.101911
27.184,0.128854,0.00306796,-0.0717409,0.0917195
27.186,0.128854,0.00306796,-0.0645668,0.0825476
27.188,0.128854,0.00306796,-0.0581102,0.0742928
27.19,0.128854,0.00306796,-0.0522991,0.0668635
27.192,0.128854,0.00306796,-0.0470692,0.0601772
27.194,0.128854,0.00306796,-0.0423623,0.0541594
27.196,0.128854,0.00306796,-0.0381261,0.0487435
27.198,0.128854,0.00306796,-0.0343135,0.0438692
27.2,0.128854,0.00306796,-0.0308821,0.0394822
27.202,0.128854,0.00306796,-0.0277939,0.035534
27.204,0.128854,0.00306796,-0.0250145,0.0319806
27.206,0.128854,0.00306796,-0.0225131,0.0287826
27.208,0.128854,0.00306796,-0.0202618,0.0259043
27.21,0.128854,0.00306796,-0.0182356,0.0233139
27.212,0.128854,0.00306796,-0.016412,0.0209825
27.214,0.125786,0.00306796,-0.168169,0.0188842
27.216,0.125786,0.00306796,-0.151352,0.0169958
27.218,0.125786,0.00306796,-0.136217,0.0152962
27.22,0.125786,0.00306796,-0.122595,0.0137666
27.222,0.125786,0.00306796,-0.110336,0.0123899
27.224,0.125786,0.00306796,-0.0993021,0.0111509
27.226,0.125786,0.00306796,-0.0893718,0.0100359
27.228,0.125786,0.00306796,-0.0804347,0.00903227
27.23,0.125786,0.00306796,-0.0723912,0.00812904
27.232,0.125786,0.00306796,-0.0651521,0.00731614
27.234,0.125786,0.00306796,-0.0586369,0.00658452
27.236,0.125786,0.00306796,-0.0527732,0.00592607
27.238,0.125786,0.00306796,-0.0474959,0.00533346
27.24,0.125786,0.00306796,-0.0427463,0.00480012
27.242,0.125786,0.00306796,-0.0384717,0.00432011
27.244,0.125786,0.00306796,-0.0346245,0.0038881
27.246,0.125786,0.00306796,-0.031162,0.00349929
27.248,0.125786,0.00306796,-0.0280458,0.00314936
27.25,0.125786,0.00306796,-0.0252413,0.00283442
27.252,0.125786,0.00306796,-0.0227171,0.00255098
27.254,0.122718,0.00306796,-0.173843,0.00229588
27.256,0.122718,0.00306796,-0.156459,0.00206629
27.258,0.122718,0.00306796,-0.140813,0.00185966
27.26,0.122718,0.00306796,-0.126732,0.0016737
27.262,0.122718,0.00306796,-0.114059,0.00150633
27.264,0.122718,0.00306796,-0.102653,0.0013557
27.266,0.122718,0.00306796,-0.0923876,0.00122013
27.268,0.122718,0.00306796,-0.0831488,0.00109811
27.27,0.122718,0.00306796,-0.0748339,0.000988302
27.272,0.122718,0.00306796,-0.0673505,0.000889472
27.274,0.122718,0.00306796,-0.0606155,0.000800524
27.276,0.122718,0.00306796,-0.0545539,0.000720472
27.278,0.122718,0.00613592,-0.0490985,0.154047
27.28,0.122718,0.00613592,-0.0441887,0.138642
27.282,0.122718,0.00613592,-0.0397698,0.124778
27.284,0.122718,0.00613592,-0.0357928,0.1123
27.286,0.122718,0.00613592,-0.0322135,0.10107
27.288,0.119651,0.00613592,-0.18239,0.0909629
27.29,0.119651,0.00613592,-0.164151,0.0818666
27.292,0.119651,0.00613592,-0.147736,0.07368
27.294,0.119651,0.00613592,-0.132963,0.066312
27.296,0.119651,0.00613592,-0.119666,0.0596808
27.298,0.119651,0.00613592,-0.1077,0.0537127
27.3,0.119651,0.00613592,-0.0969297,0.0483414
27.302,0.119651,0.00613592,-0.0872367,0.0435073
27.304,0.119651,0.00613592,-0.078513,0.0391566
27.306,0.119651,0.00613592,-0.0706617,0.0352409
27.308,0.119651,0.00613592,-0.0635956,0.0317168
27.31,0.119651,0.00613592,-0.057236,0.0285451
27.312,0.119651,0.00613592,-0.0515124,0.0256906
27.314,0.119651,0.00613592,-0.0463612,0.0231216
27.316,0.119651,0.00920388,-0.041725,0.174207
27.318,0.119651,0.00920388,-0.0375525,0.156787
27.32,0.119651,0.00920388,-0.0337973,0.141108
27.322,0.119651,0.00920388,-0.0304176,0.126997
27.324,0.119651,0.00920388,-0.0273758,0.114298
27.326,0.119651,0.00920388,-0.0246382,0.102868
27.328,0.116583,0.00920388,-0.175572,0.092581
27.33,0.116583,0.00920388,-0.158015,0.0833229
27.332,0.116583,0.00920388,-0.142214,0.0749906
27.334,0.116583,0.00920388,-0.127992,0.0674915
27.336,0.116583,0.00920388,-0.115193,0.0607424
27.338,0.116583,0.00920388,-0.103674,0.0546682
27.34,0.116583,0.00920388,-0.0933064,0.0492013
27.342,0.116583,0.00920388,-0.0839758,0.0442812
27.344,0.116583,0.00920388,-0.0755782,0.0398531
27.346,0.116583,0.00920388,-0.0680204,0.0358678
27.348,0.116583,0.0122718,-0.0612183,0.185679
27.35,0.116583,0.0122718,-0.0550965,0.167111
27.352,0.116583,0.0122718,-0.0495869,0.1504
27.354,0.116583,0.0122718,-0.0446282,0.13536
27.356,0.116583,0.0122718,-0.0401654,0.121824
27.358,0.113515,0.0122718,-0.189547,0.109642
27.36,0.113515,0.0122718,-0.170592,0.0986775
27.362,0.113515,0.0122718,-0.153533,0.0888097
27.364,0.113515,0.0122718,-0.13818,0.0799288
27.366,0.113515,0.0122718,-0.124362,0.0719359
27.368,0.113515,0.0122718,-0.111926,0.0647423
27.37,0.113515,0.0122718,-0.100733,0.0582681
27.372,0.113515,0.0122718,-0.0906597,0.0524413
27.374,0.110447,0.0122718,-0.234992,0.0471971
27.376,0.110447,0.0122718,-0.211493,0.0424774
27.378,0.110447,0.0122718,-0.190343,0.0382297
27.38,0.110447,0.0122718,-0.171309,0.0344067
27.382,0.107379,0.0122718,-0.307576,0.030966
27.384,0.107379,0.0122718,-0.276819,0.0278694
27.386,0.107379,0.0122718,-0.249137,0.0250825
27.388,0.107379,0.0122718,-0.224223,0.0225742
27.39,0.107379,0.0122718,-0.201801,0.0203168
27.392,0.104311,0.00920388,-0.335019,-0.135113
27.394,0.104311,0.00920388,-0.301517,-0.121602
27.396,0.104311,0.00920388,-0.271365,-0.109441
27.398,0.104311,0.00920388,-0.244229,-0.0984973
27.4,0.104311,0.00920388,-0.219806,-0.0886476
27.402,0.101243,0.00920388,-0.351223,-0.0797828
27.404,0.101243,0.00920388,-0.316101,-0.0718046
27.406,0.101243,0.00920388,-0.284491,-0.0646241
27.408,0.101243,0.00920388,-0.256042,-0.0581617
27.41,0.0981748,0.00920388,-0.383836,-0.0523455
27.412,0.0981748,0.00920388,-0.345452,-0.047111
27.414,0.0981748,0.00920388,-0.310907,-0.0423999
27.416,0.0951068,0.00920388,-0.433214,-0.0381599
27.418,0.0951068,0.00920388,-0.389893,-0.0343439
27.42,0.0951068,0.00920388,-0.350904,-0.0309095
27.422,0.0951068,0.00613592,-0.315813,-0.181217
27.424,0.0920388,0.00613592,-0.43763,-0.163095
27.426,0.0920388,0.00613592,-0.393867,-0.146785
27.428,0.0920388,0.00613592,-0.35448,-0.132107
27.43,0.0920388,0.00613592,-0.319032,-0.118896
27.432,0.0889709,0.00613592,-0.440527,-0.107007
27.434,0.0889709,0.00613592,-0.396474,-0.096306
27.436,0.0889709,0.00613592,-0.356827,-0.0866754
27.438,0.0889709,0.00613592,-0.321144,-0.0780078
27.44,0.0889709,0.00613592,-0.28903,-0.070207
27.442,0.0859029,0.00613592,-0.413525,-0.0631863
27.444,0.0859029,0.00613592,-0.372172,-0.0568677
27.446,0.0859029,0.00613592,-0.334955,-0.0511809
27.448,0.082835,0.00613592,-0.454858,-0.0460628
27.45,0.082835,0.00306796,-0.409372,-0.194855
27.452,0.082835,0.00306796,-0.368435,-0.175369
27.454,0.079767,0.00306796,-0.484989,-0.157832
27.456,0.079767,0.00306796,-0.43649,-0.142049
27.458,0.079767,0.00306796,-0.392841,-0.127844
27.46,0.079767,0.00306796,-0.353557,-0.11506
27.462,0.076699,0.00306796,-0.4716,-0.103554
27.464,0.076699,0.00306796,-0.42444,-0.0931984
27.466,0.076699,0.00306796,-0.381996,-0.0838785
27.468,0.076699,0.00306796,-0.343796,-0.0754907
27.47,0.076699,0.00306796,-0.309417,-0.0679416
27.472,0.0736311,0.00306796,-0.431873,-0.0611474
27.474,0.0736311,0.00306796,-0.388686,-0.0550327
27.476,0.0736311,0.00306796,-0.349817,-0.0495294
27.478,0.0705631,0.00306796,-0.468233,-0.0445765
27.48,0.0705631,0.00306796,-0.42141,-0.0401188
27.482,0.0705631,0.00306796,-0.379269,-0.036107
27.484,0.0705631,0.00306796,-0.341342,-0.0324963
27.486,0.0674952,0.00306796,-0.460606,-0.0292466
27.488,0.0674952,0.00306796,-0.414545,-0.026322
27.49,0.0674952,0.00306796,-0.373091,-0.0236898
27.492,0.0674952,0.00306796,-0.335782,-0.0213208
27.494,0.0644272,0.00306796,-0.455602,-0.0191887
27.496,0.0644272,0.00306796,-0.410042,-0.0172698
27.498,0.0644272,0.00306796,-0.369037,-0.0155429
27.5,0.0644272,0,-0.332134,-0.167387
27.502,0.0613592,0,-0.452318,-0.150648
27.504,0.0613592,0,-0.407087,-0.135583
27.506,0.0613592,0,-0.366378,-0.122025
27.508,0.0582913,0,-0.483138,-0.109822
27.51,0.0582913,0,-0.434824,-0.0988401
27.512,0.0582913,0,-0.391342,-0.0889561
27.514,0.0552233,0,-0.505606,-0.0800605
27.516,0.0552233,0,-0.455045,-0.0720545
27.518,0.0552233,0,-0.409541,-0.064849
27.52,0.0552233,0,-0.368587,-0.0583641
27.522,0.0552233,0,-0.331728,-0.0525277
27.524,0.0521553,0,-0.451953,-0.0472749
27.526,0.0521553,0,-0.406758,-0.0425474
27.528,0.0521553,0,-0.366082,-0.0382927
27.53,0.0521553,0,-0.329474,-0.0344634
27.532,0.0490874,0,-0.449925,-0.0310171
27.534,0.0490874,0,-0.404932,-0.0279154
27.536,0.0490874,0,-0.364439,-0.0251238
27.538,0.0460194,0,-0.481393,-0.0226115
27.54,0.0460194,0,-0.433254,-0.0203503
27.542,0.0460194,0,-0.389928,-0.0183153
27.544,0.0460194,0,-0.350936,-0.0164838
27.546,0.0429515,0,-0.46924,-0.0148354
27.548,0.0429515,-0.00306796,-0.422316,-0.16675
27.55,0.0429515,-0.00306796,-0.380084,-0.150075
27.552,0.0429515,-0.00306796,-0.342076,-0.135067
27.554,0.0398835,-0.00306796,-0.461267,-0.121561
27.556,0.0398835,-0.00306796,-0.41514,-0.109405
27.558,0.0398835,-0.00306796,-0.373626,-0.0984642
27.56,0.0398835,-0.00306796,-0.336263,-0.0886177
27.562,0.0368155,-0.00306796,-0.456035,-0.079756
27.564,0.0368155,-0.00306796,-0.410432,-0.0717804
27.566,0.0368155,-0.00306796,-0.369388,-0.0646023
27.568,0.0368155,-0.00306796,-0.33245,-0.0581421
27.57,0.0337476,-0.00306796,-0.452603,-0.0523279
27.572,0.0337476,-0.00306796,-0.407342,-0.0470951
27.574,0.0337476,-0.00306796,-0.366608,-0.0423856
27.576,0.0337476,-0.00306796,-0.329947,-0.038147
27.578,0.0306796,-0.00306796,-0.450351,-0.0343323
27.58,0.0306796,-0.00306796,-0.405316,-0.0308991
27.582,0.0306796,-0.00306796,-0.364784,-0.0278092
27.584,0.0306796,-0.00306796,-0.328306,-0.0250283
27.586,0.0306796,-0.00306796,-0.295475,-0.0225254
27.588,0.0306796,-0.00306796,-0.265928,-0.0202729
27.59,0.0276117,-0.00306796,-0.392733,-0.0182456
27.592,0.0276117,-0.00306796,-0.35346,-0.016421
27.594,0.0276117,-0.00306796,-0.318114,-0.0147789
27.596,0.0276117,-0.00306796,-0.286302,-0.013301
27.598,0.0276117,-0.00306796,-0.257672,-0.0119709
27.6,0.0245437,-0.00306796,-0.385303,-0.0107738
27.602,0.0245437,0,-0.346773,0.143702
27.604,0.0245437,0,-0.312095,0.129331
27.606,0.0245437,0,-0.280886,0.116398
27.608,0.0245437,0,-0.252797,0.104758
27.61,0.0214757,0,-0.380916,0.0942826
27.612,0.0214757,0,-0.342824,0.0848544
27.614,0.0214757,0,-0.308542,0.0763689
27.616,0.0214757,0,-0.277687,0.068732
27.618,0.0214757,0,-0.249919,0.0618588
27.62,0.0184078,0,-0.378325,0.0556729
27.622,0.0184078,0,-0.340492,0.0501057
27.624,0.0184078,0,-0.306443,0.0450951
27.626,0.0184078,0,-0.275799,0.0405856
27.628,0.0184078,0,-0.248219,0.036527
27.63,0.0153398,0,-0.376795,0.0328743
27.632,0.0153398,0,-0.339116,0.0295869
27.634,0.0153398,0,-0.305204,0.0266282
27.636,0.0153398,0,-0.274684,0.0239654
27.638,0.0153398,0,-0.247215,0.0215688
27.64,0.0122718,0,-0.375892,0.019412
27.642,0.0122718,0,-0.338303,0.0174708
27.644,0.0122718,0,-0.304472,0.0157237
27.646,0.00920388,0,-0.427423,0.0141513
27.648,0.00920388,0,-0.384681,0.0127362
27.65,0.00920388,0,-0.346213,0.0114626
27.652,0.00920388,0,-0.311592,0.0103163
27.654,0.00613592,0,-0.43383,0.00928468
27.656,0.00613592,0,-0.390447,0.00835621
27.658,0.00613592,0,-0.351403,0.00752059
27.66,0.00613592,0,-0.316262,0.00676853
27.662,0.00613592,-0.00306796,-0.284636,-0.147306
27.664,0.00306796,-0.00306796,-0.409571,-0.132576
27.666,0.00306796,-0.00306796,-0.368614,-0.119318
27.668,0.00306796,-0.00306796,-0.331752,-0.107386
27.67,0.00306796,-0.00306796,-0.298577,-0.0966477
27.672,-0,-0.00306796,-0.422117,-0.086983
27.674,-0,-0.00306796,-0.379906,-0.0782847
27.676,-0,-0.00306796,-0.341915,-0.0704562
27.678,-0.00306796,-0.00306796,-0.461122,-0.0634106
27.68,-0.00306796,-0.00306796,-0.415009,-0.0570695
27.682,-0.00306796,-0.00306796,-0.373509,-0.0513626
27.684,-0.00306796,-0.00306796,-0.336158,-0.0462263
27.686,-0.00613592,-0.00306796,-0.45594,-0.0416037
27.688,-0.00613592,-0.00306796,-0.410346,-0.0374433
27.69,-0.00613592,-0.00306796,-0.369311,-0.033699
27.692,-0.00613592,-0.00306796,-0.33238,-0.0303291
27.694,-0.00613592,-0.00306796,-0.299142,-0.0272962
27.696,-0.00613592,-0.00306796,-0.269228,-0.0245666
27.698,-0.00920388,-0.00306796,-0.395703,-0.0221099
27.7,-0.00920388,-0.00306796,-0.356133,-0.0198989
27.702,-0.00920388,-0.00306796,-0.32052,-0.017909
27.704,-0.00920388,-0.00306796,-0.288468,-0.0161181
27.706,-0.00920388,-0.00306796,-0.259621,-0.0145063
27.708,-0.0122718,-0.00306796,-0.387057,-0.0130557
27.71,-0.0122718,-0.00306796,-0.348351,-0.0117501
27.712,-0.0122718,-0.00306796,-0.313516,-0.0105751
27.714,-0.0153398,-0.00306796,-0.435563,-0.00951759
27.716,-0.0153398,-0.00306796,-0.392006,-0.00856583
27.718,-0.0153398,-0.00306796,-0.352806,-0.00770925
27.72,-0.0153398,-0.00306796,-0.317525,-0.00693832
27.722,-0.0184078,-0.00306796,-0.439171,-0.00624449
27.724,-0.0184078,-0.00306796,-0.395254,-0.00562004
27.726,-0.0184078,-0.00306796,-0.355728,-0.00505804
27.728,-0.0184078,-0.00306796,-0.320155,-0.00455223
27.73,-0.0184078,-0.00306796,-0.28814,-0.00409701
27.732,-0.0184078,-0.00306796,-0.259326,-0.00368731
27.734,-0.0214757,-0.00306796,-0.386791,-0.00331858
27.736,-0.0214757,-0.00306796,-0.348112,-0.00298672
27.738,-0.0214757,-0.00306796,-0.313301,-0.00268805
27.74,-0.0214757,-0.00306796,-0.281971,-0.00241924
27.742,-0.0214757,-0.00306796,-0.253774,-0.00217732
27.744,-0.0245437,-0.00306796,-0.381795,-0.00195959
27.746,-0.0245437,-0.00306796,-0.343615,-0.00176363
27.748,-0.0245437,-0.00306796,-0.309254,-0.00158727
27.75,-0.0276117,-0.00306796,-0.431726,-0.00142854
27.752,-0.0276117,-0.00306796,-0.388554,-0.00128568
27.754,-0.0276117,-0.00306796,-0.349698,-0.00115712
27.756,-0.0276117,-0.00306796,-0.314728,-0.0010414
27.758,-0.0306796,-0.00306796,-0.436654,-0.000937264
27.76,-0.0306796,-0.00306796,-0.392988,-0.000843538
27.762,-0.0306796,-0.00306796,-0.353689,-0.000759184
27.764,-0.0306796,-0.00306796,-0.318321,-0.000683266
27.766,-0.0306796,-0.00306796,-0.286488,-0.000614939
27.768,-0.0337476,-0.00306796,-0.411238,-0.000553445
27.77,-0.0337476,-0.00613592,-0.370114,-0.153896
27.772,-0.0337476,-0.00613592,-0.333103,-0.138507
27.774,-0.0337476,-0.00613592,-0.299792,-0.124656
27.776,-0.0337476,-0.00613592,-0.269813,-0.11219
27.778,-0.0368155,-0.00613592,-0.39623,-0.100971
27.78,-0.0368155,-0.00613592,-0.356607,-0.0908742
27.782,-0.0368155,-0.00613592,-0.320946,-0.0817867
27.784,-0.0368155,-0.00613592,-0.288852,-0.0736081
27.786,-0.0398835,-0.00613592,-0.413364,-0.0662473
27.788,-0.0398835,-0.00613592,-0.372028,-0.0596225
27.79,-0.0398835,-0.00613592,-0.334825,-0.0536603
27.792,-0.0398835,-0.00613592,-0.301343,-0.0482943
27.794,-0.0398835,-0.00613592,-0.271208,-0.0434648
27.796,-0.0429515,-0.00613592,-0.397486,-0.0391183
27.798,-0.0429515,-0.00613592,-0.357737,-0.0352065
27.8,-0.0429515,-0.00613592,-0.321963,-0.0316859
27.802,-0.0429515,-0.00613592,-0.289767,-0.0285173
27.804,-0.0429515,-0.00613592,-0.26079,-0.0256655
27.806,-0.0429515,-0.00613592,-0.234711,-0.023099
27.808,-0.0429515,-0.00613592,-0.21124,-0.0207891
27.81,-0.0460194,-0.00613592,-0.343514,-0.0187102
27.812,-0.0460194,-0.00306796,-0.309163,0.136559
27.814,-0.0460194,-0.00306796,-0.278247,0.122903
27.816,-0.0460194,-0.00306796,-0.250422,0.110613
27.818,-0.0460194,-0.00306796,-0.22538,0.0995514
27.82,-0.0460194,-0.00306796,-0.202842,0.0895963
27.822,-0.0460194,-0.00306796,-0.182558,0.0806367
27.824,-0.0460194,-0.00306796,-0.164302,0.072573
27.826,-0.0460194,-0.00306796,-0.147872,0.0653157
27.828,-0.0490874,-0.00306796,-0.286483,0.0587841
27.83,-0.0490874,-0.00306796,-0.257834,0.0529057
27.832,-0.0490874,-0.00306796,-0.232051,0.0476151
27.834,-0.0490874,-0.00306796,-0.208846,0.0428536
27.836,-0.0490874,-0.00306796,-0.187961,0.0385683
27.838,-0.0490874,-0.00306796,-0.169165,0.0347114
27.84,-0.0521553,-0.00306796,-0.305647,0.0312403
27.842,-0.0521553,-0.00306796,-0.275082,0.0281163
27.844,-0.0521553,-0.00306796,-0.247574,0.0253046
27.846,-0.0521553,-0.00306796,-0.222816,0.0227742
27.848,-0.0521553,-0.00306796,-0.200535,0.0204968
27.85,-0.0521553,-0.00306796,-0.180481,0.0184471
27.852,-0.0521553,0,-0.162433,0.17
27.854,-0.0552233,0,-0.299588,0.153
27.856,-0.0552233,0,-0.269629,0.1377
27.858,-0.0552233,0,-0.242666,0.12393
27.86,-0.0552233,0,-0.2184,0.111537
27.862,-0.0552233,0,-0.19656,0.100384
27.864,-0.0552233,0,-0.176904,0.0903452
27.866,-0.0552233,0,-0.159213,0.0813107
27.868,-0.0582913,0,-0.29669,0.0731796
27.87,-0.0582913,0,-0.267021,0.0658617
27.872,-0.0582913,0,-0.240319,0.0592755
27.874,-0.0582913,0,-0.216287,0.0533479
27.876,-0.0582913,0,-0.194658,0.0480131
27.878,-0.0582913,0,-0.175193,0.0432118
27.88,-0.0613592,0,-0.311071,0.0388907
27.882,-0.0613592,0,-0.279964,0.0350016
27.884,-0.0613592,0,-0.251968,0.0315014
27.886,-0.0613592,0,-0.226771,0.0283513
27.888,-0.0644272,-0.00306796,-0.357492,-0.127882
27.89,-0.0644272,-0.00306796,-0.321743,-0.115094
27.892,-0.0644272,-0.00306796,-0.289569,-0.103584
27.894,-0.0644272,-0.00306796,-0.260612,-0.0932259
27.896,-0.0644272,-0.00306796,-0.23455,-0.0839033
27.898,-0.0674952,-0.00306796,-0.364494,-0.075513
27.9,-0.0674952,-0.00306796,-0.328044,-0.0679617
27.902,-0.0674952,-0.00306796,-0.29524,-0.0611655
27.904,-0.0674952,-0.00306796,-0.265716,-0.055049
27.906,-0.0674952,-0.00306796,-0.239144,-0.0495441
27.908,-0.0674952,-0.00306796,-0.21523,-0.0445897
27.91,-0.0705631,-0.00306796,-0.347105,-0.0401307
27.912,-0.0705631,-0.00306796,-0.312394,-0.0361176
27.914,-0.0705631,-0.00306796,-0.281155,-0.0325059
27.916,-0.0705631,-0.00306796,-0.253039,-0.0292553
27.918,-0.0705631,-0.00306796,-0.227736,-0.0263298
27.92,-0.0705631,-0.00306796,-0.204962,-0.0236968
27.922,-0.0705631,-0.00306796,-0.184466,-0.0213271
27.924,-0.0736311,-0.00306796,-0.319417,-0.0191944
27.926,-0.0736311,-0.00306796,-0.287476,-0.017275
27.928,-0.0736311,-0.00306796,-0.258728,-0.0155475
27.93,-0.0736311,-0.00306796,-0.232855,-0.0139927
27.932,-0.0736311,-0.00306796,-0.20957,-0.0125934
27.934,-0.076699,-0.00306796,-0.342011,-0.0113341
27.936,-0.076699,-0.00306796,-0.30781,-0.0102007
27.938,-0.076699,-0.00306796,-0.277029,-0.00918062
27.94,-0.076699,-0.00306796,-0.249326,-0.00826256
27.942,-0.076699,-0.00306796,-0.224393,-0.0074363
27.944,-0.076699,-0.00306796,-0.201954,-0.00669267
27.946,-0.079767,-0.00306796,-0.335157,-0.0060234
27.948,-0.079767,-0.00306796,-0.301641,-0.00542106
27.95,-0.079767,-0.00306796,-0.271477,-0.00487896
27.952,-0.079767,-0.00306796,-0.244329,-0.00439106
27.954,-0.079767,-0.00306796,-0.219896,-0.00395195
27.956,-0.079767,-0.00306796,-0.197907,-0.00355676
27.958,-0.079767,-0.00306796,-0.178116,-0.00320108
27.96,-0.079767,-0.00306796,-0.160304,-0.00288098
27.962,-0.082835,-0.00306796,-0.297672,-0.00259288
27.964,-0.082835,-0.00306796,-0.267905,-0.00233359
27.966,-0.082835,-0.00306796,-0.241114,-0.00210023
27.968,-0.082835,-0.00306796,-0.217003,-0.00189021
27.97,-0.082835,-0.00306796,-0.195303,-0.00170119
27.972,-0.082835,-0.00306796,-0.175772,-0.00153107
27.974,-0.082835,-0.00306796,-0.158195,-0.00137796
27.976,-0.0859029,-0.00306796,-0.295774,-0.00124017
27.978,-0.0859029,-0.00306796,-0.266196,-0.00111615
27.98,-0.0859029,-0.00306796,-0.239577,-0.00100453
27.982,-0.0859029,-0.00306796,-0.215619,-0.00090408
27.984,-0.0859029,-0.00306796,-0.194057,-0.000813672
27.986,-0.0859029,-0.00306796,-0.174651,-0.000732305
27.988,-0.0889709,-0.00306796,-0.310584,-0.000659075
27.99,-0.0889709,-0.00306796,-0.279526,-0.000593167
27.992,-0.0889709,-0.00306796,-0.251573,-0.00053385
27.994,-0.0889709,-0.00306796,-0.226416,-0.000480465
27.996,-0.0889709,-0.00306796,-0.203774,-0.000432419
27.998,-0.0889709,-0.00306796,-0.183397,-0.000389177
28,-0.0920388,-0.00306796,-0.318455,-0.000350259
28.002,-0.0920388,-0.00306796,-0.28661,-0.000315233
28.004,-0.0920388,-0.00306796,-0.257949,-0.00028371
28.006,-0.0920388,-0.00306796,-0.232154,-0.000255339
28.008,-0.0920388,-0.00306796,-0.208939,-0.000229805
28.01,-0.0920388,-0.00306796,-0.188045,-0.000206825
28.012,-0.0920388,-0.00306796,-0.16924,-0.000186142
28.014,-0.0920388,-0.00306796,-0.152316,-0.000167528
28.016,-0.0951068,-0.00306796,-0.290483,-0.000150775
28.018,-0.0951068,-0.00306796,-0.261434,-0.000135698
28.02,-0.0951068,-0.00306796,-0.235291,-0.000122128
28.022,-0.0951068,-0.00306796,-0.211762,-0.000109915
28.024,-0.0951068,0,-0.190586,0.153299
28.026,-0.0951068,0,-0.171527,0.137969
28.028,-0.0951068,0,-0.154374,0.124172
28.03,-0.0951068,0,-0.138937,0.111755
28.032,-0.0981748,0,-0.278441,0.10058
28.034,-0.0981748,0,-0.250597,0.0905216
28.036,-0.0981748,0,-0.225537,0.0814695
28.038,-0.0981748,0,-0.202984,0.0733225
28.04,-0.0981748,0,-0.182685,0.0659903
28.042,-0.0981748,0,-0.164417,0.0593912
28.044,-0.101243,0,-0.301373,0.0534521
28.046,-0.101243,0,-0.271236,0.0481069
28.048,-0.101243,0,-0.244112,0.0432962
28.05,-0.101243,-0.00306796,-0.219701,-0.114431
28.052,-0.101243,-0.00306796,-0.197731,-0.102988
28.054,-0.104311,-0.00306796,-0.331356,-0.0926895
28.056,-0.104311,-0.00306796,-0.29822,-0.0834206
28.058,-0.104311,-0.00306796,-0.268398,-0.0750785
28.06,-0.104311,-0.00306796,-0.241558,-0.0675707
28.062,-0.104311,-0.00306796,-0.217403,-0.0608136
28.064,-0.104311,-0.00306796,-0.195662,-0.0547322
28.066,-0.104311,-0.00306796,-0.176096,-0.049259
28.068,-0.107379,-0.00306796,-0.311885,-0.0443331
28.07,-0.107379,-0.00306796,-0.280696,-0.0398998
28.072,-0.107379,-0.00306796,-0.252627,-0.0359098
28.074,-0.107379,-0.00306796,-0.227364,-0.0323188
28.076,-0.107379,-0.00306796,-0.204627,-0.0290869
28.078,-0.107379,-0.00306796,-0.184165,-0.0261783
28.08,-0.107379,-0.00306796,-0.165748,-0.0235604
28.082,-0.107379,-0.00306796,-0.149173,-0.0212044
28.084,-0.107379,-0.00306796,-0.134256,-0.0190839
28.086,-0.110447,-0.00306796,-0.274229,-0.0171756
28.088,-0.110447,-0.00306796,-0.246806,-0.015458
28.09,-0.110447,-0.00306796,-0.222125,-0.0139122
28.092,-0.110447,-0.00306796,-0.199913,-0.012521
28.094,-0.110447,-0.00306796,-0.179921,-0.0112689
28.096,-0.110447,-0.00306796,-0.161929,-0.010142
28.098,-0.110447,-0.00306796,-0.145736,-0.00912779
28.1,-0.113515,-0.00306796,-0.284561,-0.00821501
28.102,-0.113515,-0.00306796,-0.256105,-0.00739351
28.104,-0.113515,-0.00306796,-0.230494,-0.00665416
28.106,-0.113515,-0.00306796,-0.207445,-0.00598874
28.108,-0.113515,-0.00306796,-0.1867,-0.00538987
28.11,-0.113515,0,-0.16803,0.148547
28.112,-0.113515,0,-0.151227,0.133692
28.114,-0.113515,0,-0.136105,0.120323
28.116,-0.113515,0,-0.122494,0.108291
28.118,-0.116583,0,-0.263643,0.0974618
28.12,-0.116583,0,-0.237278,0.0877156
28.122,-0.116583,0,-0.213551,0.0789441
28.124,-0.116583,0,-0.192196,0.0710497
28.126,-0.116583,0,-0.172976,0.0639447
28.128,-0.116583,0,-0.155678,0.0575502
28.13,-0.116583,0,-0.140111,0.0517952
28.132,-0.116583,0,-0.1261,0.0466157
28.134,-0.116583,0,-0.11349,0.0419541
28.136,-0.116583,0,-0.102141,0.0377587
28.138,-0.119651,0,-0.245325,0.0339828
28.14,-0.119651,0,-0.220792,0.0305846
28.142,-0.119651,0,-0.198713,0.0275261
28.144,-0.119651,0,-0.178842,0.0247735
28.146,-0.119651,0,-0.160957,0.0222961
28.148,-0.119651,0,-0.144862,0.0200665
28.15,-0.119651,0,-0.130376,0.0180599
28.152,-0.122718,-0.00306796,-0.270736,-0.137144
28.154,-0.122718,-0.00306796,-0.243662,-0.12343
28.156,-0.122718,-0.00306796,-0.219296,-0.111087
28.158,-0.122718,-0.00306796,-0.197367,-0.0999781
28.16,-0.122718,-0.00306796,-0.17763,-0.0899803
28.162,-0.122718,-0.00306796,-0.159867,-0.0809823
28.164,-0.125786,-0.00306796,-0.297278,-0.072884
28.166,-0.125786,-0.00306796,-0.267551,-0.0655956
28.168,-0.125786,-0.00306796,-0.240795,-0.0590361
28.17,-0.125786,-0.00306796,-0.216716,-0.0531325
28.172,-0.125786,-0.00306796,-0.195044,-0.0478192
28.174,-0.125786,-0.00306796,-0.17554,-0.0430373
28.176,-0.125786,-0.00306796,-0.157986,-0.0387336
28.178,-0.125786,-0.00306796,-0.142187,-0.0348602
28.18,-0.128854,-0.00306796,-0.281367,-0.0313742
28.182,-0.128854,-0.00306796,-0.25323,-0.0282368
28.184,-0.128854,-0.00306796,-0.227907,-0.0254131
28.186,-0.128854,-0.00306796,-0.205116,-0.0228718
28.188,-0.128854,0,-0.184605,0.132813
28.19,-0.128854,0,-0.166144,0.119532
28.192,-0.128854,0,-0.14953,0.107579
28.194,-0.128854,0,-0.134577,0.096821
28.196,-0.128854,0,-0.121119,0.0871389
28.198,-0.128854,0,-0.109007,0.078425
28.2,-0.128854,0,-0.0981065,0.0705825
28.202,-0.128854,0,-0.0882958,0.0635243
28.204,-0.128854,0,-0.0794663,0.0571718
28.206,-0.128854,0,-0.0715196,0.0514547
28.208,-0.131922,0,-0.217766,0.0463092
28.21,-0.131922,0,-0.195989,0.0416783
28.212,-0.131922,0,-0.17639,0.0375104
28.214,-0.131922,0,-0.158751,0.0337594
28.216,-0.131922,0,-0.142876,0.0303835
28.218,-0.131922,0,-0.128588,0.0273451
28.22,-0.131922,0,-0.11573,0.0246106
28.222,-0.131922,0,-0.104157,0.0221495
28.224,-0.131922,0,-0.093741,0.0199346
28.226,-0.13499,0,-0.237765,0.0179411
28.228,-0.13499,0,-0.213988,0.016147
28.23,-0.13499,0,-0.19259,0.0145323
28.232,-0.13499,0,-0.173331,0.0130791
28.234,-0.13499,0,-0.155998,0.0117712
28.236,-0.13499,0,-0.140398,0.0105941
28.238,-0.13499,0,-0.126358,0.00953465
28.24,-0.138058,0,-0.26712,0.00858119
28.242,-0.138058,0,-0.240408,0.00772307
28.244,-0.138058,0,-0.216367,0.00695076
28.246,-0.138058,0,-0.194731,0.00625569
28.248,-0.138058,0,-0.175258,0.00563012
28.25,-0.138058,0,-0.157732,0.00506711
28.252,-0.138058,0,-0.141959,0.00456039
28.254,-0.141126,0,-0.281161,0.00410436
28.256,-0.141126,-0.00306796,-0.253045,-0.149704
28.258,-0.141126,-0.00306796,-0.22774,-0.134734
28.26,-0.141126,-0.00306796,-0.204966,-0.12126
28.262,-0.141126,-0.00306796,-0.18447,-0.109134
28.264,-0.141126,-0.00306796,-0.166023,-0.0982209
28.266,-0.141126,-0.00306796,-0.14942,-0.0883988
28.268,-0.141126,-0.00306796,-0.134478,-0.0795589
28.27,-0.141126,-0.00306796,-0.121031,-0.071603
28.272,-0.141126,-0.00306796,-0.108927,-0.0644427
28.274,-0.144194,-0.00306796,-0.251433,-0.0579985
28.276,-0.144194,-0.00306796,-0.22629,-0.0521986
28.278,-0.144194,-0.00306796,-0.203661,-0.0469788
28.28,-0.144194,-0.00306796,-0.183295,-0.0422809
28.282,-0.144194,-0.00306796,-0.164965,-0.0380528
28.284,-0.144194,0,-0.148469,0.119151
28.286,-0.144194,0,-0.133622,0.107236
28.288,-0.144194,0,-0.12026,0.096512
28.29,-0.144194,0,-0.108234,0.0868608
28.292,-0.144194,0,-0.0974102,0.0781747
28.294,-0.144194,0,-0.0876692,0.0703572
28.296,-0.144194,0,-0.0789023,0.0633215
28.298,-0.144194,0,-0.0710121,0.0569893
28.3,-0.144194,0,-0.0639109,0.0512904
28.302,-0.144194,0,-0.0575198,0.0461614
28.304,-0.144194,0,-0.0517678,0.0415452
28.306,-0.144194,0,-0.046591,0.0373907
28.308,-0.147262,0,-0.19533,0.0336516
28.31,-0.147262,0,-0.175797,0.0302865
28.312,-0.147262,0,-0.158217,0.0272578
28.314,-0.147262,0,-0.142396,0.024532
28.316,-0.147262,0,-0.128156,0.0220788
28.318,-0.147262,0,-0.11534,0.019871
28.32,-0.147262,0,-0.103806,0.0178839
28.322,-0.147262,0,-0.0934257,0.0160955
28.324,-0.147262,0,-0.0840832,0.0144859
28.326,-0.147262,0,-0.0756748,0.0130373
28.328,-0.15033,0,-0.221505,0.0117336
28.33,-0.15033,0,-0.199355,0.0105602
28.332,-0.15033,0,-0.179419,0.00950422
28.334,-0.15033,0,-0.161477,0.0085538
28.336,-0.15033,0,-0.14533,0.00769842
28.338,-0.15033,0,-0.130797,0.00692857
28.34,-0.15033,0,-0.117717,0.00623572
28.342,-0.15033,0,-0.105945,0.00561215
28.344,-0.15033,0,-0.0953508,0.00505093
28.346,-0.15033,0,-0.0858157,0.00454584
28.348,-0.153398,0,-0.230632,0.00409125
28.35,-0.153398,0,-0.207569,0.00368213
28.352,-0.153398,0,-0.186812,0.00331392
28.354,-0.153398,0,-0.168131,0.00298252
28.356,-0.153398,0,-0.151318,0.00268427
28.358,-0.153398,0,-0.136186,0.00241584
28.36,-0.153398,0,-0.122567,0.00217426
28.362,-0.153398,0,-0.110311,0.00195683
28.364,-0.153398,0,-0.0992796,0.00176115
28.366,-0.153398,0,-0.0893517,0.00158504
28.368,-0.153398,0,-0.0804165,0.00142653
28.37,-0.153398,0,-0.0723748,0.00128388
28.372,-0.153398,0,-0.0651374,0.00115549
28.374,-0.156466,0,-0.212022,0.00103994
28.376,-0.156466,0,-0.19082,0.000935948
28.378,-0.156466,0,-0.171738,0.000842353
28.38,-0.156466,0,-0.154564,0.000758118
28.382,-0.156466,0,-0.139107,0.000682306
28.384,-0.156466,0,-0.125197,0.000614075
28.386,-0.156466,0,-0.112677,0.000552668
28.388,-0.156466,0,-0.101409,0.000497401
28.39,-0.156466,0,-0.0912684,0.000447661
28.392,-0.156466,0,-0.0821416,0.000402895
28.394,-0.156466,0,-0.0739274,0.000362605
28.396,-0.156466,0,-0.0665347,0.000326345
28.398,-0.159534,0,-0.213279,0.00029371
28.4,-0.159534,0,-0.191951,0.000264339
28.402,-0.159534,0,-0.172756,0.000237905
28.404,-0.159534,0,-0.155481,0.000214115
28.406,-0.159534,0,-0.139933,0.000192703
28.408,-0.159534,0,-0.125939,0.000173433
28.41,-0.159534,0,-0.113345,0.00015609
28.412,-0.159534,0,-0.102011,0.000140481
28.414,-0.159534,0,-0.0918097,0.000126433
28.416,-0.162602,0,-0.236027,0.000113789
28.418,-0.162602,0,-0.212424,0.00010241
28.42,-0.162602,0,-0.191182,9.21694e-05
28.422,-0.162602,0,-0.172064,8.29525e-05
28.424,-0.162602,0,-0.154857,7.46572e-05
28.426,-0.162602,0,-0.139371,6.71915e-05
28.428,-0.162602,0,-0.125434,6.04723e-05
28.43,-0.162602,0,-0.112891,5.44251e-05
28.432,-0.162602,0,-0.101602,4.89826e-05
28.434,-0.162602,0,-0.0914416,4.40843e-05
28.436,-0.16567,0,-0.235696,3.96759e-05
28.438,-0.16567,0,-0.212126,3.57083e-05
28.44,-0.16567,0,-0.190913,3.21375e-05
28.442,-0.16567,0,-0.171822,2.89237e-05
28.444,-0.16567,0,-0.15464,2.60314e-05
28.446,-0.16567,0,-0.139176,2.34282e-05
28.448,-0.16567,0,-0.125258,2.10854e-05
28.45,-0.16567,0,-0.112732,1.89769e-05
28.452,-0.16567,0,-0.101459,1.70792e-05
28.454,-0.16567,0,-0.0913133,1.53713e-05
28.456,-0.16567,0,-0.082182,1.38341e-05
28.458,-0.16567,0,-0.0739638,1.24507e-05
28.46,-0.168738,0,-0.219965,1.12056e-05
28.462,-0.168738,0,-0.197969,1.00851e-05
28.464,-0.168738,0,-0.178172,9.07657e-06
28.466,-0.168738,0,-0.160355,8.16892e-06
28.468,-0.168738,0,-0.144319,7.35203e-06
28.47,-0.168738,0,-0.129887,6.61682e-06
28.472,-0.168738,0,-0.116899,5.95514e-06
28.474,-0.168738,0,-0.105209,5.35963e-06
28.476,-0.168738,0,-0.0946879,4.82366e-06
28.478,-0.168738,0,-0.0852191,4.3413e-06
28.48,-0.168738,0,-0.0766972,3.90717e-06
28.482,-0.168738,0,-0.0690275,3.51645e-06
28.484,-0.171806,0,-0.215523,3.16481e-06
28.486,-0.171806,0,-0.193971,2.84833e-06
28.488,-0.171806,0,-0.174573,2.56349e-06
28.49,-0.171806,0,-0.157116,2.30714e-06
28.492,-0.171806,0,-0.141405,2.07643e-06
28.494,-0.171806,0,-0.127264,1.86879e-06
28.496,-0.171806,0,-0.114538,1.68191e-06
28.498,-0.171806,0,-0.103084,1.51372e-06
28.5,-0.174874,0,-0.246174,1.36235e-06
28.502,-0.174874,0,-0.221556,1.22611e-06
28.504,-0.174874,0,-0.199401,1.1035e-06
28.506,-0.174874,0,-0.179461,9.9315e-07
28.508,-0.174874,0,-0.161514,8.93835e-07
28.51,-0.174874,0,-0.145363,8.04451e-07
28.512,-0.174874,0,-0.130827,7.24006e-07
28.514,-0.174874,0,-0.117744,6.51605e-07
28.516,-0.174874,0,-0.10597,5.86445e-07
28.518,-0.174874,0,-0.0953727,5.278e-07
28.52,-0.177942,0,-0.239234,4.7502e-07
28.522,-0.177942,0,-0.21531,4.27518e-07
28.524,-0.177942,0,-0.193779,3.84767e-07
28.526,-0.177942,0,-0.174401,3.4629e-07
28.528,-0.177942,0,-0.156961,3.11661e-07
28.53,-0.177942,0,-0.141265,2.80495e-07
28.532,-0.177942,0,-0.127138,2.52445e-07
28.534,-0.177942,0,-0.114425,2.27201e-07
28.536,-0.177942,0,-0.102982,2.04481e-07
28.538,-0.177942,0,-0.092684,1.84033e-07
28.54,-0.18101,-0.00306796,-0.236814,-0.153398
28.542,-0.18101,-0.00306796,-0.213132,-0.138058
28.544,-0.18101,-0.00306796,-0.191819,-0.124252
28.546,-0.18101,-0.00306796,-0.172637,-0.111827
28.548,-0.18101,-0.00306796,-0.155373,-0.100644
28.55,-0.18101,-0.00306796,-0.139836,-0.0905799
28.552,-0.18101,-0.00306796,-0.125852,-0.0815219
28.554,-0.18101,-0.00306796,-0.113267,-0.0733697
28.556,-0.18101,-0.00306796,-0.101941,-0.0660328
28.558,-0.18101,-0.00306796,-0.0917465,-0.0594295
28.56,-0.18101,-0.00306796,-0.0825718,-0.0534865
28.562,-0.18101,-0.00306796,-0.0743146,-0.0481379
28.564,-0.184078,-0.00306796,-0.220281,-0.0433241
28.566,-0.184078,-0.00306796,-0.198253,-0.0389917
28.568,-0.184078,-0.00306796,-0.178428,-0.0350925
28.57,-0.184078,-0.00306796,-0.160585,-0.0315833
28.572,-0.184078,-0.00306796,-0.144527,-0.0284249
28.574,-0.184078,-0.00306796,-0.130074,-0.0255824
28.576,-0.184078,-0.00306796,-0.117066,-0.0230242
28.578,-0.184078,-0.00306796,-0.10536,-0.0207218
28.58,-0.184078,-0.00306796,-0.0948239,-0.0186496
28.582,-0.184078,-0.00306796,-0.0853415,-0.0167846
28.584,-0.184078,-0.00306796,-0.0768073,-0.0151062
28.586,-0.184078,0,-0.0691266,0.139803
28.588,-0.184078,0,-0.0622139,0.125822
28.59,-0.184078,0,-0.0559925,0.11324
28.592,-0.184078,0,-0.0503933,0.101916
28.594,-0.184078,0,-0.045354,0.0917244
28.596,-0.184078,0,-0.0408186,0.082552
28.598,-0.184078,0,-0.0367367,0.0742968
28.6,-0.184078,0,-0.033063,0.0668671
28.602,-0.187146,0,-0.183155,0.0601804
28.604,-0.187146,0,-0.164839,0.0541624
28.606,-0.187146,0,-0.148355,0.0487461
28.608,-0.187146,0,-0.13352,0.0438715
28.61,-0.187146,0,-0.120168,0.0394844
28.612,-0.187146,0,-0.108151,0.0355359
28.614,-0.187146,0,-0.097336,0.0319823
28.616,-0.187146,0,-0.0876024,0.0287841
28.618,-0.187146,0,-0.0788421,0.0259057
28.62,-0.187146,0,-0.0709579,0.0233151
28.622,-0.187146,0,-0.0638621,0.0209836
28.624,-0.187146,0,-0.0574759,0.0188852
28.626,-0.187146,0,-0.0517283,0.0169967
28.628,-0.190214,0,-0.199954,0.0152971
28.63,-0.190214,0,-0.179958,0.0137673
28.632,-0.190214,0,-0.161962,0.0123906
28.634,-0.190214,0,-0.145766,0.0111515
28.636,-0.190214,0,-0.13119,0.0100364
28.638,-0.190214,0,-0.118071,0.00903276
28.64,-0.190214,0,-0.106264,0.00812948
28.642,-0.190214,0,-0.0956372,0.00731653
28.644,-0.190214,0,-0.0860735,0.00658488
28.646,-0.190214,0,-0.0774661,0.00592639
28.648,-0.190214,-0.00306796,-0.0697195,-0.148064
28.65,-0.190214,-0.00306796,-0.0627476,-0.133258
28.652,-0.190214,-0.00306796,-0.0564728,-0.119932
28.654,-0.190214,-0.00306796,-0.0508255,-0.107939
28.656,-0.193282,-0.00306796,-0.199141,-0.097145
28.658,-0.193282,-0.00306796,-0.179227,-0.0874305
28.66,-0.193282,-0.00306796,-0.161304,-0.0786875
28.662,-0.193282,-0.00306796,-0.145174,-0.0708187
28.664,-0.193282,-0.00306796,-0.130656,-0.0637368
28.666,-0.193282,-0.00306796,-0.117591,-0.0573632
28.668,-0.193282,-0.00306796,-0.105832,-0.0516268
28.67,-0.193282,-0.00306796,-0.0952485,-0.0464642
28.672,-0.193282,-0.00306796,-0.0857237,-0.0418177
28.674,-0.193282,-0.00306796,-0.0771513,-0.037636
28.676,-0.193282,-0.00306796,-0.0694362,-0.0338724
28.678,-0.193282,0,-0.0624926,0.122913
28.68,-0.193282,0,-0.0562433,0.110622
28.682,-0.193282,0,-0.050619,0.0995595
28.684,-0.193282,0,-0.0455571,0.0896035
28.686,-0.193282,0,-0.0410014,0.0806432
28.688,-0.193282,0,-0.0369012,0.0725789
28.69,-0.193282,0,-0.0332111,0.065321
28.692,-0.193282,0,-0.02989,0.0587889
28.694,-0.193282,0,-0.026901,0.05291
28.696,-0.193282,0,-0.0242109,0.047619
28.698,-0.193282,0,-0.0217898,0.0428571
28.7,-0.193282,0,-0.0196108,0.0385714
28.702,-0.193282,0,-0.0176497,0.0347142
28.704,-0.193282,0,-0.0158848,0.0312428
28.706,-0.193282,0,-0.0142963,0.0281185
28.708,-0.193282,0,-0.0128667,0.0253067
28.71,-0.193282,0,-0.01158,0.022776
28.712,-0.193282,0,-0.010422,0.0204984
28.714,-0.193282,0,-0.0093798,0.0184486
28.716,-0.193282,0,-0.00844182,0.0166037
28.718,-0.193282,0,-0.00759764,0.0149433
28.72,-0.193282,0,-0.00683787,0.013449
28.722,-0.193282,0,-0.00615409,0.0121041
28.724,-0.193282,0,-0.00553868,0.0108937
28.726,-0.193282,0,-0.00498481,0.00980433
28.728,-0.19635,0,-0.157884,0.0088239
28.73,-0.19635,0,-0.142096,0.00794151
28.732,-0.19635,0,-0.127886,0.00714736
28.734,-0.19635,0,-0.115098,0.00643262
28.736,-0.19635,0,-0.103588,0.00578936
28.738,-0.19635,0,-0.0932292,0.00521042
28.74,-0.19635,0,-0.0839062,0.00468938
28.742,-0.19635,0,-0.0755156,0.00422044
28.744,-0.19635,0,-0.0679641,0.0037984
28.746,-0.19635,0,-0.0611677,0.00341856
28.748,-0.19635,0,-0.0550509,0.0030767
28.75,-0.19635,0,-0.0495458,0.00276903
28.752,-0.19635,0,-0.0445912,0.00249213
28.754,-0.19635,0,-0.0401321,0.00224292
28.756,-0.19635,0,-0.0361189,0.00201862
28.758,-0.19635,0,-0.032507,0.00181676
28.76,-0.19635,0,-0.0292563,0.00163509
28.762,-0.19635,0,-0.0263307,0.00147158
28.764,-0.19635,0,-0.0236976,0.00132442
28.766,-0.19635,0,-0.0213278,0.00119198
28.768,-0.19635,0,-0.0191951,0.00107278
28.77,-0.19635,0,-0.0172756,0.000965502
28.772,-0.19635,0,-0.015548,0.000868952
28.774,-0.19635,0,-0.0139932,0.000782056
28.776,-0.19635,0,-0.0125939,0.000703851
28.778,-0.19635,0,-0.0113345,0.000633466
28.78,-0.19635,0,-0.010201,0.000570119
28.782,-0.19635,0,-0.00918094,0.000513107
28.784,-0.19635,0,-0.00826284,0.000461796
28.786,-0.19635,0,-0.00743656,0.000415617
28.788,-0.19635,0,-0.0066929,0.000374055
28.79,-0.19635,0,-0.00602361,0.00033665
28.792,-0.19635,0,-0.00542125,0.000302985
28.794,-0.19635,0,-0.00487913,0.000272686
28.796,-0.19635,0.00306796,-0.00439121,0.153643
28.798,-0.19635,0.00306796,-0.00395209,0.138279
28.8,-0.19635,0.00306796,-0.00355688,0.124451
28.802,-0.19635,0.00306796,-0.00320119,0.112006
28.804,-0.19635,0.00306796,-0.00288108,0.100805
28.806,-0.19635,0.00306796,-0.00259297,0.0907249
28.808,-0.199418,0.00306796,-0.155732,0.0816525
28.81,-0.199418,0.00306796,-0.140159,0.0734872
28.812,-0.199418,0.00306796,-0.126143,0.0661385
28.814,-0.199418,0.00306796,-0.113528,0.0595246
28.816,-0.199418,0.00306796,-0.102176,0.0535722
28.818,-0.199418,0.00306796,-0.091958,0.048215
28.82,-0.199418,0.00306796,-0.0827622,0.0433935
28.822,-0.199418,0.00306796,-0.074486,0.0390541
28.824,-0.199418,0.00306796,-0.0670374,0.0351487
28.826,-0.199418,0.00306796,-0.0603337,0.0316338
28.828,-0.199418,0.00306796,-0.0543003,0.0284705
28.83,-0.199418,0.00306796,-0.0488703,0.0256234
28.832,-0.199418,0.00306796,-0.0439832,0.0230611
28.834,-0.199418,0.00306796,-0.0395849,0.020755
28.836,-0.199418,0.00306796,-0.0356264,0.0186795
28.838,-0.199418,0,-0.0320638,-0.136587
28.84,-0.199418,0,-0.0288574,-0.122928
28.842,-0.202485,0,-0.17937,-0.110635
28.844,-0.202485,0,-0.161433,-0.0995716
28.846,-0.202485,0,-0.145289,-0.0896144
28.848,-0.202485,0,-0.130761,-0.080653
28.85,-0.202485,0,-0.117684,-0.0725877
28.852,-0.202485,0,-0.105916,-0.0653289
28.854,-0.202485,0,-0.0953244,-0.058796
28.856,-0.202485,0,-0.085792,-0.0529164
28.858,-0.202485,0,-0.0772128,-0.0476248
28.86,-0.202485,0,-0.0694915,-0.0428623
28.862,-0.202485,0,-0.0625424,-0.0385761
28.864,-0.202485,0,-0.0562881,-0.0347185
28.866,-0.202485,0,-0.0506593,-0.0312466
28.868,-0.202485,0,-0.0455934,-0.028122
28.87,-0.202485,0,-0.041034,-0.0253098
28.872,-0.202485,0,-0.0369306,-0.0227788
28.874,-0.202485,0,-0.0332376,-0.0205009
28.876,-0.202485,0,-0.0299138,-0.0184508
28.878,-0.202485,0,-0.0269224,-0.0166057
28.88,-0.202485,0,-0.0242302,-0.0149452
28.882,-0.205553,0,-0.175205,-0.0134506
28.884,-0.205553,0,-0.157685,-0.0121056
28.886,-0.205553,0,-0.141916,-0.010895
28.888,-0.205553,0,-0.127725,-0.00980552
28.89,-0.205553,0,-0.114952,-0.00882497
28.892,-0.205553,0,-0.103457,-0.00794247
28.894,-0.205553,0,-0.0931113,-0.00714823
28.896,-0.205553,0,-0.0838001,-0.0064334
28.898,-0.205553,0,-0.0754201,-0.00579006
28.9,-0.205553,0,-0.0678781,-0.00521106
28.902,-0.205553,0,-0.0610903,-0.00468995
28.904,-0.205553,0,-0.0549813,-0.00422096
28.906,-0.205553,0,-0.0494831,-0.00379886
28.908,-0.205553,0,-0.0445348,-0.00341897
28.91,-0.205553,0,-0.0400813,-0.00307708
28.912,-0.205553,0,-0.0360732,-0.00276937
28.914,-0.205553,0,-0.0324659,-0.00249243
28.916,-0.205553,0,-0.0292193,-0.00224319
28.918,-0.205553,0,-0.0262974,-0.00201887
28.92,-0.205553,0,-0.0236676,-0.00181698
28.922,-0.205553,0,-0.0213009,-0.00163528
28.924,-0.205553,0,-0.0191708,-0.00147176
28.926,-0.205553,0,-0.0172537,-0.00132458
28.928,-0.205553,0,-0.0155283,-0.00119212
28.93,-0.205553,0,-0.0139755,-0.00107291
28.932,-0.205553,0,-0.0125779,-0.000965619
28.934,-0.205553,0,-0.0113202,-0.000869057
28.936,-0.205553,0,-0.0101881,-0.000782152
28.938,-0.205553,0,-0.00916933,-0.000703936
28.94,-0.205553,0,-0.00825239,-0.000633543
28.942,-0.205553,0,-0.00742715,-0.000570189
28.944,-0.205553,0,-0.00668444,-0.00051317
28.946,-0.205553,0,-0.00601599,-0.000461853
28.948,-0.205553,0,-0.00541439,-0.000415667
28.95,-0.205553,0,-0.00487296,-0.000374101
28.952,-0.208621,0,-0.157784,-0.000336691
28.954,-0.208621,0,-0.142005,-0.000303022
28.956,-0.208621,0,-0.127805,-0.000272719
28.958,-0.208621,0,-0.115024,-0.000245447
28.96,-0.208621,0,-0.103522,-0.000220903
28.962,-0.208621,0,-0.0931697,-0.000198812
28.964,-0.208621,0,-0.0838527,-0.000178931
28.966,-0.208621,0,-0.0754675,-0.000161038
28.968,-0.208621,0,-0.0679207,-0.000144934
28.97,-0.208621,0,-0.0611287,-0.000130441
28.972,-0.208621,0,-0.0550158,-0.000117397
28.974,-0.208621,0,-0.0495142,-0.000105657
28.976,-0.208621,0,-0.0445628,-9.50914e-05
28.978,-0.208621,0,-0.0401065,-8.55822e-05
28.98,-0.208621,0,-0.0360959,-7.7024e-05
28.982,-0.208621,0,-0.0324863,-6.93216e-05
28.984,-0.208621,0,-0.0292376,-6.23895e-05
28.986,-0.208621,0,-0.0263139,-5.61505e-05
28.988,-0.208621,0,-0.0236825,-5.05355e-05
28.99,-0.208621,0,-0.0213142,-4.54819e-05
28.992,-0.208621,0,-0.0191828,-4.09337e-05
28.994,-0.208621,0,-0.0172645,-3.68403e-05
28.996,-0.208621,0,-0.0155381,-3.31563e-05
28.998,-0.208621,0,-0.0139843,-2.98407e-05
29,-0.208621,0,-0.0125858,-2.68566e-05
29.002,-0.208621,0,-0.0113273,-2.4171e-05
29.004,-0.208621,0,-0.0101945,-2.17539e-05
29.006,-0.208621,0,-0.00917508,-1.95785e-05
29.008,-0.208621,0,-0.00825757,-1.76206e-05
29.01,-0.208621,0,-0.00743182,-1.58586e-05
29.012,-0.208621,0,-0.00668864,-1.42727e-05
29.014,-0.208621,0,-0.00601977,-1.28454e-05
29.016,-0.208621,0,-0.00541779,-1.15609e-05
29.018,-0.208621,0,-0.00487602,-1.04048e-05
29.02,-0.208621,0,-0.00438841,-9.36432e-06
29.022,-0.208621,0,-0.00394957,-8.42789e-06
29.024,-0.208621,0,-0.00355462,-7.5851e-06
29.026,-0.208621,0,-0.00319915,-6.82659e-06
29.028,-0.208621,0,-0.00287924,-6.14393e-06
29.03,-0.208621,0,-0.00259131,-5.52954e-06
29.032,-0.208621,0,-0.00233218,-4.97658e-06
29.034,-0.208621,0,-0.00209896,-4.47893e-06
29.036,-0.208621,0,-0.00188907,-4.03103e-06
29.038,-0.208621,0,-0.00170016,-3.62793e-06
29.04,-0.208621,0,-0.00153015,-3.26514e-06
29.042,-0.208621,0,-0.00137713,-2.93862e-06
29.044,-0.208621,0,-0.00123942,-2.64476e-06
29.046,-0.208621,0,-0.00111548,-2.38028e-06
29.048,-0.208621,0,-0.00100393,-2.14226e-06
29.05,-0.208621,0,-0.000903535,-1.92803e-06
29.052,-0.208621,0,-0.000813182,-1.73523e-06
29.054,-0.208621,0,-0.000731864,-1.56171e-06
29.056,-0.208621,0,-0.000658677,-1.40553e-06
29.058,-0.208621,0,-0.00059281,-1.26498e-06
29.06,-0.208621,0,-0.000533529,-1.13848e-06
29.062,-0.208621,0,-0.000480176,-1.02463e-06
29.064,-0.208621,0,-0.000432158,-9.22171e-07
29.066,-0.208621,0,-0.000388942,-8.29954e-07
29.068,-0.208621,0,-0.000350048,-7.46959e-07
29.07,-0.208621,0,-0.000315043,-6.72263e-07
29.072,-0.208621,0,-0.000283539,-6.05036e-07
29.074,-0.208621,0,-0.000255185,-5.44533e-07
29.076,-0.208621,0,-0.000229667,-4.9008e-07
29.078,-0.208621,0,-0.0002067,-4.41072e-07
29.08,-0.208621,0,-0.00018603,-3.96964e-07
29.082,-0.208621,0,-0.000167427,-3.57268e-07
29.084,-0.208621,0,-0.000150684,-3.21541e-07
29.086,-0.208621,0,-0.000135616,-2.89387e-07
29.088,-0.208621,0,-0.000122054,-2.60448e-07
29.09,-0.208621,0,-0.000109849,-2.34404e-07
29.092,-0.208621,0,-9.88639e-05,-2.10963e-07
29.094,-0.208621,0,-8.89775e-05,-1.89867e-07
29.096,-0.208621,0,-8.00798e-05,-1.7088e-07
29.098,-0.208621,0,-7.20718e-05,-1.53792e-07
29.1,-0.208621,0,-6.48646e-05,-1.38413e-07
29.102,-0.208621,0,-5.83782e-05,-1.24572e-07
29.104,-0.208621,0,-5.25403e-05,-1.12115e-07
29.106,-0.208621,0,-4.72863e-05,-1.00903e-07
29.108,-0.208621,0,-4.25577e-05,-9.08128e-08
29.11,-0.208621,0,-3.83019e-05,-8.17315e-08
29.112,-0.208621,0,-3.44717e-05,-7.35583e-08
29.114,-0.208621,0,-3.10246e-05,-6.62025e-08
29.116,-0.208621,0,-2.79221e-05,-5.95823e-08
29.118,-0.208621,0,-2.51299e-05,-5.3624e-08
29.12,-0.208621,0,-2.26169e-05,-4.82616e-08
29.122,-0.208621,0,-2.03552e-05,-4.34354e-08
29.124,-0.208621,0,-1.83197e-05,-3.90919e-08
29.126,-0.208621,0,-1.64877e-05,-3.51827e-08
29.128,-0.208621,0,-1.48389e-05,-3.16645e-08
29.13,-0.208621,0,-1.33551e-05,-2.8498e-08
29.132,-0.208621,0,-1.20195e-05,-2.56482e-08
29.134,-0.208621,0,-1.08176e-05,-2.30834e-08
29.136,-0.208621,0,-9.73583e-06,-2.0775e-08
29.138,-0.208621,0,-8.76225e-06,-1.86975e-08
29.14,-0.208621,0,-7.88602e-06,-1.68278e-08
29.142,-0.208621,0,-7.09742e-06,-1.5145e-08
29.144,-0.208621,0,-6.38768e-06,-1.36305e-08
29.146,-0.208621,0,-5.74891e-06,-1.22675e-08
29.148,-0.208621,0,-5.17402e-06,-1.10407e-08
29.15,-0.208621,0,-4.65662e-06,-9.93663e-09
29.152,-0.208621,0,-4.19096e-06,-8.94298e-09
29.154,-0.208621,0,-3.77186e-06,-8.04869e-09
29.156,-0.208621,0,-3.39468e-06,-7.24381e-09
29.158,-0.208621,0,-3.05521e-06,-6.51943e-09
29.16,-0.208621,0,-2.74969e-06,-5.86749e-09
29.162,-0.208621,0,-2.47472e-06,-5.28073e-09
29.164,-0.208621,0,-2.22725e-06,-4.75265e-09
29.166,-0.208621,0,-2.00452e-06,-4.27738e-09
29.168,-0.208621,0,-1.80407e-06,-3.84964e-09
29.17,-0.208621,0,-1.62366e-06,-3.46466e-09
29.172,-0.208621,0,-1.4613e-06,-3.1182e-09
29.174,-0.208621,0,-1.31517e-06,-2.80636e-09
29.176,-0.208621,0,-1.18365e-06,-2.52572e-09
29.178,-0.208621,0,-1.06528e-06,-2.27314e-09
29.18,-0.208621,0,-9.58756e-07,-2.04582e-09
29.182,-0.208621,0,-8.62881e-07,-1.84122e-09
29.184,-0.208621,0,-7.76593e-07,-1.6571e-09
29.186,-0.208621,0,-6.98933e-07,-1.4914e-09
29.188,-0.208621,0,-6.2904e-07,-1.34224e-09
29.19,-0.208621,0,-5.66136e-07,-1.20801e-09
29.192,-0.208621,0,-5.09523e-07,-1.08722e-09
29.194,-0.208621,0,-4.5857e-07,-9.78474e-10
29.196,-0.208621,0,-4.12713e-07,-8.80647e-10
29.198,-0.208621,0,-3.71442e-07,-7.92596e-10
29.2,-0.208621,0,-3.34298e-07,-7.13356e-10
29.202,-0.208621,0,-3.00868e-07,-6.42018e-10
29.204,-0.208621,0,-2.70781e-07,-5.77842e-10
29.206,-0.208621,0,-2.43703e-07,-5.2006e-10
29.208,-0.208621,0,-2.19333e-07,-4.68049e-10
29.21,-0.208621,0,-1.97399e-07,-4.21267e-10
29.212,-0.208621,0,-1.7766e-07,-3.79146e-10
29.214,-0.208621,0,-1.59894e-07,-3.41203e-10
29.216,-0.208621,0,-1.43904e-07,-3.07097e-10
29.218,-0.208621,0,-1.29514e-07,-2.76401e-10
29.22,-0.208621,0,-1.16562e-07,-2.48747e-10
29.222,-0.208621,0,-1.04906e-07,-2.23878e-10
29.224,-0.208621,0,-9.44156e-08,-2.0151e-10
29.226,-0.208621,0,-8.4974e-08,-1.81331e-10
29.228,-0.208621,0,-7.64766e-08,-1.63197e-10
29.23,-0.208621,0,-6.88289e-08,-1.46883e-10
29.232,-0.208621,0,-6.1946e-08,-1.32218e-10
29.234,-0.208621,0,-5.57514e-08,-1.19002e-10
29.236,-0.208621,0,-5.01763e-08,-1.07093e-10
29.238,-0.208621,0,-4.51587e-08,-9.6378e-11
29.24,-0.208621,0,-4.06428e-08,-8.67431e-11
29.242,-0.208621,0,-3.65785e-08,-7.8046e-11
29.244,-0.208621,0,-3.29207e-08,-7.02585e-11
29.246,-0.208621,0,-2.96286e-08,-6.32383e-11
29.248,-0.208621,0,-2.66657e-08,-5.69287e-11
29.25,-0.208621,0,-2.39992e-08,-5.12443e-11
29.252,-0.208621,0,-2.15993e-08,-4.61e-11
29.254,-0.208621,0,-1.94393e-08,-4.14957e-11
29.256,-0.208621,0,-1.74954e-08,-3.73177e-11
29.258,-0.208621,0,-1.57459e-08,-3.3566e-11
29.26,-0.208621,0,-1.41713e-08,-3.02123e-11
29.262,-0.208621,0,-1.27541e-08,-2.71996e-11
29.264,-0.208621,0,-1.14787e-08,-2.44995e-11
29.266,-0.208621,0,-1.03309e-08,-2.20268e-11
29.268,-0.208621,0,-9.29777e-09,-1.98384e-11
29.27,-0.208621,0,-8.36799e-09,-1.78488e-11
29.272,-0.208621,0,-7.53119e-09,-1.60867e-11
29.274,-0.208621,0,-6.77807e-09,-1.44951e-11
29.276,-0.208621,0,-6.10027e-09,-1.30456e-11
29.278,-0.208621,0,-5.49024e-09,-1.17097e-11
29.28,-0.208621,0,-4.94122e-09,-1.05445e-11
29.282,-0.208621,0,-4.4471e-09,-9.49285e-12
29.284,-0.208621,0,-4.00239e-09,-8.55493e-12
29.286,-0.208621,0,-3.60215e-09,-7.70228e-12
29.288,-0.208621,0,-3.24193e-09,-6.9349e-12
29.29,-0.208621,0,-2.91774e-09,-6.22435e-12
29.292,-0.208621,-0.00306796,-2.62597e-09,-0.153398
29.294,-0.208621,-0.00306796,-2.36337e-09,-0.138058
29.296,-0.208621,-0.00306796,-2.12703e-09,-0.124252
29.298,-0.208621,-0.00306796,-1.91433e-09,-0.111827
29.3,-0.208621,-0.00306796,-1.7229e-09,-0.100644
29.302,-0.208621,-0.00306796,-1.5506e-09,-0.09058
29.304,-0.208621,-0.00306796,-1.39555e-09,-0.081522
29.306,-0.208621,-0.00306796,-1.25599e-09,-0.0733698
29.308,-0.208621,-0.00306796,-1.13039e-09,-0.0660328
29.31,-0.208621,-0.00306796,-1.01735e-09,-0.0594296
29.312,-0.208621,-0.00306796,-9.1562e-10,-0.0534866
29.314,-0.208621,-0.00306796,-8.24057e-10,-0.0481379
29.316,-0.208621,-0.00306796,-7.41652e-10,-0.0433241
29.318,-0.208621,0,-6.67486e-10,0.114406
29.32,-0.205553,0,0.153398,0.102966
29.322,-0.205553,0,0.138058,0.0926691
29.324,-0.205553,0,0.124252,0.0834022
29.326,-0.205553,0,0.111827,0.075062
29.328,-0.205553,0,0.100644,0.0675558
29.33,-0.205553,0,0.09058,0.0608002
29.332,-0.205553,0,0.081522,0.0547202
29.334,-0.205553,0,0.0733698,0.0492482
29.336,-0.205553,0,0.0660328,0.0443234
29.338,-0.205553,0,0.0594296,0.039891
29.34,-0.205553,0,0.0534866,0.0359019
29.342,-0.205553,0,0.0481379,0.0323117
29.344,-0.205553,0,0.0433241,0.0290806
29.346,-0.205553,0,0.0389917,0.0261725
29.348,-0.205553,0,0.0350926,0.0235553
29.35,-0.205553,0,0.0315833,0.0211997
29.352,-0.205553,0,0.028425,0.0190798
29.354,-0.205553,0,0.0255825,0.0171718
29.356,-0.205553,0,0.0230242,0.0154546
29.358,-0.205553,0,0.0207218,0.0139091
29.36,-0.205553,0,0.0186496,0.0125182
29.362,-0.205553,0,0.0167847,0.0112664
29.364,-0.205553,0,0.0151062,0.0101398
29.366,-0.205553,0,0.0135956,0.00912579
29.368,-0.205553,0,0.012236,0.00821321
29.37,-0.205553,0,0.0110124,0.00739189
29.372,-0.205553,0,0.00991118,0.0066527
29.374,-0.205553,0,0.00892006,0.00598743
29.376,-0.205553,0,0.00802805,0.00538869
29.378,-0.205553,0,0.00722525,0.00484982
29.38,-0.205553,0,0.00650272,0.00436484
29.382,-0.205553,0,0.00585245,0.00392835
29.384,-0.205553,0,0.0052672,0.00353552
29.386,-0.205553,0,0.00474048,0.00318197
29.388,-0.205553,-0.00306796,0.00426644,-0.150534
29.39,-0.205553,-0.00306796,0.00383979,-0.135481
29.392,-0.205553,-0.00306796,0.00345581,-0.121933
29.394,-0.205553,-0.00306796,0.00311023,-0.10974
29.396,-0.205553,-0.00306796,0.00279921,-0.0987656
29.398,-0.205553,-0.00306796,0.00251929,-0.088889
29.4,-0.205553,-0.00306796,0.00226736,-0.0800001
29.402,-0.205553,-0.00306796,0.00204062,-0.0720001
29.404,-0.205553,-0.00306796,0.00183656,-0.0648001
29.406,-0.205553,-0.00306796,0.0016529,-0.0583201
29.408,-0.205553,-0.00306796,0.00148761,-0.0524881
29.41,-0.205553,-0.00306796,0.00133885,-0.0472393
29.412,-0.202485,-0.00306796,0.154603,-0.0425153
29.414,-0.202485,-0.00306796,0.139143,-0.0382638
29.416,-0.202485,-0.00306796,0.125228,-0.0344374
29.418,-0.202485,-0.00306796,0.112706,-0.0309937
29.42,-0.202485,-0.00306796,0.101435,-0.0278943
29.422,-0.202485,-0.00306796,0.0912916,-0.0251049
29.424,-0.202485,-0.00306796,0.0821624,-0.0225944
29.426,-0.202485,-0.00306796,0.0739462,-0.020335
29.428,-0.202485,-0.00306796,0.0665515,-0.0183015
29.43,-0.202485,-0.00306796,0.0598964,-0.0164713
29.432,-0.202485,-0.00306796,0.0539067,-0.0148242
29.434,-0.202485,0,0.0485161,0.140056
29.436,-0.202485,0,0.0436645,0.126051
29.438,-0.202485,0,0.039298,0.113446
29.44,-0.202485,0,0.0353682,0.102101
29.442,-0.199418,0,0.185229,0.0918909
29.444,-0.199418,0,0.166707,0.0827019
29.446,-0.199418,0,0.150036,0.0744317
29.448,-0.199418,0,0.135032,0.0669885
29.45,-0.199418,0,0.121529,0.0602897
29.452,-0.199418,0,0.109376,0.0542607
29.454,-0.199418,0,0.0984385,0.0488346
29.456,-0.199418,0,0.0885947,0.0439512
29.458,-0.199418,0,0.0797352,0.039556
29.46,-0.199418,0,0.0717617,0.0356004
29.462,-0.199418,0,0.0645855,0.0320404
29.464,-0.19635,0,0.211525,0.0288364
29.466,-0.19635,0,0.190373,0.0259527
29.468,-0.19635,0,0.171335,0.0233574
29.47,-0.19635,0,0.154202,0.0210217
29.472,-0.19635,0,0.138782,0.0189195
29.474,-0.19635,0,0.124903,0.0170276
29.476,-0.19635,0,0.112413,0.0153248
29.478,-0.19635,0,0.101172,0.0137923
29.48,-0.19635,0,0.0910546,0.0124131
29.482,-0.19635,0,0.0819491,0.0111718
29.484,-0.19635,0,0.0737542,0.0100546
29.486,-0.19635,0,0.0663788,0.00904915
29.488,-0.193282,0,0.213139,0.00814424
29.49,-0.193282,0,0.191825,0.00732981
29.492,-0.193282,0,0.172643,0.00659683
29.494,-0.193282,0,0.155378,0.00593715
29.496,-0.193282,0.00306796,0.13984,0.158742
29.498,-0.193282,0.00306796,0.125856,0.142867
29.5,-0.193282,0.00306796,0.113271,0.128581
29.502,-0.193282,0.00306796,0.101944,0.115723
29.504,-0.193282,0.00306796,0.0917494,0.10415
29.506,-0.193282,0.00306796,0.0825744,0.0937353
29.508,-0.193282,0.00306796,0.074317,0.0843617
29.51,-0.193282,0.00306796,0.0668853,0.0759256
29.512,-0.193282,0.00306796,0.0601967,0.068333
29.514,-0.193282,0.00306796,0.0541771,0.0614997
29.516,-0.190214,0.00306796,0.202157,0.0553497
29.518,-0.190214,0.00306796,0.181942,0.0498148
29.52,-0.190214,0.00306796,0.163748,0.0448333
29.522,-0.190214,0.00306796,0.147373,0.04035
29.524,-0.190214,0.00306796,0.132636,0.036315
29.526,-0.190214,0.00306796,0.119372,0.0326835
29.528,-0.190214,0.00306796,0.107435,0.0294151
29.53,-0.190214,0.00306796,0.0966913,0.0264736
29.532,-0.190214,0.00306796,0.0870222,0.0238262
29.534,-0.190214,0.00306796,0.0783199,0.0214436
29.536,-0.190214,0.00306796,0.0704879,0.0192993
29.538,-0.190214,0.00306796,0.0634391,0.0173693
29.54,-0.190214,0.00306796,0.0570952,0.0156324
29.542,-0.190214,0,0.0513857,-0.139329
29.544,-0.190214,0,0.0462471,-0.125396
29.546,-0.190214,0,0.0416224,-0.112856
29.548,-0.190214,0,0.0374602,-0.101571
29.55,-0.190214,0,0.0337142,-0.0914137
29.552,-0.190214,0,0.0303427,-0.0822723
29.554,-0.190214,0,0.0273085,-0.0740451
29.556,-0.190214,0,0.0245776,-0.0666406
29.558,-0.190214,0,0.0221199,-0.0599765
29.56,-0.190214,0,0.0199079,-0.0539789
29.562,-0.190214,0,0.0179171,-0.048581
29.564,-0.190214,0,0.0161254,-0.0437229
29.566,-0.190214,0,0.0145128,-0.0393506
29.568,-0.190214,0,0.0130616,-0.0354155
29.57,-0.190214,0,0.0117554,-0.031874
29.572,-0.190214,0,0.0105799,-0.0286866
29.574,-0.190214,0,0.00952188,-0.0258179
29.576,-0.190214,0,0.00856969,-0.0232361
29.578,-0.190214,0,0.00771272,-0.0209125
29.58,-0.190214,0,0.00694145,-0.0188213
29.582,-0.190214,0,0.0062473,-0.0169391
29.584,-0.187146,0,0.159021,-0.0152452
29.586,-0.187146,0,0.143119,-0.0137207
29.588,-0.187146,0,0.128807,-0.0123486
29.59,-0.187146,0,0.115926,-0.0111138
29.592,-0.187146,0,0.104333,-0.0100024
29.594,-0.187146,0,0.0939001,-0.00900216
29.596,-0.187146,0,0.0845101,-0.00810194
29.598,-0.187146,0,0.0760591,-0.00729175
29.6,-0.187146,0,0.0684532,-0.00656257
29.602,-0.187146,0,0.0616079,-0.00590631
29.604,-0.187146,0,0.0554471,-0.00531568
29.606,-0.187146,0,0.0499024,-0.00478411
29.608,-0.187146,0,0.0449121,-0.0043057
29.61,-0.187146,0,0.0404209,-0.00387513
29.612,-0.184078,0,0.189777,-0.00348762
29.614,-0.184078,0,0.170799,-0.00313886
29.616,-0.184078,0,0.153719,-0.00282497
29.618,-0.184078,0,0.138347,-0.00254247
29.62,-0.184078,0,0.124513,-0.00228823
29.622,-0.184078,0,0.112061,-0.0020594
29.624,-0.184078,0.00306796,0.100855,0.151545
29.626,-0.184078,0.00306796,0.0907697,0.13639
29.628,-0.184078,0.00306796,0.0816927,0.122751
29.63,-0.18101,0.00306796,0.226922,0.110476
29.632,-0.18101,0.00306796,0.204229,0.0994284
29.634,-0.18101,0.00306796,0.183806,0.0894856
29.636,-0.18101,0.00306796,0.165426,0.080537
29.638,-0.18101,0.00306796,0.148883,0.0724833
29.64,-0.18101,0.00306796,0.133995,0.065235
29.642,-0.18101,0.00306796,0.120595,0.0587115
29.644,-0.18101,0.00306796,0.108536,0.0528403
29.646,-0.18101,0.00306796,0.0976823,0.0475563
29.648,-0.18101,0.00306796,0.0879141,0.0428007
29.65,-0.18101,0.00306796,0.0791226,0.0385206
29.652,-0.18101,0.00306796,0.0712104,0.0346685
29.654,-0.18101,0.00306796,0.0640893,0.0312017
29.656,-0.18101,0.00306796,0.0576804,0.0280815
29.658,-0.18101,0.00306796,0.0519124,0.0252734
29.66,-0.18101,0.00306796,0.0467211,0.022746
29.662,-0.18101,0.00306796,0.042049,0.0204714
29.664,-0.18101,0.00306796,0.0378441,0.0184243
29.666,-0.18101,0.00306796,0.0340597,0.0165819
29.668,-0.18101,0.00306796,0.0306537,0.0149237
29.67,-0.18101,0.00306796,0.0275884,0.0134313
29.672,-0.18101,0.00306796,0.0248295,0.0120882
29.674,-0.18101,0.00306796,0.0223466,0.0108794
29.676,-0.18101,0,0.0201119,-0.143607
29.678,-0.18101,0,0.0181007,-0.129246
29.68,-0.18101,0,0.0162907,-0.116321
29.682,-0.18101,0,0.0146616,-0.104689
29.684,-0.18101,0,0.0131954,-0.0942203
29.686,-0.18101,0,0.0118759,-0.0847983
29.688,-0.18101,0,0.0106883,-0.0763185
29.69,-0.18101,0,0.00961947,-0.0686866
29.692,-0.18101,0,0.00865752,-0.061818
29.694,-0.18101,0,0.00779177,-0.0556362
29.696,-0.18101,0,0.00701259,-0.0500725
29.698,-0.177942,0,0.159709,-0.0450653
29.7,-0.177942,0,0.143738,-0.0405588
29.702,-0.177942,0,0.129365,-0.0365029
29.704,-0.177942,0,0.116428,-0.0328526
29.706,-0.177942,0,0.104785,-0.0295673
29.708,-0.177942,0,0.0943068,-0.0266106
29.71,-0.177942,0,0.0848761,-0.0239495
29.712,-0.177942,0,0.0763885,-0.0215546
29.714,-0.177942,0,0.0687497,-0.0193991
29.716,-0.177942,0,0.0618747,-0.0174592
29.718,-0.177942,0,0.0556872,-0.0157133
29.72,-0.177942,0,0.0501185,-0.014142
29.722,-0.177942,0,0.0451067,-0.0127278
29.724,-0.177942,0,0.040596,-0.011455
29.726,-0.177942,0,0.0365364,-0.0103095
29.728,-0.177942,0,0.0328828,-0.00927854
29.73,-0.177942,0,0.0295945,-0.00835069
29.732,-0.177942,0,0.026635,-0.00751562
29.734,-0.177942,0,0.0239715,-0.00676406
29.736,-0.177942,0,0.0215744,-0.00608765
29.738,-0.177942,0,0.0194169,-0.00547889
29.74,-0.174874,0,0.170873,-0.004931
29.742,-0.174874,0,0.153786,-0.0044379
29.744,-0.174874,0,0.138407,-0.00399411
29.746,-0.174874,0,0.124567,-0.0035947
29.748,-0.174874,0,0.11211,-0.00323523
29.75,-0.174874,0,0.100899,-0.00291171
29.752,-0.174874,0,0.0908091,-0.00262053
29.754,-0.174874,0,0.0817282,-0.00235848
29.756,-0.174874,0,0.0735554,-0.00212263
29.758,-0.174874,0,0.0661998,-0.00191037
29.76,-0.174874,0,0.0595798,-0.00171933
29.762,-0.171806,0,0.20702,-0.0015474
29.764,-0.171806,0,0.186318,-0.00139266
29.766,-0.171806,0,0.167686,-0.00125339
29.768,-0.171806,0,0.150918,-0.00112805
29.77,-0.171806,0,0.135826,-0.00101525
29.772,-0.171806,0,0.122243,-0.000913724
29.774,-0.171806,0,0.110019,-0.000822352
29.776,-0.171806,0,0.099017,-0.000740116
29.778,-0.168738,0.00306796,0.242513,0.152732
29.78,-0.168738,0.00306796,0.218262,0.137459
29.782,-0.168738,0.00306796,0.196436,0.123713
29.784,-0.168738,0.00306796,0.176792,0.111342
29.786,-0.168738,0.00306796,0.159113,0.100207
29.788,-0.168738,0.00306796,0.143202,0.0901867
29.79,-0.168738,0.00306796,0.128882,0.081168
29.792,-0.168738,0.00306796,0.115993,0.0730512
29.794,-0.168738,0.00306796,0.104394,0.0657461
29.796,-0.16567,0.00306796,0.247353,0.0591715
29.798,-0.16567,0.00306796,0.222617,0.0532543
29.8,-0.16567,0.00306796,0.200356,0.0479289
29.802,-0.16567,0.00306796,0.18032,0.043136
29.804,-0.16567,0.00306796,0.162288,0.0388224
29.806,-0.16567,0.00306796,0.146059,0.0349402
29.808,-0.16567,0.00306796,0.131453,0.0314462
29.81,-0.16567,0.00306796,0.118308,0.0283015
29.812,-0.16567,0.00306796,0.106477,0.0254714
29.814,-0.16567,0.00306796,0.0958295,0.0229242
29.816,-0.16567,0.00306796,0.0862466,0.0206318
29.818,-0.16567,0.00306796,0.0776219,0.0185686
29.82,-0.16567,0.00306796,0.0698597,0.0167118
29.822,-0.16567,0.00306796,0.0628737,0.0150406
29.824,-0.16567,0.00306796,0.0565864,0.0135365
29.826,-0.16567,0.00306796,0.0509277,0.0121829
29.828,-0.16567,0.00306796,0.045835,0.0109646
29.83,-0.162602,0.00306796,0.19465,0.00986814
29.832,-0.162602,0.00306796,0.175185,0.00888132
29.834,-0.162602,0.00306796,0.157666,0.00799319
29.836,-0.162602,0.00306796,0.1419,0.00719387
29.838,-0.162602,0.00306796,0.12771,0.00647449
29.84,-0.162602,0.00306796,0.114939,0.00582704
29.842,-0.162602,0.00306796,0.103445,0.00524433
29.844,-0.162602,0.00306796,0.0931003,0.0047199
29.846,-0.162602,0.00306796,0.0837902,0.00424791
29.848,-0.162602,0.00306796,0.0754112,0.00382312
29.85,-0.162602,0.00306796,0.0678701,0.00344081
29.852,-0.162602,0.00306796,0.0610831,0.00309673
29.854,-0.162602,0.00306796,0.0549748,0.00278705
29.856,-0.162602,0.00306796,0.0494773,0.00250835
29.858,-0.162602,0.00306796,0.0445296,0.00225751
29.86,-0.162602,0.00306796,0.0400766,0.00203176
29.862,-0.162602,0.00306796,0.036069,0.00182859
29.864,-0.162602,0.00306796,0.0324621,0.00164573
29.866,-0.162602,0.00306796,0.0292159,0.00148115
29.868,-0.162602,0.00306796,0.0262943,0.00133304
29.87,-0.162602,0.00306796,0.0236648,0.00119974
29.872,-0.162602,0.00306796,0.0212984,0.00107976
29.874,-0.162602,0.00306796,0.0191685,0.000971786
29.876,-0.162602,0.00306796,0.0172517,0.000874607
29.878,-0.162602,0.00306796,0.0155265,0.000787146
29.88,-0.162602,0,0.0139739,-0.15269
29.882,-0.162602,0,0.0125765,-0.137421
29.884,-0.162602,0,0.0113188,-0.123679
29.886,-0.162602,0,0.0101869,-0.111311
29.888,-0.162602,0,0.00916824,-0.10018
29.89,-0.162602,0,0.00825142,-0.0901617
29.892,-0.162602,0,0.00742628,-0.0811455
29.894,-0.162602,0,0.00668365,-0.073031
29.896,-0.162602,0,0.00601528,-0.0657279
29.898,-0.162602,0,0.00541376,-0.0591551
29.9,-0.162602,0,0.00487238,-0.0532396
29.902,-0.162602,0,0.00438514,-0.0479156
29.904,-0.162602,0,0.00394663,-0.0431241
29.906,-0.162602,0,0.00355197,-0.0388117
29.908,-0.162602,0,0.00319677,-0.0349305
29.91,-0.162602,0,0.00287709,-0.0314374
29.912,-0.162602,0,0.00258938,-0.0282937
29.914,-0.162602,0,0.00233044,-0.0254643
29.916,-0.162602,0,0.0020974,-0.0229179
29.918,-0.162602,0,0.00188766,-0.0206261
29.92,-0.162602,0,0.00169889,-0.0185635
29.922,-0.159534,0,0.154927,-0.0167071
29.924,-0.159534,0,0.139434,-0.0150364
29.926,-0.159534,0,0.125491,-0.0135328
29.928,-0.159534,0,0.112942,-0.0121795
29.93,-0.159534,0,0.101648,-0.0109616
29.932,-0.159534,0,0.0914829,-0.0098654
29.934,-0.159534,0,0.0823346,-0.00887886
29.936,-0.159534,0,0.0741011,-0.00799098
29.938,-0.159534,0,0.066691,-0.00719188
29.94,-0.159534,0,0.0600219,-0.00647269
29.942,-0.159534,0,0.0540197,-0.00582542
29.944,-0.159534,0,0.0486178,-0.00524288
29.946,-0.159534,0,0.043756,-0.00471859
29.948,-0.159534,0,0.0393804,-0.00424673
29.95,-0.159534,0,0.0354423,-0.00382206
29.952,-0.156466,0,0.185296,-0.00343985
29.954,-0.156466,0,0.166767,-0.00309587
29.956,-0.156466,0,0.15009,-0.00278628
29.958,-0.156466,0,0.135081,-0.00250765
29.96,-0.156466,0,0.121573,-0.00225689
29.962,-0.156466,0,0.109416,-0.0020312
29.964,-0.156466,0,0.098474,-0.00182808
29.966,-0.156466,0,0.0886266,-0.00164527
29.968,-0.156466,0,0.0797639,-0.00148074
29.97,-0.156466,0,0.0717875,-0.00133267
29.972,-0.156466,0,0.0646088,-0.0011994
29.974,-0.156466,0,0.0581479,-0.00107946
29.976,-0.156466,0,0.0523331,-0.000971516
29.978,-0.153398,0,0.200498,-0.000874365
29.98,-0.153398,0,0.180448,-0.000786928
29.982,-0.153398,0,0.162403,-0.000708235
29.984,-0.153398,0,0.146163,-0.000637412
29.986,-0.153398,0,0.131547,-0.000573671
29.988,-0.153398,0,0.118392,-0.000516304
29.99,-0.153398,0,0.106553,-0.000464673
29.992,-0.153398,0,0.0958975,-0.000418206
29.994,-0.153398,0,0.0863078,-0.000376385
29.996,-0.153398,0,0.077677,-0.000338747
29.998,-0.153398,0,0.0699093,-0.000304872
30,-0.15033,0.00306796,0.216316,0.153124
30.002,-0.15033,0.00306796,0.194685,0.137811
30.004,-0.15033,0.00306796,0.175216,0.12403
30.006,-0.15033,0.00306796,0.157695,0.111627
30.008,-0.15033,0.00306796,0.141925,0.100464
30.01,-0.15033,0.00306796,0.127733,0.090418
30.012,-0.15033,0.00306796,0.114959,0.0813762
30.014,-0.15033,0.00306796,0.103463,0.0732386
30.016,-0.147262,0.00306796,0.246515,0.0659147
30.018,-0.147262,0.00306796,0.221864,0.0593233
30.02,-0.147262,0.00306796,0.199677,0.0533909
30.022,-0.147262,0.00306796,0.17971,0.0480518
30.024,-0.147262,0.00306796,0.161739,0.0432467
30.026,-0.147262,0.00306796,0.145565,0.038922
30.028,-0.147262,0.00306796,0.131008,0.0350298
30.03,-0.147262,0.00306796,0.117907,0.0315268
30.032,-0.147262,0.00306796,0.106117,0.0283741
30.034,-0.147262,0.00306796,0.095505,0.0255367
30.036,-0.147262,0.00306796,0.0859545,0.022983
30.038,-0.144194,0.00306796,0.230757,0.0206847
30.04,-0.144194,0.00306796,0.207681,0.0186163
30.042,-0.144194,0.00306796,0.186913,0.0167546
30.044,-0.144194,0.00306796,0.168222,0.0150792
30.046,-0.144194,0.00306796,0.1514,0.0135713
30.048,-0.144194,0.00306796,0.13626,0.0122141
30.05,-0.144194,0.00306796,0.122634,0.0109927
30.052,-0.144194,0.00306796,0.11037,0.00989345
30.054,-0.144194,0.00306796,0.0993334,0.0089041
30.056,-0.144194,0.00306796,0.0894001,0.00801369
30.058,-0.144194,0.00306796,0.08046,0.00721232
30.06,-0.144194,0.00306796,0.072414,0.00649109
30.062,-0.144194,0.00306796,0.0651726,0.00584198
30.064,-0.144194,0.00306796,0.0586554,0.00525778
30.066,-0.141126,0.00306796,0.206188,0.00473201
30.068,-0.141126,0.00306796,0.185569,0.0042588
30.07,-0.141126,0.00306796,0.167012,0.00383292
30.072,-0.141126,0.00306796,0.150311,0.00344963
30.074,-0.141126,0.00306796,0.13528,0.00310467
30.076,-0.141126,0.00306796,0.121752,0.0027942
30.078,-0.141126,0.00306796,0.109577,0.00251478
30.08,-0.141126,0.00613592,0.098619,0.155661
30.082,-0.141126,0.00613592,0.0887571,0.140095
30.084,-0.141126,0.00613592,0.0798814,0.126086
30.086,-0.141126,0.00613592,0.0718933,0.113477
30.088,-0.141126,0.00613592,0.064704,0.102129
30.09,-0.141126,0.00613592,0.0582336,0.0919165
30.092,-0.141126,0.00613592,0.0524102,0.0827248
30.094,-0.141126,0.00613592,0.0471692,0.0744524
30.096,-0.141126,0.00613592,0.0424523,0.0670071
30.098,-0.138058,0.00613592,0.191605,0.0603064
30.1,-0.138058,0.00613592,0.172445,0.0542758
30.102,-0.138058,0.00613592,0.1552,0.0488482
30.104,-0.138058,0.00613592,0.13968,0.0439634
30.106,-0.138058,0.00613592,0.125712,0.039567
30.108,-0.138058,0.00613592,0.113141,0.0356103
30.11,-0.138058,0.00613592,0.101827,0.0320493
30.112,-0.138058,0.00306796,0.0916441,-0.124554
30.114,-0.138058,0.00306796,0.0824797,-0.112098
30.116,-0.138058,0.00306796,0.0742317,-0.100889
30.118,-0.138058,0.00306796,0.0668086,-0.0907997
30.12,-0.138058,0.00306796,0.0601277,-0.0817197
30.122,-0.138058,0.00306796,0.0541149,-0.0735477
30.124,-0.138058,0.00306796,0.0487034,-0.0661929
30.126,-0.138058,0.00306796,0.0438331,-0.0595737
30.128,-0.138058,0.00306796,0.0394498,-0.0536163
30.13,-0.138058,0.00306796,0.0355048,-0.0482547
30.132,-0.138058,0.00306796,0.0319543,-0.0434292
30.134,-0.138058,0.00306796,0.0287589,-0.0390863
30.136,-0.138058,0.00306796,0.025883,-0.0351776
30.138,-0.138058,0.00306796,0.0232947,-0.0316599
30.14,-0.138058,0.00306796,0.0209652,-0.0284939
30.142,-0.138058,0.00306796,0.0188687,-0.0256445
30.144,-0.138058,0.00306796,0.0169818,-0.0230801
30.146,-0.138058,0.00306796,0.0152837,-0.020772
30.148,-0.138058,0.00306796,0.0137553,-0.0186948
30.15,-0.138058,0.00306796,0.0123798,-0.0168254
30.152,-0.138058,0.00306796,0.0111418,-0.0151428
30.154,-0.138058,0.00306796,0.0100276,-0.0136285
30.156,-0.138058,0.00306796,0.00902485,-0.0122657
30.158,-0.138058,0.00306796,0.00812236,-0.0110391
30.16,-0.138058,0.00306796,0.00731013,-0.00993521
30.162,-0.138058,0.00306796,0.00657911,-0.00894169
30.164,-0.138058,0.00306796,0.0059212,-0.00804752
30.166,-0.138058,0.00306796,0.00532908,-0.00724277
30.168,-0.138058,0.00306796,0.00479617,-0.00651849
30.17,-0.138058,0.00306796,0.00431656,-0.00586664
30.172,-0.138058,0.00306796,0.0038849,-0.00527998
30.174,-0.138058,0.00306796,0.00349641,-0.00475198
30.176,-0.138058,0.00306796,0.00314677,-0.00427678
30.178,-0.138058,0,0.00283209,-0.157247
30.18,-0.138058,0,0.00254888,-0.141522
30.182,-0.138058,0,0.002294,-0.12737
30.184,-0.138058,0,0.0020646,-0.114633
30.186,-0.138058,0,0.00185814,-0.10317
30.188,-0.138058,0,0.00167232,-0.0928529
30.19,-0.138058,0,0.00150509,-0.0835676
30.192,-0.138058,0,0.00135458,-0.0752108
30.194,-0.138058,0,0.00121912,-0.0676898
30.196,-0.138058,0,0.00109721,-0.0609208
30.198,-0.138058,0,0.00098749,-0.0548287
30.2,-0.138058,0,0.000888741,-0.0493458
30.202,-0.138058,0,0.000799867,-0.0444112
30.204,-0.138058,0,0.00071988,-0.0399701
30.206,-0.138058,0,0.000647892,-0.0359731
30.208,-0.138058,0,0.000583103,-0.0323758
30.21,-0.138058,0,0.000524793,-0.0291382
30.212,-0.138058,0,0.000472313,-0.0262244
30.214,-0.138058,0,0.000425082,-0.023602
30.216,-0.138058,0,0.000382574,-0.0212418
30.218,-0.138058,0,0.000344316,-0.0191176
30.22,-0.138058,0,0.000309885,-0.0172058
30.222,-0.138058,0,0.000278896,-0.0154852
30.224,-0.138058,0,0.000251007,-0.0139367
30.226,-0.138058,0,0.000225906,-0.012543
30.228,-0.138058,0,0.000203315,-0.0112887
30.23,-0.138058,0,0.000182984,-0.0101599
30.232,-0.138058,0,0.000164685,-0.00914388
30.234,-0.138058,0,0.000148217,-0.00822949
30.236,-0.138058,0,0.000133395,-0.00740654
30.238,-0.138058,0,0.000120056,-0.00666589
30.24,-0.138058,0,0.00010805,-0.0059993
30.242,-0.138058,0,9.72451e-05,-0.00539937
30.244,-0.138058,0,8.75206e-05,-0.00485943
30.246,-0.138058,0,7.87685e-05,-0.00437349
30.248,-0.13499,0,0.153469,-0.00393614
30.25,-0.13499,0,0.138122,-0.00354253
30.252,-0.13499,0,0.12431,-0.00318827
30.254,-0.13499,0,0.111879,-0.00286945
30.256,-0.13499,0,0.100691,-0.0025825
30.258,-0.13499,0,0.0906219,-0.00232425
30.26,-0.13499,0,0.0815597,-0.00209183
30.262,-0.13499,0,0.0734037,-0.00188264
30.264,-0.13499,0,0.0660634,-0.00169438
30.266,-0.13499,0,0.059457,-0.00152494
30.268,-0.13499,0,0.0535113,-0.00137245
30.27,-0.13499,0,0.0481602,-0.0012352
30.272,-0.13499,0,0.0433442,-0.00111168
30.274,-0.13499,0,0.0390098,-0.00100051
30.276,-0.13499,0,0.0351088,-0.000900463
30.278,-0.13499,0,0.0315979,-0.000810417
30.28,-0.131922,0,0.181836,-0.000729375
30.282,-0.131922,0,0.163653,-0.000656437
30.284,-0.131922,0,0.147287,-0.000590794
30.286,-0.131922,0,0.132559,-0.000531714
30.288,-0.131922,0,0.119303,-0.000478543
30.29,-0.131922,0,0.107372,-0.000430689
30.292,-0.131922,0,0.0966352,-0.00038762
30.294,-0.131922,0,0.0869717,-0.000348858
30.296,-0.131922,0.00306796,0.0782745,0.153084
30.298,-0.131922,0.00306796,0.0704471,0.137776
30.3,-0.131922,0.00306796,0.0634024,0.123998
30.302,-0.131922,0.00306796,0.0570621,0.111598
30.304,-0.131922,0.00306796,0.0513559,0.100438
30.306,-0.131922,0.00306796,0.0462203,0.0903946
30.308,-0.131922,0.00306796,0.0415983,0.0813552
30.31,-0.131922,0.00306796,0.0374385,0.0732197
30.312,-0.131922,0.00306796,0.0336946,0.0658977
30.314,-0.131922,0.00306796,0.0303252,0.0593079
30.316,-0.131922,0.00306796,0.0272926,0.0533771
30.318,-0.131922,0.00306796,0.0245634,0.0480394
30.32,-0.131922,0.00306796,0.022107,0.0432355
30.322,-0.131922,0.00306796,0.0198963,0.0389119
30.324,-0.131922,0.00306796,0.0179067,0.0350207
30.326,-0.131922,0,0.016116,-0.121879
30.328,-0.131922,0,0.0145044,-0.109691
30.33,-0.131922,0,0.013054,-0.0987223
30.332,-0.131922,0,0.0117486,-0.0888501
30.334,-0.131922,0,0.0105737,-0.0799651
30.336,-0.131922,0,0.00951635,-0.0719686
30.338,-0.131922,0,0.00856472,-0.0647717
30.34,-0.131922,0,0.00770825,-0.0582945
30.342,-0.131922,0,0.00693742,-0.0524651
30.344,-0.131922,0,0.00624368,-0.0472186
30.346,-0.131922,0,0.00561931,-0.0424967
30.348,-0.131922,0,0.00505738,-0.0382471
30.35,-0.131922,0,0.00455164,-0.0344223
30.352,-0.131922,0,0.00409648,-0.0309801
30.354,-0.131922,0,0.00368683,-0.0278821
30.356,-0.131922,0,0.00331815,-0.0250939
30.358,-0.131922,0,0.00298633,-0.0225845
30.36,-0.131922,0,0.0026877,-0.0203261
30.362,-0.131922,0,0.00241893,-0.0182934
30.364,-0.131922,0,0.00217704,-0.0164641
30.366,-0.131922,0,0.00195933,-0.0148177
30.368,-0.131922,0,0.0017634,-0.0133359
30.37,-0.131922,0,0.00158706,-0.0120023
30.372,-0.128854,0,0.154826,-0.0108021
30.374,-0.128854,0,0.139344,-0.00972189
30.376,-0.128854,0,0.125409,-0.0087497
30.378,-0.128854,0,0.112868,-0.00787473
30.38,-0.128854,0,0.101582,-0.00708726
30.382,-0.128854,0,0.0914235,-0.00637853
30.384,-0.128854,0,0.0822811,-0.00574068
30.386,-0.128854,0,0.074053,-0.00516661
30.388,-0.128854,0,0.0666477,-0.00464995
30.39,-0.128854,0,0.0599829,-0.00418495
30.392,-0.128854,0,0.0539846,-0.00376646
30.394,-0.128854,0,0.0485862,-0.00338981
30.396,-0.128854,0,0.0437276,-0.00305083
30.398,-0.128854,0,0.0393548,-0.00274575
30.4,-0.128854,0,0.0354193,-0.00247117
30.402,-0.128854,0,0.0318774,-0.00222406
30.404,-0.128854,0,0.0286897,-0.00200165
30.406,-0.128854,0,0.0258207,-0.00180149
30.408,-0.128854,0,0.0232386,-0.00162134
30.41,-0.128854,0,0.0209148,-0.0014592
30.412,-0.128854,0,0.0188233,-0.00131328
30.414,-0.128854,0,0.016941,-0.00118195
30.416,-0.128854,0,0.0152469,-0.00106376
30.418,-0.128854,0,0.0137222,-0.000957383
30.42,-0.128854,0,0.01235,-0.000861645
30.422,-0.128854,0,0.011115,-0.00077548
30.424,-0.125786,0,0.163402,-0.000697932
30.426,-0.125786,0,0.147061,-0.000628139
30.428,-0.125786,0,0.132355,-0.000565325
30.43,-0.125786,0,0.11912,-0.000508793
30.432,-0.125786,0,0.107208,-0.000457913
30.434,-0.125786,0,0.096487,-0.000412122
30.436,-0.125786,0,0.0868383,-0.00037091
30.438,-0.125786,0,0.0781545,-0.000333819
30.44,-0.125786,0,0.070339,-0.000300437
30.442,-0.125786,0,0.0633051,-0.000270393
30.444,-0.125786,0,0.0569746,-0.000243354
30.446,-0.125786,0,0.0512771,-0.000219019
30.448,-0.125786,0,0.0461494,-0.000197117
30.45,-0.125786,0,0.0415345,-0.000177405
30.452,-0.125786,0,0.037381,-0.000159665
30.454,-0.122718,0,0.187041,-0.000143698
30.456,-0.122718,0,0.168337,-0.000129328
30.458,-0.122718,0,0.151503,-0.000116395
30.46,-0.122718,0,0.136353,-0.000104756
30.462,-0.122718,0,0.122718,-9.42803e-05
30.464,-0.122718,0,0.110446,-8.48523e-05
30.466,-0.122718,0,0.0994013,-7.63671e-05
30.468,-0.122718,0,0.0894611,-6.87303e-05
30.47,-0.122718,0,0.080515,-6.18573e-05
30.472,-0.122718,0,0.0724635,-5.56716e-05
30.474,-0.122718,0,0.0652172,-5.01044e-05
30.476,-0.122718,0.00306796,0.0586954,0.153353
30.478,-0.119651,0.00306796,0.206224,0.138018
30.48,-0.119651,0.00306796,0.185602,0.124216
30.482,-0.119651,0.00306796,0.167041,0.111794
30.484,-0.119651,0.00306796,0.150337,0.100615
30.486,-0.119651,0.00306796,0.135304,0.0905534
30.488,-0.119651,0.00306796,0.121773,0.0814981
30.49,-0.119651,0.00306796,0.109596,0.0733483
30.492,-0.119651,0.00306796,0.0986363,0.0660134
30.494,-0.119651,0.00306796,0.0887727,0.0594121
30.496,-0.119651,0.00306796,0.0798954,0.0534709
30.498,-0.119651,0.00306796,0.0719059,0.0481238
30.5,-0.119651,0.00306796,0.0647153,0.0433114
30.502,-0.119651,0.00306796,0.0582437,0.0389803
30.504,-0.119651,0.00306796,0.0524194,0.0350822
30.506,-0.119651,0,0.0471774,-0.121824
30.508,-0.119651,0,0.0424597,-0.109642
30.51,-0.119651,0,0.0382137,-0.0986775
30.512,-0.119651,0,0.0343923,-0.0888097
30.514,-0.119651,0,0.0309531,-0.0799288
30.516,-0.119651,0,0.0278578,-0.0719359
30.518,-0.119651,0,0.025072,-0.0647423
30.52,-0.119651,0,0.0225648,-0.0582681
30.522,-0.119651,0,0.0203083,-0.0524413
30.524,-0.119651,0,0.0182775,-0.0471971
30.526,-0.119651,0,0.0164498,-0.0424774
30.528,-0.119651,0,0.0148048,-0.0382297
30.53,-0.119651,0,0.0133243,-0.0344067
30.532,-0.119651,0,0.0119919,-0.030966
30.534,-0.119651,0,0.0107927,-0.0278694
30.536,-0.119651,0,0.00971342,-0.0250825
30.538,-0.119651,0,0.00874207,-0.0225742
30.54,-0.119651,0,0.00786787,-0.0203168
30.542,-0.119651,0,0.00708108,-0.0182851
30.544,-0.119651,0,0.00637297,-0.0164566
30.546,-0.119651,0,0.00573567,-0.014811
30.548,-0.119651,0,0.00516211,-0.0133299
30.55,-0.119651,0,0.0046459,-0.0119969
30.552,-0.119651,0,0.00418131,-0.0107972
30.554,-0.119651,0,0.00376318,-0.00971747
30.556,-0.119651,-0.00306796,0.00338686,-0.162144
30.558,-0.119651,-0.00306796,0.00304817,-0.145929
30.56,-0.119651,-0.00306796,0.00274336,-0.131336
30.562,-0.119651,-0.00306796,0.00246902,-0.118203
30.564,-0.119651,-0.00306796,0.00222212,-0.106383
30.566,-0.119651,-0.00306796,0.00199991,-0.0957443
30.568,-0.119651,-0.00306796,0.00179992,-0.0861699
30.57,-0.119651,-0.00306796,0.00161992,-0.0775529
30.572,-0.119651,-0.00306796,0.00145793,-0.0697976
30.574,-0.119651,-0.00306796,0.00131214,-0.0628178
30.576,-0.119651,-0.00306796,0.00118092,-0.056536
30.578,-0.119651,-0.00306796,0.00106283,-0.0508824
30.58,-0.119651,-0.00306796,0.000956549,-0.0457942
30.582,-0.119651,-0.00306796,0.000860894,-0.0412148
30.584,-0.119651,-0.00306796,0.000774805,-0.0370933
30.586,-0.119651,-0.00306796,0.000697324,-0.033384
30.588,-0.119651,-0.00306796,0.000627592,-0.0300456
30.59,-0.119651,-0.00306796,0.000564833,-0.027041
30.592,-0.119651,-0.00306796,0.000508349,-0.0243369
30.594,-0.119651,-0.00306796,0.000457514,-0.0219032
30.596,-0.119651,-0.00306796,0.000411763,-0.0197129
30.598,-0.119651,-0.00306796,0.000370587,-0.0177416
30.6,-0.119651,-0.00306796,0.000333528,-0.0159674
30.602,-0.119651,-0.00306796,0.000300175,-0.0143707
30.604,-0.119651,-0.00306796,0.000270158,-0.0129336
30.606,-0.119651,-0.00306796,0.000243142,-0.0116403
30.608,-0.119651,-0.00306796,0.000218828,-0.0104762
30.61,-0.119651,-0.00306796,0.000196945,-0.00942862
30.612,-0.119651,-0.00306796,0.00017725,-0.00848576
30.614,-0.119651,-0.00613592,0.000159525,-0.161035
30.616,-0.119651,-0.00613592,0.000143573,-0.144932
30.618,-0.119651,-0.00613592,0.000129216,-0.130439
30.62,-0.119651,-0.00613592,0.000116294,-0.117395
30.622,-0.119651,-0.00613592,0.000104665,-0.105655
30.624,-0.119651,-0.00613592,9.41981e-05,-0.0950897
30.626,-0.119651,-0.00613592,8.47783e-05,-0.0855807
30.628,-0.119651,-0.00613592,7.63005e-05,-0.0770227
30.63,-0.119651,-0.00613592,6.86704e-05,-0.0693204
30.632,-0.119651,-0.00613592,6.18034e-05,-0.0623884
30.634,-0.119651,-0.00613592,5.56231e-05,-0.0561495
30.636,-0.119651,-0.00613592,5.00608e-05,-0.0505346
30.638,-0.116583,-0.00613592,0.153443,-0.0454811
30.64,-0.116583,-0.00613592,0.138099,-0.040933
30.642,-0.116583,-0.00613592,0.124289,-0.0368397
30.644,-0.116583,-0.00613592,0.11186,-0.0331557
30.646,-0.116583,-0.00613592,0.100674,-0.0298402
30.648,-0.116583,-0.00613592,0.0906066,-0.0268561
30.65,-0.116583,-0.00613592,0.081546,-0.0241705
30.652,-0.116583,-0.00613592,0.0733914,-0.0217535
30.654,-0.116583,-0.00920388,0.0660522,-0.172976
30.656,-0.116583,-0.00920388,0.059447,-0.155679
30.658,-0.116583,-0.00920388,0.0535023,-0.140111
30.66,-0.116583,-0.00920388,0.0481521,-0.1261
30.662,-0.116583,-0.00920388,0.0433369,-0.11349
30.664,-0.116583,-0.00920388,0.0390032,-0.102141
30.666,-0.116583,-0.00920388,0.0351029,-0.0919266
30.668,-0.116583,-0.00920388,0.0315926,-0.082734
30.67,-0.116583,-0.00920388,0.0284333,-0.0744606
30.672,-0.116583,-0.00920388,0.02559,-0.0670145
30.674,-0.116583,-0.00920388,0.023031,-0.0603131
30.676,-0.116583,-0.00920388,0.0207279,-0.0542818
30.678,-0.116583,-0.00920388,0.0186551,-0.0488536
30.68,-0.116583,-0.00920388,0.0167896,-0.0439682
30.682,-0.116583,-0.00920388,0.0151106,-0.0395714
30.684,-0.116583,-0.00920388,0.0135996,-0.0356143
30.686,-0.116583,-0.00920388,0.0122396,-0.0320528
30.688,-0.116583,-0.0122718,0.0110157,-0.182246
30.69,-0.116583,-0.0122718,0.00991409,-0.164021
30.692,-0.116583,-0.0122718,0.00892268,-0.147619
30.694,-0.116583,-0.0122718,0.00803041,-0.132857
30.696,-0.116583,-0.0122718,0.00722737,-0.119571
30.698,-0.116583,-0.0122718,0.00650463,-0.107614
30.7,-0.116583,-0.0122718,0.00585417,-0.0968528
30.702,-0.116583,-0.0122718,0.00526875,-0.0871675
30.704,-0.116583,-0.0122718,0.00474188,-0.0784508
30.706,-0.116583,-0.0122718,0.00426769,-0.0706057
30.708,-0.116583,-0.0122718,0.00384092,-0.0635451
30.71,-0.113515,-0.0122718,0.156855,-0.0571906
30.712,-0.113515,-0.0122718,0.141169,-0.0514716
30.714,-0.113515,-0.0122718,0.127052,-0.0463244
30.716,-0.113515,-0.0122718,0.114347,-0.041692
30.718,-0.113515,-0.0122718,0.102913,-0.0375228
30.72,-0.113515,-0.0153398,0.0926213,-0.187169
30.722,-0.113515,-0.0153398,0.0833591,-0.168452
30.724,-0.113515,-0.0153398,0.0750232,-0.151607
30.726,-0.113515,-0.0153398,0.0675209,-0.136446
30.728,-0.110447,-0.0153398,0.214167,-0.122801
30.73,-0.110447,-0.0153398,0.19275,-0.110521
30.732,-0.110447,-0.0153398,0.173475,-0.099469
30.734,-0.110447,-0.0153398,0.156128,-0.0895221
30.736,-0.110447,-0.0153398,0.140515,-0.0805699
30.738,-0.110447,-0.0153398,0.126463,-0.0725129
30.74,-0.107379,-0.0153398,0.267215,-0.0652616
30.742,-0.107379,-0.0153398,0.240494,-0.0587355
30.744,-0.107379,-0.0153398,0.216444,-0.0528619
30.746,-0.107379,-0.0153398,0.1948,-0.0475757
30.748,-0.107379,-0.0122718,0.17532,0.11058
30.75,-0.104311,-0.0122718,0.311186,0.0995219
30.752,-0.104311,-0.0122718,0.280067,0.0895697
30.754,-0.104311,-0.0122718,0.252061,0.0806128
30.756,-0.104311,-0.0122718,0.226855,0.0725515
30.758,-0.104311,-0.0122718,0.204169,0.0652963
30.76,-0.101243,-0.0122718,0.33715,0.0587667
30.762,-0.101243,-0.0122718,0.303435,0.05289
30.764,-0.101243,-0.0122718,0.273092,0.047601
30.766,-0.0981748,-0.0122718,0.399181,0.0428409
30.768,-0.0981748,-0.0122718,0.359263,0.0385568
30.77,-0.0981748,-0.0122718,0.323336,0.0347011
30.772,-0.0951068,-0.00920388,0.444401,0.184629
30.774,-0.0951068,-0.00920388,0.399961,0.166166
30.776,-0.0951068,-0.00920388,0.359965,0.14955
30.778,-0.0951068,-0.00920388,0.323968,0.134595
30.78,-0.0920388,-0.00920388,0.444969,0.121135
30.782,-0.0920388,-0.00920388,0.400472,0.109022
30.784,-0.0920388,-0.00920388,0.360425,0.0981195
30.786,-0.0920388,-0.00920388,0.324383,0.0883075
30.788,-0.0889709,-0.00920388,0.445343,0.0794768
30.79,-0.0889709,-0.00920388,0.400808,0.0715291
30.792,-0.0889709,-0.00920388,0.360727,0.0643762
30.794,-0.0859029,-0.00613592,0.478053,0.211337
30.796,-0.0859029,-0.00613592,0.430247,0.190203
30.798,-0.0859029,-0.00613592,0.387223,0.171183
30.8,-0.082835,-0.00613592,0.501899,0.154064
30.802,-0.082835,-0.00613592,0.451709,0.138658
30.804,-0.082835,-0.00613592,0.406538,0.124792
30.806,-0.082835,-0.00613592,0.365884,0.112313
30.808,-0.079767,-0.00613592,0.482694,0.101082
30.81,-0.079767,-0.00306796,0.434424,0.244372
30.812,-0.079767,-0.00306796,0.390982,0.219934
30.814,-0.076699,-0.00306796,0.505282,0.197941
30.816,-0.076699,-0.00306796,0.454754,0.178147
30.818,-0.076699,-0.00306796,0.409278,0.160332
30.82,-0.076699,-0.00306796,0.36835,0.144299
30.822,-0.0736311,-0.00306796,0.484913,0.129869
30.824,-0.0736311,-0.00306796,0.436422,0.116882
30.826,-0.0705631,-0.00306796,0.546178,0.105194
30.828,-0.0705631,-0.00306796,0.49156,0.0946746
30.83,-0.0705631,-0.00306796,0.442404,0.0852071
30.832,-0.0705631,-0.00306796,0.398164,0.0766864
30.834,-0.0674952,0,0.511745,0.222416
30.836,-0.0674952,0,0.460571,0.200174
30.838,-0.0674952,0,0.414514,0.180157
30.84,-0.0674952,0,0.373062,0.162141
30.842,-0.0674952,0,0.335756,0.145927
30.844,-0.0644272,0,0.455579,0.131334
30.846,-0.0644272,0,0.410021,0.118201
30.848,-0.0644272,0,0.369019,0.106381
30.85,-0.0613592,0,0.485515,0.0957427
30.852,-0.0613592,0,0.436963,0.0861684
30.854,-0.0613592,0,0.393267,0.0775516
30.856,-0.0582913,0,0.507338,0.0697964
30.858,-0.0582913,0,0.456605,0.0628168
30.86,-0.0582913,0,0.410944,0.0565351
30.862,-0.0582913,0,0.36985,0.0508816
30.864,-0.0582913,0,0.332865,0.0457934
30.866,-0.0552233,0,0.452976,0.0412141
30.868,-0.0552233,0,0.407679,0.0370927
30.87,-0.0552233,0,0.366911,0.0333834
30.872,-0.0552233,0,0.33022,0.0300451
30.874,-0.0552233,0,0.297198,0.0270406
30.876,-0.0521553,0,0.420876,0.0243365
30.878,-0.0521553,0,0.378788,0.0219029
30.88,-0.0521553,0,0.34091,0.0197126
30.882,-0.0521553,0,0.306819,0.0177413
30.884,-0.0490874,0,0.429535,0.0159672
30.886,-0.0490874,0.00306796,0.386581,0.167769
30.888,-0.0490874,0.00306796,0.347923,0.150992
30.89,-0.0460194,0.00306796,0.466529,0.135893
30.892,-0.0460194,0.00306796,0.419876,0.122303
30.894,-0.0460194,0.00306796,0.377888,0.110073
30.896,-0.0460194,0.00306796,0.3401,0.0990656
30.898,-0.0460194,0.00306796,0.30609,0.0891591
30.9,-0.0429515,0.00306796,0.428879,0.0802432
30.902,-0.0429515,0.00306796,0.385991,0.0722189
30.904,-0.0429515,0.00306796,0.347392,0.064997
30.906,-0.0429515,0.00306796,0.312653,0.0584973
30.908,-0.0429515,0.00306796,0.281387,0.0526475
30.91,-0.0398835,0.00306796,0.406647,0.0473828
30.912,-0.0398835,0.00306796,0.365982,0.0426445
30.914,-0.0398835,0.00306796,0.329384,0.0383801
30.916,-0.0398835,0.00306796,0.296445,0.0345421
30.918,-0.0398835,0.00306796,0.266801,0.0310879
30.92,-0.0368155,0,0.393519,-0.125419
30.922,-0.0368155,0,0.354167,-0.112877
30.924,-0.0368155,0,0.31875,-0.101589
30.926,-0.0368155,0,0.286875,-0.0914305
30.928,-0.0368155,0,0.258188,-0.0822874
30.93,-0.0337476,0,0.385767,-0.0740587
30.932,-0.0337476,0,0.34719,-0.0666528
30.934,-0.0337476,0,0.312471,-0.0599875
30.936,-0.0337476,0,0.281224,-0.0539888
30.938,-0.0337476,0,0.253102,-0.0485899
30.94,-0.0306796,0,0.38119,-0.0437309
30.942,-0.0306796,0,0.343071,-0.0393578
30.944,-0.0306796,0,0.308764,-0.035422
30.946,-0.0306796,0,0.277887,-0.0318798
30.948,-0.0306796,0,0.250099,-0.0286918
30.95,-0.0306796,0,0.225089,-0.0258227
30.952,-0.0276117,0,0.355978,-0.0232404
30.954,-0.0276117,0,0.32038,-0.0209164
30.956,-0.0276117,0,0.288342,-0.0188247
30.958,-0.0276117,0,0.259508,-0.0169422
30.96,-0.0245437,0,0.386955,-0.015248
30.962,-0.0245437,0,0.34826,-0.0137232
30.964,-0.0245437,0,0.313434,-0.0123509
30.966,-0.0245437,0,0.28209,-0.0111158
30.968,-0.0214757,0,0.407279,-0.0100042
30.97,-0.0214757,0,0.366551,-0.00900381
30.972,-0.0214757,0,0.329896,-0.00810343
30.974,-0.0214757,0,0.296907,-0.00729308
30.976,-0.0184078,0,0.420614,-0.00656377
30.978,-0.0184078,0,0.378553,-0.0059074
30.98,-0.0184078,0,0.340697,-0.00531666
30.982,-0.0184078,0,0.306628,-0.00478499
30.984,-0.0184078,0,0.275965,-0.00430649
30.986,-0.0153398,0,0.401766,-0.00387584
30.988,-0.0153398,0,0.36159,-0.00348826
30.99,-0.0153398,0,0.325431,-0.00313943
30.992,-0.0153398,0,0.292888,-0.00282549
30.994,-0.0122718,0.00306796,0.416997,0.150855
30.996,-0.0122718,0.00306796,0.375297,0.13577
30.998,-0.0122718,0.00306796,0.337768,0.122193
31,-0.00920388,0.00306796,0.457389,0.109973
31.002,-0.00920388,0.00306796,0.41165,0.0989761
31.004,-0.00920388,0.00306796,0.370485,0.0890785
31.006,-0.00920388,0.00306796,0.333437,0.0801706
31.008,-0.00920388,0.00306796,0.300093,0.0721535
31.01,-0.00613592,0.00306796,0.423482,0.0649382
31.012,-0.00613592,0.00306796,0.381134,0.0584444
31.014,-0.00613592,0.00306796,0.34302,0.0525999
31.016,-0.00613592,0.00306796,0.308718,0.0473399
31.018,-0.00613592,0.00306796,0.277846,0.0426059
31.02,-0.00613592,0.00306796,0.250062,0.0383454
31.022,-0.00306796,0.00306796,0.378454,0.0345108
31.024,-0.00306796,0.00306796,0.340608,0.0310597
31.026,-0.00306796,0.00306796,0.306547,0.0279538
31.028,-0.00306796,0.00306796,0.275893,0.0251584
31.03,-0.00306796,0.00306796,0.248303,0.0226425
31.032,-0,0.00306796,0.376871,0.0203783
31.034,-0,0,0.339184,-0.135058
31.036,-0,0,0.305266,-0.121552
31.038,-0,0,0.274739,-0.109397
31.04,-0,0,0.247265,-0.098457
31.042,-0,0,0.222539,-0.0886113
31.044,0.00306796,0,0.353683,-0.0797502
31.046,0.00306796,0,0.318315,-0.0717752
31.048,0.00306796,0,0.286483,-0.0645976
31.05,0.00306796,0,0.257835,-0.0581379
31.052,0.00306796,0,0.232051,-0.0523241
31.054,0.00306796,0,0.208846,-0.0470917
31.056,0.00613592,0,0.34136,-0.0423825
31.058,0.00613592,0,0.307224,-0.0381443
31.06,0.00613592,0,0.276501,-0.0343298
31.062,0.00613592,0,0.248851,-0.0308969
31.064,0.00613592,0,0.223966,-0.0278072
31.066,0.00613592,0,0.201569,-0.0250264
31.068,0.00613592,0,0.181413,-0.0225238
31.07,0.00920388,0,0.316669,-0.0202714
31.072,0.00920388,0,0.285002,-0.0182443
31.074,0.00920388,0,0.256502,-0.0164199
31.076,0.00920388,0,0.230852,-0.0147779
31.078,0.00920388,0,0.207767,-0.0133001
31.08,0.0122718,0,0.340388,-0.0119701
31.082,0.0122718,0,0.306349,-0.0107731
31.084,0.0122718,0,0.275714,-0.00969576
31.086,0.0122718,0,0.248143,-0.00872618
31.088,0.0153398,0,0.376727,-0.00785356
31.09,0.0153398,0,0.339054,-0.00706821
31.092,0.0153398,0,0.305149,-0.00636139
31.094,0.0153398,0,0.274634,-0.00572525
31.096,0.0153398,-0.00306796,0.24717,-0.158551
31.098,0.0153398,-0.00306796,0.222453,-0.142696
31.1,0.0184078,-0.00306796,0.353606,-0.128426
31.102,0.0184078,-0.00306796,0.318246,-0.115584
31.104,0.0184078,-0.00306796,0.286421,-0.104025
31.106,0.0184078,-0.00306796,0.257779,-0.0936227
31.108,0.0184078,-0.00306796,0.232001,-0.0842604
31.11,0.0184078,-0.00306796,0.208801,-0.0758344
31.112,0.0214757,-0.00306796,0.341319,-0.0682509
31.114,0.0214757,-0.00306796,0.307187,-0.0614258
31.116,0.0214757,-0.00306796,0.276468,-0.0552832
31.118,0.0245437,0,0.40222,0.103643
31.12,0.0245437,0,0.361998,0.0932788
31.122,0.0245437,0,0.325798,0.083951
31.124,0.0245437,0,0.293218,0.0755559
31.126,0.0276117,0,0.417294,0.0680003
31.128,0.0276117,0,0.375565,0.0612002
31.13,0.0276117,0,0.338008,0.0550802
31.132,0.0276117,0,0.304208,0.0495722
31.134,0.0306796,0,0.427185,0.044615
31.136,0.0306796,0,0.384466,0.0401535
31.138,0.0306796,0,0.34602,0.0361381
31.14,0.0306796,0,0.311418,0.0325243
31.142,0.0306796,0,0.280276,0.0292719
31.144,0.0337476,0,0.405646,0.0263447
31.146,0.0337476,0,0.365082,0.0237102
31.148,0.0337476,0,0.328574,0.0213392
31.15,0.0368155,0,0.449114,0.0192053
31.152,0.0368155,0,0.404203,0.0172848
31.154,0.0368155,0,0.363783,0.0155563
31.156,0.0398835,0,0.480802,0.0140007
31.158,0.0398835,0,0.432722,0.0126006
31.16,0.0398835,0.00306796,0.38945,0.164739
31.162,0.0398835,0.00306796,0.350505,0.148265
31.164,0.0429515,0.00306796,0.468853,0.133438
31.166,0.0429515,0.00306796,0.421967,0.120094
31.168,0.0429515,0.00306796,0.379771,0.108085
31.17,0.0429515,0.00306796,0.341794,0.0972765
31.172,0.0429515,0.00306796,0.307614,0.0875489
31.174,0.0460194,0.00306796,0.430251,0.078794
31.176,0.0460194,0.00306796,0.387226,0.0709146
31.178,0.0460194,0.00306796,0.348503,0.0638231
31.18,0.0460194,0.00306796,0.313653,0.0574408
31.182,0.0490874,0.00306796,0.435686,0.0516967
31.184,0.0490874,0.00306796,0.392117,0.046527
31.186,0.0490874,0.00306796,0.352905,0.0418743
31.188,0.0490874,0.00306796,0.317615,0.0376869
31.19,0.0521553,0.00306796,0.439251,0.0339182
31.192,0.0521553,0.00306796,0.395326,0.0305264
31.194,0.0521553,0.00306796,0.355794,0.0274738
31.196,0.0521553,0.00306796,0.320214,0.0247264
31.198,0.0521553,0.00306796,0.288193,0.0222537
31.2,0.0552233,0.00306796,0.412772,0.0200284
31.202,0.0552233,0.00306796,0.371494,0.0180255
31.204,0.0552233,0.00306796,0.334345,0.016223
31.206,0.0552233,0.00306796,0.300911,0.0146007
31.208,0.0552233,0.00306796,0.270819,0.0131406
31.21,0.0582913,0.00306796,0.397136,0.0118266
31.212,0.0582913,0.00306796,0.357422,0.0106439
31.214,0.0582913,0.00306796,0.32168,0.00957951
31.216,0.0582913,0.00306796,0.289512,0.00862156
31.218,0.0582913,0.00306796,0.260561,0.0077594
31.22,0.0613592,0.00306796,0.387903,0.00698346
31.222,0.0613592,0.00306796,0.349112,0.00628511
31.224,0.0613592,0.00306796,0.314201,0.0056566
31.226,0.0613592,0.00306796,0.282781,0.00509094
31.228,0.0644272,0.00306796,0.407901,0.00458185
31.23,0.0644272,0.00306796,0.367111,0.00412366
31.232,0.0644272,0.00306796,0.3304,0.0037113
31.234,0.0644272,0.00306796,0.29736,0.00334017
31.236,0.0644272,0.00306796,0.267624,0.00300615
31.238,0.0674952,0.00306796,0.39426,0.00270554
31.24,0.0674952,0.00306796,0.354834,0.00243498
31.242,0.0674952,0.00306796,0.31935,0.00219148
31.244,0.0674952,0.00306796,0.287415,0.00197234
31.246,0.0674952,0.00306796,0.258674,0.0017751
31.248,0.0674952,0.00306796,0.232806,0.00159759
31.25,0.0705631,0.00306796,0.362924,0.00143783
31.252,0.0705631,0.00306796,0.326631,0.00129405
31.254,0.0705631,0.00306796,0.293968,0.00116464
31.256,0.0705631,0.00306796,0.264571,0.00104818
31.258,0.0736311,0.00306796,0.391512,0.000943362
31.26,0.0736311,0.00306796,0.352361,0.000849026
31.262,0.0736311,0.00306796,0.317125,0.000764123
31.264,0.0736311,0.00613592,0.285413,0.154086
31.266,0.076699,0.00613592,0.410269,0.138677
31.268,0.076699,0.00613592,0.369242,0.124809
31.27,0.076699,0.00613592,0.332318,0.112329
31.272,0.076699,0.00613592,0.299086,0.101096
31.274,0.076699,0.00613592,0.269178,0.0909861
31.276,0.076699,0.00613592,0.24226,0.0818875
31.278,0.079767,0.00613592,0.371432,0.0736988
31.28,0.079767,0.00613592,0.334289,0.0663289
31.282,0.079767,0.00613592,0.30086,0.059696
31.284,0.079767,0.00613592,0.270774,0.0537264
31.286,0.079767,0.00613592,0.243697,0.0483538
31.288,0.079767,0.00613592,0.219327,0.0435184
31.29,0.079767,0.00306796,0.197394,-0.114232
31.292,0.079767,0.00306796,0.177655,-0.102808
31.294,0.079767,0.00306796,0.159889,-0.0925275
31.296,0.079767,0.00306796,0.1439,-0.0832748
31.298,0.082835,0.00306796,0.282908,-0.0749473
31.3,0.082835,0.00306796,0.254618,-0.0674526
31.302,0.082835,0.00306796,0.229156,-0.0607073
31.304,0.082835,0.00306796,0.20624,-0.0546366
31.306,0.082835,0.00306796,0.185616,-0.0491729
31.308,0.082835,0.00306796,0.167055,-0.0442556
31.31,0.082835,0.00306796,0.150349,-0.0398301
31.312,0.082835,0.00306796,0.135314,-0.0358471
31.314,0.082835,0.00306796,0.121783,-0.0322624
31.316,0.0859029,0.00306796,0.263003,-0.0290361
31.318,0.0859029,0.00306796,0.236702,-0.0261325
31.32,0.0859029,0.00306796,0.213032,-0.0235193
31.322,0.0859029,0,0.191729,-0.174565
31.324,0.0859029,0,0.172556,-0.157109
31.326,0.0859029,0,0.1553,-0.141398
31.328,0.0859029,0,0.13977,-0.127258
31.33,0.0859029,0,0.125793,-0.114532
31.332,0.0889709,0,0.266612,-0.103079
31.334,0.0889709,0,0.239951,-0.0927712
31.336,0.0889709,0,0.215956,-0.0834941
31.338,0.0889709,0,0.19436,-0.0751447
31.34,0.0889709,0,0.174924,-0.0676302
31.342,0.0889709,0,0.157432,-0.0608672
31.344,0.0889709,0,0.141689,-0.0547805
31.346,0.0889709,0,0.12752,-0.0493024
31.348,0.0889709,0,0.114768,-0.0443722
31.35,0.0920388,0,0.256689,-0.039935
31.352,0.0920388,0,0.23102,-0.0359415
31.354,0.0920388,0,0.207918,-0.0323473
31.356,0.0920388,0,0.187126,-0.0291126
31.358,0.0920388,0,0.168414,-0.0262013
31.36,0.0920388,0,0.151572,-0.0235812
31.362,0.0920388,-0.00306796,0.136415,-0.174621
31.364,0.0920388,-0.00306796,0.122774,-0.157159
31.366,0.0920388,-0.00306796,0.110496,-0.141443
31.368,0.0951068,-0.00306796,0.252845,-0.127299
31.37,0.0951068,-0.00306796,0.22756,-0.114569
31.372,0.0951068,-0.00306796,0.204804,-0.103112
31.374,0.0951068,-0.00306796,0.184324,-0.0928008
31.376,0.0951068,-0.00306796,0.165891,-0.0835208
31.378,0.0951068,-0.00306796,0.149302,-0.0751687
31.38,0.0981748,-0.00306796,0.28777,-0.0676518
31.382,0.0981748,-0.00306796,0.258993,-0.0608866
31.384,0.0981748,-0.00306796,0.233094,-0.054798
31.386,0.0981748,-0.00306796,0.209784,-0.0493182
31.388,0.0981748,-0.00306796,0.188806,-0.0443864
31.39,0.101243,-0.00306796,0.323323,-0.0399477
31.392,0.101243,-0.00306796,0.290991,-0.0359529
31.394,0.101243,-0.00306796,0.261892,-0.0323577
31.396,0.101243,-0.00306796,0.235703,-0.0291219
31.398,0.101243,-0.00306796,0.212133,-0.0262097
31.4,0.101243,0,0.190919,0.129809
31.402,0.104311,0,0.325225,0.116828
31.404,0.104311,0,0.292703,0.105146
31.406,0.104311,0,0.263433,0.094631
31.408,0.104311,0,0.237089,0.0851679
31.41,0.104311,0,0.21338,0.0766511
31.412,0.107379,0,0.34544,0.068986
31.414,0.107379,0,0.310896,0.0620874
31.416,0.107379,0,0.279807,0.0558787
31.418,0.107379,0,0.251826,0.0502908
31.42,0.107379,0,0.226643,0.0452617
31.422,0.110447,0,0.357377,0.0407355
31.424,0.110447,0,0.321639,0.036662
31.426,0.110447,0,0.289476,0.0329958
31.428,0.110447,0,0.260528,0.0296962
31.43,0.110447,0,0.234475,0.0267266
31.432,0.113515,0,0.364426,0.0240539
31.434,0.113515,0,0.327983,0.0216485
31.436,0.113515,0,0.295185,0.0194837
31.438,0.113515,0,0.265666,0.0175353
31.44,0.113515,0,0.2391,0.0157818
31.442,0.116583,0,0.368588,0.0142036
31.444,0.116583,0,0.331729,0.0127832
31.446,0.116583,0,0.298556,0.0115049
31.448,0.116583,0,0.268701,0.0103544
31.45,0.116583,0,0.24183,0.00931899
31.452,0.116583,0,0.217647,0.00838709
31.454,0.116583,0,0.195883,0.00754838
31.456,0.119651,0.00306796,0.329692,0.160192
31.458,0.119651,0.00306796,0.296723,0.144172
31.46,0.119651,0.00306796,0.267051,0.129755
31.462,0.119651,0.00306796,0.240346,0.11678
31.464,0.119651,0.00306796,0.216311,0.105102
31.466,0.122718,0.00306796,0.348078,0.0945915
31.468,0.122718,0.00306796,0.31327,0.0851324
31.47,0.122718,0.00306796,0.281943,0.0766192
31.472,0.122718,0.00306796,0.253749,0.0689572
31.474,0.122718,0.00306796,0.228374,0.0620615
31.476,0.125786,0.00306796,0.358935,0.0558554
31.478,0.125786,0.00306796,0.323041,0.0502698
31.48,0.125786,0.00306796,0.290737,0.0452428
31.482,0.125786,0.00306796,0.261663,0.0407186
31.484,0.125786,0.00306796,0.235497,0.0366467
31.486,0.125786,0.00306796,0.211947,0.032982
31.488,0.125786,0.00306796,0.190753,0.0296838
31.49,0.125786,0.00306796,0.171677,0.0267154
31.492,0.125786,0.00306796,0.15451,0.0240439
31.494,0.128854,0.00306796,0.292457,0.0216395
31.496,0.128854,0.00306796,0.263211,0.0194756
31.498,0.128854,0,0.23689,-0.13587
31.5,0.128854,0,0.213201,-0.122283
31.502,0.128854,0,0.191881,-0.110055
31.504,0.128854,0,0.172693,-0.0990493
31.506,0.128854,0,0.155424,-0.0891444
31.508,0.128854,0,0.139881,-0.0802299
31.51,0.128854,0,0.125893,-0.0722069
31.512,0.128854,0,0.113304,-0.0649862
31.514,0.131922,0,0.255371,-0.0584876
31.516,0.131922,0,0.229834,-0.0526389
31.518,0.131922,0,0.206851,-0.047375
31.52,0.131922,0,0.186166,-0.0426375
31.522,0.131922,0,0.167549,-0.0383737
31.524,0.131922,0,0.150794,-0.0345363
31.526,0.131922,0,0.135715,-0.0310827
31.528,0.13499,0,0.275541,-0.0279744
31.53,0.13499,0,0.247987,-0.025177
31.532,0.13499,0,0.223189,-0.0226593
31.534,0.13499,0,0.20087,-0.0203934
31.536,0.13499,0,0.180783,-0.018354
31.538,0.13499,0,0.162704,-0.0165186
31.54,0.138058,0,0.299832,-0.0148668
31.542,0.138058,0,0.269849,-0.0133801
31.544,0.138058,0,0.242864,-0.0120421
31.546,0.138058,0,0.218578,-0.0108379
31.548,0.138058,0,0.19672,-0.00975409
31.55,0.138058,0,0.177048,-0.00877868
31.552,0.138058,0,0.159343,-0.00790081
31.554,0.138058,0,0.143409,-0.00711073
31.556,0.141126,0,0.282466,-0.00639966
31.558,0.141126,0,0.254219,-0.00575969
31.56,0.141126,0,0.228797,-0.00518372
31.562,0.141126,0,0.205918,-0.00466535
31.564,0.141126,0,0.185326,-0.00419881
31.566,0.141126,0,0.166793,-0.00377893
31.568,0.141126,0,0.150114,-0.00340104
31.57,0.141126,0,0.135103,-0.00306094
31.572,0.144194,0,0.27499,-0.00275484
31.574,0.144194,0,0.247491,-0.00247936
31.576,0.144194,0,0.222742,-0.00223142
31.578,0.144194,0,0.200468,-0.00200828
31.58,0.144194,0,0.180421,-0.00180745
31.582,0.144194,0,0.162379,-0.00162671
31.584,0.144194,0,0.146141,-0.00146404
31.586,0.147262,0,0.284925,-0.00131763
31.588,0.147262,0,0.256433,-0.00118587
31.59,0.147262,0,0.230789,-0.00106728
31.592,0.147262,0,0.20771,-0.000960554
31.594,0.147262,0,0.186939,-0.000864499
31.596,0.147262,0,0.168245,-0.000778049
31.598,0.15033,0,0.304819,-0.000700244
31.6,0.15033,0,0.274337,-0.000630219
31.602,0.15033,0,0.246903,-0.000567197
31.604,0.15033,0,0.222213,-0.000510478
31.606,0.15033,0,0.199992,-0.00045943
31.608,0.15033,0,0.179993,-0.000413487
31.61,0.15033,0,0.161993,-0.000372138
31.612,0.15033,0,0.145794,-0.000334924
31.614,0.153398,0,0.284613,-0.000301432
31.616,0.153398,0,0.256151,-0.000271289
31.618,0.153398,0,0.230536,-0.00024416
31.62,0.153398,0,0.207483,-0.000219744
31.622,0.153398,0,0.186734,-0.00019777
31.624,0.153398,0,0.168061,-0.000177993
31.626,0.153398,0,0.151255,-0.000160193
31.628,0.153398,0,0.136129,-0.000144174
31.63,0.153398,0,0.122516,-0.000129757
31.632,0.153398,0,0.110265,-0.000116781
31.634,0.156466,0,0.252636,-0.000105103
31.636,0.156466,0,0.227373,-9.45926e-05
31.638,0.156466,0,0.204635,-8.51333e-05
31.64,0.156466,0,0.184172,-7.662e-05
31.642,0.156466,0,0.165755,-6.8958e-05
31.644,0.156466,0,0.149179,-6.20622e-05
31.646,0.156466,0,0.134261,-5.5856e-05
31.648,0.159534,0,0.274233,-5.02704e-05
31.65,0.159534,0,0.24681,-4.52433e-05
31.652,0.159534,0,0.222129,-4.0719e-05
31.654,0.159534,0,0.199916,-3.66471e-05
31.656,0.159534,0,0.179924,-3.29824e-05
31.658,0.159534,0,0.161932,-2.96841e-05
31.66,0.159534,0,0.145739,-2.67157e-05
31.662,0.159534,0,0.131165,-2.40442e-05
31.664,0.162602,0,0.271447,-2.16397e-05
31.666,0.162602,0,0.244302,-1.94758e-05
31.668,0.162602,0,0.219872,-1.75282e-05
31.67,0.162602,0,0.197885,-1.57754e-05
31.672,0.162602,0,0.178096,-1.41978e-05
31.674,0.162602,0,0.160286,-1.27781e-05
31.676,0.162602,0,0.144258,-1.15002e-05
31.678,0.162602,0,0.129832,-1.03502e-05
31.68,0.162602,0,0.116849,-9.3152e-06
31.682,0.162602,0,0.105164,-8.38368e-06
31.684,0.16567,0,0.248046,-7.54531e-06
31.686,0.16567,0,0.223241,-6.79078e-06
31.688,0.16567,0,0.200917,-6.1117e-06
31.69,0.16567,0,0.180825,-5.50053e-06
31.692,0.16567,0,0.162743,-4.95048e-06
31.694,0.16567,0,0.146468,-4.45543e-06
31.696,0.16567,0,0.131822,-4.00989e-06
31.698,0.16567,0,0.118639,-3.6089e-06
31.7,0.16567,0,0.106776,-3.24801e-06
31.702,0.16567,0,0.096098,-2.92321e-06
31.704,0.16567,0,0.0864882,-2.63089e-06
31.706,0.16567,0,0.0778393,-2.3678e-06
31.708,0.168738,0,0.223453,-2.13102e-06
31.71,0.168738,0,0.201108,-1.91792e-06
31.712,0.168738,0,0.180997,-1.72613e-06
31.714,0.168738,0,0.162898,-1.55351e-06
31.716,0.168738,0,0.146608,-1.39816e-06
31.718,0.168738,0,0.131947,-1.25835e-06
31.72,0.168738,0,0.118752,-1.13251e-06
31.722,0.168738,-0.00306796,0.106877,-0.153399
31.724,0.168738,-0.00306796,0.0961894,-0.138059
31.726,0.168738,-0.00306796,0.0865705,-0.124253
31.728,0.168738,-0.00306796,0.0779134,-0.111828
31.73,0.171806,-0.00306796,0.22352,-0.100645
31.732,0.171806,-0.00306796,0.201168,-0.0905806
31.734,0.171806,-0.00306796,0.181051,-0.0815226
31.736,0.171806,-0.00306796,0.162946,-0.0733703
31.738,0.171806,-0.00306796,0.146652,-0.0660333
31.74,0.171806,-0.00306796,0.131986,-0.05943
31.742,0.171806,-0.00306796,0.118788,-0.053487
31.744,0.171806,-0.00306796,0.106909,-0.0481383
31.746,0.171806,-0.00306796,0.0962181,-0.0433244
31.748,0.174874,-0.00306796,0.239994,-0.038992
31.75,0.174874,-0.00306796,0.215995,-0.0350928
31.752,0.174874,-0.00306796,0.194395,-0.0315835
31.754,0.174874,-0.00306796,0.174956,-0.0284252
31.756,0.174874,-0.00306796,0.15746,-0.0255826
31.758,0.174874,-0.00306796,0.141714,-0.0230244
31.76,0.174874,-0.00306796,0.127543,-0.0207219
31.762,0.174874,-0.00306796,0.114789,-0.0186497
31.764,0.177942,-0.00306796,0.256708,-0.0167848
31.766,0.177942,-0.00306796,0.231037,-0.0151063
31.768,0.177942,-0.00306796,0.207933,-0.0135957
31.77,0.177942,-0.00306796,0.18714,-0.0122361
31.772,0.177942,-0.00306796,0.168426,-0.0110125
31.774,0.177942,-0.00306796,0.151583,-0.00991124
31.776,0.177942,0,0.136425,0.144478
31.778,0.18101,0,0.276181,0.13003
31.78,0.18101,0,0.248563,0.117027
31.782,0.18101,0,0.223706,0.105324
31.784,0.18101,0,0.201336,0.094792
31.786,0.18101,0,0.181202,0.0853128
31.788,0.18101,0,0.163082,0.0767815
31.79,0.18101,0,0.146774,0.0691034
31.792,0.184078,0,0.285494,0.062193
31.794,0.184078,0,0.256945,0.0559737
31.796,0.184078,0,0.23125,0.0503764
31.798,0.184078,0,0.208125,0.0453387
31.8,0.184078,0,0.187313,0.0408048
31.802,0.184078,0,0.168582,0.0367244
31.804,0.184078,0,0.151723,0.0330519
31.806,0.187146,0,0.289949,0.0297467
31.808,0.187146,0,0.260954,0.0267721
31.81,0.187146,0,0.234859,0.0240949
31.812,0.187146,0,0.211373,0.0216854
31.814,0.187146,0,0.190236,0.0195168
31.816,0.187146,0,0.171212,0.0175651
31.818,0.187146,0,0.154091,0.0158086
31.82,0.187146,0,0.138682,0.0142278
31.822,0.187146,0,0.124814,0.012805
31.824,0.187146,0,0.112332,0.0115245
31.826,0.190214,0,0.254497,0.010372
31.828,0.190214,0,0.229047,0.00933484
31.83,0.190214,0,0.206143,0.00840136
31.832,0.190214,0,0.185528,0.00756122
31.834,0.190214,0,0.166976,0.0068051
31.836,0.190214,0,0.150278,0.00612459
31.838,0.190214,0,0.13525,0.00551213
31.84,0.190214,0,0.121725,0.00496092
31.842,0.190214,0,0.109553,0.00446482
31.844,0.190214,0,0.0985974,0.00401834
31.846,0.190214,0,0.0887377,0.00361651
31.848,0.190214,0,0.0798639,0.00325486
31.85,0.193282,0,0.225276,0.00292937
31.852,0.193282,0,0.202748,0.00263643
31.854,0.193282,0,0.182473,0.00237279
31.856,0.193282,0,0.164226,0.00213551
31.858,0.193282,-0.00306796,0.147803,-0.151476
31.86,0.193282,-0.00306796,0.133023,-0.136329
31.862,0.193282,-0.00306796,0.119721,-0.122696
31.864,0.193282,-0.00306796,0.107749,-0.110426
31.866,0.193282,-0.00306796,0.0969737,-0.0993835
31.868,0.193282,-0.00306796,0.0872764,-0.0894451
31.87,0.193282,-0.00306796,0.0785487,-0.0805006
31.872,0.19635,-0.00306796,0.224092,-0.0724506
31.874,0.19635,-0.00306796,0.201683,-0.0652055
31.876,0.19635,-0.00306796,0.181514,-0.058685
31.878,0.19635,-0.00306796,0.163363,-0.0528165
31.88,0.19635,-0.00306796,0.147027,-0.0475348
31.882,0.19635,-0.00306796,0.132324,-0.0427813
31.884,0.19635,-0.00306796,0.119092,-0.0385032
31.886,0.199418,-0.00306796,0.260581,-0.0346529
31.888,0.199418,-0.00306796,0.234523,-0.0311876
31.89,0.199418,-0.00306796,0.21107,-0.0280688
31.892,0.199418,-0.00306796,0.189963,-0.0252619
31.894,0.199418,-0.00306796,0.170967,-0.0227358
31.896,0.199418,0,0.15387,0.132936
31.898,0.199418,0,0.138483,0.119642
31.9,0.202485,0,0.278033,0.107678
31.902,0.202485,0,0.25023,0.0969103
31.904,0.202485,0,0.225207,0.0872192
31.906,0.202485,0,0.202686,0.0784973
31.908,0.202485,0,0.182417,0.0706476
31.91,0.202485,0,0.164176,0.0635828
31.912,0.202485,0,0.147758,0.0572245
31.914,0.202485,0,0.132982,0.0515021
31.916,0.202485,0,0.119684,0.0463519
31.918,0.205553,0,0.261114,0.0417167
31.92,0.205553,0,0.235002,0.037545
31.922,0.205553,0,0.211502,0.0337905
31.924,0.205553,0,0.190352,0.0304115
31.926,0.205553,0,0.171317,0.0273703
31.928,0.205553,0,0.154185,0.0246333
31.93,0.205553,0,0.138767,0.02217
31.932,0.205553,0,0.12489,0.019953
31.934,0.208621,0,0.265799,0.0179577
31.936,0.208621,0,0.239219,0.0161619
31.938,0.208621,0,0.215297,0.0145457
31.94,0.208621,0,0.193767,0.0130911
31.942,0.208621,0,0.174391,0.011782
31.944,0.208621,0,0.156952,0.0106038
31.946,0.208621,0,0.141256,0.00954344
31.948,0.211689,0,0.280529,0.0085891
31.95,0.211689,0,0.252476,0.00773019
31.952,0.211689,0,0.227228,0.00695717
31.954,0.211689,0,0.204506,0.00626145
31.956,0.211689,0,0.184055,0.00563531
31.958,0.211689,0,0.16565,0.00507178
31.96,0.211689,0,0.149085,0.0045646
31.962,0.211689,0,0.134176,0.00410814
31.964,0.211689,0,0.120758,0.00369732
31.966,0.211689,0,0.108683,0.00332759
31.968,0.214757,0,0.251212,0.00299483
31.97,0.214757,0,0.226091,0.00269535
31.972,0.214757,0,0.203482,0.00242581
31.974,0.214757,0,0.183134,0.00218323
31.976,0.214757,0,0.16482,0.00196491
31.978,0.214757,0,0.148338,0.00176842
31.98,0.214757,0,0.133505,0.00159158
31.982,0.214757,0,0.120154,0.00143242
31.984,0.214757,0,0.108139,0.00128918
31.986,0.214757,0,0.0973249,0.00116026
31.988,0.217825,0,0.24099,0.00104423
31.99,0.217825,0,0.216891,0.00093981
31.992,0.217825,0,0.195202,0.000845829
31.994,0.217825,0,0.175682,0.000761246
31.996,0.217825,0.00306796,0.158114,0.154083
31.998,0.217825,0.00306796,0.142302,0.138675
32,0.217825,0.00306796,0.128072,0.124807
32.002,0.217825,0.00306796,0.115265,0.112327
32.004,0.220893,0.00306796,0.257137,0.101094
32.006,0.220893,0.00306796,0.231423,0.0909846
32.008,0.220893,0.00306796,0.208281,0.0818861
32.01,0.220893,0.00306796,0.187453,0.0736975
32.012,0.220893,0.00306796,0.168707,0.0663278
32.014,0.220893,0.00306796,0.151837,0.059695
32.016,0.220893,0.00306796,0.136653,0.0537255
32.018,0.220893,0.00306796,0.122988,0.0483529
32.02,0.220893,0.00306796,0.110689,0.0435176
32.022,0.220893,0.00306796,0.09962,0.0391659
32.024,0.220893,0,0.089658,-0.118149
32.026,0.220893,0,0.0806922,-0.106334
32.028,0.223961,0,0.226021,-0.0957005
32.03,0.223961,0,0.203419,-0.0861305
32.032,0.223961,0,0.183077,-0.0775174
32.034,0.223961,0,0.164769,-0.0697657
32.036,0.223961,0,0.148292,-0.0627891
32.038,0.223961,0,0.133463,-0.0565102
32.04,0.223961,0,0.120117,-0.0508592
32.042,0.223961,0,0.108105,-0.0457733
32.044,0.223961,0,0.0972946,-0.0411959
32.046,0.223961,0,0.0875652,-0.0370763
32.048,0.223961,0,0.0788087,-0.0333687
32.05,0.223961,0,0.0709278,-0.0300318
32.052,0.223961,0,0.063835,-0.0270287
32.054,0.223961,0,0.0574515,-0.0243258
32.056,0.223961,0,0.0517064,-0.0218932
32.058,0.223961,0,0.0465357,-0.0197039
32.06,0.223961,0,0.0418822,-0.0177335
32.062,0.223961,0,0.0376939,-0.0159601
32.064,0.223961,0,0.0339245,-0.0143641
32.066,0.227029,0,0.18393,-0.0129277
32.068,0.227029,0,0.165537,-0.0116349
32.07,0.227029,0,0.148983,-0.0104715
32.072,0.227029,0,0.134085,-0.00942431
32.074,0.227029,0,0.120677,-0.00848188
32.076,0.227029,0,0.108609,-0.00763369
32.078,0.227029,0,0.097748,-0.00687032
32.08,0.227029,0,0.0879732,-0.00618329
32.082,0.227029,0,0.0791759,-0.00556496
32.084,0.227029,0,0.0712583,-0.00500846
32.086,0.227029,0,0.0641325,-0.00450762
32.088,0.227029,0,0.0577192,-0.00405686
32.09,0.227029,-0.00306796,0.0519473,-0.157049
32.092,0.227029,-0.00306796,0.0467526,-0.141344
32.094,0.227029,-0.00306796,0.0420773,-0.12721
32.096,0.227029,-0.00306796,0.0378696,-0.114489
32.098,0.227029,-0.00306796,0.0340826,-0.10304
32.1,0.227029,-0.00306796,0.0306744,-0.092736
32.102,0.227029,-0.00306796,0.0276069,-0.0834624
32.104,0.227029,-0.00306796,0.0248462,-0.0751162
32.106,0.227029,-0.00306796,0.0223616,-0.0676046
32.108,0.227029,-0.00306796,0.0201255,-0.0608441
32.11,0.227029,-0.00306796,0.0181129,-0.0547597
32.112,0.227029,-0.00306796,0.0163016,-0.0492837
32.114,0.227029,-0.00306796,0.0146715,-0.0443553
32.116,0.227029,-0.00306796,0.0132043,-0.0399198
32.118,0.230097,-0.00306796,0.165282,-0.0359278
32.12,0.230097,-0.00306796,0.148754,-0.032335
32.122,0.230097,-0.00306796,0.133878,-0.0291015
32.124,0.230097,-0.00306796,0.120491,-0.0261914
32.126,0.230097,-0.00306796,0.108441,-0.0235722
32.128,0.230097,-0.00306796,0.0975973,-0.021215
32.13,0.230097,-0.00306796,0.0878376,-0.0190935
32.132,0.230097,-0.00306796,0.0790538,-0.0171842
32.134,0.230097,-0.00306796,0.0711485,-0.0154658
32.136,0.230097,-0.00306796,0.0640336,-0.0139192
32.138,0.230097,-0.00306796,0.0576303,-0.0125273
32.14,0.230097,-0.00306796,0.0518672,-0.0112745
32.142,0.233165,-0.00306796,0.200079,-0.0101471
32.144,0.233165,-0.00306796,0.180071,-0.00913237
32.146,0.233165,-0.00306796,0.162064,-0.00821914
32.148,0.233165,-0.00306796,0.145857,-0.00739722
32.15,0.233165,-0.00306796,0.131272,-0.0066575
32.152,0.233165,-0.00306796,0.118144,-0.00599175
32.154,0.233165,-0.00306796,0.10633,-0.00539257
32.156,0.233165,-0.00306796,0.095697,-0.00485332
32.158,0.233165,-0.00306796,0.0861273,-0.00436799
32.16,0.233165,-0.00306796,0.0775145,-0.00393119
32.162,0.236233,-0.00306796,0.223161,-0.00353807
32.164,0.236233,-0.00306796,0.200845,-0.00318426
32.166,0.236233,-0.00306796,0.180761,-0.00286584
32.168,0.236233,-0.00306796,0.162684,-0.00257925
32.17,0.236233,-0.00306796,0.146416,-0.00232133
32.172,0.236233,-0.00306796,0.131774,-0.00208919
32.174,0.236233,-0.00306796,0.118597,-0.00188027
32.176,0.236233,-0.00306796,0.106737,-0.00169225
32.178,0.236233,-0.00306796,0.0960636,-0.00152302
32.18,0.236233,0,0.0864572,0.152027
32.182,0.236233,0,0.0778115,0.136825
32.184,0.239301,0,0.223428,0.123142
32.186,0.239301,0,0.201086,0.110828
32.188,0.239301,0,0.180977,0.0997452
32.19,0.239301,0,0.162879,0.0897706
32.192,0.239301,0,0.146591,0.0807936
32.194,0.239301,0,0.131932,0.0727142
32.196,0.239301,0,0.118739,0.0654428
32.198,0.239301,0,0.106865,0.0588985
32.2,0.239301,0,0.0961786,0.0530087
32.202,0.239301,0,0.0865607,0.0477078
32.204,0.239301,0,0.0779047,0.042937
32.206,0.239301,0,0.0701142,0.0386433
32.208,0.239301,0,0.0631028,0.034779
32.21,0.239301,0,0.0567925,0.0313011
32.212,0.239301,0,0.0511133,0.028171
32.214,0.242369,0,0.1994,0.0253539
32.216,0.242369,0,0.17946,0.0228185
32.218,0.242369,0,0.161514,0.0205366
32.22,0.242369,0,0.145363,0.018483
32.222,0.242369,0,0.130826,0.0166347
32.224,0.242369,0,0.117744,0.0149712
32.226,0.242369,0,0.105969,0.0134741
32.228,0.242369,0,0.0953724,0.0121267
32.23,0.242369,0,0.0858352,0.010914
32.232,0.242369,-0.00306796,0.0772516,-0.143575
32.234,0.242369,-0.00306796,0.0695265,-0.129218
32.236,0.242369,-0.00306796,0.0625738,-0.116296
32.238,0.242369,-0.00306796,0.0563165,-0.104667
32.24,0.242369,-0.00306796,0.0506848,-0.0941999
32.242,0.242369,-0.00306796,0.0456163,-0.0847799
32.244,0.242369,-0.00306796,0.0410547,-0.0763019
32.246,0.242369,-0.00306796,0.0369492,-0.0686717
32.248,0.242369,-0.00306796,0.0332543,-0.0618045
32.25,0.242369,-0.00306796,0.0299289,-0.0556241
32.252,0.242369,-0.00306796,0.026936,-0.0500617
32.254,0.242369,-0.00306796,0.0242424,-0.0450555
32.256,0.245437,-0.00306796,0.175216,-0.04055
32.258,0.245437,-0.00306796,0.157695,-0.036495
32.26,0.245437,-0.00306796,0.141925,-0.0328455
32.262,0.245437,-0.00306796,0.127733,-0.0295609
32.264,0.245437,-0.00306796,0.114959,-0.0266048
32.266,0.245437,-0.00306796,0.103463,-0.0239443
32.268,0.245437,-0.00306796,0.0931171,-0.0215499
32.27,0.245437,-0.00306796,0.0838054,-0.0193949
32.272,0.245437,-0.00306796,0.0754248,-0.0174554
32.274,0.245437,-0.00306796,0.0678824,-0.0157099
32.276,0.245437,-0.00306796,0.0610941,-0.0141389
32.278,0.248505,-0.00306796,0.208383,-0.012725
32.28,0.248505,-0.00306796,0.187545,-0.0114525
32.282,0.248505,-0.00306796,0.16879,-0.0103073
32.284,0.248505,-0.00306796,0.151911,-0.00927653
32.286,0.248505,-0.00306796,0.13672,-0.00834888
32.288,0.248505,-0.00306796,0.123048,-0.00751399
32.29,0.248505,0,0.110743,0.146635
32.292,0.248505,0,0.0996688,0.131972
32.294,0.248505,0,0.089702,0.118775
32.296,0.248505,0,0.0807318,0.106897
32.298,0.248505,0,0.0726586,0.0962075
32.3,0.251573,0,0.218791,0.0865868
32.302,0.251573,0,0.196912,0.0779281
32.304,0.251573,0,0.177221,0.0701353
32.306,0.251573,0,0.159498,0.0631218
32.308,0.251573,0,0.143549,0.0568096
32.31,0.251573,0,0.129194,0.0511286
32.312,0.251573,0,0.116274,0.0460158
32.314,0.251573,0,0.104647,0.0414142
32.316,0.251573,0,0.0941823,0.0372728
32.318,0.251573,0,0.084764,0.0335455
32.32,0.251573,0,0.0762876,0.0301909
32.322,0.251573,0,0.0686589,0.0271719
32.324,0.251573,0,0.061793,0.0244547
32.326,0.251573,0,0.0556137,0.0220092
32.328,0.251573,0,0.0500523,0.0198083
32.33,0.251573,0,0.0450471,0.0178275
32.332,0.251573,0,0.0405424,0.0160447
32.334,0.254641,0,0.189886,0.0144402
32.336,0.254641,0,0.170898,0.0129962
32.338,0.254641,0,0.153808,0.0116966
32.34,0.254641,0,0.138427,0.0105269
32.342,0.254641,0,0.124584,0.00947424
32.344,0.254641,0,0.112126,0.00852682
32.346,0.254641,0,0.100913,0.00767413
32.348,0.254641,0,0.090822,0.00690672
32.35,0.254641,0,0.0817398,0.00621605
32.352,0.254641,0,0.0735658,0.00559444
32.354,0.254641,0,0.0662092,0.005035
32.356,0.254641,0,0.0595883,0.0045315
32.358,0.254641,0,0.0536295,0.00407835
32.36,0.254641,0,0.0482665,0.00367051
32.362,0.254641,0,0.0434399,0.00330346
32.364,0.254641,0,0.0390959,0.00297312
32.366,0.254641,0,0.0351863,0.0026758
32.368,0.257709,0,0.185066,0.00240822
32.37,0.257709,0,0.166559,0.0021674
32.372,0.257709,0,0.149903,0.00195066
32.374,0.257709,0,0.134913,0.0017556
32.376,0.257709,0,0.121422,0.00158004
32.378,0.257709,0,0.109279,0.00142203
32.38,0.257709,0,0.0983515,0.00127983
32.382,0.257709,0,0.0885164,0.00115185
32.384,0.257709,0,0.0796647,0.00103666
32.386,0.257709,0,0.0716983,0.000932995
32.388,0.257709,0,0.0645284,0.000839696
32.39,0.257709,0,0.0580756,0.000755726
32.392,0.257709,0,0.052268,0.000680154
32.394,0.257709,0,0.0470412,0.000612138
32.396,0.257709,0,0.0423371,0.000550925
32.398,0.257709,0,0.0381034,0.000495832
32.4,0.260777,0,0.187691,0.000446249
32.402,0.260777,0,0.168922,0.000401624
32.404,0.260777,0,0.15203,0.000361462
32.406,0.260777,0,0.136827,0.000325315
32.408,0.260777,0,0.123144,0.000292784
32.41,0.260777,0,0.11083,0.000263505
32.412,0.260777,0,0.0997468,0.000237155
32.414,0.260777,0,0.0897721,0.000213439
32.416,0.260777,0,0.0807949,0.000192095
32.418,0.260777,0,0.0727154,0.000172886
32.42,0.260777,0,0.0654439,0.000155597
32.422,0.260777,0,0.0588995,0.000140038
32.424,0.260777,0,0.0530095,0.000126034
32.426,0.260777,0,0.0477086,0.00011343
32.428,0.260777,0,0.0429377,0.000102087
32.43,0.260777,0,0.0386439,9.18787e-05
32.432,0.260777,0,0.0347795,8.26908e-05
32.434,0.260777,0,0.0313016,7.44217e-05
32.436,0.260777,0,0.0281714,6.69796e-05
32.438,0.260777,0,0.0253543,6.02816e-05
32.44,0.260777,0,0.0228189,5.42534e-05
32.442,0.263845,0,0.173935,4.88281e-05
32.444,0.263845,0,0.156542,4.39453e-05
32.446,0.263845,0,0.140887,3.95508e-05
32.448,0.263845,0,0.126799,3.55957e-05
32.45,0.263845,0,0.114119,3.20361e-05
32.452,0.263845,0,0.102707,2.88325e-05
32.454,0.263845,0,0.0924362,2.59493e-05
32.456,0.263845,0,0.0831926,2.33543e-05
32.458,0.263845,0,0.0748733,2.10189e-05
32.46,0.263845,0,0.067386,1.8917e-05
32.462,0.263845,0,0.0606474,1.70253e-05
32.464,0.263845,0,0.0545827,1.53228e-05
32.466,0.263845,0,0.0491244,1.37905e-05
32.468,0.263845,0,0.044212,1.24114e-05
32.47,0.263845,0,0.0397908,1.11703e-05
32.472,0.263845,0,0.0358117,1.00533e-05
32.474,0.263845,0,0.0322305,9.04795e-06
32.476,0.263845,0,0.0290075,8.14315e-06
32.478,0.263845,0,0.0261067,7.32884e-06
32.48,0.263845,0,0.023496,6.59595e-06
32.482,0.263845,0,0.0211464,5.93636e-06
32.484,0.263845,0,0.0190318,5.34272e-06
32.486,0.263845,0,0.0171286,4.80845e-06
32.488,0.263845,0,0.0154158,4.3276e-06
32.49,0.263845,0,0.0138742,3.89484e-06
32.492,0.263845,0,0.0124868,3.50536e-06
32.494,0.263845,0,0.0112381,3.15482e-06
32.496,0.263845,0,0.0101143,2.83934e-06
32.498,0.263845,0,0.00910285,2.55541e-06
32.5,0.263845,0,0.00819256,2.29987e-06
32.502,0.263845,0,0.00737331,2.06988e-06
32.504,0.266913,0,0.160034,1.86289e-06
32.506,0.266913,0,0.144031,1.6766e-06
32.508,0.266913,0,0.129628,1.50894e-06
32.51,0.266913,0,0.116665,1.35805e-06
32.512,0.266913,0,0.104998,1.22224e-06
32.514,0.266913,0,0.0944985,1.10002e-06
32.516,0.266913,0,0.0850487,9.90017e-07
32.518,0.266913,0,0.0765438,8.91015e-07
32.52,0.266913,0,0.0688894,8.01914e-07
32.522,0.266913,0,0.0620005,7.21722e-07
32.524,0.266913,0,0.0558004,6.4955e-07
32.526,0.266913,0,0.0502204,5.84595e-07
32.528,0.266913,0,0.0451983,5.26136e-07
32.53,0.266913,0,0.0406785,4.73522e-07
32.532,0.266913,0,0.0366107,4.2617e-07
32.534,0.266913,0,0.0329496,3.83553e-07
32.536,0.266913,0,0.0296546,3.45198e-07
32.538,0.266913,0,0.0266892,3.10678e-07
32.54,0.266913,0,0.0240203,2.7961e-07
32.542,0.266913,0,0.0216182,2.51649e-07
32.544,0.266913,0,0.0194564,2.26484e-07
32.546,0.266913,0,0.0175108,2.03836e-07
32.548,0.266913,0,0.0157597,1.83452e-07
32.55,0.266913,0,0.0141837,1.65107e-07
32.552,0.266913,0,0.0127653,1.48596e-07
32.554,0.266913,0,0.0114888,1.33737e-07
32.556,0.266913,0,0.0103399,1.20363e-07
32.558,0.266913,0,0.00930594,1.08327e-07
32.56,0.266913,0,0.00837534,9.7494e-08
32.562,0.266913,0,0.00753781,8.77446e-08
32.564,0.266913,0,0.00678403,7.89701e-08
32.566,0.266913,0,0.00610563,7.10731e-08
32.568,0.266913,0,0.00549506,6.39658e-08
32.57,0.266913,0,0.00494556,5.75692e-08
32.572,0.266913,0,0.004451,5.18123e-08
32.574,0.266913,0,0.0040059,4.6631e-08
32.576,0.266913,0,0.00360531,4.19679e-08
32.578,0.266913,0,0.00324478,3.77711e-08
32.58,0.266913,0,0.0029203,3.3994e-08
32.582,0.266913,0,0.00262827,3.05946e-08
32.584,0.266913,0,0.00236544,2.75352e-08
32.586,0.266913,-0.00306796,0.0021289,-0.153398
32.588,0.266913,-0.00306796,0.00191601,-0.138058
32.59,0.266913,-0.00306796,0.00172441,-0.124252
32.592,0.266913,-0.00306796,0.00155197,-0.111827
32.594,0.266913,-0.00306796,0.00139677,-0.100644
32.596,0.266913,-0.00306796,0.00125709,-0.09058
32.598,0.266913,-0.00306796,0.00113138,-0.081522
32.6,0.266913,-0.00306796,0.00101825,-0.0733698
32.602,0.266913,-0.00306796,0.000916422,-0.0660328
32.604,0.266913,0,0.00082478,0.0939685
32.606,0.266913,0,0.000742302,0.0845717
32.608,0.266913,0,0.000668071,0.0761145
32.61,0.266913,0,0.000601264,0.0685031
32.612,0.266913,0,0.000541138,0.0616528
32.614,0.266913,0,0.000487024,0.0554875
32.616,0.266913,0,0.000438322,0.0499387
32.618,0.266913,0,0.00039449,0.0449449
32.62,0.266913,0,0.000355041,0.0404504
32.622,0.266913,0,0.000319536,0.0364053
32.624,0.266913,0,0.000287583,0.0327648
32.626,0.266913,0,0.000258825,0.0294883
32.628,0.266913,0,0.000232942,0.0265395
32.63,0.266913,0,0.000209648,0.0238855
32.632,0.266913,0,0.000188683,0.021497
32.634,0.266913,0,0.000169815,0.0193473
32.636,0.266913,0,0.000152833,0.0174126
32.638,0.266913,0,0.00013755,0.0156713
32.64,0.266913,0,0.000123795,0.0141042
32.642,0.266913,0,0.000111415,0.0126938
32.644,0.266913,0,0.000100274,0.0114244
32.646,0.266913,0,9.02465e-05,0.0102819
32.648,0.266913,0,8.12219e-05,0.00925375
32.65,0.266913,0,7.30997e-05,0.00832837
32.652,0.266913,0,6.57897e-05,0.00749554
32.654,0.266913,0,5.92108e-05,0.00674598
32.656,0.266913,0,5.32897e-05,0.00607138
32.658,0.266913,0,4.79607e-05,0.00546425
32.66,0.266913,0,4.31646e-05,0.00491782
32.662,0.266913,0,3.88482e-05,0.00442604
32.664,0.266913,-0.00306796,3.49634e-05,-0.149415
32.666,0.266913,-0.00306796,3.1467e-05,-0.134473
32.668,0.266913,-0.00306796,2.83203e-05,-0.121026
32.67,0.266913,-0.00306796,2.54883e-05,-0.108923
32.672,0.266913,-0.00306796,2.29395e-05,-0.0980309
32.674,0.266913,-0.00306796,2.06455e-05,-0.0882279
32.676,0.266913,-0.00306796,1.8581e-05,-0.0794051
32.678,0.266913,-0.00306796,1.67229e-05,-0.0714646
32.68,0.266913,-0.00306796,1.50506e-05,-0.0643181
32.682,0.266913,-0.00306796,1.35455e-05,-0.0578863
32.684,0.266913,-0.00306796,1.2191e-05,-0.0520977
32.686,0.266913,0,1.09719e-05,0.10651
32.688,0.266913,0,9.87469e-06,0.0958592
32.69,0.266913,0,8.88722e-06,0.0862732
32.692,0.266913,0,7.9985e-06,0.0776459
32.694,0.266913,0,7.19865e-06,0.0698813
32.696,0.266913,0,6.47878e-06,0.0628932
32.698,0.266913,0,5.8309e-06,0.0566039
32.7,0.266913,0,5.24781e-06,0.0509435
32.702,0.266913,0,4.72303e-06,0.0458491
32.704,0.266913,0,4.25073e-06,0.0412642
32.706,0.266913,0,3.82566e-06,0.0371378
32.708,0.266913,0,3.44309e-06,0.033424
32.71,0.266913,0,3.09878e-06,0.0300816
32.712,0.266913,0,2.7889e-06,0.0270735
32.714,0.266913,0,2.51001e-06,0.0243661
32.716,0.266913,0,2.25901e-06,0.0219295
32.718,0.266913,0,2.03311e-06,0.0197366
32.72,0.266913,0,1.8298e-06,0.0177629
32.722,0.266913,0,1.64682e-06,0.0159866
32.724,0.266913,0,1.48214e-06,0.0143879
32.726,0.266913,0,1.33392e-06,0.0129492
32.728,0.266913,0,1.20053e-06,0.0116542
32.73,0.266913,0,1.08048e-06,0.0104888
32.732,0.266913,0,9.7243e-07,0.00943993
32.734,0.266913,0,8.75187e-07,0.00849594
32.736,0.266913,0,7.87669e-07,0.00764634
32.738,0.266913,0,7.08902e-07,0.00688171
32.74,0.266913,0,6.38012e-07,0.00619354
32.742,0.266913,0,5.7421e-07,0.00557419
32.744,0.266913,0,5.16789e-07,0.00501677
32.746,0.266913,0,4.6511e-07,0.00451509
32.748,0.266913,0,4.18599e-07,0.00406358
32.75,0.266913,0,3.76739e-07,0.00365722
32.752,0.266913,0,3.39065e-07,0.0032915
32.754,0.266913,0,3.05159e-07,0.00296235
32.756,0.266913,0,2.74643e-07,0.00266612
32.758,0.266913,0,2.47179e-07,0.0023995
32.76,0.266913,0,2.22461e-07,0.00215955
32.762,0.266913,0,2.00215e-07,0.0019436
32.764,0.266913,0,1.80193e-07,0.00174924
32.766,0.266913,0,1.62174e-07,0.00157431
32.768,0.266913,0,1.45957e-07,0.00141688
32.77,0.266913,-0.00306796,1.31361e-07,-0.152123
32.772,0.266913,-0.00306796,1.18225e-07,-0.136911
32.774,0.266913,-0.00306796,1.06402e-07,-0.12322
32.776,0.266913,-0.00306796,9.57621e-08,-0.110898
32.778,0.266913,-0.00306796,8.61859e-08,-0.0998078
32.78,0.266913,-0.00306796,7.75673e-08,-0.089827
32.782,0.266913,-0.00306796,6.98106e-08,-0.0808443
32.784,0.266913,0,6.28295e-08,0.0806382
32.786,0.266913,0,5.65466e-08,0.0725744
32.788,0.266913,0,5.08919e-08,0.0653169
32.79,0.266913,0,4.58027e-08,0.0587852
32.792,0.266913,0,4.12224e-08,0.0529067
32.794,0.266913,0,3.71002e-08,0.047616
32.796,0.266913,0,3.33902e-08,0.0428544
32.798,0.266913,0,3.00512e-08,0.038569
32.8,0.266913,0,2.7046e-08,0.0347121
32.802,0.266913,0,2.43414e-08,0.0312409
32.804,0.266913,0,2.19073e-08,0.0281168
32.806,0.266913,0,1.97166e-08,0.0253051
32.808,0.266913,0,1.77449e-08,0.0227746
32.81,0.266913,0,1.59704e-08,0.0204971
32.812,0.266913,0,1.43734e-08,0.0184474
32.814,0.266913,0,1.2936e-08,0.0166027
32.816,0.266913,0,1.16424e-08,0.0149424
32.818,0.266913,0,1.04782e-08,0.0134482
32.82,0.266913,0,9.43037e-09,0.0121034
32.822,0.266913,0,8.48733e-09,0.010893
32.824,0.266913,0,7.6386e-09,0.00980372
32.826,0.266913,0,6.87474e-09,0.00882335
32.828,0.266913,0,6.18727e-09,0.00794101
32.83,0.266913,0,5.56854e-09,0.00714691
32.832,0.266913,0,5.01169e-09,0.00643222
32.834,0.266913,0,4.51052e-09,0.005789
32.836,0.266913,0,4.05947e-09,0.0052101
32.838,0.266913,0,3.65352e-09,0.00468909
32.84,0.266913,0,3.28817e-09,0.00422018
32.842,0.266913,0,2.95935e-09,0.00379816
32.844,0.266913,0,2.66341e-09,0.00341835
32.846,0.266913,0,2.39707e-09,0.00307651
32.848,0.266913,0,2.15737e-09,0.00276886
32.85,0.266913,0,1.94163e-09,0.00249197
32.852,0.266913,0,1.74746e-09,0.00224278
32.854,0.266913,0,1.57272e-09,0.0020185
32.856,0.266913,0,1.41545e-09,0.00181665
32.858,0.263845,0,-0.153398,0.00163498
32.86,0.263845,0,-0.138058,0.00147149
32.862,0.263845,0,-0.124252,0.00132434
32.864,0.263845,0,-0.111827,0.0011919
32.866,0.263845,0,-0.100644,0.00107271
32.868,0.263845,0,-0.09058,0.000965442
32.87,0.263845,0.00306796,-0.081522,0.154267
32.872,0.263845,0.00306796,-0.0733698,0.13884
32.874,0.263845,0.00306796,-0.0660328,0.124956
32.876,0.263845,0.00306796,-0.0594296,0.112461
32.878,0.263845,0.00306796,-0.0534866,0.101215
32.88,0.263845,0.00306796,-0.0481379,0.0910931
32.882,0.263845,0.00306796,-0.0433241,0.0819838
32.884,0.263845,0.00306796,-0.0389917,0.0737854
32.886,0.263845,0.00306796,-0.0350926,0.0664069
32.888,0.263845,0.00306796,-0.0315833,0.0597662
32.89,0.263845,0.00306796,-0.028425,0.0537896
32.892,0.263845,0.00306796,-0.0255825,0.0484106
32.894,0.263845,0.00306796,-0.0230242,0.0435696
32.896,0.263845,0,-0.0207218,-0.114185
32.898,0.263845,0,-0.0186496,-0.102767
32.9,0.263845,0,-0.0167847,-0.0924902
32.902,0.263845,0,-0.0151062,-0.0832412
32.904,0.263845,0,-0.0135956,-0.0749171
32.906,0.263845,0,-0.012236,-0.0674254
32.908,0.260777,0,-0.16441,-0.0606828
32.91,0.260777,0,-0.147969,-0.0546146
32.912,0.260777,0,-0.133173,-0.0491531
32.914,0.260777,0,-0.119855,-0.0442378
32.916,0.260777,0,-0.10787,-0.039814
32.918,0.260777,0,-0.0970828,-0.0358326
32.92,0.260777,0,-0.0873745,-0.0322494
32.922,0.260777,0,-0.078637,-0.0290244
32.924,0.260777,0,-0.0707733,-0.026122
32.926,0.260777,0,-0.063696,-0.0235098
32.928,0.260777,0,-0.0573264,-0.0211588
32.93,0.260777,0,-0.0515938,-0.0190429
32.932,0.260777,0,-0.0464344,-0.0171386
32.934,0.260777,0,-0.0417909,-0.0154248
32.936,0.260777,0,-0.0376118,-0.0138823
32.938,0.260777,0,-0.0338507,-0.0124941
32.94,0.257709,0,-0.183864,-0.0112447
32.942,0.257709,0,-0.165477,-0.0101202
32.944,0.257709,0,-0.14893,-0.00910817
32.946,0.257709,0,-0.134037,-0.00819735
32.948,0.257709,0,-0.120633,-0.00737762
32.95,0.257709,0,-0.10857,-0.00663986
32.952,0.257709,0,-0.0977127,-0.00597587
32.954,0.257709,0,-0.0879414,-0.00537828
32.956,0.257709,0,-0.0791473,-0.00484045
32.958,0.257709,0,-0.0712326,-0.00435641
32.96,0.257709,0,-0.0641093,-0.00392077
32.962,0.257709,-0.00306796,-0.0576984,-0.156927
32.964,0.257709,-0.00306796,-0.0519285,-0.141234
32.966,0.254641,-0.00306796,-0.200134,-0.127111
32.968,0.254641,-0.00306796,-0.18012,-0.1144
32.97,0.254641,-0.00306796,-0.162108,-0.10296
32.972,0.254641,-0.00306796,-0.145898,-0.0926637
32.974,0.254641,-0.00306796,-0.131308,-0.0833973
32.976,0.254641,-0.00306796,-0.118177,-0.0750576
32.978,0.254641,-0.00306796,-0.106359,-0.0675518
32.98,0.254641,-0.00306796,-0.0957234,-0.0607966
32.982,0.254641,-0.00306796,-0.086151,-0.054717
32.984,0.254641,0,-0.0775359,0.104153
32.986,0.254641,0,-0.0697823,0.0937375
32.988,0.254641,0,-0.0628041,0.0843638
32.99,0.254641,0,-0.0565237,0.0759274
32.992,0.254641,0,-0.0508713,0.0683346
32.994,0.254641,0,-0.0457842,0.0615012
32.996,0.254641,0,-0.0412058,0.0553511
32.998,0.254641,0,-0.0370852,0.049816
33,0.254641,0,-0.0333767,0.0448344
33.002,0.254641,0,-0.030039,0.0403509
33.004,0.254641,0,-0.0270351,0.0363158
33.006,0.254641,0,-0.0243316,0.0326843
33.008,0.254641,0,-0.0218984,0.0294158
33.01,0.254641,0,-0.0197086,0.0264742
33.012,0.254641,0,-0.0177377,0.0238268
33.014,0.254641,0,-0.015964,0.0214441
33.016,0.254641,0,-0.0143676,0.0192997
33.018,0.254641,0,-0.0129308,0.0173698
33.02,0.254641,0,-0.0116377,0.0156328
33.022,0.254641,0,-0.010474,0.0140695
33.024,0.251573,0,-0.162825,0.0126625
33.026,0.251573,0,-0.146542,0.0113963
33.028,0.251573,0,-0.131888,0.0102567
33.03,0.251573,0,-0.118699,0.009231
33.032,0.251573,0,-0.106829,0.0083079
33.034,0.251573,0,-0.0961463,0.00747711
33.036,0.251573,0,-0.0865317,0.0067294
33.038,0.251573,0,-0.0778785,0.00605646
33.04,0.251573,0,-0.0700907,0.00545081
33.042,0.251573,0,-0.0630816,0.00490573
33.044,0.251573,0,-0.0567734,0.00441516
33.046,0.251573,0,-0.0510961,0.00397364
33.048,0.251573,0,-0.0459865,0.00357628
33.05,0.251573,0,-0.0413878,0.00321865
33.052,0.251573,0,-0.0372491,0.00289678
33.054,0.251573,0.00306796,-0.0335241,0.156005
33.056,0.251573,0.00306796,-0.0301717,0.140405
33.058,0.251573,0.00306796,-0.0271546,0.126364
33.06,0.251573,0.00306796,-0.0244391,0.113728
33.062,0.251573,0.00306796,-0.0219952,0.102355
33.064,0.251573,0.00306796,-0.0197957,0.0921195
33.066,0.251573,0.00306796,-0.0178161,0.0829076
33.068,0.251573,0.00306796,-0.0160345,0.0746168
33.07,0.248505,0.00306796,-0.167829,0.0671551
33.072,0.248505,0.00306796,-0.151046,0.0604396
33.074,0.248505,0.00306796,-0.135942,0.0543956
33.076,0.248505,0.00306796,-0.122347,0.0489561
33.078,0.248505,0,-0.110113,-0.109338
33.08,0.248505,0,-0.0991014,-0.0984038
33.082,0.248505,0,-0.0891913,-0.0885635
33.084,0.248505,0,-0.0802722,-0.0797071
33.086,0.248505,0,-0.0722449,-0.0717364
33.088,0.245437,0,-0.218419,-0.0645628
33.09,0.245437,0,-0.196577,-0.0581065
33.092,0.245437,0,-0.176919,-0.0522958
33.094,0.245437,0,-0.159227,-0.0470663
33.096,0.245437,0,-0.143304,-0.0423596
33.098,0.245437,0,-0.128974,-0.0381237
33.1,0.245437,0,-0.116077,-0.0343113
33.102,0.242369,0,-0.257867,-0.0308802
33.104,0.242369,0,-0.23208,-0.0277922
33.106,0.242369,0,-0.208872,-0.0250129
33.108,0.242369,0,-0.187985,-0.0225116
33.11,0.242369,0,-0.169187,-0.0202605
33.112,0.242369,0,-0.152268,-0.0182344
33.114,0.242369,-0.00306796,-0.137041,-0.169809
33.116,0.239301,-0.00306796,-0.276735,-0.152828
33.118,0.239301,-0.00306796,-0.249062,-0.137545
33.12,0.239301,-0.00306796,-0.224155,-0.123791
33.122,0.239301,-0.00306796,-0.20174,-0.111412
33.124,0.239301,-0.00306796,-0.181566,-0.100271
33.126,0.239301,-0.00306796,-0.163409,-0.0902435
33.128,0.239301,-0.00306796,-0.147068,-0.0812192
33.13,0.239301,-0.00306796,-0.132362,-0.0730972
33.132,0.239301,-0.00306796,-0.119125,-0.0657875
33.134,0.236233,-0.00306796,-0.260611,-0.0592088
33.136,0.236233,-0.00306796,-0.23455,-0.0532879
33.138,0.236233,-0.00306796,-0.211095,-0.0479591
33.14,0.236233,-0.00306796,-0.189985,-0.0431632
33.142,0.236233,-0.00306796,-0.170987,-0.0388469
33.144,0.236233,-0.00306796,-0.153888,-0.0349622
33.146,0.236233,-0.00306796,-0.138499,-0.031466
33.148,0.236233,-0.00306796,-0.124649,-0.0283194
33.15,0.236233,-0.00306796,-0.112184,-0.0254874
33.152,0.236233,-0.00306796,-0.100966,-0.0229387
33.154,0.236233,-0.00306796,-0.0908694,-0.0206448
33.156,0.233165,-0.00306796,-0.235181,-0.0185803
33.158,0.233165,-0.00306796,-0.211662,-0.0167223
33.16,0.233165,-0.00306796,-0.190496,-0.0150501
33.162,0.233165,-0.00306796,-0.171447,-0.0135451
33.164,0.233165,-0.00306796,-0.154302,-0.0121906
33.166,0.233165,-0.00306796,-0.138872,-0.0109715
33.168,0.233165,-0.00306796,-0.124985,-0.00987435
33.17,0.233165,-0.00306796,-0.112486,-0.00888692
33.172,0.233165,-0.00306796,-0.101238,-0.00799823
33.174,0.230097,-0.00306796,-0.244512,-0.0071984
33.176,0.230097,-0.00306796,-0.220061,-0.00647856
33.178,0.230097,-0.00306796,-0.198055,-0.00583071
33.18,0.230097,-0.00306796,-0.178249,-0.00524764
33.182,0.230097,-0.00306796,-0.160424,-0.00472287
33.184,0.230097,-0.00306796,-0.144382,-0.00425059
33.186,0.230097,-0.00306796,-0.129944,-0.00382553
33.188,0.230097,-0.00306796,-0.116949,-0.00344297
33.19,0.230097,-0.00306796,-0.105254,-0.00309868
33.192,0.230097,-0.00306796,-0.0947289,-0.00278881
33.194,0.227029,-0.00306796,-0.238654,-0.00250993
33.196,0.227029,-0.00306796,-0.214789,-0.00225894
33.198,0.227029,-0.00613592,-0.19331,-0.155431
33.2,0.227029,-0.00613592,-0.173979,-0.139888
33.202,0.227029,-0.00613592,-0.156581,-0.125899
33.204,0.227029,-0.00613592,-0.140923,-0.113309
33.206,0.227029,-0.00613592,-0.126831,-0.101978
33.208,0.227029,-0.00613592,-0.114148,-0.0917805
33.21,0.227029,-0.00613592,-0.102733,-0.0826025
33.212,0.227029,-0.00613592,-0.0924595,-0.0743422
33.214,0.227029,-0.00613592,-0.0832135,-0.066908
33.216,0.227029,-0.00613592,-0.0748922,-0.0602172
33.218,0.227029,-0.00306796,-0.067403,0.0992026
33.22,0.227029,-0.00306796,-0.0606627,0.0892823
33.222,0.227029,-0.00306796,-0.0545964,0.0803541
33.224,0.227029,-0.00306796,-0.0491368,0.0723187
33.226,0.227029,-0.00306796,-0.0442231,0.0650868
33.228,0.227029,-0.00306796,-0.0398008,0.0585781
33.23,0.227029,-0.00306796,-0.0358207,0.0527203
33.232,0.227029,-0.00306796,-0.0322386,0.0474483
33.234,0.227029,-0.00306796,-0.0290148,0.0427035
33.236,0.227029,-0.00306796,-0.0261133,0.0384331
33.238,0.227029,-0.00306796,-0.023502,0.0345898
33.24,0.227029,-0.00306796,-0.0211518,0.0311308
33.242,0.227029,-0.00306796,-0.0190366,0.0280177
33.244,0.227029,-0.00306796,-0.0171329,0.025216
33.246,0.223961,-0.00306796,-0.168818,0.0226944
33.248,0.223961,-0.00306796,-0.151936,0.0204249
33.25,0.223961,-0.00306796,-0.136742,0.0183824
33.252,0.223961,-0.00306796,-0.123068,0.0165442
33.254,0.223961,0,-0.110761,0.168288
33.256,0.223961,0,-0.0996852,0.151459
33.258,0.223961,0,-0.0897167,0.136313
33.26,0.223961,0,-0.080745,0.122682
33.262,0.223961,0,-0.0726705,0.110414
33.264,0.223961,0,-0.0654034,0.0993723
33.266,0.223961,0,-0.0588631,0.0894351
33.268,0.223961,0,-0.0529768,0.0804916
33.27,0.223961,0,-0.0476791,0.0724424
33.272,0.223961,0,-0.0429112,0.0651982
33.274,0.223961,0,-0.0386201,0.0586783
33.276,0.223961,0,-0.0347581,0.0528105
33.278,0.223961,0,-0.0312823,0.0475295
33.28,0.223961,0,-0.028154,0.0427765
33.282,0.223961,0,-0.0253386,0.0384989
33.284,0.223961,0,-0.0228048,0.034649
33.286,0.223961,0,-0.0205243,0.0311841
33.288,0.223961,0,-0.0184719,0.0280657
33.29,0.220893,0,-0.170023,0.0252591
33.292,0.220893,0,-0.15302,0.0227332
33.294,0.220893,0,-0.137718,0.0204599
33.296,0.220893,0,-0.123947,0.0184139
33.298,0.220893,0,-0.111552,0.0165725
33.3,0.220893,0,-0.100397,0.0149152
33.302,0.220893,0,-0.0903571,0.0134237
33.304,0.220893,0,-0.0813214,0.0120814
33.306,0.220893,0,-0.0731892,0.0108732
33.308,0.217825,0,-0.219268,0.00978589
33.31,0.217825,0,-0.197342,0.00880731
33.312,0.217825,0,-0.177607,0.00792657
33.314,0.217825,0,-0.159847,0.00713392
33.316,0.217825,0,-0.143862,0.00642053
33.318,0.217825,0,-0.129476,0.00577847
33.32,0.217825,0,-0.116528,0.00520063
33.322,0.217825,0,-0.104875,0.00468056
33.324,0.214757,0,-0.247786,0.00421251
33.326,0.214757,-0.00306796,-0.223007,-0.149607
33.328,0.214757,-0.00306796,-0.200707,-0.134646
33.33,0.214757,-0.00306796,-0.180636,-0.121182
33.332,0.214757,-0.00306796,-0.162572,-0.109063
33.334,0.214757,-0.00306796,-0.146315,-0.098157
33.336,0.214757,-0.00306796,-0.131684,-0.0883413
33.338,0.214757,-0.00306796,-0.118515,-0.0795072
33.34,0.211689,-0.00306796,-0.260062,-0.0715565
33.342,0.211689,-0.00306796,-0.234056,-0.0644008
33.344,0.211689,-0.00306796,-0.21065,-0.0579607
33.346,0.211689,-0.00306796,-0.189585,-0.0521647
33.348,0.211689,-0.00306796,-0.170627,-0.0469482
33.35,0.211689,-0.00306796,-0.153564,-0.0422534
33.352,0.211689,-0.00306796,-0.138208,-0.038028
33.354,0.211689,-0.00306796,-0.124387,-0.0342252
33.356,0.211689,-0.00306796,-0.111948,-0.0308027
33.358,0.208621,-0.00306796,-0.254151,-0.0277224
33.36,0.208621,-0.00306796,-0.228736,-0.0249502
33.362,0.208621,-0.00306796,-0.205863,-0.0224552
33.364,0.208621,-0.00306796,-0.185276,-0.0202097
33.366,0.208621,-0.00613592,-0.166749,-0.171587
33.368,0.208621,-0.00613592,-0.150074,-0.154428
33.37,0.208621,-0.00613592,-0.135066,-0.138985
33.372,0.208621,-0.00613592,-0.12156,-0.125087
33.374,0.205553,-0.00613592,-0.262802,-0.112578
33.376,0.205553,-0.00613592,-0.236522,-0.10132
33.378,0.205553,-0.00613592,-0.21287,-0.0911882
33.38,0.205553,-0.00613592,-0.191583,-0.0820694
33.382,0.205553,-0.00613592,-0.172424,-0.0738625
33.384,0.205553,-0.00613592,-0.155182,-0.0664762
33.386,0.205553,-0.00613592,-0.139664,-0.0598286
33.388,0.205553,-0.00613592,-0.125697,-0.0538457
33.39,0.205553,-0.00613592,-0.113128,-0.0484612
33.392,0.205553,-0.00613592,-0.101815,-0.0436151
33.394,0.205553,-0.00613592,-0.0916334,-0.0392536
33.396,0.205553,-0.00613592,-0.08247,-0.0353282
33.398,0.205553,-0.00306796,-0.074223,0.121603
33.4,0.205553,-0.00306796,-0.0668007,0.109442
33.402,0.205553,-0.00306796,-0.0601206,0.0984982
33.404,0.205553,-0.00306796,-0.0541086,0.0886484
33.406,0.205553,-0.00306796,-0.0486977,0.0797835
33.408,0.205553,-0.00306796,-0.043828,0.0718052
33.41,0.202485,-0.00306796,-0.192843,0.0646247
33.412,0.202485,-0.00306796,-0.173559,0.0581622
33.414,0.202485,-0.00306796,-0.156203,0.052346
33.416,0.202485,-0.00306796,-0.140583,0.0471114
33.418,0.202485,-0.00306796,-0.126524,0.0424002
33.42,0.202485,-0.00306796,-0.113872,0.0381602
33.422,0.202485,-0.00306796,-0.102485,0.0343442
33.424,0.202485,-0.00306796,-0.0922363,0.0309098
33.426,0.202485,-0.00306796,-0.0830127,0.0278188
33.428,0.202485,-0.00306796,-0.0747114,0.0250369
33.43,0.202485,-0.00306796,-0.0672403,0.0225332
33.432,0.202485,-0.00306796,-0.0605163,0.0202799
33.434,0.202485,-0.00306796,-0.0544646,0.0182519
33.436,0.202485,-0.00306796,-0.0490182,0.0164267
33.438,0.202485,-0.00306796,-0.0441163,0.014784
33.44,0.202485,-0.00306796,-0.0397047,0.0133056
33.442,0.202485,-0.00306796,-0.0357342,0.0119751
33.444,0.202485,-0.00306796,-0.0321608,0.0107776
33.446,0.202485,-0.00306796,-0.0289447,0.00969982
33.448,0.199418,-0.00306796,-0.179448,0.00872983
33.45,0.199418,-0.00306796,-0.161504,0.00785685
33.452,0.199418,-0.00306796,-0.145353,0.00707117
33.454,0.199418,-0.00306796,-0.130818,0.00636405
33.456,0.199418,-0.00306796,-0.117736,0.00572764
33.458,0.199418,-0.00306796,-0.105962,0.00515488
33.46,0.199418,-0.00306796,-0.0953662,0.00463939
33.462,0.199418,-0.00306796,-0.0858296,0.00417545
33.464,0.199418,-0.00306796,-0.0772466,0.00375791
33.466,0.199418,-0.00306796,-0.069522,0.00338212
33.468,0.199418,-0.00306796,-0.0625698,0.0030439
33.47,0.199418,-0.00306796,-0.0563128,0.00273951
33.472,0.199418,-0.00306796,-0.0506815,0.00246556
33.474,0.199418,-0.00306796,-0.0456134,0.00221901
33.476,0.199418,-0.00306796,-0.041052,0.00199711
33.478,0.199418,-0.00306796,-0.0369468,0.0017974
33.48,0.199418,-0.00306796,-0.0332521,0.00161766
33.482,0.199418,-0.00306796,-0.0299269,0.00145589
33.484,0.199418,0,-0.0269342,0.154708
33.486,0.199418,0,-0.0242408,0.139238
33.488,0.199418,0,-0.0218167,0.125314
33.49,0.199418,0,-0.0196351,0.112782
33.492,0.199418,0,-0.0176716,0.101504
33.494,0.199418,0,-0.0159044,0.0913538
33.496,0.199418,0,-0.014314,0.0822184
33.498,0.199418,0,-0.0128826,0.0739965
33.5,0.199418,0,-0.0115943,0.0665969
33.502,0.199418,0,-0.0104349,0.0599372
33.504,0.19635,0,-0.162789,0.0539435
33.506,0.19635,0,-0.146511,0.0485491
33.508,0.19635,0,-0.131859,0.0436942
33.51,0.19635,0,-0.118674,0.0393248
33.512,0.19635,0,-0.106806,0.0353923
33.514,0.19635,0,-0.0961256,0.0318531
33.516,0.19635,0,-0.086513,0.0286678
33.518,0.19635,0,-0.0778617,0.025801
33.52,0.19635,0,-0.0700755,0.0232209
33.522,0.19635,0,-0.063068,0.0208988
33.524,0.19635,0,-0.0567612,0.0188089
33.526,0.19635,0,-0.0510851,0.016928
33.528,0.193282,0,-0.199375,0.0152352
33.53,0.193282,0,-0.179437,0.0137117
33.532,0.193282,0,-0.161493,0.0123405
33.534,0.193282,0,-0.145344,0.0111065
33.536,0.193282,0,-0.13081,0.00999584
33.538,0.193282,0,-0.117729,0.00899625
33.54,0.193282,0,-0.105956,0.00809663
33.542,0.193282,0,-0.0953603,0.00728696
33.544,0.190214,0,-0.239222,0.00655827
33.546,0.190214,0,-0.2153,0.00590244
33.548,0.190214,-0.00306796,-0.19377,-0.148086
33.55,0.190214,-0.00306796,-0.174393,-0.133277
33.552,0.190214,-0.00306796,-0.156954,-0.11995
33.554,0.190214,-0.00306796,-0.141258,-0.107955
33.556,0.190214,-0.00306796,-0.127133,-0.0971591
33.558,0.190214,-0.00306796,-0.114419,-0.0874432
33.56,0.190214,-0.00306796,-0.102977,-0.0786989
33.562,0.187146,-0.00306796,-0.246078,-0.070829
33.564,0.187146,-0.00306796,-0.22147,-0.0637461
33.566,0.187146,-0.00306796,-0.199323,-0.0573715
33.568,0.187146,-0.00306796,-0.179391,-0.0516344
33.57,0.187146,-0.00306796,-0.161452,-0.0464709
33.572,0.187146,-0.00306796,-0.145306,-0.0418238
33.574,0.187146,-0.00306796,-0.130776,-0.0376414
33.576,0.187146,-0.00306796,-0.117698,-0.0338773
33.578,0.187146,-0.00306796,-0.105928,-0.0304896
33.58,0.187146,-0.00306796,-0.0953355,-0.0274406
33.582,0.187146,-0.00306796,-0.085802,-0.0246966
33.584,0.187146,-0.00306796,-0.0772218,-0.0222269
33.586,0.184078,-0.00306796,-0.222898,-0.0200042
33.588,0.184078,-0.00306796,-0.200608,-0.0180038
33.59,0.184078,-0.00306796,-0.180547,-0.0162034
33.592,0.184078,-0.00306796,-0.162492,-0.0145831
33.594,0.184078,-0.00306796,-0.146243,-0.0131248
33.596,0.184078,-0.00306796,-0.131619,-0.0118123
33.598,0.184078,-0.00306796,-0.118457,-0.0106311
33.6,0.184078,-0.00306796,-0.106611,-0.00956795
33.602,0.184078,-0.00306796,-0.0959501,-0.00861116
33.604,0.184078,-0.00306796,-0.0863551,-0.00775004
33.606,0.184078,-0.00306796,-0.0777196,-0.00697504
33.608,0.18101,-0.00306796,-0.223346,-0.00627753
33.61,0.18101,-0.00306796,-0.201011,-0.00564978
33.612,0.18101,-0.00306796,-0.18091,-0.0050848
33.614,0.18101,-0.00306796,-0.162819,-0.00457632
33.616,0.18101,-0.00306796,-0.146537,-0.00411869
33.618,0.18101,-0.00306796,-0.131883,-0.00370682
33.62,0.18101,-0.00306796,-0.118695,-0.00333614
33.622,0.18101,-0.00306796,-0.106826,-0.00300252
33.624,0.18101,-0.00306796,-0.096143,-0.00270227
33.626,0.18101,-0.00306796,-0.0865287,-0.00243204
33.628,0.18101,-0.00306796,-0.0778758,-0.00218884
33.63,0.18101,-0.00306796,-0.0700883,-0.00196996
33.632,0.18101,-0.00306796,-0.0630794,-0.00177296
33.634,0.18101,-0.00306796,-0.0567715,-0.00159566
33.636,0.177942,-0.00306796,-0.204492,-0.0014361
33.638,0.177942,-0.00306796,-0.184043,-0.00129249
33.64,0.177942,-0.00306796,-0.165639,-0.00116324
33.642,0.177942,-0.00306796,-0.149075,-0.00104692
33.644,0.177942,-0.00306796,-0.134167,-0.000942224
33.646,0.177942,-0.00306796,-0.120751,-0.000848001
33.648,0.177942,-0.00306796,-0.108676,-0.000763201
33.65,0.177942,-0.00306796,-0.0978081,-0.000686881
33.652,0.177942,-0.00306796,-0.0880273,-0.000618193
33.654,0.177942,-0.00306796,-0.0792246,-0.000556374
33.656,0.177942,-0.00306796,-0.0713021,-0.000500736
33.658,0.177942,-0.00306796,-0.0641719,-0.000450663
33.66,0.177942,-0.00306796,-0.0577547,-0.000405596
33.662,0.177942,-0.00306796,-0.0519792,-0.000365037
33.664,0.177942,-0.00306796,-0.0467813,-0.000328533
33.666,0.177942,-0.00306796,-0.0421032,-0.00029568
33.668,0.177942,-0.00306796,-0.0378929,-0.000266112
33.67,0.177942,-0.00306796,-0.0341036,-0.000239501
33.672,0.177942,-0.00306796,-0.0306932,-0.000215551
33.674,0.177942,-0.00306796,-0.0276239,-0.000193996
33.676,0.174874,-0.00306796,-0.17826,-0.000174596
33.678,0.174874,-0.00306796,-0.160434,-0.000157136
33.68,0.174874,-0.00306796,-0.14439,-0.000141423
33.682,0.174874,-0.00306796,-0.129951,-0.00012728
33.684,0.174874,-0.00306796,-0.116956,-0.000114552
33.686,0.174874,-0.00306796,-0.105261,-0.000103097
33.688,0.174874,-0.00306796,-0.0947345,-9.27875e-05
33.69,0.174874,-0.00306796,-0.085261,-8.35087e-05
33.692,0.174874,-0.00306796,-0.0767349,-7.51578e-05
33.694,0.174874,-0.00306796,-0.0690614,-6.76421e-05
33.696,0.174874,-0.00306796,-0.0621553,-6.08779e-05
33.698,0.174874,-0.00306796,-0.0559397,-5.47901e-05
33.7,0.174874,-0.00306796,-0.0503458,-4.93111e-05
33.702,0.174874,-0.00306796,-0.0453112,-4.438e-05
33.704,0.174874,-0.00306796,-0.0407801,-3.9942e-05
33.706,0.174874,-0.00306796,-0.0367021,-3.59478e-05
33.708,0.174874,-0.00306796,-0.0330319,-3.2353e-05
33.71,0.174874,-0.00306796,-0.0297287,-2.91177e-05
33.712,0.174874,-0.00306796,-0.0267558,-2.62059e-05
33.714,0.174874,0,-0.0240802,0.153374
33.716,0.174874,0,-0.0216722,0.138037
33.718,0.174874,0,-0.019505,0.124233
33.72,0.174874,0,-0.0175545,0.11181
33.722,0.174874,0,-0.015799,0.100629
