"Time","state"
0,-0,-3.14159,0,0
0.002,-0,-3.14159,0,0
0.004,-0,-3.14159,0,0
0.006,-0,-3.14159,0,0
0.008,-0,-3.14159,0,0
0.01,-0,-3.14159,0,0
0.012,-0,-3.14159,0,0
0.014,-0,-3.14159,0,0
0.016,-0,-3.14159,0,0
0.018,-0,-3.14159,0,0
0.02,-0,-3.14159,0,0
0.022,-0,-3.14159,0,0
0.024,-0,-3.14159,0,0
0.026,-0,-3.14159,0,0
0.028,-0,-3.14159,0,0
0.03,-0,-3.14159,0,0
0.032,-0,-3.14159,0,0
0.034,-0,-3.14159,0,0
0.036,-0,-3.14159,0,0
0.038,-0,-3.14159,0,0
0.04,-0,-3.14159,0,0
0.042,-0,-3.14159,0,0
0.044,-0,-3.14159,0,0
0.046,-0,-3.14159,0,0
0.048,-0,-3.14159,0,0
0.05,-0,-3.14159,0,0
0.052,-0,-3.14159,0,0
0.054,-0,-3.14159,0,0
0.056,-0,-3.14159,0,0
0.058,-0,-3.14159,0,0
0.06,-0,-3.14159,0,0
0.062,-0,-3.14159,0,0
0.064,-0,-3.14159,0,0
0.066,-0,-3.14159,0,0
0.068,-0,-3.14159,0,0
0.07,-0,-3.14159,0,0
0.072,-0,-3.14159,0,0
0.074,-0,-3.14159,0,0
0.076,-0,-3.14159,0,0
0.078,-0,-3.14159,0,0
0.08,-0,-3.14159,0,0
0.082,-0,-3.14159,0,0
0.084,-0,-3.14159,0,0
0.086,-0,-3.14159,0,0
0.088,-0,-3.14159,0,0
0.09,-0,-3.14159,0,0
0.092,-0,-3.14159,0,0
0.094,-0,-3.14159,0,0
0.096,-0,-3.14159,0,0
0.098,-0,-3.14159,0,0
0.1,-0,-3.14159,0,0
0.102,-0,-3.14159,0,0
0.104,-0,-3.14159,0,0
0.106,-0,-3.14159,0,0
0.108,-0,-3.14159,0,0
0.11,-0,-3.14159,0,0
0.112,-0,-3.14159,0,0
0.114,-0,-3.14159,0,0
0.116,-0,-3.14159,0,0
0.118,-0,-3.14159,0,0
0.12,-0,-3.14159,0,0
0.122,-0,-3.14159,0,0
0.124,-0,-3.14159,0,0
0.126,-0,-3.14159,0,0
0.128,-0,-3.14159,0,0
0.13,-0,-3.14159,0,0
0.132,-0,-3.14159,0,0
0.134,-0,-3.14159,0,0
0.136,-0,-3.14159,0,0
0.138,-0,-3.14159,0,0
0.14,-0,-3.14159,0,0
0.142,-0,-3.14159,0,0
0.144,-0,-3.14159,0,0
0.146,-0,-3.14159,0,0
0.148,-0,-3.14159,0,0
0.15,-0,-3.14159,0,0
0.152,-0,-3.14159,0,0
0.154,-0,-3.14159,0,0
0.156,-0,-3.14159,0,0
0.158,-0,-3.14159,0,0
0.16,-0,-3.14159,0,0
0.162,-0,-3.14159,0,0
0.164,-0,-3.14159,0,0
0.166,-0,-3.14159,0,0
0.168,-0,-3.14159,0,0
0.17,-0,-3.14159,0,0
0.172,-0,-3.14159,0,0
0.174,-0,-3.14159,0,0
0.176,-0,-3.14159,0,0
0.178,-0,-3.14159,0,0
0.18,-0,-3.14159,0,0
0.182,-0,-3.14159,0,0
0.184,-0,-3.14159,0,0
0.186,-0,-3.14159,0,0
0.188,-0,-3.14159,0,0
0.19,-0,-3.14159,0,0
0.192,-0,-3.14159,0,0
0.194,-0,-3.14159,0,0
0.196,-0,-3.14159,0,0
0.198,-0,-3.14159,0,0
0.2,-0,-3.14159,0,0
0.202,-0,-3.14159,0,0
0.204,-0,-3.14159,0,0
0.206,-0,-3.14159,0,0
0.208,-0,-3.14159,0,0
0.21,-0,-3.14159,0,0
0.212,-0,-3.14159,0,0
0.214,-0,-3.14159,0,0
0.216,-0,-3.14159,0,0
0.218,-0,-3.14159,0,0
0.22,-0,-3.14159,0,0
0.222,-0,-3.14159,0,0
0.224,-0,-3.14159,0,0
0.226,-0,-3.14159,0,0
0.228,-0,-3.14159,0,0
0.23,-0,-3.14159,0,0
0.232,-0,-3.14159,0,0
0.234,-0,-3.14159,0,0
0.236,-0,-3.14159,0,0
0.238,-0,-3.14159,0,0
0.24,-0,-3.14159,0,0
0.242,-0,-3.14159,0,0
0.244,-0,-3.14159,0,0
0.246,-0,-3.14159,0,0
0.248,-0,-3.14159,0,0
0.25,-0,-3.14159,0,0
0.252,-0,-3.14159,0,0
0.254,-0,-3.14159,0,0
0.256,-0,-3.14159,0,0
0.258,-0,-3.14159,0,0
0.26,-0,-3.14159,0,0
0.262,-0,-3.14159,0,0
0.264,-0,-3.14159,0,0
0.266,-0,-3.14159,0,0
0.268,-0,-3.14159,0,0
0.27,-0,-3.14159,0,0
0.272,-0,-3.14159,0,0
0.274,-0,-3.14159,0,0
0.276,-0,-3.14159,0,0
0.278,-0,-3.14159,0,0
0.28,-0,-3.14159,0,0
0.282,-0,-3.14159,0,0
0.284,-0,-3.14159,0,0
0.286,-0,-3.14159,0,0
0.288,-0,-3.14159,0,0
0.29,-0,-3.14159,0,0
0.292,-0,-3.14159,0,0
0.294,-0,-3.14159,0,0
0.296,-0,-3.14159,0,0
0.298,-0,-3.14159,0,0
0.3,-0,-3.14159,0,0
0.302,-0,-3.14159,0,0
0.304,-0,-3.14159,0,0
0.306,-0,-3.14159,0,0
0.308,-0,-3.14159,0,0
0.31,-0,-3.14159,0,0
0.312,-0,-3.14159,0,0
0.314,-0,-3.14159,0,0
0.316,-0,-3.14159,0,0
0.318,-0,-3.14159,0,0
0.32,-0,-3.14159,0,0
0.322,-0,-3.14159,0,0
0.324,-0,-3.14159,0,0
0.326,-0,-3.14159,0,0
0.328,-0,-3.14159,0,0
0.33,-0,-3.14159,0,0
0.332,-0,-3.14159,0,0
0.334,-0,-3.14159,0,0
0.336,-0,-3.14159,0,0
0.338,-0,-3.14159,0,0
0.34,-0,-3.14159,0,0
0.342,-0,-3.14159,0,0
0.344,-0,-3.14159,0,0
0.346,-0,-3.14159,0,0
0.348,-0,-3.14159,0,0
0.35,-0,-3.14159,0,0
0.352,-0,-3.14159,0,0
0.354,-0,-3.14159,0,0
0.356,-0,-3.14159,0,0
0.358,-0,-3.14159,0,0
0.36,-0,-3.14159,0,0
0.362,-0,-3.14159,0,0
0.364,-0,-3.14159,0,0
0.366,-0,-3.14159,0,0
0.368,-0,-3.14159,0,0
0.37,-0,-3.14159,0,0
0.372,-0,-3.14159,0,0
0.374,-0,-3.14159,0,0
0.376,-0,-3.14159,0,0
0.378,-0,-3.14159,0,0
0.38,-0,-3.14159,0,0
0.382,-0,-3.14159,0,0
0.384,-0,-3.14159,0,0
0.386,-0,-3.14159,0,0
0.388,-0,-3.14159,0,0
0.39,-0,-3.14159,0,0
0.392,-0,-3.14159,0,0
0.394,-0,-3.14159,0,0
0.396,-0,-3.14159,0,0
0.398,-0,-3.14159,0,0
0.4,-0,-3.14159,0,0
0.402,-0,-3.14159,0,0
0.404,-0,-3.14159,0,0
0.406,-0,-3.14159,0,0
0.408,-0,-3.14159,0,0
0.41,-0,-3.14159,0,0
0.412,-0,-3.14159,0,0
0.414,-0,-3.14159,0,0
0.416,-0,-3.14159,0,0
0.418,-0,-3.14159,0,0
0.42,-0,-3.14159,0,0
0.422,-0,-3.14159,0,0
0.424,-0,-3.14159,0,0
0.426,-0,-3.14159,0,0
0.428,-0,-3.14159,0,0
0.43,-0,-3.14159,0,0
0.432,-0,-3.14159,0,0
0.434,-0,-3.14159,0,0
0.436,-0,-3.14159,0,0
0.438,-0,-3.14159,0,0
0.44,-0,-3.14159,0,0
0.442,-0,-3.14159,0,0
0.444,-0,-3.14159,0,0
0.446,-0,-3.14159,0,0
0.448,-0,-3.14159,0,0
0.45,-0,-3.14159,0,0
0.452,-0,-3.14159,0,0
0.454,-0,-3.14159,0,0
0.456,-0,-3.14159,0,0
0.458,-0,-3.14159,0,0
0.46,-0,-3.14159,0,0
0.462,-0,-3.14159,0,0
0.464,-0,-3.14159,0,0
0.466,-0,-3.14159,0,0
0.468,-0,-3.14159,0,0
0.47,-0,-3.14159,0,0
0.472,-0,-3.14159,0,0
0.474,-0,-3.14159,0,0
0.476,-0,-3.14159,0,0
0.478,-0,-3.14159,0,0
0.48,-0,-3.14159,0,0
0.482,-0,-3.14159,0,0
0.484,-0,-3.14159,0,0
0.486,-0,-3.14159,0,0
0.488,-0,-3.14159,0,0
0.49,-0,-3.14159,0,0
0.492,-0,-3.14159,0,0
0.494,-0,-3.14159,0,0
0.496,-0,-3.14159,0,0
0.498,-0,-3.14159,0,0
0.5,-0,-3.14159,0,0
0.502,-0,-3.14159,0,0
0.504,-0,-3.14159,0,0
0.506,-0,-3.14159,0,0
0.508,-0,-3.14159,0,0
0.51,-0,-3.14159,0,0
0.512,-0,-3.14159,0,0
0.514,-0,-3.14159,0,0
0.516,-0,-3.14159,0,0
0.518,-0,-3.14159,0,0
0.52,-0,-3.14159,0,0
0.522,-0,-3.14159,0,0
0.524,-0,-3.14159,0,0
0.526,-0,-3.14159,0,0
0.528,-0,-3.14159,0,0
0.53,-0,-3.14159,0,0
0.532,-0,-3.14159,0,0
0.534,-0,-3.14159,0,0
0.536,-0,-3.14159,0,0
0.538,-0,-3.14159,0,0
0.54,-0,-3.14159,0,0
0.542,-0,-3.14159,0,0
0.544,-0,-3.14159,0,0
0.546,-0,-3.14159,0,0
0.548,-0,-3.14159,0,0
0.55,-0,-3.14159,0,0
0.552,-0,-3.14159,0,0
0.554,-0,-3.14159,0,0
0.556,-0,-3.14159,0,0
0.558,-0,-3.14159,0,0
0.56,-0,-3.14159,0,0
0.562,-0,-3.14159,0,0
0.564,-0,-3.14159,0,0
0.566,-0,-3.14159,0,0
0.568,-0,-3.14159,0,0
0.57,-0,-3.14159,0,0
0.572,-0,-3.14159,0,0
0.574,-0,-3.14159,0,0
0.576,-0,-3.14159,0,0
0.578,-0,-3.14159,0,0
0.58,-0,-3.14159,0,0
0.582,-0,-3.14159,0,0
0.584,-0,-3.14159,0,0
0.586,-0,-3.14159,0,0
0.588,-0,-3.14159,0,0
0.59,-0,-3.14159,0,0
0.592,-0,-3.14159,0,0
0.594,-0,-3.14159,0,0
0.596,-0,-3.14159,0,0
0.598,-0,-3.14159,0,0
0.6,-0,-3.14159,0,0
0.602,-0,-3.14159,0,0
0.604,-0,-3.14159,0,0
0.606,-0,-3.14159,0,0
0.608,-0,-3.14159,0,0
0.61,-0,-3.14159,0,0
0.612,-0,-3.14159,0,0
0.614,-0,-3.14159,0,0
0.616,-0,-3.14159,0,0
0.618,-0,-3.14159,0,0
0.62,-0,-3.14159,0,0
0.622,-0,-3.14159,0,0
0.624,-0,-3.14159,0,0
0.626,-0,-3.14159,0,0
0.628,-0,-3.14159,0,0
0.63,-0,-3.14159,0,0
0.632,-0,-3.14159,0,0
0.634,-0,-3.14159,0,0
0.636,-0,-3.14159,0,0
0.638,-0,-3.14159,0,0
0.64,-0,-3.14159,0,0
0.642,-0,-3.14159,0,0
0.644,-0,-3.14159,0,0
0.646,-0,-3.14159,0,0
0.648,-0,-3.14159,0,0
0.65,-0,-3.14159,0,0
0.652,-0,-3.14159,0,0
0.654,-0,-3.14159,0,0
0.656,-0,-3.14159,0,0
0.658,-0,-3.14159,0,0
0.66,-0,-3.14159,0,0
0.662,-0,-3.14159,0,0
0.664,-0,-3.14159,0,0
0.666,-0,-3.14159,0,0
0.668,-0,-3.14159,0,0
0.67,-0,-3.14159,0,0
0.672,-0,-3.14159,0,0
0.674,-0,-3.14159,0,0
0.676,-0,-3.14159,0,0
0.678,-0,-3.14159,0,0
0.68,-0,-3.14159,0,0
0.682,-0,-3.14159,0,0
0.684,-0,-3.14159,0,0
0.686,-0,-3.14159,0,0
0.688,-0,-3.14159,0,0
0.69,-0,-3.14159,0,0
0.692,-0,-3.14159,0,0
0.694,-0,-3.14159,0,0
0.696,-0,-3.14159,0,0
0.698,-0,-3.14159,0,0
0.7,-0,-3.14159,0,0
0.702,-0,-3.14159,0,0
0.704,-0,-3.14159,0,0
0.706,-0,-3.14159,0,0
0.708,-0,-3.14159,0,0
0.71,-0,-3.14159,0,0
0.712,-0,-3.14159,0,0
0.714,-0,-3.14159,0,0
0.716,-0,-3.14159,0,0
0.718,-0,-3.14159,0,0
0.72,-0,-3.14159,0,0
0.722,-0,-3.14159,0,0
0.724,-0,-3.14159,0,0
0.726,-0,-3.14159,0,0
0.728,-0,-3.14159,0,0
0.73,-0,-3.14159,0,0
0.732,-0,-3.14159,0,0
0.734,-0,-3.14159,0,0
0.736,-0,-3.14159,0,0
0.738,-0,-3.14159,0,0
0.74,-0,-3.14159,0,0
0.742,-0,-3.14159,0,0
0.744,-0,-3.14159,0,0
0.746,-0,-3.14159,0,0
0.748,-0,-3.14159,0,0
0.75,-0,-3.14159,0,0
0.752,-0,-3.14159,0,0
0.754,-0,-3.14159,0,0
0.756,-0,-3.14159,0,0
0.758,-0,-3.14159,0,0
0.76,-0,-3.14159,0,0
0.762,-0,-3.14159,0,0
0.764,-0,-3.14159,0,0
0.766,-0,-3.14159,0,0
0.768,-0,-3.14159,0,0
0.77,-0,-3.14159,0,0
0.772,-0,-3.14159,0,0
0.774,-0,-3.14159,0,0
0.776,-0,-3.14159,0,0
0.778,-0,-3.14159,0,0
0.78,-0,-3.14159,0,0
0.782,-0,-3.14159,0,0
0.784,-0,-3.14159,0,0
0.786,-0,-3.14159,0,0
0.788,-0,-3.14159,0,0
0.79,-0,-3.14159,0,0
0.792,-0,-3.14159,0,0
0.794,-0,-3.14159,0,0
0.796,-0,-3.14159,0,0
0.798,-0,-3.14159,0,0
0.8,-0,-3.14159,0,0
0.802,-0,-3.14159,0,0
0.804,-0,-3.14159,0,0
0.806,-0,-3.14159,0,0
0.808,-0,-3.14159,0,0
0.81,-0,-3.14159,0,0
0.812,-0,-3.14159,0,0
0.814,-0,-3.14159,0,0
0.816,-0,-3.14159,0,0
0.818,-0,-3.14159,0,0
0.82,-0,-3.14159,0,0
0.822,-0,-3.14159,0,0
0.824,-0,-3.14159,0,0
0.826,-0,-3.14159,0,0
0.828,-0,-3.14159,0,0
0.83,-0,-3.14159,0,0
0.832,-0,-3.14159,0,0
0.834,-0,-3.14159,0,0
0.836,-0,-3.14159,0,0
0.838,-0,-3.14159,0,0
0.84,-0,-3.14159,0,0
0.842,-0,-3.14159,0,0
0.844,-0,-3.14159,0,0
0.846,-0,-3.14159,0,0
0.848,-0,-3.14159,0,0
0.85,-0,-3.14159,0,0
0.852,-0,-3.14159,0,0
0.854,-0,-3.14159,0,0
0.856,-0,-3.14159,0,0
0.858,-0,-3.14159,0,0
0.86,-0,-3.14159,0,0
0.862,-0,-3.14159,0,0
0.864,-0,-3.14159,0,0
0.866,-0,-3.14159,0,0
0.868,-0,-3.14159,0,0
0.87,-0,-3.14159,0,0
0.872,-0,-3.14159,0,0
0.874,-0,-3.14159,0,0
0.876,-0,-3.14159,0,0
0.878,-0,-3.14159,0,0
0.88,-0,-3.14159,0,0
0.882,-0,-3.14159,0,0
0.884,-0,-3.14159,0,0
0.886,-0,-3.14159,0,0
0.888,-0,-3.14159,0,0
0.89,-0,-3.14159,0,0
0.892,-0,-3.14159,0,0
0.894,-0,-3.14159,0,0
0.896,-0,-3.14159,0,0
0.898,-0,-3.14159,0,0
0.9,-0,-3.14159,0,0
0.902,-0,-3.14159,0,0
0.904,-0,-3.14159,0,0
0.906,-0,-3.14159,0,0
0.908,-0,-3.14159,0,0
0.91,-0,-3.14159,0,0
0.912,-0,-3.14159,0,0
0.914,-0,-3.14159,0,0
0.916,-0,-3.14159,0,0
0.918,-0,-3.14159,0,0
0.92,-0,-3.14159,0,0
0.922,-0,-3.14159,0,0
0.924,-0,-3.14159,0,0
0.926,-0,-3.14159,0,0
0.928,-0,-3.14159,0,0
0.93,-0,-3.14159,0,0
0.932,-0,-3.14159,0,0
0.934,-0,-3.14159,0,0
0.936,-0,-3.14159,0,0
0.938,-0,-3.14159,0,0
0.94,-0,-3.14159,0,0
0.942,-0,-3.14159,0,0
0.944,-0,-3.14159,0,0
0.946,-0,-3.14159,0,0
0.948,-0,-3.14159,0,0
0.95,-0,-3.14159,0,0
0.952,-0,-3.14159,0,0
0.954,-0,-3.14159,0,0
0.956,-0,-3.14159,0,0
0.958,-0,-3.14159,0,0
0.96,-0,-3.14159,0,0
0.962,-0,-3.14159,0,0
0.964,-0,-3.14159,0,0
0.966,-0,-3.14159,0,0
0.968,-0,-3.14159,0,0
0.97,-0,-3.14159,0,0
0.972,-0,-3.14159,0,0
0.974,-0,-3.14159,0,0
0.976,-0,-3.14159,0,0
0.978,-0,-3.14159,0,0
0.98,-0,-3.14159,0,0
0.982,-0,-3.14159,0,0
0.984,-0,-3.14159,0,0
0.986,-0,-3.14159,0,0
0.988,-0,-3.14159,0,0
0.99,-0,-3.14159,0,0
0.992,-0,-3.14159,0,0
0.994,-0,-3.14159,0,0
0.996,-0,-3.14159,0,0
0.998,-0,-3.14159,0,0
1,-0,-3.14159,0,0
1.002,-0,-3.14159,0,0
1.004,-0,-3.14159,0,0
1.006,-0,-3.14159,0,0
1.008,-0,-3.14159,0,0
1.01,-0,-3.14159,0,0
1.012,-0,-3.14159,0,0
1.014,-0,-3.14159,0,0
1.016,-0,-3.14159,0,0
1.018,-0,-3.14159,0,0
1.02,-0,-3.14159,0,0
1.022,-0,-3.14159,0,0
1.024,-0,-3.14159,0,0
1.026,-0,-3.14159,0,0
1.028,-0,-3.14159,0,0
1.03,-0,-3.14159,0,0
1.032,-0,-3.14159,0,0
1.034,-0,-3.14159,0,0
1.036,-0,-3.14159,0,0
1.038,-0,-3.14159,0,0
1.04,-0,-3.14159,0,0
1.042,-0,-3.14159,0,0
1.044,-0,-3.14159,0,0
1.046,-0,-3.14159,0,0
1.048,-0,-3.14159,0,0
1.05,-0,-3.14159,0,0
1.052,-0,-3.14159,0,0
1.054,-0,-3.14159,0,0
1.056,-0,-3.14159,0,0
1.058,-0,-3.14159,0,0
1.06,-0,-3.14159,0,0
1.062,-0,-3.14159,0,0
1.064,-0,-3.14159,0,0
1.066,-0,-3.14159,0,0
1.068,-0,-3.14159,0,0
1.07,-0,-3.14159,0,0
1.072,-0,-3.14159,0,0
1.074,-0,-3.14159,0,0
1.076,-0,-3.14159,0,0
1.078,-0,-3.14159,0,0
1.08,-0,-3.14159,0,0
1.082,-0,-3.14159,0,0
1.084,-0,-3.14159,0,0
1.086,-0,-3.14159,0,0
1.088,-0,-3.14159,0,0
1.09,0.00306796,-3.14159,0.153398,0
1.092,0.00306796,-3.14159,0.138058,0
1.094,0.00306796,-3.14159,0.124252,0
1.096,0.00306796,-3.14159,0.111827,0
1.098,0.00306796,-3.14159,0.100644,0
1.1,0.00306796,-3.14159,0.09058,0
1.102,0.00306796,-3.14159,0.081522,0
1.104,0.00306796,-3.14159,0.0733698,0
1.106,0.00306796,-3.14159,0.0660328,0
1.108,0.00306796,-3.14159,0.0594296,0
1.11,0.00306796,-3.14159,0.0534866,0
1.112,0.00306796,-3.14159,0.0481379,0
1.114,0.00306796,-3.14159,0.0433241,0
1.116,0.00306796,-3.14159,0.0389917,0
1.118,0.00306796,-3.14159,0.0350926,0
1.12,0.00306796,-3.14159,0.0315833,0
1.122,0.00306796,-3.14159,0.028425,0
1.124,0.00306796,-3.14159,0.0255825,0
1.126,0.00306796,-3.14159,0.0230242,0
1.128,0.00306796,-3.14159,0.0207218,0
1.13,0.00306796,-3.14159,0.0186496,0
1.132,0.00306796,-3.14159,0.0167847,0
1.134,0.00306796,-3.14159,0.0151062,0
1.136,0.00306796,-3.14159,0.0135956,0
1.138,0.00306796,-3.14159,0.012236,0
1.14,0.00306796,-3.14159,0.0110124,0
1.142,-0,-3.14159,-0.143487,0
1.144,-0,-3.14159,-0.129138,0
1.146,-0,-3.14159,-0.116224,0
1.148,-0,-3.14159,-0.104602,0
1.15,-0,-3.14159,-0.0941418,0
1.152,-0,-3.14159,-0.0847276,0
1.154,-0,-3.14159,-0.0762548,0
1.156,-0,-3.14159,-0.0686293,0
1.158,-0,-3.14159,-0.0617664,0
1.16,-0,-3.14159,-0.0555898,0
1.162,-0,-3.14159,-0.0500308,0
1.164,-0,-3.14159,-0.0450277,0
1.166,-0,-3.14159,-0.0405249,0
1.168,-0,-3.14159,-0.0364724,0
1.17,-0,-3.14159,-0.0328252,0
1.172,-0,-3.14159,-0.0295427,0
1.174,-0,-3.14159,-0.0265884,0
1.176,-0,-3.14159,-0.0239296,0
1.178,-0,-3.14159,-0.0215366,0
1.18,-0,-3.14159,-0.019383,0
1.182,-0,-3.14159,-0.0174447,0
1.184,-0,-3.14159,-0.0157002,0
1.186,-0,-3.14159,-0.0141302,0
1.188,-0,-3.14159,-0.0127172,0
1.19,-0,-3.14159,-0.0114454,0
1.192,-0,-3.14159,-0.0103009,0
1.194,-0,-3.14159,-0.00927081,0
1.196,-0,-3.14159,-0.00834373,0
1.198,-0,-3.14159,-0.00750935,0
1.2,-0,-3.14159,-0.00675842,0
1.202,-0,-3.14159,-0.00608258,0
1.204,-0,-3.14159,-0.00547432,0
1.206,-0,-3.14159,-0.00492689,0
1.208,-0,-3.14159,-0.0044342,0
1.21,-0,-3.14159,-0.00399078,0
1.212,-0,-3.14159,-0.0035917,0
1.214,-0,-3.14159,-0.00323253,0
1.216,-0,-3.14159,-0.00290928,0
1.218,-0,-3.14159,-0.00261835,0
1.22,-0,-3.14159,-0.00235651,0
1.222,-0,-3.14159,-0.00212086,0
1.224,-0,-3.14159,-0.00190878,0
1.226,-0,-3.14159,-0.0017179,0
1.228,-0,-3.14159,-0.00154611,0
1.23,-0,-3.14159,-0.0013915,0
1.232,-0,-3.14159,-0.00125235,0
1.234,-0,-3.14159,-0.00112711,0
1.236,-0,-3.14159,-0.0010144,0
1.238,-0,-3.14159,-0.000912962,0
1.24,-0,-3.14159,-0.000821666,0
1.242,-0,-3.14159,-0.000739499,0
1.244,-0,-3.14159,-0.000665549,0
1.246,-0,-3.14159,-0.000598994,0
1.248,-0,-3.14159,-0.000539095,0
1.25,-0,-3.14159,-0.000485185,0
1.252,-0,-3.14159,-0.000436667,0
1.254,-0,-3.14159,-0.000393,0
1.256,-0,-3.14159,-0.0003537,0
1.258,-0,-3.14159,-0.00031833,0
1.26,-0,-3.14159,-0.000286497,0
1.262,-0,-3.14159,-0.000257847,0
1.264,-0,-3.14159,-0.000232063,0
1.266,-0,-3.14159,-0.000208856,0
1.268,-0,-3.14159,-0.000187971,0
1.27,-0,-3.14159,-0.000169174,0
1.272,-0,-3.14159,-0.000152256,0
1.274,-0,-3.14159,-0.000137031,0
1.276,-0,-3.14159,-0.000123328,0
1.278,-0,-3.14159,-0.000110995,0
1.28,-0,-3.14159,-9.98954e-05,0
1.282,-0,-3.14159,-8.99058e-05,0
1.284,-0,-3.14159,-8.09153e-05,0
1.286,-0,-3.14159,-7.28237e-05,0
1.288,-0,-3.14159,-6.55414e-05,0
1.29,-0,-3.14159,-5.89872e-05,0
1.292,-0,-3.14159,-5.30885e-05,0
1.294,-0,-3.14159,-4.77797e-05,0
1.296,-0,-3.14159,-4.30017e-05,0
1.298,-0,-3.14159,-3.87015e-05,0
1.3,-0,-3.14159,-3.48314e-05,0
1.302,-0,-3.14159,-3.13482e-05,0
1.304,-0,-3.14159,-2.82134e-05,0
1.306,-0,-3.14159,-2.53921e-05,0
1.308,-0,-3.14159,-2.28529e-05,0
1.31,-0,-3.14159,-2.05676e-05,0
1.312,-0,-3.14159,-1.85108e-05,0
1.314,-0,-3.14159,-1.66597e-05,0
1.316,-0,-3.14159,-1.49938e-05,0
1.318,-0,-3.14159,-1.34944e-05,0
1.32,-0,-3.14159,-1.21449e-05,0
1.322,-0,-3.14159,-1.09305e-05,0
1.324,-0,-3.14159,-9.83741e-06,0
1.326,-0,-3.14159,-8.85367e-06,0
1.328,-0,-3.14159,-7.9683e-06,0
1.33,-0,-3.14159,-7.17147e-06,0
1.332,-0,-3.14159,-6.45432e-06,0
1.334,-0,-3.14159,-5.80889e-06,0
1.336,-0,-3.14159,-5.228e-06,0
1.338,-0,-3.14159,-4.7052e-06,0
1.34,-0,-3.14159,-4.23468e-06,0
1.342,-0,-3.14159,-3.81121e-06,0
1.344,-0,-3.14159,-3.43009e-06,0
1.346,-0,-3.14159,-3.08708e-06,0
1.348,-0,-3.14159,-2.77837e-06,0
1.35,-0,-3.14159,-2.50054e-06,0
1.352,-0,-3.14159,-2.25048e-06,0
1.354,-0,-3.14159,-2.02543e-06,0
1.356,-0,-3.14159,-1.82289e-06,0
1.358,-0,-3.14159,-1.6406e-06,0
1.36,-0,-3.14159,-1.47654e-06,0
1.362,-0,-3.14159,-1.32889e-06,0
1.364,-0,-3.14159,-1.196e-06,0
1.366,-0,-3.14159,-1.0764e-06,0
1.368,-0,-3.14159,-9.68759e-07,0
1.37,-0,-3.14159,-8.71883e-07,0
1.372,-0,-3.14159,-7.84695e-07,0
1.374,-0,-3.14159,-7.06225e-07,0
1.376,-0,-3.14159,-6.35603e-07,0
1.378,-0,-3.14159,-5.72043e-07,0
1.38,-0,-3.14159,-5.14838e-07,0
1.382,-0,-3.14159,-4.63355e-07,0
1.384,-0,-3.14159,-4.17019e-07,0
1.386,-0,-3.14159,-3.75317e-07,0
1.388,-0,-3.14159,-3.37785e-07,0
1.39,-0,-3.14159,-3.04007e-07,0
1.392,-0,-3.14159,-2.73606e-07,0
1.394,-0,-3.14159,-2.46246e-07,0
1.396,-0,-3.14159,-2.21621e-07,0
1.398,-0,-3.14159,-1.99459e-07,0
1.4,-0,-3.14159,-1.79513e-07,0
1.402,-0,-3.14159,-1.61562e-07,0
1.404,-0,-3.14159,-1.45406e-07,0
1.406,-0,-3.14159,-1.30865e-07,0
1.408,-0,-3.14159,-1.17778e-07,0
1.41,-0,-3.14159,-1.06001e-07,0
1.412,-0,-3.14159,-9.54006e-08,0
1.414,-0,-3.14159,-8.58605e-08,0
1.416,-0,-3.14159,-7.72745e-08,0
1.418,-0,-3.14159,-6.9547e-08,0
1.42,-0,-3.14159,-6.25923e-08,0
1.422,-0,-3.14159,-5.63331e-08,0
1.424,-0,-3.14159,-5.06998e-08,0
1.426,-0,-3.14159,-4.56298e-08,0
1.428,-0,-3.14159,-4.10668e-08,0
1.43,-0,-3.14159,-3.69601e-08,0
1.432,-0,-3.14159,-3.32641e-08,0
1.434,-0,-3.14159,-2.99377e-08,0
1.436,-0,-3.14159,-2.69439e-08,0
1.438,-0,-3.14159,-2.42495e-08,0
1.44,-0,-3.14159,-2.18246e-08,0
1.442,-0,-3.14159,-1.96421e-08,0
1.444,-0,-3.14159,-1.76779e-08,0
1.446,-0,-3.14159,-1.59101e-08,0
1.448,-0,-3.14159,-1.43191e-08,0
1.45,-0,-3.14159,-1.28872e-08,0
1.452,-0,-3.14159,-1.15985e-08,0
1.454,-0,-3.14159,-1.04386e-08,0
1.456,-0,-3.14159,-9.39477e-09,0
1.458,-0,-3.14159,-8.45529e-09,0
1.46,-0,-3.14159,-7.60977e-09,0
1.462,-0,-3.14159,-6.84879e-09,0
1.464,-0,-3.14159,-6.16391e-09,0
1.466,-0,-3.14159,-5.54752e-09,0
1.468,-0,-3.14159,-4.99277e-09,0
1.47,-0,-3.14159,-4.49349e-09,0
1.472,-0,-3.14159,-4.04414e-09,0
1.474,-0,-3.14159,-3.63973e-09,0
1.476,-0,-3.14159,-3.27575e-09,0
1.478,-0,-3.14159,-2.94818e-09,0
1.48,-0,-3.14159,-2.65336e-09,0
1.482,-0,-3.14159,-2.38802e-09,0
1.484,-0,-3.14159,-2.14922e-09,0
1.486,-0,-3.14159,-1.9343e-09,0
1.488,-0,-3.14159,-1.74087e-09,0
1.49,-0,-3.14159,-1.56678e-09,0
1.492,-0,-3.14159,-1.4101e-09,0
1.494,-0,-3.14159,-1.26909e-09,0
1.496,-0,-3.14159,-1.14218e-09,0
1.498,-0,-3.14159,-1.02797e-09,0
1.5,-0,-3.14159,-9.2517e-10,0
1.502,-0,-3.14159,-8.32653e-10,0
1.504,-0,-3.14159,-7.49388e-10,0
1.506,-0,-3.14159,-6.74449e-10,0
1.508,-0,-3.14159,-6.07004e-10,0
1.51,-0,-3.14159,-5.46304e-10,0
1.512,-0,-3.14159,-4.91673e-10,0
1.514,-0,-3.14159,-4.42506e-10,0
1.516,-0,-3.14159,-3.98255e-10,0
1.518,-0,-3.14159,-3.5843e-10,0
1.52,-0,-3.14159,-3.22587e-10,0
1.522,-0,-3.14159,-2.90328e-10,0
1.524,-0,-3.14159,-2.61295e-10,0
1.526,-0,-3.14159,-2.35166e-10,0
1.528,-0,-3.14159,-2.11649e-10,0
1.53,-0,-3.14159,-1.90484e-10,0
1.532,-0,-3.14159,-1.71436e-10,0
1.534,-0,-3.14159,-1.54292e-10,0
1.536,-0,-3.14159,-1.38863e-10,0
1.538,-0,-3.14159,-1.24977e-10,0
1.54,-0,-3.14159,-1.12479e-10,0
1.542,-0,-3.14159,-1.01231e-10,0
1.544,-0,-3.14159,-9.1108e-11,0
1.546,-0,-3.14159,-8.19972e-11,0
1.548,-0,-3.14159,-7.37975e-11,0
1.55,-0,-3.14159,-6.64178e-11,0
1.552,-0,-3.14159,-5.9776e-11,0
1.554,-0,-3.14159,-5.37984e-11,0
1.556,-0,-3.14159,-4.84185e-11,0
1.558,-0,-3.14159,-4.35767e-11,0
1.56,-0,-3.14159,-3.9219e-11,0
1.562,-0,-3.14159,-3.52971e-11,0
1.564,-0,-3.14159,-3.17674e-11,0
1.566,-0,-3.14159,-2.85907e-11,0
1.568,-0,-3.14159,-2.57316e-11,0
1.57,-0,-3.14159,-2.31584e-11,0
1.572,-0,-3.14159,-2.08426e-11,0
1.574,-0,-3.14159,-1.87583e-11,0
1.576,-0,-3.14159,-1.68825e-11,0
1.578,-0,-3.14159,-1.51943e-11,0
1.58,-0,-3.14159,-1.36748e-11,0
1.582,-0,-3.14159,-1.23073e-11,0
1.584,-0,-3.14159,-1.10766e-11,0
1.586,-0,-3.14159,-9.96895e-12,0
1.588,-0,-3.14159,-8.97205e-12,0
1.59,-0,-3.14159,-8.07485e-12,0
1.592,-0,-3.14159,-7.26736e-12,0
1.594,-0,-3.14159,-6.54063e-12,0
1.596,-0,-3.14159,-5.88656e-12,0
1.598,-0,-3.14159,-5.29791e-12,0
1.6,-0,-3.14159,-4.76812e-12,0
1.602,-0,-3.14159,-4.29131e-12,0
1.604,-0,-3.14159,-3.86217e-12,0
1.606,-0,-3.14159,-3.47596e-12,0
1.608,-0,-3.14159,-3.12836e-12,0
1.61,-0,-3.14159,-2.81553e-12,0
1.612,-0,-3.14159,-2.53397e-12,0
1.614,-0,-3.14159,-2.28058e-12,0
1.616,-0,-3.14159,-2.05252e-12,0
1.618,-0,-3.14159,-1.84727e-12,0
1.62,-0,-3.14159,-1.66254e-12,0
1.622,-0,-3.14159,-1.49629e-12,0
1.624,-0,-3.14159,-1.34666e-12,0
1.626,-0,-3.14159,-1.21199e-12,0
1.628,-0,-3.14159,-1.09079e-12,0
1.63,-0,-3.14159,-9.81713e-13,0
1.632,-0,-3.14159,-8.83542e-13,0
1.634,-0,-3.14159,-7.95188e-13,0
1.636,-0,-3.14159,-7.15669e-13,0
1.638,-0,-3.14159,-6.44102e-13,0
1.64,-0,-3.14159,-5.79692e-13,0
1.642,-0,-3.14159,-5.21723e-13,0
1.644,-0,-3.14159,-4.6955e-13,0
1.646,-0,-3.14159,-4.22595e-13,0
1.648,-0,-3.14159,-3.80336e-13,0
1.65,-0,-3.14159,-3.42302e-13,0
1.652,-0,-3.14159,-3.08072e-13,0
1.654,-0,-3.14159,-2.77265e-13,0
1.656,-0,-3.14159,-2.49538e-13,0
1.658,-0,-3.14159,-2.24584e-13,0
1.66,-0,-3.14159,-2.02126e-13,0
1.662,-0,-3.14159,-1.81913e-13,0
1.664,-0,-3.14159,-1.63722e-13,0
1.666,-0,-3.14159,-1.4735e-13,0
1.668,-0,-3.14159,-1.32615e-13,0
1.67,-0,-3.14159,-1.19353e-13,0
1.672,-0,-3.14159,-1.07418e-13,0
1.674,-0,-3.14159,-9.66762e-14,0
1.676,-0,-3.14159,-8.70086e-14,0
1.678,-0,-3.14159,-7.83078e-14,0
1.68,-0,-3.14159,-7.0477e-14,0
1.682,-0,-3.14159,-6.34293e-14,0
1.684,-0,-3.14159,-5.70864e-14,0
1.686,-0,-3.14159,-5.13777e-14,0
1.688,-0,-3.14159,-4.62399e-14,0
1.69,-0,-3.14159,-4.1616e-14,0
1.692,-0,-3.14159,-3.74544e-14,0
1.694,-0,-3.14159,-3.37089e-14,0
1.696,-0,-3.14159,-3.0338e-14,0
1.698,-0,-3.14159,-2.73042e-14,0
1.7,-0,-3.14159,-2.45738e-14,0
1.702,-0,-3.14159,-2.21164e-14,0
1.704,-0,-3.14159,-1.99048e-14,0
1.706,-0,-3.14159,-1.79143e-14,0
1.708,-0,-3.14159,-1.61229e-14,0
1.71,-0,-3.14159,-1.45106e-14,0
1.712,-0,-3.14159,-1.30595e-14,0
1.714,-0,-3.14159,-1.17536e-14,0
1.716,-0,-3.14159,-1.05782e-14,0
1.718,-0,-3.14159,-9.5204e-15,0
1.72,-0,-3.14159,-8.56836e-15,0
1.722,-0,-3.14159,-7.71152e-15,0
1.724,-0,-3.14159,-6.94037e-15,0
1.726,-0,-3.14159,-6.24633e-15,0
1.728,-0,-3.14159,-5.6217e-15,0
1.73,-0,-3.14159,-5.05953e-15,0
1.732,-0,-3.14159,-4.55358e-15,0
1.734,-0,-3.14159,-4.09822e-15,0
1.736,-0,-3.14159,-3.6884e-15,0
1.738,-0,-3.14159,-3.31956e-15,0
1.74,-0,-3.14159,-2.9876e-15,0
1.742,-0,-3.14159,-2.68884e-15,0
1.744,-0,-3.14159,-2.41996e-15,0
1.746,-0,-3.14159,-2.17796e-15,0
1.748,-0,-3.14159,-1.96016e-15,0
1.75,-0,-3.14159,-1.76415e-15,0
1.752,-0,-3.14159,-1.58773e-15,0
1.754,-0,-3.14159,-1.42896e-15,0
1.756,-0,-3.14159,-1.28606e-15,0
1.758,-0,-3.14159,-1.15746e-15,0
1.76,-0,-3.14159,-1.04171e-15,0
1.762,-0,-3.14159,-9.37541e-16,0
1.764,-0,-3.14159,-8.43787e-16,0
1.766,-0,-3.14159,-7.59408e-16,0
1.768,-0,-3.14159,-6.83467e-16,0
1.77,-0,-3.14159,-6.15121e-16,0
1.772,-0,-3.14159,-5.53608e-16,0
1.774,-0,-3.14159,-4.98248e-16,0
1.776,-0,-3.14159,-4.48423e-16,0
1.778,-0,-3.14159,-4.03581e-16,0
1.78,-0,-3.14159,-3.63223e-16,0
1.782,-0,-3.14159,-3.269e-16,0
1.784,-0,-3.14159,-2.9421e-16,0
1.786,-0,-3.14159,-2.64789e-16,0
1.788,-0,-3.14159,-2.3831e-16,0
1.79,-0,-3.14159,-2.14479e-16,0
1.792,-0,-3.14159,-1.93031e-16,0
1.794,-0,-3.14159,-1.73728e-16,0
1.796,-0,-3.14159,-1.56355e-16,0
1.798,-0,-3.14159,-1.4072e-16,0
1.8,-0,-3.14159,-1.26648e-16,0
1.802,-0,-3.14159,-1.13983e-16,0
1.804,-0,-3.14159,-1.02585e-16,0
1.806,-0,-3.14159,-9.23263e-17,0
1.808,-0,-3.14159,-8.30937e-17,0
1.81,-0,-3.14159,-7.47843e-17,0
1.812,-0,-3.14159,-6.73059e-17,0
1.814,-0,-3.14159,-6.05753e-17,0
1.816,-0,-3.14159,-5.45178e-17,0
1.818,-0,-3.14159,-4.9066e-17,0
1.82,-0,-3.14159,-4.41594e-17,0
1.822,-0,-3.14159,-3.97434e-17,0
1.824,-0,-3.14159,-3.57691e-17,0
1.826,-0,-3.14159,-3.21922e-17,0
1.828,-0,-3.14159,-2.8973e-17,0
1.83,-0,-3.14159,-2.60757e-17,0
1.832,-0,-3.14159,-2.34681e-17,0
1.834,-0,-3.14159,-2.11213e-17,0
1.836,-0,-3.14159,-1.90092e-17,0
1.838,-0,-3.14159,-1.71082e-17,0
1.84,-0,-3.14159,-1.53974e-17,0
1.842,-0,-3.14159,-1.38577e-17,0
1.844,-0,-3.14159,-1.24719e-17,0
1.846,-0,-3.14159,-1.12247e-17,0
1.848,-0,-3.14159,-1.01022e-17,0
1.85,-0,-3.14159,-9.09202e-18,0
1.852,-0,-3.14159,-8.18282e-18,0
1.854,-0,-3.14159,-7.36454e-18,0
1.856,-0,-3.14159,-6.62809e-18,0
1.858,-0,-3.14159,-5.96528e-18,0
1.86,-0,-3.14159,-5.36875e-18,0
1.862,-0,-3.14159,-4.83187e-18,0
1.864,-0,-3.14159,-4.34869e-18,0
1.866,-0,-3.14159,-3.91382e-18,0
1.868,-0,-3.14159,-3.52244e-18,0
1.87,-0,-3.14159,-3.17019e-18,0
1.872,-0,-3.14159,-2.85317e-18,0
1.874,-0,-3.14159,-2.56786e-18,0
1.876,-0,-3.14159,-2.31107e-18,0
1.878,-0,-3.14159,-2.07996e-18,0
1.88,-0,-3.14159,-1.87197e-18,0
1.882,-0,-3.14159,-1.68477e-18,0
1.884,-0,-3.14159,-1.51629e-18,0
1.886,-0,-3.14159,-1.36466e-18,0
1.888,-0,-3.14159,-1.2282e-18,0
1.89,-0,-3.14159,-1.10538e-18,0
1.892,-0,-3.14159,-9.9484e-19,0
1.894,-0,-3.14159,-8.95356e-19,0
1.896,-0,-3.14159,-8.05821e-19,0
1.898,-0,-3.14159,-7.25238e-19,0
1.9,-0,-3.14159,-6.52715e-19,0
1.902,-0,-3.14159,-5.87443e-19,0
1.904,-0,-3.14159,-5.28699e-19,0
1.906,-0,-3.14159,-4.75829e-19,0
1.908,-0,-3.14159,-4.28246e-19,0
1.91,-0,-3.14159,-3.85421e-19,0
1.912,-0,-3.14159,-3.46879e-19,0
1.914,-0,-3.14159,-3.12191e-19,0
1.916,-0,-3.14159,-2.80972e-19,0
1.918,-0,-3.14159,-2.52875e-19,0
1.92,-0,-3.14159,-2.27588e-19,0
1.922,-0,-3.14159,-2.04829e-19,0
1.924,-0,-3.14159,-1.84346e-19,0
1.926,-0,-3.14159,-1.65911e-19,0
1.928,-0,-3.14159,-1.4932e-19,0
1.93,-0,-3.14159,-1.34388e-19,0
1.932,-0,-3.14159,-1.20949e-19,0
1.934,-0,-3.14159,-1.08854e-19,0
1.936,-0,-3.14159,-9.7969e-20,0
1.938,-0,-3.14159,-8.81721e-20,0
1.94,-0,-3.14159,-7.93549e-20,0
1.942,-0,-3.14159,-7.14194e-20,0
1.944,-0,-3.14159,-6.42774e-20,0
1.946,-0,-3.14159,-5.78497e-20,0
1.948,-0,-3.14159,-5.20647e-20,0
1.95,-0,-3.14159,-4.68583e-20,0
1.952,-0,-3.14159,-4.21724e-20,0
1.954,-0,-3.14159,-3.79552e-20,0
1.956,-0,-3.14159,-3.41597e-20,0
1.958,-0,-3.14159,-3.07437e-20,0
1.96,-0,-3.14159,-2.76693e-20,0
1.962,-0,-3.14159,-2.49024e-20,0
1.964,-0,-3.14159,-2.24122e-20,0
1.966,-0,-3.14159,-2.01709e-20,0
1.968,-0,-3.14159,-1.81538e-20,0
1.97,-0,-3.14159,-1.63385e-20,0
1.972,-0,-3.14159,-1.47046e-20,0
1.974,-0,-3.14159,-1.32342e-20,0
1.976,-0,-3.14159,-1.19107e-20,0
1.978,-0,-3.14159,-1.07197e-20,0
1.98,-0,-3.14159,-9.6477e-21,0
1.982,-0,-3.14159,-8.68293e-21,0
1.984,-0,-3.14159,-7.81464e-21,0
1.986,-0,-3.14159,-7.03317e-21,0
1.988,-0,-3.14159,-6.32985e-21,0
1.99,-0,-3.14159,-5.69687e-21,0
1.992,-0,-3.14159,-5.12718e-21,0
1.994,-0,-3.14159,-4.61446e-21,0
1.996,-0,-3.14159,-4.15302e-21,0
1.998,-0,-3.14159,-3.73772e-21,0
2,-0,-3.14159,-3.36394e-21,0
2.002,-0,-3.14159,-3.02755e-21,0
2.004,-0,-3.14159,-2.72479e-21,0
2.006,-0,-3.14159,-2.45232e-21,0
2.008,-0,-3.14159,-2.20708e-21,0
2.01,-0,-3.14159,-1.98638e-21,0
2.012,-0,-3.14159,-1.78774e-21,0
2.014,-0,-3.14159,-1.60896e-21,0
2.016,-0,-3.14159,-1.44807e-21,0
2.018,-0,-3.14159,-1.30326e-21,0
2.02,-0,-3.14159,-1.17293e-21,0
2.022,-0,-3.14159,-1.05564e-21,0
2.024,-0,-3.14159,-9.50077e-22,0
2.026,-0,-3.14159,-8.5507e-22,0
2.028,-0,-3.14159,-7.69563e-22,0
2.03,-0,-3.14159,-6.92606e-22,0
2.032,-0,-3.14159,-6.23346e-22,0
2.034,-0,-3.14159,-5.61011e-22,0
2.036,-0,-3.14159,-5.0491e-22,0
2.038,-0,-3.14159,-4.54419e-22,0
2.04,-0,-3.14159,-4.08977e-22,0
2.042,-0,-3.14159,-3.68079e-22,0
2.044,-0,-3.14159,-3.31271e-22,0
2.046,-0,-3.14159,-2.98144e-22,0
2.048,-0,-3.14159,-2.6833e-22,0
2.05,-0,-3.14159,-2.41497e-22,0
2.052,-0,-3.14159,-2.17347e-22,0
2.054,-0,-3.14159,-1.95612e-22,0
2.056,-0,-3.14159,-1.76051e-22,0
2.058,-0,-3.14159,-1.58446e-22,0
2.06,-0,-3.14159,-1.42602e-22,0
2.062,-0,-3.14159,-1.28341e-22,0
2.064,-0,-3.14159,-1.15507e-22,0
2.066,-0,-3.14159,-1.03956e-22,0
2.068,-0,-3.14159,-9.35608e-23,0
2.07,-0,-3.14159,-8.42048e-23,0
2.072,-0,-3.14159,-7.57843e-23,0
2.074,-0,-3.14159,-6.82059e-23,0
2.076,-0,-3.14159,-6.13853e-23,0
2.078,-0,-3.14159,-5.52467e-23,0
2.08,-0,-3.14159,-4.97221e-23,0
2.082,-0,-3.14159,-4.47499e-23,0
2.084,-0,-3.14159,-4.02749e-23,0
2.086,-0,-3.14159,-3.62474e-23,0
2.088,-0,-3.14159,-3.26226e-23,0
2.09,-0,-3.14159,-2.93604e-23,0
2.092,-0,-3.14159,-2.64243e-23,0
2.094,-0,-3.14159,-2.37819e-23,0
2.096,-0,-3.14159,-2.14037e-23,0
2.098,-0,-3.14159,-1.92633e-23,0
2.1,-0,-3.14159,-1.7337e-23,0
2.102,-0,-3.14159,-1.56033e-23,0
2.104,-0,-3.14159,-1.4043e-23,0
2.106,-0,-3.14159,-1.26387e-23,0
2.108,-0,-3.14159,-1.13748e-23,0
2.11,-0,-3.14159,-1.02373e-23,0
2.112,-0,-3.14159,-9.2136e-24,0
2.114,-0,-3.14159,-8.29224e-24,0
2.116,-0,-3.14159,-7.46302e-24,0
2.118,-0,-3.14159,-6.71671e-24,0
2.12,-0,-3.14159,-6.04504e-24,0
2.122,-0,-3.14159,-5.44054e-24,0
2.124,-0,-3.14159,-4.89648e-24,0
2.126,-0,-3.14159,-4.40684e-24,0
2.128,-0,-3.14159,-3.96615e-24,0
2.13,-0,-3.14159,-3.56954e-24,0
2.132,-0,-3.14159,-3.21258e-24,0
2.134,-0,-3.14159,-2.89133e-24,0
2.136,-0,-3.14159,-2.60219e-24,0
2.138,-0,-3.14159,-2.34197e-24,0
2.14,-0,-3.14159,-2.10778e-24,0
2.142,-0,-3.14159,-1.897e-24,0
2.144,-0,-3.14159,-1.7073e-24,0
2.146,-0,-3.14159,-1.53657e-24,0
2.148,-0,-3.14159,-1.38291e-24,0
2.15,-0,-3.14159,-1.24462e-24,0
2.152,-0,-3.14159,-1.12016e-24,0
2.154,-0,-3.14159,-1.00814e-24,0
2.156,-0,-3.14159,-9.07328e-25,0
2.158,-0,-3.14159,-8.16596e-25,0
2.16,-0,-3.14159,-7.34936e-25,0
2.162,-0,-3.14159,-6.61442e-25,0
2.164,-0,-3.14159,-5.95298e-25,0
2.166,-0,-3.14159,-5.35768e-25,0
2.168,-0,-3.14159,-4.82192e-25,0
2.17,-0,-3.14159,-4.33972e-25,0
2.172,-0,-3.14159,-3.90575e-25,0
2.174,-0,-3.14159,-3.51518e-25,0
2.176,-0,-3.14159,-3.16366e-25,0
2.178,-0,-3.14159,-2.84729e-25,0
2.18,-0,-3.14159,-2.56256e-25,0
2.182,-0,-3.14159,-2.30631e-25,0
2.184,-0,-3.14159,-2.07568e-25,0
2.186,-0,-3.14159,-1.86811e-25,0
2.188,-0,-3.14159,-1.6813e-25,0
2.19,-0,-3.14159,-1.51317e-25,0
2.192,-0,-3.14159,-1.36185e-25,0
2.194,-0,-3.14159,-1.22567e-25,0
2.196,-0,-3.14159,-1.1031e-25,0
2.198,-0,-3.14159,-9.9279e-26,0
2.2,-0,-3.14159,-8.93511e-26,0
2.202,-0,-3.14159,-8.0416e-26,0
2.204,-0,-3.14159,-7.23744e-26,0
2.206,-0,-3.14159,-6.51369e-26,0
2.208,-0,-3.14159,-5.86232e-26,0
2.21,-0,-3.14159,-5.27609e-26,0
2.212,-0,-3.14159,-4.74848e-26,0
2.214,-0,-3.14159,-4.27363e-26,0
2.216,-0,-3.14159,-3.84627e-26,0
2.218,-0,-3.14159,-3.46164e-26,0
2.22,-0,-3.14159,-3.11548e-26,0
2.222,-0,-3.14159,-2.80393e-26,0
2.224,-0,-3.14159,-2.52354e-26,0
2.226,-0,-3.14159,-2.27118e-26,0
2.228,-0,-3.14159,-2.04407e-26,0
2.23,-0,-3.14159,-1.83966e-26,0
2.232,-0,-3.14159,-1.65569e-26,0
2.234,-0,-3.14159,-1.49012e-26,0
2.236,-0,-3.14159,-1.34111e-26,0
2.238,-0,-3.14159,-1.207e-26,0
2.24,-0,-3.14159,-1.0863e-26,0
2.242,-0,-3.14159,-9.7767e-27,0
2.244,-0,-3.14159,-8.79903e-27,0
2.246,-0,-3.14159,-7.91913e-27,0
2.248,-0,-3.14159,-7.12722e-27,0
2.25,-0,-3.14159,-6.4145e-27,0
2.252,-0,-3.14159,-5.77305e-27,0
2.254,-0,-3.14159,-5.19574e-27,0
2.256,-0,-3.14159,-4.67617e-27,0
2.258,-0,-3.14159,-4.20855e-27,0
2.26,-0,-3.14159,-3.7877e-27,0
2.262,-0,-3.14159,-3.40893e-27,0
2.264,-0,-3.14159,-3.06803e-27,0
2.266,-0,-3.14159,-2.76123e-27,0
2.268,-0,-3.14159,-2.48511e-27,0
2.27,-0,-3.14159,-2.2366e-27,0
2.272,-0,-3.14159,-2.01294e-27,0
2.274,-0,-3.14159,-1.81164e-27,0
2.276,-0,-3.14159,-1.63048e-27,0
2.278,-0,-3.14159,-1.46743e-27,0
2.28,-0,-3.14159,-1.32069e-27,0
2.282,-0,-3.14159,-1.18862e-27,0
2.284,-0,-3.14159,-1.06976e-27,0
2.286,-0,-3.14159,-9.62781e-28,0
2.288,-0,-3.14159,-8.66503e-28,0
2.29,-0,-3.14159,-7.79853e-28,0
2.292,-0,-3.14159,-7.01868e-28,0
2.294,-0,-3.14159,-6.31681e-28,0
2.296,-0,-3.14159,-5.68513e-28,0
2.298,-0,-3.14159,-5.11661e-28,0
2.3,-0,-3.14159,-4.60495e-28,0
2.302,-0,-3.14159,-4.14446e-28,0
2.304,-0,-3.14159,-3.73001e-28,0
2.306,-0,-3.14159,-3.35701e-28,0
2.308,-0,-3.14159,-3.02131e-28,0
2.31,-0,-3.14159,-2.71918e-28,0
2.312,-0,-3.14159,-2.44726e-28,0
2.314,-0,-3.14159,-2.20253e-28,0
2.316,-0,-3.14159,-1.98228e-28,0
2.318,-0,-3.14159,-1.78405e-28,0
2.32,-0,-3.14159,-1.60565e-28,0
2.322,-0,-3.14159,-1.44508e-28,0
2.324,-0,-3.14159,-1.30057e-28,0
2.326,-0,-3.14159,-1.17052e-28,0
2.328,-0,-3.14159,-1.05347e-28,0
2.33,-0,-3.14159,-9.48119e-29,0
2.332,-0,-3.14159,-8.53307e-29,0
2.334,-0,-3.14159,-7.67976e-29,0
2.336,-0,-3.14159,-6.91179e-29,0
2.338,-0,-3.14159,-6.22061e-29,0
2.34,-0,-3.14159,-5.59855e-29,0
2.342,-0,-3.14159,-5.03869e-29,0
2.344,-0,-3.14159,-4.53482e-29,0
2.346,-0,-3.14159,-4.08134e-29,0
2.348,-0,-3.14159,-3.67321e-29,0
2.35,-0,-3.14159,-3.30589e-29,0
2.352,-0,-3.14159,-2.9753e-29,0
2.354,-0,-3.14159,-2.67777e-29,0
2.356,-0,-3.14159,-2.40999e-29,0
2.358,-0,-3.14159,-2.16899e-29,0
2.36,-0,-3.14159,-1.95209e-29,0
2.362,-0,-3.14159,-1.75688e-29,0
2.364,-0,-3.14159,-1.5812e-29,0
2.366,-0,-3.14159,-1.42308e-29,0
2.368,-0,-3.14159,-1.28077e-29,0
2.37,-0,-3.14159,-1.15269e-29,0
2.372,-0,-3.14159,-1.03742e-29,0
2.374,-0,-3.14159,-9.3368e-30,0
2.376,-0,-3.14159,-8.40312e-30,0
2.378,-0,-3.14159,-7.56281e-30,0
2.38,-0,-3.14159,-6.80653e-30,0
2.382,-0,-3.14159,-6.12587e-30,0
2.384,-0,-3.14159,-5.51329e-30,0
2.386,-0,-3.14159,-4.96196e-30,0
2.388,-0,-3.14159,-4.46576e-30,0
2.39,-0,-3.14159,-4.01919e-30,0
2.392,-0,-3.14159,-3.61727e-30,0
2.394,-0,-3.14159,-3.25554e-30,0
2.396,-0,-3.14159,-2.92999e-30,0
2.398,-0,-3.14159,-2.63699e-30,0
2.4,-0,-3.14159,-2.37329e-30,0
2.402,-0,-3.14159,-2.13596e-30,0
2.404,-0,-3.14159,-1.92236e-30,0
2.406,-0,-3.14159,-1.73013e-30,0
2.408,-0,-3.14159,-1.55712e-30,0
2.41,-0,-3.14159,-1.4014e-30,0
2.412,-0,-3.14159,-1.26126e-30,0
2.414,-0,-3.14159,-1.13514e-30,0
2.416,-0,-3.14159,-1.02162e-30,0
2.418,-0,-3.14159,-9.19461e-31,0
2.42,-0,-3.14159,-8.27515e-31,0
2.422,-0,-3.14159,-7.44763e-31,0
2.424,-0,-3.14159,-6.70287e-31,0
2.426,-0,-3.14159,-6.03258e-31,0
2.428,-0,-3.14159,-5.42932e-31,0
2.43,-0,-3.14159,-4.88639e-31,0
2.432,-0,-3.14159,-4.39775e-31,0
2.434,-0,-3.14159,-3.95798e-31,0
2.436,-0,-3.14159,-3.56218e-31,0
2.438,-0,-3.14159,-3.20596e-31,0
2.44,-0,-3.14159,-2.88537e-31,0
2.442,-0,-3.14159,-2.59683e-31,0
2.444,-0,-3.14159,-2.33715e-31,0
2.446,-0,-3.14159,-2.10343e-31,0
2.448,-0,-3.14159,-1.89309e-31,0
2.45,-0,-3.14159,-1.70378e-31,0
2.452,-0,-3.14159,-1.5334e-31,0
2.454,-0,-3.14159,-1.38006e-31,0
2.456,-0,-3.14159,-1.24206e-31,0
2.458,-0,-3.14159,-1.11785e-31,0
2.46,-0,-3.14159,-1.00606e-31,0
2.462,-0,-3.14159,-9.05458e-32,0
2.464,-0,-3.14159,-8.14913e-32,0
2.466,-0,-3.14159,-7.33421e-32,0
2.468,-0,-3.14159,-6.60079e-32,0
2.47,-0,-3.14159,-5.94071e-32,0
2.472,-0,-3.14159,-5.34664e-32,0
2.474,-0,-3.14159,-4.81198e-32,0
2.476,-0,-3.14159,-4.33078e-32,0
2.478,-0,-3.14159,-3.8977e-32,0
2.48,-0,-3.14159,-3.50793e-32,0
2.482,-0,-3.14159,-3.15714e-32,0
2.484,-0,-3.14159,-2.84142e-32,0
2.486,-0,-3.14159,-2.55728e-32,0
2.488,-0,-3.14159,-2.30155e-32,0
2.49,-0,-3.14159,-2.0714e-32,0
2.492,-0,-3.14159,-1.86426e-32,0
2.494,-0,-3.14159,-1.67783e-32,0
2.496,-0,-3.14159,-1.51005e-32,0
2.498,-0,-3.14159,-1.35904e-32,0
2.5,-0,-3.14159,-1.22314e-32,0
2.502,-0,-3.14159,-1.10083e-32,0
2.504,-0,-3.14159,-9.90743e-33,0
2.506,-0,-3.14159,-8.91669e-33,0
2.508,-0,-3.14159,-8.02502e-33,0
2.51,-0,-3.14159,-7.22252e-33,0
2.512,-0,-3.14159,-6.50027e-33,0
2.514,-0,-3.14159,-5.85024e-33,0
2.516,-0,-3.14159,-5.26522e-33,0
2.518,-0,-3.14159,-4.7387e-33,0
2.52,-0,-3.14159,-4.26483e-33,0
2.522,-0,-3.14159,-3.83834e-33,0
2.524,-0,-3.14159,-3.45451e-33,0
2.526,-0,-3.14159,-3.10906e-33,0
2.528,-0,-3.14159,-2.79815e-33,0
2.53,-0,-3.14159,-2.51834e-33,0
2.532,-0,-3.14159,-2.2665e-33,0
2.534,-0,-3.14159,-2.03985e-33,0
2.536,-0,-3.14159,-1.83587e-33,0
2.538,-0,-3.14159,-1.65228e-33,0
2.54,-0,-3.14159,-1.48705e-33,0
2.542,-0,-3.14159,-1.33835e-33,0
2.544,-0,-3.14159,-1.20451e-33,0
2.546,-0,-3.14159,-1.08406e-33,0
2.548,-0,-3.14159,-9.75655e-34,0
2.55,-0,-3.14159,-8.7809e-34,0
2.552,-0,-3.14159,-7.90281e-34,0
2.554,-0,-3.14159,-7.11253e-34,0
2.556,-0,-3.14159,-6.40127e-34,0
2.558,-0,-3.14159,-5.76115e-34,0
2.56,-0,-3.14159,-5.18503e-34,0
2.562,-0,-3.14159,-4.66653e-34,0
2.564,-0,-3.14159,-4.19988e-34,0
2.566,-0,-3.14159,-3.77989e-34,0
2.568,-0,-3.14159,-3.4019e-34,0
2.57,-0,-3.14159,-3.06171e-34,0
2.572,-0,-3.14159,-2.75554e-34,0
2.574,-0,-3.14159,-2.47998e-34,0
2.576,-0,-3.14159,-2.23199e-34,0
2.578,-0,-3.14159,-2.00879e-34,0
2.58,-0,-3.14159,-1.80791e-34,0
2.582,-0,-3.14159,-1.62712e-34,0
2.584,-0,-3.14159,-1.46441e-34,0
2.586,-0,-3.14159,-1.31797e-34,0
2.588,-0,-3.14159,-1.18617e-34,0
2.59,-0,-3.14159,-1.06755e-34,0
2.592,-0,-3.14159,-9.60797e-35,0
2.594,-0,-3.14159,-8.64717e-35,0
2.596,-0,-3.14159,-7.78246e-35,0
2.598,-0,-3.14159,-7.00421e-35,0
2.6,-0,-3.14159,-6.30379e-35,0
2.602,-0,-3.14159,-5.67341e-35,0
2.604,-0,-3.14159,-5.10607e-35,0
2.606,-0,-3.14159,-4.59546e-35,0
2.608,-0,-3.14159,-4.13592e-35,0
2.61,-0,-3.14159,-3.72232e-35,0
2.612,-0,-3.14159,-3.35009e-35,0
2.614,-0,-3.14159,-3.01508e-35,0
2.616,-0,-3.14159,-2.71357e-35,0
2.618,-0,-3.14159,-2.44222e-35,0
2.62,-0,-3.14159,-2.198e-35,0
2.622,-0,-3.14159,-1.9782e-35,0
2.624,-0,-3.14159,-1.78038e-35,0
2.626,-0,-3.14159,-1.60234e-35,0
2.628,-0,-3.14159,-1.4421e-35,0
2.63,-0,-3.14159,-1.29789e-35,0
2.632,-0,-3.14159,-1.1681e-35,0
2.634,-0,-3.14159,-1.05129e-35,0
2.636,-0,-3.14159,-9.46165e-36,0
2.638,-0,-3.14159,-8.51548e-36,0
2.64,-0,-3.14159,-7.66394e-36,0
2.642,-0,-3.14159,-6.89754e-36,0
2.644,-0,-3.14159,-6.20779e-36,0
2.646,-0,-3.14159,-5.58701e-36,0
2.648,-0,-3.14159,-5.02831e-36,0
2.65,-0,-3.14159,-4.52548e-36,0
2.652,-0,-3.14159,-4.07293e-36,0
2.654,-0,-3.14159,-3.66564e-36,0
2.656,-0,-3.14159,-3.29907e-36,0
2.658,-0,-3.14159,-2.96917e-36,0
2.66,-0,-3.14159,-2.67225e-36,0
2.662,-0,-3.14159,-2.40502e-36,0
2.664,-0,-3.14159,-2.16452e-36,0
2.666,-0,-3.14159,-1.94807e-36,0
2.668,-0,-3.14159,-1.75326e-36,0
2.67,-0,-3.14159,-1.57794e-36,0
2.672,-0,-3.14159,-1.42014e-36,0
2.674,-0,-3.14159,-1.27813e-36,0
2.676,-0,-3.14159,-1.15032e-36,0
2.678,-0,-3.14159,-1.03528e-36,0
2.68,-0,-3.14159,-9.31756e-37,0
2.682,-0,-3.14159,-8.3858e-37,0
2.684,-0,-3.14159,-7.54722e-37,0
2.686,-0,-3.14159,-6.7925e-37,0
2.688,-0,-3.14159,-6.11325e-37,0
2.69,-0,-3.14159,-5.50192e-37,0
2.692,-0,-3.14159,-4.95173e-37,0
2.694,-0,-3.14159,-4.45656e-37,0
2.696,-0,-3.14159,-4.0109e-37,0
2.698,-0,-3.14159,-3.60981e-37,0
2.7,-0,-3.14159,-3.24883e-37,0
2.702,-0,-3.14159,-2.92395e-37,0
2.704,-0,-3.14159,-2.63155e-37,0
2.706,-0,-3.14159,-2.3684e-37,0
2.708,-0,-3.14159,-2.13156e-37,0
2.71,-0,-3.14159,-1.9184e-37,0
2.712,-0,-3.14159,-1.72656e-37,0
2.714,-0,-3.14159,-1.55391e-37,0
2.716,-0,-3.14159,-1.39852e-37,0
2.718,-0,-3.14159,-1.25866e-37,0
2.72,-0,-3.14159,-1.1328e-37,0
2.722,-0,-3.14159,-1.01952e-37,0
2.724,-0,3.13852,-9.17566e-38,-0.153398
2.726,0.00306796,3.13852,0.153398,-0.138058
2.728,0.00306796,3.13852,0.138058,-0.124252
2.73,0.00306796,3.13852,0.124252,-0.111827
2.732,0.00306796,3.13546,0.111827,-0.254043
2.734,0.00613592,3.13546,0.254043,-0.228638
2.736,0.00920388,3.13239,0.382036,-0.359173
2.738,0.0122718,3.12932,0.497231,-0.476653
2.74,0.0153398,3.12625,0.600906,-0.582386
2.742,0.0184078,3.12318,0.694213,-0.677546
2.744,0.0245437,3.11705,0.931588,-0.916587
2.746,0.0276117,3.11398,0.991827,-0.978327
2.748,0.0306796,3.10785,1.04604,-1.18729
2.75,0.0368155,3.10171,1.24823,-1.37536
2.752,0.0429515,3.09557,1.43021,-1.54462
2.754,0.0490874,3.08944,1.59398,-1.69695
2.756,0.0552233,3.0833,1.74138,-1.83405
2.758,0.0644272,3.07717,2.02744,-1.95744
2.76,0.0705631,3.06796,2.13149,-2.22189
2.762,0.076699,3.06183,2.22514,-2.3065
2.764,0.0859029,3.05262,2.46282,-2.53604
2.766,0.0951068,3.04342,2.67673,-2.74263
2.768,0.101243,3.03421,2.71585,-2.92857
2.77,0.113515,3.02808,3.05786,-2.9425
2.772,0.122718,3.01581,3.21227,-3.26185
2.774,0.131922,3.0066,3.35124,-3.39586
2.776,0.141126,2.9974,3.47631,-3.51646
2.778,0.15033,2.98819,3.58887,-3.62501
2.78,0.162602,2.97592,3.84358,-3.8761
2.782,0.174874,2.96672,4.07281,-3.94869
2.784,0.184078,2.95445,4.12572,-4.16741
2.786,0.19635,2.94218,4.32674,-4.36426
2.788,0.208621,2.93297,4.50766,-4.38803
2.79,0.220893,2.9207,4.67049,-4.56282
2.792,0.233165,2.90843,4.81703,-4.72013
2.794,0.245437,2.89616,4.94892,-4.86171
2.796,0.257709,2.88388,5.06762,-4.98913
2.798,0.269981,2.87468,5.17445,-4.95041
2.8,0.282252,2.86241,5.2706,-5.06896
2.802,0.294524,2.85014,5.35713,-5.17566
2.804,0.309864,2.83786,5.58841,-5.27169
2.806,0.322136,2.82559,5.64316,-5.35811
2.808,0.334408,2.81332,5.69244,-5.43589
2.81,0.34668,2.80105,5.73678,-5.50589
2.812,0.362019,2.78878,5.9301,-5.5689
2.814,0.374291,2.77651,5.95068,-5.6256
2.816,0.389631,2.76423,6.1226,-5.67663
2.818,0.401903,2.75196,6.12393,-5.72256
2.82,0.417243,2.73969,6.27853,-5.7639
2.822,0.429515,2.72742,6.26427,-5.8011
2.824,0.444854,2.71821,6.40483,-5.68118
2.826,0.457126,2.70594,6.37794,-5.72666
2.828,0.472466,2.69367,6.50714,-5.76758
2.83,0.484738,2.6814,6.47002,-5.80442
2.832,0.500078,2.67219,6.59001,-5.68417
2.834,0.515418,2.65992,6.698,-5.72935
2.836,0.527689,2.65072,6.64179,-5.61661
2.838,0.543029,2.63845,6.7446,-5.66854
2.84,0.555301,2.62618,6.68373,-5.71528
2.842,0.570641,2.61697,6.78235,-5.60394
2.844,0.582913,2.60777,6.71771,-5.50374
2.846,0.598253,2.5955,6.81293,-5.56696
2.848,0.613592,2.58629,6.89862,-5.47046
2.85,0.625864,2.57709,6.82235,-5.38361
2.852,0.641204,2.56482,6.90711,-5.45884
2.854,0.653476,2.55561,6.82999,-5.37315
2.856,0.665748,2.54641,6.76058,-5.29603
2.858,0.681087,2.5372,6.85152,-5.22662
2.86,0.696427,2.528,6.93335,-5.16415
2.862,0.708699,2.52186,6.85361,-4.95453
2.864,0.724039,2.51266,6.93524,-4.91927
2.866,0.736311,2.50346,6.85531,-4.88754
2.868,0.751651,2.49732,6.93677,-4.70558
2.87,0.763922,2.48812,6.85668,-4.69522
2.872,0.776194,2.47891,6.78461,-4.68589
2.874,0.791534,2.47278,6.87314,-4.5241
2.876,0.803806,2.46664,6.79942,-4.37848
2.878,0.819146,2.46051,6.88646,-4.24743
2.88,0.831418,2.4513,6.81141,-4.28288
2.882,0.846757,2.44517,6.89726,-4.16139
2.884,0.859029,2.43903,6.82113,-4.05205
2.886,0.871301,2.43289,6.75261,-3.95364
2.888,0.886641,2.42676,6.84434,-3.86507
2.89,0.898913,2.42369,6.77349,-3.63196
2.892,0.911185,2.41755,6.70974,-3.57556
2.894,0.926524,2.41142,6.80575,-3.5248
2.896,0.938796,2.40835,6.73877,-3.32572
2.898,0.954136,2.40221,6.83188,-3.29994
2.9,0.966408,2.39915,6.76229,-3.12335
2.902,0.981748,2.39301,6.85305,-3.11781
2.904,0.99402,2.38994,6.78134,-2.95943
2.906,1.00629,2.38687,6.7168,-2.81688
2.908,1.01856,2.38381,6.65871,-2.68859
2.91,1.0339,2.38074,6.75983,-2.57313
2.912,1.04617,2.37767,6.69744,-2.46922
2.914,1.05845,2.3746,6.64129,-2.37569
2.916,1.07379,2.37153,6.74415,-2.29152
2.918,1.08606,2.37153,6.68333,-2.06237
2.92,1.09833,2.36847,6.62859,-2.00953
2.922,1.11367,2.36847,6.73272,-1.80858
2.924,1.12594,2.3654,6.67304,-1.78112
2.926,1.14128,2.3654,6.77272,-1.60301
2.928,1.15355,2.3654,6.70904,-1.44271
2.93,1.16583,2.36233,6.65173,-1.45183
2.932,1.1781,2.36233,6.60015,-1.30665
2.934,1.19344,2.36233,6.70713,-1.17598
2.936,1.20571,2.36233,6.65001,-1.05839
2.938,1.21798,2.36233,6.5986,-0.952547
2.94,1.23332,2.3654,6.70573,-0.703895
2.942,1.24559,2.3654,6.64875,-0.633505
2.944,1.25786,2.3654,6.59747,-0.570155
2.946,1.2732,2.36847,6.70471,-0.359741
2.948,1.28548,2.36847,6.64783,-0.323767
2.95,1.29775,2.37153,6.59664,-0.137992
2.952,1.31309,2.37153,6.70397,-0.124193
2.954,1.32536,2.3746,6.64716,0.0416244
2.956,1.33763,2.37767,6.59604,0.19086
2.958,1.3499,2.38381,6.55003,0.47857
2.96,1.36217,2.38687,6.50862,0.584111
2.962,1.37445,2.38994,6.47135,0.679098
2.964,1.38672,2.39608,6.4378,0.917985
2.966,1.39592,2.40221,6.25422,1.13298
2.968,1.40819,2.40528,6.24239,1.17308
2.97,1.4174,2.41449,6.07834,1.51597
2.972,1.4266,2.42062,5.9307,1.67117
2.974,1.43887,2.42983,5.95123,1.96424
2.976,1.44808,2.43596,5.8163,2.07462
2.978,1.45421,2.44517,5.54146,2.32735
2.98,1.46342,2.45437,5.44751,2.55481
2.982,1.47262,2.46664,5.36295,2.91292
2.984,1.47876,2.47891,5.13346,3.23522
2.986,1.48489,2.48812,4.92691,3.37189
2.988,1.49103,2.50039,4.74101,3.6483
2.99,1.49717,2.51573,4.57371,4.05046
2.992,1.5033,2.528,4.42313,4.259
2.994,1.50637,2.54334,4.13422,4.60009
2.996,1.50944,2.55868,3.87419,4.90707
2.998,1.51251,2.57402,3.64017,5.18336
3,1.51557,2.59243,3.42955,5.58541
3.002,1.51864,2.61084,3.24,5.94726
3.004,1.52171,2.62924,3.06939,6.27292
3.006,1.52171,2.64765,2.76245,6.56602
3.008,1.52171,2.66913,2.48621,6.9832
3.01,1.52171,2.6906,2.23759,7.35867
3.012,1.52171,2.71208,2.01383,7.69659
3.014,1.51864,2.73355,1.65905,8.00072
3.016,1.51557,2.7581,1.33975,8.42783
3.018,1.51251,2.78264,1.05237,8.81223
3.02,1.50637,2.81025,0.64034,9.31159
3.022,1.50023,2.8348,0.269509,9.60762
3.024,1.4941,2.86241,-0.0642377,10.0274
3.026,1.48796,2.89309,-0.36461,10.5587
3.028,1.47876,2.9207,-0.788343,10.8834
3.03,1.47262,2.95138,-1.01631,11.329
3.032,1.46342,2.98513,-1.37487,11.8835
3.034,1.45115,3.01581,-1.85097,12.2291
3.036,1.44194,3.04955,-2.12607,12.6936
3.038,1.42967,3.0833,-2.52706,13.1116
3.04,1.4174,3.11705,-2.88794,13.4878
3.042,1.40206,-3.12932,-3.36614,13.9798
3.044,1.38979,-3.09557,-3.64312,14.2692
3.046,1.37751,-3.05876,-3.8924,14.6831
3.048,1.36217,-3.02194,-4.27015,15.0555
3.05,1.3499,-2.98513,-4.45673,15.3908
3.052,1.33456,-2.94831,-4.77804,15.6925
3.054,1.31922,-2.91456,-5.06723,15.8106
3.056,1.30695,-2.88082,-5.1741,15.9169
3.058,1.29161,-2.844,-5.42368,16.166
3.06,1.27934,-2.80718,-5.4949,16.3902
3.062,1.26707,-2.77344,-5.55901,16.4385
3.064,1.25173,-2.73662,-5.7701,16.6355
3.066,1.23946,-2.70287,-5.80668,16.6593
3.068,1.22718,-2.66913,-5.8396,16.6807
3.07,1.21491,-2.63538,-5.86923,16.7001
3.072,1.20264,-2.6047,-5.8959,16.564
3.074,1.19344,-2.57095,-5.76651,16.595
3.076,1.18117,-2.54027,-5.80345,16.4695
3.078,1.16889,-2.50959,-5.8367,16.3565
3.08,1.15969,-2.47891,-5.71322,16.2548
3.082,1.15049,-2.44823,-5.60209,16.1633
3.084,1.14128,-2.41755,-5.50208,16.081
3.086,1.13208,-2.38994,-5.41206,15.8535
3.088,1.11981,-2.35926,-5.48445,15.8021
3.09,1.11367,-2.33165,-5.2428,15.6025
3.092,1.10447,-2.30404,-5.17872,15.4228
3.094,1.09526,-2.27643,-5.12104,15.2611
3.096,1.08913,-2.25188,-4.91573,14.9622
3.098,1.07992,-2.22427,-4.88435,14.8466
3.1,1.07379,-2.19973,-4.70271,14.5891
3.102,1.06458,-2.17518,-4.69264,14.3574
3.104,1.05845,-2.15064,-4.53017,14.1488
3.106,1.05231,-2.1261,-4.38395,13.9611
3.108,1.04617,-2.10155,-4.25235,13.7922
3.11,1.04004,-2.08008,-4.13391,13.4868
3.112,1.0339,-2.0586,-4.02732,13.2119
3.114,1.0247,-2.03713,-4.08478,12.9645
3.116,1.02163,-2.01258,-3.8297,12.8952
3.118,1.0155,-1.99418,-3.75352,12.5261
3.12,1.00936,-1.9727,-3.68497,12.3472
3.122,1.00322,-1.95122,-3.62327,12.1863
3.124,0.997088,-1.93282,-3.56774,11.8881
3.126,0.990952,-1.91441,-3.51776,11.6197
3.128,0.984816,-1.896,-3.47278,11.3781
3.13,0.981748,-1.87759,-3.2789,11.1607
3.132,0.975612,-1.85918,-3.25781,10.965
3.134,0.969476,-1.84384,-3.23882,10.6355
3.136,0.96334,-1.82544,-3.22174,10.4923
3.138,0.960272,-1.8101,-3.05296,10.2101
3.14,0.954136,-1.79476,-3.05446,9.95605
3.142,0.948,-1.77942,-3.05581,9.72744
3.144,0.944932,-1.76408,-2.90363,9.52169
3.146,0.938796,-1.74874,-2.92006,9.33651
3.148,0.93266,-1.73647,-2.93485,9.01645
3.15,0.929592,-1.72419,-2.79476,8.7284
3.152,0.923456,-1.70885,-2.82208,8.62255
3.154,0.920388,-1.69658,-2.69327,8.37388
3.156,0.914253,-1.68431,-2.73074,8.15009
3.158,0.908117,-1.67511,-2.76446,7.79527
3.16,0.901981,-1.66284,-2.79481,7.62934
3.162,0.898913,-1.65363,-2.66873,7.3266
3.164,0.892777,-1.64443,-2.70865,7.05413
3.166,0.886641,-1.63216,-2.74458,6.96231
3.168,0.880505,-1.62602,-2.77692,6.57288
3.17,0.877437,-1.61682,-2.65263,6.37578
3.172,0.871301,-1.60761,-2.69416,6.1984
3.174,0.865165,-1.60148,-2.73154,5.88536
3.176,0.859029,-1.59227,-2.76518,5.75701
3.178,0.852893,-1.58614,-2.79546,5.48811
3.18,0.849825,-1.58,-2.66931,5.24609
3.182,0.843689,-1.57386,-2.70918,5.02828
3.184,0.837554,-1.5708,-2.74506,4.67885
3.186,0.831418,-1.56466,-2.77735,4.51776
3.188,0.825282,-1.56159,-2.80641,4.21938
3.19,0.819146,-1.55852,-2.83256,3.95084
3.192,0.81301,-1.55546,-2.8561,3.70916
3.194,0.806874,-1.55239,-2.87729,3.49164
3.196,0.800738,-1.54932,-2.89636,3.29587
3.198,0.79767,-1.54932,-2.76012,2.96629
3.2,0.791534,-1.54625,-2.7909,2.82306
3.202,0.785398,-1.54625,-2.81861,2.54075
3.204,0.779262,-1.54625,-2.84354,2.28668
3.206,0.773126,-1.54625,-2.86599,2.05801
3.208,0.770058,-1.54625,-2.73279,1.85221
3.21,0.763922,-1.54932,-2.7663,1.51359
3.212,0.757787,-1.54932,-2.79647,1.36223
3.214,0.751651,-1.55239,-2.82362,1.07261
3.216,0.748583,-1.55546,-2.69465,0.811949
3.218,0.742447,-1.55852,-2.73199,0.577356
3.22,0.739379,-1.56159,-2.61218,0.366223
3.222,0.733243,-1.56466,-2.65776,0.176202
3.224,0.727107,-1.5708,-2.69878,-0.148214
3.226,0.724039,-1.57693,-2.5823,-0.440189
3.228,0.717903,-1.58,-2.63087,-0.549568
3.23,0.714835,-1.58614,-2.52118,-0.801407
3.232,0.711767,-1.59227,-2.42246,-1.02806
3.234,0.705631,-1.60148,-2.48701,-1.38545
3.236,0.702563,-1.60761,-2.39171,-1.5537
3.238,0.696427,-1.61682,-2.45933,-1.85853
3.24,0.693359,-1.62295,-2.3668,-1.97947
3.242,0.690291,-1.63216,-2.28352,-2.24172
3.244,0.684155,-1.64136,-2.36196,-2.47774
3.246,0.681087,-1.65363,-2.27916,-2.84356
3.248,0.67802,-1.66284,-2.20464,-3.0194
3.25,0.674952,-1.67204,-2.13758,-3.17765
3.252,0.671884,-1.68431,-2.07722,-3.47348
3.254,0.668816,-1.69658,-2.02289,-3.73972
3.256,0.665748,-1.70885,-1.974,-3.97934
3.258,0.66268,-1.72113,-1.93,-4.195
3.26,0.659612,-1.73647,-1.8904,-4.54249
3.262,0.656544,-1.74874,-1.85476,-4.70183
3.264,0.653476,-1.76408,-1.82268,-4.99864
3.266,0.650408,-1.77942,-1.79381,-5.26577
3.268,0.650408,-1.79476,-1.61443,-5.50618
3.27,0.64734,-1.8101,-1.60638,-5.72255
3.272,0.64734,-1.82544,-1.44575,-5.91729
3.274,0.644272,-1.84384,-1.45457,-6.24595
3.276,0.644272,-1.86225,-1.30911,-6.54174
3.278,0.641204,-1.87759,-1.3316,-6.65456
3.28,0.641204,-1.89907,-1.19844,-7.06289
3.282,0.641204,-1.91748,-1.0786,-7.27699
3.284,0.641204,-1.93588,-0.970736,-7.46968
3.286,0.641204,-1.95736,-0.873662,-7.7965
3.288,0.641204,-1.97884,-0.786296,-8.09063
3.29,0.641204,-2.00031,-0.707666,-8.35536
3.292,0.641204,-2.02179,-0.6369,-8.59361
3.294,0.644272,-2.04326,-0.419812,-8.80803
3.296,0.64734,-2.06781,-0.224432,-9.15441
3.298,0.64734,-2.08928,-0.201989,-9.31276
3.3,0.650408,-2.11383,-0.0283921,-9.60867
3.302,0.653476,-2.14144,0.127845,-10.0284
3.304,0.656544,-2.16598,0.268459,-10.2527
3.306,0.659612,-2.19359,0.395011,-10.608
3.308,0.665748,-2.21814,0.662306,-10.7744
3.31,0.668816,-2.24575,0.749473,-11.0776
3.312,0.674952,-2.27643,0.981322,-11.5038
3.314,0.681087,-2.30404,1.18999,-11.734
3.316,0.687223,-2.33472,1.37778,-12.0946
3.318,0.693359,-2.3654,1.5468,-12.4191
3.32,0.702563,-2.39608,1.85232,-12.7112
3.322,0.711767,-2.42983,2.12728,-13.1274
3.324,0.720971,-2.46357,2.37474,-13.5021
3.326,0.730175,-2.49732,2.59746,-13.8392
3.328,0.742447,-2.53107,2.95131,-14.1427
3.33,0.754719,-2.56788,3.26977,-14.5692
3.332,0.76699,-2.6047,3.55639,-14.9531
3.334,0.779262,-2.64458,3.81434,-15.4519
3.336,0.794602,-2.6814,4.1999,-15.7475
3.338,0.809942,-2.72435,4.5469,-16.3203
3.34,0.82835,-2.76423,5.0126,-16.6825
3.342,0.846757,-2.80718,5.43173,-17.1618
3.344,0.865165,-2.85014,5.80894,-17.5932
3.346,0.886641,-2.89616,6.30183,-18.1348
3.348,0.905049,-2.94218,6.59204,-18.6223
3.35,0.926524,-2.98819,7.00662,-19.0611
3.352,0.951068,-3.03421,7.53314,-19.4559
3.354,0.972544,-3.0833,7.85362,-19.9647
3.356,0.997088,-3.12932,8.29544,-20.2692
3.358,1.02163,3.10478,8.69308,-20.6967
3.36,1.04617,3.05569,9.05096,-21.0814
3.362,1.07072,3.0066,9.37305,-21.4276
3.364,1.09219,2.95751,9.50953,-21.7392
3.366,1.11674,2.9115,9.78576,-21.8663
3.368,1.13821,2.86548,9.88097,-21.9806
3.37,1.15969,2.81946,9.96666,-22.0835
3.372,1.18117,2.77344,10.0438,-22.1761
3.374,1.19957,2.72742,9.95979,-22.2595
3.376,1.21798,2.68447,9.8842,-22.1811
3.378,1.23639,2.64151,9.81617,-22.1106
3.38,1.2548,2.60163,9.75494,-21.8937
3.382,1.27014,2.55868,9.54644,-21.8519
3.384,1.28548,2.5188,9.35878,-21.6609
3.386,1.30082,2.48198,9.1899,-21.3356
3.388,1.31616,2.4421,9.0379,-21.1962
3.39,1.32843,2.40528,8.7477,-20.9173
3.392,1.3407,2.36847,8.48652,-20.6664
3.394,1.35297,2.33472,8.25146,-20.2871
3.396,1.36217,2.2979,7.88651,-20.0992
3.398,1.37445,2.26416,7.71145,-19.7767
3.4,1.38365,2.23041,7.4005,-19.4864
3.402,1.39285,2.19973,7.12064,-19.0717
3.404,1.40206,2.16598,6.86877,-18.8519
3.406,1.41126,2.1353,6.64209,-18.5007
3.408,1.4174,2.10462,6.28468,-18.1846
3.41,1.4266,2.07394,6.1164,-17.9001
3.412,1.43274,2.04633,5.81156,-17.4907
3.414,1.43887,2.01565,5.5372,-17.2756
3.416,1.44501,1.98804,5.29028,-16.9286
3.418,1.45115,1.96043,5.06804,-16.6164
3.42,1.45421,1.93282,4.71464,-16.3353
3.422,1.46035,1.90827,4.54997,-15.929
3.424,1.46649,1.88066,4.40177,-15.7166
3.426,1.46955,1.85612,4.11499,-15.3722
3.428,1.47262,1.83157,3.85689,-15.0621
3.43,1.47876,1.80703,3.778,-14.7831
3.432,1.48183,1.78249,3.5536,-14.532
3.434,1.48489,1.76101,3.35163,-14.1526
3.436,1.48796,1.73647,3.16987,-13.9645
3.438,1.49103,1.71499,3.00628,-13.6418
3.44,1.4941,1.69351,2.85905,-13.3514
3.442,1.49717,1.67204,2.72654,-13.0901
3.444,1.50023,1.65056,2.60729,-12.8549
3.446,1.50023,1.63216,2.34656,-12.4898
3.448,1.5033,1.61068,2.2653,-12.3146
3.45,1.50637,1.59227,2.19217,-12.0035
3.452,1.50637,1.57386,1.97295,-11.7235
3.454,1.50944,1.55546,1.92905,-11.4716
3.456,1.50944,1.53705,1.73615,-11.2448
3.458,1.51251,1.52171,1.71593,-10.8873
3.46,1.51251,1.50637,1.54434,-10.5656
3.462,1.51557,1.48796,1.5433,-10.4294
3.464,1.51557,1.47262,1.38897,-10.1535
3.466,1.51557,1.45728,1.25008,-9.9051
3.468,1.51557,1.44194,1.12507,-9.68158
3.47,1.51557,1.42967,1.01256,-9.32701
3.472,1.51864,1.41433,1.0647,-9.1613
3.474,1.51864,1.40206,0.958233,-8.85877
3.476,1.51864,1.38979,0.86241,-8.58648
3.478,1.51864,1.37445,0.776169,-8.49482
3.48,1.51864,1.36217,0.698552,-8.25893
3.482,1.51557,1.35297,0.475299,-7.89323
3.484,1.51557,1.3407,0.427769,-7.7175
3.486,1.51557,1.3315,0.384992,-7.40595
3.488,1.51251,1.31922,0.193095,-7.27894
3.49,1.51251,1.31002,0.173785,-7.01124
3.492,1.51251,1.30082,0.156407,-6.77031
3.494,1.50944,1.29161,-0.0126322,-6.55348
3.496,1.50944,1.28241,-0.0113689,-6.35832
3.498,1.50944,1.27627,-0.0102321,-6.02929
3.5,1.50637,1.26707,-0.162607,-5.88655
3.502,1.5033,1.26093,-0.299744,-5.60469
3.504,1.5033,1.2548,-0.26977,-5.35102
3.506,1.50023,1.24866,-0.396191,-5.12271
3.508,1.50023,1.24252,-0.356572,-4.91724
3.51,1.49717,1.23639,-0.474313,-4.73231
3.512,1.49717,1.23025,-0.426881,-4.56588
3.514,1.4941,1.22718,-0.537591,-4.26269
3.516,1.49103,1.22105,-0.63723,-4.14321
3.518,1.49103,1.21798,-0.573507,-3.88229
3.52,1.48796,1.21491,-0.669555,-3.64746
3.522,1.48489,1.21184,-0.755997,-3.43611
3.524,1.48489,1.21184,-0.680398,-3.0925
3.526,1.48183,1.20878,-0.765756,-2.93665
3.528,1.47876,1.20571,-0.842578,-2.79638
3.53,1.47569,1.20571,-0.911719,-2.51674
3.532,1.47262,1.20571,-0.973945,-2.26507
3.534,1.47262,1.20571,-0.87655,-2.03856
3.536,1.46955,1.20571,-0.942293,-1.83471
3.538,1.46649,1.20571,-1.00146,-1.65124
3.54,1.46342,1.20878,-1.05471,-1.33271
3.542,1.46035,1.20878,-1.10264,-1.19944
3.544,1.45728,1.21184,-1.14577,-0.9261
3.546,1.45421,1.21491,-1.1846,-0.680092
3.548,1.45115,1.21798,-1.21953,-0.458685
3.55,1.44808,1.22105,-1.25098,-0.259418
3.552,1.44808,1.22412,-1.12588,-0.0800784
3.554,1.44194,1.22718,-1.32009,0.0813275
3.556,1.44194,1.23332,-1.18808,0.379991
3.558,1.43887,1.23946,-1.22267,0.648788
3.56,1.43581,1.24252,-1.2538,0.737307
3.562,1.43274,1.25173,-1.28182,1.12377
3.564,1.42967,1.25786,-1.30704,1.31819
3.566,1.4266,1.264,-1.32973,1.49317
3.568,1.42353,1.27014,-1.35015,1.65065
3.57,1.42047,1.27934,-1.36854,1.94578
3.572,1.4174,1.28854,-1.38508,2.21139
3.574,1.41433,1.29775,-1.39997,2.45045
3.576,1.41433,1.30695,-1.25997,2.6656
3.578,1.41126,1.31616,-1.28738,2.85923
3.58,1.40819,1.32843,-1.31204,3.1869
3.582,1.40513,1.33763,-1.33423,3.3284
3.584,1.40206,1.3499,-1.35421,3.60916
3.586,1.40206,1.36217,-1.21878,3.86183
3.588,1.39899,1.37445,-1.2503,4.08924
3.59,1.39592,1.38672,-1.27867,4.29391
3.592,1.39285,1.39899,-1.3042,4.47811
3.594,1.38979,1.41433,-1.32718,4.79729
3.596,1.38979,1.42967,-1.19446,5.08455
3.598,1.38672,1.44501,-1.22841,5.34309
3.6,1.38365,1.46035,-1.25897,5.57577
3.602,1.38058,1.47569,-1.28647,5.78518
3.604,1.37751,1.49103,-1.31122,5.97365
3.606,1.37751,1.50944,-1.1801,6.29668
3.608,1.37445,1.52478,-1.21549,6.434
3.61,1.37138,1.54318,-1.24734,6.71099
3.612,1.36831,1.56159,-1.276,6.96028
3.614,1.36524,1.58,-1.3018,7.18464
3.616,1.36217,1.59841,-1.32502,7.38656
3.618,1.35911,1.61988,-1.34591,7.72169
3.62,1.35297,1.63829,-1.51812,7.86991
3.622,1.3499,1.65977,-1.51971,8.15671
3.624,1.34684,1.68124,-1.52113,8.41482
3.626,1.3407,1.70272,-1.67582,8.64713
3.628,1.33763,1.72419,-1.66163,8.8562
3.63,1.3315,1.74874,-1.80227,9.19777
3.632,1.32843,1.77021,-1.77544,9.35178
3.634,1.32229,1.79476,-1.90469,9.64378
3.636,1.31616,1.8193,-2.02102,9.90659
3.638,1.31002,1.84384,-2.12571,10.1431
3.64,1.30388,1.87146,-2.21994,10.5094
3.642,1.29468,1.896,-2.45814,10.6856
3.644,1.28854,1.92361,-2.51912,10.9977
3.646,1.27934,1.95122,-2.7274,11.2785
3.648,1.2732,1.97884,-2.76146,11.5312
3.65,1.264,2.00645,-2.94551,11.7587
3.652,1.2548,2.03713,-3.11115,12.1168
3.654,1.24252,2.06474,-3.41363,12.2857
3.656,1.23332,2.09849,-3.53246,12.7445
3.658,1.22105,2.12917,-3.7928,13.004
3.66,1.20878,2.15984,-4.02712,13.2376
3.662,1.19651,2.19359,-4.238,13.6012
3.664,1.18423,2.22734,-4.42779,13.9285
3.666,1.16889,2.26109,-4.752,14.223
3.668,1.15355,2.29484,-5.04379,14.4881
3.67,1.13821,2.33165,-5.3064,14.8801
3.672,1.11981,2.36847,-5.69615,15.2328
3.674,1.10447,2.40528,-5.89353,15.5503
3.676,1.08299,2.44517,-6.37796,15.9895
3.678,1.06458,2.48505,-6.66055,16.3847
3.68,1.04311,2.528,-7.06828,16.8938
3.682,1.01856,2.56788,-7.58864,17.1986
3.684,0.997088,2.61084,-7.90356,17.6263
3.686,0.969476,2.65685,-8.49379,18.1646
3.688,0.944932,2.70287,-8.87159,18.6492
3.69,0.917321,2.74889,-9.36502,19.0852
3.692,0.886641,2.79491,-9.9625,19.4777
3.694,0.855961,2.844,-10.5002,19.9843
3.696,0.825282,2.89616,-10.9842,20.5936
3.698,0.788466,2.94524,-11.7265,20.9886
3.7,0.754719,3.00047,-12.2413,21.6509
3.702,0.720971,3.05262,-12.7045,22.0936
3.704,0.684155,3.10478,-13.2748,22.492
3.706,0.650408,-3.12318,-13.6347,23.004
3.708,0.613592,-3.07103,-14.112,23.3113
3.71,0.576777,-3.01581,-14.5416,23.7414
3.712,0.543029,-2.96365,-14.7748,23.975
3.714,0.509282,-2.9115,-14.9847,24.1853
3.716,0.475534,-2.85934,-15.1736,24.3745
3.718,0.444854,-2.80718,-15.1903,24.5448
3.72,0.414175,-2.7581,-15.2052,24.5447
3.722,0.383495,-2.70901,-15.2187,24.5446
3.724,0.355884,-2.65992,-15.0774,24.5445
3.726,0.325204,-2.6139,-15.1036,24.391
3.728,0.30066,-2.56788,-14.8204,24.2529
3.73,0.276117,-2.52186,-14.5656,24.1286
3.732,0.251573,-2.47891,-14.3362,23.8633
3.734,0.227029,-2.43596,-14.1298,23.6245
3.736,0.205553,-2.39301,-13.7906,23.4097
3.738,0.184078,-2.35006,-13.4853,23.2163
3.74,0.162602,-2.31018,-13.2106,22.8888
3.742,0.144194,-2.27029,-12.8099,22.5941
3.744,0.125786,-2.23041,-12.4493,22.3289
3.746,0.107379,-2.19052,-12.1248,22.0902
3.748,0.0889709,-2.15371,-11.8327,21.7219
3.75,0.0736311,-2.11689,-11.4164,21.3905
3.752,0.0582913,-2.08008,-11.0417,21.0922
3.754,0.0429515,-2.04326,-10.7046,20.8238
3.756,0.0276117,-2.00951,-10.4011,20.4288
3.758,0.0122718,-1.9727,-10.128,20.2267
3.76,-0,-1.93895,-9.72877,19.8914
3.762,-0.0122718,-1.9052,-9.36949,19.5896
3.764,-0.0245437,-1.87452,-9.04613,19.1647
3.766,-0.0368155,-1.84078,-8.75511,18.9356
3.768,-0.0490874,-1.8101,-8.49319,18.576
3.77,-0.0613592,-1.77635,-8.25746,18.4058
3.772,-0.0705631,-1.74567,-7.89191,18.0992
3.774,-0.082835,-1.71806,-7.71631,17.6698
3.776,-0.0920388,-1.68738,-7.40488,17.4368
3.778,-0.101243,-1.6567,-7.12458,17.2271
3.78,-0.110447,-1.62909,-6.87232,16.885
3.782,-0.122718,-1.60148,-6.79868,16.5771
3.784,-0.131922,-1.5708,-6.57901,16.4534
3.786,-0.141126,-1.54625,-6.3813,16.0352
3.788,-0.147262,-1.51864,-6.04997,15.8123
3.79,-0.156466,-1.4941,-5.90516,15.4582
3.792,-0.16567,-1.46649,-5.77484,15.293
3.794,-0.171806,-1.44194,-5.50415,14.9909
3.796,-0.18101,-1.4174,-5.41393,14.719
3.798,-0.187146,-1.39285,-5.17933,14.4743
3.8,-0.19635,-1.36831,-5.1216,14.254
3.802,-0.202485,-1.34377,-4.91623,14.0558
3.804,-0.208621,-1.32229,-4.73141,13.724
3.806,-0.217825,-1.29775,-4.71846,13.5788
3.808,-0.223961,-1.27627,-4.55341,13.2947
3.81,-0.230097,-1.2548,-4.40486,13.039
3.812,-0.236233,-1.23332,-4.27117,12.8089
3.814,-0.242369,-1.21184,-4.15085,12.6018
3.816,-0.248505,-1.19344,-4.04256,12.262
3.818,-0.254641,-1.17196,-3.9451,12.1096
3.82,-0.260777,-1.15355,-3.85739,11.819
3.822,-0.266913,-1.13208,-3.77845,11.7109
3.824,-0.273049,-1.11367,-3.7074,11.4602
3.826,-0.279185,-1.09526,-3.64345,11.2346
3.828,-0.282252,-1.07685,-3.43251,11.0315
3.83,-0.288388,-1.06151,-3.39605,10.6953
3.832,-0.294524,-1.04311,-3.36324,10.5462
3.834,-0.30066,-1.02777,-3.33372,10.2586
3.836,-0.303728,-1.00936,-3.15374,10.1531
3.838,-0.309864,-0.99402,-3.14516,9.90478
3.84,-0.316,-0.97868,-3.13744,9.68129
3.842,-0.319068,-0.96334,-2.9771,9.48015
3.844,-0.325204,-0.948,-2.98618,9.29913
3.846,-0.33134,-0.93266,-2.99436,9.13621
3.848,-0.334408,-0.920388,-2.84832,8.83618
3.85,-0.340544,-0.905049,-2.87029,8.71955
3.852,-0.34668,-0.892777,-2.89005,8.46119
3.854,-0.352816,-0.880505,-2.90785,8.22866
3.856,-0.355884,-0.868233,-2.77046,8.01939
3.858,-0.362019,-0.855961,-2.80021,7.83104
3.86,-0.365087,-0.843689,-2.67359,7.66153
3.862,-0.371223,-0.834486,-2.71302,7.35557
3.864,-0.377359,-0.822214,-2.74852,7.23361
3.866,-0.383495,-0.81301,-2.78046,6.97044
3.868,-0.389631,-0.800738,-2.80921,6.88699
3.87,-0.392699,-0.791534,-2.68169,6.65848
3.872,-0.398835,-0.78233,-2.72032,6.45283
3.874,-0.404971,-0.773126,-2.75508,6.26774
3.876,-0.411107,-0.76699,-2.78637,5.94776
3.878,-0.417243,-0.757787,-2.81453,5.81318
3.88,-0.423379,-0.751651,-2.83987,5.53866
3.882,-0.426447,-0.742447,-2.70928,5.44499
3.884,-0.432583,-0.736311,-2.74515,5.20728
3.886,-0.438719,-0.730175,-2.77743,4.99335
3.888,-0.444854,-0.724039,-2.80648,4.80081
3.89,-0.45099,-0.717903,-2.83263,4.62753
3.892,-0.457126,-0.714835,-2.85617,4.31817
3.894,-0.463262,-0.708699,-2.87734,4.19315
3.896,-0.472466,-0.705631,-3.0498,3.92723
3.898,-0.478602,-0.699495,-3.05162,3.84131
3.9,-0.484738,-0.696427,-3.05325,3.61057
3.902,-0.490874,-0.693359,-3.05473,3.40292
3.904,-0.49701,-0.690291,-3.05605,3.21602
3.906,-0.503146,-0.687223,-3.05724,3.04782
3.908,-0.509282,-0.687223,-3.05831,2.74304
3.91,-0.515418,-0.684155,-3.05928,2.62213
3.912,-0.524621,-0.684155,-3.21354,2.35992
3.914,-0.530757,-0.681087,-3.19899,2.27732
3.916,-0.536893,-0.681087,-3.18588,2.04959
3.918,-0.546097,-0.681087,-3.32749,1.84463
3.92,-0.552233,-0.681087,-3.30154,1.66017
3.922,-0.558369,-0.681087,-3.27818,1.49415
3.924,-0.564505,-0.684155,-3.25716,1.19134
3.926,-0.573709,-0.684155,-3.39164,1.0722
3.928,-0.579845,-0.687223,-3.35927,0.811586
3.93,-0.589049,-0.687223,-3.48354,0.730428
3.932,-0.595185,-0.690291,-3.44198,0.503987
3.934,-0.60132,-0.693359,-3.40458,0.30019
3.936,-0.610524,-0.696427,-3.52431,0.116773
3.938,-0.61666,-0.699495,-3.47868,-0.0483023
3.94,-0.625864,-0.705631,-3.591,-0.350268
3.942,-0.635068,-0.708699,-3.6921,-0.46864
3.944,-0.641204,-0.714835,-3.62968,-0.728572
3.946,-0.650408,-0.720971,-3.72691,-0.962511
3.948,-0.656544,-0.724039,-3.66102,-1.01966
3.95,-0.665748,-0.730175,-3.75511,-1.22449
3.952,-0.674952,-0.736311,-3.83979,-1.40884
3.954,-0.681087,-0.745515,-3.76261,-1.72815
3.956,-0.690291,-0.751651,-3.84654,-1.86213
3.958,-0.699495,-0.760854,-3.92208,-2.13611
3.96,-0.708699,-0.76699,-3.99007,-2.22929
3.962,-0.714835,-0.776194,-3.89786,-2.46656
3.964,-0.724039,-0.785398,-3.96827,-2.6801
3.966,-0.733243,-0.794602,-4.03163,-2.87228
3.968,-0.742447,-0.803806,-4.08866,-3.04525
3.97,-0.748583,-0.816078,-3.98659,-3.35432
3.972,-0.757787,-0.825282,-4.04813,-3.47908
3.974,-0.76699,-0.837554,-4.10351,-3.74476
3.976,-0.776194,-0.846757,-4.15335,-3.83048
3.978,-0.78233,-0.859029,-4.04481,-4.06102
3.98,-0.791534,-0.871301,-4.10053,-4.26851
3.982,-0.800738,-0.883573,-4.15067,-4.45526
3.984,-0.809942,-0.898913,-4.1958,-4.77672
3.986,-0.819146,-0.911185,-4.23641,-4.91264
3.988,-0.82835,-0.923456,-4.27296,-5.03497
3.99,-0.834486,-0.938796,-4.15246,-5.29846
3.992,-0.843689,-0.954136,-4.19741,-5.53561
3.994,-0.852893,-0.969476,-4.23786,-5.74904
3.996,-0.862097,-0.984816,-4.27427,-5.94112
3.998,-0.871301,-1.00016,-4.30704,-6.114
4,-0.880505,-1.0155,-4.33653,-6.26959
4.002,-0.886641,-1.0339,-4.20967,-6.56302
4.004,-0.895845,-1.04924,-4.2489,-6.67371
4.006,-0.905049,-1.06765,-4.2842,-6.92673
4.008,-0.911185,-1.08606,-4.16258,-7.15444
4.01,-0.920388,-1.10447,-4.20652,-7.35939
4.012,-0.929592,-1.12287,-4.24606,-7.54384
4.014,-0.935728,-1.14128,-4.12825,-7.70984
4.016,-0.944932,-1.16276,-4.17562,-8.01264
4.018,-0.951068,-1.18423,-4.06485,-8.28517
4.02,-0.960272,-1.20264,-4.11856,-8.37704
4.022,-0.966408,-1.22412,-4.0135,-8.61312
4.024,-0.975612,-1.24559,-4.07235,-8.8256
4.026,-0.981748,-1.26707,-3.97191,-9.01682
4.028,-0.987884,-1.28854,-3.88151,-9.18893
4.03,-0.99402,-1.31309,-3.80016,-9.49722
4.032,-1.00322,-1.33763,-3.88034,-9.77468
4.034,-1.00936,-1.35911,-3.7991,-9.871
4.036,-1.0155,-1.38365,-3.72598,-10.1111
4.038,-1.02163,-1.40819,-3.66018,-10.3272
4.04,-1.02777,-1.43274,-3.60096,-10.5216
4.042,-1.0339,-1.45728,-3.54766,-10.6967
4.044,-1.04004,-1.48489,-3.49969,-11.0076
4.046,-1.04617,-1.50944,-3.45652,-11.134
4.048,-1.05231,-1.53705,-3.41766,-11.4012
4.05,-1.05538,-1.56466,-3.22929,-11.6416
4.052,-1.06151,-1.59227,-3.21316,-11.8581
4.054,-1.06458,-1.61988,-3.04524,-12.0528
4.056,-1.07072,-1.65056,-3.04751,-12.3815
4.058,-1.07379,-1.67817,-2.89616,-12.524
4.06,-1.07685,-1.70885,-2.75994,-12.8055
4.062,-1.07992,-1.73953,-2.63735,-13.059
4.064,-1.08299,-1.77021,-2.52701,-13.2871
4.066,-1.08606,-1.80089,-2.42771,-13.4923
4.068,-1.08606,-1.83464,-2.18494,-13.8305
4.07,-1.08913,-1.86532,-2.11984,-13.9814
4.072,-1.08913,-1.89907,-1.90786,-14.2706
4.074,-1.08913,-1.93282,-1.71707,-14.531
4.076,-1.08913,-1.96963,-1.54536,-14.9186
4.078,-1.08913,-2.00338,-1.39083,-15.1142
4.08,-1.08606,-2.04019,-1.09835,-15.4435
4.082,-1.08606,-2.07701,-0.988512,-15.7399
4.084,-1.07992,-2.11383,-0.582865,-16.0067
4.086,-1.07685,-2.15064,-0.37118,-16.2468
4.088,-1.07379,-2.19052,-0.180664,-16.6163
4.09,-1.06765,-2.23041,0.144198,-16.9489
4.092,-1.06151,-2.27336,0.436575,-17.4016
4.094,-1.05538,-2.31324,0.699713,-17.6556
4.096,-1.04617,-2.35619,1.08994,-18.0376
4.098,-1.03697,-2.40221,1.44114,-18.5348
4.1,-1.02777,-2.44517,1.75722,-18.8289
4.102,-1.0155,-2.49118,2.19509,-19.247
4.104,-1.00322,-2.54027,2.58917,-19.7766
4.106,-0.990952,-2.58936,2.94385,-20.2534
4.108,-0.972544,-2.63845,3.56985,-20.6824
4.11,-0.957204,-2.6906,3.97986,-21.2219
4.112,-0.938796,-2.74276,4.50226,-21.7075
4.114,-0.917321,-2.79798,5.12582,-22.2979
4.116,-0.895845,-2.85627,5.68702,-22.9827
4.118,-0.871301,-2.9115,6.34551,-23.4456
4.12,-0.846757,-2.97285,6.93814,-24.169
4.122,-0.822214,-3.03115,7.47151,-24.6666
4.124,-0.794602,-3.09251,8.10494,-25.2679
4.126,-0.76699,3.12625,8.67503,-25.9625
4.128,-0.739379,3.06489,9.18811,-26.4342
4.13,-0.711767,3.00353,9.64988,-26.8588
4.132,-0.684155,2.94218,10.0655,-27.2408
4.134,-0.659612,2.88388,10.2861,-27.4313
4.136,-0.635068,2.82252,10.4847,-27.7562
4.138,-0.610524,2.7673,10.6634,-27.7417
4.14,-0.589049,2.70901,10.6708,-27.8821
4.142,-0.567573,2.65379,10.6776,-27.8551
4.144,-0.549165,2.59856,10.5302,-27.8307
4.146,-0.530757,2.54641,10.3976,-27.6554
4.148,-0.51235,2.49425,10.2782,-27.4976
4.15,-0.49701,2.4421,10.0174,-27.3556
4.152,-0.48167,2.39301,9.78261,-27.0744
4.154,-0.469398,2.34392,9.41794,-26.8214
4.156,-0.457126,2.2979,9.08974,-26.4402
4.158,-0.444854,2.25188,8.79436,-26.0972
4.16,-0.435651,2.20586,8.37512,-25.7884
4.162,-0.423379,2.16291,8.1512,-25.3571
4.164,-0.414175,2.11689,7.79627,-25.1224
4.166,-0.408039,2.07701,7.32344,-24.6043
4.168,-0.401903,2.03406,6.89789,-24.2915
4.17,-0.392699,1.99111,6.6683,-24.0099
4.172,-0.386563,1.95122,6.30827,-23.6031
4.174,-0.380427,1.91134,5.98423,-23.237
4.176,-0.377359,1.87452,5.53921,-22.754
4.178,-0.371223,1.83464,5.29208,-22.4728
4.18,-0.368155,1.79476,4.91627,-22.2197
4.182,-0.365087,1.75794,4.57804,-21.8385
4.184,-0.362019,1.72113,4.27364,-21.4954
4.186,-0.358952,1.68431,3.99967,-21.1867
4.188,-0.355884,1.65056,3.7531,-20.7554
4.19,-0.355884,1.61375,3.37779,-20.5206
4.192,-0.352816,1.58,3.19341,-20.1559
4.194,-0.352816,1.54625,2.87407,-19.8277
4.196,-0.352816,1.51251,2.58666,-19.5323
4.198,-0.352816,1.47876,2.328,-19.2665
4.2,-0.352816,1.44808,2.0952,-18.8738
4.202,-0.352816,1.41433,1.88568,-18.6738
4.204,-0.352816,1.38365,1.69711,-18.3404
4.206,-0.352816,1.3499,1.5274,-18.1937
4.208,-0.352816,1.31922,1.37466,-17.9083
4.21,-0.355884,1.28854,1.0838,-17.6515
4.212,-0.355884,1.26093,0.975416,-17.2669
4.214,-0.358952,1.23025,0.724476,-17.0742
4.216,-0.362019,1.19957,0.49863,-16.9008
4.218,-0.365087,1.17196,0.295369,-16.5913
4.22,-0.368155,1.14435,0.112434,-16.3127
4.222,-0.371223,1.11674,-0.0522073,-16.062
4.224,-0.374291,1.08606,-0.200385,-15.9898
4.226,-0.377359,1.05845,-0.333744,-15.7714
4.228,-0.380427,1.03084,-0.453768,-15.5749
4.23,-0.386563,1.00629,-0.715187,-15.2446
4.232,-0.389631,0.97868,-0.797067,-15.1007
4.234,-0.392699,0.951068,-0.870758,-14.9712
4.236,-0.398835,0.926524,-1.09048,-14.7013
4.238,-0.404971,0.898913,-1.28823,-14.6117
4.24,-0.408039,0.874369,-1.3128,-14.3777
4.242,-0.414175,0.849825,-1.48832,-14.1671
4.244,-0.420311,0.825282,-1.64628,-13.9776
4.246,-0.426447,0.800738,-1.78845,-13.807
4.248,-0.429515,0.776194,-1.763,-13.6535
4.25,-0.435651,0.751651,-1.8935,-13.5154
4.252,-0.441786,0.727107,-2.01095,-13.391
4.254,-0.447922,0.702563,-2.11665,-13.2791
4.256,-0.454058,0.681087,-2.21178,-13.025
4.258,-0.460194,0.656544,-2.2974,-12.9497
4.26,-0.46633,0.635068,-2.37445,-12.7285
4.262,-0.472466,0.610524,-2.4438,-12.6828
4.264,-0.478602,0.589049,-2.50622,-12.4883
4.266,-0.484738,0.567573,-2.56239,-12.3133
4.268,-0.490874,0.546097,-2.61295,-12.1557
4.27,-0.500078,0.524621,-2.81185,-12.0139
4.272,-0.503146,0.503146,-2.68406,-11.8863
4.274,-0.51235,0.48167,-2.87585,-11.7715
4.276,-0.518486,0.460194,-2.89506,-11.6681
4.278,-0.524621,0.438719,-2.91235,-11.5751
4.28,-0.530757,0.420311,-2.92791,-11.338
4.282,-0.536893,0.398835,-2.94192,-11.278
4.284,-0.546097,0.377359,-3.10792,-11.224
4.286,-0.552233,0.358952,-3.10392,-11.022
4.288,-0.558369,0.340544,-3.10033,-10.8401
4.29,-0.564505,0.319068,-3.09709,-10.8299
4.292,-0.570641,0.30066,-3.09418,-10.6673
4.294,-0.576777,0.282252,-3.09156,-10.521
4.296,-0.585981,0.260777,-3.2426,-10.5427
4.298,-0.589049,0.242369,-3.07173,-10.4088
4.3,-0.598253,0.223961,-3.22475,-10.2883
4.302,-0.604388,0.205553,-3.20908,-10.1799
4.304,-0.610524,0.187146,-3.19496,-10.0823
4.306,-0.61666,0.171806,-3.18226,-9.84102
4.308,-0.619728,0.15033,-3.01744,-9.9307
4.31,-0.61666,0.13499,-2.56229,-9.70462
4.312,-0.61666,0.119651,-2.30606,-9.50115
4.314,-0.619728,0.107379,-2.22886,-9.16463
4.316,-0.619728,0.0981748,-2.00597,-8.70836
4.318,-0.61666,0.0859029,-1.65198,-8.45112
4.32,-0.613592,0.076699,-1.33338,-8.0662
4.322,-0.610524,0.0705631,-1.04664,-7.56638
4.324,-0.604388,0.0644272,-0.635183,-7.11653
4.326,-0.60132,0.0613592,-0.418267,-6.55828
4.328,-0.595185,0.0552233,-0.0696439,-6.20925
4.33,-0.589049,0.0521553,0.244117,-5.74172
4.332,-0.579845,0.0490874,0.679899,-5.32095
4.334,-0.573709,0.0460194,0.918705,-4.94225
4.336,-0.564505,0.0460194,1.28703,-4.44802
4.338,-0.552233,0.0429515,1.77192,-4.15662
4.34,-0.543029,0.0429515,2.05492,-3.74096
4.342,-0.533825,0.0429515,2.30962,-3.36686
4.344,-0.521553,0.0460194,2.69225,-2.87678
4.346,-0.51235,0.0460194,2.88322,-2.5891
4.348,-0.500078,0.0490874,3.20849,-2.17679
4.35,-0.484738,0.0490874,3.65463,-1.95911
4.352,-0.472466,0.0521553,3.90276,-1.6098
4.354,-0.457126,0.0582913,4.27948,-1.14203
4.356,-0.444854,0.0613592,4.46512,-0.874426
4.358,-0.429515,0.0644272,4.7856,-0.633586
4.36,-0.414175,0.0705631,5.07403,-0.263431
4.362,-0.395767,0.076699,5.48702,0.0697083
4.364,-0.380427,0.0859029,5.7053,0.522932
4.366,-0.365087,0.0920388,5.90176,0.777435
4.368,-0.349748,0.101243,6.07858,1.15989
4.37,-0.33134,0.107379,6.39111,1.35069
4.372,-0.316,0.116583,6.51899,1.67582
4.374,-0.30066,0.122718,6.63408,1.81503
4.376,-0.28532,0.128854,6.73766,1.94033
4.378,-0.266913,0.13499,6.98428,2.05309
4.38,-0.251573,0.144194,7.05285,2.30797
4.382,-0.236233,0.15033,7.11455,2.38397
4.384,-0.217825,0.156466,7.32349,2.45237
4.386,-0.202485,0.16567,7.35813,2.66733
4.388,-0.187146,0.174874,7.3893,2.86079
4.39,-0.171806,0.18101,7.41736,2.88151
4.392,-0.153398,0.190214,7.59602,3.05355
4.394,-0.138058,0.19635,7.60341,3.05499
4.396,-0.122718,0.205553,7.61006,3.20969
4.398,-0.107379,0.214757,7.61604,3.34891
4.4,-0.0889709,0.223961,7.77482,3.47422
4.402,-0.0736311,0.233165,7.76433,3.58699
4.404,-0.0552233,0.242369,7.90829,3.68848
4.406,-0.0398835,0.251573,7.88445,3.77983
4.408,-0.0245437,0.260777,7.86299,3.86204
4.41,-0.00920388,0.269981,7.84369,3.93603
4.412,0.00920388,0.279185,7.97971,4.00262
4.414,0.0245437,0.288388,7.94873,4.06255
4.416,0.0398835,0.30066,7.92084,4.26989
4.418,0.0582913,0.309864,8.04915,4.3031
4.42,0.0736311,0.322136,8.01122,4.48638
4.422,0.0920388,0.33134,8.13049,4.49794
4.424,0.107379,0.343612,8.08443,4.66173
4.426,0.125786,0.355884,8.19638,4.80915
4.428,0.141126,0.368155,8.14373,4.94183
4.43,0.156466,0.380427,8.09635,5.06124
4.432,0.171806,0.392699,8.0537,5.16871
4.434,0.190214,0.404971,8.16872,5.26543
4.436,0.205553,0.417243,8.11884,5.35248
4.438,0.220893,0.429515,8.07395,5.43082
4.44,0.239301,0.444854,8.18694,5.65473
4.442,0.254641,0.457126,8.13524,5.70285
4.444,0.269981,0.472466,8.0887,5.89956
4.446,0.288388,0.484738,8.20022,5.92319
4.448,0.303728,0.500078,8.14719,6.09786
4.45,0.319068,0.515418,8.09946,6.25507
4.452,0.334408,0.530757,8.0565,6.39655
4.454,0.352816,0.546097,8.17124,6.52389
4.456,0.368155,0.561437,8.12111,6.63849
4.458,0.383495,0.576777,8.07599,6.74163
4.46,0.398835,0.595185,8.03538,6.98786
4.462,0.414175,0.610524,7.99883,7.05606
4.464,0.429515,0.628932,7.96594,7.27084
4.466,0.444854,0.644272,7.93634,7.31075
4.468,0.460194,0.66268,7.90969,7.50006
4.47,0.475534,0.681087,7.88571,7.67044
4.472,0.490874,0.699495,7.86413,7.82379
4.474,0.506214,0.717903,7.84471,7.9618
4.476,0.521553,0.736311,7.82723,8.08601
4.478,0.536893,0.754719,7.8115,8.19779
4.48,0.552233,0.773126,7.79734,8.2984
4.482,0.564505,0.794602,7.6312,8.54235
4.484,0.579845,0.81301,7.63507,8.6085
4.486,0.592117,0.834486,7.48515,8.82144
4.488,0.607456,0.855961,7.50363,9.01308
4.49,0.619728,0.877437,7.36686,9.18556
4.492,0.635068,0.898913,7.39716,9.34079
4.494,0.64734,0.920388,7.27104,9.4805
4.496,0.659612,0.941864,7.15753,9.60624
4.498,0.674952,0.966408,7.20876,9.8728
4.5,0.687223,0.987884,7.10148,9.9593
4.502,0.699495,1.01243,7.00492,10.1906
4.504,0.711767,1.0339,6.91802,10.2453
4.506,0.724039,1.05845,6.83981,10.4479
4.508,0.733243,1.08299,6.61603,10.6303
4.51,0.745515,1.10753,6.56802,10.7945
4.512,0.757787,1.13208,6.52481,10.9422
4.514,0.76699,1.15969,6.33252,11.2286
4.516,0.779262,1.18423,6.31286,11.3329
4.518,0.788466,1.20878,6.14177,11.4268
4.52,0.800738,1.23639,6.14118,11.6647
4.522,0.809942,1.264,5.98726,11.8788
4.524,0.822214,1.29161,6.00213,12.0715
4.526,0.831418,1.31922,5.86211,12.2449
4.528,0.840621,1.34684,5.73609,12.401
4.53,0.849825,1.37445,5.62268,12.5415
4.532,0.859029,1.40513,5.5206,12.8213
4.534,0.865165,1.43581,5.27534,13.0732
4.536,0.874369,1.46342,5.208,13.1465
4.538,0.883573,1.4941,5.14739,13.3658
4.54,0.889709,1.52478,4.93945,13.5632
4.542,0.895845,1.55852,4.7523,13.8943
4.544,0.905049,1.5892,4.73727,14.0388
4.546,0.911185,1.62295,4.57034,14.3223
4.548,0.917321,1.65363,4.4201,14.4241
4.55,0.920388,1.68738,4.13149,14.669
4.552,0.926524,1.72113,4.02513,14.8895
4.554,0.93266,1.75794,3.92942,15.2413
4.556,0.935728,1.79169,3.68987,15.4046
4.558,0.938796,1.82851,3.47428,15.7049
4.56,0.941864,1.86532,3.28025,15.9752
4.562,0.944932,1.90214,3.10563,16.2184
4.564,0.948,1.93895,2.94846,16.4374
4.566,0.948,1.97884,2.65362,16.7878
4.568,0.948,2.01565,2.38825,16.9498
4.57,0.948,2.05553,2.14943,17.249
4.572,0.948,2.09849,1.93449,17.6717
4.574,0.944932,2.13837,1.58764,17.8987
4.576,0.941864,2.18132,1.27548,18.2564
4.578,0.938796,2.22427,0.994531,18.5783
4.58,0.93266,2.27029,0.588282,19.0215
4.582,0.926524,2.31631,0.222658,19.4203
4.584,0.920388,2.36233,-0.106404,19.7792
4.586,0.911185,2.40835,-0.555958,20.1023
4.588,0.901981,2.45744,-0.960557,20.5464
4.59,0.892777,2.50959,-1.3247,21.0995
4.592,0.880505,2.55868,-1.80582,21.444
4.594,0.865165,2.6139,-2.39223,22.0607
4.596,0.849825,2.66606,-2.91999,22.4624
4.598,0.834486,2.72435,-3.39499,23.1307
4.6,0.816078,2.78264,-3.97588,23.7322
4.602,0.794602,2.84093,-4.65207,24.2736
4.604,0.773126,2.90229,-5.26065,24.9142
4.606,0.748583,2.96365,-5.96177,25.4907
4.608,0.724039,3.02808,-6.59278,26.163
4.61,0.699495,3.09251,-7.16069,26.7681
4.612,0.674952,-3.12318,-7.6718,27.466
4.614,0.64734,-3.05876,-8.28521,27.9408
4.616,0.619728,-2.99433,-8.83727,28.3681
4.618,0.595185,-2.9299,-9.18073,28.7526
4.62,0.573709,-2.86854,-9.33644,28.9453
4.622,0.552233,-2.80718,-9.47658,29.1187
4.624,0.530757,-2.74889,-9.60271,29.1214
4.626,0.51235,-2.6906,-9.56283,29.1239
4.628,0.493942,-2.63231,-9.52693,29.126
4.63,0.478602,-2.57709,-9.34123,28.9746
4.632,0.463262,-2.5188,-9.1741,28.9917
4.634,0.447922,-2.46664,-9.02368,28.7003
4.636,0.435651,-2.41449,-8.7349,28.438
4.638,0.426447,-2.3654,-8.32161,28.0486
4.64,0.417243,-2.31631,-7.94964,27.6981
4.642,0.408039,-2.26722,-7.61487,27.3827
4.644,0.398835,-2.21814,-7.31358,27.0988
4.646,0.389631,-2.16905,-7.04241,26.8433
4.648,0.383495,-2.12303,-6.64497,26.4599
4.65,0.377359,-2.07701,-6.28727,26.1149
4.652,0.371223,-2.03406,-5.96534,25.651
4.654,0.368155,-1.99111,-5.5222,25.2334
4.656,0.365087,-1.94816,-5.12338,24.8577
4.658,0.362019,-1.9052,-4.76444,24.5195
4.66,0.358952,-1.86225,-4.44139,24.2151
4.662,0.355884,-1.82237,-4.15065,23.7878
4.664,0.355884,-1.78249,-3.73559,23.4032
4.666,0.355884,-1.7426,-3.36203,23.057
4.668,0.355884,-1.70272,-3.02583,22.7455
4.67,0.355884,-1.6659,-2.72324,22.3117
4.672,0.355884,-1.62602,-2.45092,22.0747
4.674,0.355884,-1.5892,-2.20583,21.708
4.676,0.358952,-1.55239,-1.83185,21.378
4.678,0.358952,-1.51557,-1.64866,21.081
4.68,0.362019,-1.47876,-1.3304,20.8137
4.682,0.365087,-1.44501,-1.04396,20.4197
4.684,0.368155,-1.40819,-0.786166,20.2185
4.686,0.371223,-1.37445,-0.554151,19.884
4.688,0.377359,-1.33763,-0.19194,19.7364
4.69,0.380427,-1.30388,-0.0193476,19.4501
4.692,0.386563,-1.27014,0.289383,19.1925
4.694,0.392699,-1.23946,0.567241,18.8072
4.696,0.395767,-1.20571,0.663915,18.6139
4.698,0.404971,-1.17503,1.05772,18.2865
4.7,0.408039,-1.14128,1.10534,18.1452
4.702,0.417243,-1.1106,1.455,17.8647
4.704,0.423379,-1.07685,1.6163,17.7656
4.706,0.429515,-1.04617,1.76147,17.523
4.708,0.438719,-1.0155,2.04551,17.3047
4.71,0.444854,-0.984816,2.14776,17.1082
4.712,0.454058,-0.954136,2.39318,16.9314
4.714,0.460194,-0.923456,2.46066,16.7722
4.716,0.469398,-0.892777,2.67478,16.629
4.718,0.478602,-0.862097,2.8675,16.5
4.72,0.487806,-0.834486,3.04094,16.2306
4.722,0.49701,-0.803806,3.19704,16.1415
4.724,0.506214,-0.776194,3.33753,15.908
4.726,0.515418,-0.745515,3.46397,15.8512
4.728,0.524621,-0.717903,3.57777,15.6466
4.73,0.533825,-0.687223,3.68019,15.6159
4.732,0.546097,-0.659612,3.92576,15.4349
4.734,0.555301,-0.632,3.99338,15.272
4.736,0.567573,-0.604388,4.20763,15.1254
4.738,0.579845,-0.576777,4.40046,14.9934
4.74,0.589049,-0.549165,4.42061,14.8747
4.742,0.60132,-0.521553,4.59214,14.7678
4.744,0.613592,-0.493942,4.74652,14.6716
4.746,0.625864,-0.46633,4.88546,14.585
4.748,0.638136,-0.441786,5.01051,14.3537
4.75,0.650408,-0.414175,5.12305,14.2989
4.752,0.66268,-0.386563,5.22434,14.2496
4.754,0.674952,-0.362019,5.31549,14.0518
4.756,0.687223,-0.334408,5.39754,14.0272
4.758,0.699495,-0.306796,5.47138,14.0051
4.76,0.711767,-0.282252,5.53783,13.8318
4.762,0.724039,-0.257709,5.59764,13.6758
4.764,0.736311,-0.230097,5.65147,13.6888
4.766,0.748583,-0.205553,5.69991,13.5471
4.768,0.760854,-0.18101,5.74351,13.4196
4.77,0.773126,-0.156466,5.78276,13.3048
4.772,0.78233,-0.131922,5.66467,13.2015
4.774,0.770058,-0.107379,4.48461,13.1085
4.776,0.751651,-0.082835,3.11576,13.0249
4.778,0.733243,-0.0644272,1.8838,12.6428
4.78,0.730175,-0.0460194,1.54202,12.2989
4.782,0.733243,-0.0306796,1.54122,11.836
4.784,0.733243,-0.0184078,1.3871,11.266
4.786,0.730175,-0.00613592,1.09499,10.753
4.788,0.727107,0.00306796,0.832091,10.1379
4.79,0.724039,0.00920388,0.595484,9.43088
4.792,0.717903,0.0153398,0.229139,8.79458
4.794,0.708699,0.0214757,-0.253969,8.22192
4.796,0.699495,0.0214757,-0.688766,7.39973
4.798,0.690291,0.0245437,-1.08008,6.81315
4.8,0.67802,0.0245437,-1.58567,6.13184
4.802,0.66268,0.0214757,-2.19409,5.36526
4.804,0.650408,0.0184078,-2.58827,4.67533
4.806,0.638136,0.0153398,-2.94304,4.0544
4.808,0.619728,0.00920388,-3.56912,3.34217
4.81,0.604388,0.00613592,-3.9792,2.85455
4.812,0.589049,0,-4.34827,2.2623
4.814,0.573709,-0.00613592,-4.68044,1.72927
4.816,0.555301,-0.0122718,-5.13278,1.24955
4.818,0.536893,-0.0214757,-5.53989,0.664401
4.82,0.518486,-0.0276117,-5.90629,0.291165
4.822,0.500078,-0.0368155,-6.23605,-0.198146
4.824,0.478602,-0.0460194,-6.68623,-0.638526
4.826,0.460194,-0.0552233,-6.938,-1.03487
4.828,0.438719,-0.0644272,-7.31798,-1.39157
4.83,0.417243,-0.0736311,-7.65997,-1.71261
4.832,0.395767,-0.0859029,-7.96776,-2.15494
4.834,0.374291,-0.0951068,-8.24477,-2.39964
4.836,0.352816,-0.107379,-8.49408,-2.77327
4.838,0.33134,-0.116583,-8.71846,-2.95614
4.84,0.306796,-0.128854,-9.0738,-3.27412
4.842,0.28532,-0.141126,-9.2402,-3.5603
4.844,0.260777,-0.153398,-9.54337,-3.81786
4.846,0.239301,-0.168738,-9.66282,-4.20306
4.848,0.214757,-0.177942,-9.92372,-4.24295
4.85,0.193282,-0.193282,-10.0051,-4.58565
4.852,0.168738,-0.205553,-10.2318,-4.74067
4.854,0.147262,-0.217825,-10.2824,-4.8802
4.856,0.122718,-0.233165,-10.4814,-5.15917
4.858,0.101243,-0.245437,-10.507,-5.25685
4.86,0.076699,-0.260777,-10.6835,-5.49815
4.862,0.0552233,-0.273049,-10.6889,-5.56193
4.864,0.0306796,-0.288388,-10.8472,-5.77273
4.866,0.00920388,-0.303728,-10.8363,-5.96244
4.868,-0.0122718,-0.316,-10.8264,-5.97979
4.87,-0.0337476,-0.33134,-10.8176,-6.1488
4.872,-0.0582913,-0.34668,-10.963,-6.30091
4.874,-0.079767,-0.362019,-10.9405,-6.43781
4.876,-0.101243,-0.377359,-10.9202,-6.56102
4.878,-0.122718,-0.395767,-10.902,-6.82531
4.88,-0.144194,-0.411107,-10.8856,-6.90977
4.882,-0.16567,-0.426447,-10.8708,-6.98578
4.884,-0.187146,-0.444854,-10.8575,-7.20759
4.886,-0.208621,-0.460194,-10.8456,-7.25382
4.888,-0.233165,-0.478602,-10.9882,-7.44883
4.89,-0.254641,-0.49701,-10.9631,-7.62433
4.892,-0.276117,-0.515418,-10.9406,-7.78229
4.894,-0.297592,-0.533825,-10.9203,-7.92445
4.896,-0.319068,-0.552233,-10.9021,-8.05239
4.898,-0.340544,-0.570641,-10.8857,-8.16754
4.9,-0.362019,-0.589049,-10.8709,-8.27118
4.902,-0.383495,-0.610524,-10.8576,-8.51784
4.904,-0.404971,-0.632,-10.8456,-8.73985
4.906,-0.426447,-0.650408,-10.8348,-8.78625
4.908,-0.444854,-0.671884,-10.6717,-8.98141
4.91,-0.46633,-0.693359,-10.6784,-9.15706
4.912,-0.484738,-0.714835,-10.5309,-9.31514
4.914,-0.506214,-0.736311,-10.5516,-9.45741
4.916,-0.524621,-0.757787,-10.4168,-9.58546
4.918,-0.546097,-0.78233,-10.4489,-9.8541
4.92,-0.564505,-0.803806,-10.3244,-9.94247
4.922,-0.582913,-0.82835,-10.2124,-10.1754
4.924,-0.60132,-0.849825,-10.1115,-10.2317
4.926,-0.619728,-0.874369,-10.0208,-10.4357
4.928,-0.638136,-0.898913,-9.93908,-10.6193
4.93,-0.656544,-0.923456,-9.86556,-10.7845
4.932,-0.674952,-0.948,-9.79939,-10.9333
4.934,-0.690291,-0.972544,-9.58644,-11.0671
4.936,-0.708699,-1.00016,-9.54819,-11.341
4.938,-0.724039,-1.0247,-9.36036,-11.4341
4.94,-0.739379,-1.05231,-9.19131,-11.6713
4.942,-0.757787,-1.07992,-9.19257,-11.8847
4.944,-0.773126,-1.10447,-9.0403,-11.9234
4.946,-0.788466,-1.13208,-8.90326,-12.1117
4.948,-0.803806,-1.15969,-8.77993,-12.2811
4.95,-0.819146,-1.19037,-8.66892,-12.587
4.952,-0.831418,-1.21798,-8.41562,-12.7088
4.954,-0.846757,-1.24559,-8.34105,-12.8185
4.956,-0.862097,-1.27627,-8.27394,-13.0707
4.958,-0.874369,-1.30695,-8.06014,-13.2976
4.96,-0.886641,-1.33763,-7.86771,-13.5018
4.962,-0.901981,-1.36831,-7.84793,-13.6856
4.964,-0.914253,-1.39899,-7.67673,-13.851
4.966,-0.926524,-1.42967,-7.52265,-13.9999
4.968,-0.938796,-1.46342,-7.38398,-14.2873
4.97,-0.951068,-1.49717,-7.25917,-14.5459
4.972,-0.960272,-1.52784,-6.99345,-14.6253
4.974,-0.972544,-1.56159,-6.9077,-14.8502
4.976,-0.981748,-1.59534,-6.67712,-15.0525
4.978,-0.99402,-1.63216,-6.623,-15.3881
4.98,-1.00322,-1.66897,-6.4209,-15.69
4.982,-1.01243,-1.70272,-6.239,-15.8084
4.984,-1.02163,-1.73953,-6.07529,-16.0683
4.986,-1.02777,-1.77635,-5.77456,-16.3023
4.988,-1.03697,-1.81317,-5.6573,-16.5128
4.99,-1.04311,-1.84998,-5.39837,-16.7023
4.992,-1.04924,-1.88986,-5.16533,-17.0263
4.994,-1.05538,-1.92668,-4.95559,-17.1644
4.996,-1.06151,-1.96656,-4.76683,-17.4422
4.998,-1.06458,-2.00645,-4.44354,-17.6921
5,-1.06765,-2.0494,-4.15259,-18.0705
5.002,-1.07379,-2.08928,-4.04412,-18.2576
5.004,-1.07379,-2.13223,-3.63971,-18.5794
5.006,-1.07685,-2.17825,-3.42914,-19.0224
5.008,-1.07685,-2.2212,-3.08622,-19.2678
5.01,-1.07685,-2.26722,-2.7776,-19.642
5.012,-1.07685,-2.31324,-2.49984,-19.9787
5.014,-1.07379,-2.35926,-2.09646,-20.2818
5.016,-1.07072,-2.40835,-1.73342,-20.708
5.018,-1.06458,-2.45744,-1.25328,-21.0916
5.02,-1.05845,-2.50959,-0.821154,-21.5902
5.022,-1.05231,-2.56175,-0.432242,-22.0389
5.024,-1.04311,-2.61697,0.0711763,-22.5962
5.026,-1.0339,-2.67219,0.524253,-23.0978
5.028,-1.02163,-2.72742,1.08542,-23.5492
5.03,-1.00936,-2.78571,1.59047,-24.1088
5.032,-0.99402,-2.84707,2.19841,-24.7659
5.034,-0.97868,-2.90843,2.74556,-25.3573
5.036,-0.957204,-2.97285,3.54479,-26.0429
5.038,-0.938796,-3.03728,4.1107,-26.66
5.04,-0.920388,-3.10478,4.62002,-27.3687
5.042,-0.898913,3.11398,5.2318,-27.8532
5.044,-0.877437,3.04649,5.78241,-28.4426
5.046,-0.855961,2.98206,6.27796,-28.8197
5.048,-0.837554,2.91763,6.57055,-29.1591
5.05,-0.819146,2.8532,6.83388,-29.4646
5.052,-0.800738,2.78878,7.07088,-29.7395
5.054,-0.785398,2.73049,7.13079,-29.6801
5.056,-0.773126,2.66913,7.0313,-29.78
5.058,-0.757787,2.61084,7.09516,-29.7166
5.06,-0.745515,2.55254,6.99924,-29.6595
5.062,-0.733243,2.49732,6.9129,-29.4547
5.064,-0.724039,2.4421,6.68181,-29.2704
5.066,-0.714835,2.38687,6.47382,-29.1045
5.068,-0.708699,2.33472,6.13324,-28.8019
5.07,-0.702563,2.28563,5.82671,-28.376
5.072,-0.699495,2.23654,5.39744,-27.9928
5.074,-0.693359,2.18746,5.16449,-27.6479
5.076,-0.690291,2.13837,4.80144,-27.3375
5.078,-0.687223,2.09235,4.47469,-26.9047
5.08,-0.684155,2.04326,4.18062,-26.6686
5.082,-0.684155,2.00031,3.76256,-26.1493
5.084,-0.684155,1.95429,3.3863,-25.8353
5.086,-0.684155,1.91134,3.04767,-25.3994
5.088,-0.684155,1.86839,2.74291,-25.007
5.09,-0.687223,1.82544,2.31522,-24.6539
5.092,-0.687223,1.78249,2.08369,-24.3361
5.094,-0.690291,1.73953,1.72193,-24.05
5.096,-0.696427,1.69965,1.24294,-23.6392
5.098,-0.699495,1.65977,0.965247,-23.2695
5.1,-0.702563,1.61988,0.715324,-22.9367
5.102,-0.708699,1.58,0.336995,-22.6372
5.104,-0.711767,1.54012,0.149898,-22.3677
5.106,-0.717903,1.5033,-0.171888,-21.9717
5.108,-0.724039,1.46649,-0.461496,-21.6153
5.11,-0.730175,1.42967,-0.722142,-21.2945
5.112,-0.736311,1.38979,-0.956724,-21.1592
5.114,-0.742447,1.35297,-1.16785,-20.8841
5.116,-0.751651,1.31922,-1.51126,-20.4831
5.118,-0.757787,1.28241,-1.66693,-20.2755
5.12,-0.76699,1.24866,-1.96043,-19.9354
5.122,-0.776194,1.21184,-2.22458,-19.7826
5.124,-0.785398,1.1781,-2.46232,-19.4917
5.126,-0.794602,1.14435,-2.67628,-19.2299
5.128,-0.806874,1.1106,-3.02224,-18.9943
5.13,-0.816078,1.07685,-3.18021,-18.7823
5.132,-0.825282,1.04311,-3.32239,-18.5914
5.134,-0.837554,1.00936,-3.60374,-18.4197
5.136,-0.849825,0.97868,-3.85696,-18.1117
5.138,-0.859029,0.944932,-3.93146,-17.9879
5.14,-0.871301,0.911185,-4.1519,-17.8765
5.142,-0.886641,0.880505,-4.5037,-17.6228
5.144,-0.898913,0.849825,-4.66693,-17.3945
5.146,-0.911185,0.816078,-4.81383,-17.3424
5.148,-0.926524,0.785398,-5.09943,-17.1422
5.15,-0.938796,0.754719,-5.20308,-16.9619
5.152,-0.954136,0.724039,-5.44976,-16.7997
5.154,-0.966408,0.693359,-5.51838,-16.6537
5.156,-0.981748,0.66268,-5.73353,-16.5223
5.158,-0.997088,0.632,-5.92717,-16.4041
5.16,-1.01243,0.60132,-6.10144,-16.2977
5.162,-1.02777,0.573709,-6.25829,-16.0485
5.164,-1.04617,0.543029,-6.55285,-15.9776
5.166,-1.06151,0.51235,-6.66455,-15.9138
5.168,-1.07685,0.48167,-6.76509,-15.8564
5.17,-1.09526,0.454058,-7.00897,-15.6514
5.172,-1.1106,0.423379,-7.07506,-15.6202
5.174,-1.12901,0.395767,-7.28794,-15.4388
5.176,-1.14742,0.365087,-7.47954,-15.4289
5.178,-1.16276,0.337476,-7.49858,-15.2666
5.18,-1.18117,0.306796,-7.66911,-15.2739
5.182,-1.19957,0.279185,-7.82258,-15.1271
5.184,-1.21491,0.251573,-7.80732,-14.995
5.186,-1.23332,0.223961,-7.94697,-14.876
5.188,-1.25173,0.193282,-8.07266,-14.9224
5.19,-1.27014,0.16567,-8.18579,-14.8108
5.192,-1.28241,0.138058,-7.9808,-14.7103
5.194,-1.2732,0.110447,-6.72253,-14.6198
5.196,-1.24252,0.0859029,-4.51629,-14.385
5.198,-1.21491,0.0613592,-2.68408,-14.1737
5.2,-1.21184,0.0429515,-2.26227,-13.6767
5.202,-1.22105,0.0245437,-2.49624,-13.2294
5.204,-1.22718,0.00613592,-2.55341,-12.8269
5.206,-1.23332,-0.00920388,-2.60487,-12.3112
5.208,-1.23639,-0.0214757,-2.49778,-11.6937
5.21,-1.23946,-0.0306796,-2.4014,-10.9845
5.212,-1.23946,-0.0398835,-2.16126,-10.3462
5.214,-1.23946,-0.0490874,-1.94513,-9.77181
5.216,-1.23946,-0.0552233,-1.75062,-9.10142
5.218,-1.23639,-0.0613592,-1.42216,-8.49808
5.22,-1.23025,-0.0644272,-0.973148,-7.80167
5.222,-1.22412,-0.0674952,-0.569037,-7.1749
5.224,-1.21798,-0.0674952,-0.205337,-6.45741
5.226,-1.20878,-0.0674952,0.275391,-5.81167
5.228,-1.19957,-0.0674952,0.708046,-5.2305
5.23,-1.19037,-0.0644272,1.09744,-4.55405
5.232,-1.1781,-0.0613592,1.60128,-3.94525
5.234,-1.16583,-0.0582913,2.05475,-3.39733
5.236,-1.15355,-0.0552233,2.46287,-2.9042
5.238,-1.14128,-0.0490874,2.83017,-2.30698
5.24,-1.12901,-0.0460194,3.16075,-1.92288
5.242,-1.11367,-0.0398835,3.61166,-1.4238
5.244,-1.1014,-0.0368155,3.86409,-1.12802
5.246,-1.08913,-0.0306796,4.09127,-0.708423
5.248,-1.07379,-0.0245437,4.44914,-0.330784
5.25,-1.05845,-0.0184078,4.77121,0.00909019
5.252,-1.04311,-0.0122718,5.06108,0.314977
5.254,-1.02777,-0.00613592,5.32196,0.590276
5.256,-1.01243,0,5.55676,0.838044
5.258,-0.997088,0.00613592,5.76807,1.06104
5.26,-0.981748,0.0122718,5.95826,1.26173
5.262,-0.966408,0.0214757,6.12942,1.59575
5.264,-0.948,0.0276117,6.43687,1.74297
5.266,-0.93266,0.0368155,6.56017,2.02887
5.268,-0.917321,0.0460194,6.67114,2.28618
5.27,-0.898913,0.0552233,6.92442,2.51775
5.272,-0.883573,0.0613592,6.99897,2.57277
5.274,-0.865165,0.0705631,7.21946,2.77569
5.276,-0.846757,0.079767,7.4179,2.95832
5.278,-0.831418,0.0889709,7.4431,3.12268
5.28,-0.81301,0.0981748,7.61918,3.2706
5.282,-0.79767,0.107379,7.62425,3.40374
5.284,-0.779262,0.116583,7.78222,3.52356
5.286,-0.760854,0.125786,7.92438,3.6314
5.288,-0.745515,0.13499,7.89893,3.72845
5.29,-0.736311,0.147262,7.56924,3.9692
5.292,-0.724039,0.153398,7.4259,3.87908
5.294,-0.708699,0.162602,7.4503,3.95136
5.296,-0.693359,0.171806,7.47226,4.01642
5.298,-0.674952,0.18101,7.64543,4.07497
5.3,-0.659612,0.190214,7.64787,4.12767
5.302,-0.644272,0.199418,7.65008,4.1751
5.304,-0.625864,0.205553,7.80546,4.06438
5.306,-0.610524,0.217825,7.7919,4.27154
5.308,-0.595185,0.223961,7.7797,4.15118
5.31,-0.579845,0.236233,7.76872,4.34965
5.312,-0.564505,0.245437,7.75884,4.37488
5.314,-0.546097,0.254641,7.90335,4.39759
5.316,-0.530757,0.266913,7.88,4.57142
5.318,-0.515418,0.276117,7.85899,4.57447
5.32,-0.500078,0.28532,7.84008,4.57722
5.322,-0.48167,0.297592,7.97646,4.73309
5.324,-0.46633,0.309864,7.94581,4.87337
5.326,-0.45099,0.322136,7.91822,4.99963
5.328,-0.432583,0.33134,8.04678,4.95986
5.33,-0.417243,0.343612,8.0091,5.07747
5.332,-0.401903,0.355884,7.97518,5.18331
5.334,-0.383495,0.371223,8.09805,5.43197
5.336,-0.368155,0.383495,8.05523,5.50237
5.338,-0.349748,0.395767,8.1701,5.56572
5.34,-0.334408,0.408039,8.12008,5.62274
5.342,-0.319068,0.423379,8.07506,5.82746
5.344,-0.30066,0.435651,8.18794,5.85831
5.346,-0.28532,0.45099,8.13614,6.03946
5.348,-0.266913,0.46633,8.24291,6.20251
5.35,-0.251573,0.48167,8.18561,6.34925
5.352,-0.236233,0.493942,8.13404,6.32792
5.354,-0.217825,0.51235,8.24103,6.61551
5.356,-0.202485,0.527689,8.18391,6.72095
5.358,-0.187146,0.543029,8.13251,6.81585
5.36,-0.171806,0.558369,8.08625,6.90125
5.362,-0.153398,0.576777,8.19802,7.13152
5.364,-0.138058,0.592117,8.1452,7.18535
5.366,-0.122718,0.610524,8.09767,7.38721
5.368,-0.107379,0.625864,8.0549,7.41548
5.37,-0.0920388,0.644272,8.0164,7.59432
5.372,-0.0736311,0.66268,8.13515,7.75527
5.374,-0.0582913,0.681087,8.08862,7.90014
5.376,-0.0429515,0.699495,8.04675,8.03051
5.378,-0.0276117,0.720971,8.00907,8.30125
5.38,-0.0122718,0.739379,7.97515,8.39151
5.382,0.00306796,0.760854,7.94463,8.62615
5.384,0.0153398,0.779262,7.76375,8.68392
5.386,0.0306796,0.800738,7.75437,8.88931
5.388,0.0460194,0.822214,7.74592,9.07417
5.39,0.0613592,0.843689,7.73832,9.24054
5.392,0.076699,0.865165,7.73148,9.39027
5.394,0.0889709,0.886641,7.57192,9.52503
5.396,0.104311,0.911185,7.58172,9.79971
5.398,0.116583,0.93266,7.43714,9.89353
5.4,0.131922,0.957204,7.46042,10.1314
5.402,0.144194,0.97868,7.32797,10.192
5.404,0.156466,1.00322,7.20876,10.4
5.406,0.171806,1.02777,7.25488,10.5872
5.408,0.184078,1.05231,7.14298,10.7556
5.41,0.19635,1.07685,7.04228,10.9073
5.412,0.208621,1.10447,6.95164,11.1971
5.414,0.220893,1.12901,6.87007,11.3046
5.416,0.233165,1.15355,6.79665,11.4013
5.418,0.245437,1.18117,6.73058,11.6418
5.42,0.254641,1.20878,6.51772,11.8582
5.422,0.266913,1.23639,6.47954,12.0529
5.424,0.276117,1.264,6.29178,12.2282
5.426,0.288388,1.29161,6.27619,12.386
5.428,0.297592,1.31922,6.10877,12.528
5.43,0.309864,1.3499,6.11148,12.8092
5.432,0.319068,1.37751,5.96053,12.9088
5.434,0.328272,1.40819,5.82467,13.1519
5.436,0.337476,1.43887,5.7024,13.3707
5.438,0.34668,1.46955,5.59235,13.5676
5.44,0.355884,1.49717,5.49331,13.5914
5.442,0.365087,1.53091,5.40417,13.9197
5.444,0.371223,1.56159,5.17055,14.0617
5.446,0.380427,1.59534,5.11369,14.3429
5.448,0.386563,1.62909,4.90912,14.596
5.45,0.392699,1.66284,4.725,14.8238
5.452,0.398835,1.69658,4.5593,15.0288
5.454,0.404971,1.73033,4.41017,15.2133
5.456,0.411107,1.76715,4.27594,15.5327
5.458,0.417243,1.80396,4.15515,15.8202
5.46,0.420311,1.84078,3.89303,16.079
5.462,0.423379,1.87759,3.65713,16.3119
5.464,0.429515,1.91441,3.59821,16.5215
5.466,0.429515,1.95429,3.23839,16.8635
5.468,0.432583,1.99418,3.06795,17.1713
5.47,0.432583,2.03406,2.76115,17.4484
5.472,0.432583,2.07394,2.48504,17.6977
5.474,0.432583,2.11383,2.23653,17.9221
5.476,0.432583,2.15678,2.01288,18.2775
5.478,0.432583,2.19973,1.81159,18.5973
5.48,0.429515,2.24575,1.47703,19.0385
5.482,0.423379,2.29177,1.02254,19.4356
5.484,0.420311,2.33779,0.766884,19.7931
5.486,0.414175,2.38381,0.383399,20.1147
5.488,0.408039,2.43289,0.038263,20.5576
5.49,0.398835,2.48198,-0.425758,20.9562
5.492,0.389631,2.53414,-0.843376,21.4684
5.494,0.377359,2.58629,-1.37263,21.9293
5.496,0.365087,2.63845,-1.84896,22.3441
5.498,0.352816,2.69367,-2.27766,22.8709
5.5,0.334408,2.75196,-2.97028,23.4984
5.502,0.319068,2.81025,-3.44024,24.0631
5.504,0.297592,2.87161,-4.17,24.7247
5.506,0.279185,2.93297,-4.67339,25.3202
5.508,0.257709,2.9974,-5.27984,26.0096
5.51,0.233165,3.05876,-5.97904,26.4766
5.512,0.211689,3.12625,-6.45492,27.2037
5.514,0.187146,-3.09251,-7.03662,27.7047
5.516,0.162602,-3.02808,-7.56014,28.1556
5.518,0.141126,-2.96365,-7.87791,28.5614
5.52,0.119651,-2.90229,-8.16391,28.7732
5.522,0.0981748,-2.84093,-8.4213,28.9638
5.524,0.079767,-2.77957,-8.49956,29.1354
5.526,0.0644272,-2.72128,-8.41659,29.1364
5.528,0.0460194,-2.66299,-8.49532,29.1374
5.53,0.0306796,-2.6047,-8.41278,29.1382
5.532,0.0153398,-2.54948,-8.33849,28.9855
5.534,0.00306796,-2.49425,-8.11824,28.8481
5.536,-0.00920388,-2.4421,-7.92001,28.5711
5.538,-0.0184078,-2.38994,-7.5882,28.3218
5.54,-0.0245437,-2.34085,-7.13618,27.9439
5.542,-0.0337476,-2.29177,-6.88275,27.6039
5.544,-0.0398835,-2.24268,-6.50127,27.2979
5.546,-0.0460194,-2.19666,-6.15794,26.8691
5.548,-0.0521553,-2.14757,-5.84894,26.6365
5.55,-0.0582913,-2.10155,-5.57085,26.2739
5.552,-0.0613592,-2.0586,-5.16716,25.794
5.554,-0.0644272,-2.01258,-4.80384,25.5156
5.556,-0.0644272,-1.9727,-4.32346,24.9582
5.558,-0.0674952,-1.92975,-4.04451,24.61
5.56,-0.0674952,-1.8868,-3.64006,24.2966
5.562,-0.0705631,-1.84384,-3.42945,24.0145
5.564,-0.0705631,-1.80396,-3.08651,23.6072
5.566,-0.0674952,-1.76408,-2.62446,23.2407
5.568,-0.0674952,-1.72419,-2.36201,22.9108
5.57,-0.0644272,-1.68738,-1.97241,22.4605
5.572,-0.0613592,-1.6475,-1.62177,22.2086
5.574,-0.0613592,-1.60761,-1.4596,21.9819
5.576,-0.0582913,-1.5708,-1.16024,21.6245
5.578,-0.0552233,-1.53398,-0.890816,21.3028
5.58,-0.0490874,-1.50023,-0.494938,20.8599
5.582,-0.0460194,-1.46342,-0.292046,20.6147
5.584,-0.0398835,-1.42967,0.0439544,20.2406
5.586,-0.0337476,-1.39285,0.346355,20.0573
5.588,-0.0306796,-1.35911,0.465118,19.739
5.59,-0.0245437,-1.32536,0.725402,19.4525
5.592,-0.0153398,-1.29161,1.11306,19.1946
5.594,-0.00920388,-1.25786,1.30855,18.9625
5.596,-0.00306796,-1.22412,1.48449,18.7536
5.598,0.00306796,-1.19037,1.64284,18.5657
5.6,0.0122718,-1.15969,1.93875,18.2431
5.602,0.0214757,-1.12594,2.20507,18.1061
5.604,0.0276117,-1.09526,2.29136,17.8295
5.606,0.0368155,-1.06458,2.52241,17.5805
5.608,0.0460194,-1.03084,2.73037,17.5099
5.61,0.0552233,-1.00016,2.91752,17.2929
5.612,0.0644272,-0.969476,3.08597,17.0976
5.614,0.076699,-0.941864,3.39096,16.7684
5.616,0.0859029,-0.911185,3.51206,16.6255
5.618,0.0981748,-0.880505,3.77445,16.497
5.62,0.107379,-0.849825,3.8572,16.3812
5.622,0.119651,-0.822214,4.08507,16.1237
5.624,0.131922,-0.791534,4.29015,16.0453
5.626,0.141126,-0.763922,4.32133,15.8214
5.628,0.153398,-0.736311,4.50279,15.6198
5.63,0.16567,-0.705631,4.66611,15.5918
5.632,0.177942,-0.67802,4.81309,15.4132
5.634,0.193282,-0.650408,5.09877,15.2525
5.636,0.205553,-0.622796,5.20248,15.1078
5.638,0.217825,-0.595185,5.29583,14.9776
5.64,0.233165,-0.567573,5.53324,14.8604
5.642,0.245437,-0.539961,5.5935,14.755
5.644,0.260777,-0.51235,5.80114,14.6601
5.646,0.273049,-0.484738,5.83462,14.5746
5.648,0.288388,-0.457126,6.01815,14.4978
5.65,0.303728,-0.432583,6.18333,14.2752
5.652,0.319068,-0.404971,6.33198,14.2282
5.654,0.33134,-0.380427,6.31238,14.0326
5.656,0.34668,-0.352816,6.44813,14.0099
5.658,0.362019,-0.325204,6.57031,13.9895
5.66,0.377359,-0.30066,6.68027,13.8177
5.662,0.392699,-0.276117,6.77923,13.6631
5.664,0.408039,-0.248505,6.8683,13.6774
5.666,0.423379,-0.223961,6.94846,13.5369
5.668,0.438719,-0.199418,7.0206,13.4104
5.67,0.454058,-0.174874,7.08553,13.2965
5.672,0.46633,-0.15033,6.99057,13.194
5.674,0.478602,-0.122718,6.90511,13.2552
5.676,0.463262,-0.101243,5.44761,13.0035
5.678,0.435651,-0.076699,3.52226,12.9303
5.68,0.420311,-0.0552233,2.40305,12.7111
5.682,0.426447,-0.0368155,2.46954,12.3604
5.684,0.432583,-0.0214757,2.52938,11.8913
5.686,0.435651,-0.00613592,2.42984,11.4692
5.688,0.441786,0.00920388,2.49365,11.0892
5.69,0.441786,0.0184078,2.24429,10.4405
5.692,0.444854,0.0306796,2.17326,10.0101
5.694,0.441786,0.0398835,1.80253,9.46924
5.696,0.438719,0.0460194,1.46888,8.82912
5.698,0.432583,0.0490874,1.0152,8.0996
5.7,0.429515,0.0521553,0.760279,7.44304
5.702,0.420311,0.0521553,0.224057,6.69874
5.704,0.411107,0.0521553,-0.258543,6.02886
5.706,0.401903,0.0521553,-0.692883,5.42598
5.708,0.392699,0.0490874,-1.08379,4.72998
5.71,0.380427,0.0429515,-1.589,3.95019
5.712,0.368155,0.0398835,-2.04369,3.40177
5.714,0.352816,0.0337476,-2.60632,2.7548
5.716,0.337476,0.0276117,-3.11267,2.17252
5.718,0.325204,0.0214757,-3.415,1.64847
5.72,0.309864,0.0153398,-3.84049,1.17683
5.722,0.294524,0.00613592,-4.22343,0.598952
5.724,0.279185,0,-4.56808,0.23226
5.726,0.260777,-0.00613592,-5.03166,-0.0977618
5.728,0.245437,-0.0153398,-5.29548,-0.54818
5.73,0.227029,-0.0245437,-5.68632,-0.953556
5.732,0.208621,-0.0337476,-6.03808,-1.31839
5.734,0.190214,-0.0460194,-6.35466,-1.80015
5.736,0.171806,-0.0552233,-6.63958,-2.08033
5.738,0.15033,-0.0674952,-7.04941,-2.48589
5.74,0.131922,-0.079767,-7.26486,-2.85089
5.742,0.110447,-0.0920388,-7.61216,-3.17939
5.744,0.0889709,-0.104311,-7.92473,-3.47505
5.746,0.0674952,-0.119651,-8.20604,-3.89453
5.748,0.0460194,-0.13499,-8.45923,-4.27207
5.75,0.0245437,-0.147262,-8.68709,-4.45845
5.752,0.00306796,-0.159534,-8.89217,-4.6262
5.754,-0.0184078,-0.174874,-9.07674,-4.93057
5.756,-0.0398835,-0.187146,-9.24285,-5.05111
5.758,-0.0613592,-0.199418,-9.39235,-5.15959
5.76,-0.082835,-0.214757,-9.5269,-5.41062
5.762,-0.104311,-0.227029,-9.648,-5.48315
5.764,-0.122718,-0.242369,-9.60359,-5.70183
5.766,-0.144194,-0.254641,-9.71702,-5.74524
5.768,-0.16567,-0.269981,-9.8191,-5.9377
5.77,-0.184078,-0.28532,-9.75758,-6.11092
5.772,-0.205553,-0.297592,-9.85561,-6.11342
5.774,-0.227029,-0.312932,-9.94383,-6.26907
5.776,-0.245437,-0.328272,-9.86984,-6.40915
5.778,-0.266913,-0.343612,-9.95664,-6.53523
5.78,-0.28532,-0.358952,-9.88137,-6.6487
5.782,-0.306796,-0.374291,-9.96702,-6.75082
5.784,-0.325204,-0.389631,-9.8907,-6.84273
5.786,-0.343612,-0.408039,-9.82202,-7.07884
5.788,-0.365087,-0.423379,-9.91361,-7.13795
5.79,-0.386563,-0.441786,-9.99603,-7.34454
5.792,-0.404971,-0.457126,-9.91682,-7.37708
5.794,-0.423379,-0.475534,-9.84552,-7.55976
5.796,-0.444854,-0.490874,-9.93476,-7.57077
5.798,-0.463262,-0.509282,-9.86167,-7.73408
5.8,-0.48167,-0.527689,-9.79589,-7.88106
5.802,-0.503146,-0.546097,-9.89009,-8.01335
5.804,-0.521553,-0.564505,-9.82147,-8.1324
5.806,-0.539961,-0.585981,-9.75971,-8.39295
5.808,-0.558369,-0.604388,-9.70413,-8.47404
5.81,-0.576777,-0.622796,-9.6541,-8.54702
5.812,-0.598253,-0.644272,-9.76248,-8.76611
5.814,-0.613592,-0.665748,-9.55322,-8.96328
5.816,-0.635068,-0.684155,-9.67169,-8.98734
5.818,-0.650408,-0.705631,-9.47151,-9.1624
5.82,-0.668816,-0.727107,-9.44475,-9.31994
5.822,-0.687223,-0.748583,-9.42066,-9.46174
5.824,-0.705631,-0.770058,-9.39898,-9.58935
5.826,-0.720971,-0.794602,-9.22607,-9.8576
5.828,-0.739379,-0.816078,-9.22386,-9.94563
5.83,-0.754719,-0.837554,-9.06846,-10.0248
5.832,-0.773126,-0.862097,-9.082,-10.2495
5.834,-0.788466,-0.883573,-8.94079,-10.2984
5.836,-0.803806,-0.908117,-8.8137,-10.4957
5.838,-0.819146,-0.93266,-8.69932,-10.6733
5.84,-0.834486,-0.957204,-8.59638,-10.8332
5.842,-0.849825,-0.981748,-8.50373,-10.9771
5.844,-0.865165,-1.00629,-8.42035,-11.1065
5.846,-0.880505,-1.0339,-8.34531,-11.3765
5.848,-0.895845,-1.05845,-8.27777,-11.466
5.85,-0.908117,-1.08299,-8.06358,-11.5466
5.852,-0.923456,-1.1106,-8.02421,-11.7725
5.854,-0.935728,-1.13821,-7.83538,-11.9758
5.856,-0.951068,-1.16583,-7.81884,-12.1588
5.858,-0.96334,-1.19344,-7.65055,-12.3235
5.86,-0.975612,-1.22105,-7.49908,-12.4718
5.862,-0.987884,-1.24866,-7.36277,-12.6052
5.864,-1.00016,-1.27934,-7.24008,-12.8786
5.866,-1.01243,-1.31002,-7.12967,-13.1248
5.868,-1.0247,-1.33763,-7.03029,-13.1929
5.87,-1.0339,-1.36831,-6.78746,-13.4076
5.872,-1.04617,-1.39899,-6.7223,-13.6008
5.874,-1.05538,-1.42967,-6.51027,-13.7747
5.876,-1.06765,-1.46342,-6.47283,-14.0846
5.878,-1.07685,-1.4941,-6.28574,-14.2101
5.88,-1.08913,-1.52784,-6.27076,-14.4765
5.882,-1.09526,-1.56159,-5.95048,-14.7162
5.884,-1.10447,-1.59227,-5.81563,-14.7786
5.886,-1.1106,-1.61682,-5.54086,-14.5279
5.888,-1.11367,-1.62909,-5.14017,-13.6887
5.89,-1.11367,-1.63522,-4.62616,-12.6266
5.892,-1.11674,-1.63829,-4.31694,-11.5174
5.894,-1.11674,-1.63829,-3.88524,-10.3656
5.896,-1.11981,-1.63522,-3.65012,-9.17567
5.898,-1.11981,-1.63216,-3.28511,-8.1047
5.9,-1.12287,-1.62909,-3.10999,-7.14083
5.902,-1.12287,-1.62602,-2.79899,-6.27335
5.904,-1.12594,-1.62602,-2.67249,-5.64602
5.906,-1.12594,-1.62602,-2.40524,-5.08142
5.908,-1.12901,-1.62602,-2.31812,-4.57327
5.91,-1.12901,-1.62295,-2.08631,-3.96255
5.912,-1.13208,-1.62295,-2.03107,-3.56629
5.914,-1.13208,-1.62602,-1.82797,-3.36306
5.916,-1.13208,-1.62602,-1.64517,-3.02676
5.918,-1.13515,-1.62909,-1.63405,-2.87748
5.92,-1.13515,-1.62909,-1.47065,-2.58973
5.922,-1.13821,-1.62909,-1.47698,-2.33076
5.924,-1.13821,-1.63216,-1.32928,-2.25108
5.926,-1.14128,-1.63216,-1.34975,-2.02597
5.928,-1.14128,-1.63522,-1.21478,-1.97677
5.93,-1.14435,-1.63829,-1.2467,-1.93249
5.932,-1.14742,-1.63829,-1.27542,-1.73924
5.934,-1.14742,-1.64136,-1.14788,-1.71872
5.936,-1.15049,-1.64136,-1.18649,-1.54685
5.938,-1.15049,-1.64443,-1.06784,-1.54556
5.94,-1.15355,-1.64443,-1.11446,-1.391
5.942,-1.15662,-1.6475,-1.15641,-1.4053
5.944,-1.15662,-1.65056,-1.04077,-1.41817
5.946,-1.15969,-1.65056,-1.09009,-1.27635
5.948,-1.16276,-1.65363,-1.13448,-1.30212
5.95,-1.16276,-1.6567,-1.02103,-1.3253
5.952,-1.16276,-1.65977,-0.918928,-1.34617
5.954,-1.16583,-1.66284,-0.980433,-1.36495
5.956,-1.16583,-1.66284,-0.88239,-1.22846
5.958,-1.16889,-1.6659,-0.947549,-1.25901
5.96,-1.16889,-1.66897,-0.852794,-1.28651
5.962,-1.17196,-1.67204,-0.920913,-1.31125
5.964,-1.17196,-1.67511,-0.828821,-1.33353
5.966,-1.17503,-1.67511,-0.899337,-1.20017
5.968,-1.17503,-1.67817,-0.809404,-1.23355
5.97,-1.17503,-1.68124,-0.728463,-1.2636
5.972,-1.17503,-1.68124,-0.655617,-1.13724
5.974,-1.1781,-1.68431,-0.743453,-1.17691
5.976,-1.1781,-1.68431,-0.669108,-1.05922
5.978,-1.1781,-1.68738,-0.602197,-1.1067
5.98,-1.1781,-1.69045,-0.541977,-1.14942
5.982,-1.1781,-1.69045,-0.48778,-1.03448
5.984,-1.1781,-1.69351,-0.439002,-1.08443
5.986,-1.18117,-1.69351,-0.5485,-0.975989
5.988,-1.18117,-1.69658,-0.49365,-1.03179
5.99,-1.18117,-1.69658,-0.444285,-0.928609
5.992,-1.18117,-1.69965,-0.399856,-0.989146
5.994,-1.18117,-1.70272,-0.359871,-1.04363
5.996,-1.18117,-1.70579,-0.323884,-1.09266
5.998,-1.18117,-1.70579,-0.291495,-0.983398
6,-1.18117,-1.70885,-0.262346,-1.03846
6.002,-1.18117,-1.71192,-0.236111,-1.08801
6.004,-1.18117,-1.71499,-0.2125,-1.13261
6.006,-1.1781,-1.71806,-0.0378519,-1.17274
6.008,-1.1781,-1.71806,-0.0340667,-1.05547
6.01,-1.1781,-1.72113,-0.0306601,-1.10332
6.012,-1.1781,-1.72419,-0.027594,-1.14639
6.014,-1.1781,-1.72726,-0.0248346,-1.18515
6.016,-1.1781,-1.73033,-0.0223512,-1.22003
6.018,-1.1781,-1.73033,-0.0201161,-1.09803
6.02,-1.1781,-1.7334,-0.0181045,-1.14162
6.022,-1.1781,-1.7334,-0.016294,-1.02746
6.024,-1.18117,-1.7334,-0.168063,-0.924714
6.026,-1.18117,-1.7334,-0.151256,-0.832242
6.028,-1.18117,-1.7334,-0.136131,-0.749018
6.03,-1.18117,-1.7334,-0.122518,-0.674116
6.032,-1.18117,-1.7334,-0.110266,-0.606705
6.034,-1.18423,-1.7334,-0.252637,-0.546034
6.036,-1.18423,-1.7334,-0.227374,-0.491431
6.038,-1.18423,-1.7334,-0.204636,-0.442288
6.04,-1.18423,-1.73033,-0.184173,-0.244661
6.042,-1.1873,-1.73033,-0.319153,-0.220195
6.044,-1.1873,-1.73033,-0.287238,-0.198175
6.046,-1.1873,-1.72726,-0.258514,-0.0249597
6.048,-1.1873,-1.72419,-0.232663,0.130934
6.05,-1.19037,-1.72419,-0.362795,0.117841
6.052,-1.19037,-1.72113,-0.326515,0.259455
6.054,-1.19037,-1.71806,-0.293864,0.386907
6.056,-1.19037,-1.71806,-0.264477,0.348217
6.058,-1.19037,-1.71499,-0.23803,0.466793
6.06,-1.19344,-1.71192,-0.367625,0.573512
6.062,-1.19344,-1.70885,-0.330862,0.669559
6.064,-1.19344,-1.70579,-0.297776,0.756001
6.066,-1.19344,-1.70272,-0.267998,0.833799
6.068,-1.19344,-1.69965,-0.241199,0.903817
6.07,-1.19344,-1.69658,-0.217079,0.966834
6.072,-1.19651,-1.69351,-0.348769,1.02355
6.074,-1.19651,-1.69045,-0.313892,1.07459
6.076,-1.19651,-1.68738,-0.282503,1.12053
6.078,-1.19651,-1.68431,-0.254253,1.16188
6.08,-1.19651,-1.68124,-0.228827,1.19909
6.082,-1.19344,-1.67511,-0.0525465,1.38597
6.084,-1.19344,-1.67204,-0.0472918,1.40077
6.086,-1.19344,-1.6659,-0.0425627,1.56749
6.088,-1.19344,-1.66284,-0.0383064,1.56414
6.09,-1.19344,-1.6567,-0.0344757,1.71452
6.092,-1.19344,-1.65363,-0.0310282,1.69647
6.094,-1.19037,-1.6475,0.125473,1.83362
6.096,-1.19037,-1.64136,0.112925,1.95705
6.098,-1.19037,-1.63829,0.101633,1.91475
6.1,-1.19037,-1.63216,0.0914696,2.03007
6.102,-1.1873,-1.62602,0.235721,2.13386
6.104,-1.1873,-1.61988,0.212149,2.22727
6.106,-1.1873,-1.61375,0.190934,2.31134
6.108,-1.1873,-1.60761,0.17184,2.387
6.11,-1.18423,-1.60148,0.308054,2.4551
6.112,-1.18423,-1.59534,0.277249,2.51638
6.114,-1.18117,-1.58614,0.402922,2.72494
6.116,-1.18117,-1.58,0.36263,2.75924
6.118,-1.1781,-1.57386,0.479765,2.79011
6.12,-1.1781,-1.56466,0.431789,2.9713
6.122,-1.17503,-1.55852,0.542008,2.98096
6.124,-1.17196,-1.54932,0.641205,3.14306
6.126,-1.16889,-1.54318,0.730483,3.13555
6.128,-1.16889,-1.53398,0.657434,3.28219
6.13,-1.16583,-1.52478,0.745089,3.41416
6.132,-1.16276,-1.51557,0.823978,3.53294
6.134,-1.15969,-1.50637,0.894978,3.63984
6.136,-1.15662,-1.49717,0.958879,3.73605
6.138,-1.15355,-1.48489,1.01639,3.97604
6.14,-1.15049,-1.47569,1.06815,4.03863
6.142,-1.14742,-1.46342,1.11473,4.24836
6.144,-1.14128,-1.45421,1.31005,4.28372
6.146,-1.13821,-1.44194,1.33245,4.46894
6.148,-1.13515,-1.42967,1.3526,4.63564
6.15,-1.12901,-1.42047,1.52414,4.63227
6.152,-1.12594,-1.40819,1.52512,4.78263
6.154,-1.11981,-1.39592,1.67941,4.91796
6.156,-1.11367,-1.38365,1.81826,5.03976
6.158,-1.1106,-1.37445,1.78983,4.99598
6.16,-1.10447,-1.36217,1.91765,5.10997
6.162,-1.1014,-1.3499,1.87928,5.21257
6.164,-1.09526,-1.3407,1.99815,5.1515
6.166,-1.08913,-1.32843,2.10513,5.24995
6.168,-1.08299,-1.31616,2.20141,5.33854
6.17,-1.07685,-1.30695,2.28807,5.26488
6.172,-1.07379,-1.29775,2.21266,5.19859
6.174,-1.06765,-1.28548,2.29819,5.29232
6.176,-1.06151,-1.27627,2.37517,5.22328
6.178,-1.05538,-1.264,2.44445,5.31455
6.18,-1.05231,-1.2548,2.3534,5.24329
6.182,-1.04617,-1.24559,2.42486,5.17915
6.184,-1.04004,-1.23639,2.48917,5.12143
6.186,-1.0339,-1.22718,2.54705,5.06948
6.188,-1.03084,-1.21798,2.44574,5.02273
6.19,-1.0247,-1.20878,2.50796,4.98065
6.192,-1.01856,-1.19957,2.56396,4.94278
6.194,-1.0155,-1.19037,2.46096,4.9087
6.196,-1.00936,-1.1781,2.52166,5.03142
6.198,-1.00629,-1.16889,2.42289,4.98847
6.2,-1.00016,-1.15969,2.4874,4.94982
6.202,-0.997088,-1.15049,2.39206,4.91503
6.204,-0.990952,-1.14128,2.45965,4.88372
6.206,-0.987884,-1.13208,2.36708,4.85554
6.208,-0.981748,-1.12287,2.43717,4.83018
6.21,-0.97868,-1.11367,2.34685,4.80736
6.212,-0.975612,-1.1014,2.26556,4.94022
6.214,-0.969476,-1.09219,2.3458,4.90639
6.216,-0.966408,-1.08299,2.26462,4.87594
6.218,-0.96334,-1.07379,2.19156,4.84854
6.22,-0.957204,-1.06151,2.2792,4.97728
6.222,-0.954136,-1.05231,2.20468,4.93975
6.224,-0.951068,-1.04311,2.13761,4.90597
6.226,-0.944932,-1.0339,2.23064,4.87556
6.228,-0.941864,-1.02163,2.16098,5.0016
6.23,-0.938796,-1.01243,2.09828,4.96163
6.232,-0.935728,-1.00322,2.04185,4.92567
6.234,-0.929592,-0.99402,2.14446,4.89329
6.236,-0.926524,-0.984816,2.08341,4.86416
6.238,-0.923456,-0.975612,2.02847,4.83794
6.24,-0.920388,-0.966408,1.97902,4.81434
6.242,-0.917321,-0.960272,1.93452,4.6397
6.244,-0.911185,-0.951068,2.04786,4.63592
6.246,-0.908117,-0.941864,1.99647,4.63253
6.248,-0.905049,-0.93266,1.95022,4.62947
6.25,-0.901981,-0.926524,1.9086,4.47332
6.252,-0.898913,-0.917321,1.87114,4.48618
6.254,-0.895845,-0.911185,1.83742,4.34436
6.256,-0.892777,-0.901981,1.80708,4.37012
6.258,-0.889709,-0.895845,1.77977,4.2399
6.26,-0.883573,-0.886641,1.90859,4.2761
6.262,-0.880505,-0.880505,1.87113,4.15529
6.264,-0.880505,-0.871301,1.68401,4.19996
6.266,-0.874369,-0.865165,1.82241,4.08676
6.268,-0.871301,-0.855961,1.79357,4.13827
6.27,-0.868233,-0.849825,1.76761,4.03124
6.272,-0.868233,-0.843689,1.59085,3.93492
6.274,-0.865165,-0.834486,1.58516,4.00162
6.276,-0.859029,-0.82835,1.73344,3.90825
6.278,-0.855961,-0.822214,1.71349,3.82422
6.28,-0.855961,-0.816078,1.54214,3.7486
6.282,-0.852893,-0.809942,1.54133,3.68053
6.284,-0.846757,-0.803806,1.69399,3.61928
6.286,-0.843689,-0.79767,1.67799,3.56414
6.288,-0.840621,-0.788466,1.66359,3.66792
6.29,-0.837554,-0.785398,1.65063,3.45453
6.292,-0.834486,-0.779262,1.63896,3.41587
6.294,-0.831418,-0.773126,1.62847,3.38108
6.296,-0.82835,-0.76699,1.61902,3.34977
6.298,-0.822214,-0.760854,1.76391,3.32159
6.3,-0.819146,-0.757787,1.74092,3.14283
6.302,-0.816078,-0.751651,1.72022,3.13534
6.304,-0.809942,-0.745515,1.855,3.1286
6.306,-0.806874,-0.742447,1.8229,2.96914
6.308,-0.800738,-0.736311,1.9474,2.97902
6.31,-0.79767,-0.733243,1.90606,2.83452
6.312,-0.791534,-0.727107,2.02225,2.85786
6.314,-0.788466,-0.724039,1.97342,2.72548
6.316,-0.78233,-0.717903,2.08288,2.75972
6.318,-0.779262,-0.714835,2.02799,2.63715
6.32,-0.773126,-0.711767,2.13199,2.52683
6.322,-0.76699,-0.708699,2.22558,2.42755
6.324,-0.760854,-0.702563,2.30982,2.49159
6.326,-0.757787,-0.696427,2.23224,2.54923
6.328,-0.751651,-0.687223,2.31581,2.7545
6.33,-0.745515,-0.67802,2.39102,2.93924
6.332,-0.739379,-0.668816,2.45872,3.10551
6.334,-0.733243,-0.659612,2.51964,3.25516
6.336,-0.727107,-0.650408,2.57447,3.38983
6.338,-0.720971,-0.641204,2.62382,3.51104
6.34,-0.714835,-0.632,2.66824,3.62013
6.342,-0.708699,-0.622796,2.70821,3.71832
6.344,-0.702563,-0.613592,2.74418,3.80668
6.346,-0.696427,-0.604388,2.77656,3.8862
6.348,-0.690291,-0.595185,2.8057,3.95778
6.35,-0.684155,-0.585981,2.83193,4.02219
6.352,-0.67802,-0.576777,2.85553,4.08017
6.354,-0.671884,-0.567573,2.87677,4.13235
6.356,-0.668816,-0.561437,2.7425,4.02591
6.358,-0.66268,-0.552233,2.77504,4.08351
6.36,-0.659612,-0.543029,2.65094,4.13535
6.362,-0.653476,-0.536893,2.69264,4.02862
6.364,-0.650408,-0.527689,2.57677,4.08595
6.366,-0.64734,-0.518486,2.47249,4.13755
6.368,-0.641204,-0.51235,2.53204,4.03059
6.37,-0.638136,-0.503146,2.43223,4.08772
6.372,-0.635068,-0.49701,2.34241,3.98575
6.374,-0.628932,-0.487806,2.41496,4.04737
6.376,-0.625864,-0.48167,2.32687,3.94943
6.378,-0.622796,-0.472466,2.24758,4.01468
6.38,-0.619728,-0.46633,2.17622,3.92001
6.382,-0.613592,-0.457126,2.26539,3.9882
6.384,-0.610524,-0.45099,2.19225,3.89618
6.386,-0.607456,-0.441786,2.12642,3.96675
6.388,-0.604388,-0.435651,2.06718,3.87687
6.39,-0.60132,-0.426447,2.01386,3.94938
6.392,-0.598253,-0.417243,1.96587,4.01464
6.394,-0.592117,-0.411107,2.07608,3.91997
6.396,-0.589049,-0.401903,2.02187,3.98817
6.398,-0.585981,-0.395767,1.97308,3.89615
6.4,-0.582913,-0.386563,1.92917,3.96673
6.402,-0.576777,-0.380427,2.04305,3.87685
6.404,-0.573709,-0.371223,1.99214,3.94936
6.406,-0.570641,-0.365087,1.94633,3.86122
6.408,-0.564505,-0.355884,2.05849,3.93529
6.41,-0.561437,-0.349748,2.00604,3.84856
6.412,-0.558369,-0.340544,1.95883,3.9239
6.414,-0.555301,-0.33134,1.91635,3.9917
6.416,-0.549165,-0.325204,2.03151,3.89933
6.418,-0.546097,-0.316,1.98176,3.96959
6.42,-0.539961,-0.309864,2.09038,3.87943
6.422,-0.536893,-0.30066,2.03474,3.95168
6.424,-0.533825,-0.291456,1.98466,4.0167
6.426,-0.527689,-0.28532,2.09299,3.92183
6.428,-0.524621,-0.276117,2.03709,3.98984
6.43,-0.518486,-0.269981,2.14018,3.89765
6.432,-0.515418,-0.260777,2.07956,3.96808
6.434,-0.509282,-0.251573,2.1784,4.03147
6.436,-0.503146,-0.242369,2.26735,4.08852
6.438,-0.500078,-0.236233,2.19402,3.98646
6.44,-0.493942,-0.227029,2.28141,4.04801
6.442,-0.487806,-0.217825,2.36007,4.1034
6.444,-0.48167,-0.208621,2.43086,4.15326
6.446,-0.475534,-0.199418,2.49457,4.19812
6.448,-0.469398,-0.190214,2.55191,4.23851
6.45,-0.463262,-0.18101,2.60351,4.27485
6.452,-0.454058,-0.171806,2.80335,4.30756
6.454,-0.447922,-0.159534,2.82982,4.4904
6.456,-0.441786,-0.15033,2.85363,4.50155
6.458,-0.435651,-0.141126,2.87506,4.51159
6.46,-0.429515,-0.131922,2.89435,4.52062
6.462,-0.420311,-0.122718,3.06511,4.52876
6.464,-0.414175,-0.110447,3.0654,4.68947
6.466,-0.408039,-0.101243,3.06565,4.68072
6.468,-0.401903,-0.0920388,3.06588,4.67284
6.47,-0.395767,-0.082835,3.06609,4.66575
6.472,-0.389631,-0.0736311,3.06628,4.65937
6.474,-0.386563,-0.0644272,2.91305,4.65363
6.476,-0.380427,-0.0552233,2.92854,4.64846
6.478,-0.374291,-0.0460194,2.94248,4.64381
6.48,-0.368155,-0.0368155,2.95503,4.63962
6.482,-0.365087,-0.0276117,2.81293,4.63585
6.484,-0.358952,-0.0214757,2.83843,4.47906
6.486,-0.352816,-0.0122718,2.86138,4.49135
6.488,-0.349748,-0.00306796,2.72864,4.50241
6.49,-0.343612,0.00613592,2.76257,4.51236
6.492,-0.340544,0.0122718,2.63971,4.36792
6.494,-0.337476,0.0214757,2.52914,4.39133
6.496,-0.334408,0.0306796,2.42963,4.41239
6.498,-0.33134,0.0368155,2.34006,4.27794
6.5,-0.328272,0.0460194,2.25945,4.31034
6.502,-0.325204,0.0521553,2.18691,4.18611
6.504,-0.322136,0.0582913,2.12161,4.07429
6.506,-0.322136,0.0644272,1.90945,3.97366
6.508,-0.319068,0.0705631,1.8719,3.88309
6.51,-0.319068,0.076699,1.68471,3.80158
6.512,-0.319068,0.079767,1.51624,3.57482
6.514,-0.319068,0.0859029,1.36462,3.52413
6.516,-0.319068,0.0889709,1.22816,3.32512
6.518,-0.322136,0.0951068,0.951943,3.2994
6.52,-0.322136,0.0981748,0.856749,3.12286
6.522,-0.325204,0.0981748,0.617676,2.81057
6.524,-0.328272,0.101243,0.40251,2.68291
6.526,-0.334408,0.101243,0.0554629,2.41462
6.528,-0.337476,0.101243,-0.103481,2.17316
6.53,-0.343612,0.101243,-0.399929,1.95584
6.532,-0.349748,0.101243,-0.666733,1.76026
6.534,-0.355884,0.101243,-0.906856,1.58423
6.536,-0.365087,0.0981748,-1.27636,1.27241
6.538,-0.371223,0.0981748,-1.45552,1.14517
6.54,-0.377359,0.0951068,-1.61677,0.877256
6.542,-0.389631,0.0889709,-2.06868,0.482734
6.544,-0.395767,0.0859029,-2.16861,0.281063
6.546,-0.404971,0.082835,-2.41194,0.0995583
6.548,-0.417243,0.076699,-2.78434,-0.217194
6.55,-0.426447,0.0736311,-2.9661,-0.348872
6.552,-0.435651,0.0674952,-3.12969,-0.620781
6.554,-0.447922,0.0613592,-3.43031,-0.865499
6.556,-0.457126,0.0552233,-3.54747,-1.08575
6.558,-0.46633,0.0490874,-3.65292,-1.28397
6.56,-0.478602,0.0429515,-3.90122,-1.46237
6.562,-0.490874,0.0368155,-4.12469,-1.62293
6.564,-0.500078,0.0306796,-4.17242,-1.76743
6.566,-0.51235,0.0245437,-4.36877,-1.89748
6.568,-0.524621,0.0153398,-4.54548,-2.16793
6.57,-0.536893,0.00920388,-4.70453,-2.25793
6.572,-0.549165,0,-4.84767,-2.49233
6.574,-0.558369,-0.00920388,-4.82309,-2.70329
6.576,-0.570641,-0.0153398,-4.95438,-2.73976
6.578,-0.582913,-0.0245437,-5.07253,-2.92598
6.58,-0.595185,-0.0337476,-5.17887,-3.09358
6.582,-0.607456,-0.0398835,-5.27458,-3.09101
6.584,-0.619728,-0.0490874,-5.36071,-3.24211
6.586,-0.632,-0.0582913,-5.43823,-3.37809
6.588,-0.644272,-0.0674952,-5.508,-3.50048
6.59,-0.656544,-0.076699,-5.57079,-3.61062
6.592,-0.665748,-0.0859029,-5.47391,-3.70975
6.594,-0.67802,-0.0951068,-5.54011,-3.79897
6.596,-0.690291,-0.104311,-5.59969,-3.87927
6.598,-0.699495,-0.113515,-5.49992,-3.95154
6.6,-0.711767,-0.122718,-5.56352,-4.01658
6.602,-0.720971,-0.131922,-5.46736,-4.07511
6.604,-0.733243,-0.141126,-5.53422,-4.1278
6.606,-0.745515,-0.15033,-5.59439,-4.17521
6.608,-0.754719,-0.159534,-5.49514,-4.21788
6.61,-0.763922,-0.168738,-5.40582,-4.25629
6.612,-0.773126,-0.177942,-5.32543,-4.29086
6.614,-0.78233,-0.184078,-5.25308,-4.16857
6.616,-0.791534,-0.193282,-5.18797,-4.2119
6.618,-0.800738,-0.202485,-5.12937,-4.25091
6.62,-0.809942,-0.211689,-5.07663,-4.28601
6.622,-0.819146,-0.220893,-5.02916,-4.3176
6.624,-0.82835,-0.230097,-4.98644,-4.34604
6.626,-0.837554,-0.236233,-4.94799,-4.21823
6.628,-0.846757,-0.245437,-4.91338,-4.2566
6.63,-0.855961,-0.254641,-4.88224,-4.29114
6.632,-0.865165,-0.263845,-4.85421,-4.32222
6.634,-0.871301,-0.269981,-4.67558,-4.19679
6.636,-0.880505,-0.279185,-4.66822,-4.23731
6.638,-0.886641,-0.28532,-4.50819,-4.12037
6.64,-0.895845,-0.294524,-4.51757,-4.16853
6.642,-0.905049,-0.30066,-4.52601,-4.05847
6.644,-0.911185,-0.309864,-4.3802,-4.11282
6.646,-0.917321,-0.316,-4.24898,-4.00833
6.648,-0.923456,-0.325204,-4.13088,-4.06769
6.65,-0.93266,-0.33134,-4.17798,-3.96772
6.652,-0.938796,-0.337476,-4.06698,-3.87774
6.654,-0.944932,-0.34668,-3.96708,-3.95016
6.656,-0.951068,-0.352816,-3.87717,-3.86194
6.658,-0.957204,-0.358952,-3.79625,-3.78255
6.66,-0.96334,-0.368155,-3.72342,-3.86449
6.662,-0.969476,-0.374291,-3.65787,-3.78483
6.664,-0.975612,-0.380427,-3.59888,-3.71315
6.666,-0.97868,-0.386563,-3.39239,-3.64863
6.668,-0.984816,-0.392699,-3.35995,-3.59056
6.67,-0.990952,-0.401903,-3.33075,-3.6917
6.672,-0.99402,-0.408039,-3.15107,-3.62933
6.674,-1.00016,-0.414175,-3.14276,-3.57319
6.676,-1.00322,-0.420311,-2.98188,-3.52267
6.678,-1.00936,-0.426447,-2.99049,-3.4772
6.68,-1.01243,-0.432583,-2.84484,-3.43627
6.682,-1.0155,-0.438719,-2.71375,-3.39944
6.684,-1.01856,-0.444854,-2.59578,-3.36629
6.686,-1.0247,-0.45099,-2.643,-3.33646
6.688,-1.02777,-0.457126,-2.53209,-3.30961
6.69,-1.03084,-0.463262,-2.43228,-3.28545
6.692,-1.0339,-0.469398,-2.34245,-3.2637
6.694,-1.03697,-0.475534,-2.26161,-3.24412
6.696,-1.04004,-0.48167,-2.18884,-3.22651
6.698,-1.04311,-0.487806,-2.12336,-3.21065
6.7,-1.04617,-0.49701,-2.06442,-3.34978
6.702,-1.04924,-0.503146,-2.01138,-3.3216
6.704,-1.05231,-0.509282,-1.96364,-3.29624
6.706,-1.05538,-0.518486,-1.92067,-3.42681
6.708,-1.05845,-0.524621,-1.882,-3.39092
6.71,-1.06151,-0.533825,-1.8472,-3.51202
6.712,-1.06458,-0.539961,-1.81588,-3.46762
6.714,-1.06765,-0.549165,-1.78769,-3.58105
6.716,-1.07072,-0.552233,-1.76232,-3.37634
6.718,-1.07379,-0.558369,-1.73948,-3.34551
6.72,-1.07685,-0.561437,-1.71893,-3.16435
6.722,-1.07685,-0.564505,-1.54704,-3.00132
6.724,-1.07992,-0.567573,-1.54573,-2.85458
6.726,-1.07992,-0.567573,-1.39116,-2.56912
6.728,-1.07992,-0.570641,-1.25204,-2.46561
6.73,-1.07992,-0.570641,-1.12684,-2.21905
6.732,-1.07992,-0.570641,-1.01416,-1.99714
6.734,-1.07992,-0.573709,-0.91274,-1.95083
6.736,-1.07992,-0.573709,-0.821466,-1.75574
6.738,-1.07992,-0.573709,-0.73932,-1.58017
6.74,-1.07992,-0.573709,-0.665388,-1.42215
6.742,-1.07992,-0.573709,-0.598849,-1.27994
6.744,-1.07992,-0.573709,-0.538964,-1.15194
6.746,-1.07992,-0.573709,-0.485068,-1.03675
6.748,-1.07685,-0.573709,-0.283163,-0.933075
6.75,-1.07685,-0.573709,-0.254847,-0.839767
6.752,-1.07685,-0.573709,-0.229362,-0.755791
6.754,-1.07379,-0.573709,-0.0530276,-0.680211
6.756,-1.07072,-0.573709,0.105673,-0.61219
6.758,-1.07072,-0.573709,0.0951059,-0.550971
6.76,-1.06765,-0.570641,0.238993,-0.342476
6.762,-1.06765,-0.570641,0.215094,-0.308228
6.764,-1.06458,-0.570641,0.346983,-0.277406
6.766,-1.06458,-0.570641,0.312284,-0.249665
6.768,-1.06458,-0.567573,0.281056,-0.0713005
6.77,-1.06151,-0.567573,0.406348,-0.0641704
6.772,-1.05845,-0.567573,0.519112,-0.0577534
6.774,-1.05845,-0.567573,0.467201,-0.051978
6.776,-1.05538,-0.564505,0.573879,0.106618
6.778,-1.05538,-0.564505,0.516491,0.0959561
6.78,-1.05538,-0.564505,0.464842,0.0863604
6.782,-1.05231,-0.564505,0.571756,0.0777244
6.784,-1.05231,-0.564505,0.51458,0.069952
6.786,-1.04924,-0.564505,0.61652,0.0629568
6.788,-1.04924,-0.564505,0.554868,0.0566611
6.79,-1.04924,-0.561437,0.499381,0.204393
6.792,-1.04617,-0.561437,0.602841,0.183954
6.794,-1.04617,-0.561437,0.542557,0.165558
6.796,-1.04617,-0.561437,0.488301,0.149003
6.798,-1.04311,-0.561437,0.592869,0.134102
6.8,-1.04311,-0.561437,0.533582,0.120692
6.802,-1.04311,-0.561437,0.480224,0.108623
6.804,-1.04311,-0.561437,0.432202,0.0977606
6.806,-1.04311,-0.561437,0.388982,0.0879845
6.808,-1.04311,-0.561437,0.350083,0.0791861
6.81,-1.04311,-0.561437,0.315075,0.0712675
6.812,-1.04311,-0.561437,0.283568,0.0641407
6.814,-1.04311,-0.561437,0.255211,0.0577266
6.816,-1.04311,-0.561437,0.22969,0.051954
6.818,-1.04311,-0.561437,0.206721,0.0467586
6.82,-1.04311,-0.564505,0.186049,-0.111315
6.822,-1.04311,-0.564505,0.167444,-0.100184
6.824,-1.04311,-0.564505,0.150699,-0.0901654
6.826,-1.04311,-0.564505,0.135629,-0.0811489
6.828,-1.04311,-0.564505,0.122067,-0.073034
6.83,-1.04311,-0.564505,0.10986,-0.0657306
6.832,-1.04311,-0.564505,0.0988739,-0.0591575
6.834,-1.04311,-0.567573,0.0889865,-0.20664
6.836,-1.04311,-0.567573,0.0800879,-0.185976
6.838,-1.04311,-0.567573,0.0720791,-0.167378
6.84,-1.04311,-0.567573,0.0648712,-0.15064
6.842,-1.04311,-0.567573,0.058384,-0.135576
6.844,-1.04311,-0.567573,0.0525456,-0.122019
6.846,-1.04311,-0.567573,0.0472911,-0.109817
6.848,-1.04311,-0.567573,0.042562,-0.0988352
6.85,-1.04617,-0.567573,-0.115092,-0.0889517
6.852,-1.04617,-0.567573,-0.103583,-0.0800565
6.854,-1.04617,-0.564505,-0.0932248,0.0813472
6.856,-1.04617,-0.564505,-0.0839023,0.0732125
6.858,-1.04617,-0.564505,-0.0755121,0.0658912
6.86,-1.04617,-0.564505,-0.0679609,0.0593021
6.862,-1.04617,-0.561437,-0.0611648,0.20677
6.864,-1.04617,-0.561437,-0.0550483,0.186093
6.866,-1.04617,-0.561437,-0.0495435,0.167484
6.868,-1.04617,-0.558369,-0.0445891,0.304133
6.87,-1.04617,-0.558369,-0.0401302,0.27372
6.872,-1.04617,-0.555301,-0.0361172,0.399746
6.874,-1.04617,-0.552233,-0.0325055,0.51317
6.876,-1.04617,-0.552233,-0.0292549,0.461853
6.878,-1.04617,-0.549165,-0.0263294,0.569065
6.88,-1.04311,-0.546097,0.129702,0.665557
6.882,-1.04311,-0.543029,0.116731,0.752399
6.884,-1.04311,-0.539961,0.105058,0.830558
6.886,-1.04311,-0.536893,0.0945525,0.9009
6.888,-1.04004,-0.533825,0.238495,0.964208
6.89,-1.04004,-0.527689,0.214646,1.17458
6.892,-1.03697,-0.524621,0.346579,1.21052
6.894,-1.03697,-0.521553,0.311921,1.24287
6.896,-1.0339,-0.515418,0.434127,1.42538
6.898,-1.03084,-0.51235,0.544113,1.43624
6.9,-1.02777,-0.506214,0.643099,1.59941
6.902,-1.0247,-0.500078,0.732188,1.74627
6.904,-1.02163,-0.493942,0.812367,1.87844
6.906,-1.01856,-0.490874,0.884528,1.84399
6.908,-1.0155,-0.484738,0.949474,1.96639
6.91,-1.01243,-0.478602,1.00792,2.07654
6.912,-1.00936,-0.472466,1.06053,2.17569
6.914,-1.00322,-0.46633,1.26127,2.26491
6.916,-1.00016,-0.457126,1.28854,2.49862
6.918,-0.99402,-0.45099,1.46649,2.55555
6.92,-0.990952,-0.444854,1.47324,2.60679
6.922,-0.984816,-0.438719,1.63271,2.65291
6.924,-0.97868,-0.432583,1.77623,2.69441
6.926,-0.975612,-0.423379,1.75201,2.88517
6.928,-0.969476,-0.417243,1.8836,2.90345
6.93,-0.96334,-0.411107,2.00204,2.9199
6.932,-0.957204,-0.404971,2.10863,2.9347
6.934,-0.951068,-0.395767,2.20456,3.10143
6.936,-0.944932,-0.389631,2.2909,3.09808
6.938,-0.938796,-0.380427,2.36861,3.24847
6.94,-0.93266,-0.374291,2.43855,3.23042
6.942,-0.926524,-0.368155,2.50149,3.21417
6.944,-0.920388,-0.358952,2.55813,3.35295
6.946,-0.914253,-0.352816,2.60912,3.32445
6.948,-0.908117,-0.34668,2.655,3.2988
6.95,-0.901981,-0.337476,2.6963,3.42912
6.952,-0.895845,-0.33134,2.73346,3.393
6.954,-0.889709,-0.325204,2.76691,3.3605
6.956,-0.883573,-0.316,2.79702,3.48464
6.958,-0.880505,-0.309864,2.67071,3.44297
6.96,-0.871301,-0.303728,2.86384,3.40547
6.962,-0.868233,-0.294524,2.73085,3.52512
6.964,-0.862097,-0.288388,2.76456,3.4794
6.966,-0.855961,-0.282252,2.7949,3.43826
6.968,-0.852893,-0.276117,2.66881,3.40123
6.97,-0.846757,-0.269981,2.70873,3.3679
6.972,-0.843689,-0.260777,2.59125,3.49131
6.974,-0.837554,-0.254641,2.63892,3.44897
6.976,-0.834486,-0.248505,2.52843,3.41087
6.978,-0.831418,-0.242369,2.42898,3.37658
6.98,-0.825282,-0.236233,2.49288,3.34572
6.982,-0.822214,-0.230097,2.39699,3.31794
6.984,-0.816078,-0.223961,2.46409,3.29294
6.986,-0.81301,-0.217825,2.37108,3.27045
6.988,-0.809942,-0.208621,2.28737,3.4036
6.99,-0.806874,-0.205553,2.21203,3.21663
6.992,-0.800738,-0.19635,2.29762,3.35517
6.994,-0.79767,-0.190214,2.22126,3.32644
6.996,-0.794602,-0.184078,2.15253,3.3006
6.998,-0.788466,-0.177942,2.24407,3.27733
7,-0.785398,-0.171806,2.17306,3.2564
7.002,-0.78233,-0.16567,2.10916,3.23755
7.004,-0.779262,-0.159534,2.05164,3.22059
7.006,-0.776194,-0.153398,1.99987,3.20533
7.008,-0.773126,-0.147262,1.95328,3.19159
7.01,-0.770058,-0.141126,1.91135,3.17923
7.012,-0.770058,-0.13499,1.72022,3.1681
7.014,-0.76699,-0.131922,1.70159,3.00469
7.016,-0.763922,-0.125786,1.68483,3.01102
7.018,-0.763922,-0.122718,1.51635,2.86331
7.02,-0.760854,-0.116583,1.51811,2.88378
7.022,-0.760854,-0.113515,1.3663,2.7488
7.024,-0.760854,-0.107379,1.22967,2.78072
7.026,-0.757787,-0.104311,1.2601,2.65604
7.028,-0.757787,-0.101243,1.13409,2.54384
7.03,-0.757787,-0.0951068,1.02068,2.59625
7.032,-0.757787,-0.0920388,0.918615,2.49002
7.034,-0.757787,-0.0889709,0.826753,2.39442
7.036,-0.757787,-0.0859029,0.744078,2.30837
7.038,-0.754719,-0.079767,0.823068,2.38433
7.04,-0.754719,-0.076699,0.740761,2.2993
7.042,-0.754719,-0.0705631,0.666685,2.37616
7.044,-0.754719,-0.0674952,0.600017,2.29195
7.046,-0.754719,-0.0644272,0.540015,2.21615
7.048,-0.754719,-0.0582913,0.486013,2.30133
7.05,-0.754719,-0.0552233,0.437412,2.2246
7.052,-0.757787,-0.0521553,0.240273,2.15553
7.054,-0.757787,-0.0490874,0.216246,2.09338
7.056,-0.757787,-0.0460194,0.194621,2.03744
7.058,-0.757787,-0.0398835,0.175159,2.14049
7.06,-0.760854,-0.0368155,0.00424492,2.07984
7.062,-0.760854,-0.0337476,0.00382043,2.02525
7.064,-0.763922,-0.0306796,-0.14996,1.97613
7.066,-0.763922,-0.0276117,-0.134964,1.93191
7.068,-0.770058,-0.0276117,-0.428264,1.73872
7.07,-0.770058,-0.0245437,-0.385437,1.71825
7.072,-0.773126,-0.0245437,-0.500292,1.54642
7.074,-0.779262,-0.0214757,-0.757059,1.54518
7.076,-0.78233,-0.0214757,-0.834751,1.39066
7.078,-0.785398,-0.0184078,-0.904674,1.40499
7.08,-0.788466,-0.0184078,-0.967604,1.26449
7.082,-0.794602,-0.0184078,-1.17764,1.13804
7.084,-0.79767,-0.0153398,-1.21327,1.17764
7.086,-0.800738,-0.0153398,-1.24534,1.05987
7.088,-0.806874,-0.0122718,-1.42761,1.10728
7.09,-0.809942,-0.0122718,-1.43824,0.996556
7.092,-0.816078,-0.00920388,-1.60122,1.0503
7.094,-0.822214,-0.00920388,-1.74789,0.945269
7.096,-0.82835,-0.00920388,-1.8799,0.850742
7.098,-0.834486,-0.00920388,-1.9987,0.765668
7.1,-0.840621,-0.00920388,-2.10563,0.689101
7.102,-0.846757,-0.00920388,-2.20186,0.620191
7.104,-0.855961,-0.00920388,-2.44187,0.558172
7.106,-0.862097,-0.0122718,-2.50448,0.348956
7.108,-0.868233,-0.0122718,-2.56083,0.314061
7.11,-0.877437,-0.0122718,-2.76494,0.282655
7.112,-0.886641,-0.0153398,-2.94864,0.100991
7.114,-0.892777,-0.0153398,-2.96057,0.090892
7.116,-0.901981,-0.0184078,-3.12471,-0.0715952
7.118,-0.911185,-0.0214757,-3.27243,-0.217834
7.12,-0.920388,-0.0214757,-3.40538,-0.19605
7.122,-0.93266,-0.0245437,-3.67844,-0.329843
7.124,-0.941864,-0.0306796,-3.77079,-0.603655
7.126,-0.951068,-0.0337476,-3.8539,-0.696688
7.128,-0.96334,-0.0398835,-4.08211,-0.933815
7.13,-0.975612,-0.0429515,-4.28749,-0.993832
7.132,-0.984816,-0.0490874,-4.31893,-1.20124
7.134,-0.997088,-0.0552233,-4.50063,-1.38792
7.136,-1.00936,-0.0613592,-4.66416,-1.55592
7.138,-1.02163,-0.0674952,-4.81134,-1.70712
7.14,-1.03084,-0.0736311,-4.7904,-1.84321
7.142,-1.04311,-0.079767,-4.92495,-1.96568
7.144,-1.05538,-0.0889709,-5.04605,-2.22931
7.146,-1.06765,-0.0951068,-5.15503,-2.31317
7.148,-1.07685,-0.101243,-5.09973,-2.38865
7.15,-1.08913,-0.107379,-5.20335,-2.45658
7.152,-1.1014,-0.113515,-5.2966,-2.51772
7.154,-1.11367,-0.119651,-5.38054,-2.57275
7.156,-1.12287,-0.128854,-5.30268,-2.77567
7.158,-1.13515,-0.13499,-5.386,-2.8049
7.16,-1.14742,-0.144194,-5.46099,-2.9846
7.162,-1.15969,-0.153398,-5.52849,-3.14633
7.164,-1.16889,-0.159534,-5.43583,-3.1385
7.166,-1.18117,-0.168738,-5.50584,-3.28484
7.168,-1.19037,-0.177942,-5.41545,-3.41655
7.17,-1.20264,-0.187146,-5.4875,-3.53509
7.172,-1.21491,-0.193282,-5.55234,-3.48838
7.174,-1.22412,-0.202485,-5.4573,-3.59973
7.176,-1.23639,-0.211689,-5.52516,-3.69996
7.178,-1.24559,-0.217825,-5.43284,-3.63676
7.18,-1.25786,-0.227029,-5.50315,-3.73327
7.182,-1.26707,-0.236233,-5.41303,-3.82014
7.184,-1.27627,-0.245437,-5.33192,-3.89832
7.186,-1.28548,-0.254641,-5.25892,-3.96868
7.188,-1.29775,-0.260777,-5.34662,-3.87861
7.19,-1.30695,-0.269981,-5.27215,-3.95094
7.192,-1.31309,-0.279185,-5.05173,-4.01604
7.194,-1.32229,-0.28532,-5.00676,-3.92124
7.196,-1.3315,-0.294524,-4.96627,-3.98931
7.198,-1.3407,-0.30066,-4.92984,-3.89717
7.2,-1.34684,-0.309864,-4.74365,-3.96765
7.202,-1.35604,-0.316,-4.72948,-3.87768
7.204,-1.36217,-0.322136,-4.56333,-3.79671
7.206,-1.37138,-0.328272,-4.56719,-3.72383
7.208,-1.37751,-0.334408,-4.41727,-3.65825
7.21,-1.38365,-0.343612,-4.28234,-3.75262
7.212,-1.38979,-0.34668,-4.1609,-3.53075
7.214,-1.39592,-0.352816,-4.05161,-3.48447
7.216,-1.40206,-0.358952,-3.95324,-3.44282
7.218,-1.40819,-0.362019,-3.86471,-3.25194
7.22,-1.41126,-0.365087,-3.63164,-3.08014
7.222,-1.4174,-0.368155,-3.57527,-2.92553
7.224,-1.42047,-0.371223,-3.37114,-2.78637
7.226,-1.4266,-0.374291,-3.34083,-2.66113
7.228,-1.42967,-0.377359,-3.16014,-2.54842
7.23,-1.43274,-0.380427,-2.99752,-2.44697
7.232,-1.43581,-0.383495,-2.85117,-2.35567
7.234,-1.44194,-0.386563,-2.87285,-2.27351
7.236,-1.44501,-0.386563,-2.73896,-2.04615
7.238,-1.44501,-0.389631,-2.46507,-1.99494
7.24,-1.44808,-0.392699,-2.37196,-1.94884
7.242,-1.45115,-0.395767,-2.28816,-1.90736
7.244,-1.45115,-0.398835,-2.05934,-1.87002
7.246,-1.45421,-0.401903,-2.00681,-1.83641
7.248,-1.45421,-0.408039,-1.80613,-1.95957
7.25,-1.45728,-0.411107,-1.77891,-1.91701
7.252,-1.45728,-0.417243,-1.60102,-2.03211
7.254,-1.45728,-0.423379,-1.44092,-2.13569
7.256,-1.45728,-0.426447,-1.29683,-2.07552
7.258,-1.45728,-0.432583,-1.16714,-2.17476
7.26,-1.45728,-0.438719,-1.05043,-2.26408
7.262,-1.45728,-0.444854,-0.945387,-2.34447
7.264,-1.45728,-0.447922,-0.850848,-2.26342
7.266,-1.45728,-0.454058,-0.765763,-2.34388
7.268,-1.45421,-0.460194,-0.535789,-2.41628
7.27,-1.45115,-0.463262,-0.328812,-2.32805
7.272,-1.44808,-0.469398,-0.142533,-2.40205
7.274,-1.44501,-0.475534,0.0251186,-2.46864
7.276,-1.44194,-0.478602,0.176005,-2.37517
7.278,-1.43581,-0.48167,0.4652,-2.29105
7.28,-1.43274,-0.484738,0.572079,-2.21535
7.282,-1.42353,-0.487806,0.975065,-2.14721
7.284,-1.4174,-0.487806,1.18435,-1.93249
7.286,-1.40819,-0.487806,1.52611,-1.73924
7.288,-1.39899,-0.487806,1.8337,-1.56532
7.29,-1.38979,-0.484738,2.11052,-1.25539
7.292,-1.38058,-0.48167,2.35966,-0.976449
7.294,-1.36831,-0.475534,2.73729,-0.572008
7.296,-1.35911,-0.469398,2.92375,-0.208011
7.298,-1.3499,-0.46633,3.09157,-0.0338117
7.3,-1.3407,-0.460194,3.24261,0.276366
7.302,-1.33456,-0.454058,3.22515,0.555525
7.304,-1.32843,-0.45099,3.20943,0.653371
7.306,-1.32229,-0.447922,3.19528,0.741432
7.308,-1.31922,-0.444854,3.02915,0.820687
7.31,-1.31616,-0.441786,2.87963,0.892016
7.312,-1.31616,-0.441786,2.59167,0.802814
7.314,-1.31616,-0.441786,2.3325,0.722533
7.316,-1.31616,-0.441786,2.09925,0.65028
7.318,-1.31922,-0.444854,1.73593,0.431854
7.32,-1.32229,-0.444854,1.40894,0.388668
7.322,-1.32229,-0.447922,1.26804,0.196403
7.324,-1.32536,-0.45099,0.987842,0.023365
7.326,-1.3315,-0.454058,0.582262,-0.13237
7.328,-1.33456,-0.457126,0.370637,-0.272531
7.33,-1.33763,-0.463262,0.180176,-0.552074
7.332,-1.3407,-0.46633,0.00875996,-0.650265
7.334,-1.34684,-0.469398,-0.298912,-0.738636
7.336,-1.3499,-0.472466,-0.422419,-0.818171
7.338,-1.35297,-0.475534,-0.533575,-0.889752
7.34,-1.35604,-0.475534,-0.633616,-0.800776
7.342,-1.35911,-0.478602,-0.723652,-0.874097
7.344,-1.35911,-0.48167,-0.651287,-0.940085
7.346,-1.36217,-0.48167,-0.739556,-0.846077
7.348,-1.36524,-0.484738,-0.818999,-0.914867
7.35,-1.36524,-0.484738,-0.737099,-0.82338
7.352,-1.36831,-0.484738,-0.816787,-0.741042
7.354,-1.36831,-0.484738,-0.735108,-0.666938
7.356,-1.36831,-0.484738,-0.661598,-0.600244
7.358,-1.36831,-0.484738,-0.595438,-0.54022
7.36,-1.36831,-0.484738,-0.535894,-0.486198
7.362,-1.36524,-0.484738,-0.328907,-0.437578
7.364,-1.36524,-0.484738,-0.296016,-0.39382
7.366,-1.36217,-0.48167,-0.113016,-0.20104
7.368,-1.36217,-0.48167,-0.101715,-0.180936
7.37,-1.35911,-0.478602,0.0618549,-0.00944448
7.372,-1.35911,-0.478602,0.0556694,-0.00850004
7.374,-1.35911,-0.478602,0.0501025,-0.00765003
7.376,-1.35604,-0.475534,0.19849,0.146513
7.378,-1.35604,-0.475534,0.178641,0.131862
7.38,-1.35604,-0.475534,0.160777,0.118676
7.382,-1.35604,-0.475534,0.144699,0.106808
7.384,-1.35604,-0.475534,0.130229,0.0961272
7.386,-1.35604,-0.475534,0.117207,0.0865145
7.388,-1.35604,-0.475534,0.105486,0.077863
7.39,-1.35604,-0.475534,0.0949373,0.0700767
7.392,-1.35911,-0.475534,-0.0679545,0.0630691
7.394,-1.35911,-0.478602,-0.0611591,-0.0966359
7.396,-1.35911,-0.478602,-0.0550431,-0.0869723
7.398,-1.35911,-0.478602,-0.0495388,-0.0782751
7.4,-1.36217,-0.478602,-0.197983,-0.0704476
7.402,-1.36217,-0.478602,-0.178185,-0.0634028
7.404,-1.36217,-0.478602,-0.160366,-0.0570625
7.406,-1.36217,-0.478602,-0.14433,-0.0513563
7.408,-1.36217,-0.478602,-0.129897,-0.0462207
7.41,-1.36217,-0.478602,-0.116907,-0.0415986
7.412,-1.36217,-0.478602,-0.105216,-0.0374387
7.414,-1.36217,-0.475534,-0.0946947,0.119703
7.416,-1.35911,-0.475534,0.0681729,0.107733
7.418,-1.35911,-0.472466,0.0613556,0.250358
7.42,-1.35604,-0.469398,0.208618,0.37872
7.422,-1.35297,-0.469398,0.341154,0.340848
7.424,-1.35297,-0.46633,0.307039,0.460161
7.426,-1.3499,-0.463262,0.429733,0.567543
7.428,-1.34684,-0.460194,0.540158,0.664187
7.43,-1.34684,-0.457126,0.486142,0.751166
7.432,-1.34377,-0.454058,0.590926,0.829448
7.434,-1.3407,-0.45099,0.685231,0.899901
7.436,-1.33763,-0.45099,0.770106,0.809911
7.438,-1.33763,-0.447922,0.693096,0.882318
7.44,-1.33456,-0.444854,0.777184,0.947484
7.442,-1.3315,-0.441786,0.852864,1.00613
7.444,-1.3315,-0.438719,0.767578,1.05892
7.446,-1.32843,-0.435651,0.844218,1.10642
7.448,-1.32536,-0.432583,0.913194,1.14918
7.45,-1.32229,-0.429515,0.975273,1.18766
7.452,-1.32229,-0.426447,0.877746,1.22229
7.454,-1.31922,-0.423379,0.943369,1.25346
7.456,-1.31616,-0.420311,1.00243,1.28151
7.458,-1.31309,-0.417243,1.05559,1.30676
7.46,-1.31002,-0.414175,1.10342,1.32948
7.462,-1.30695,-0.408039,1.14648,1.50333
7.464,-1.30388,-0.404971,1.18523,1.5064
7.466,-1.30082,-0.401903,1.22011,1.50915
7.468,-1.29775,-0.398835,1.25149,1.51164
7.47,-1.29468,-0.392699,1.27974,1.66727
7.472,-1.28854,-0.389631,1.45856,1.65394
7.474,-1.28548,-0.383495,1.46611,1.79534
7.476,-1.28241,-0.380427,1.47289,1.76921
7.478,-1.27627,-0.374291,1.6324,1.89908
7.48,-1.2732,-0.371223,1.62256,1.86257
7.482,-1.26707,-0.365087,1.7671,1.98311
7.484,-1.264,-0.362019,1.74379,1.9382
7.486,-1.25786,-0.355884,1.8762,2.05117
7.488,-1.25173,-0.349748,1.99538,2.15285
7.49,-1.24866,-0.343612,1.94924,2.24436
7.492,-1.24252,-0.337476,2.06111,2.32672
7.494,-1.23639,-0.334408,2.1618,2.24745
7.496,-1.23332,-0.328272,2.09902,2.3295
7.498,-1.22718,-0.322136,2.19591,2.40335
7.5,-1.22105,-0.316,2.28312,2.46981
7.502,-1.21491,-0.309864,2.3616,2.52962
7.504,-1.20878,-0.303728,2.43224,2.58346
7.506,-1.20264,-0.297592,2.49581,2.63191
7.508,-1.19651,-0.291456,2.55302,2.67551
7.51,-1.19037,-0.282252,2.60452,2.86816
7.512,-1.18423,-0.276117,2.65086,2.88814
7.514,-1.17503,-0.269981,2.84597,2.90612
7.516,-1.16889,-0.263845,2.86817,2.9223
7.518,-1.16276,-0.254641,2.88815,3.09027
7.52,-1.15355,-0.248505,3.05953,3.08804
7.522,-1.14742,-0.239301,3.06037,3.23943
7.524,-1.13821,-0.233165,3.21453,3.22228
7.526,-1.12901,-0.223961,3.35327,3.36025
7.528,-1.12287,-0.217825,3.32474,3.33102
7.53,-1.11367,-0.208621,3.45246,3.45811
7.532,-1.10447,-0.199418,3.56741,3.57249
7.534,-1.09526,-0.190214,3.67086,3.67544
7.536,-1.08606,-0.18101,3.76397,3.76809
7.538,-1.07379,-0.171806,4.00116,3.85147
7.54,-1.06458,-0.162602,4.06124,3.92652
7.542,-1.05538,-0.153398,4.11531,3.99406
7.544,-1.04311,-0.144194,4.31737,4.05485
7.546,-1.03084,-0.13499,4.49923,4.10956
7.548,-1.02163,-0.122718,4.5095,4.3122
7.55,-1.00936,-0.113515,4.67214,4.34117
7.552,-1.00016,-0.101243,4.66512,4.52065
7.554,-0.987884,-0.0920388,4.8122,4.52878
7.556,-0.975612,-0.082835,4.94457,4.53609
7.558,-0.96334,-0.0736311,5.06371,4.54268
7.56,-0.951068,-0.0613592,5.17093,4.702
7.562,-0.938796,-0.0521553,5.26743,4.692
7.564,-0.926524,-0.0429515,5.35428,4.68299
7.566,-0.914253,-0.0306796,5.43244,4.82828
7.568,-0.901981,-0.0184078,5.50279,4.95905
7.57,-0.886641,-0.00613592,5.7195,5.07674
7.572,-0.874369,0.00306796,5.76114,5.02926
7.574,-0.862097,0.0122718,5.79862,4.98652
7.576,-0.846757,0.0245437,5.98575,5.10146
7.578,-0.834486,0.0337476,6.00077,5.05151
7.58,-0.822214,0.0460194,6.01428,5.15995
7.582,-0.81301,0.0552233,5.87305,5.10415
7.584,-0.800738,0.0644272,5.89934,5.05393
7.586,-0.788466,0.0705631,5.923,4.85533
7.588,-0.779262,0.079767,5.79089,4.83
7.59,-0.770058,0.0859029,5.672,4.65379
7.592,-0.757787,0.0951068,5.71839,4.64861
7.594,-0.748583,0.101243,5.60674,4.49054
7.596,-0.742447,0.107379,5.35287,4.34828
7.598,-0.733243,0.113515,5.27777,4.22025
7.6,-0.727107,0.119651,5.05679,4.10502
7.602,-0.720971,0.122718,4.85791,3.84792
7.604,-0.717903,0.125786,4.52552,3.61652
7.606,-0.714835,0.128854,4.22636,3.40827
7.608,-0.711767,0.131922,3.95712,3.22084
7.61,-0.708699,0.13499,3.71481,3.05216
7.612,-0.708699,0.13499,3.34333,2.74694
7.614,-0.708699,0.13499,3.009,2.47225
7.616,-0.708699,0.138058,2.7081,2.37842
7.618,-0.708699,0.138058,2.43729,2.14058
7.62,-0.708699,0.13499,2.19356,1.77312
7.622,-0.711767,0.13499,1.8208,1.59581
7.624,-0.714835,0.13499,1.48533,1.43623
7.626,-0.717903,0.131922,1.1834,1.13921
7.628,-0.720971,0.128854,0.911658,0.871889
7.63,-0.727107,0.125786,0.513696,0.631302
7.632,-0.733243,0.122718,0.15553,0.414774
7.634,-0.739379,0.119651,-0.166819,0.219898
7.636,-0.745515,0.113515,-0.456933,-0.108888
7.638,-0.754719,0.110447,-0.871434,-0.251397
7.64,-0.760854,0.104311,-1.09109,-0.533054
7.642,-0.770058,0.0981748,-1.44217,-0.786544
7.644,-0.779262,0.0920388,-1.75815,-1.01469
7.646,-0.788466,0.0859029,-2.04253,-1.22001
7.648,-0.79767,0.079767,-2.29847,-1.40481
7.65,-0.806874,0.0736311,-2.52882,-1.57112
7.652,-0.819146,0.0674952,-2.88953,-1.72081
7.654,-0.82835,0.0613592,-3.06077,-1.85552
7.656,-0.837554,0.0521553,-3.21489,-2.13016
7.658,-0.849825,0.0460194,-3.50699,-2.22394
7.66,-0.859029,0.0398835,-3.61649,-2.30835
7.662,-0.871301,0.0306796,-3.86843,-2.53771
7.664,-0.880505,0.0245437,-3.94178,-2.59073
7.666,-0.892777,0.0153398,-4.16119,-2.79185
7.668,-0.901981,0.00920388,-4.20527,-2.81946
7.67,-0.911185,0.00306796,-4.24494,-2.84431
7.672,-0.920388,-0.00306796,-4.28064,-2.86668
7.674,-0.93266,-0.0122718,-4.46617,-3.0402
7.676,-0.941864,-0.0184078,-4.47974,-3.04298
7.678,-0.948,-0.0245437,-4.33857,-3.04548
7.68,-0.957204,-0.0306796,-4.3649,-3.04773
7.682,-0.966408,-0.0368155,-4.38861,-3.04975
7.684,-0.972544,-0.0429515,-4.25654,-3.05157
7.686,-0.981748,-0.0490874,-4.29108,-3.05321
7.688,-0.987884,-0.0521553,-4.16877,-2.90129
7.69,-0.99402,-0.0582913,-4.05869,-2.91795
7.692,-1.00016,-0.0613592,-3.95962,-2.77956
7.694,-1.00629,-0.0674952,-3.87045,-2.8084
7.696,-1.01243,-0.0736311,-3.7902,-2.83435
7.698,-1.0155,-0.076699,-3.56458,-2.70432
7.7,-1.02163,-0.082835,-3.51492,-2.74068
7.702,-1.02777,-0.0859029,-3.47022,-2.62001
7.704,-1.03084,-0.0889709,-3.2766,-2.51141
7.706,-1.0339,-0.0920388,-3.10234,-2.41367
7.708,-1.03697,-0.0951068,-2.9455,-2.3257
7.71,-1.04004,-0.0981748,-2.80435,-2.24653
7.712,-1.04004,-0.101243,-2.52391,-2.17527
7.714,-1.04311,-0.104311,-2.42492,-2.11114
7.716,-1.04311,-0.107379,-2.18243,-2.05343
7.718,-1.04311,-0.107379,-1.96419,-1.84808
7.72,-1.04311,-0.107379,-1.76777,-1.66327
7.722,-1.04311,-0.110447,-1.59099,-1.65035
7.724,-1.04311,-0.110447,-1.43189,-1.48531
7.726,-1.04311,-0.110447,-1.2887,-1.33678
7.728,-1.04004,-0.113515,-1.00643,-1.3565
7.73,-1.04004,-0.113515,-0.905791,-1.22085
7.732,-1.03697,-0.113515,-0.661813,-1.09876
7.734,-1.03697,-0.113515,-0.595632,-0.988888
7.736,-1.0339,-0.116583,-0.382671,-1.0434
7.738,-1.03084,-0.116583,-0.191006,-0.939058
7.74,-1.02777,-0.116583,-0.018507,-0.845152
7.742,-1.02163,-0.116583,0.29014,-0.760637
7.744,-1.01856,-0.116583,0.414524,-0.684573
7.746,-1.01243,-0.116583,0.679868,-0.616116
7.748,-1.00629,-0.113515,0.918677,-0.401106
7.75,-1.00016,-0.110447,1.13361,-0.207598
7.752,-0.990952,-0.110447,1.48044,-0.186838
7.754,-0.984816,-0.107379,1.63919,-0.0147559
7.756,-0.975612,-0.101243,1.93547,0.293516
7.758,-0.966408,-0.0981748,2.20211,0.417562
7.76,-0.957204,-0.0951068,2.4421,0.529204
7.762,-0.948,-0.0889709,2.65808,0.78308
7.764,-0.938796,-0.082835,2.85247,1.01157
7.766,-0.926524,-0.076699,3.18081,1.21721
7.768,-0.914253,-0.0705631,3.47632,1.40228
7.77,-0.901981,-0.0644272,3.74228,1.56885
7.772,-0.889709,-0.0552233,3.98165,1.87216
7.774,-0.877437,-0.0460194,4.19708,2.14514
7.776,-0.862097,-0.0368155,4.54436,2.39082
7.778,-0.846757,-0.0276117,4.85691,2.61193
7.78,-0.831418,-0.0184078,5.13821,2.81093
7.782,-0.819146,-0.00920388,5.23798,2.99003
7.784,-0.800738,0.00306796,5.63457,3.30462
7.786,-0.785398,0.0122718,5.83811,3.43435
7.788,-0.770058,0.0245437,6.02129,3.70451
7.79,-0.751651,0.0337476,6.33955,3.79425
7.792,-0.733243,0.0460194,6.62598,4.02842
7.794,-0.717903,0.0582913,6.73037,4.23917
7.796,-0.699495,0.0705631,6.97772,4.42885
7.798,-0.681087,0.082835,7.20034,4.59955
7.8,-0.66268,0.0951068,7.40069,4.75319
7.802,-0.64734,0.107379,7.42762,4.89146
7.804,-0.625864,0.119651,7.75864,5.01591
7.806,-0.610524,0.131922,7.74977,5.12791
7.808,-0.592117,0.144194,7.89518,5.22871
7.81,-0.573709,0.156466,8.02605,5.31943
7.812,-0.555301,0.168738,8.14383,5.40108
7.814,-0.539961,0.18101,8.09644,5.47457
7.816,-0.521553,0.190214,8.20718,5.3873
7.818,-0.506214,0.202485,8.15346,5.46217
7.82,-0.487806,0.214757,8.2585,5.52954
7.822,-0.472466,0.223961,8.19964,5.43678
7.824,-0.457126,0.236233,8.14667,5.5067
7.826,-0.441786,0.245437,8.09899,5.41622
7.828,-0.426447,0.254641,8.05608,5.33479
7.83,-0.411107,0.263845,8.01746,5.26151
7.832,-0.398835,0.273049,7.82931,5.19555
7.834,-0.386563,0.282252,7.65997,5.13619
7.836,-0.374291,0.291456,7.50757,5.08277
7.838,-0.365087,0.297592,7.217,4.88129
7.84,-0.355884,0.303728,6.9555,4.69995
7.842,-0.34668,0.309864,6.72014,4.53675
7.844,-0.340544,0.312932,6.35492,4.23648
7.846,-0.334408,0.316,6.02623,3.96623
7.848,-0.33134,0.319068,5.577,3.723
7.85,-0.328272,0.322136,5.1727,3.5041
7.852,-0.328272,0.322136,4.65543,3.15369
7.854,-0.328272,0.322136,4.18989,2.83832
7.856,-0.328272,0.322136,3.7709,2.55449
7.858,-0.328272,0.319068,3.39381,2.14564
7.86,-0.328272,0.319068,3.05443,1.93108
7.862,-0.33134,0.316,2.59559,1.58457
7.864,-0.334408,0.316,2.18263,1.42611
7.866,-0.337476,0.312932,1.81097,1.13011
7.868,-0.340544,0.309864,1.47647,0.863697
7.87,-0.340544,0.309864,1.32883,0.777327
7.872,-0.343612,0.306796,1.04255,0.546196
7.874,-0.34668,0.303728,0.784893,0.338178
7.876,-0.349748,0.303728,0.553006,0.304361
7.878,-0.352816,0.30066,0.344307,0.120526
7.88,-0.352816,0.30066,0.309877,0.108474
7.882,-0.355884,0.30066,0.125491,0.0976264
7.884,-0.355884,0.297592,0.112942,-0.0655343
7.886,-0.355884,0.297592,0.101648,-0.0589809
7.888,-0.355884,0.297592,0.0914828,-0.0530828
7.89,-0.355884,0.297592,0.0823345,-0.0477745
7.892,-0.355884,0.30066,0.0741011,0.110401
7.894,-0.355884,0.30066,0.066691,0.0993609
7.896,-0.352816,0.30066,0.21342,0.0894248
7.898,-0.352816,0.303728,0.192078,0.23388
7.9,-0.349748,0.303728,0.326268,0.210492
7.902,-0.34668,0.306796,0.447039,0.342841
7.904,-0.34668,0.306796,0.402336,0.308557
7.906,-0.343612,0.309864,0.5155,0.431099
7.908,-0.340544,0.312932,0.617348,0.541388
7.91,-0.337476,0.316,0.709011,0.640647
7.912,-0.334408,0.316,0.791508,0.576582
7.914,-0.33134,0.319068,0.865756,0.672322
7.916,-0.328272,0.322136,0.932578,0.758488
7.918,-0.325204,0.322136,0.992718,0.682639
7.92,-0.325204,0.325204,0.893447,0.767773
7.922,-0.319068,0.328272,1.1109,0.844394
7.924,-0.319068,0.33134,0.999808,0.913353
7.926,-0.316,0.33134,1.05323,0.822017
7.928,-0.312932,0.334408,1.1013,0.893214
7.93,-0.309864,0.334408,1.14457,0.803892
7.932,-0.309864,0.334408,1.03011,0.723503
7.934,-0.306796,0.337476,1.0805,0.804551
7.936,-0.306796,0.337476,0.972449,0.724096
7.938,-0.303728,0.337476,1.0286,0.651686
7.94,-0.303728,0.340544,0.925742,0.739916
7.942,-0.30066,0.340544,0.986566,0.665924
7.944,-0.30066,0.340544,0.887909,0.599332
7.946,-0.30066,0.340544,0.799118,0.539399
7.948,-0.30066,0.340544,0.719207,0.485459
7.95,-0.297592,0.340544,0.800684,0.436913
7.952,-0.297592,0.340544,0.720616,0.393222
7.954,-0.297592,0.340544,0.648554,0.353899
7.956,-0.297592,0.340544,0.583699,0.318509
7.958,-0.297592,0.340544,0.525329,0.286659
7.96,-0.297592,0.337476,0.472796,0.104595
7.962,-0.297592,0.337476,0.425516,0.0941351
7.964,-0.297592,0.337476,0.382965,0.0847216
7.966,-0.297592,0.337476,0.344668,0.0762494
7.968,-0.297592,0.337476,0.310201,0.0686245
7.97,-0.297592,0.337476,0.279181,0.0617621
7.972,-0.297592,0.334408,0.251263,-0.0978122
7.974,-0.297592,0.334408,0.226137,-0.088031
7.976,-0.297592,0.334408,0.203523,-0.0792279
7.978,-0.297592,0.334408,0.183171,-0.0713051
7.98,-0.297592,0.334408,0.164854,-0.0641746
7.982,-0.297592,0.33134,0.148368,-0.211155
7.984,-0.297592,0.33134,0.133532,-0.19004
7.986,-0.297592,0.33134,0.120178,-0.171036
7.988,-0.297592,0.33134,0.108161,-0.153932
7.99,-0.294524,0.33134,0.250743,-0.138539
7.992,-0.294524,0.33134,0.225668,-0.124685
7.994,-0.294524,0.33134,0.203101,-0.112217
7.996,-0.294524,0.328272,0.182791,-0.254393
7.998,-0.291456,0.328272,0.31791,-0.228954
8,-0.291456,0.328272,0.286119,-0.206058
8.002,-0.291456,0.328272,0.257507,-0.185452
8.004,-0.288388,0.328272,0.385155,-0.166907
8.006,-0.288388,0.328272,0.346639,-0.150217
8.008,-0.28532,0.328272,0.465373,-0.135195
8.01,-0.282252,0.328272,0.572234,-0.121675
8.012,-0.282252,0.325204,0.515011,-0.262906
8.014,-0.279185,0.325204,0.616908,-0.236615
8.016,-0.279185,0.325204,0.555217,-0.212954
8.018,-0.276117,0.325204,0.653093,-0.191658
8.02,-0.276117,0.325204,0.587784,-0.172493
8.022,-0.273049,0.325204,0.682404,-0.155243
8.024,-0.269981,0.325204,0.767561,-0.139719
8.026,-0.269981,0.325204,0.690805,-0.125747
8.028,-0.266913,0.325204,0.775123,-0.113172
8.03,-0.263845,0.325204,0.851009,-0.101855
8.032,-0.263845,0.325204,0.765908,-0.0916696
8.034,-0.260777,0.325204,0.842715,-0.0825027
8.036,-0.257709,0.325204,0.911842,-0.0742524
8.038,-0.254641,0.325204,0.974056,-0.0668272
8.04,-0.254641,0.325204,0.87665,-0.0601444
8.042,-0.251573,0.325204,0.942383,-0.05413
8.044,-0.248505,0.325204,1.00154,-0.048717
8.046,-0.245437,0.325204,1.05479,-0.0438453
8.048,-0.242369,0.328272,1.10271,0.113937
8.05,-0.239301,0.328272,1.14583,0.102544
8.052,-0.236233,0.328272,1.18465,0.0922892
8.054,-0.233165,0.328272,1.21958,0.0830603
8.056,-0.230097,0.328272,1.25102,0.0747543
8.058,-0.227029,0.328272,1.27932,0.0672788
8.06,-0.223961,0.328272,1.30478,0.060551
8.062,-0.220893,0.328272,1.3277,0.0544959
8.064,-0.217825,0.33134,1.34833,0.202444
8.066,-0.214757,0.33134,1.3669,0.1822
8.068,-0.211689,0.33134,1.3836,0.16398
8.07,-0.208621,0.33134,1.39864,0.147582
8.072,-0.205553,0.33134,1.41218,0.132824
8.074,-0.202485,0.33134,1.42436,0.119541
8.076,-0.199418,0.33134,1.43532,0.107587
8.078,-0.19635,0.33134,1.44519,0.0968285
8.08,-0.193282,0.33134,1.45406,0.0871457
8.082,-0.190214,0.33134,1.46206,0.0784311
8.084,-0.184078,0.33134,1.62265,0.070588
8.086,-0.18101,0.33134,1.61378,0.0635292
8.088,-0.18101,0.33134,1.4524,0.0571763
8.09,-0.174874,0.33134,1.61396,0.0514586
8.092,-0.171806,0.33134,1.60596,0.0463128
8.094,-0.168738,0.33134,1.59876,0.0416815
8.096,-0.16567,0.33134,1.59228,0.0375133
8.098,-0.162602,0.33134,1.58645,0.033762
8.1,-0.159534,0.328272,1.58121,-0.123012
8.102,-0.156466,0.328272,1.57648,-0.110711
8.104,-0.15033,0.328272,1.72563,-0.0996399
8.106,-0.147262,0.328272,1.70647,-0.0896759
8.108,-0.144194,0.328272,1.68922,-0.0807083
8.11,-0.141126,0.328272,1.67369,-0.0726375
8.112,-0.138058,0.328272,1.65972,-0.0653738
8.114,-0.131922,0.328272,1.80055,-0.0588364
8.116,-0.128854,0.328272,1.77389,-0.0529527
8.118,-0.125786,0.328272,1.7499,-0.0476575
8.12,-0.122718,0.328272,1.72831,-0.0428917
8.122,-0.119651,0.328272,1.70887,-0.0386026
8.124,-0.113515,0.328272,1.84478,-0.0347423
8.126,-0.110447,0.328272,1.8137,-0.0312681
8.128,-0.107379,0.328272,1.78573,-0.0281413
8.13,-0.101243,0.328272,1.91395,-0.0253271
8.132,-0.0981748,0.328272,1.87596,-0.0227944
8.134,-0.0951068,0.328272,1.84176,-0.020515
8.136,-0.0920388,0.328272,1.81098,-0.0184635
8.138,-0.0859029,0.328272,1.93668,-0.0166171
8.14,-0.082835,0.328272,1.89641,-0.0149554
8.142,-0.079767,0.328272,1.86017,-0.0134599
8.144,-0.0736311,0.328272,1.98095,-0.0121139
8.146,-0.0705631,0.328272,1.93625,-0.0109025
8.148,-0.0644272,0.328272,2.04942,-0.00981225
8.15,-0.0613592,0.328272,1.99788,-0.00883103
8.152,-0.0582913,0.328272,1.95149,-0.00794792
8.154,-0.0521553,0.328272,2.06313,-0.00715313
8.156,-0.0490874,0.328272,2.01022,-0.00643782
8.158,-0.0429515,0.328272,2.11599,-0.00579404
8.16,-0.0398835,0.328272,2.05779,-0.00521463
8.162,-0.0337476,0.328272,2.15881,-0.00469317
8.164,-0.0306796,0.328272,2.09633,-0.00422385
8.166,-0.0245437,0.328272,2.19349,-0.00380147
8.168,-0.0214757,0.33134,2.12754,0.149977
8.17,-0.0184078,0.33134,2.06818,0.134979
8.172,-0.0122718,0.33134,2.16816,0.121481
8.174,-0.00920388,0.33134,2.10474,0.109333
8.176,-0.00306796,0.33134,2.20106,0.0983998
8.178,0.00306796,0.33134,2.28775,0.0885598
8.18,0.00613592,0.33134,2.21238,0.0797038
8.182,0.0122718,0.33134,2.29794,0.0717334
8.184,0.0153398,0.33134,2.22154,0.0645601
8.186,0.0214757,0.33134,2.30618,0.0581041
8.188,0.0245437,0.33134,2.22896,0.0522937
8.19,0.0276117,0.33134,2.15946,0.0470643
8.192,0.0337476,0.33134,2.25031,0.0423579
8.194,0.0398835,0.33134,2.33208,0.0381221
8.196,0.0429515,0.33134,2.25227,0.0343099
8.198,0.0490874,0.33134,2.33384,0.0308789
8.2,0.0521553,0.33134,2.25385,0.027791
8.202,0.0552233,0.33134,2.18187,0.0250119
8.204,0.0613592,0.33134,2.27047,0.0225107
8.206,0.0644272,0.33134,2.19683,0.0202596
8.208,0.0705631,0.33134,2.28394,0.0182337
8.21,0.0736311,0.33134,2.20894,0.0164103
8.212,0.079767,0.33134,2.29485,0.0147693
8.214,0.082835,0.33134,2.21876,0.0132923
8.216,0.0889709,0.33134,2.30368,0.0119631
8.218,0.0920388,0.33134,2.22671,0.0107668
8.22,0.0981748,0.33134,2.31083,0.00969012
8.222,0.101243,0.33134,2.23315,0.00872111
8.224,0.107379,0.334408,2.31663,0.161247
8.226,0.110447,0.334408,2.23837,0.145122
8.228,0.116583,0.334408,2.32132,0.13061
8.23,0.122718,0.334408,2.39599,0.117549
8.232,0.125786,0.334408,2.30979,0.105794
8.234,0.131922,0.334408,2.38561,0.0952148
8.236,0.13499,0.334408,2.30044,0.0856933
8.238,0.138058,0.337476,2.2238,0.230522
8.24,0.144194,0.337476,2.30821,0.20747
8.242,0.15033,0.337476,2.38419,0.186723
8.244,0.153398,0.337476,2.29917,0.168051
8.246,0.159534,0.337476,2.37605,0.151246
8.248,0.162602,0.340544,2.29184,0.289519
8.25,0.168738,0.340544,2.36945,0.260567
8.252,0.174874,0.340544,2.4393,0.23451
8.254,0.177942,0.340544,2.34877,0.211059
8.256,0.184078,0.343612,2.42069,0.343352
8.258,0.187146,0.343612,2.33202,0.309016
8.26,0.193282,0.343612,2.40561,0.278115
8.262,0.19635,0.343612,2.31845,0.250303
8.264,0.202485,0.34668,2.3934,0.378671
8.266,0.205553,0.34668,2.30746,0.340804
8.268,0.211689,0.34668,2.38351,0.306724
8.27,0.214757,0.34668,2.29856,0.276051
8.272,0.220893,0.34668,2.3755,0.248446
8.274,0.223961,0.349748,2.29135,0.377
8.276,0.227029,0.349748,2.21561,0.3393
8.278,0.233165,0.349748,2.30084,0.30537
8.28,0.236233,0.349748,2.22416,0.274833
8.282,0.239301,0.349748,2.15514,0.247349
8.284,0.245437,0.349748,2.24642,0.222614
8.286,0.248505,0.349748,2.17518,0.200353
8.288,0.251573,0.349748,2.11106,0.180318
8.29,0.257709,0.349748,2.20675,0.162286
8.292,0.260777,0.349748,2.13947,0.146057
8.294,0.263845,0.349748,2.07892,0.131452
8.296,0.266913,0.349748,2.02443,0.118306
8.298,0.269981,0.349748,1.97538,0.106476
8.3,0.273049,0.349748,1.93124,0.0958282
8.302,0.276117,0.349748,1.89152,0.0862454
8.304,0.279185,0.349748,1.85576,0.0776209
8.306,0.282252,0.349748,1.82359,0.0698588
8.308,0.28532,0.349748,1.79462,0.0628729
8.31,0.288388,0.349748,1.76856,0.0565856
8.312,0.294524,0.349748,1.8985,0.050927
8.314,0.294524,0.349748,1.70865,0.0458343
8.316,0.297592,0.349748,1.69118,0.0412509
8.318,0.30066,0.34668,1.67546,-0.116272
8.32,0.303728,0.34668,1.66132,-0.104645
8.322,0.306796,0.34668,1.64858,-0.0941805
8.324,0.309864,0.34668,1.63712,-0.0847625
8.326,0.312932,0.34668,1.62681,-0.0762862
8.328,0.316,0.34668,1.61752,-0.0686576
8.33,0.319068,0.34668,1.60917,-0.0617918
8.332,0.322136,0.34668,1.60165,-0.0556127
8.334,0.322136,0.34668,1.44149,-0.0500514
8.336,0.325204,0.34668,1.45074,-0.0450463
8.338,0.328272,0.34668,1.45906,-0.0405416
8.34,0.33134,0.34668,1.46655,-0.0364875
8.342,0.334408,0.34668,1.4733,-0.0328387
8.344,0.334408,0.34668,1.32597,-0.0295548
8.346,0.337476,0.34668,1.34677,-0.0265994
8.348,0.340544,0.34668,1.36549,-0.0239394
8.35,0.343612,0.343612,1.38234,-0.174944
8.352,0.343612,0.343612,1.2441,-0.157449
8.354,0.34668,0.343612,1.27309,-0.141704
8.356,0.34668,0.343612,1.14578,-0.127534
8.358,0.349748,0.343612,1.1846,-0.11478
8.36,0.352816,0.343612,1.21954,-0.103302
8.362,0.352816,0.340544,1.09759,-0.24637
8.364,0.355884,0.340544,1.14123,-0.221733
8.366,0.358952,0.340544,1.1805,-0.19956
8.368,0.358952,0.337476,1.06245,-0.333002
8.37,0.358952,0.337476,0.956206,-0.299702
8.372,0.362019,0.334408,1.01398,-0.42313
8.374,0.365087,0.334408,1.06598,-0.380817
8.376,0.365087,0.33134,0.959385,-0.496133
8.378,0.368155,0.33134,1.01684,-0.44652
8.38,0.368155,0.328272,0.91516,-0.555266
8.382,0.371223,0.328272,0.977042,-0.499739
8.384,0.371223,0.325204,0.879338,-0.603163
8.386,0.371223,0.325204,0.791404,-0.542847
8.388,0.374291,0.322136,0.865662,-0.64196
8.39,0.374291,0.322136,0.779096,-0.577764
8.392,0.377359,0.319068,0.854584,-0.673386
8.394,0.377359,0.319068,0.769126,-0.606047
8.396,0.377359,0.316,0.692213,-0.698841
8.398,0.380427,0.316,0.77639,-0.628957
8.4,0.380427,0.312932,0.698751,-0.719459
8.402,0.380427,0.309864,0.628876,-0.800911
8.404,0.383495,0.309864,0.719386,-0.72082
8.406,0.383495,0.306796,0.647448,-0.802136
8.408,0.383495,0.306796,0.582703,-0.721923
8.41,0.383495,0.303728,0.524433,-0.803128
8.412,0.386563,0.303728,0.625387,-0.722816
8.414,0.386563,0.30066,0.562849,-0.803932
8.416,0.386563,0.30066,0.506564,-0.723539
8.418,0.389631,0.297592,0.609306,-0.804583
8.42,0.389631,0.297592,0.548375,-0.724125
8.422,0.392699,0.294524,0.646936,-0.80511
8.424,0.392699,0.294524,0.582242,-0.724599
8.426,0.392699,0.291456,0.524018,-0.805537
8.428,0.392699,0.288388,0.471616,-0.878382
8.43,0.395767,0.288388,0.577852,-0.790544
8.432,0.395767,0.28532,0.520067,-0.864887
8.434,0.395767,0.28532,0.468061,-0.778399
8.436,0.395767,0.282252,0.421254,-0.853957
8.438,0.398835,0.279185,0.532527,-0.921959
8.44,0.398835,0.279185,0.479274,-0.829763
8.442,0.398835,0.276117,0.431347,-0.900185
8.444,0.401903,0.273049,0.54161,-0.963565
8.446,0.401903,0.273049,0.487449,-0.867208
8.448,0.401903,0.269981,0.438704,-0.933885
8.45,0.404971,0.266913,0.548232,-0.993895
8.452,0.404971,0.263845,0.493409,-1.0479
8.454,0.404971,0.263845,0.444068,-0.943113
8.456,0.408039,0.260777,0.553059,-1.0022
8.458,0.408039,0.257709,0.497753,-1.05538
8.46,0.408039,0.257709,0.447978,-0.94984
8.462,0.408039,0.254641,0.40318,-1.00825
8.464,0.411107,0.251573,0.51626,-1.06083
8.466,0.411107,0.248505,0.464634,-1.10814
8.468,0.414175,0.245437,0.571569,-1.15073
8.47,0.414175,0.245437,0.514412,-1.03565
8.472,0.414175,0.242369,0.462971,-1.08549
8.474,0.417243,0.239301,0.570072,-1.13034
8.476,0.417243,0.236233,0.513065,-1.1707
8.478,0.420311,0.236233,0.615156,-1.05363
8.48,0.420311,0.233165,0.553641,-1.10167
8.482,0.420311,0.230097,0.498277,-1.1449
8.484,0.420311,0.230097,0.448449,-1.03041
8.486,0.423379,0.227029,0.557002,-1.08076
8.488,0.423379,0.223961,0.501302,-1.12609
8.49,0.426447,0.220893,0.60457,-1.16688
8.492,0.426447,0.220893,0.544113,-1.05019
8.494,0.426447,0.217825,0.489702,-1.09857
8.496,0.429515,0.214757,0.594129,-1.14211
8.498,0.429515,0.211689,0.534716,-1.1813
8.5,0.429515,0.211689,0.481245,-1.06317
8.502,0.429515,0.208621,0.43312,-1.11025
8.504,0.432583,0.205553,0.543206,-1.15262
8.506,0.432583,0.205553,0.488886,-1.03736
8.508,0.432583,0.202485,0.439997,-1.08702
8.51,0.432583,0.199418,0.395997,-1.13172
8.512,0.432583,0.19635,0.356398,-1.17194
8.514,0.432583,0.193282,0.320758,-1.20815
8.516,0.432583,0.193282,0.288682,-1.08733
8.518,0.432583,0.190214,0.259814,-1.132
8.52,0.432583,0.187146,0.233833,-1.1722
8.522,0.432583,0.184078,0.210449,-1.20837
8.524,0.432583,0.18101,0.189404,-1.24093
8.526,0.432583,0.177942,0.170464,-1.27024
8.528,0.432583,0.174874,0.153418,-1.29661
8.53,0.432583,0.171806,0.138076,-1.32035
8.532,0.432583,0.168738,0.124268,-1.34171
8.534,0.432583,0.16567,0.111841,-1.36094
8.536,0.432583,0.162602,0.100657,-1.37824
8.538,0.429515,0.159534,-0.0628066,-1.39382
8.54,0.429515,0.156466,-0.0565259,-1.40783
8.542,0.429515,0.153398,-0.0508733,-1.42045
8.544,0.426447,0.147262,-0.199184,-1.5852
8.546,0.426447,0.144194,-0.179266,-1.58008
8.548,0.423379,0.141126,-0.314737,-1.57547
8.55,0.420311,0.13499,-0.436662,-1.72472
8.552,0.420311,0.131922,-0.392995,-1.70564
8.554,0.417243,0.125786,-0.507094,-1.84188
8.556,0.414175,0.122718,-0.609783,-1.81109
8.558,0.411107,0.119651,-0.702202,-1.78338
8.56,0.408039,0.113515,-0.78538,-1.91183
8.562,0.408039,0.110447,-0.706842,-1.87405
8.564,0.404971,0.104311,-0.789556,-1.99344
8.566,0.401903,0.101243,-0.863999,-1.94749
8.568,0.398835,0.0951068,-0.930997,-2.05954
8.57,0.395767,0.0920388,-0.991295,-2.00698
8.572,0.392699,0.0859029,-1.04556,-2.11308
8.574,0.389631,0.079767,-1.09441,-2.20857
8.576,0.386563,0.0736311,-1.13836,-2.29451
8.578,0.383495,0.0705631,-1.17792,-2.21846
8.58,0.380427,0.0674952,-1.21353,-2.15001
8.582,0.380427,0.0613592,-1.09218,-2.2418
8.584,0.374291,0.0582913,-1.28976,-2.17102
8.586,0.371223,0.0521553,-1.31418,-2.26072
8.588,0.368155,0.0490874,-1.33616,-2.18804
8.59,0.365087,0.0429515,-1.35594,-2.27603
8.592,0.362019,0.0368155,-1.37374,-2.35523
8.594,0.358952,0.0337476,-1.38977,-2.2731
8.596,0.355884,0.0276117,-1.40419,-2.35259
8.598,0.352816,0.0214757,-1.41717,-2.42413
8.6,0.349748,0.0184078,-1.42885,-2.33511
8.602,0.34668,0.0122718,-1.43936,-2.4084
8.604,0.343612,0.00920388,-1.44882,-2.32095
8.606,0.340544,0.00306796,-1.45734,-2.39566
8.608,0.337476,0,-1.465,-2.30949
8.61,0.334408,-0.00613592,-1.4719,-2.38534
8.612,0.33134,-0.0122718,-1.47811,-2.4536
8.614,0.33134,-0.0153398,-1.3303,-2.36164
8.616,0.33134,-0.0184078,-1.19727,-2.27887
8.618,0.328272,-0.0214757,-1.23094,-2.20438
8.62,0.328272,-0.0245437,-1.10785,-2.13734
8.622,0.328272,-0.0245437,-0.997062,-1.92361
8.624,0.328272,-0.0276117,-0.897355,-1.88464
8.626,0.328272,-0.0306796,-0.80762,-1.84958
8.628,0.328272,-0.0306796,-0.726858,-1.66462
8.63,0.328272,-0.0306796,-0.654172,-1.49816
8.632,0.328272,-0.0337476,-0.588755,-1.50174
8.634,0.33134,-0.0337476,-0.376481,-1.35157
8.636,0.33134,-0.0337476,-0.338833,-1.21641
8.638,0.33134,-0.0368155,-0.30495,-1.24817
8.64,0.33134,-0.0368155,-0.274455,-1.12335
8.642,0.334408,-0.0368155,-0.0936113,-1.01102
8.644,0.334408,-0.0368155,-0.0842502,-0.909914
8.646,0.337476,-0.0368155,0.0775729,-0.818922
8.648,0.337476,-0.0368155,0.0698156,-0.73703
8.65,0.340544,-0.0368155,0.216232,-0.663327
8.652,0.343612,-0.0368155,0.348007,-0.596994
8.654,0.343612,-0.0368155,0.313206,-0.537295
8.656,0.34668,-0.0368155,0.435284,-0.483565
8.658,0.349748,-0.0368155,0.545153,-0.435209
8.66,0.349748,-0.0368155,0.490638,-0.391688
8.662,0.352816,-0.0337476,0.594972,-0.199121
8.664,0.355884,-0.0337476,0.688873,-0.179209
8.666,0.358952,-0.0337476,0.773384,-0.161288
8.668,0.362019,-0.0337476,0.849444,-0.145159
8.67,0.362019,-0.0306796,0.764499,0.0227547
8.672,0.365087,-0.0306796,0.841447,0.0204792
8.674,0.368155,-0.0306796,0.910701,0.0184313
8.676,0.371223,-0.0306796,0.973029,0.0165882
8.678,0.371223,-0.0276117,0.875726,0.168327
8.68,0.374291,-0.0276117,0.941551,0.151495
8.682,0.377359,-0.0276117,1.00079,0.136345
8.684,0.380427,-0.0276117,1.05411,0.122711
8.686,0.380427,-0.0245437,0.948702,0.263838
8.688,0.383495,-0.0245437,1.00723,0.237454
8.69,0.383495,-0.0245437,0.906507,0.213709
8.692,0.386563,-0.0245437,0.969254,0.192338
8.694,0.386563,-0.0245437,0.872329,0.173104
8.696,0.386563,-0.0245437,0.785096,0.155794
8.698,0.389631,-0.0245437,0.859984,0.140214
8.7,0.392699,-0.0245437,0.927384,0.126193
8.702,0.392699,-0.0214757,0.834646,0.266972
8.704,0.395767,-0.0214757,0.904579,0.240274
8.706,0.395767,-0.0214757,0.814121,0.216247
8.708,0.398835,-0.0184078,0.886107,0.34802
8.71,0.401903,-0.0184078,0.950894,0.313218
8.712,0.401903,-0.0153398,0.855805,0.435295
8.714,0.404971,-0.0153398,0.923623,0.391765
8.716,0.408039,-0.0122718,0.984658,0.505987
8.718,0.408039,-0.0122718,0.886193,0.455388
8.72,0.411107,-0.0122718,0.950971,0.409849
8.722,0.411107,-0.00920388,0.855874,0.522262
8.724,0.411107,-0.00920388,0.770287,0.470036
8.726,0.414175,-0.00920388,0.846656,0.423033
8.728,0.414175,-0.00920388,0.761991,0.380729
8.73,0.414175,-0.00920388,0.685792,0.342656
8.732,0.414175,-0.00920388,0.617212,0.308391
8.734,0.414175,-0.00920388,0.555491,0.277552
8.736,0.414175,-0.00920388,0.499942,0.249796
8.738,0.414175,-0.00920388,0.449948,0.224817
8.74,0.414175,-0.00920388,0.404953,0.202335
8.742,0.414175,-0.00920388,0.364458,0.182102
8.744,0.414175,-0.00920388,0.328012,0.163891
8.746,0.414175,-0.00920388,0.295211,0.147502
8.748,0.414175,-0.00920388,0.26569,0.132752
8.75,0.414175,-0.00613592,0.239121,0.272875
8.752,0.414175,-0.00613592,0.215209,0.245587
8.754,0.414175,-0.00613592,0.193688,0.221029
8.756,0.414175,-0.00613592,0.174319,0.198926
8.758,0.414175,-0.00613592,0.156887,0.179033
8.76,0.414175,-0.00613592,0.141198,0.16113
8.762,0.414175,-0.00613592,0.127079,0.145017
8.764,0.411107,-0.00613592,-0.0390274,0.130515
8.766,0.411107,-0.00613592,-0.0351246,0.117464
8.768,0.411107,-0.00306796,-0.0316122,0.259115
8.77,0.411107,-0.00306796,-0.028451,0.233204
8.772,0.411107,-0.00306796,-0.0256059,0.209883
8.774,0.411107,-0.00306796,-0.0230453,0.188895
8.776,0.408039,-0.00306796,-0.174139,0.170006
8.778,0.408039,-0.00306796,-0.156725,0.153005
8.78,0.411107,-0.00306796,0.0123456,0.137705
8.782,0.408039,0,-0.142287,0.277332
8.784,0.411107,0,0.0253398,0.249599
8.786,0.411107,0,0.0228058,0.224639
8.788,0.411107,0.00306796,0.0205252,0.355573
8.79,0.411107,0.00306796,0.0184727,0.320016
8.792,0.411107,0.00306796,0.0166254,0.288014
8.794,0.411107,0.00613592,0.0149629,0.412611
8.796,0.411107,0.00613592,0.0134666,0.37135
8.798,0.411107,0.00613592,0.0121199,0.334215
8.8,0.411107,0.00920388,0.0109079,0.454191
8.802,0.411107,0.00920388,0.00981715,0.408772
8.804,0.408039,0.00920388,-0.144563,0.367895
8.806,0.408039,0.00920388,-0.130106,0.331106
8.808,0.408039,0.00920388,-0.117096,0.297995
8.81,0.404971,0.00920388,-0.258784,0.268196
8.812,0.404971,0.00920388,-0.232906,0.241376
8.814,0.404971,0.00920388,-0.209615,0.217238
8.816,0.401903,0.00920388,-0.342052,0.195515
8.818,0.401903,0.00920388,-0.307847,0.175963
8.82,0.401903,0.00920388,-0.277062,0.158367
8.822,0.398835,0.0122718,-0.402754,0.295928
8.824,0.398835,0.0122718,-0.362478,0.266335
8.826,0.398835,0.0122718,-0.326231,0.239702
8.828,0.395767,0.0122718,-0.447006,0.215732
8.83,0.395767,0.0122718,-0.402305,0.194158
8.832,0.395767,0.0122718,-0.362075,0.174743
8.834,0.392699,0.0122718,-0.479265,0.157268
8.836,0.392699,0.0122718,-0.431339,0.141542
8.838,0.392699,0.0122718,-0.388205,0.127387
8.84,0.392699,0.0122718,-0.349384,0.114649
8.842,0.389631,0.0153398,-0.467844,0.256582
8.844,0.389631,0.0153398,-0.42106,0.230924
8.846,0.389631,0.0153398,-0.378954,0.207831
8.848,0.389631,0.0184078,-0.341058,0.340446
8.85,0.389631,0.0184078,-0.306952,0.306402
8.852,0.386563,0.0184078,-0.429655,0.275761
8.854,0.386563,0.0184078,-0.38669,0.248185
8.856,0.383495,0.0184078,-0.501419,0.223367
8.858,0.383495,0.0184078,-0.451277,0.20103
8.86,0.383495,0.0184078,-0.406149,0.180927
8.862,0.380427,0.0184078,-0.518932,0.162834
8.864,0.380427,0.0184078,-0.467039,0.146551
8.866,0.377359,0.0184078,-0.573733,0.131896
8.868,0.374291,0.0184078,-0.669758,0.118706
8.87,0.374291,0.0184078,-0.602782,0.106836
8.872,0.371223,0.0184078,-0.695902,0.0961521
8.874,0.371223,0.0184078,-0.626312,0.0865369
8.876,0.368155,0.0184078,-0.717079,0.0778832
8.878,0.365087,0.0153398,-0.798769,-0.0833032
8.88,0.362019,0.0153398,-0.87229,-0.0749729
8.882,0.362019,0.0153398,-0.785061,-0.0674756
8.884,0.358952,0.0122718,-0.859953,-0.214126
8.886,0.355884,0.0122718,-0.927356,-0.192714
8.888,0.355884,0.0122718,-0.83462,-0.173442
8.89,0.352816,0.0122718,-0.904556,-0.156098
8.892,0.349748,0.00920388,-0.967499,-0.293886
8.894,0.34668,0.00920388,-1.02415,-0.264498
8.896,0.34668,0.00613592,-0.921732,-0.391446
8.898,0.343612,0.00613592,-0.982957,-0.352301
8.9,0.343612,0.00613592,-0.884661,-0.317071
8.902,0.340544,0.00613592,-0.949593,-0.285364
8.904,0.337476,0.00613592,-1.00803,-0.256828
8.906,0.337476,0.00613592,-0.907229,-0.231145
8.908,0.334408,0.00613592,-0.969904,-0.20803
8.91,0.334408,0.00306796,-0.872914,-0.340625
8.912,0.33134,0.00306796,-0.93902,-0.306563
8.914,0.328272,0.00306796,-0.998516,-0.275907
8.916,0.325204,0,-1.05206,-0.401714
8.918,0.322136,0,-1.10025,-0.361543
8.92,0.322136,-0.00306796,-0.990229,-0.478786
8.922,0.319068,-0.00306796,-1.0446,-0.430908
8.924,0.316,-0.00613592,-1.09354,-0.541215
8.926,0.312932,-0.00920388,-1.13759,-0.640492
8.928,0.309864,-0.00920388,-1.17723,-0.576443
8.93,0.306796,-0.0122718,-1.2129,-0.672196
8.932,0.306796,-0.0122718,-1.09161,-0.604977
8.934,0.303728,-0.0122718,-1.13585,-0.544479
8.936,0.30066,-0.0122718,-1.17566,-0.490031
8.938,0.297592,-0.0153398,-1.21149,-0.594426
8.94,0.297592,-0.0153398,-1.09034,-0.534983
8.942,0.294524,-0.0184078,-1.13471,-0.634883
8.944,0.294524,-0.0184078,-1.02124,-0.571395
8.946,0.291456,-0.0184078,-1.07251,-0.514255
8.948,0.291456,-0.0184078,-0.96526,-0.46283
8.95,0.288388,-0.0184078,-1.02213,-0.416547
8.952,0.28532,-0.0214757,-1.07332,-0.52829
8.954,0.28532,-0.0214757,-0.965985,-0.475461
8.956,0.282252,-0.0214757,-1.02278,-0.427915
8.958,0.282252,-0.0245437,-0.920506,-0.538522
8.96,0.282252,-0.0245437,-0.828456,-0.48467
8.962,0.282252,-0.0245437,-0.74561,-0.436203
8.964,0.279185,-0.0245437,-0.824447,-0.392582
8.966,0.279185,-0.0245437,-0.742002,-0.353324
8.968,0.279185,-0.0245437,-0.667802,-0.317992
8.97,0.279185,-0.0245437,-0.601022,-0.286193
8.972,0.279185,-0.0245437,-0.54092,-0.257573
8.974,0.279185,-0.0214757,-0.486828,-0.0784178
8.976,0.279185,-0.0214757,-0.438145,-0.0705761
8.978,0.282252,-0.0214757,-0.240932,-0.0635185
8.98,0.282252,-0.0214757,-0.216839,-0.0571666
8.982,0.282252,-0.0214757,-0.195155,-0.0514499
8.984,0.282252,-0.0184078,-0.17564,0.107093
8.986,0.282252,-0.0184078,-0.158076,0.0963838
8.988,0.282252,-0.0184078,-0.142268,0.0867454
8.99,0.282252,-0.0184078,-0.128041,0.0780709
8.992,0.282252,-0.0184078,-0.115237,0.0702638
8.994,0.28532,-0.0184078,0.0496846,0.0632374
8.996,0.28532,-0.0184078,0.0447161,0.0569137
8.998,0.282252,-0.0153398,-0.113154,0.20462
9,0.28532,-0.0153398,0.0515598,0.184158
9.002,0.28532,-0.0184078,0.0464039,0.0123444
9.004,0.282252,-0.0184078,-0.111635,0.01111
9.006,0.282252,-0.0184078,-0.100471,0.00999899
9.008,0.282252,-0.0184078,-0.090424,0.00899909
9.01,0.282252,-0.0184078,-0.0813816,0.00809918
9.012,0.282252,-0.0184078,-0.0732435,0.00728927
9.014,0.28532,-0.0184078,0.087479,0.00656034
9.016,0.28532,-0.0184078,0.0787311,0.00590431
9.018,0.28532,-0.0184078,0.070858,0.00531387
9.02,0.28532,-0.0153398,0.0637722,0.158181
9.022,0.28532,-0.0153398,0.0573949,0.142363
9.024,0.288388,-0.0153398,0.205054,0.128126
9.026,0.288388,-0.0153398,0.184548,0.115314
9.028,0.291456,-0.0122718,0.319491,0.25718
9.03,0.291456,-0.0122718,0.287542,0.231462
9.032,0.294524,-0.0122718,0.412186,0.208316
9.034,0.294524,-0.00920388,0.370968,0.340883
9.036,0.294524,-0.00920388,0.333871,0.306794
9.038,0.297592,-0.00920388,0.453882,0.276115
9.04,0.297592,-0.00613592,0.408494,0.401901
9.042,0.297592,-0.00613592,0.367644,0.361711
9.044,0.30066,-0.00613592,0.484278,0.32554
9.046,0.30066,-0.00306796,0.43585,0.446384
9.048,0.303728,-0.00306796,0.545663,0.401746
9.05,0.303728,-0.00306796,0.491097,0.361571
9.052,0.306796,0,0.595385,0.478812
9.054,0.306796,0,0.535847,0.430931
9.056,0.306796,0,0.482262,0.387838
9.058,0.306796,0,0.434036,0.349054
9.06,0.306796,0,0.390632,0.314149
9.062,0.306796,0,0.351569,0.282734
9.064,0.306796,0,0.316412,0.25446
9.066,0.306796,0,0.284771,0.229014
9.068,0.306796,0,0.256294,0.206113
9.07,0.306796,0,0.230664,0.185502
9.072,0.306796,0,0.207598,0.166951
9.074,0.306796,-0.00306796,0.186838,-0.00314174
9.076,0.306796,-0.00306796,0.168154,-0.00282757
9.078,0.306796,-0.00306796,0.151339,-0.00254481
9.08,0.306796,-0.00306796,0.136205,-0.00229033
9.082,0.306796,-0.00306796,0.122585,-0.0020613
9.084,0.306796,-0.00306796,0.110326,-0.00185517
9.086,0.306796,-0.00306796,0.0992935,-0.00166965
9.088,0.306796,-0.00306796,0.0893641,-0.00150268
9.09,0.306796,-0.00306796,0.0804277,-0.00135242
9.092,0.309864,-0.00306796,0.225783,-0.00121717
9.094,0.309864,0,0.203205,0.152303
9.096,0.312932,0,0.336282,0.137072
9.098,0.312932,0.00306796,0.302654,0.276763
9.1,0.316,0.00306796,0.425787,0.249087
9.102,0.316,0.00306796,0.383208,0.224178
9.104,0.319068,0.00613592,0.498285,0.355158
9.106,0.319068,0.00920388,0.448457,0.473041
9.108,0.322136,0.00920388,0.557009,0.425737
9.11,0.322136,0.0122718,0.501308,0.536561
9.112,0.322136,0.0122718,0.451177,0.482905
9.114,0.322136,0.0122718,0.40606,0.434614
9.116,0.322136,0.0122718,0.365454,0.391153
9.118,0.322136,0.0122718,0.328908,0.352038
9.12,0.322136,0.0122718,0.296018,0.316834
9.122,0.322136,0.0122718,0.266416,0.285151
9.124,0.322136,0.0122718,0.239774,0.256635
9.126,0.322136,0.0122718,0.215797,0.230972
9.128,0.322136,0.0122718,0.194217,0.207875
9.13,0.322136,0.0122718,0.174795,0.187087
9.132,0.322136,0.0122718,0.157316,0.168379
9.134,0.322136,0.0122718,0.141584,0.151541
9.136,0.322136,0.0122718,0.127426,0.136387
9.138,0.322136,0.0122718,0.114683,0.122748
9.14,0.322136,0.0122718,0.103215,0.110473
9.142,0.322136,0.0122718,0.0928934,0.0994258
9.144,0.322136,0.0122718,0.0836041,0.0894833
9.146,0.322136,0.0122718,0.0752437,0.0805349
9.148,0.322136,0.0122718,0.0677193,0.0724814
9.15,0.322136,0.00920388,0.0609474,-0.0881648
9.152,0.322136,0.00920388,0.0548526,-0.0793483
9.154,0.322136,0.00920388,0.0493674,-0.0714135
9.156,0.322136,0.00920388,0.0444306,-0.0642721
9.158,0.322136,0.00920388,0.0399876,-0.0578449
9.16,0.322136,0.00920388,0.0359888,-0.0520604
9.162,0.322136,0.00920388,0.0323899,-0.0468544
9.164,0.322136,0.00920388,0.0291509,-0.0421689
9.166,0.322136,0.00920388,0.0262359,-0.037952
9.168,0.322136,0.00920388,0.0236123,-0.0341568
9.17,0.322136,0.00613592,0.021251,-0.184139
9.172,0.322136,0.00920388,0.0191259,-0.0123272
9.174,0.322136,0.00920388,0.0172133,-0.0110945
9.176,0.322136,0.00920388,0.015492,-0.00998506
9.178,0.322136,0.00920388,0.0139428,-0.00898655
9.18,0.322136,0.00920388,0.0125485,-0.0080879
9.182,0.322136,0.00920388,0.0112937,-0.00727911
9.184,0.322136,0.00920388,0.0101643,-0.0065512
9.186,0.322136,0.00920388,0.00914788,-0.00589608
9.188,0.322136,0.00920388,0.00823309,-0.00530647
9.19,0.322136,0.0122718,0.00740978,0.148622
9.192,0.322136,0.0122718,0.0066688,0.13376
9.194,0.322136,0.0122718,0.00600192,0.120384
9.196,0.322136,0.0122718,0.00540173,0.108346
9.198,0.322136,0.0122718,0.00486156,0.0975111
9.2,0.322136,0.0122718,0.0043754,0.08776
9.202,0.322136,0.0122718,0.00393786,0.078984
9.204,0.319068,0.0122718,-0.149854,0.0710856
9.206,0.319068,0.0122718,-0.134869,0.063977
9.208,0.319068,0.0122718,-0.121382,0.0575793
9.21,0.316,0.00920388,-0.262642,-0.101577
9.212,0.316,0.00920388,-0.236377,-0.091419
9.214,0.316,0.00920388,-0.21274,-0.0822771
9.216,0.316,0.00920388,-0.191466,-0.0740494
9.218,0.312932,0.00920388,-0.325717,-0.0666445
9.22,0.312932,0.00613592,-0.293146,-0.213378
9.222,0.312932,0.00613592,-0.263831,-0.19204
9.224,0.316,0.00920388,-0.0840498,-0.0194382
9.226,0.316,0.00920388,-0.0756448,-0.0174944
9.228,0.319068,0.0122718,0.0853177,0.137653
9.23,0.319068,0.0122718,0.076786,0.123888
9.232,0.319068,0.0153398,0.0691074,0.264897
9.234,0.322136,0.0184078,0.215595,0.391805
9.236,0.322136,0.0184078,0.194035,0.352625
9.238,0.322136,0.0184078,0.174632,0.317362
9.24,0.322136,0.0214757,0.157169,0.439024
9.242,0.322136,0.0214757,0.141452,0.395122
9.244,0.322136,0.0214757,0.127307,0.35561
9.246,0.322136,0.0214757,0.114576,0.320049
9.248,0.322136,0.0184078,0.103118,0.134646
9.25,0.322136,0.0184078,0.0928065,0.121181
9.252,0.319068,0.0184078,-0.0698723,0.109063
9.254,0.319068,0.0184078,-0.062885,0.0981568
9.256,0.319068,0.0184078,-0.0565965,0.0883411
9.258,0.316,0.0184078,-0.204335,0.079507
9.26,0.316,0.0184078,-0.183901,0.0715563
9.262,0.312932,0.0184078,-0.318909,0.0644006
9.264,0.312932,0.0153398,-0.287018,-0.0954375
9.266,0.309864,0.0153398,-0.411715,-0.0858937
9.268,0.309864,0.0122718,-0.370543,-0.230702
9.27,0.306796,0.0122718,-0.486887,-0.207632
9.272,0.303728,0.0122718,-0.591596,-0.186869
9.274,0.303728,0.00920388,-0.532437,-0.32158
9.276,0.30066,0.00920388,-0.632591,-0.289422
9.278,0.30066,0.00613592,-0.569332,-0.413878
9.28,0.297592,0.00613592,-0.665797,-0.37249
9.282,0.297592,0.00613592,-0.599217,-0.335241
9.284,0.294524,0.00306796,-0.692694,-0.455115
9.286,0.294524,0.00306796,-0.623424,-0.409604
9.288,0.291456,0,-0.71448,-0.522041
9.29,0.291456,0,-0.643032,-0.469837
9.292,0.288388,0,-0.732127,-0.422853
9.294,0.288388,0,-0.658914,-0.380568
9.296,0.28532,-0.00306796,-0.746421,-0.495909
9.298,0.28532,-0.00306796,-0.671779,-0.446318
9.3,0.28532,-0.00306796,-0.604601,-0.401687
9.302,0.282252,-0.00613592,-0.697539,-0.514916
9.304,0.282252,-0.00613592,-0.627785,-0.463424
9.306,0.279185,-0.00613592,-0.718405,-0.417082
9.308,0.279185,-0.00613592,-0.646564,-0.375374
9.31,0.279185,-0.00920388,-0.581908,-0.491234
9.312,0.276117,-0.00920388,-0.677115,-0.442111
9.314,0.276117,-0.00920388,-0.609403,-0.3979
9.316,0.276117,-0.00920388,-0.548463,-0.35811
9.318,0.273049,-0.00920388,-0.647015,-0.322299
9.32,0.273049,-0.00920388,-0.582313,-0.290069
9.322,0.273049,-0.00920388,-0.524082,-0.261062
9.324,0.269981,-0.00920388,-0.625072,-0.234956
9.326,0.269981,-0.00920388,-0.562565,-0.21146
9.328,0.269981,-0.00920388,-0.506308,-0.190314
9.33,0.266913,-0.00920388,-0.609076,-0.171283
9.332,0.266913,-0.00920388,-0.548168,-0.154155
9.334,0.266913,-0.00920388,-0.493351,-0.138739
9.336,0.263845,-0.00920388,-0.597414,-0.124865
9.338,0.263845,-0.00920388,-0.537673,-0.112379
9.34,0.263845,-0.00920388,-0.483905,-0.101141
9.342,0.263845,-0.00920388,-0.435515,-0.0910267
9.344,0.260777,-0.0122718,-0.545361,-0.235322
9.346,0.260777,-0.00920388,-0.490825,-0.0583919
9.348,0.260777,-0.00920388,-0.441743,-0.0525527
9.35,0.257709,-0.0122718,-0.550967,-0.200695
9.352,0.257709,-0.0122718,-0.49587,-0.180626
9.354,0.257709,-0.0122718,-0.446283,-0.162563
9.356,0.257709,-0.0153398,-0.401655,-0.299705
9.358,0.254641,-0.0153398,-0.514887,-0.269735
9.36,0.254641,-0.0153398,-0.463399,-0.242761
9.362,0.254641,-0.0153398,-0.417059,-0.218485
9.364,0.254641,-0.0153398,-0.375353,-0.196637
9.366,0.254641,-0.0153398,-0.337818,-0.176973
9.368,0.251573,-0.0153398,-0.457434,-0.159276
9.37,0.251573,-0.0122718,-0.41169,0.0100501
9.372,0.251573,-0.0122718,-0.370521,0.00904506
9.374,0.251573,-0.0122718,-0.333469,0.00814055
9.376,0.248505,-0.0153398,-0.45352,-0.146072
9.378,0.248505,-0.0153398,-0.408168,-0.131464
9.38,0.245437,-0.0153398,-0.52075,-0.118318
9.382,0.245437,-0.0184078,-0.468675,-0.259884
9.384,0.242369,-0.0214757,-0.575205,-0.387294
9.386,0.239301,-0.0245437,-0.671083,-0.501963
9.388,0.239301,-0.0245437,-0.603975,-0.451766
9.39,0.236233,-0.0276117,-0.696975,-0.559988
9.392,0.236233,-0.0276117,-0.627278,-0.503989
9.394,0.233165,-0.0276117,-0.717948,-0.45359
9.396,0.233165,-0.0276117,-0.646153,-0.408231
9.398,0.230097,-0.0276117,-0.734936,-0.367408
9.4,0.230097,-0.0306796,-0.661442,-0.484065
9.402,0.227029,-0.0306796,-0.748696,-0.435659
9.404,0.227029,-0.0337476,-0.673827,-0.545491
9.406,0.223961,-0.0337476,-0.759842,-0.490942
9.408,0.223961,-0.0337476,-0.683858,-0.441848
9.41,0.223961,-0.0337476,-0.615472,-0.397663
9.412,0.223961,-0.0337476,-0.553925,-0.357897
9.414,0.223961,-0.0337476,-0.498532,-0.322107
9.416,0.223961,-0.0337476,-0.448679,-0.289896
9.418,0.223961,-0.0337476,-0.403811,-0.260907
9.42,0.223961,-0.0337476,-0.36343,-0.234816
9.422,0.223961,-0.0337476,-0.327087,-0.211334
9.424,0.223961,-0.0306796,-0.294378,-0.0368029
9.426,0.227029,-0.0276117,-0.111542,0.120276
9.428,0.227029,-0.0276117,-0.100388,0.108248
9.43,0.230097,-0.0245437,0.0630487,0.250821
9.432,0.233165,-0.0245437,0.210142,0.225739
9.434,0.233165,-0.0214757,0.189128,0.356563
9.436,0.236233,-0.0184078,0.323613,0.474305
9.438,0.239301,-0.0153398,0.44465,0.580273
9.44,0.242369,-0.0122718,0.553583,0.675643
9.442,0.245437,-0.00920388,0.651623,0.761477
9.444,0.245437,-0.00613592,0.58646,0.838728
9.446,0.248505,-0.00306796,0.681212,0.908253
9.448,0.248505,0,0.613091,0.970826
9.45,0.251573,0.00306796,0.70518,1.02714
9.452,0.254641,0.00306796,0.78806,0.924427
9.454,0.254641,0.00613592,0.709254,0.985382
9.456,0.257709,0.00920388,0.791727,1.04024
9.458,0.257709,0.00920388,0.712554,0.936218
9.46,0.260777,0.0122718,0.794697,0.995994
9.462,0.260777,0.0153398,0.715227,1.04979
9.464,0.260777,0.0153398,0.643704,0.944814
9.466,0.263845,0.0184078,0.732732,1.00373
9.468,0.263845,0.0184078,0.659459,0.903357
9.47,0.263845,0.0214757,0.593513,0.96642
9.472,0.266913,0.0214757,0.68756,0.869778
9.474,0.266913,0.0214757,0.618804,0.7828
9.476,0.266913,0.0245437,0.556923,0.857918
9.478,0.266913,0.0245437,0.501231,0.772126
9.48,0.266913,0.0245437,0.451108,0.694914
9.482,0.269981,0.0245437,0.559395,0.625422
9.484,0.269981,0.0245437,0.503456,0.56288
9.486,0.269981,0.0276117,0.45311,0.65999
9.488,0.269981,0.0276117,0.407799,0.593991
9.49,0.269981,0.0276117,0.367019,0.534592
9.492,0.269981,0.0306796,0.330317,0.634531
9.494,0.269981,0.0306796,0.297286,0.571078
9.496,0.269981,0.0306796,0.267557,0.51397
9.498,0.269981,0.0306796,0.240801,0.462573
9.5,0.269981,0.0306796,0.216721,0.416316
9.502,0.266913,0.0276117,0.041651,0.221286
9.504,0.266913,0.0276117,0.0374859,0.199157
9.506,0.263845,0.0276117,-0.119661,0.179242
9.508,0.263845,0.0245437,-0.107695,0.00791945
9.51,0.260777,0.0245437,-0.250323,0.0071275
9.512,0.260777,0.0214757,-0.225291,-0.146983
9.514,0.257709,0.0214757,-0.35616,-0.132285
9.516,0.257709,0.0214757,-0.320544,-0.119056
9.518,0.257709,0.0214757,-0.28849,-0.107151
9.52,0.257709,0.0214757,-0.259641,-0.0964358
9.522,0.254641,0.0214757,-0.387075,-0.0867922
9.524,0.254641,0.0214757,-0.348367,-0.078113
9.526,0.254641,0.0214757,-0.31353,-0.0703017
9.528,0.254641,0.0214757,-0.282177,-0.0632715
9.53,0.254641,0.0245437,-0.25396,0.0964537
9.532,0.251573,0.0245437,-0.381962,0.0868084
9.534,0.251573,0.0245437,-0.343766,0.0781275
9.536,0.251573,0.0245437,-0.309389,0.0703148
9.538,0.248505,0.0245437,-0.431848,0.0632833
9.54,0.248505,0.0245437,-0.388663,0.056955
9.542,0.245437,0.0214757,-0.503195,-0.102139
9.544,0.245437,0.0214757,-0.452876,-0.0919248
9.546,0.242369,0.0184078,-0.560986,-0.23613
9.548,0.239301,0.0153398,-0.658286,-0.365915
9.55,0.236233,0.0153398,-0.745855,-0.329324
9.552,0.233165,0.0122718,-0.824668,-0.44979
9.554,0.230097,0.00920388,-0.895599,-0.558209
9.556,0.227029,0.00613592,-0.959437,-0.655786
9.558,0.223961,0.00306796,-1.01689,-0.743605
9.56,0.220893,0,-1.0686,-0.822643
9.562,0.217825,0,-1.11514,-0.740379
9.564,0.214757,-0.00306796,-1.15702,-0.819739
9.566,0.211689,-0.00306796,-1.19472,-0.737765
9.568,0.211689,-0.00613592,-1.07525,-0.817387
9.57,0.208621,-0.00613592,-1.12112,-0.735648
9.572,0.208621,-0.00613592,-1.00901,-0.662083
9.574,0.205553,-0.00613592,-1.06151,-0.595875
9.576,0.205553,-0.00613592,-0.955355,-0.536287
9.578,0.202485,-0.00613592,-1.01322,-0.482659
9.58,0.202485,-0.00920388,-0.911896,-0.587791
9.582,0.202485,-0.00920388,-0.820706,-0.529012
9.584,0.199418,-0.00920388,-0.892034,-0.476111
9.586,0.199418,-0.00920388,-0.80283,-0.428499
9.588,0.199418,-0.00920388,-0.722547,-0.38565
9.59,0.199418,-0.00920388,-0.650292,-0.347085
9.592,0.19635,-0.00920388,-0.738661,-0.312376
9.594,0.19635,-0.00920388,-0.664795,-0.281139
9.596,0.19635,-0.00920388,-0.598316,-0.253025
9.598,0.193282,-0.00920388,-0.691882,-0.227722
9.6,0.193282,-0.00920388,-0.622694,-0.20495
9.602,0.190214,-0.00920388,-0.713823,-0.184455
9.604,0.190214,-0.00920388,-0.64244,-0.166009
9.606,0.187146,-0.0122718,-0.731594,-0.302807
9.608,0.187146,-0.0122718,-0.658435,-0.272526
9.61,0.184078,-0.0122718,-0.74599,-0.245273
9.612,0.184078,-0.0153398,-0.671391,-0.374144
9.614,0.18101,-0.0153398,-0.75765,-0.33673
9.616,0.18101,-0.0153398,-0.681885,-0.303057
9.618,0.18101,-0.0153398,-0.613696,-0.272751
9.62,0.177942,-0.0122718,-0.705725,-0.0920779
9.622,0.177942,-0.0122718,-0.635152,-0.0828701
9.624,0.177942,-0.0122718,-0.571637,-0.0745831
9.626,0.177942,-0.0122718,-0.514473,-0.0671248
9.628,0.177942,-0.00920388,-0.463026,0.0929858
9.63,0.177942,-0.00920388,-0.416723,0.0836872
9.632,0.177942,-0.00920388,-0.375051,0.0753185
9.634,0.177942,-0.00920388,-0.337546,0.0677866
9.636,0.177942,-0.00920388,-0.303791,0.061008
9.638,0.174874,-0.00920388,-0.42681,0.0549072
9.64,0.174874,-0.00920388,-0.384129,0.0494165
9.642,0.174874,-0.00920388,-0.345716,0.0444748
9.644,0.171806,-0.00920388,-0.464543,0.0400273
9.646,0.171806,-0.0122718,-0.418088,-0.117373
9.648,0.171806,-0.0122718,-0.37628,-0.105636
9.65,0.168738,-0.0122718,-0.49205,-0.0950725
9.652,0.168738,-0.0122718,-0.442845,-0.0855653
9.654,0.16567,-0.0122718,-0.551958,-0.0770087
9.656,0.16567,-0.0122718,-0.496763,-0.0693079
9.658,0.16567,-0.0122718,-0.447086,-0.0623771
9.66,0.162602,-0.0122718,-0.555776,-0.0561394
9.662,0.162602,-0.0122718,-0.500198,-0.0505254
9.664,0.159534,-0.0122718,-0.603576,-0.0454729
9.666,0.159534,-0.0122718,-0.543219,-0.0409256
9.668,0.159534,-0.0153398,-0.488897,-0.190231
9.67,0.156466,-0.0153398,-0.593405,-0.171208
9.672,0.156466,-0.0153398,-0.534065,-0.154087
9.674,0.156466,-0.0184078,-0.480658,-0.292077
9.676,0.153398,-0.0184078,-0.585991,-0.262869
9.678,0.153398,-0.0153398,-0.527391,-0.0831839
9.68,0.153398,-0.0153398,-0.474652,-0.0748655
9.682,0.153398,-0.0153398,-0.427187,-0.067379
9.684,0.153398,-0.0153398,-0.384468,-0.0606411
9.686,0.153398,-0.0153398,-0.346022,-0.054577
9.688,0.153398,-0.0122718,-0.311419,0.104279
9.69,0.153398,-0.0122718,-0.280277,0.0938509
9.692,0.156466,-0.00920388,-0.0988516,0.237864
9.694,0.156466,-0.00613592,-0.0889665,0.367476
9.696,0.159534,-0.00613592,0.0733283,0.330728
9.698,0.159534,-0.00306796,0.0659954,0.451053
9.7,0.162602,0,0.212794,0.559346
9.702,0.162602,0.00306796,0.191515,0.65681
9.704,0.16567,0.00613592,0.325761,0.744527
9.706,0.16567,0.00920388,0.293185,0.823472
9.708,0.168738,0.00920388,0.417265,0.741125
9.71,0.168738,0.0122718,0.375538,0.82041
9.712,0.168738,0.0153398,0.337984,0.891767
9.714,0.171806,0.0153398,0.457584,0.802591
9.716,0.171806,0.0184078,0.411826,0.87573
9.718,0.171806,0.0184078,0.370643,0.788157
9.72,0.171806,0.0214757,0.333579,0.862739
9.722,0.174874,0.0214757,0.453619,0.776465
9.724,0.174874,0.0245437,0.408257,0.852217
9.726,0.174874,0.0276117,0.367431,0.920393
9.728,0.174874,0.0276117,0.330688,0.828354
9.73,0.174874,0.0306796,0.297619,0.898917
9.732,0.174874,0.0306796,0.267857,0.809025
9.734,0.174874,0.0306796,0.241072,0.728122
9.736,0.174874,0.0337476,0.216965,0.808708
9.738,0.174874,0.0337476,0.195268,0.727837
9.74,0.174874,0.0337476,0.175741,0.655054
9.742,0.174874,0.0368155,0.158167,0.742946
9.744,0.174874,0.0368155,0.14235,0.668652
9.746,0.174874,0.0368155,0.128115,0.601787
9.748,0.174874,0.0368155,0.115304,0.541608
9.75,0.174874,0.0398835,0.103773,0.640845
9.752,0.174874,0.0398835,0.0933961,0.576761
9.754,0.174874,0.0398835,0.0840565,0.519085
9.756,0.174874,0.0398835,0.0756509,0.467176
9.758,0.174874,0.0398835,0.0680858,0.420459
9.76,0.171806,0.0398835,-0.0921209,0.378413
9.762,0.171806,0.0429515,-0.0829088,0.493969
9.764,0.171806,0.0429515,-0.0746179,0.444573
9.766,0.171806,0.0429515,-0.0671561,0.400115
9.768,0.168738,0.0429515,-0.213839,0.360104
9.77,0.16567,0.0398835,-0.345853,0.170695
9.772,0.16567,0.0398835,-0.311268,0.153626
9.774,0.162602,0.0398835,-0.433539,0.138263
9.776,0.162602,0.0398835,-0.390185,0.124437
9.778,0.159534,0.0368155,-0.504565,-0.0414049
9.78,0.156466,0.0368155,-0.607506,-0.0372644
9.782,0.153398,0.0368155,-0.700154,-0.033538
9.784,0.153398,0.0368155,-0.630138,-0.0301842
9.786,0.15033,0.0337476,-0.720523,-0.180564
9.788,0.147262,0.0337476,-0.801868,-0.162507
9.79,0.147262,0.0337476,-0.721682,-0.146257
9.792,0.144194,0.0337476,-0.802911,-0.131631
9.794,0.141126,0.0306796,-0.876018,-0.271866
9.796,0.141126,0.0306796,-0.788417,-0.244679
9.798,0.138058,0.0306796,-0.862973,-0.220211
9.8,0.138058,0.0306796,-0.776676,-0.19819
9.802,0.13499,0.0306796,-0.852406,-0.178371
9.804,0.13499,0.0306796,-0.767166,-0.160534
9.806,0.13499,0.0306796,-0.690449,-0.144481
9.808,0.131922,0.0337476,-0.774802,0.0233654
9.81,0.128854,0.0337476,-0.85072,0.0210289
9.812,0.128854,0.0337476,-0.765648,0.018926
9.814,0.125786,0.0337476,-0.842481,0.0170334
9.816,0.125786,0.0337476,-0.758233,0.01533
9.818,0.122718,0.0337476,-0.835808,0.013797
9.82,0.122718,0.0306796,-0.752227,-0.140981
9.822,0.119651,0.0306796,-0.830403,-0.126883
9.824,0.116583,0.0306796,-0.90076,-0.114194
9.826,0.113515,0.0306796,-0.964082,-0.102775
9.828,0.110447,0.0306796,-1.02107,-0.0924975
9.83,0.110447,0.0276117,-0.918965,-0.236646
9.832,0.104311,0.0276117,-1.13386,-0.212981
9.834,0.101243,0.0245437,-1.17388,-0.345081
9.836,0.0981748,0.0245437,-1.20989,-0.310573
9.838,0.0951068,0.0214757,-1.2423,-0.432914
9.84,0.0889709,0.0184078,-1.42486,-0.543021
9.842,0.0859029,0.0153398,-1.43577,-0.642117
9.844,0.079767,0.0122718,-1.59899,-0.731303
9.846,0.076699,0.0122718,-1.59249,-0.658173
9.848,0.0736311,0.00920388,-1.58664,-0.745753
9.85,0.0674952,0.00613592,-1.73477,-0.824576
9.852,0.0644272,0.00306796,-1.71469,-0.895517
9.854,0.0582913,0,-1.85002,-0.959363
9.856,0.0521553,-0.00306796,-1.97181,-1.01682
9.858,0.0490874,-0.00613592,-1.92803,-1.06854
9.86,0.0429515,-0.00920388,-2.04202,-1.11508
9.862,0.0398835,-0.0122718,-1.99122,-1.15697
9.864,0.0337476,-0.0184078,-2.09889,-1.34807
9.866,0.0276117,-0.0214757,-2.1958,-1.36666
9.868,0.0214757,-0.0245437,-2.28302,-1.3834
9.87,0.0153398,-0.0306796,-2.36151,-1.55185
9.872,0.0122718,-0.0337476,-2.27876,-1.55006
9.874,0.00613592,-0.0368155,-2.35768,-1.54846
9.876,-0,-0.0398835,-2.42871,-1.54701
9.878,-0.00306796,-0.0429515,-2.33923,-1.54571
9.88,-0.00920388,-0.0490874,-2.41211,-1.69793
9.882,-0.0153398,-0.0521553,-2.47769,-1.68154
9.884,-0.0214757,-0.0552233,-2.53672,-1.66678
9.886,-0.0245437,-0.0582913,-2.43645,-1.6535
9.888,-0.0306796,-0.0613592,-2.4996,-1.64155
9.89,-0.0337476,-0.0644272,-2.40304,-1.63079
9.892,-0.0368155,-0.0674952,-2.31613,-1.62111
9.894,-0.0429515,-0.0705631,-2.39131,-1.6124
9.896,-0.0460194,-0.0736311,-2.30558,-1.60456
9.898,-0.0521553,-0.076699,-2.38182,-1.5975
9.9,-0.0552233,-0.079767,-2.29703,-1.59115
9.902,-0.0613592,-0.082835,-2.37413,-1.58543
9.904,-0.0644272,-0.0859029,-2.29011,-1.58029
9.906,-0.0705631,-0.0889709,-2.3679,-1.57565
9.908,-0.0736311,-0.0920388,-2.28451,-1.57149
9.91,-0.076699,-0.0951068,-2.20945,-1.56774
9.912,-0.079767,-0.0981748,-2.14191,-1.56436
9.914,-0.082835,-0.0981748,-2.08111,-1.40793
9.916,-0.0859029,-0.101243,-2.0264,-1.42053
9.918,-0.0889709,-0.104311,-1.97716,-1.43188
9.92,-0.0920388,-0.107379,-1.93284,-1.44209
9.922,-0.0951068,-0.107379,-1.89295,-1.29788
9.924,-0.0981748,-0.107379,-1.85706,-1.16809
9.926,-0.101243,-0.110447,-1.82475,-1.20468
9.928,-0.101243,-0.113515,-1.64227,-1.23761
9.93,-0.104311,-0.113515,-1.63145,-1.11385
9.932,-0.107379,-0.113515,-1.6217,-1.00246
9.934,-0.107379,-0.116583,-1.45953,-1.05562
9.936,-0.110447,-0.116583,-1.46697,-0.950054
9.938,-0.110447,-0.116583,-1.32028,-0.855048
9.94,-0.110447,-0.116583,-1.18825,-0.769543
9.942,-0.110447,-0.116583,-1.06942,-0.692589
9.944,-0.113515,-0.116583,-1.11588,-0.62333
9.946,-0.113515,-0.116583,-1.00429,-0.560997
9.948,-0.113515,-0.116583,-0.903863,-0.504897
9.95,-0.113515,-0.119651,-0.813476,-0.607806
9.952,-0.113515,-0.119651,-0.732129,-0.547025
9.954,-0.110447,-0.116583,-0.505518,-0.338925
9.956,-0.110447,-0.116583,-0.454966,-0.305032
9.958,-0.110447,-0.113515,-0.409469,-0.121131
9.96,-0.107379,-0.110447,-0.215124,0.0443803
9.962,-0.107379,-0.110447,-0.193612,0.0399423
9.964,-0.104311,-0.107379,-0.0208527,0.189346
9.966,-0.101243,-0.104311,0.134631,0.32381
9.968,-0.0981748,-0.101243,0.274566,0.444827
9.97,-0.0951068,-0.0981748,0.400507,0.553742
9.972,-0.0920388,-0.0951068,0.513855,0.651766
9.974,-0.0889709,-0.0920388,0.615867,0.739987
9.976,-0.0859029,-0.0920388,0.707679,0.665989
9.978,-0.082835,-0.0889709,0.790309,0.752788
9.98,-0.082835,-0.0859029,0.711278,0.830907
9.982,-0.076699,-0.082835,0.946946,0.901215
9.984,-0.0736311,-0.079767,1.00565,0.964491
9.986,-0.0705631,-0.076699,1.05848,1.02144
9.988,-0.0705631,-0.0736311,0.952635,1.07269
9.99,-0.0674952,-0.0736311,1.01077,0.965425
9.992,-0.0644272,-0.0705631,1.06309,1.02228
9.994,-0.0613592,-0.0674952,1.11018,1.07345
9.996,-0.0582913,-0.0644272,1.15256,1.1195
9.998,-0.0552233,-0.0644272,1.1907,1.00755
10,-0.0521553,-0.0613592,1.22503,1.0602
10.002,-0.0521553,-0.0613592,1.10253,0.954176
10.004,-0.0490874,-0.0613592,1.14567,0.858759
10.006,-0.0460194,-0.0582913,1.1845,0.926281
10.008,-0.0460194,-0.0582913,1.06605,0.833653
10.01,-0.0429515,-0.0582913,1.11285,0.750288
10.012,-0.0398835,-0.0552233,1.15496,0.828657
10.014,-0.0398835,-0.0552233,1.03946,0.745791
10.016,-0.0368155,-0.0552233,1.08891,0.671212
10.018,-0.0337476,-0.0521553,1.13342,0.757489
10.02,-0.0306796,-0.0490874,1.17348,0.835138
10.022,-0.0276117,-0.0490874,1.20953,0.751624
10.024,-0.0245437,-0.0460194,1.24197,0.82986
10.026,-0.0214757,-0.0429515,1.27117,0.900272
10.028,-0.0153398,-0.0398835,1.45085,0.963643
10.03,-0.0122718,-0.0368155,1.45917,1.02068
10.032,-0.00920388,-0.0337476,1.46665,1.07201
10.034,-0.00306796,-0.0306796,1.62678,1.1182
10.036,-0,-0.0276117,1.6175,1.15978
10.038,0.00306796,-0.0245437,1.60915,1.1972
10.04,0.00920388,-0.0214757,1.75503,1.23088
10.042,0.0122718,-0.0184078,1.73292,1.26119
10.044,0.0184078,-0.0153398,1.86643,1.28847
10.046,0.0214757,-0.00920388,1.83318,1.46642
10.048,0.0276117,-0.00613592,1.95666,1.47317
10.05,0.0306796,-0.00306796,1.91439,1.47926
10.052,0.0368155,0,2.02975,1.48473
10.054,0.0398835,0.00306796,1.98017,1.48965
10.056,0.0460194,0.00613592,2.08895,1.49409
10.058,0.0490874,0.0122718,2.03345,1.65147
10.06,0.0521553,0.0153398,1.98351,1.63972
10.062,0.0582913,0.0184078,2.09195,1.62915
10.064,0.0613592,0.0214757,2.03616,1.61963
10.066,0.0674952,0.0245437,2.13934,1.61107
10.068,0.0705631,0.0276117,2.0788,1.60336
10.07,0.0736311,0.0306796,2.02432,1.59642
10.072,0.076699,0.0337476,1.97528,1.59018
10.074,0.082835,0.0368155,2.08455,1.58456
10.076,0.0859029,0.0368155,2.0295,1.4261
10.078,0.0889709,0.0398835,1.97994,1.43689
10.08,0.0920388,0.0429515,1.93535,1.4466
10.082,0.0951068,0.0460194,1.89521,1.45534
10.084,0.0981748,0.0460194,1.85909,1.3098
10.086,0.101243,0.0490874,1.82658,1.33222
10.088,0.104311,0.0490874,1.79732,1.199
10.09,0.107379,0.0521553,1.77098,1.2325
10.092,0.110447,0.0552233,1.74728,1.26265
10.094,0.113515,0.0552233,1.72595,1.13638
10.096,0.113515,0.0582913,1.55336,1.17614
10.098,0.116583,0.0582913,1.55142,1.05853
10.1,0.116583,0.0582913,1.39628,0.952674
10.102,0.119651,0.0613592,1.41005,1.0108
10.104,0.119651,0.0613592,1.26904,0.909724
10.106,0.119651,0.0613592,1.14214,0.818752
10.108,0.122718,0.0582913,1.18132,0.583479
10.11,0.122718,0.0582913,1.06319,0.525131
10.112,0.122718,0.0582913,0.956872,0.472618
10.114,0.125786,0.0582913,1.01458,0.425356
10.116,0.125786,0.0613592,0.913125,0.536218
10.118,0.125786,0.0613592,0.821812,0.482597
10.12,0.128854,0.0613592,0.893029,0.434337
10.122,0.128854,0.0644272,0.803726,0.544301
10.124,0.131922,0.0644272,0.876752,0.489871
10.126,0.131922,0.0644272,0.789076,0.440884
10.128,0.13499,0.0674952,0.863567,0.550194
10.13,0.13499,0.0674952,0.77721,0.495174
10.132,0.138058,0.0674952,0.852887,0.445657
10.134,0.138058,0.0705631,0.767598,0.554489
10.136,0.138058,0.0705631,0.690839,0.49904
10.138,0.138058,0.0705631,0.621755,0.449136
10.14,0.141126,0.0736311,0.712977,0.557621
10.142,0.141126,0.0736311,0.64168,0.501859
10.144,0.141126,0.0736311,0.577512,0.451673
10.146,0.141126,0.0705631,0.519761,0.253107
10.148,0.141126,0.0736311,0.467784,0.381195
10.15,0.144194,0.0736311,0.574404,0.343075
10.152,0.144194,0.0736311,0.516964,0.308768
10.154,0.144194,0.076699,0.465267,0.431289
10.156,0.144194,0.076699,0.418741,0.38816
10.158,0.144194,0.076699,0.376867,0.349344
10.16,0.144194,0.076699,0.33918,0.31441
10.162,0.141126,0.0736311,0.151864,0.129571
10.164,0.138058,0.0736311,-0.0167207,0.116614
10.166,0.138058,0.0705631,-0.0150486,-0.0484458
10.168,0.13499,0.0674952,-0.166942,-0.196999
10.17,0.13499,0.0674952,-0.150248,-0.177299
10.172,0.131922,0.0644272,-0.288621,-0.312968
10.174,0.128854,0.0613592,-0.413157,-0.435069
10.176,0.125786,0.0582913,-0.525239,-0.54496
10.178,0.125786,0.0552233,-0.472715,-0.643862
10.18,0.122718,0.0552233,-0.578842,-0.579476
10.182,0.119651,0.0521553,-0.674356,-0.674926
10.184,0.119651,0.0521553,-0.60692,-0.607434
10.186,0.116583,0.0521553,-0.699626,-0.54669
10.188,0.113515,0.0490874,-0.783062,-0.645419
10.19,0.113515,0.0490874,-0.704756,-0.580877
10.192,0.113515,0.0490874,-0.63428,-0.52279
10.194,0.110447,0.0460194,-0.72425,-0.623909
10.196,0.107379,0.0460194,-0.805223,-0.561518
10.198,0.104311,0.0429515,-0.878099,-0.658764
10.2,0.101243,0.0429515,-0.943687,-0.592888
10.202,0.101243,0.0398835,-0.849318,-0.686997
10.204,0.0951068,0.0368155,-1.07118,-0.771695
10.206,0.0920388,0.0337476,-1.11746,-0.847924
10.208,0.0889709,0.0306796,-1.15911,-0.91653
10.21,0.0859029,0.0276117,-1.1966,-0.978275
10.212,0.082835,0.0245437,-1.23034,-1.03385
10.214,0.076699,0.0214757,-1.4141,-1.08386
10.216,0.0736311,0.0184078,-1.42609,-1.12887
10.218,0.0705631,0.0153398,-1.43688,-1.16938
10.22,0.0674952,0.0122718,-1.44659,-1.20584
10.222,0.0644272,0.00920388,-1.45533,-1.23866
10.224,0.0613592,0.00920388,-1.46319,-1.11479
10.226,0.0582913,0.00613592,-1.47027,-1.15671
10.228,0.0552233,0.00306796,-1.47664,-1.19444
10.23,0.0521553,0,-1.48238,-1.22839
10.232,0.0490874,0,-1.48754,-1.10555
10.234,0.0460194,-0.00306796,-1.49218,-1.14839
10.236,0.0429515,-0.00306796,-1.49636,-1.03356
10.238,0.0398835,-0.00613592,-1.50012,-1.0836
10.24,0.0398835,-0.00613592,-1.35011,-0.975238
10.242,0.0368155,-0.00920388,-1.3685,-1.03111
10.244,0.0306796,-0.0122718,-1.53844,-1.0814
10.246,0.0306796,-0.0122718,-1.3846,-0.973259
10.248,0.0245437,-0.0153398,-1.55294,-1.02933
10.25,0.0245437,-0.0214757,-1.39764,-1.23319
10.252,0.0184078,-0.0214757,-1.56467,-1.10987
10.254,0.0153398,-0.0245437,-1.5616,-1.15229
10.256,0.0122718,-0.0276117,-1.55884,-1.19046
10.258,0.00920388,-0.0306796,-1.55636,-1.22481
10.26,0.00613592,-0.0337476,-1.55412,-1.25572
10.262,0.00306796,-0.0337476,-1.55211,-1.13015
10.264,-0,-0.0368155,-1.55029,-1.17054
10.266,-0.00306796,-0.0398835,-1.54866,-1.20688
10.268,-0.00613592,-0.0398835,-1.54719,-1.08619
10.27,-0.00920388,-0.0429515,-1.54587,-1.13097
10.272,-0.00920388,-0.0429515,-1.39128,-1.01787
10.274,-0.0122718,-0.0460194,-1.40555,-1.06948
10.276,-0.0153398,-0.0490874,-1.4184,-1.11593
10.278,-0.0184078,-0.0490874,-1.42996,-1.00434
10.28,-0.0184078,-0.0490874,-1.28696,-0.903907
10.282,-0.0214757,-0.0521553,-1.31166,-0.966914
10.284,-0.0245437,-0.0552233,-1.33389,-1.02362
10.286,-0.0245437,-0.0552233,-1.2005,-0.921259
10.288,-0.0276117,-0.0582913,-1.23385,-0.982531
10.29,-0.0276117,-0.0582913,-1.11047,-0.884278
10.292,-0.0306796,-0.0582913,-1.15282,-0.79585
10.294,-0.0306796,-0.0582913,-1.03754,-0.716265
10.296,-0.0306796,-0.0582913,-0.933783,-0.644638
10.298,-0.0306796,-0.0582913,-0.840405,-0.580175
10.3,-0.0306796,-0.0552233,-0.756364,-0.368759
10.302,-0.0306796,-0.0552233,-0.680728,-0.331883
10.304,-0.0276117,-0.0552233,-0.459257,-0.298695
10.306,-0.0276117,-0.0521553,-0.413331,-0.115427
10.308,-0.0276117,-0.0521553,-0.371998,-0.103885
10.31,-0.0276117,-0.0521553,-0.334798,-0.0934961
10.312,-0.0276117,-0.0521553,-0.301318,-0.0841465
10.314,-0.0276117,-0.0521553,-0.271187,-0.0757318
10.316,-0.0276117,-0.0521553,-0.244068,-0.0681587
10.318,-0.0276117,-0.0490874,-0.219661,0.0920553
10.32,-0.0276117,-0.0490874,-0.197695,0.0828498
10.322,-0.0276117,-0.0490874,-0.177926,0.0745648
10.324,-0.0276117,-0.0490874,-0.160133,0.0671083
10.326,-0.0245437,-0.0490874,0.00927842,0.0603975
10.328,-0.0245437,-0.0490874,0.00835058,0.0543577
10.33,-0.0245437,-0.0490874,0.00751552,0.048922
10.332,-0.0245437,-0.0460194,0.00676397,0.197428
10.334,-0.0245437,-0.0460194,0.00608757,0.177685
10.336,-0.0245437,-0.0460194,0.00547881,0.159917
10.338,-0.0245437,-0.0429515,0.00493093,0.297323
10.34,-0.0245437,-0.0460194,0.00443784,0.114193
10.342,-0.0245437,-0.0460194,0.00399405,0.102773
10.344,-0.0245437,-0.0460194,0.00359465,0.092496
10.346,-0.0245437,-0.0460194,0.00323518,0.0832464
10.348,-0.0245437,-0.0460194,0.00291167,0.0749218
10.35,-0.0214757,-0.0460194,0.156019,0.0674296
10.352,-0.0214757,-0.0460194,0.140417,0.0606866
10.354,-0.0214757,-0.0429515,0.126375,0.208016
10.356,-0.0214757,-0.0429515,0.113738,0.187214
10.358,-0.0184078,-0.0429515,0.255762,0.168493
10.36,-0.0184078,-0.0398835,0.230186,0.305042
10.362,-0.0184078,-0.0398835,0.207167,0.274538
10.364,-0.0153398,-0.0398835,0.339848,0.247084
10.366,-0.0153398,-0.0398835,0.305864,0.222375
10.368,-0.0153398,-0.0368155,0.275277,0.353536
10.37,-0.0122718,-0.0368155,0.401148,0.318182
10.372,-0.0122718,-0.0368155,0.361033,0.286364
10.374,-0.0122718,-0.0368155,0.32493,0.257728
10.376,-0.00920388,-0.0368155,0.445835,0.231955
10.378,-0.00920388,-0.0337476,0.401251,0.362158
10.38,-0.00920388,-0.0337476,0.361126,0.325942
10.382,-0.00613592,-0.0337476,0.478412,0.293348
10.384,-0.00613592,-0.0306796,0.43057,0.417411
10.386,-0.00306796,-0.0306796,0.540911,0.37567
10.388,-0.00306796,-0.0276117,0.48682,0.491501
10.39,-0.00306796,-0.0276117,0.438138,0.442351
10.392,-0,-0.0276117,0.547723,0.398116
10.394,-0,-0.0276117,0.49295,0.358304
10.396,-0,-0.0276117,0.443655,0.322474
10.398,0.00306796,-0.0276117,0.552688,0.290226
10.4,0.00306796,-0.0245437,0.497419,0.414602
10.402,0.00306796,-0.0245437,0.447677,0.373142
10.404,0.00613592,-0.0245437,0.556307,0.335827
10.406,0.00613592,-0.0245437,0.500677,0.302245
10.408,0.00613592,-0.0245437,0.450609,0.27202
10.41,0.00920388,-0.0245437,0.558946,0.244818
10.412,0.00920388,-0.0214757,0.503052,0.373734
10.414,0.00920388,-0.0214757,0.452746,0.336361
10.416,0.0122718,-0.0214757,0.56087,0.302725
10.418,0.0122718,-0.0214757,0.504783,0.272452
10.42,0.0122718,-0.0214757,0.454305,0.245207
10.422,0.0153398,-0.0184078,0.562272,0.374085
10.424,0.0153398,-0.0184078,0.506045,0.336676
10.426,0.0153398,-0.0184078,0.455441,0.303008
10.428,0.0184078,-0.0184078,0.563295,0.272708
10.43,0.0184078,-0.0153398,0.506965,0.398835
10.432,0.0214757,-0.0153398,0.609667,0.358951
10.434,0.0214757,-0.0153398,0.5487,0.323056
10.436,0.0245437,-0.0153398,0.647228,0.290751
10.438,0.0245437,-0.0153398,0.582505,0.261676
10.44,0.0276117,-0.0153398,0.677653,0.235508
10.442,0.0276117,-0.0122718,0.609888,0.365355
10.444,0.0306796,-0.0122718,0.702297,0.32882
10.446,0.0306796,-0.00920388,0.632067,0.449336
10.448,0.0337476,-0.00920388,0.722259,0.404402
10.45,0.0368155,-0.00613592,0.803431,0.51736
10.452,0.0368155,-0.00613592,0.723088,0.465624
10.454,0.0398835,-0.00306796,0.804177,0.57246
10.456,0.0398835,-0.00306796,0.723759,0.515214
10.458,0.0429515,-0.00306796,0.804781,0.463692
10.46,0.0429515,0,0.724303,0.570721
10.462,0.0460194,0,0.805271,0.513649
10.464,0.0460194,0,0.724744,0.462284
10.466,0.0490874,0,0.805668,0.416056
10.468,0.0490874,0.00306796,0.725101,0.527848
10.47,0.0490874,0.00306796,0.652591,0.475063
10.472,0.0521553,0.00306796,0.74073,0.427557
10.474,0.0521553,0.00306796,0.666657,0.384801
10.476,0.0521553,0.00306796,0.599991,0.346321
10.478,0.0552233,0.00306796,0.69339,0.311689
10.48,0.0552233,0.00306796,0.624051,0.28052
10.482,0.0582913,0.00306796,0.715044,0.252468
10.484,0.0582913,0.00613592,0.64354,0.380619
10.486,0.0613592,0.00613592,0.732584,0.342558
10.488,0.0613592,0.00613592,0.659325,0.308302
10.49,0.0644272,0.00920388,0.746791,0.43087
10.492,0.0644272,0.00920388,0.672112,0.387783
10.494,0.0674952,0.00920388,0.758299,0.349004
10.496,0.0674952,0.0122718,0.682469,0.467502
10.498,0.0705631,0.0122718,0.76762,0.420752
10.5,0.0736311,0.0153398,0.844256,0.532075
10.502,0.0736311,0.0153398,0.759831,0.478867
10.504,0.076699,0.0184078,0.837246,0.584379
10.506,0.076699,0.0184078,0.753521,0.525941
10.508,0.079767,0.0214757,0.831567,0.626745
10.51,0.079767,0.0214757,0.74841,0.56407
10.512,0.082835,0.0214757,0.826967,0.507663
10.514,0.082835,0.0214757,0.744271,0.456897
10.516,0.0859029,0.0245437,0.823242,0.564605
10.518,0.0859029,0.0245437,0.740917,0.508145
10.52,0.0859029,0.0245437,0.666826,0.45733
10.522,0.0889709,0.0245437,0.753541,0.411597
10.524,0.0889709,0.0276117,0.678187,0.523836
10.526,0.0889709,0.0276117,0.610368,0.471452
10.528,0.0889709,0.0276117,0.549332,0.424307
10.53,0.0889709,0.0276117,0.494398,0.381876
10.532,0.0920388,0.0276117,0.598357,0.343689
10.534,0.0920388,0.0276117,0.538521,0.30932
10.536,0.0920388,0.0276117,0.484669,0.278388
10.538,0.0920388,0.0276117,0.436202,0.250549
10.54,0.0920388,0.0276117,0.392582,0.225494
10.542,0.0920388,0.0276117,0.353324,0.202945
10.544,0.0920388,0.0245437,0.317991,0.0292521
10.546,0.0889709,0.0245437,0.132794,0.0263269
10.548,0.0889709,0.0245437,0.119515,0.0236942
10.55,0.0889709,0.0214757,0.107563,-0.132073
10.552,0.0889709,0.0214757,0.0968069,-0.118866
10.554,0.0859029,0.0214757,-0.0662719,-0.106979
10.556,0.0859029,0.0184078,-0.0596447,-0.24968
10.558,0.0859029,0.0184078,-0.0536802,-0.224712
10.56,0.0859029,0.0153398,-0.0483122,-0.355638
10.562,0.0859029,0.0153398,-0.043481,-0.320075
10.564,0.0859029,0.0153398,-0.0391329,-0.288067
10.566,0.0859029,0.0153398,-0.0352196,-0.25926
10.568,0.0859029,0.0153398,-0.0316976,-0.233334
10.57,0.0859029,0.0153398,-0.0285279,-0.210001
10.572,0.0859029,0.0153398,-0.0256751,-0.189001
10.574,0.0859029,0.0153398,-0.0231076,-0.170101
10.576,0.082835,0.0122718,-0.174195,-0.306489
10.578,0.082835,0.0122718,-0.156775,-0.27584
10.58,0.082835,0.0122718,-0.141098,-0.248256
10.582,0.082835,0.00920388,-0.126988,-0.376828
10.584,0.082835,0.00920388,-0.114289,-0.339146
10.586,0.082835,0.00920388,-0.10286,-0.305231
10.588,0.082835,0.00920388,-0.0925743,-0.274708
10.59,0.082835,0.00920388,-0.0833169,-0.247237
10.592,0.082835,0.00920388,-0.0749852,-0.222513
10.594,0.082835,0.00920388,-0.0674867,-0.200262
10.596,0.079767,0.00920388,-0.214136,-0.180236
10.598,0.079767,0.00920388,-0.192722,-0.162212
10.6,0.079767,0.00920388,-0.17345,-0.145991
10.602,0.079767,0.00920388,-0.156105,-0.131392
10.604,0.079767,0.00613592,-0.140495,-0.271651
10.606,0.076699,0.00613592,-0.279843,-0.244486
10.608,0.076699,0.00613592,-0.251859,-0.220037
10.61,0.076699,0.00613592,-0.226673,-0.198033
10.612,0.076699,0.00306796,-0.204006,-0.331628
10.614,0.076699,0.00306796,-0.183605,-0.298465
10.616,0.0736311,0.00306796,-0.318643,-0.268619
10.618,0.0736311,0,-0.286778,-0.395155
10.62,0.0736311,0,-0.258101,-0.35564
10.622,0.0705631,0,-0.385689,-0.320076
10.624,0.0705631,-0.00306796,-0.34712,-0.441466
10.626,0.0705631,-0.00306796,-0.312408,-0.397319
10.628,0.0674952,-0.00613592,-0.434565,-0.510986
10.63,0.0674952,-0.00613592,-0.391109,-0.459887
10.632,0.0674952,-0.00613592,-0.351998,-0.413898
10.634,0.0644272,-0.00613592,-0.470196,-0.372509
10.636,0.0644272,-0.00920388,-0.423176,-0.488656
10.638,0.0644272,-0.00920388,-0.380859,-0.43979
10.64,0.0613592,-0.0122718,-0.496171,-0.549209
10.642,0.0613592,-0.0122718,-0.446554,-0.494288
10.644,0.0613592,-0.0122718,-0.401899,-0.444859
10.646,0.0582913,-0.0153398,-0.515107,-0.553772
10.648,0.0582913,-0.0153398,-0.463596,-0.498394
10.65,0.0582913,-0.0184078,-0.417236,-0.601953
10.652,0.0582913,-0.0184078,-0.375513,-0.541758
10.654,0.0582913,-0.0184078,-0.337962,-0.487582
10.656,0.0613592,-0.0184078,-0.150767,-0.438824
10.658,0.0613592,-0.0153398,-0.135691,-0.241543
10.66,0.0613592,-0.0153398,-0.122122,-0.217389
10.662,0.0613592,-0.0122718,-0.109909,-0.042252
10.664,0.0644272,-0.0122718,0.0544797,-0.0380268
10.666,0.0644272,-0.00920388,0.0490317,0.119174
10.668,0.0674952,-0.00920388,0.197527,0.107257
10.67,0.0674952,-0.00613592,0.177774,0.249929
10.672,0.0674952,-0.00613592,0.159997,0.224936
10.674,0.0705631,-0.00613592,0.297395,0.202442
10.676,0.0705631,-0.00613592,0.267655,0.182198
10.678,0.0705631,-0.00613592,0.24089,0.163978
10.68,0.0705631,-0.00613592,0.216801,0.147581
10.682,0.0705631,-0.00613592,0.195121,0.132823
10.684,0.0705631,-0.00613592,0.175609,0.11954
10.686,0.0705631,-0.00306796,0.158048,0.260984
10.688,0.0705631,-0.00306796,0.142243,0.234886
10.69,0.0705631,-0.00306796,0.128019,0.211397
10.692,0.0705631,-0.00613592,0.115217,0.0368595
10.694,0.0674952,-0.00613592,-0.0497029,0.0331735
10.696,0.0674952,-0.00613592,-0.0447326,0.0298562
10.698,0.0674952,-0.00920388,-0.0402593,-0.126528
10.7,0.0674952,-0.00920388,-0.0362334,-0.113875
10.702,0.0644272,-0.00920388,-0.186008,-0.102487
10.704,0.0644272,-0.0122718,-0.167407,-0.245637
10.706,0.0644272,-0.0122718,-0.150667,-0.221073
10.708,0.0644272,-0.0122718,-0.1356,-0.198966
10.71,0.0644272,-0.0153398,-0.12204,-0.332467
10.712,0.0613592,-0.0153398,-0.263234,-0.29922
10.714,0.0613592,-0.0153398,-0.236911,-0.269298
10.716,0.0613592,-0.0153398,-0.21322,-0.242369
10.718,0.0613592,-0.0153398,-0.191898,-0.218132
10.72,0.0613592,-0.0153398,-0.172708,-0.196319
10.722,0.0613592,-0.0153398,-0.155437,-0.176687
10.724,0.0613592,-0.0153398,-0.139893,-0.159018
10.726,0.0613592,-0.0184078,-0.125904,-0.296514
10.728,0.0613592,-0.0184078,-0.113314,-0.266863
10.73,0.0613592,-0.0184078,-0.101982,-0.240177
10.732,0.0613592,-0.0184078,-0.091784,-0.216159
10.734,0.0613592,-0.0184078,-0.0826056,-0.194543
10.736,0.0613592,-0.0184078,-0.0743451,-0.175089
10.738,0.0613592,-0.0184078,-0.0669106,-0.15758
10.74,0.0644272,-0.0184078,0.0931786,-0.141822
10.742,0.0644272,-0.0184078,0.0838607,-0.12764
10.744,0.0644272,-0.0184078,0.0754746,-0.114876
10.746,0.0644272,-0.0153398,0.0679272,0.0500099
10.748,0.0674952,-0.0153398,0.214533,0.0450089
10.75,0.0674952,-0.0122718,0.193079,0.193906
10.752,0.0705631,-0.0122718,0.327169,0.174516
10.754,0.0705631,-0.00920388,0.294452,0.310462
10.756,0.0736311,-0.00920388,0.418405,0.279416
10.758,0.0736311,-0.00613592,0.376565,0.404872
10.76,0.0736311,-0.00613592,0.338908,0.364385
10.762,0.076699,-0.00613592,0.458416,0.327947
10.764,0.076699,-0.00613592,0.412574,0.295152
10.766,0.076699,-0.00306796,0.371317,0.419035
10.768,0.076699,-0.00306796,0.334185,0.377131
10.77,0.079767,-0.00306796,0.454165,0.339418
10.772,0.079767,-0.00306796,0.408748,0.305476
10.774,0.079767,-0.00306796,0.367873,0.274929
10.776,0.082835,0,0.484484,0.400834
10.778,0.082835,0,0.436036,0.360751
10.78,0.0859029,0,0.54583,0.324675
10.782,0.0859029,0.00306796,0.491247,0.445606
10.784,0.0859029,0.00306796,0.442122,0.401045
10.786,0.0889709,0.00306796,0.551308,0.360941
10.788,0.0889709,0.00613592,0.496177,0.478245
10.79,0.0889709,0.00613592,0.44656,0.43042
10.792,0.0920388,0.00613592,0.555302,0.387378
10.794,0.0920388,0.00920388,0.499772,0.502039
10.796,0.0951068,0.00920388,0.603193,0.451835
10.798,0.0951068,0.00920388,0.542873,0.406651
10.8,0.0981748,0.0122718,0.641984,0.519384
10.802,0.0981748,0.0122718,0.577786,0.467446
10.804,0.0981748,0.0122718,0.520007,0.420701
10.806,0.0981748,0.0122718,0.468006,0.378631
10.808,0.0981748,0.0153398,0.421206,0.494166
10.81,0.101243,0.0153398,0.532483,0.444749
10.812,0.101243,0.0153398,0.479235,0.400275
10.814,0.101243,0.0122718,0.431311,0.206849
10.816,0.101243,0.0122718,0.38818,0.186164
10.818,0.0981748,0.0122718,0.195964,0.167548
10.82,0.0981748,0.0122718,0.176368,0.150793
10.822,0.0981748,0.0122718,0.158731,0.135714
10.824,0.0981748,0.0122718,0.142858,0.122142
10.826,0.0981748,0.0122718,0.128572,0.109928
10.828,0.0981748,0.00920388,0.115715,-0.0544629
10.83,0.0981748,0.0122718,0.104143,0.104382
10.832,0.0981748,0.0122718,0.0937291,0.0939434
10.834,0.0981748,0.0122718,0.0843561,0.084549
10.836,0.0981748,0.0122718,0.0759205,0.0760941
10.838,0.0981748,0.0122718,0.0683285,0.0684847
10.84,0.0981748,0.00920388,0.0614956,-0.0917618
10.842,0.0981748,0.00920388,0.0553461,-0.0825857
10.844,0.0981748,0.00920388,0.0498115,-0.0743271
10.846,0.0951068,0.00920388,-0.108568,-0.0668944
10.848,0.0951068,0.00613592,-0.097711,-0.213603
10.85,0.0951068,0.00613592,-0.0879399,-0.192243
10.852,0.0951068,0.00613592,-0.0791459,-0.173018
10.854,0.0951068,0.00306796,-0.0712313,-0.309115
10.856,0.0920388,0.00306796,-0.217506,-0.278203
10.858,0.0920388,0.00306796,-0.195756,-0.250383
10.86,0.0920388,0.00306796,-0.17618,-0.225345
10.862,0.0920388,0.00306796,-0.158562,-0.20281
10.864,0.0920388,0.00306796,-0.142706,-0.182529
10.866,0.0920388,0.00306796,-0.128435,-0.164276
10.868,0.0920388,0.00306796,-0.115592,-0.147849
10.87,0.0920388,0.00306796,-0.104033,-0.133064
10.872,0.0920388,0.00306796,-0.0936293,-0.119757
10.874,0.0920388,0.00306796,-0.0842664,-0.107782
10.876,0.0920388,0.00306796,-0.0758397,-0.0970035
10.878,0.0951068,0.00306796,0.0851423,-0.0873031
10.88,0.0920388,0.00613592,-0.07677,0.0748253
10.882,0.0951068,0.00613592,0.0843051,0.0673427
10.884,0.0951068,0.00613592,0.0758746,0.0606085
10.886,0.0951068,0.00613592,0.0682871,0.0545476
10.888,0.0951068,0.00613592,0.0614584,0.0490929
10.89,0.0951068,0.00920388,0.0553126,0.197582
10.892,0.0981748,0.00920388,0.203179,0.177823
10.894,0.0981748,0.00920388,0.182861,0.160041
10.896,0.0981748,0.0122718,0.164575,0.297435
10.898,0.101243,0.0122718,0.301516,0.267692
10.9,0.101243,0.0153398,0.271364,0.394321
10.902,0.101243,0.0153398,0.244228,0.354888
10.904,0.104311,0.0184078,0.373203,0.472798
10.906,0.104311,0.0184078,0.335883,0.425518
10.908,0.104311,0.0184078,0.302295,0.382966
10.91,0.104311,0.0184078,0.272065,0.34467
10.912,0.104311,0.0214757,0.244859,0.463601
10.914,0.104311,0.0214757,0.220373,0.417241
10.916,0.104311,0.0214757,0.198335,0.375517
10.918,0.104311,0.0184078,0.178502,0.184567
10.92,0.104311,0.0184078,0.160652,0.16611
10.922,0.101243,0.0184078,-0.00881154,0.149499
10.924,0.101243,0.0184078,-0.00793038,0.134549
10.926,0.101243,0.0184078,-0.00713735,0.121094
10.928,0.101243,0.0153398,-0.00642361,-0.0444132
10.93,0.101243,0.0153398,-0.00578125,-0.0399719
10.932,0.0981748,0.0153398,-0.158601,-0.0359747
10.934,0.0981748,0.0153398,-0.142741,-0.0323772
10.936,0.0951068,0.0122718,-0.281865,-0.182538
10.938,0.0951068,0.0122718,-0.253679,-0.164284
10.94,0.0951068,0.0122718,-0.228311,-0.147855
10.942,0.0920388,0.00920388,-0.358878,-0.286468
10.944,0.0920388,0.00920388,-0.32299,-0.257821
10.946,0.0920388,0.00920388,-0.290691,-0.232039
10.948,0.0889709,0.00613592,-0.41502,-0.362233
10.95,0.0889709,0.00613592,-0.373518,-0.32601
10.952,0.0889709,0.00613592,-0.336166,-0.293409
10.954,0.0889709,0.00613592,-0.30255,-0.264068
10.956,0.0859029,0.00613592,-0.425693,-0.237661
10.958,0.0859029,0.00613592,-0.383123,-0.213895
10.96,0.0859029,0.00613592,-0.344811,-0.192506
10.962,0.0859029,0.00306796,-0.31033,-0.326653
10.964,0.082835,0.00306796,-0.432695,-0.293988
10.966,0.082835,0,-0.389426,-0.417987
10.968,0.079767,0,-0.503881,-0.376188
10.97,0.079767,0,-0.453493,-0.33857
10.972,0.076699,0,-0.561542,-0.304713
10.974,0.076699,0,-0.505388,-0.274241
10.976,0.076699,-0.00306796,-0.454849,-0.400215
10.978,0.0736311,-0.00306796,-0.562762,-0.360194
10.98,0.0736311,-0.00306796,-0.506486,-0.324174
10.982,0.0705631,-0.00613592,-0.609235,-0.445155
10.984,0.0705631,-0.00613592,-0.548312,-0.40064
10.986,0.0674952,-0.00920388,-0.646879,-0.513974
10.988,0.0674952,-0.00920388,-0.582191,-0.462576
10.99,0.0644272,-0.00920388,-0.67737,-0.416319
10.992,0.0644272,-0.00920388,-0.609633,-0.374687
10.994,0.0644272,-0.0122718,-0.54867,-0.490616
10.996,0.0613592,-0.0122718,-0.647201,-0.441555
10.998,0.0613592,-0.0122718,-0.582481,-0.397399
11,0.0582913,-0.0153398,-0.677631,-0.511057
11.002,0.0582913,-0.0153398,-0.609868,-0.459952
11.004,0.0582913,-0.0153398,-0.548881,-0.413956
11.006,0.0552233,-0.0153398,-0.647391,-0.372561
11.008,0.0552233,-0.0184078,-0.582652,-0.488703
11.01,0.0552233,-0.0184078,-0.524387,-0.439832
11.012,0.0552233,-0.0184078,-0.471948,-0.395849
11.014,0.0552233,-0.0184078,-0.424753,-0.356264
11.016,0.0552233,-0.0184078,-0.382278,-0.320638
11.018,0.0552233,-0.0184078,-0.34405,-0.288574
11.02,0.0552233,-0.0184078,-0.309645,-0.259717
11.022,0.0552233,-0.0153398,-0.278681,-0.0803469
11.024,0.0552233,-0.0153398,-0.250812,-0.0723122
11.026,0.0552233,-0.0153398,-0.225731,-0.065081
11.028,0.0552233,-0.0153398,-0.203158,-0.0585729
11.03,0.0552233,-0.0153398,-0.182842,-0.0527156
11.032,0.0552233,-0.0153398,-0.164558,-0.0474441
11.034,0.0552233,-0.0122718,-0.148102,0.110698
11.036,0.0552233,-0.0122718,-0.133292,0.0996286
11.038,0.0552233,-0.0122718,-0.119963,0.0896657
11.04,0.0552233,-0.0122718,-0.107967,0.0806992
11.042,0.0582913,-0.0122718,0.0562282,0.0726292
11.044,0.0552233,-0.0122718,-0.102793,0.0653663
11.046,0.0552233,-0.0122718,-0.0925134,0.0588297
11.048,0.0552233,-0.00920388,-0.0832621,0.206345
11.05,0.0552233,-0.00920388,-0.0749359,0.18571
11.052,0.0552233,-0.00920388,-0.0674423,0.167139
11.054,0.0552233,-0.00920388,-0.0606981,0.150425
11.056,0.0552233,-0.0122718,-0.0546283,-0.0180153
11.058,0.0552233,-0.0122718,-0.0491654,-0.0162137
11.06,0.0552233,-0.0122718,-0.0442489,-0.0145924
11.062,0.0552233,-0.00920388,-0.039824,0.140265
11.064,0.0552233,-0.00920388,-0.0358416,0.126238
11.066,0.0552233,-0.00920388,-0.0322574,0.113615
11.068,0.0552233,-0.00920388,-0.0290317,0.102253
11.07,0.0552233,-0.00920388,-0.0261285,0.0920278
11.072,0.0552233,-0.00920388,-0.0235157,0.0828251
11.074,0.0582913,-0.00613592,0.132234,0.227941
11.076,0.0582913,-0.00613592,0.119011,0.205147
11.078,0.0613592,-0.00306796,0.260508,0.33803
11.08,0.0613592,-0.00306796,0.234457,0.304227
11.082,0.0613592,0,0.211011,0.427202
11.084,0.0644272,0,0.343308,0.384482
11.086,0.0644272,0,0.308977,0.346034
11.088,0.0644272,0.00306796,0.27808,0.464829
11.09,0.0674952,0.00306796,0.40367,0.418346
11.092,0.0674952,0.00613592,0.363303,0.529909
11.094,0.0674952,0.00613592,0.326972,0.476918
11.096,0.0705631,0.00613592,0.447673,0.429226
11.098,0.0705631,0.00920388,0.402906,0.539702
11.1,0.0705631,0.00920388,0.362615,0.485732
11.102,0.0705631,0.0122718,0.326354,0.590557
11.104,0.0736311,0.0122718,0.447117,0.531501
11.106,0.0736311,0.0122718,0.402405,0.478351
11.108,0.0736311,0.0122718,0.362164,0.430516
11.11,0.0736311,0.0153398,0.325948,0.540862
11.112,0.0736311,0.0153398,0.293353,0.486776
11.114,0.076699,0.0153398,0.417416,0.438098
11.116,0.076699,0.0184078,0.375674,0.547687
11.118,0.076699,0.0184078,0.338107,0.492918
11.12,0.076699,0.0184078,0.304296,0.443626
11.122,0.076699,0.0184078,0.273867,0.399264
11.124,0.076699,0.0184078,0.24648,0.359337
11.126,0.076699,0.0214757,0.221832,0.476802
11.128,0.076699,0.0214757,0.199649,0.429121
11.13,0.076699,0.0214757,0.179684,0.386209
11.132,0.076699,0.0214757,0.161715,0.347588
11.134,0.076699,0.0245437,0.145544,0.466228
11.136,0.079767,0.0245437,0.284388,0.419605
11.138,0.076699,0.0245437,0.102551,0.377644
11.14,0.076699,0.0245437,0.0922957,0.33988
11.142,0.076699,0.0245437,0.0830661,0.305892
11.144,0.076699,0.0245437,0.0747595,0.275303
11.146,0.076699,0.0245437,0.0672836,0.247772
11.148,0.0736311,0.0245437,-0.0928429,0.222995
11.15,0.0736311,0.0214757,-0.0835586,0.0472976
11.152,0.0736311,0.0214757,-0.0752027,0.0425679
11.154,0.0705631,0.0214757,-0.221081,0.0383111
11.156,0.0705631,0.0184078,-0.198972,-0.118918
11.158,0.0705631,0.0184078,-0.179075,-0.107026
11.16,0.0674952,0.0184078,-0.314566,-0.0963237
11.162,0.0674952,0.0184078,-0.283109,-0.0866913
11.164,0.0674952,0.0184078,-0.254798,-0.0780222
11.166,0.0674952,0.0184078,-0.229318,-0.07022
11.168,0.0674952,0.0184078,-0.206387,-0.063198
11.17,0.0674952,0.0184078,-0.185748,-0.0568782
11.172,0.0674952,0.0184078,-0.167173,-0.0511903
11.174,0.0674952,0.0214757,-0.150456,0.107327
11.176,0.0674952,0.0214757,-0.13541,0.0965941
11.178,0.0674952,0.0245437,-0.121869,0.240333
11.18,0.0674952,0.0245437,-0.109682,0.216299
11.182,0.0674952,0.0245437,-0.0987141,0.19467
11.184,0.0674952,0.0276117,-0.0888427,0.328601
11.186,0.0674952,0.0276117,-0.0799584,0.295741
11.188,0.0674952,0.0276117,-0.0719626,0.266167
11.19,0.0674952,0.0276117,-0.0647663,0.23955
11.192,0.0674952,0.0276117,-0.0582897,0.215595
11.194,0.0644272,0.0276117,-0.205859,0.194035
11.196,0.0644272,0.0276117,-0.185273,0.174632
11.198,0.0644272,0.0245437,-0.166746,0.0037706
11.2,0.0613592,0.0245437,-0.303469,0.00339354
11.202,0.0613592,0.0245437,-0.273122,0.00305418
11.204,0.0613592,0.0245437,-0.24581,0.00274877
11.206,0.0613592,0.0245437,-0.221229,0.00247389
11.208,0.0613592,0.0276117,-0.199106,0.155625
11.21,0.0582913,0.0276117,-0.332594,0.140062
11.212,0.0582913,0.0276117,-0.299334,0.126056
11.214,0.0552233,0.0276117,-0.422799,0.11345
11.216,0.0552233,0.0276117,-0.380519,0.102105
11.218,0.0521553,0.0245437,-0.495865,-0.0615033
11.22,0.0521553,0.0245437,-0.446279,-0.055353
11.222,0.0521553,0.0245437,-0.401651,-0.0498177
11.224,0.0490874,0.0245437,-0.514884,-0.0448359
11.226,0.0490874,0.0214757,-0.463395,-0.19375
11.228,0.0460194,0.0214757,-0.570454,-0.174375
11.23,0.0460194,0.0214757,-0.513409,-0.156938
11.232,0.0429515,0.0214757,-0.615466,-0.141244
11.234,0.0429515,0.0214757,-0.553919,-0.12712
11.236,0.0398835,0.0214757,-0.651925,-0.114408
11.238,0.0368155,0.0184078,-0.740131,-0.256365
11.24,0.0368155,0.0184078,-0.666118,-0.230728
11.242,0.0337476,0.0153398,-0.752904,-0.361054
11.244,0.0306796,0.0122718,-0.831012,-0.478346
11.246,0.0276117,0.0122718,-0.901309,-0.430512
11.248,0.0245437,0.00920388,-0.964576,-0.540859
11.25,0.0214757,0.00613592,-1.02152,-0.640171
11.252,0.0184078,0.00613592,-1.07276,-0.576154
11.254,0.0153398,0.00306796,-1.11888,-0.671937
11.256,0.0122718,0,-1.16039,-0.758141
11.258,0.00920388,0,-1.19775,-0.682327
11.26,0.00613592,-0.00306796,-1.23138,-0.767492
11.262,0.00306796,-0.00613592,-1.26164,-0.844141
11.264,-0,-0.00920388,-1.28887,-0.913125
11.266,-0.00306796,-0.00920388,-1.31338,-0.821813
11.268,-0.00920388,-0.0122718,-1.48884,-0.893029
11.27,-0.00920388,-0.0153398,-1.33996,-0.957125
11.272,-0.0122718,-0.0184078,-1.35936,-1.01481
11.274,-0.0184078,-0.0184078,-1.53022,-0.913329
11.276,-0.0214757,-0.0214757,-1.53059,-0.975394
11.278,-0.0245437,-0.0245437,-1.53093,-1.03125
11.28,-0.0276117,-0.0276117,-1.53124,-1.08153
11.282,-0.0306796,-0.0306796,-1.53151,-1.12677
11.284,-0.0337476,-0.0306796,-1.53176,-1.01409
11.286,-0.0337476,-0.0337476,-1.37858,-1.06608
11.288,-0.0368155,-0.0337476,-1.39412,-0.959475
11.29,-0.0398835,-0.0368155,-1.40811,-1.01693
11.292,-0.0398835,-0.0368155,-1.2673,-0.915233
11.294,-0.0429515,-0.0368155,-1.29397,-0.823709
11.296,-0.0460194,-0.0368155,-1.31797,-0.741338
11.298,-0.0460194,-0.0398835,-1.18617,-0.820603
11.3,-0.0490874,-0.0398835,-1.22095,-0.738542
11.302,-0.0490874,-0.0398835,-1.09886,-0.664688
11.304,-0.0521553,-0.0398835,-1.14237,-0.598219
11.306,-0.0552233,-0.0429515,-1.18153,-0.691795
11.308,-0.0552233,-0.0429515,-1.06338,-0.622616
11.31,-0.0582913,-0.0460194,-1.11044,-0.713752
11.312,-0.0582913,-0.0460194,-0.999394,-0.642377
11.314,-0.0613592,-0.0460194,-1.05285,-0.578139
11.316,-0.0613592,-0.0490874,-0.947567,-0.673724
11.318,-0.0644272,-0.0490874,-1.00621,-0.606351
11.32,-0.0674952,-0.0490874,-1.05899,-0.545716
11.322,-0.0674952,-0.0521553,-0.953087,-0.644543
11.324,-0.0705631,-0.0521553,-1.01118,-0.580088
11.326,-0.0736311,-0.0521553,-1.06346,-0.522079
11.328,-0.0736311,-0.0552233,-0.957111,-0.62327
11.33,-0.076699,-0.0552233,-1.0148,-0.560943
11.332,-0.076699,-0.0582913,-0.913318,-0.658246
11.334,-0.079767,-0.0582913,-0.975385,-0.592422
11.336,-0.079767,-0.0613592,-0.877846,-0.686578
11.338,-0.082835,-0.0613592,-0.94346,-0.61792
11.34,-0.082835,-0.0613592,-0.849114,-0.556128
11.342,-0.0859029,-0.0613592,-0.9176,-0.500515
11.344,-0.0859029,-0.0644272,-0.82584,-0.603862
11.346,-0.0859029,-0.0644272,-0.743256,-0.543476
11.348,-0.0889709,-0.0644272,-0.822329,-0.489128
11.35,-0.0889709,-0.0674952,-0.740096,-0.593613
11.352,-0.0889709,-0.0674952,-0.666086,-0.534252
11.354,-0.0889709,-0.0674952,-0.599478,-0.480827
11.356,-0.0889709,-0.0674952,-0.53953,-0.432744
11.358,-0.0889709,-0.0644272,-0.485577,-0.236072
11.36,-0.0889709,-0.0644272,-0.437019,-0.212464
11.362,-0.0920388,-0.0644272,-0.546715,-0.191218
11.364,-0.0889709,-0.0674952,-0.338646,-0.325494
11.366,-0.0889709,-0.0674952,-0.304781,-0.292945
11.368,-0.0920388,-0.0674952,-0.427701,-0.26365
11.37,-0.0920388,-0.0674952,-0.384931,-0.237285
11.372,-0.0889709,-0.0674952,-0.19304,-0.213557
11.374,-0.0889709,-0.0644272,-0.173736,-0.038803
11.376,-0.0889709,-0.0644272,-0.156362,-0.0349227
11.378,-0.0889709,-0.0644272,-0.140726,-0.0314305
11.38,-0.0889709,-0.0644272,-0.126653,-0.0282874
11.382,-0.0859029,-0.0644272,0.03941,-0.0254587
11.384,-0.0859029,-0.0613592,0.035469,0.130485
11.386,-0.0859029,-0.0613592,0.0319221,0.117437
11.388,-0.0859029,-0.0613592,0.0287299,0.105693
11.39,-0.082835,-0.0582913,0.179255,0.248522
11.392,-0.082835,-0.0582913,0.161329,0.22367
11.394,-0.082835,-0.0582913,0.145197,0.201303
11.396,-0.082835,-0.0582913,0.130677,0.181172
11.398,-0.079767,-0.0582913,0.271007,0.163055
11.4,-0.082835,-0.0582913,0.0905085,0.14675
11.402,-0.079767,-0.0582913,0.234856,0.132075
11.404,-0.079767,-0.0582913,0.21137,0.118867
11.406,-0.079767,-0.0582913,0.190233,0.106981
11.408,-0.076699,-0.0582913,0.324608,0.0962825
11.41,-0.076699,-0.0582913,0.292147,0.0866542
11.412,-0.0736311,-0.0552233,0.41633,0.231387
11.414,-0.0705631,-0.0552233,0.528095,0.208248
11.416,-0.0705631,-0.0521553,0.475286,0.340821
11.418,-0.0674952,-0.0490874,0.581155,0.460137
11.42,-0.0613592,-0.0460194,0.829836,0.567522
11.422,-0.0582913,-0.0429515,0.900251,0.664168
11.424,-0.0552233,-0.0398835,0.963624,0.751149
11.426,-0.0521553,-0.0368155,1.02066,0.829432
11.428,-0.0490874,-0.0337476,1.07199,0.899887
11.43,-0.0460194,-0.0306796,1.11819,0.963296
11.432,-0.0429515,-0.0276117,1.15977,1.02036
11.434,-0.0368155,-0.0245437,1.35059,1.07173
11.436,-0.0337476,-0.0214757,1.36893,1.11795
11.438,-0.0306796,-0.0184078,1.38543,1.15955
11.44,-0.0276117,-0.0153398,1.40029,1.197
11.442,-0.0245437,-0.0122718,1.41366,1.2307
11.444,-0.0214757,-0.00920388,1.42569,1.26102
11.446,-0.0153398,-0.00613592,1.58992,1.28832
11.448,-0.0122718,-0.00306796,1.58432,1.31289
11.45,-0.00920388,0,1.57929,1.335
11.452,-0.00613592,0.00306796,1.57476,1.35489
11.454,-0.00306796,0.00306796,1.57068,1.2194
11.456,-0.00306796,0.00613592,1.41361,1.25086
11.458,-0,0.00613592,1.42565,1.12578
11.46,-0,0.00920388,1.28308,1.1666
11.462,0.00306796,0.00920388,1.30817,1.04994
11.464,0.00306796,0.00920388,1.17736,0.944943
11.466,0.00306796,0.00920388,1.05962,0.850449
11.468,0.00306796,0.00613592,0.953659,0.612006
11.47,0.00306796,0.00613592,0.858293,0.550805
11.472,0.00306796,0.00613592,0.772464,0.495725
11.474,0.00306796,0.00306796,0.695217,0.292754
11.476,0.00306796,0.00306796,0.625696,0.263479
11.478,0.00306796,0.00306796,0.563126,0.237131
11.48,0.00306796,0,0.506813,0.0600197
11.482,0.00613592,0,0.60953,0.0540178
11.484,0.00613592,0,0.548577,0.048616
11.486,0.00613592,0,0.493719,0.0437544
11.488,0.00920388,0.00306796,0.597746,0.192777
11.49,0.00920388,0.00306796,0.537971,0.173499
11.492,0.0122718,0.00306796,0.637572,0.156149
11.494,0.0122718,0.00306796,0.573815,0.140534
11.496,0.0153398,0.00306796,0.669831,0.126481
11.498,0.0153398,0.00613592,0.602848,0.267231
11.5,0.0153398,0.00613592,0.542563,0.240508
11.502,0.0184078,0.00613592,0.641705,0.216457
11.504,0.0214757,0.00920388,0.730933,0.348209
11.506,0.0214757,0.00920388,0.657839,0.313389
11.508,0.0245437,0.00920388,0.745454,0.28205
11.51,0.0245437,0.00920388,0.670908,0.253845
11.512,0.0245437,0.0122718,0.603817,0.381858
11.514,0.0276117,0.0122718,0.696834,0.343672
11.516,0.0276117,0.0122718,0.62715,0.309305
11.518,0.0306796,0.0122718,0.717833,0.278375
11.52,0.0306796,0.0122718,0.64605,0.250537
11.522,0.0306796,0.0153398,0.581445,0.378882
11.524,0.0337476,0.0153398,0.676699,0.340993
11.526,0.0337476,0.0153398,0.609029,0.306894
11.528,0.0368155,0.0184078,0.701524,0.429603
11.53,0.0368155,0.0184078,0.631372,0.386642
11.532,0.0398835,0.0184078,0.721632,0.347978
11.534,0.0398835,0.0214757,0.649469,0.466578
11.536,0.0398835,0.0214757,0.584522,0.419921
11.538,0.0429515,0.0214757,0.679468,0.377929
11.54,0.0429515,0.0214757,0.611521,0.340136
11.542,0.0460194,0.0214757,0.703767,0.306122
11.544,0.0460194,0.0245437,0.633391,0.428908
11.546,0.0490874,0.0245437,0.72345,0.386017
11.548,0.0490874,0.0245437,0.651105,0.347415
11.55,0.0521553,0.0276117,0.739392,0.466072
11.552,0.0521553,0.0276117,0.665453,0.419465
11.554,0.0521553,0.0276117,0.598908,0.377518
11.556,0.0552233,0.0276117,0.692415,0.339767
11.558,0.0552233,0.0276117,0.623174,0.30579
11.56,0.0552233,0.0276117,0.560856,0.275211
11.562,0.0582913,0.0276117,0.658169,0.24769
11.564,0.0582913,0.0276117,0.592352,0.222921
11.566,0.0582913,0.0306796,0.533117,0.354027
11.568,0.0613592,0.0306796,0.633203,0.318624
11.57,0.0613592,0.0306796,0.569883,0.286762
11.572,0.0644272,0.0337476,0.666293,0.411484
11.574,0.0644272,0.0337476,0.599663,0.370335
11.576,0.0674952,0.0368155,0.693095,0.4867
11.578,0.0674952,0.0368155,0.623786,0.43803
11.58,0.0674952,0.0368155,0.561407,0.394227
11.582,0.0674952,0.0368155,0.505266,0.354804
11.584,0.0705631,0.0368155,0.608138,0.319324
11.586,0.0705631,0.0398835,0.547324,0.440789
11.588,0.0705631,0.0398835,0.492592,0.396711
11.59,0.0705631,0.0398835,0.443332,0.357039
11.592,0.0736311,0.0398835,0.552397,0.321336
11.594,0.0736311,0.0398835,0.497158,0.289202
11.596,0.0736311,0.0429515,0.447442,0.41368
11.598,0.0736311,0.0429515,0.402698,0.372312
11.6,0.0736311,0.0429515,0.362428,0.335081
11.602,0.076699,0.0460194,0.479583,0.454971
11.604,0.076699,0.0460194,0.431625,0.409474
11.606,0.076699,0.0460194,0.388462,0.368526
11.608,0.076699,0.0460194,0.349616,0.331674
11.61,0.076699,0.0460194,0.314654,0.298506
11.612,0.076699,0.0460194,0.283189,0.268656
11.614,0.0736311,0.0460194,0.101472,0.24179
11.616,0.0736311,0.0429515,0.0913249,0.064213
11.618,0.0705631,0.0398835,-0.0712057,-0.0956064
11.62,0.0674952,0.0398835,-0.217483,-0.0860458
11.622,0.0674952,0.0368155,-0.195735,-0.230839
11.624,0.0644272,0.0337476,-0.329559,-0.361153
11.626,0.0613592,0.0306796,-0.450002,-0.478436
11.628,0.0582913,0.0276117,-0.5584,-0.583991
11.63,0.0552233,0.0245437,-0.655958,-0.67899
11.632,0.0521553,0.0214757,-0.74376,-0.764489
11.634,0.0490874,0.0184078,-0.822782,-0.841438
11.636,0.0490874,0.0153398,-0.740504,-0.910692
11.638,0.0460194,0.0122718,-0.819852,-0.973021
11.64,0.0398835,0.0122718,-1.04466,-0.875719
11.642,0.0398835,0.00920388,-0.940196,-0.941545
11.644,0.0368155,0.00613592,-0.999575,-1.00079
11.646,0.0337476,0.00306796,-1.05302,-1.05411
11.648,0.0306796,0,-1.10111,-1.1021
11.65,0.0276117,-0.00306796,-1.1444,-1.14528
11.652,0.0276117,-0.00306796,-1.02996,-1.03076
11.654,0.0245437,-0.00613592,-1.08036,-1.08108
11.656,0.0214757,-0.00613592,-1.12572,-0.97297
11.658,0.0214757,-0.00920388,-1.01315,-1.02907
11.66,0.0184078,-0.00920388,-1.06523,-0.926164
11.662,0.0184078,-0.0122718,-0.95871,-0.986946
11.664,0.0153398,-0.0122718,-1.01624,-0.888251
11.666,0.0153398,-0.0122718,-0.914614,-0.799426
11.668,0.0153398,-0.0122718,-0.823152,-0.719483
11.67,0.0122718,-0.0153398,-0.894235,-0.800933
11.672,0.0122718,-0.0153398,-0.804812,-0.72084
11.674,0.0122718,-0.0153398,-0.72433,-0.648756
11.676,0.00920388,-0.0153398,-0.805296,-0.58388
11.678,0.00920388,-0.0184078,-0.724766,-0.67889
11.68,0.00613592,-0.0184078,-0.805687,-0.611001
11.682,0.00306796,-0.0214757,-0.878517,-0.703299
11.684,0.00306796,-0.0214757,-0.790665,-0.632969
11.686,-0,-0.0245437,-0.864997,-0.72307
11.688,-0,-0.0245437,-0.778497,-0.650763
11.69,-0.00306796,-0.0276117,-0.854045,-0.739085
11.692,-0.00613592,-0.0306796,-0.922039,-0.818575
11.694,-0.00920388,-0.0306796,-0.983233,-0.736717
11.696,-0.00920388,-0.0337476,-0.88491,-0.816444
11.698,-0.0122718,-0.0368155,-0.949817,-0.888197
11.7,-0.0153398,-0.0398835,-1.00823,-0.952776
11.702,-0.0184078,-0.0429515,-1.06081,-1.0109
11.704,-0.0184078,-0.0429515,-0.954727,-0.909807
11.706,-0.0214757,-0.0460194,-1.01265,-0.972224
11.708,-0.0214757,-0.0490874,-0.911387,-1.0284
11.71,-0.0245437,-0.0490874,-0.973647,-0.92556
11.712,-0.0245437,-0.0521553,-0.876282,-0.986402
11.714,-0.0276117,-0.0521553,-0.942052,-0.887762
11.716,-0.0306796,-0.0552233,-1.00124,-0.952384
11.718,-0.0306796,-0.0552233,-0.90112,-0.857145
11.72,-0.0306796,-0.0582913,-0.811008,-0.924829
11.722,-0.0306796,-0.0582913,-0.729907,-0.832346
11.724,-0.0306796,-0.0582913,-0.656917,-0.749111
11.726,-0.0306796,-0.0582913,-0.591225,-0.6742
11.728,-0.0306796,-0.0582913,-0.532103,-0.60678
11.73,-0.0306796,-0.0582913,-0.478892,-0.546102
11.732,-0.0306796,-0.0552233,-0.431003,-0.338094
11.734,-0.0276117,-0.0552233,-0.234505,-0.304284
11.736,-0.0276117,-0.0552233,-0.211054,-0.273856
11.738,-0.0276117,-0.0552233,-0.189949,-0.24647
11.74,-0.0276117,-0.0521553,-0.170954,-0.0684253
11.742,-0.0245437,-0.0521553,-0.00046043,-0.0615828
11.744,-0.0245437,-0.0521553,-0.000414387,-0.0554245
11.746,-0.0245437,-0.0521553,-0.000372948,-0.049882
11.748,-0.0245437,-0.0521553,-0.000335653,-0.0448938
11.75,-0.0245437,-0.0521553,-0.000302088,-0.0404044
11.752,-0.0214757,-0.0521553,0.153126,-0.036364
11.754,-0.0214757,-0.0490874,0.137814,0.12067
11.756,-0.0214757,-0.0490874,0.124032,0.108603
11.758,-0.0184078,-0.0490874,0.265027,0.0977431
11.76,-0.0184078,-0.0460194,0.238524,0.241367
11.762,-0.0153398,-0.0460194,0.36807,0.21723
11.764,-0.0153398,-0.0460194,0.331263,0.195507
11.766,-0.0122718,-0.0460194,0.451535,0.175956
11.768,-0.0122718,-0.0460194,0.406381,0.158361
11.77,-0.00920388,-0.0429515,0.519141,0.295923
11.772,-0.00920388,-0.0429515,0.467227,0.266331
11.774,-0.00613592,-0.0398835,0.573902,0.393096
11.776,-0.00613592,-0.0398835,0.516512,0.353786
11.778,-0.00306796,-0.0398835,0.618259,0.318407
11.78,-0,-0.0368155,0.709831,0.439965
11.782,-0,-0.0368155,0.638848,0.395968
11.784,0.00306796,-0.0368155,0.728361,0.356371
11.786,0.00613592,-0.0337476,0.808923,0.474132
11.788,0.00920388,-0.0306796,0.881429,0.580117
11.79,0.0122718,-0.0276117,0.946684,0.675504
11.792,0.0184078,-0.0245437,1.15881,0.761351
11.794,0.0214757,-0.0214757,1.19633,0.838614
11.796,0.0245437,-0.0184078,1.23009,0.908151
11.798,0.0276117,-0.0153398,1.26048,0.970734
11.8,0.0306796,-0.0122718,1.28783,1.02706
11.802,0.0368155,-0.00920388,1.46585,1.07775
11.804,0.0398835,-0.00613592,1.47266,1.12337
11.806,0.0429515,-0.00306796,1.47879,1.16443
11.808,0.0460194,0,1.48431,1.20139
11.81,0.0490874,0.00306796,1.48928,1.23465
11.812,0.0490874,0.00306796,1.34035,1.11118
11.814,0.0521553,0.00613592,1.35971,1.15346
11.816,0.0552233,0.00613592,1.37714,1.03812
11.818,0.0552233,0.00920388,1.23943,1.0877
11.82,0.0582913,0.00920388,1.26888,0.978933
11.822,0.0613592,0.0122718,1.29539,1.03444
11.824,0.0644272,0.0122718,1.31925,0.930994
11.826,0.0644272,0.0122718,1.18732,0.837895
11.828,0.0674952,0.0153398,1.22199,0.907503
11.83,0.0674952,0.0153398,1.09979,0.816753
11.832,0.0705631,0.0184078,1.14321,0.888476
11.834,0.0705631,0.0184078,1.02889,0.799628
11.836,0.0736311,0.0184078,1.0794,0.719665
11.838,0.0736311,0.0184078,0.971459,0.647699
11.84,0.076699,0.0214757,1.02771,0.736327
11.842,0.076699,0.0214757,0.92494,0.662694
11.844,0.079767,0.0214757,0.985844,0.596425
11.846,0.079767,0.0214757,0.88726,0.536782
11.848,0.082835,0.0214757,0.951932,0.483104
11.85,0.082835,0.0214757,0.856738,0.434794
11.852,0.0859029,0.0245437,0.924463,0.544712
11.854,0.0889709,0.0245437,0.985415,0.490241
11.856,0.0889709,0.0276117,0.886873,0.594615
11.858,0.0920388,0.0276117,0.951584,0.535154
11.86,0.0920388,0.0306796,0.856425,0.635036
11.862,0.0951068,0.0306796,0.924181,0.571533
11.864,0.0981748,0.0306796,0.985161,0.514379
11.866,0.101243,0.0337476,1.04004,0.61634
11.868,0.101243,0.0368155,0.936039,0.708104
11.87,0.104311,0.0368155,0.995833,0.637293
11.872,0.107379,0.0398835,1.04965,0.726962
11.874,0.107379,0.0429515,0.944683,0.807664
11.876,0.110447,0.0429515,1.00361,0.726898
11.878,0.110447,0.0460194,0.903251,0.807606
11.88,0.113515,0.0460194,0.966324,0.726845
11.882,0.113515,0.0460194,0.869692,0.654161
11.884,0.113515,0.0460194,0.782723,0.588745
11.886,0.116583,0.0490874,0.857849,0.683268
11.888,0.116583,0.0490874,0.772064,0.614941
11.89,0.116583,0.0490874,0.694857,0.553447
11.892,0.116583,0.0490874,0.625372,0.498103
11.894,0.116583,0.0490874,0.562834,0.448292
11.896,0.116583,0.0490874,0.506551,0.403463
11.898,0.119651,0.0490874,0.609294,0.363117
11.9,0.119651,0.0490874,0.548365,0.326805
11.902,0.119651,0.0490874,0.493528,0.294125
11.904,0.119651,0.0490874,0.444175,0.264712
11.906,0.119651,0.0490874,0.399758,0.238241
11.908,0.119651,0.0490874,0.359782,0.214417
11.91,0.119651,0.0521553,0.323804,0.346373
11.912,0.119651,0.0521553,0.291423,0.311736
11.914,0.122718,0.0521553,0.415679,0.280562
11.916,0.119651,0.0521553,0.220713,0.252506
11.918,0.119651,0.0521553,0.198642,0.227255
11.92,0.119651,0.0490874,0.178778,0.0511318
11.922,0.116583,0.0490874,0.00750181,0.0460187
11.924,0.116583,0.0460194,0.00675163,-0.111981
11.926,0.116583,0.0460194,0.00607647,-0.100783
11.928,0.113515,0.0429515,-0.147929,-0.244103
11.93,0.113515,0.0429515,-0.133136,-0.219693
11.932,0.110447,0.0398835,-0.273221,-0.351121
11.934,0.110447,0.0398835,-0.245899,-0.316009
11.936,0.104311,0.0368155,-0.528105,-0.437806
11.938,0.104311,0.0337476,-0.475294,-0.547424
11.94,0.101243,0.0306796,-0.581163,-0.64608
11.942,0.0981748,0.0276117,-0.676445,-0.73487
11.944,0.0951068,0.0245437,-0.762198,-0.814781
11.946,0.0920388,0.0214757,-0.839377,-0.886701
11.948,0.0889709,0.0184078,-0.908837,-0.951429
11.95,0.0859029,0.0184078,-0.971351,-0.856286
11.952,0.082835,0.0153398,-1.02761,-0.924055
11.954,0.082835,0.0122718,-0.924853,-0.985048
11.956,0.079767,0.0122718,-0.985766,-0.886543
11.958,0.076699,0.0122718,-1.04059,-0.797889
11.96,0.076699,0.00920388,-0.936529,-0.871498
11.962,0.0736311,0.00920388,-0.996274,-0.784348
11.964,0.0705631,0.00613592,-1.05004,-0.859311
11.966,0.0674952,0.00306796,-1.09844,-0.926778
11.968,0.0674952,0.00306796,-0.988594,-0.834101
11.97,0.0644272,0,-1.04313,-0.904089
11.972,0.0613592,-0.00306796,-1.09222,-0.967078
11.974,0.0613592,-0.00306796,-0.982996,-0.87037
11.976,0.0582913,-0.00613592,-1.03809,-0.936731
11.978,0.0552233,-0.00613592,-1.08768,-0.843058
11.98,0.0552233,-0.00920388,-0.978915,-0.91215
11.982,0.0521553,-0.00920388,-1.03442,-0.820935
11.984,0.0521553,-0.0122718,-0.930979,-0.89224
11.986,0.0521553,-0.0122718,-0.837881,-0.803016
11.988,0.0490874,-0.0122718,-0.907491,-0.722714
11.99,0.0490874,-0.0122718,-0.816742,-0.650443
11.992,0.0490874,-0.0122718,-0.735068,-0.585399
11.994,0.0490874,-0.0122718,-0.661561,-0.526859
11.996,0.0490874,-0.0122718,-0.595405,-0.474173
11.998,0.0490874,-0.0122718,-0.535865,-0.426756
12,0.0490874,-0.0122718,-0.482278,-0.38408
12.002,0.0490874,-0.0122718,-0.43405,-0.345672
12.004,0.0490874,-0.0122718,-0.390645,-0.311105
12.006,0.0490874,-0.00920388,-0.351581,-0.126596
12.008,0.0490874,-0.00920388,-0.316423,-0.113937
12.01,0.0490874,-0.00920388,-0.28478,-0.102543
12.012,0.0460194,-0.00920388,-0.4097,-0.0922886
12.014,0.0460194,-0.00920388,-0.36873,-0.0830598
12.016,0.0460194,-0.00920388,-0.331857,-0.0747538
12.018,0.0460194,-0.00920388,-0.298672,-0.0672784
12.02,0.0460194,-0.00920388,-0.268804,-0.0605506
12.022,0.0460194,-0.00920388,-0.241924,-0.0544955
12.024,0.0429515,-0.00920388,-0.37113,-0.049046
12.026,0.0429515,-0.00920388,-0.334017,-0.0441414
12.028,0.0429515,-0.00920388,-0.300615,-0.0397272
12.03,0.0398835,-0.0122718,-0.423952,-0.189153
12.032,0.0398835,-0.0122718,-0.381556,-0.170237
12.034,0.0368155,-0.0122718,-0.496799,-0.153214
12.036,0.0368155,-0.0122718,-0.447119,-0.137892
12.038,0.0337476,-0.0153398,-0.555805,-0.277501
12.04,0.0337476,-0.0153398,-0.500225,-0.249751
12.042,0.0306796,-0.0184078,-0.6036,-0.378174
12.044,0.0276117,-0.0214757,-0.696638,-0.493755
12.046,0.0245437,-0.0245437,-0.780373,-0.597777
12.048,0.0214757,-0.0276117,-0.855733,-0.691398
12.05,0.0184078,-0.0306796,-0.923558,-0.775656
12.052,0.0153398,-0.0337476,-0.9846,-0.851488
12.054,0.0122718,-0.0368155,-1.03954,-0.919738
12.056,0.00920388,-0.0398835,-1.08898,-0.981162
12.058,0.00613592,-0.0429515,-1.13348,-1.03644
12.06,0.00306796,-0.0460194,-1.17353,-1.0862
12.062,0.00306796,-0.0460194,-1.05618,-0.977578
12.064,-0,-0.0490874,-1.10396,-1.03322
12.066,-0.00306796,-0.0521553,-1.14696,-1.08329
12.068,-0.00306796,-0.0521553,-1.03227,-0.974965
12.07,-0.00613592,-0.0552233,-1.08244,-1.03087
12.072,-0.00613592,-0.0582913,-0.974193,-1.08118
12.074,-0.00920388,-0.0582913,-1.03017,-0.97306
12.076,-0.00920388,-0.0582913,-0.927155,-0.875754
12.078,-0.00920388,-0.0582913,-0.834439,-0.788179
12.08,-0.00920388,-0.0582913,-0.750995,-0.709361
12.082,-0.00920388,-0.0582913,-0.675896,-0.638425
12.084,-0.00920388,-0.0582913,-0.608306,-0.574582
12.086,-0.00920388,-0.0582913,-0.547476,-0.517124
12.088,-0.00920388,-0.0582913,-0.492728,-0.465412
12.09,-0.00613592,-0.0552233,-0.290057,-0.265472
12.092,-0.00613592,-0.0552233,-0.261051,-0.238925
12.094,-0.00613592,-0.0552233,-0.234946,-0.215033
12.096,-0.00613592,-0.0552233,-0.211452,-0.193529
12.098,-0.00613592,-0.0552233,-0.190306,-0.174176
12.1,-0.00613592,-0.0552233,-0.171276,-0.156759
12.102,-0.00613592,-0.0552233,-0.154148,-0.141083
12.104,-0.00613592,-0.0552233,-0.138733,-0.126975
12.106,-0.00613592,-0.0552233,-0.12486,-0.114277
12.108,-0.00613592,-0.0552233,-0.112374,-0.102849
12.11,-0.00613592,-0.0552233,-0.101137,-0.0925645
12.112,-0.00306796,-0.0552233,0.0623751,-0.0833081
12.114,-0.00306796,-0.0552233,0.0561376,-0.0749772
12.116,-0.00306796,-0.0552233,0.0505238,-0.0674795
12.118,-0,-0.0552233,0.19887,-0.0607316
12.12,-0,-0.0521553,0.178983,0.0987397
12.122,0.00306796,-0.0521553,0.314482,0.0888657
12.124,0.00613592,-0.0490874,0.436432,0.233377
12.126,0.00920388,-0.0490874,0.546187,0.210039
12.128,0.0122718,-0.0460194,0.644966,0.342434
12.13,0.0153398,-0.0429515,0.733868,0.461588
12.132,0.0184078,-0.0398835,0.813879,0.568828
12.134,0.0214757,-0.0368155,0.885889,0.665343
12.136,0.0245437,-0.0337476,0.950698,0.752207
12.138,0.0276117,-0.0276117,1.00903,0.983782
12.14,0.0337476,-0.0245437,1.21492,1.0388
12.142,0.0368155,-0.0214757,1.24683,1.08832
12.144,0.0398835,-0.0184078,1.27554,1.13289
12.146,0.0460194,-0.0153398,1.45478,1.173
12.148,0.0490874,-0.0122718,1.4627,1.20909
12.15,0.0521553,-0.00920388,1.46983,1.24158
12.152,0.0552233,-0.00613592,1.47625,1.27082
12.154,0.0582913,-0.00306796,1.48202,1.29714
12.156,0.0613592,0,1.48722,1.32082
12.158,0.0644272,0,1.49189,1.18874
12.16,0.0674952,0.00306796,1.4961,1.22326
12.162,0.0705631,0.00613592,1.49989,1.25434
12.164,0.0736311,0.00920388,1.5033,1.2823
12.166,0.076699,0.0153398,1.50637,1.46087
12.168,0.082835,0.0184078,1.66253,1.46818
12.17,0.0859029,0.0214757,1.64967,1.47476
12.172,0.0889709,0.0245437,1.6381,1.48068
12.174,0.0889709,0.0276117,1.47429,1.48601
12.176,0.0920388,0.0276117,1.48026,1.33741
12.178,0.0951068,0.0306796,1.48563,1.35707
12.18,0.0951068,0.0306796,1.33707,1.22136
12.182,0.0951068,0.0306796,1.20336,1.09922
12.184,0.0981748,0.0306796,1.23642,0.989302
12.186,0.0981748,0.0306796,1.11278,0.890371
12.188,0.0981748,0.0276117,1.0015,0.647936
12.19,0.0981748,0.0276117,0.901353,0.583143
12.192,0.0981748,0.0276117,0.811218,0.524828
12.194,0.0981748,0.0276117,0.730096,0.472345
12.196,0.0981748,0.0245437,0.657087,0.271713
12.198,0.0981748,0.0245437,0.591378,0.244542
12.2,0.0981748,0.0245437,0.53224,0.220087
12.202,0.0951068,0.0245437,0.325618,0.198079
12.204,0.0951068,0.0214757,0.293056,0.0248727
12.206,0.0951068,0.0214757,0.263751,0.0223855
12.208,0.0951068,0.0184078,0.237376,-0.133251
12.21,0.0951068,0.0184078,0.213638,-0.119926
12.212,0.0920388,0.0153398,0.0388762,-0.261332
12.214,0.0920388,0.0153398,0.0349885,-0.235198
12.216,0.0920388,0.0153398,0.0314897,-0.211679
12.218,0.0920388,0.0122718,0.0283407,-0.343909
12.22,0.0920388,0.0122718,0.0255067,-0.309518
12.222,0.0920388,0.0122718,0.022956,-0.278566
12.224,0.0920388,0.0122718,0.0206604,-0.250709
12.226,0.0920388,0.0122718,0.0185943,-0.225639
12.228,0.0920388,0.0122718,0.0167349,-0.203075
12.23,0.0951068,0.0153398,0.16846,-0.0293691
12.232,0.0951068,0.0153398,0.151614,-0.0264322
12.234,0.0951068,0.0153398,0.136452,-0.023789
12.236,0.0951068,0.0153398,0.122807,-0.0214101
12.238,0.0981748,0.0153398,0.263924,-0.0192691
12.24,0.0981748,0.0184078,0.237532,0.136056
12.242,0.0981748,0.0184078,0.213779,0.12245
12.244,0.0981748,0.0184078,0.192401,0.110205
12.246,0.0981748,0.0184078,0.173161,0.0991847
12.248,0.0981748,0.0184078,0.155845,0.0892663
12.25,0.0981748,0.0184078,0.14026,0.0803396
12.252,0.0981748,0.0153398,0.126234,-0.0810924
12.254,0.0981748,0.0153398,0.113611,-0.0729832
12.256,0.0981748,0.0153398,0.10225,-0.0656848
12.258,0.0981748,0.0184078,0.0920247,0.0942817
12.26,0.101243,0.0184078,0.23622,0.0848535
12.262,0.101243,0.0184078,0.212598,0.0763682
12.264,0.104311,0.0214757,0.344737,0.222129
12.266,0.107379,0.0245437,0.463661,0.353315
12.268,0.107379,0.0276117,0.417295,0.471381
12.27,0.110447,0.0276117,0.528963,0.424243
12.272,0.113515,0.0306796,0.629465,0.535217
12.274,0.113515,0.0337476,0.566519,0.635093
12.276,0.116583,0.0337476,0.663265,0.571584
12.278,0.119651,0.0368155,0.750336,0.667824
12.28,0.122718,0.0398835,0.828701,0.754439
12.282,0.122718,0.0429515,0.745831,0.832393
12.284,0.125786,0.0429515,0.824646,0.749154
12.286,0.125786,0.0460194,0.742181,0.827637
12.288,0.125786,0.0460194,0.667963,0.744873
12.29,0.128854,0.0490874,0.754565,0.823784
12.292,0.128854,0.0490874,0.679108,0.741405
12.294,0.128854,0.0490874,0.611198,0.667265
12.296,0.128854,0.0490874,0.550078,0.600538
12.298,0.128854,0.0490874,0.49507,0.540485
12.3,0.128854,0.0490874,0.445563,0.486436
12.302,0.128854,0.0490874,0.401007,0.437793
12.304,0.128854,0.0490874,0.360906,0.394013
12.306,0.128854,0.0490874,0.324815,0.354612
12.308,0.125786,0.0490874,0.138936,0.319151
12.31,0.125786,0.0490874,0.125042,0.287236
12.312,0.125786,0.0490874,0.112538,0.258512
12.314,0.125786,0.0490874,0.101284,0.232661
12.316,0.122718,0.0460194,-0.0622423,0.0559967
12.318,0.122718,0.0460194,-0.0560181,0.0503971
12.32,0.122718,0.0460194,-0.0504163,0.0453574
12.322,0.119651,0.0460194,-0.198773,0.0408216
12.324,0.119651,0.0429515,-0.178895,-0.116659
12.326,0.119651,0.0429515,-0.161006,-0.104993
12.328,0.116583,0.0429515,-0.298303,-0.0944935
12.33,0.116583,0.0429515,-0.268473,-0.0850441
12.332,0.116583,0.0429515,-0.241626,-0.0765397
12.334,0.113515,0.0429515,-0.370861,-0.0688858
12.336,0.113515,0.0429515,-0.333775,-0.0619972
12.338,0.113515,0.0398835,-0.300398,-0.209196
12.34,0.110447,0.0398835,-0.423756,-0.188276
12.342,0.110447,0.0398835,-0.38138,-0.169448
12.344,0.110447,0.0398835,-0.343242,-0.152504
12.346,0.107379,0.0398835,-0.462316,-0.137253
12.348,0.107379,0.0368155,-0.416085,-0.276926
12.35,0.107379,0.0368155,-0.374476,-0.249233
12.352,0.104311,0.0368155,-0.490427,-0.22431
12.354,0.104311,0.0368155,-0.441384,-0.201879
12.356,0.101243,0.0368155,-0.550644,-0.181691
12.358,0.101243,0.0368155,-0.495579,-0.163522
12.36,0.0981748,0.0368155,-0.599419,-0.14717
12.362,0.0951068,0.0337476,-0.692876,-0.285851
12.364,0.0951068,0.0337476,-0.623588,-0.257266
12.366,0.0920388,0.0306796,-0.714627,-0.384937
12.368,0.0889709,0.0306796,-0.796563,-0.346444
12.37,0.0859029,0.0276117,-0.870304,-0.465197
12.372,0.082835,0.0245437,-0.936672,-0.572076
12.374,0.079767,0.0245437,-0.996403,-0.514868
12.376,0.076699,0.0214757,-1.05016,-0.616779
12.378,0.0736311,0.0184078,-1.09854,-0.708499
12.38,0.0705631,0.0153398,-1.14209,-0.791048
12.382,0.0674952,0.0153398,-1.18128,-0.711943
12.384,0.0644272,0.0122718,-1.21655,-0.794147
12.386,0.0644272,0.0122718,-1.09489,-0.714732
12.388,0.0613592,0.0122718,-1.1388,-0.643259
12.39,0.0582913,0.0122718,-1.17832,-0.578933
12.392,0.0552233,0.00920388,-1.21388,-0.674438
12.394,0.0552233,0.00920388,-1.0925,-0.606994
12.396,0.0521553,0.00613592,-1.13664,-0.699693
12.398,0.0490874,0.00306796,-1.17638,-0.783121
12.4,0.0460194,0.00306796,-1.21214,-0.704809
12.402,0.0429515,0,-1.24432,-0.787726
12.404,0.0398835,0,-1.27329,-0.708954
12.406,0.0368155,-0.00306796,-1.29936,-0.791456
12.408,0.0337476,-0.00613592,-1.32282,-0.865709
12.41,0.0306796,-0.00920388,-1.34394,-0.932536
12.412,0.0276117,-0.00920388,-1.36294,-0.839282
12.414,0.0245437,-0.0122718,-1.38004,-0.908752
12.416,0.0214757,-0.0153398,-1.39544,-0.971275
12.418,0.0184078,-0.0184078,-1.40929,-1.02755
12.42,0.0153398,-0.0184078,-1.42176,-0.924791
12.422,0.0122718,-0.0214757,-1.43298,-0.98571
12.424,0.00920388,-0.0245437,-1.44308,-1.04054
12.426,0.00613592,-0.0245437,-1.45217,-0.936483
12.428,0.00306796,-0.0276117,-1.46035,-0.996233
12.43,-0,-0.0306796,-1.46772,-1.05001
12.432,-0,-0.0306796,-1.32094,-0.945007
12.434,-0.00306796,-0.0306796,-1.34225,-0.850506
12.436,-0.00613592,-0.0306796,-1.36142,-0.765456
12.438,-0.00920388,-0.0306796,-1.37868,-0.68891
12.44,-0.00920388,-0.0337476,-1.24081,-0.773417
12.442,-0.0122718,-0.0337476,-1.27013,-0.696076
12.444,-0.0122718,-0.0337476,-1.14311,-0.626468
12.446,-0.0153398,-0.0368155,-1.1822,-0.717219
12.448,-0.0184078,-0.0368155,-1.21738,-0.645497
12.45,-0.0214757,-0.0398835,-1.24904,-0.734346
12.452,-0.0214757,-0.0398835,-1.12414,-0.660911
12.454,-0.0245437,-0.0429515,-1.16512,-0.748218
12.456,-0.0276117,-0.0429515,-1.20201,-0.673396
12.458,-0.0276117,-0.0429515,-1.08181,-0.606057
12.46,-0.0306796,-0.0460194,-1.12702,-0.698849
12.462,-0.0306796,-0.0460194,-1.01432,-0.628964
12.464,-0.0337476,-0.0460194,-1.06629,-0.566068
12.466,-0.0337476,-0.0460194,-0.959658,-0.509461
12.468,-0.0337476,-0.0460194,-0.863692,-0.458515
12.47,-0.0368155,-0.0460194,-0.930721,-0.412663
12.472,-0.0368155,-0.0490874,-0.837649,-0.524795
12.474,-0.0398835,-0.0490874,-0.907282,-0.472316
12.476,-0.0398835,-0.0490874,-0.816554,-0.425084
12.478,-0.0398835,-0.0490874,-0.734898,-0.382576
12.48,-0.0429515,-0.0490874,-0.814807,-0.344318
12.482,-0.0429515,-0.0490874,-0.733326,-0.309886
12.484,-0.0429515,-0.0490874,-0.659993,-0.278898
12.486,-0.0429515,-0.0490874,-0.593994,-0.251008
12.488,-0.0429515,-0.0490874,-0.534595,-0.225907
12.49,-0.0429515,-0.0490874,-0.481135,-0.203316
12.492,-0.0429515,-0.0460194,-0.433022,-0.0295867
12.494,-0.0429515,-0.0460194,-0.38972,-0.026628
12.496,-0.0429515,-0.0460194,-0.350748,-0.0239652
12.498,-0.0429515,-0.0460194,-0.315673,-0.0215687
12.5,-0.0398835,-0.0429515,-0.130707,0.133986
12.502,-0.0398835,-0.0429515,-0.117637,0.120588
12.504,-0.0398835,-0.0398835,-0.105873,0.261927
12.506,-0.0368155,-0.0398835,0.0581123,0.235734
12.508,-0.0368155,-0.0368155,0.0523011,0.365559
12.51,-0.0368155,-0.0368155,0.047071,0.329003
12.512,-0.0337476,-0.0337476,0.195762,0.449501
12.514,-0.0337476,-0.0306796,0.176186,0.557949
12.516,-0.0306796,-0.0306796,0.311965,0.502154
12.518,-0.0306796,-0.0276117,0.280769,0.605337
12.52,-0.0276117,-0.0276117,0.40609,0.544803
12.522,-0.0276117,-0.0245437,0.365481,0.643721
12.524,-0.0245437,-0.0214757,0.482331,0.732747
12.526,-0.0245437,-0.0214757,0.434098,0.659472
12.528,-0.0214757,-0.0184078,0.544086,0.746923
12.53,-0.0214757,-0.0153398,0.489678,0.825629
12.532,-0.0184078,-0.0122718,0.594108,0.896464
12.534,-0.0153398,-0.0122718,0.688095,0.806818
12.536,-0.0153398,-0.00920388,0.619286,0.879534
12.538,-0.0122718,-0.00613592,0.710755,0.944979
12.54,-0.0122718,-0.00613592,0.63968,0.850481
12.542,-0.00920388,-0.00306796,0.72911,0.918831
12.544,-0.00920388,-0.00306796,0.656199,0.826948
12.546,-0.00920388,0,0.590579,0.897651
12.548,-0.00613592,0,0.684919,0.807886
12.55,-0.00306796,0,0.769825,0.727097
12.552,-0.00306796,0.00306796,0.692843,0.807786
12.554,-0,0.00613592,0.776957,0.880405
12.556,0.00306796,0.00920388,0.852659,0.945763
12.558,0.00306796,0.0122718,0.767393,1.00458
12.56,0.00613592,0.0153398,0.844052,1.05752
12.562,0.00920388,0.0184078,0.913045,1.10517
12.564,0.0122718,0.0214757,0.975138,1.14805
12.566,0.0122718,0.0214757,0.877625,1.03325
12.568,0.0153398,0.0245437,0.94326,1.08332
12.57,0.0153398,0.0276117,0.848934,1.12839
12.572,0.0153398,0.0276117,0.764041,1.01555
12.574,0.0153398,0.0276117,0.687637,0.913992
12.576,0.0153398,0.0276117,0.618873,0.822593
12.578,0.0153398,0.0276117,0.556986,0.740334
12.58,0.0122718,0.0276117,0.347889,0.6663
12.582,0.0122718,0.0245437,0.3131,0.446272
12.584,0.00920388,0.0245437,0.128392,0.401645
12.586,0.00613592,0.0214757,-0.0378452,0.208082
12.588,0.00613592,0.0184078,-0.0340607,0.0338761
12.59,0.00306796,0.0184078,-0.184053,0.0304885
12.592,-0,0.0153398,-0.319046,-0.125958
12.594,-0,0.0122718,-0.287141,-0.266761
12.596,-0.00306796,0.0122718,-0.411825,-0.240085
12.598,-0.00613592,0.00920388,-0.524041,-0.369474
12.6,-0.00920388,0.00613592,-0.625035,-0.485925
12.602,-0.00920388,0.00613592,-0.562531,-0.437332
12.604,-0.0122718,0.00306796,-0.659676,-0.546997
12.606,-0.0122718,0.00306796,-0.593708,-0.492298
12.608,-0.0153398,0,-0.687736,-0.596466
12.61,-0.0153398,0,-0.618962,-0.536819
12.612,-0.0184078,0,-0.710464,-0.483137
12.614,-0.0184078,0,-0.639418,-0.434824
12.616,-0.0214757,-0.00306796,-0.728874,-0.544739
12.618,-0.0214757,-0.00306796,-0.655987,-0.490265
12.62,-0.0214757,-0.00306796,-0.590388,-0.441239
12.622,-0.0245437,-0.00613592,-0.684747,-0.550513
12.624,-0.0245437,-0.00613592,-0.616272,-0.495462
12.626,-0.0276117,-0.00920388,-0.708043,-0.599314
12.628,-0.0306796,-0.00920388,-0.790637,-0.539382
12.63,-0.0306796,-0.00920388,-0.711573,-0.485444
12.632,-0.0337476,-0.0122718,-0.793814,-0.590298
12.634,-0.0368155,-0.0122718,-0.867831,-0.531268
12.636,-0.0368155,-0.0153398,-0.781048,-0.631539
12.638,-0.0398835,-0.0153398,-0.856341,-0.568385
12.64,-0.0429515,-0.0184078,-0.924105,-0.664945
12.642,-0.0429515,-0.0214757,-0.831694,-0.751848
12.644,-0.0460194,-0.0214757,-0.901923,-0.676664
12.646,-0.0460194,-0.0214757,-0.811731,-0.608997
12.648,-0.0460194,-0.0245437,-0.730558,-0.701496
12.65,-0.0490874,-0.0245437,-0.8109,-0.631346
12.652,-0.0490874,-0.0245437,-0.72981,-0.568211
12.654,-0.0490874,-0.0245437,-0.656829,-0.51139
12.656,-0.0521553,-0.0245437,-0.744544,-0.460251
12.658,-0.0521553,-0.0245437,-0.67009,-0.414226
12.66,-0.0521553,-0.0245437,-0.603081,-0.372804
12.662,-0.0552233,-0.0276117,-0.696171,-0.488921
12.664,-0.0552233,-0.0276117,-0.626554,-0.440029
12.666,-0.0552233,-0.0276117,-0.563898,-0.396026
12.668,-0.0582913,-0.0276117,-0.660907,-0.356424
12.67,-0.0582913,-0.0306796,-0.594816,-0.474179
12.672,-0.0582913,-0.0306796,-0.535334,-0.426761
12.674,-0.0613592,-0.0306796,-0.635199,-0.384085
12.676,-0.0613592,-0.0337476,-0.571679,-0.499075
12.678,-0.0613592,-0.0337476,-0.514511,-0.449167
12.68,-0.0644272,-0.0368155,-0.616458,-0.557649
12.682,-0.0644272,-0.0368155,-0.554812,-0.501884
12.684,-0.0674952,-0.0398835,-0.652729,-0.605093
12.686,-0.0705631,-0.0398835,-0.740854,-0.544584
12.688,-0.0705631,-0.0429515,-0.666769,-0.643524
12.69,-0.0736311,-0.0429515,-0.75349,-0.579171
12.692,-0.0736311,-0.0460194,-0.678141,-0.674652
12.694,-0.076699,-0.0460194,-0.763725,-0.607187
12.696,-0.076699,-0.0490874,-0.687353,-0.699866
12.698,-0.076699,-0.0490874,-0.618617,-0.62988
12.7,-0.079767,-0.0490874,-0.710154,-0.566892
12.702,-0.082835,-0.0521553,-0.792536,-0.663601
12.704,-0.082835,-0.0521553,-0.713283,-0.597241
12.706,-0.082835,-0.0552233,-0.641954,-0.690915
12.708,-0.082835,-0.0552233,-0.577759,-0.621823
12.71,-0.0859029,-0.0552233,-0.673381,-0.559641
12.712,-0.0859029,-0.0582913,-0.606043,-0.657075
12.714,-0.0859029,-0.0582913,-0.545439,-0.591367
12.716,-0.0859029,-0.0582913,-0.490895,-0.532231
12.718,-0.0859029,-0.0582913,-0.441805,-0.479008
12.72,-0.0859029,-0.0582913,-0.397625,-0.431107
12.722,-0.0859029,-0.0582913,-0.357862,-0.387996
12.724,-0.0859029,-0.0582913,-0.322076,-0.349197
12.726,-0.082835,-0.0582913,-0.13647,-0.314277
12.728,-0.082835,-0.0552233,-0.122823,-0.129451
12.73,-0.082835,-0.0552233,-0.110541,-0.116506
12.732,-0.079767,-0.0521553,0.0539111,0.0485427
12.734,-0.079767,-0.0521553,0.04852,0.0436884
12.736,-0.076699,-0.0490874,0.197066,0.192718
12.738,-0.076699,-0.0490874,0.177359,0.173446
12.74,-0.076699,-0.0490874,0.159624,0.156101
12.742,-0.0736311,-0.0490874,0.297059,0.140491
12.744,-0.0736311,-0.0490874,0.267353,0.126442
12.746,-0.0736311,-0.0490874,0.240618,0.113798
12.748,-0.0736311,-0.0490874,0.216556,0.102418
12.75,-0.0736311,-0.0490874,0.194901,0.0921763
12.752,-0.0705631,-0.0490874,0.328809,0.0829586
12.754,-0.0705631,-0.0490874,0.295928,0.0746628
12.756,-0.0705631,-0.0490874,0.266335,0.0671965
12.758,-0.0674952,-0.0490874,0.3931,0.0604768
12.76,-0.0674952,-0.0460194,0.35379,0.207827
12.762,-0.0644272,-0.0460194,0.471809,0.187045
12.764,-0.0613592,-0.0429515,0.578026,0.321738
12.766,-0.0582913,-0.0429515,0.673621,0.289564
12.768,-0.0552233,-0.0398835,0.759657,0.414006
12.77,-0.0521553,-0.0368155,0.83709,0.526003
12.772,-0.0490874,-0.0337476,0.906779,0.626801
12.774,-0.0460194,-0.0306796,0.969499,0.717519
12.776,-0.0429515,-0.0276117,1.02595,0.799165
12.778,-0.0368155,-0.0245437,1.23015,0.872647
12.78,-0.0337476,-0.0214757,1.26053,0.93878
12.782,-0.0306796,-0.0184078,1.28788,0.9983
12.784,-0.0245437,-0.0122718,1.46589,1.20527
12.786,-0.0214757,-0.00920388,1.47269,1.23814
12.788,-0.0184078,-0.00613592,1.47882,1.26772
12.79,-0.0122718,-0.00306796,1.63774,1.29435
12.792,-0.00920388,0,1.62736,1.31831
12.794,-0.00613592,0.00306796,1.61802,1.33988
12.796,-0.00306796,0.00613592,1.60962,1.35929
12.798,-0,0.00920388,1.60206,1.37676
12.8,0.00306796,0.0122718,1.59525,1.39248
12.802,0.00613592,0.0122718,1.58912,1.25323
12.804,0.00920388,0.0153398,1.58361,1.28131
12.806,0.0122718,0.0184078,1.57864,1.30657
12.808,0.0122718,0.0184078,1.42078,1.17592
12.81,0.0153398,0.0184078,1.4321,1.05833
12.812,0.0153398,0.0184078,1.28889,0.952493
12.814,0.0153398,0.0214757,1.16,1.01064
12.816,0.0184078,0.0214757,1.1974,0.909577
12.818,0.0184078,0.0184078,1.07766,0.665222
12.82,0.0184078,0.0184078,0.969893,0.598699
12.822,0.0214757,0.0184078,1.0263,0.538829
12.824,0.0245437,0.0214757,1.07707,0.638345
12.826,0.0245437,0.0214757,0.969363,0.57451
12.828,0.0276117,0.0245437,1.02582,0.670457
12.83,0.0306796,0.0276117,1.07664,0.75681
12.832,0.0337476,0.0276117,1.12237,0.681129
12.834,0.0368155,0.0306796,1.16353,0.766414
12.836,0.0398835,0.0337476,1.20058,0.843171
12.838,0.0398835,0.0368155,1.08052,0.912252
12.84,0.0460194,0.0368155,1.27927,0.821026
12.842,0.0490874,0.0398835,1.30474,0.892322
12.844,0.0490874,0.0429515,1.17426,0.956488
12.846,0.0521553,0.0460194,1.21024,1.01424
12.848,0.0552233,0.0460194,1.24261,0.912813
12.85,0.0552233,0.0490874,1.11835,0.97493
12.852,0.0582913,0.0490874,1.15991,0.877437
12.854,0.0613592,0.0490874,1.19732,0.789693
12.856,0.0613592,0.0521553,1.07759,0.864122
12.858,0.0644272,0.0521553,1.12323,0.77771
12.86,0.0644272,0.0552233,1.0109,0.853337
12.862,0.0644272,0.0552233,0.909813,0.768003
12.864,0.0674952,0.0582913,0.97223,0.844601
12.866,0.0705631,0.0582913,1.02841,0.760141
12.868,0.0705631,0.0582913,0.925565,0.684127
12.87,0.0705631,0.0613592,0.833008,0.769112
12.872,0.0736311,0.0613592,0.903105,0.692201
12.874,0.0736311,0.0644272,0.812795,0.776379
12.876,0.076699,0.0644272,0.884913,0.698741
12.878,0.076699,0.0644272,0.796422,0.628867
12.88,0.076699,0.0674952,0.71678,0.719378
12.882,0.079767,0.0674952,0.7985,0.647441
12.884,0.079767,0.0705631,0.71865,0.736095
12.886,0.082835,0.0705631,0.800183,0.662485
12.888,0.082835,0.0736311,0.720165,0.749635
12.89,0.0859029,0.0736311,0.801546,0.674671
12.892,0.0859029,0.076699,0.721392,0.760602
12.894,0.0859029,0.076699,0.649253,0.684542
12.896,0.0859029,0.076699,0.584327,0.616088
12.898,0.0859029,0.0736311,0.525895,0.401081
12.9,0.082835,0.0736311,0.319907,0.360973
12.902,0.082835,0.0736311,0.287916,0.324876
12.904,0.079767,0.0705631,0.105727,0.13899
12.906,0.076699,0.0705631,-0.0582441,0.125091
12.908,0.076699,0.0674952,-0.0524197,-0.0408163
12.91,0.0736311,0.0644272,-0.200576,-0.190133
12.912,0.0705631,0.0644272,-0.333916,-0.171119
12.914,0.0705631,0.0613592,-0.300525,-0.307406
12.916,0.0674952,0.0582913,-0.42387,-0.430063
12.918,0.0644272,0.0582913,-0.534881,-0.387057
12.92,0.0613592,0.0552233,-0.634791,-0.501749
12.922,0.0582913,0.0521553,-0.72471,-0.604972
12.924,0.0521553,0.0490874,-0.959035,-0.697873
12.926,0.0521553,0.0460194,-0.863132,-0.781484
12.928,0.0460194,0.0429515,-1.08361,-0.856734
12.93,0.0429515,0.0398835,-1.12865,-0.924458
12.932,0.0398835,0.0368155,-1.16918,-0.985411
12.934,0.0368155,0.0337476,-1.20566,-1.04027
12.936,0.0337476,0.0306796,-1.2385,-1.08964
12.938,0.0306796,0.0306796,-1.26804,-0.980675
12.94,0.0276117,0.0276117,-1.29464,-1.03601
12.942,0.0245437,0.0245437,-1.31857,-1.0858
12.944,0.0214757,0.0214757,-1.34011,-1.13062
12.946,0.0184078,0.0214757,-1.3595,-1.01756
12.948,0.0153398,0.0184078,-1.37695,-1.0692
12.95,0.0122718,0.0153398,-1.39265,-1.11568
12.952,0.00920388,0.0122718,-1.40678,-1.15751
12.954,0.00306796,0.00920388,-1.5729,-1.19516
12.956,-0,0.00613592,-1.56901,-1.22904
12.958,-0.00306796,0.00306796,-1.56551,-1.25953
12.96,-0.00920388,0,-1.71575,-1.28698
12.962,-0.0122718,-0.00306796,-1.69758,-1.31168
12.964,-0.0153398,-0.00920388,-1.68122,-1.48731
12.966,-0.0214757,-0.0122718,-1.81989,-1.49197
12.968,-0.0245437,-0.0153398,-1.7913,-1.49617
12.97,-0.0276117,-0.0184078,-1.76557,-1.49996
12.972,-0.0337476,-0.0214757,-1.89581,-1.50336
12.974,-0.0368155,-0.0245437,-1.85962,-1.50642
12.976,-0.0398835,-0.0276117,-1.82706,-1.50918
12.978,-0.0429515,-0.0306796,-1.79775,-1.51166
12.98,-0.0460194,-0.0306796,-1.77137,-1.36049
12.982,-0.0490874,-0.0337476,-1.74764,-1.37784
12.984,-0.0521553,-0.0368155,-1.72627,-1.39345
12.986,-0.0552233,-0.0368155,-1.70704,-1.25411
12.988,-0.0582913,-0.0398835,-1.68974,-1.2821
12.99,-0.0582913,-0.0429515,-1.52076,-1.30728
12.992,-0.0613592,-0.0429515,-1.52208,-1.17656
12.994,-0.0644272,-0.0460194,-1.52327,-1.2123
12.996,-0.0674952,-0.0460194,-1.52434,-1.09107
12.998,-0.0705631,-0.0490874,-1.52531,-1.13536
13,-0.0705631,-0.0490874,-1.37278,-1.02182
13.002,-0.0705631,-0.0521553,-1.2355,-1.07304
13.004,-0.0736311,-0.0521553,-1.26535,-0.965736
13.006,-0.0736311,-0.0521553,-1.13881,-0.869162
13.008,-0.076699,-0.0521553,-1.17833,-0.782246
13.01,-0.076699,-0.0521553,-1.0605,-0.704021
13.012,-0.079767,-0.0552233,-1.10784,-0.787017
13.014,-0.079767,-0.0552233,-0.99706,-0.708315
13.016,-0.079767,-0.0552233,-0.897354,-0.637484
13.018,-0.082835,-0.0552233,-0.961017,-0.573736
13.02,-0.082835,-0.0552233,-0.864915,-0.516362
13.022,-0.082835,-0.0552233,-0.778424,-0.464726
13.024,-0.082835,-0.0552233,-0.700581,-0.418253
13.026,-0.082835,-0.0552233,-0.630523,-0.376428
13.028,-0.082835,-0.0552233,-0.567471,-0.338785
13.03,-0.0859029,-0.0552233,-0.664122,-0.304907
13.032,-0.0859029,-0.0552233,-0.59771,-0.274416
13.034,-0.0859029,-0.0552233,-0.537939,-0.246974
13.036,-0.0859029,-0.0552233,-0.484145,-0.222277
13.038,-0.0859029,-0.0552233,-0.43573,-0.200049
13.04,-0.082835,-0.0552233,-0.238759,-0.180044
13.042,-0.082835,-0.0521553,-0.214883,-0.00864178
13.044,-0.082835,-0.0521553,-0.193395,-0.0077776
13.046,-0.082835,-0.0521553,-0.174056,-0.00699984
13.048,-0.082835,-0.0521553,-0.15665,-0.00629985
13.05,-0.079767,-0.0490874,0.0124131,0.147728
13.052,-0.079767,-0.0490874,0.0111718,0.132955
13.054,-0.076699,-0.0460194,0.163453,0.273058
13.056,-0.076699,-0.0460194,0.147107,0.245752
13.058,-0.076699,-0.0429515,0.132397,0.374575
13.06,-0.0736311,-0.0429515,0.272555,0.337118
13.062,-0.0736311,-0.0429515,0.2453,0.303406
13.064,-0.0705631,-0.0398835,0.374168,0.426463
13.066,-0.0705631,-0.0398835,0.336751,0.383817
13.068,-0.0674952,-0.0368155,0.456474,0.498833
13.07,-0.0674952,-0.0337476,0.410827,0.602348
13.072,-0.0644272,-0.0337476,0.523142,0.542113
13.074,-0.0644272,-0.0337476,0.470828,0.487902
13.076,-0.0644272,-0.0306796,0.423745,0.59251
13.078,-0.0613592,-0.0306796,0.534769,0.533259
13.08,-0.0613592,-0.0306796,0.481292,0.479933
13.082,-0.0613592,-0.0276117,0.433163,0.585338
13.084,-0.0582913,-0.0276117,0.543244,0.526804
13.086,-0.0582913,-0.0276117,0.48892,0.474124
13.088,-0.0582913,-0.0245437,0.440028,0.580109
13.09,-0.0552233,-0.0245437,0.549423,0.522098
13.092,-0.0552233,-0.0245437,0.494481,0.469889
13.094,-0.0552233,-0.0245437,0.445033,0.4229
13.096,-0.0521553,-0.0214757,0.553928,0.534008
13.098,-0.0521553,-0.0214757,0.498535,0.480607
13.1,-0.0490874,-0.0214757,0.602079,0.432546
13.102,-0.0490874,-0.0184078,0.541871,0.54269
13.104,-0.0460194,-0.0184078,0.641082,0.488421
13.106,-0.0460194,-0.0153398,0.576974,0.592977
13.108,-0.0429515,-0.0153398,0.672675,0.533679
13.11,-0.0429515,-0.0122718,0.605407,0.633709
13.112,-0.0398835,-0.0122718,0.698265,0.570338
13.114,-0.0368155,-0.00920388,0.781836,0.666703
13.116,-0.0337476,-0.00920388,0.857051,0.600032
13.118,-0.0337476,-0.00613592,0.771346,0.693427
13.12,-0.0306796,-0.00306796,0.847609,0.777483
13.122,-0.0276117,0,0.916246,0.853132
13.124,-0.0245437,0,0.97802,0.767819
13.126,-0.0245437,0.00306796,0.880218,0.844435
13.128,-0.0214757,0.00613592,0.945594,0.91339
13.13,-0.0184078,0.00920388,1.00443,0.975449
13.132,-0.0153398,0.00920388,1.05739,0.877904
13.134,-0.0153398,0.0122718,0.951649,0.943512
13.136,-0.0122718,0.0153398,1.00988,1.00256
13.138,-0.00920388,0.0153398,1.06229,0.902303
13.14,-0.00920388,0.0184078,0.956063,0.965471
13.142,-0.00613592,0.0214757,1.01385,1.02232
13.144,-0.00613592,0.0214757,0.912469,0.920089
13.146,-0.00306796,0.0214757,0.97462,0.82808
13.148,-0.00306796,0.0214757,0.877158,0.745272
13.15,-0.00306796,0.0245437,0.789442,0.824143
13.152,-0,0.0245437,0.863896,0.741729
13.154,-0,0.0245437,0.777507,0.667556
13.156,-0,0.0245437,0.699756,0.6008
13.158,-0,0.0245437,0.62978,0.54072
13.16,0.00306796,0.0276117,0.7202,0.640046
13.162,0.00306796,0.0276117,0.64818,0.576042
13.164,0.00306796,0.0276117,0.583362,0.518438
13.166,0.00306796,0.0276117,0.525026,0.466594
13.168,0.00306796,0.0276117,0.472523,0.419934
13.17,0.00613592,0.0276117,0.578669,0.377941
13.172,0.00306796,0.0306796,0.367404,0.493545
13.174,0.00613592,0.0306796,0.484062,0.44419
13.176,0.00613592,0.0306796,0.435656,0.399771
13.178,0.00613592,0.0306796,0.39209,0.359794
13.18,0.00613592,0.0306796,0.352881,0.323815
13.182,0.00613592,0.0306796,0.317593,0.291433
13.184,0.00920388,0.0306796,0.439232,0.26229
13.186,0.00920388,0.0337476,0.395309,0.389459
13.188,0.00920388,0.0337476,0.355778,0.350513
13.19,0.00920388,0.0337476,0.3202,0.315462
13.192,0.00920388,0.0337476,0.28818,0.283916
13.194,0.00920388,0.0337476,0.259362,0.255524
13.196,0.00920388,0.0337476,0.233426,0.229972
13.198,0.00920388,0.0337476,0.210083,0.206975
13.2,0.00613592,0.0337476,0.0356768,0.186277
13.202,0.00613592,0.0306796,0.0321091,0.0142513
13.204,0.00613592,0.0306796,0.0288982,0.0128262
13.206,0.00613592,0.0306796,0.0260084,0.0115436
13.208,0.00306796,0.0306796,-0.129991,0.0103892
13.21,0.00306796,0.0276117,-0.116991,-0.144048
13.212,0.00306796,0.0276117,-0.105292,-0.129643
13.214,-0,0.0276117,-0.248161,-0.116679
13.216,-0,0.0245437,-0.223345,-0.258409
13.218,-0.00306796,0.0245437,-0.354409,-0.232568
13.22,-0.00613592,0.0214757,-0.472366,-0.362709
13.222,-0.00613592,0.0214757,-0.425129,-0.326438
13.224,-0.00920388,0.0184078,-0.536014,-0.447193
13.226,-0.0122718,0.0153398,-0.635811,-0.555871
13.228,-0.0122718,0.0122718,-0.57223,-0.653682
13.23,-0.0153398,0.0122718,-0.668405,-0.588314
13.232,-0.0153398,0.00920388,-0.601565,-0.682881
13.234,-0.0184078,0.00920388,-0.694806,-0.614593
13.236,-0.0214757,0.00920388,-0.778724,-0.553133
13.238,-0.0214757,0.00920388,-0.700851,-0.49782
13.24,-0.0214757,0.00613592,-0.630766,-0.601436
13.242,-0.0214757,0.00613592,-0.56769,-0.541293
13.244,-0.0245437,0.00613592,-0.664319,-0.487163
13.246,-0.0245437,0.00306796,-0.597887,-0.591845
13.248,-0.0245437,0.00306796,-0.538098,-0.532661
13.25,-0.0245437,0.00306796,-0.484288,-0.479394
13.252,-0.0276117,0.00306796,-0.589258,-0.431455
13.254,-0.0276117,0.00306796,-0.530332,-0.38831
13.256,-0.0276117,0.00306796,-0.477299,-0.349479
13.258,-0.0276117,0.00306796,-0.429569,-0.314531
13.26,-0.0276117,0.00306796,-0.386612,-0.283078
13.262,-0.0276117,0.00613592,-0.347951,-0.101372
13.264,-0.0276117,0.00613592,-0.313156,-0.0912346
13.266,-0.0276117,0.00613592,-0.28184,-0.0821112
13.268,-0.0306796,0.00613592,-0.407054,-0.0739
13.27,-0.0276117,0.00613592,-0.212951,-0.06651
13.272,-0.0276117,0.00613592,-0.191656,-0.059859
13.274,-0.0306796,0.00613592,-0.325888,-0.0538731
13.276,-0.0306796,0.00613592,-0.293299,-0.0484858
13.278,-0.0276117,0.00613592,-0.110571,-0.0436372
13.28,-0.0276117,0.00920388,-0.0995142,0.114125
13.282,-0.0276117,0.00920388,-0.0895627,0.102712
13.284,-0.0276117,0.0122718,-0.0806065,0.245839
13.286,-0.0276117,0.0122718,-0.0725458,0.221255
13.288,-0.0276117,0.0122718,-0.0652912,0.19913
13.29,-0.0276117,0.0153398,-0.0587621,0.332615
13.292,-0.0276117,0.0153398,-0.0528859,0.299353
13.294,-0.0276117,0.0153398,-0.0475973,0.269418
13.296,-0.0276117,0.0153398,-0.0428376,0.242476
13.298,-0.0276117,0.0153398,-0.0385538,0.218228
13.3,-0.0276117,0.0153398,-0.0346984,0.196406
13.302,-0.0306796,0.0153398,-0.184627,0.176765
13.304,-0.0306796,0.0153398,-0.166164,0.159089
13.306,-0.0306796,0.0122718,-0.149548,-0.0102184
13.308,-0.0306796,0.0122718,-0.134593,-0.00919652
13.31,-0.0337476,0.0122718,-0.274532,-0.00827687
13.312,-0.0337476,0.0122718,-0.247078,-0.00744918
13.314,-0.0337476,0.0122718,-0.222371,-0.00670427
13.316,-0.0337476,0.0122718,-0.200134,-0.00603384
13.318,-0.0368155,0.0122718,-0.333518,-0.00543046
13.32,-0.0368155,0.0122718,-0.300166,-0.00488741
13.322,-0.0368155,0.0122718,-0.27015,-0.00439867
13.324,-0.0368155,0.0122718,-0.243135,-0.0039588
13.326,-0.0398835,0.00920388,-0.372219,-0.156961
13.328,-0.0398835,0.00920388,-0.334997,-0.141265
13.33,-0.0398835,0.00920388,-0.301498,-0.127138
13.332,-0.0429515,0.00920388,-0.424746,-0.114425
13.334,-0.0429515,0.00920388,-0.382271,-0.102982
13.336,-0.0460194,0.00920388,-0.497442,-0.0926839
13.338,-0.0460194,0.00920388,-0.447698,-0.0834155
13.34,-0.0460194,0.00920388,-0.402928,-0.075074
13.342,-0.0460194,0.00920388,-0.362635,-0.0675666
13.344,-0.0490874,0.00613592,-0.47977,-0.214208
13.346,-0.0490874,0.00613592,-0.431793,-0.192787
13.348,-0.0521553,0.00613592,-0.542012,-0.173508
13.35,-0.0521553,0.00613592,-0.487811,-0.156158
13.352,-0.0552233,0.00306796,-0.592428,-0.29394
13.354,-0.0552233,0.00306796,-0.533185,-0.264546
13.356,-0.0582913,0.00306796,-0.633264,-0.238091
13.358,-0.0582913,0.00306796,-0.569938,-0.214282
13.36,-0.0613592,0,-0.666342,-0.346252
13.362,-0.0613592,0,-0.599708,-0.311627
13.364,-0.0644272,-0.00306796,-0.693135,-0.433862
13.366,-0.0674952,-0.00306796,-0.77722,-0.390476
13.368,-0.0674952,-0.00613592,-0.699498,-0.504827
13.37,-0.0705631,-0.00613592,-0.782946,-0.454344
13.372,-0.0736311,-0.00920388,-0.85805,-0.562308
13.374,-0.0736311,-0.00920388,-0.772245,-0.506077
13.376,-0.076699,-0.0122718,-0.848418,-0.608867
13.378,-0.079767,-0.0122718,-0.916975,-0.54798
13.38,-0.082835,-0.0153398,-0.978675,-0.646581
13.382,-0.082835,-0.0153398,-0.880808,-0.581922
13.384,-0.0859029,-0.0184078,-0.946125,-0.677128
13.386,-0.0889709,-0.0184078,-1.00491,-0.609415
13.388,-0.0889709,-0.0214757,-0.904419,-0.701872
13.39,-0.0920388,-0.0214757,-0.967376,-0.631685
13.392,-0.0951068,-0.0245437,-1.02404,-0.721914
13.394,-0.0951068,-0.0245437,-0.921633,-0.649723
13.396,-0.0981748,-0.0276117,-0.982867,-0.738149
13.398,-0.101243,-0.0276117,-1.03798,-0.664334
13.4,-0.101243,-0.0306796,-0.934181,-0.751299
13.402,-0.104311,-0.0306796,-0.994161,-0.676169
13.404,-0.104311,-0.0306796,-0.894745,-0.608552
13.406,-0.107379,-0.0337476,-0.958668,-0.701095
13.408,-0.107379,-0.0337476,-0.862802,-0.630985
13.41,-0.110447,-0.0337476,-0.929919,-0.567887
13.412,-0.110447,-0.0337476,-0.836927,-0.511098
13.414,-0.110447,-0.0368155,-0.753235,-0.613386
13.416,-0.110447,-0.0368155,-0.677911,-0.552048
13.418,-0.110447,-0.0368155,-0.61012,-0.496843
13.42,-0.113515,-0.0368155,-0.702506,-0.447159
13.422,-0.113515,-0.0368155,-0.632256,-0.402443
13.424,-0.113515,-0.0337476,-0.56903,-0.2088
13.426,-0.113515,-0.0337476,-0.512127,-0.18792
13.428,-0.110447,-0.0337476,-0.307516,-0.169128
13.43,-0.110447,-0.0306796,-0.276765,0.00118258
13.432,-0.110447,-0.0306796,-0.249088,0.00106432
13.434,-0.110447,-0.0306796,-0.224179,0.000957887
13.436,-0.110447,-0.0306796,-0.201761,0.000862098
13.438,-0.110447,-0.0276117,-0.181585,0.154174
13.44,-0.110447,-0.0276117,-0.163427,0.138757
13.442,-0.107379,-0.0276117,0.00631401,0.124881
13.444,-0.107379,-0.0245437,0.00568261,0.265791
13.446,-0.107379,-0.0245437,0.00511435,0.239212
13.448,-0.107379,-0.0245437,0.00460292,0.215291
13.45,-0.107379,-0.0214757,0.00414262,0.34716
13.452,-0.107379,-0.0214757,0.00372836,0.312444
13.454,-0.107379,-0.0214757,0.00335553,0.281199
13.456,-0.104311,-0.0214757,0.156418,0.253079
13.458,-0.104311,-0.0214757,0.140776,0.227771
13.46,-0.104311,-0.0214757,0.126699,0.204994
13.462,-0.104311,-0.0184078,0.114029,0.337893
13.464,-0.104311,-0.0184078,0.102626,0.304104
13.466,-0.104311,-0.0184078,0.0923633,0.273693
13.468,-0.104311,-0.0184078,0.083127,0.246324
13.47,-0.104311,-0.0184078,0.0748143,0.221692
13.472,-0.104311,-0.0153398,0.0673328,0.35292
13.474,-0.101243,-0.0153398,0.213998,0.317628
13.476,-0.101243,-0.0153398,0.192598,0.285866
13.478,-0.101243,-0.0153398,0.173338,0.257279
13.48,-0.0981748,-0.0122718,0.309402,0.384949
13.482,-0.0981748,-0.0122718,0.278462,0.346454
13.484,-0.0981748,-0.00920388,0.250616,0.465207
13.486,-0.0951068,-0.00920388,0.378952,0.418686
13.488,-0.0951068,-0.00613592,0.341057,0.530216
13.49,-0.0951068,-0.00613592,0.306951,0.477194
13.492,-0.0920388,-0.00306796,0.429654,0.582873
13.494,-0.0920388,-0.00306796,0.386689,0.524586
13.496,-0.0889709,0,0.501418,0.625525
13.498,-0.0889709,0,0.451276,0.562973
13.5,-0.0889709,0,0.406149,0.506675
13.502,-0.0859029,0.00306796,0.518932,0.609406
13.504,-0.0859029,0.00306796,0.467039,0.548465
13.506,-0.0859029,0.00306796,0.420335,0.493619
13.508,-0.0859029,0.00613592,0.378301,0.597655
13.51,-0.0859029,0.00613592,0.340471,0.537889
13.512,-0.0859029,0.00613592,0.306424,0.4841
13.514,-0.0859029,0.00613592,0.275782,0.43569
13.516,-0.0859029,0.00613592,0.248204,0.392121
13.518,-0.0859029,0.00613592,0.223383,0.352909
13.52,-0.0859029,0.00613592,0.201045,0.317618
13.522,-0.0889709,0.00306796,0.0275423,0.132458
13.524,-0.0889709,0.00306796,0.0247881,0.119213
13.526,-0.0920388,0,-0.131089,-0.0461068
13.528,-0.0920388,-0.00306796,-0.11798,-0.194894
13.53,-0.0951068,-0.00306796,-0.25958,-0.175405
13.532,-0.0951068,-0.00613592,-0.233622,-0.311262
13.534,-0.0951068,-0.00613592,-0.21026,-0.280136
13.536,-0.0951068,-0.00613592,-0.189234,-0.252123
13.538,-0.0951068,-0.00613592,-0.17031,-0.22691
13.54,-0.0951068,-0.00613592,-0.153279,-0.204219
13.542,-0.0951068,-0.00613592,-0.137951,-0.183797
13.544,-0.0951068,-0.00306796,-0.124156,-0.0120195
13.546,-0.0951068,-0.00306796,-0.111741,-0.0108175
13.548,-0.0951068,-0.00306796,-0.100567,-0.00973579
13.55,-0.0951068,-0.00306796,-0.09051,-0.00876221
13.552,-0.0951068,-0.00306796,-0.081459,-0.00788599
13.554,-0.0951068,-0.00306796,-0.0733131,-0.00709739
13.556,-0.0951068,0,-0.0659818,0.14701
13.558,-0.0920388,0,0.0940145,0.132309
13.56,-0.0920388,0,0.084613,0.119078
13.562,-0.0920388,0,0.0761517,0.107171
13.564,-0.0920388,0.00306796,0.0685366,0.249852
13.566,-0.0920388,0.00306796,0.0616829,0.224866
13.568,-0.0920388,0.00306796,0.0555146,0.20238
13.57,-0.0889709,0.00306796,0.203361,0.182142
13.572,-0.0889709,0.00306796,0.183025,0.163928
13.574,-0.0889709,0.00613592,0.164723,0.300933
13.576,-0.0889709,0.00613592,0.14825,0.27084
13.578,-0.0889709,0.00613592,0.133425,0.243756
13.58,-0.0889709,0.00920388,0.120083,0.372778
13.582,-0.0859029,0.00920388,0.261473,0.3355
13.584,-0.0859029,0.00920388,0.235325,0.30195
13.586,-0.0859029,0.00920388,0.211793,0.271755
13.588,-0.0859029,0.00920388,0.190614,0.24458
13.59,-0.0859029,0.0122718,0.171552,0.37352
13.592,-0.0859029,0.0122718,0.154397,0.336168
13.594,-0.082835,0.0122718,0.292355,0.302551
13.596,-0.082835,0.0153398,0.26312,0.425694
13.598,-0.082835,0.0153398,0.236808,0.383125
13.6,-0.082835,0.0153398,0.213127,0.344812
13.602,-0.082835,0.0153398,0.191814,0.310331
13.604,-0.082835,0.0184078,0.172633,0.432696
13.606,-0.082835,0.0184078,0.15537,0.389426
13.608,-0.079767,0.0184078,0.293231,0.350484
13.61,-0.079767,0.0184078,0.263908,0.315435
13.612,-0.079767,0.0184078,0.237517,0.283892
13.614,-0.079767,0.0184078,0.213765,0.255503
13.616,-0.079767,0.0184078,0.192389,0.229952
13.618,-0.079767,0.0184078,0.17315,0.206957
13.62,-0.079767,0.0214757,0.155835,0.33966
13.622,-0.082835,0.0214757,-0.0131467,0.305694
13.624,-0.082835,0.0214757,-0.0118321,0.275124
13.626,-0.082835,0.0214757,-0.0106489,0.247612
13.628,-0.082835,0.0214757,-0.00958397,0.222851
13.63,-0.082835,0.0214757,-0.00862557,0.200566
13.632,-0.082835,0.0214757,-0.00776301,0.180509
13.634,-0.082835,0.0214757,-0.00698671,0.162458
13.636,-0.082835,0.0214757,-0.00628804,0.146212
13.638,-0.082835,0.0214757,-0.00565924,0.131591
13.64,-0.082835,0.0214757,-0.00509331,0.118432
13.642,-0.082835,0.0214757,-0.00458398,0.106589
13.644,-0.0859029,0.0214757,-0.157524,0.0959299
13.646,-0.0859029,0.0214757,-0.141771,0.0863369
13.648,-0.0859029,0.0214757,-0.127594,0.0777032
13.65,-0.0889709,0.0214757,-0.268233,0.0699329
13.652,-0.0889709,0.0184078,-0.24141,-0.0904585
13.654,-0.0920388,0.0184078,-0.370667,-0.0814126
13.656,-0.0951068,0.0153398,-0.486998,-0.226669
13.658,-0.0951068,0.0153398,-0.438298,-0.204003
13.66,-0.0981748,0.0122718,-0.547867,-0.337
13.662,-0.0981748,0.0122718,-0.49308,-0.3033
13.664,-0.101243,0.00920388,-0.59717,-0.426368
13.666,-0.104311,0.00920388,-0.690851,-0.383732
13.668,-0.107379,0.00613592,-0.775164,-0.498756
13.67,-0.107379,0.00306796,-0.697648,-0.602279
13.672,-0.110447,0.00306796,-0.781281,-0.542051
13.674,-0.113515,0,-0.856551,-0.641244
13.676,-0.116583,-0.00306796,-0.924294,-0.730518
13.678,-0.119651,-0.00613592,-0.985263,-0.810864
13.68,-0.119651,-0.00613592,-0.886736,-0.729778
13.682,-0.122718,-0.00920388,-0.951461,-0.810198
13.684,-0.122718,-0.00920388,-0.856315,-0.729178
13.686,-0.125786,-0.0122718,-0.924081,-0.809658
13.688,-0.128854,-0.0122718,-0.985071,-0.728693
13.69,-0.128854,-0.0122718,-0.886564,-0.655823
13.692,-0.131922,-0.0122718,-0.951306,-0.590241
13.694,-0.131922,-0.0122718,-0.856175,-0.531217
13.696,-0.131922,-0.0153398,-0.770558,-0.631493
13.698,-0.13499,-0.0153398,-0.8469,-0.568344
13.7,-0.138058,-0.0184078,-0.915608,-0.664908
13.702,-0.138058,-0.0184078,-0.824047,-0.598417
13.704,-0.141126,-0.0214757,-0.895041,-0.691973
13.706,-0.144194,-0.0214757,-0.958935,-0.622776
13.708,-0.144194,-0.0214757,-0.863041,-0.560498
13.71,-0.144194,-0.0245437,-0.776737,-0.657847
13.712,-0.147262,-0.0245437,-0.852461,-0.592062
13.714,-0.147262,-0.0245437,-0.767215,-0.532856
13.716,-0.15033,-0.0276117,-0.843892,-0.632968
13.718,-0.15033,-0.0276117,-0.759503,-0.569671
13.72,-0.15033,-0.0276117,-0.683552,-0.512704
13.722,-0.153398,-0.0276117,-0.768595,-0.461434
13.724,-0.153398,-0.0276117,-0.691736,-0.41529
13.726,-0.153398,-0.0276117,-0.622562,-0.373761
13.728,-0.153398,-0.0276117,-0.560306,-0.336385
13.73,-0.153398,-0.0276117,-0.504275,-0.302747
13.732,-0.153398,-0.0276117,-0.453848,-0.272472
13.734,-0.153398,-0.0276117,-0.408463,-0.245225
13.736,-0.156466,-0.0276117,-0.521015,-0.220702
13.738,-0.156466,-0.0276117,-0.468913,-0.198632
13.74,-0.156466,-0.0276117,-0.422022,-0.178769
13.742,-0.156466,-0.0276117,-0.37982,-0.160892
13.744,-0.156466,-0.0276117,-0.341838,-0.144803
13.746,-0.156466,-0.0276117,-0.307654,-0.130323
13.748,-0.156466,-0.0276117,-0.276889,-0.11729
13.75,-0.156466,-0.0276117,-0.2492,-0.105561
13.752,-0.156466,-0.0276117,-0.22428,-0.0950051
13.754,-0.156466,-0.0245437,-0.201852,0.0678935
13.756,-0.156466,-0.0245437,-0.181667,0.0611041
13.758,-0.156466,-0.0245437,-0.1635,0.0549937
13.76,-0.156466,-0.0276117,-0.14715,-0.103904
13.762,-0.156466,-0.0276117,-0.132435,-0.0935134
13.764,-0.159534,-0.0276117,-0.27259,-0.084162
13.766,-0.159534,-0.0276117,-0.245331,-0.0757458
13.768,-0.159534,-0.0276117,-0.220798,-0.0681712
13.77,-0.159534,-0.0276117,-0.198718,-0.0613541
13.772,-0.159534,-0.0276117,-0.178846,-0.0552187
13.774,-0.159534,-0.0276117,-0.160961,-0.0496968
13.776,-0.159534,-0.0276117,-0.144865,-0.0447272
13.778,-0.162602,-0.0276117,-0.283777,-0.0402544
13.78,-0.162602,-0.0306796,-0.255399,-0.189627
13.782,-0.162602,-0.0306796,-0.229859,-0.170664
13.784,-0.162602,-0.0306796,-0.206873,-0.153598
13.786,-0.16567,-0.0306796,-0.339584,-0.138238
13.788,-0.16567,-0.0337476,-0.305626,-0.277812
13.79,-0.16567,-0.0337476,-0.275063,-0.250031
13.792,-0.16567,-0.0337476,-0.247557,-0.225028
13.794,-0.16567,-0.0337476,-0.222801,-0.202525
13.796,-0.168738,-0.0368155,-0.353919,-0.335671
13.798,-0.168738,-0.0368155,-0.318527,-0.302104
13.8,-0.168738,-0.0368155,-0.286674,-0.271893
13.802,-0.168738,-0.0368155,-0.258007,-0.244704
13.804,-0.168738,-0.0368155,-0.232206,-0.220234
13.806,-0.168738,-0.0368155,-0.208986,-0.19821
13.808,-0.168738,-0.0368155,-0.188087,-0.178389
13.81,-0.168738,-0.0368155,-0.169278,-0.16055
13.812,-0.168738,-0.0368155,-0.152351,-0.144495
13.814,-0.168738,-0.0368155,-0.137115,-0.130046
13.816,-0.16567,-0.0368155,0.0299941,-0.117041
13.818,-0.16567,-0.0368155,0.0269947,-0.105337
13.82,-0.16567,-0.0337476,0.0242952,0.0585947
13.822,-0.16567,-0.0337476,0.0218657,0.0527353
13.824,-0.162602,-0.0337476,0.173077,0.0474617
13.826,-0.162602,-0.0337476,0.15577,0.0427156
13.828,-0.162602,-0.0337476,0.140193,0.038444
13.83,-0.162602,-0.0337476,0.126173,0.0345996
13.832,-0.162602,-0.0337476,0.113556,0.0311396
13.834,-0.162602,-0.0337476,0.1022,0.0280257
13.836,-0.162602,-0.0368155,0.0919803,-0.128175
13.838,-0.162602,-0.0368155,0.0827823,-0.115357
13.84,-0.16567,-0.0368155,-0.078894,-0.103822
13.842,-0.16567,-0.0368155,-0.0710046,-0.0934396
13.844,-0.16567,-0.0368155,-0.0639041,-0.0840956
13.846,-0.16567,-0.0398835,-0.0575137,-0.229084
13.848,-0.16567,-0.0398835,-0.0517624,-0.206176
13.85,-0.16567,-0.0398835,-0.0465861,-0.185558
13.852,-0.16567,-0.0398835,-0.0419275,-0.167002
13.854,-0.16567,-0.0398835,-0.0377348,-0.150302
13.856,-0.16567,-0.0398835,-0.0339613,-0.135272
13.858,-0.16567,-0.0398835,-0.0305652,-0.121745
13.86,-0.162602,-0.0398835,0.125889,-0.10957
13.862,-0.162602,-0.0398835,0.1133,-0.0986132
13.864,-0.162602,-0.0398835,0.10197,-0.0887519
13.866,-0.162602,-0.0398835,0.0917734,-0.0798767
13.868,-0.162602,-0.0398835,0.0825961,-0.071889
13.87,-0.159534,-0.0429515,0.227735,-0.218098
13.872,-0.159534,-0.0429515,0.204961,-0.196288
13.874,-0.159534,-0.0429515,0.184465,-0.17666
13.876,-0.159534,-0.0429515,0.166018,-0.158994
13.878,-0.159534,-0.0429515,0.149417,-0.143094
13.88,-0.156466,-0.0429515,0.287873,-0.128785
13.882,-0.156466,-0.0429515,0.259086,-0.115906
13.884,-0.156466,-0.0398835,0.233177,0.0490824
13.886,-0.153398,-0.0398835,0.363258,0.0441741
13.888,-0.153398,-0.0398835,0.326932,0.0397567
13.89,-0.15033,-0.0398835,0.447637,0.0357811
13.892,-0.147262,-0.0368155,0.556271,0.185601
13.894,-0.144194,-0.0337476,0.654042,0.320439
13.896,-0.141126,-0.0337476,0.742036,0.288395
13.898,-0.138058,-0.0306796,0.82123,0.412954
13.9,-0.13499,-0.0276117,0.892505,0.525056
13.902,-0.131922,-0.0245437,0.956653,0.625949
13.904,-0.128854,-0.0214757,1.01439,0.716752
13.906,-0.125786,-0.0184078,1.06635,0.798475
13.908,-0.122718,-0.0184078,1.11311,0.718627
13.91,-0.119651,-0.0153398,1.1552,0.800163
13.912,-0.116583,-0.0122718,1.19307,0.873545
13.914,-0.113515,-0.00920388,1.22717,0.939588
13.916,-0.107379,-0.00613592,1.41124,0.999027
13.918,-0.104311,-0.00306796,1.42352,1.05252
13.92,-0.101243,0,1.43456,1.10067
13.922,-0.0981748,0.00306796,1.44451,1.144
13.924,-0.0920388,0.00613592,1.60685,1.183
13.926,-0.0889709,0.00920388,1.59956,1.2181
13.928,-0.0859029,0.0122718,1.59301,1.24968
13.93,-0.079767,0.0153398,1.7405,1.27811
13.932,-0.076699,0.0184078,1.71985,1.3037
13.934,-0.0736311,0.0214757,1.70126,1.32673
13.936,-0.0705631,0.0245437,1.68453,1.34745
13.938,-0.0644272,0.0306796,1.82288,1.5195
13.94,-0.0613592,0.0337476,1.79399,1.52095
13.942,-0.0582913,0.0368155,1.76799,1.52226
13.944,-0.0521553,0.0398835,1.89798,1.52343
13.946,-0.0490874,0.0429515,1.86158,1.52448
13.948,-0.0460194,0.0460194,1.82882,1.52543
13.95,-0.0429515,0.0490874,1.79934,1.52629
13.952,-0.0398835,0.0490874,1.7728,1.37366
13.954,-0.0368155,0.0521553,1.74892,1.38969
13.956,-0.0368155,0.0521553,1.57403,1.25072
13.958,-0.0337476,0.0552233,1.57002,1.27905
13.96,-0.0337476,0.0552233,1.41302,1.15114
13.962,-0.0306796,0.0552233,1.42512,1.03603
13.964,-0.0306796,0.0552233,1.28261,0.932426
13.966,-0.0306796,0.0582913,1.15435,0.992581
13.968,-0.0276117,0.0582913,1.19231,0.893323
13.97,-0.0276117,0.0582913,1.07308,0.803991
13.972,-0.0276117,0.0582913,0.96577,0.723592
13.974,-0.0276117,0.0582913,0.869193,0.651233
13.976,-0.0276117,0.0582913,0.782274,0.586109
13.978,-0.0276117,0.0552233,0.704047,0.3741
13.98,-0.0276117,0.0552233,0.633642,0.33669
13.982,-0.0276117,0.0552233,0.570278,0.303021
13.984,-0.0245437,0.0552233,0.666648,0.272719
13.986,-0.0245437,0.0552233,0.599983,0.245447
13.988,-0.0245437,0.0552233,0.539985,0.220903
13.99,-0.0245437,0.0552233,0.485986,0.198812
13.992,-0.0245437,0.0552233,0.437388,0.178931
13.994,-0.0214757,0.0582913,0.547047,0.314436
13.996,-0.0214757,0.0582913,0.492342,0.282992
13.998,-0.0214757,0.0582913,0.443108,0.254693
14,-0.0214757,0.0613592,0.398797,0.382622
14.002,-0.0214757,0.0613592,0.358918,0.34436
14.004,-0.0214757,0.0613592,0.323026,0.309924
14.006,-0.0214757,0.0613592,0.290723,0.278931
14.008,-0.0214757,0.0582913,0.261651,0.0976402
14.01,-0.0214757,0.0582913,0.235486,0.0878762
14.012,-0.0214757,0.0582913,0.211937,0.0790885
14.014,-0.0245437,0.0582913,0.0373454,0.0711797
14.016,-0.0245437,0.0552233,0.0336109,-0.0893364
14.018,-0.0245437,0.0552233,0.0302498,-0.0804027
14.02,-0.0245437,0.0521553,0.0272248,-0.225761
14.022,-0.0276117,0.0521553,-0.128896,-0.203184
14.024,-0.0276117,0.0521553,-0.116006,-0.182866
14.026,-0.0276117,0.0521553,-0.104406,-0.164579
14.028,-0.0276117,0.0521553,-0.093965,-0.148121
14.03,-0.0306796,0.0521553,-0.237967,-0.133309
14.032,-0.0306796,0.0521553,-0.21417,-0.119978
14.034,-0.0306796,0.0521553,-0.192753,-0.107981
14.036,-0.0337476,0.0490874,-0.326876,-0.250581
14.038,-0.0337476,0.0490874,-0.294188,-0.225523
14.04,-0.0368155,0.0490874,-0.418167,-0.20297
14.042,-0.0398835,0.0460194,-0.529749,-0.336071
14.044,-0.0429515,0.0429515,-0.630172,-0.455862
14.046,-0.0460194,0.0398835,-0.720553,-0.563674
14.048,-0.0490874,0.0368155,-0.801896,-0.660705
14.05,-0.0521553,0.0337476,-0.875104,-0.748032
14.052,-0.0582913,0.0276117,-1.09439,-0.980025
14.054,-0.0613592,0.0245437,-1.13835,-1.03542
14.056,-0.0644272,0.0214757,-1.17791,-1.08528
14.058,-0.0674952,0.0184078,-1.21352,-1.13015
14.06,-0.0705631,0.0153398,-1.24557,-1.17053
14.062,-0.0736311,0.0122718,-1.27441,-1.20688
14.064,-0.079767,0.00920388,-1.45376,-1.23959
14.066,-0.082835,0.00613592,-1.46178,-1.26903
14.068,-0.0859029,0.00306796,-1.469,-1.29552
14.07,-0.0889709,0,-1.4755,-1.31937
14.072,-0.0920388,0,-1.48135,-1.18743
14.074,-0.0951068,-0.00306796,-1.48661,-1.22209
14.076,-0.0951068,-0.00613592,-1.33795,-1.25327
14.078,-0.0981748,-0.00920388,-1.35755,-1.28135
14.08,-0.101243,-0.00920388,-1.3752,-1.15321
14.082,-0.104311,-0.00920388,-1.39108,-1.03789
14.084,-0.104311,-0.0122718,-1.25197,-1.0875
14.086,-0.107379,-0.0122718,-1.28017,-0.978749
14.088,-0.107379,-0.0153398,-1.15215,-1.03427
14.09,-0.110447,-0.0153398,-1.19034,-0.930845
14.092,-0.110447,-0.0184078,-1.0713,-0.991159
14.094,-0.113515,-0.0184078,-1.11757,-0.892043
14.096,-0.113515,-0.0184078,-1.00581,-0.802838
14.098,-0.113515,-0.0184078,-0.905231,-0.722555
14.1,-0.116583,-0.0184078,-0.968106,-0.650299
14.102,-0.116583,-0.0184078,-0.871296,-0.585269
14.104,-0.116583,-0.0184078,-0.784166,-0.526742
14.106,-0.119651,-0.0184078,-0.859147,-0.474068
14.108,-0.119651,-0.0184078,-0.773233,-0.426661
14.11,-0.122718,-0.0214757,-0.849308,-0.537393
14.112,-0.122718,-0.0214757,-0.764377,-0.483654
14.114,-0.125786,-0.0245437,-0.841337,-0.588687
14.116,-0.125786,-0.0245437,-0.757203,-0.529818
14.118,-0.128854,-0.0245437,-0.834881,-0.476836
14.12,-0.128854,-0.0276117,-0.751393,-0.582551
14.122,-0.131922,-0.0276117,-0.829652,-0.524296
14.124,-0.131922,-0.0276117,-0.746687,-0.471866
14.126,-0.13499,-0.0276117,-0.825416,-0.424679
14.128,-0.13499,-0.0306796,-0.742874,-0.53561
14.13,-0.138058,-0.0306796,-0.821985,-0.482049
14.132,-0.138058,-0.0337476,-0.739787,-0.587242
14.134,-0.141126,-0.0337476,-0.819206,-0.528518
14.136,-0.144194,-0.0368155,-0.890683,-0.629064
14.138,-0.144194,-0.0368155,-0.801615,-0.566158
14.14,-0.147262,-0.0398835,-0.874852,-0.66294
14.142,-0.15033,-0.0429515,-0.940765,-0.750044
14.144,-0.153398,-0.0429515,-1.00009,-0.67504
14.146,-0.153398,-0.0460194,-0.900078,-0.760934
14.148,-0.156466,-0.0490874,-0.963468,-0.838238
14.15,-0.156466,-0.0490874,-0.867121,-0.754415
14.152,-0.159534,-0.0521553,-0.933807,-0.832371
14.154,-0.159534,-0.0521553,-0.840426,-0.749134
14.156,-0.162602,-0.0552233,-0.909782,-0.827619
14.158,-0.162602,-0.0552233,-0.818804,-0.744857
14.16,-0.16567,-0.0582913,-0.890321,-0.823769
14.162,-0.16567,-0.0582913,-0.801289,-0.741392
14.164,-0.168738,-0.0582913,-0.874558,-0.667253
14.166,-0.168738,-0.0613592,-0.787103,-0.753926
14.168,-0.168738,-0.0613592,-0.708392,-0.678533
14.17,-0.168738,-0.0613592,-0.637553,-0.61068
14.172,-0.171806,-0.0613592,-0.727196,-0.549612
14.174,-0.171806,-0.0613592,-0.654476,-0.494651
14.176,-0.171806,-0.0613592,-0.589029,-0.445186
14.178,-0.171806,-0.0644272,-0.530126,-0.554065
14.18,-0.171806,-0.0644272,-0.477113,-0.498659
14.182,-0.171806,-0.0644272,-0.429402,-0.448793
14.184,-0.171806,-0.0644272,-0.386462,-0.403914
14.186,-0.171806,-0.0613592,-0.347816,-0.210124
14.188,-0.171806,-0.0613592,-0.313034,-0.189112
14.19,-0.168738,-0.0613592,-0.128332,-0.170201
14.192,-0.168738,-0.0613592,-0.115499,-0.15318
14.194,-0.168738,-0.0613592,-0.103949,-0.137862
14.196,-0.168738,-0.0613592,-0.0935544,-0.124076
14.198,-0.16567,-0.0613592,0.0691991,-0.111669
14.2,-0.162602,-0.0582913,0.215677,0.0528964
14.202,-0.162602,-0.0582913,0.19411,0.0476067
14.204,-0.159534,-0.0552233,0.328097,0.196244
14.206,-0.159534,-0.0552233,0.295287,0.17662
14.208,-0.159534,-0.0521553,0.265758,0.312356
14.21,-0.156466,-0.0521553,0.392581,0.28112
14.212,-0.156466,-0.0521553,0.353323,0.253008
14.214,-0.153398,-0.0490874,0.471388,0.381105
14.216,-0.153398,-0.0490874,0.42425,0.342995
14.218,-0.153398,-0.0490874,0.381825,0.308695
14.22,-0.15033,-0.0490874,0.49704,0.277826
14.222,-0.15033,-0.0490874,0.447336,0.250043
14.224,-0.15033,-0.0490874,0.402603,0.225039
14.226,-0.147262,-0.0490874,0.51574,0.202535
14.228,-0.147262,-0.0490874,0.464166,0.182282
14.23,-0.144194,-0.0490874,0.571148,0.164053
14.232,-0.144194,-0.0460194,0.514033,0.301046
14.234,-0.144194,-0.0460194,0.46263,0.270942
14.236,-0.141126,-0.0460194,0.569765,0.243847
14.238,-0.138058,-0.0429515,0.666186,0.372861
14.24,-0.138058,-0.0429515,0.599568,0.335575
14.242,-0.13499,-0.0429515,0.693009,0.302017
14.244,-0.13499,-0.0398835,0.623708,0.425214
14.246,-0.131922,-0.0398835,0.714735,0.382692
14.248,-0.131922,-0.0398835,0.643262,0.344423
14.25,-0.128854,-0.0398835,0.732334,0.309981
14.252,-0.125786,-0.0368155,0.812498,0.432381
14.254,-0.125786,-0.0368155,0.731249,0.389143
14.256,-0.122718,-0.0368155,0.811522,0.350228
14.258,-0.122718,-0.0337476,0.73037,0.468604
14.26,-0.119651,-0.0337476,0.810731,0.421743
14.262,-0.116583,-0.0337476,0.883056,0.379569
14.264,-0.113515,-0.0337476,0.948148,0.341612
14.266,-0.110447,-0.0306796,1.00673,0.460849
14.268,-0.110447,-0.0276117,0.906058,0.568162
14.27,-0.107379,-0.0245437,0.968851,0.664744
14.272,-0.104311,-0.0245437,1.02536,0.59827
14.274,-0.101243,-0.0214757,1.07623,0.691841
14.276,-0.0981748,-0.0214757,1.122,0.622657
14.278,-0.0951068,-0.0184078,1.1632,0.713789
14.28,-0.0951068,-0.0184078,1.04688,0.64241
14.282,-0.0920388,-0.0153398,1.09559,0.731567
14.284,-0.0889709,-0.0153398,1.13943,0.65841
14.286,-0.0859029,-0.0122718,1.17888,0.745968
14.288,-0.082835,-0.0122718,1.21439,0.671371
14.29,-0.079767,-0.00920388,1.24635,0.757632
14.292,-0.076699,-0.00920388,1.27511,0.681869
14.294,-0.0736311,-0.00613592,1.301,0.76708
14.296,-0.0705631,-0.00613592,1.3243,0.690372
14.298,-0.0705631,-0.00306796,1.19187,0.774733
14.3,-0.0644272,0,1.37948,0.850658
14.302,-0.0644272,0,1.24153,0.765592
14.304,-0.0613592,0.00306796,1.27078,0.842431
14.306,-0.0582913,0.00306796,1.2971,0.758188
14.308,-0.0552233,0.00613592,1.32078,0.835767
14.31,-0.0521553,0.00920388,1.3421,0.905588
14.312,-0.0490874,0.00920388,1.36129,0.815029
14.314,-0.0460194,0.0122718,1.37856,0.886925
14.316,-0.0429515,0.0153398,1.3941,0.95163
14.318,-0.0398835,0.0153398,1.40809,0.856467
14.32,-0.0368155,0.0184078,1.42068,0.924219
14.322,-0.0337476,0.0184078,1.43201,0.831797
14.324,-0.0337476,0.0214757,1.28881,0.902015
14.326,-0.0306796,0.0214757,1.31333,0.811814
14.328,-0.0306796,0.0214757,1.18199,0.730632
14.33,-0.0276117,0.0214757,1.21719,0.657569
14.332,-0.0276117,0.0214757,1.09547,0.591812
14.334,-0.0245437,0.0214757,1.13932,0.532631
14.336,-0.0245437,0.0214757,1.02539,0.479368
14.338,-0.0245437,0.0214757,0.922852,0.431431
14.34,-0.0245437,0.0214757,0.830567,0.388288
14.342,-0.0214757,0.0214757,0.900908,0.349459
14.344,-0.0214757,0.0214757,0.810818,0.314513
14.346,-0.0214757,0.0214757,0.729736,0.283062
14.348,-0.0214757,0.0184078,0.656762,0.101358
14.35,-0.0214757,0.0184078,0.591086,0.0912219
14.352,-0.0214757,0.0184078,0.531977,0.0820997
14.354,-0.0184078,0.0184078,0.632178,0.0738897
14.356,-0.0184078,0.0184078,0.56896,0.0665007
14.358,-0.0184078,0.0153398,0.512064,-0.0935474
14.36,-0.0184078,0.0153398,0.460858,-0.0841927
14.362,-0.0184078,0.0153398,0.414772,-0.0757734
14.364,-0.0153398,0.0153398,0.526693,-0.0681961
14.366,-0.0153398,0.0153398,0.474023,-0.0613765
14.368,-0.0153398,0.0153398,0.426621,-0.0552388
14.37,-0.0153398,0.0153398,0.383959,-0.0497149
14.372,-0.0122718,0.0153398,0.498961,-0.0447434
14.374,-0.0122718,0.0153398,0.449065,-0.0402691
14.376,-0.0122718,0.0153398,0.404159,-0.0362422
14.378,-0.00920388,0.0153398,0.517141,-0.032618
14.38,-0.00920388,0.0153398,0.465427,-0.0293562
14.382,-0.00613592,0.0184078,0.572282,0.126978
14.384,-0.00306796,0.0184078,0.668452,0.11428
14.386,-0.00306796,0.0214757,0.601607,0.25625
14.388,-0,0.0214757,0.694844,0.230625
14.39,0.00306796,0.0245437,0.778758,0.36096
14.392,0.00306796,0.0245437,0.700882,0.324864
14.394,0.00613592,0.0276117,0.784192,0.445776
14.396,0.00920388,0.0306796,0.859171,0.554597
14.398,0.0122718,0.0306796,0.926652,0.499137
14.4,0.0153398,0.0337476,0.987385,0.602621
14.402,0.0153398,0.0337476,0.888646,0.542359
14.404,0.0184078,0.0368155,0.95318,0.641521
14.406,0.0184078,0.0368155,0.857862,0.577369
14.408,0.0214757,0.0368155,0.925474,0.519632
14.41,0.0214757,0.0368155,0.832926,0.467669
14.412,0.0245437,0.0398835,0.903032,0.5743
14.414,0.0245437,0.0398835,0.812729,0.51687
14.416,0.0276117,0.0398835,0.884854,0.465183
14.418,0.0276117,0.0429515,0.796368,0.572063
14.42,0.0306796,0.0429515,0.87013,0.514857
14.422,0.0306796,0.0429515,0.783117,0.463371
14.424,0.0306796,0.0460194,0.704805,0.570432
14.426,0.0337476,0.0460194,0.787723,0.513389
14.428,0.0337476,0.0460194,0.70895,0.46205
14.43,0.0337476,0.0460194,0.638055,0.415845
14.432,0.0337476,0.0460194,0.57425,0.37426
14.434,0.0337476,0.0429515,0.516825,0.183436
14.436,0.0337476,0.0429515,0.465142,0.165093
14.438,0.0337476,0.0398835,0.418628,-0.00481469
14.44,0.0306796,0.0398835,0.223367,-0.00433322
14.442,0.0306796,0.0398835,0.20103,-0.0038999
14.444,0.0306796,0.0398835,0.180927,-0.00350991
14.446,0.0306796,0.0368155,0.162835,-0.156557
14.448,0.0276117,0.0368155,-0.00684687,-0.140901
14.45,0.0276117,0.0337476,-0.00616218,-0.280209
14.452,0.0245437,0.0337476,-0.158944,-0.252188
14.454,0.0245437,0.0306796,-0.14305,-0.380368
14.456,0.0214757,0.0276117,-0.282143,-0.495729
14.458,0.0214757,0.0245437,-0.253928,-0.599554
14.46,0.0184078,0.0245437,-0.381934,-0.539599
14.462,0.0153398,0.0214757,-0.497138,-0.639037
14.464,0.0153398,0.0214757,-0.447425,-0.575133
14.466,0.0153398,0.0184078,-0.402682,-0.671018
14.468,0.0122718,0.0153398,-0.515812,-0.757314
14.47,0.0122718,0.0153398,-0.464231,-0.681583
14.472,0.0122718,0.0153398,-0.417808,-0.613425
14.474,0.0122718,0.0153398,-0.376027,-0.552082
14.476,0.0122718,0.0153398,-0.338424,-0.496874
14.478,0.0122718,0.0153398,-0.304582,-0.447186
14.48,0.0122718,0.0153398,-0.274124,-0.402468
14.482,0.0122718,0.0153398,-0.246711,-0.362221
14.484,0.0122718,0.0153398,-0.22204,-0.325999
14.486,0.0122718,0.0153398,-0.199836,-0.293399
14.488,0.0122718,0.0153398,-0.179853,-0.264059
14.49,0.0122718,0.0153398,-0.161867,-0.237653
14.492,0.0122718,0.0153398,-0.145681,-0.213888
14.494,0.00920388,0.0153398,-0.284511,-0.192499
14.496,0.0122718,0.0153398,-0.102661,-0.173249
14.498,0.00920388,0.0153398,-0.245793,-0.155924
14.5,0.00920388,0.0153398,-0.221214,-0.140332
14.502,0.00920388,0.0122718,-0.199093,-0.279697
14.504,0.00613592,0.0122718,-0.332581,-0.251727
14.506,0.00613592,0.0122718,-0.299323,-0.226554
14.508,0.00613592,0.0122718,-0.269391,-0.203899
14.51,0.00306796,0.0122718,-0.39585,-0.183509
14.512,0.00306796,0.00920388,-0.356265,-0.318556
14.514,0.00306796,0.00920388,-0.320638,-0.286701
14.516,-0,0.00920388,-0.441973,-0.258031
14.518,-0,0.00613592,-0.397775,-0.385626
14.52,-0,0.00306796,-0.357998,-0.500461
14.522,-0.00306796,0.00306796,-0.475596,-0.450415
14.524,-0.00306796,0,-0.428037,-0.558772
14.526,-0.00613592,0,-0.538631,-0.502894
14.528,-0.00920388,-0.00306796,-0.638166,-0.606003
14.53,-0.00920388,-0.00613592,-0.574349,-0.698801
14.532,-0.0122718,-0.00613592,-0.670313,-0.628921
14.534,-0.0153398,-0.00920388,-0.756679,-0.719427
14.536,-0.0153398,-0.0122718,-0.681011,-0.800882
14.538,-0.0184078,-0.0122718,-0.766308,-0.720794
14.54,-0.0214757,-0.0153398,-0.843076,-0.802113
14.542,-0.0214757,-0.0184078,-0.758768,-0.875299
14.544,-0.0245437,-0.0184078,-0.836289,-0.787769
14.546,-0.0245437,-0.0214757,-0.75266,-0.862391
14.548,-0.0276117,-0.0245437,-0.830792,-0.92955
14.55,-0.0276117,-0.0245437,-0.747713,-0.836595
14.552,-0.0276117,-0.0245437,-0.672942,-0.752935
14.554,-0.0306796,-0.0245437,-0.759046,-0.677642
14.556,-0.0306796,-0.0245437,-0.683141,-0.609878
14.558,-0.0306796,-0.0245437,-0.614827,-0.54889
14.56,-0.0306796,-0.0245437,-0.553344,-0.494001
14.562,-0.0306796,-0.0245437,-0.49801,-0.444601
14.564,-0.0306796,-0.0245437,-0.448209,-0.400141
14.566,-0.0306796,-0.0245437,-0.403388,-0.360127
14.568,-0.0306796,-0.0245437,-0.363049,-0.324114
14.57,-0.0337476,-0.0276117,-0.480142,-0.445101
14.572,-0.0337476,-0.0276117,-0.432128,-0.400591
14.574,-0.0337476,-0.0276117,-0.388915,-0.360531
14.576,-0.0337476,-0.0276117,-0.350024,-0.324478
14.578,-0.0337476,-0.0306796,-0.315021,-0.445429
14.58,-0.0337476,-0.0306796,-0.283519,-0.400886
14.582,-0.0337476,-0.0306796,-0.255167,-0.360797
14.584,-0.0337476,-0.0306796,-0.229651,-0.324717
14.586,-0.0337476,-0.0276117,-0.206686,-0.138848
14.588,-0.0306796,-0.0276117,-0.0326189,-0.124963
14.59,-0.0306796,-0.0245437,-0.029357,0.0409315
14.592,-0.0276117,-0.0245437,0.126977,0.0368384
14.594,-0.0276117,-0.0214757,0.114279,0.186553
14.596,-0.0245437,-0.0214757,0.256249,0.167897
14.598,-0.0245437,-0.0214757,0.230624,0.151108
14.6,-0.0245437,-0.0184078,0.207562,0.289395
14.602,-0.0245437,-0.0184078,0.186806,0.260455
14.604,-0.0214757,-0.0184078,0.321523,0.23441
14.606,-0.0214757,-0.0184078,0.289371,0.210969
14.608,-0.0214757,-0.0153398,0.260434,0.34327
14.61,-0.0214757,-0.0153398,0.23439,0.308943
14.612,-0.0184078,-0.0153398,0.364349,0.278049
14.614,-0.0184078,-0.0153398,0.327915,0.250244
14.616,-0.0184078,-0.0153398,0.295123,0.22522
14.618,-0.0184078,-0.0153398,0.265611,0.202698
14.62,-0.0153398,-0.0153398,0.392448,0.182428
14.622,-0.0153398,-0.0122718,0.353203,0.317583
14.624,-0.0122718,-0.0122718,0.471281,0.285825
14.626,-0.0122718,-0.0122718,0.424153,0.257242
14.628,-0.00920388,-0.00920388,0.535135,0.384916
14.63,-0.00613592,-0.00613592,0.63502,0.499823
14.632,-0.00613592,-0.00306796,0.571518,0.603238
14.634,-0.00306796,0,0.667764,0.696313
14.636,-0,0,0.754386,0.626681
14.638,-0,0,0.678947,0.564013
14.64,0.00306796,0.00306796,0.764451,0.66101
14.642,0.00306796,0.00306796,0.688006,0.594909
14.644,0.00306796,0.00613592,0.619205,0.688816
14.646,0.00613592,0.00613592,0.710683,0.619935
14.648,0.00613592,0.00613592,0.639614,0.557941
14.65,0.00613592,0.00613592,0.575653,0.502147
14.652,0.00920388,0.00920388,0.671486,0.60533
14.654,0.00920388,0.00920388,0.604337,0.544797
14.656,0.00920388,0.00920388,0.543903,0.490318
14.658,0.00920388,0.00920388,0.489513,0.441286
14.66,0.00920388,0.00920388,0.440562,0.397157
14.662,0.0122718,0.00920388,0.549904,0.357442
14.664,0.0122718,0.00920388,0.494913,0.321697
14.666,0.0122718,0.0122718,0.445422,0.442926
14.668,0.0153398,0.0122718,0.554278,0.398633
14.67,0.0153398,0.0122718,0.49885,0.35877
14.672,0.0153398,0.0153398,0.448965,0.476291
14.674,0.0184078,0.0153398,0.557467,0.428662
14.676,0.0184078,0.0184078,0.50172,0.539194
14.678,0.0214757,0.0184078,0.604946,0.485274
14.68,0.0214757,0.0184078,0.544451,0.436747
14.682,0.0245437,0.0214757,0.643404,0.54647
14.684,0.0245437,0.0214757,0.579064,0.491823
14.686,0.0245437,0.0214757,0.521158,0.442641
14.688,0.0245437,0.0214757,0.469042,0.398377
14.69,0.0245437,0.0214757,0.422138,0.358539
14.692,0.0245437,0.0245437,0.379924,0.476083
14.694,0.0245437,0.0214757,0.341931,0.275077
14.696,0.0245437,0.0214757,0.307738,0.247569
14.698,0.0245437,0.0214757,0.276964,0.222812
14.7,0.0245437,0.0184078,0.249268,0.047133
14.702,0.0214757,0.0184078,0.0709432,0.0424197
14.704,0.0214757,0.0153398,0.0638488,-0.11522
14.706,0.0214757,0.0153398,0.057464,-0.103698
14.708,0.0184078,0.0153398,-0.101681,-0.0933285
14.71,0.0184078,0.0122718,-0.0915125,-0.237394
14.712,0.0184078,0.0122718,-0.0823612,-0.213654
14.714,0.0153398,0.0122718,-0.227523,-0.192289
14.716,0.0153398,0.0122718,-0.204771,-0.17306
14.718,0.0153398,0.0122718,-0.184294,-0.155754
14.72,0.0153398,0.0122718,-0.165864,-0.140179
14.722,0.0153398,0.00920388,-0.149278,-0.279559
14.724,0.0122718,0.00920388,-0.287748,-0.251603
14.726,0.0122718,0.00920388,-0.258973,-0.226443
14.728,0.0122718,0.00920388,-0.233076,-0.203798
14.73,0.0122718,0.00613592,-0.209768,-0.336817
14.732,0.00920388,0.00613592,-0.34219,-0.303135
14.734,0.00920388,0.00613592,-0.307971,-0.272821
14.736,0.00920388,0.00306796,-0.277174,-0.398937
14.738,0.00613592,0.00306796,-0.402854,-0.359044
14.74,0.00613592,0.00306796,-0.362569,-0.323139
14.742,0.00306796,0,-0.47971,-0.444223
14.744,-0,0,-0.585137,-0.399801
14.746,-0,-0.00306796,-0.526623,-0.513219
14.748,-0.00306796,-0.00613592,-0.627359,-0.615295
14.75,-0.00613592,-0.00920388,-0.718021,-0.707164
14.752,-0.00920388,-0.0122718,-0.799617,-0.789845
14.754,-0.0122718,-0.0153398,-0.873054,-0.864259
14.756,-0.0122718,-0.0184078,-0.785748,-0.931231
14.758,-0.0153398,-0.0214757,-0.860572,-0.991506
14.76,-0.0153398,-0.0214757,-0.774514,-0.892356
14.762,-0.0184078,-0.0245437,-0.850461,-0.956518
14.764,-0.0184078,-0.0245437,-0.765415,-0.860866
14.766,-0.0184078,-0.0245437,-0.688873,-0.77478
14.768,-0.0214757,-0.0245437,-0.773384,-0.697302
14.77,-0.0214757,-0.0245437,-0.696046,-0.627572
14.772,-0.0214757,-0.0245437,-0.626441,-0.564814
14.774,-0.0214757,-0.0245437,-0.563797,-0.508333
14.776,-0.0214757,-0.0245437,-0.507417,-0.4575
14.778,-0.0214757,-0.0276117,-0.456676,-0.565148
14.78,-0.0214757,-0.0276117,-0.411008,-0.508633
14.782,-0.0245437,-0.0276117,-0.523305,-0.45777
14.784,-0.0245437,-0.0276117,-0.470975,-0.411993
14.786,-0.0245437,-0.0306796,-0.423877,-0.524192
14.788,-0.0245437,-0.0306796,-0.38149,-0.471772
14.79,-0.0245437,-0.0306796,-0.343341,-0.424595
14.792,-0.0276117,-0.0306796,-0.462405,-0.382136
14.794,-0.0276117,-0.0337476,-0.416164,-0.49732
14.796,-0.0306796,-0.0337476,-0.527946,-0.447588
14.798,-0.0306796,-0.0368155,-0.475151,-0.556227
14.8,-0.0306796,-0.0368155,-0.427636,-0.500605
14.802,-0.0337476,-0.0398835,-0.538271,-0.603942
14.804,-0.0337476,-0.0398835,-0.484444,-0.543548
14.806,-0.0337476,-0.0398835,-0.435999,-0.489193
14.808,-0.0337476,-0.0398835,-0.392399,-0.440274
14.81,-0.0337476,-0.0398835,-0.353159,-0.396247
14.812,-0.0337476,-0.0398835,-0.317843,-0.356622
14.814,-0.0337476,-0.0398835,-0.286059,-0.32096
14.816,-0.0337476,-0.0398835,-0.257453,-0.288864
14.818,-0.0337476,-0.0398835,-0.231708,-0.259977
14.82,-0.0306796,-0.0398835,-0.055139,-0.23398
14.822,-0.0306796,-0.0398835,-0.0496251,-0.210582
14.824,-0.0306796,-0.0398835,-0.0446626,-0.189523
14.826,-0.0306796,-0.0398835,-0.0401963,-0.170571
14.828,-0.0306796,-0.0398835,-0.0361767,-0.153514
14.83,-0.0276117,-0.0398835,0.120839,-0.138163
14.832,-0.0276117,-0.0398835,0.108755,-0.124346
14.834,-0.0276117,-0.0398835,0.0978796,-0.111912
14.836,-0.0276117,-0.0398835,0.0880917,-0.100721
14.838,-0.0276117,-0.0398835,0.0792825,-0.0906485
14.84,-0.0276117,-0.0398835,0.0713543,-0.0815836
14.842,-0.0276117,-0.0398835,0.0642188,-0.0734253
14.844,-0.0276117,-0.0398835,0.0577969,-0.0660828
14.846,-0.0276117,-0.0429515,0.0520173,-0.212873
14.848,-0.0306796,-0.0429515,-0.106583,-0.191585
14.85,-0.0306796,-0.0460194,-0.0959243,-0.325825
14.852,-0.0306796,-0.0460194,-0.0863319,-0.293242
14.854,-0.0306796,-0.0460194,-0.0776987,-0.263918
14.856,-0.0306796,-0.0490874,-0.0699288,-0.390924
14.858,-0.0337476,-0.0490874,-0.216334,-0.351832
14.86,-0.0337476,-0.0490874,-0.194701,-0.316649
14.862,-0.0337476,-0.0521553,-0.175231,-0.438382
14.864,-0.0337476,-0.0521553,-0.157707,-0.394544
14.866,-0.0337476,-0.0521553,-0.141937,-0.355089
14.868,-0.0337476,-0.0552233,-0.127743,-0.472979
14.87,-0.0306796,-0.0552233,0.0384293,-0.425681
14.872,-0.0306796,-0.0552233,0.0345864,-0.383113
14.874,-0.0306796,-0.0521553,0.0311277,-0.191403
14.876,-0.0276117,-0.0521553,0.181413,-0.172263
14.878,-0.0276117,-0.0521553,0.163272,-0.155037
14.88,-0.0245437,-0.0521553,0.300343,-0.139533
14.882,-0.0245437,-0.0521553,0.270308,-0.12558
14.884,-0.0245437,-0.0521553,0.243278,-0.113022
14.886,-0.0214757,-0.0521553,0.372348,-0.10172
14.888,-0.0214757,-0.0521553,0.335113,-0.0915476
14.89,-0.0184078,-0.0521553,0.455,-0.0823928
14.892,-0.0184078,-0.0490874,0.4095,0.0792445
14.894,-0.0153398,-0.0490874,0.521948,0.0713201
14.896,-0.0122718,-0.0460194,0.623151,0.217586
14.898,-0.00920388,-0.0460194,0.714234,0.195828
14.9,-0.00613592,-0.0429515,0.796209,0.329643
14.902,-0.00306796,-0.0429515,0.869986,0.296679
14.904,-0,-0.0398835,0.936386,0.420409
14.906,0.00306796,-0.0368155,0.996145,0.531766
14.908,0.00306796,-0.0368155,0.896531,0.478589
14.91,0.00613592,-0.0337476,0.960276,0.584129
14.912,0.0122718,-0.0306796,1.17104,0.679114
14.914,0.0153398,-0.0306796,1.20734,0.611202
14.916,0.0184078,-0.0276117,1.24,0.70348
14.918,0.0214757,-0.0245437,1.2694,0.78653
14.92,0.0245437,-0.0214757,1.29586,0.861275
14.922,0.0306796,-0.0184078,1.47307,0.928546
14.924,0.0337476,-0.0153398,1.47916,0.989089
14.926,0.0368155,-0.0122718,1.48464,1.04358
14.928,0.0398835,-0.00920388,1.48958,1.09262
14.93,0.0460194,-0.00613592,1.64741,1.13675
14.932,0.0490874,-0.00306796,1.63607,1.17648
14.934,0.0521553,-0.00306796,1.62586,1.05883
14.936,0.0552233,0,1.61667,1.10634
14.938,0.0613592,0.00306796,1.7618,1.14911
14.94,0.0644272,0.00613592,1.73902,1.1876
14.942,0.0674952,0.00920388,1.71852,1.22223
14.944,0.0736311,0.0122718,1.85346,1.25341
14.946,0.076699,0.0153398,1.82151,1.28147
14.948,0.079767,0.0184078,1.79276,1.30672
14.95,0.082835,0.0214757,1.76688,1.32944
14.952,0.0859029,0.0214757,1.74359,1.1965
14.954,0.0920388,0.0245437,1.87603,1.23025
14.956,0.0951068,0.0276117,1.84182,1.26062
14.958,0.0981748,0.0306796,1.81104,1.28796
14.96,0.101243,0.0337476,1.78333,1.31256
14.962,0.107379,0.0368155,1.9118,1.3347
14.964,0.110447,0.0398835,1.87401,1.35463
14.966,0.113515,0.0429515,1.84001,1.37256
14.968,0.116583,0.0460194,1.80941,1.38871
14.97,0.119651,0.0460194,1.78187,1.24984
14.972,0.122718,0.0490874,1.75708,1.27825
14.974,0.125786,0.0490874,1.73477,1.15043
14.976,0.125786,0.0521553,1.56129,1.18878
14.978,0.128854,0.0521553,1.55856,1.0699
14.98,0.131922,0.0521553,1.5561,0.962912
14.982,0.131922,0.0521553,1.40049,0.866621
14.984,0.13499,0.0552233,1.41384,0.933357
14.986,0.13499,0.0552233,1.27246,0.840021
14.988,0.138058,0.0552233,1.29861,0.756019
14.99,0.138058,0.0552233,1.16875,0.680417
14.992,0.138058,0.0582913,1.05187,0.765774
14.994,0.141126,0.0582913,1.10008,0.689196
14.996,0.141126,0.0582913,0.990076,0.620277
14.998,0.144194,0.0582913,1.04447,0.558249
15,0.144194,0.0582913,0.94002,0.502424
15.002,0.147262,0.0582913,0.999416,0.452182
15.004,0.147262,0.0613592,0.899474,0.560362
15.006,0.147262,0.0582913,0.809527,0.350927
15.008,0.147262,0.0582913,0.728574,0.315835
15.01,0.147262,0.0582913,0.655717,0.284251
15.012,0.147262,0.0582913,0.590145,0.255826
15.014,0.147262,0.0582913,0.53113,0.230243
15.016,0.147262,0.0582913,0.478017,0.207219
15.018,0.147262,0.0552233,0.430216,0.0330991
15.02,0.147262,0.0552233,0.387194,0.0297892
15.022,0.147262,0.0552233,0.348475,0.0268103
15.024,0.147262,0.0552233,0.313627,0.0241292
15.026,0.147262,0.0552233,0.282264,0.0217163
15.028,0.147262,0.0552233,0.254038,0.0195447
15.03,0.147262,0.0552233,0.228634,0.0175902
15.032,0.147262,0.0552233,0.205771,0.0158312
15.034,0.147262,0.0552233,0.185194,0.0142481
15.036,0.147262,0.0521553,0.166674,-0.140575
15.038,0.147262,0.0521553,0.150007,-0.126517
15.04,0.147262,0.0521553,0.135006,-0.113866
15.042,0.147262,0.0521553,0.121506,-0.102479
15.044,0.147262,0.0521553,0.109355,-0.0922311
15.046,0.147262,0.0521553,0.0984195,-0.083008
15.048,0.144194,0.0521553,-0.0648205,-0.0747072
15.05,0.144194,0.0490874,-0.0583384,-0.220635
15.052,0.144194,0.0490874,-0.0525046,-0.198571
15.054,0.144194,0.0490874,-0.0472541,-0.178714
15.056,0.144194,0.0490874,-0.0425287,-0.160843
15.058,0.144194,0.0490874,-0.0382759,-0.144758
15.06,0.141126,0.0490874,-0.187846,-0.130283
15.062,0.141126,0.0490874,-0.169062,-0.117254
15.064,0.141126,0.0490874,-0.152156,-0.105529
15.066,0.141126,0.0460194,-0.13694,-0.248374
15.068,0.141126,0.0460194,-0.123246,-0.223537
15.07,0.141126,0.0460194,-0.110921,-0.201183
15.072,0.138058,0.0460194,-0.253227,-0.181065
15.074,0.138058,0.0460194,-0.227905,-0.162958
15.076,0.138058,0.0460194,-0.205114,-0.146662
15.078,0.138058,0.0460194,-0.184603,-0.131996
15.08,0.13499,0.0460194,-0.319541,-0.118797
15.082,0.13499,0.0460194,-0.287586,-0.106917
15.084,0.13499,0.0429515,-0.258828,-0.249623
15.086,0.131922,0.0429515,-0.386343,-0.224661
15.088,0.131922,0.0429515,-0.347709,-0.202195
15.09,0.128854,0.0398835,-0.466336,-0.335373
15.092,0.125786,0.0398835,-0.5731,-0.301836
15.094,0.125786,0.0368155,-0.51579,-0.425051
15.096,0.122718,0.0368155,-0.617609,-0.382546
15.098,0.119651,0.0337476,-0.709247,-0.497689
15.1,0.119651,0.0306796,-0.638322,-0.601318
15.102,0.116583,0.0306796,-0.727888,-0.541186
15.104,0.113515,0.0276117,-0.808497,-0.640466
15.106,0.110447,0.0245437,-0.881045,-0.729817
15.108,0.107379,0.0245437,-0.946339,-0.656836
15.11,0.104311,0.0214757,-1.0051,-0.74455
15.112,0.101243,0.0184078,-1.05799,-0.823493
15.114,0.0981748,0.0153398,-1.10559,-0.894542
15.116,0.0951068,0.0122718,-1.14843,-0.958486
15.118,0.0920388,0.0122718,-1.18698,-0.862637
15.12,0.0889709,0.00920388,-1.22168,-0.929772
15.122,0.0859029,0.00613592,-1.25291,-0.990193
15.124,0.079767,0.00306796,-1.43442,-1.04457
15.126,0.076699,0,-1.44437,-1.09351
15.128,0.0736311,-0.00613592,-1.45334,-1.29096
15.13,0.0705631,-0.00920388,-1.4614,-1.31526
15.132,0.0644272,-0.0122718,-1.62206,-1.33713
15.134,0.0613592,-0.0153398,-1.61325,-1.35682
15.136,0.0582913,-0.0184078,-1.60532,-1.37453
15.138,0.0521553,-0.0214757,-1.75159,-1.39048
15.14,0.0490874,-0.0245437,-1.72983,-1.40483
15.142,0.0460194,-0.0276117,-1.71024,-1.41774
15.144,0.0429515,-0.0306796,-1.69261,-1.42937
15.146,0.0398835,-0.0337476,-1.67675,-1.43983
15.148,0.0368155,-0.0368155,-1.66247,-1.44924
15.15,0.0337476,-0.0398835,-1.64962,-1.45772
15.152,0.0337476,-0.0398835,-1.48466,-1.31195
15.154,0.0306796,-0.0429515,-1.48959,-1.33415
15.156,0.0306796,-0.0429515,-1.34063,-1.20073
15.158,0.0276117,-0.0429515,-1.35997,-1.08066
15.16,0.0276117,-0.0429515,-1.22397,-0.972595
15.162,0.0276117,-0.0429515,-1.10158,-0.875335
15.164,0.0245437,-0.0429515,-1.14482,-0.787802
15.166,0.0245437,-0.0429515,-1.03033,-0.709022
15.168,0.0245437,-0.0429515,-0.927301,-0.638119
15.17,0.0245437,-0.0460194,-0.834571,-0.727706
15.172,0.0214757,-0.0460194,-0.904512,-0.654935
15.174,0.0214757,-0.0460194,-0.814061,-0.589442
15.176,0.0214757,-0.0460194,-0.732654,-0.530497
15.178,0.0214757,-0.0460194,-0.659389,-0.477448
15.18,0.0214757,-0.0460194,-0.59345,-0.429703
15.182,0.0214757,-0.0460194,-0.534105,-0.386733
15.184,0.0214757,-0.0460194,-0.480695,-0.348059
15.186,0.0214757,-0.0429515,-0.432625,-0.159855
15.188,0.0214757,-0.0429515,-0.389363,-0.14387
15.19,0.0245437,-0.0398835,-0.197028,0.0239153
15.192,0.0245437,-0.0368155,-0.177325,0.174922
15.194,0.0276117,-0.0337476,-0.00619484,0.310828
15.196,0.0276117,-0.0337476,-0.00557536,0.279745
15.198,0.0306796,-0.0306796,0.14838,0.405169
15.2,0.0337476,-0.0276117,0.28694,0.51805
15.202,0.0337476,-0.0245437,0.258246,0.619643
15.204,0.0368155,-0.0245437,0.38582,0.557679
15.206,0.0368155,-0.0214757,0.347238,0.655309
15.208,0.0398835,-0.0184078,0.465912,0.743176
15.21,0.0398835,-0.0184078,0.419321,0.668858
15.212,0.0429515,-0.0153398,0.530787,0.755371
15.214,0.0429515,-0.0153398,0.477708,0.679834
15.216,0.0429515,-0.0153398,0.429937,0.61185
15.218,0.0460194,-0.0122718,0.540342,0.704063
15.22,0.0460194,-0.0122718,0.486308,0.633657
15.222,0.0460194,-0.0122718,0.437677,0.570291
15.224,0.0460194,-0.0122718,0.393909,0.513262
15.226,0.0490874,-0.00920388,0.507916,0.615334
15.228,0.0490874,-0.00920388,0.457125,0.553801
15.23,0.0521553,-0.00920388,0.56481,0.498421
15.232,0.0521553,-0.00613592,0.508329,0.601977
15.234,0.0552233,-0.00306796,0.610894,0.695177
15.236,0.0552233,-0.00306796,0.549805,0.625659
15.238,0.0582913,0,0.648223,0.716491
15.24,0.0582913,0.00306796,0.5834,0.79824
15.242,0.0613592,0.00613592,0.678458,0.871814
15.244,0.0613592,0.00613592,0.610612,0.784633
15.246,0.0613592,0.00920388,0.549551,0.859568
15.248,0.0644272,0.00920388,0.647994,0.773611
15.25,0.0644272,0.00920388,0.583195,0.69625
15.252,0.0644272,0.00920388,0.524875,0.626625
15.254,0.0644272,0.00920388,0.472388,0.563962
15.256,0.0644272,0.00920388,0.425149,0.507566
15.258,0.0644272,0.00920388,0.382634,0.45681
15.26,0.0644272,0.00920388,0.344371,0.411129
15.262,0.0644272,0.00920388,0.309934,0.370016
15.264,0.0644272,0.0122718,0.27894,0.486412
15.266,0.0644272,0.0122718,0.251046,0.437771
15.268,0.0644272,0.0122718,0.225942,0.393994
15.27,0.0644272,0.0122718,0.203347,0.354595
15.272,0.0644272,0.0122718,0.183013,0.319135
15.274,0.0644272,0.00920388,0.164711,0.133823
15.276,0.0613592,0.00920388,-0.00515779,0.120441
15.278,0.0613592,0.00920388,-0.00464201,0.108397
15.28,0.0613592,0.00920388,-0.00417781,0.0975573
15.282,0.0613592,0.00920388,-0.00376003,0.0878016
15.284,0.0582913,0.00613592,-0.156782,-0.0743767
15.286,0.0582913,0.00613592,-0.141104,-0.066939
15.288,0.0552233,0.00613592,-0.280392,-0.0602451
15.29,0.0552233,0.00306796,-0.252352,-0.207619
15.292,0.0521553,0.00306796,-0.380515,-0.186857
15.294,0.0521553,0,-0.342464,-0.321569
15.296,0.0490874,0,-0.461615,-0.289412
15.298,0.0490874,-0.00306796,-0.415454,-0.413869
15.3,0.0460194,-0.00306796,-0.527307,-0.372482
15.302,0.0460194,-0.00613592,-0.474576,-0.488632
15.304,0.0429515,-0.00920388,-0.580516,-0.593167
15.306,0.0398835,-0.00920388,-0.675863,-0.53385
15.308,0.0398835,-0.00920388,-0.608277,-0.480465
15.31,0.0368155,-0.0122718,-0.700847,-0.585817
15.312,0.0368155,-0.0122718,-0.630762,-0.527235
15.314,0.0368155,-0.0153398,-0.567686,-0.62791
15.316,0.0337476,-0.0153398,-0.664316,-0.565119
15.318,0.0337476,-0.0153398,-0.597884,-0.508607
15.32,0.0337476,-0.0153398,-0.538096,-0.457746
15.322,0.0337476,-0.0153398,-0.484286,-0.411972
15.324,0.0337476,-0.0153398,-0.435857,-0.370774
15.326,0.0337476,-0.0153398,-0.392272,-0.333697
15.328,0.0337476,-0.0153398,-0.353045,-0.300327
15.33,0.0337476,-0.0153398,-0.31774,-0.270295
15.332,0.0337476,-0.0153398,-0.285966,-0.243265
15.334,0.0337476,-0.0122718,-0.257369,-0.0655405
15.336,0.0337476,-0.0122718,-0.231633,-0.0589864
15.338,0.0337476,-0.0122718,-0.208469,-0.0530878
15.34,0.0368155,-0.0122718,-0.0342242,-0.047779
15.342,0.0368155,-0.00920388,-0.0308018,0.110397
15.344,0.0368155,-0.00920388,-0.0277216,0.0993573
15.346,0.0368155,-0.00920388,-0.0249495,0.0894215
15.348,0.0368155,-0.00613592,-0.0224545,0.233877
15.35,0.0368155,-0.00613592,-0.0202091,0.21049
15.352,0.0398835,-0.00613592,0.13521,0.189441
15.354,0.0398835,-0.00613592,0.121689,0.170497
15.356,0.0398835,-0.00613592,0.10952,0.153447
15.358,0.0398835,-0.00613592,0.098568,0.138102
15.36,0.0398835,-0.00613592,0.0887112,0.124292
15.362,0.0398835,-0.00613592,0.0798401,0.111863
15.364,0.0398835,-0.00306796,0.0718561,0.254075
15.366,0.0368155,-0.00306796,-0.0887276,0.228667
15.368,0.0398835,-0.00306796,0.0735432,0.2058
15.37,0.0368155,-0.00306796,-0.0872092,0.18522
15.372,0.0368155,-0.00613592,-0.0784882,0.0133003
15.374,0.0368155,-0.00613592,-0.0706394,0.0119703
15.376,0.0368155,-0.00613592,-0.0635755,0.0107732
15.378,0.0368155,-0.00613592,-0.0572179,0.00969592
15.38,0.0398835,-0.00613592,0.101902,0.00872633
15.382,0.0398835,-0.00306796,0.0917117,0.161252
15.384,0.0398835,-0.00306796,0.0825406,0.145127
15.386,0.0398835,0,0.0742865,0.284012
15.388,0.0398835,0,0.0668579,0.255611
15.39,0.0398835,0,0.0601721,0.23005
15.392,0.0398835,0,0.0541549,0.207045
15.394,0.0398835,0,0.0487394,0.18634
15.396,0.0398835,0,0.0438654,0.167706
15.398,0.0398835,0,0.0394789,0.150936
15.4,0.0398835,0,0.035531,0.135842
15.402,0.0398835,0,0.0319779,0.122258
15.404,0.0398835,0,0.0287801,0.110032
15.406,0.0398835,0,0.0259021,0.0990289
15.408,0.0429515,0,0.17671,0.089126
15.41,0.0429515,0,0.159039,0.0802134
15.412,0.0429515,0.00306796,0.143135,0.22559
15.414,0.0429515,0.00613592,0.128822,0.356429
15.416,0.0460194,0.00613592,0.269337,0.320786
15.418,0.0460194,0.00920388,0.242404,0.442106
15.42,0.0460194,0.00920388,0.218163,0.397895
15.422,0.0490874,0.0122718,0.349745,0.511504
15.424,0.0490874,0.0122718,0.314771,0.460353
15.426,0.0490874,0.0122718,0.283294,0.414318
15.428,0.0490874,0.0122718,0.254964,0.372886
15.43,0.0490874,0.0122718,0.229468,0.335598
15.432,0.0460194,0.0122718,0.0531229,0.302038
15.434,0.0460194,0.0122718,0.0478106,0.271834
15.436,0.0460194,0.0122718,0.0430296,0.244651
15.438,0.0460194,0.00920388,0.0387266,0.0667875
15.44,0.0429515,0.00920388,-0.118544,0.0601087
15.442,0.0429515,0.00920388,-0.10669,0.0540979
15.444,0.0398835,0.00920388,-0.249419,0.0486881
15.446,0.0398835,0.00613592,-0.224477,-0.109579
15.448,0.0368155,0.00306796,-0.355427,-0.252019
15.45,0.0337476,0.00306796,-0.473283,-0.226817
15.452,0.0337476,0,-0.425954,-0.357533
15.454,0.0306796,-0.00306796,-0.536757,-0.475178
15.456,0.0276117,-0.00613592,-0.636479,-0.581058
15.458,0.0245437,-0.00920388,-0.72623,-0.676351
15.46,0.0214757,-0.0122718,-0.807005,-0.762114
15.462,0.0184078,-0.0153398,-0.879702,-0.8393
15.464,0.0153398,-0.0184078,-0.94513,-0.908768
15.466,0.0122718,-0.0214757,-1.00402,-0.97129
15.468,0.0122718,-0.0245437,-0.903614,-1.02756
15.47,0.00920388,-0.0245437,-0.96665,-0.924803
15.472,0.00920388,-0.0245437,-0.869985,-0.832323
15.474,0.00613592,-0.0276117,-0.936385,-0.902488
15.476,0.00613592,-0.0276117,-0.842746,-0.81224
15.478,0.00306796,-0.0276117,-0.91187,-0.731016
15.48,0.00306796,-0.0306796,-0.820683,-0.811312
15.482,0.00306796,-0.0306796,-0.738615,-0.730181
15.484,0.00306796,-0.0306796,-0.664753,-0.657163
15.486,0.00306796,-0.0306796,-0.598278,-0.591447
15.488,0.00306796,-0.0306796,-0.53845,-0.532302
15.49,0.00306796,-0.0276117,-0.484605,-0.325674
15.492,0.00306796,-0.0276117,-0.436145,-0.293106
15.494,0.00306796,-0.0276117,-0.39253,-0.263796
15.496,0.00306796,-0.0276117,-0.353277,-0.237416
15.498,0.00306796,-0.0245437,-0.317949,-0.0602764
15.5,0.00613592,-0.0245437,-0.132756,-0.0542488
15.502,0.00613592,-0.0245437,-0.119481,-0.0488239
15.504,0.00613592,-0.0245437,-0.107533,-0.0439415
15.506,0.00920388,-0.0214757,0.0566187,0.113851
15.508,0.00920388,-0.0214757,0.0509568,0.102466
15.51,0.00920388,-0.0184078,0.0458612,0.245617
15.512,0.0122718,-0.0184078,0.194673,0.221055
15.514,0.0122718,-0.0153398,0.175206,0.352348
15.516,0.0122718,-0.0153398,0.157685,0.317113
15.518,0.0153398,-0.0153398,0.295315,0.285402
15.52,0.0153398,-0.0122718,0.265783,0.41026
15.522,0.0184078,-0.0122718,0.392603,0.369234
15.524,0.0184078,-0.00920388,0.353343,0.485708
15.526,0.0214757,-0.00920388,0.471407,0.437138
15.528,0.0214757,-0.00613592,0.424266,0.546822
15.53,0.0245437,-0.00306796,0.535237,0.645538
15.532,0.0245437,-0.00306796,0.481714,0.580984
15.534,0.0276117,0,0.58694,0.676284
15.536,0.0276117,0,0.528246,0.608655
15.538,0.0306796,0,0.62882,0.54779
15.54,0.0306796,0.00306796,0.565938,0.646409
15.542,0.0306796,0.00306796,0.509344,0.581768
15.544,0.0306796,0.00613592,0.45841,0.676989
15.546,0.0337476,0.00613592,0.565967,0.60929
15.548,0.0337476,0.00613592,0.50937,0.548361
15.55,0.0337476,0.00613592,0.458433,0.493525
15.552,0.0306796,0.00613592,0.259192,0.444173
15.554,0.0306796,0.00306796,0.233273,0.246357
15.556,0.0306796,0.00306796,0.209945,0.221722
15.558,0.0276117,0,0.0355526,0.0461514
15.56,0.0276117,0,0.0319974,0.0415362
15.562,0.0245437,-0.00306796,-0.1246,-0.116015
15.564,0.0245437,-0.00306796,-0.11214,-0.104414
15.566,0.0245437,-0.00613592,-0.100926,-0.247371
15.568,0.0214757,-0.00613592,-0.244232,-0.222634
15.57,0.0214757,-0.00613592,-0.219809,-0.20037
15.572,0.0184078,-0.00613592,-0.351226,-0.180333
15.574,0.0184078,-0.00920388,-0.316103,-0.315698
15.576,0.0184078,-0.00920388,-0.284493,-0.284128
15.578,0.0153398,-0.0122718,-0.409442,-0.409113
15.58,0.0153398,-0.0122718,-0.368498,-0.368202
15.582,0.0153398,-0.0122718,-0.331648,-0.331382
15.584,0.0153398,-0.0122718,-0.298483,-0.298244
15.586,0.0153398,-0.0122718,-0.268635,-0.268419
15.588,0.0153398,-0.0122718,-0.241771,-0.241577
15.59,0.0153398,-0.0122718,-0.217594,-0.21742
15.592,0.0153398,-0.0122718,-0.195835,-0.195678
15.594,0.0153398,-0.0122718,-0.176251,-0.17611
15.596,0.0153398,-0.0122718,-0.158626,-0.158499
15.598,0.0153398,-0.0122718,-0.142763,-0.142649
15.6,0.0153398,-0.0122718,-0.128487,-0.128384
15.602,0.0184078,-0.0122718,0.0377596,-0.115546
15.604,0.0184078,-0.0122718,0.0339837,-0.103991
15.606,0.0184078,-0.0122718,0.0305853,-0.093592
15.608,0.0184078,-0.00920388,0.0275268,0.0691653
15.61,0.0184078,-0.00920388,0.0247741,0.0622487
15.612,0.0184078,-0.00920388,0.0222967,0.0560239
15.614,0.0214757,-0.00920388,0.173465,0.0504215
15.616,0.0214757,-0.00613592,0.156119,0.198777
15.618,0.0214757,-0.00613592,0.140507,0.1789
15.62,0.0214757,-0.00613592,0.126456,0.16101
15.622,0.0245437,-0.00613592,0.267209,0.144909
15.624,0.0245437,-0.00306796,0.240488,0.283816
15.626,0.0245437,-0.00306796,0.216439,0.255434
15.628,0.0245437,-0.00306796,0.194795,0.229891
15.63,0.0276117,0,0.328714,0.3603
15.632,0.0276117,0,0.295842,0.32427
15.634,0.0276117,0,0.266258,0.291843
15.636,0.0276117,0.00306796,0.239632,0.416057
15.638,0.0306796,0.00306796,0.369067,0.374451
15.64,0.0306796,0.00306796,0.33216,0.337006
15.642,0.0306796,0.00613592,0.298944,0.456703
15.644,0.0306796,0.00613592,0.26905,0.411033
15.646,0.0306796,0.00613592,0.242145,0.36993
15.648,0.0306796,0.00613592,0.21793,0.332937
15.65,0.0306796,0.00306796,0.196137,0.146245
15.652,0.0337476,0.00306796,0.329922,0.131621
15.654,0.0337476,0.00306796,0.29693,0.118458
15.656,0.0337476,0.00306796,0.267237,0.106613
15.658,0.0337476,0.00613592,0.240513,0.249349
15.66,0.0337476,0.00613592,0.216462,0.224414
15.662,0.0337476,0.00613592,0.194815,0.201973
15.664,0.0337476,0.00613592,0.175334,0.181776
15.666,0.0337476,0.00613592,0.157801,0.163598
15.668,0.0337476,0.00613592,0.14202,0.147238
15.67,0.0337476,0.00613592,0.127818,0.132515
15.672,0.0337476,0.00613592,0.115037,0.119263
15.674,0.0368155,0.00613592,0.256931,0.107337
15.676,0.0368155,0.00613592,0.231238,0.0966031
15.678,0.0368155,0.00920388,0.208114,0.240341
15.68,0.0368155,0.00920388,0.187303,0.216307
15.682,0.0337476,0.00613592,0.0151744,0.041278
15.684,0.0368155,0.00613592,0.167055,0.0371502
15.686,0.0337476,0.00613592,-0.00304858,0.0334352
15.688,0.0368155,0.00613592,0.150654,0.0300917
15.69,0.0368155,0.00613592,0.135589,0.0270825
15.692,0.0368155,0.00920388,0.12203,0.177772
15.694,0.0368155,0.00920388,0.109827,0.159995
15.696,0.0368155,0.00920388,0.0988443,0.143996
15.698,0.0368155,0.00920388,0.0889599,0.129596
15.7,0.0398835,0.0122718,0.233462,0.270035
15.702,0.0398835,0.0122718,0.210116,0.243031
15.704,0.0398835,0.0153398,0.189104,0.372126
15.706,0.0429515,0.0153398,0.323592,0.334913
15.708,0.0460194,0.0184078,0.444631,0.45482
15.71,0.0460194,0.0214757,0.400168,0.562736
15.712,0.0490874,0.0245437,0.513549,0.659861
15.714,0.0490874,0.0245437,0.462194,0.593875
15.716,0.0521553,0.0276117,0.569373,0.687885
15.718,0.0521553,0.0276117,0.512435,0.619097
15.72,0.0521553,0.0276117,0.461192,0.557187
15.722,0.0521553,0.0306796,0.415073,0.654866
15.724,0.0521553,0.0306796,0.373565,0.58938
15.726,0.0552233,0.0306796,0.489607,0.530442
15.728,0.0552233,0.0337476,0.440646,0.630796
15.73,0.0552233,0.0337476,0.396582,0.567716
15.732,0.0552233,0.0337476,0.356924,0.510945
15.734,0.0552233,0.0337476,0.321231,0.45985
15.736,0.0552233,0.0337476,0.289108,0.413865
15.738,0.0521553,0.0337476,0.106799,0.372479
15.74,0.0521553,0.0337476,0.0961192,0.335231
15.742,0.0521553,0.0306796,0.0865073,0.14831
15.744,0.0490874,0.0306796,-0.0755415,0.133479
15.746,0.0490874,0.0276117,-0.0679873,-0.0332673
15.748,0.0460194,0.0276117,-0.214587,-0.0299406
15.75,0.0460194,0.0245437,-0.193128,-0.180345
15.752,0.0429515,0.0245437,-0.327213,-0.16231
15.754,0.0429515,0.0245437,-0.294492,-0.146079
15.756,0.0398835,0.0245437,-0.418441,-0.131471
15.758,0.0398835,0.0245437,-0.376597,-0.118324
15.76,0.0398835,0.0214757,-0.338937,-0.25989
15.762,0.0368155,0.0214757,-0.458441,-0.233901
15.764,0.0368155,0.0184078,-0.412597,-0.363909
15.766,0.0368155,0.0184078,-0.371338,-0.327518
15.768,0.0337476,0.0184078,-0.487602,-0.294766
15.77,0.0337476,0.0184078,-0.438842,-0.26529
15.772,0.0337476,0.0184078,-0.394958,-0.238761
15.774,0.0337476,0.0184078,-0.355462,-0.214885
15.776,0.0337476,0.0184078,-0.319916,-0.193396
15.778,0.0306796,0.0184078,-0.441322,-0.174056
15.78,0.0306796,0.0184078,-0.39719,-0.156651
15.782,0.0306796,0.0184078,-0.357471,-0.140986
15.784,0.0306796,0.0184078,-0.321724,-0.126887
15.786,0.0276117,0.0184078,-0.44295,-0.114198
15.788,0.0276117,0.0184078,-0.398655,-0.102779
15.79,0.0245437,0.0184078,-0.512187,-0.0925007
15.792,0.0245437,0.0153398,-0.460968,-0.236649
15.794,0.0214757,0.0153398,-0.56827,-0.212984
15.796,0.0184078,0.0122718,-0.664841,-0.345084
15.798,0.0153398,0.0122718,-0.751755,-0.310575
15.8,0.0153398,0.00920388,-0.676579,-0.432916
15.802,0.0122718,0.00920388,-0.762319,-0.389624
15.804,0.00920388,0.00613592,-0.839486,-0.50406
15.806,0.00613592,0.00306796,-0.908935,-0.607052
15.808,0.00306796,0,-0.97144,-0.699745
15.81,-0,-0.00306796,-1.02769,-0.783168
15.812,-0.00306796,-0.00306796,-1.07832,-0.704852
15.814,-0.00613592,-0.00613592,-1.12389,-0.787764
15.816,-0.00920388,-0.00613592,-1.1649,-0.708988
15.818,-0.00920388,-0.00920388,-1.04841,-0.791487
15.82,-0.0122718,-0.0122718,-1.09697,-0.865737
15.822,-0.0153398,-0.0122718,-1.14067,-0.779163
15.824,-0.0153398,-0.0153398,-1.0266,-0.854645
15.826,-0.0184078,-0.0153398,-1.07734,-0.76918
15.828,-0.0214757,-0.0153398,-1.123,-0.692262
15.83,-0.0214757,-0.0184078,-1.0107,-0.776434
15.832,-0.0245437,-0.0184078,-1.06303,-0.698791
15.834,-0.0245437,-0.0184078,-0.956727,-0.628912
15.836,-0.0245437,-0.0184078,-0.861054,-0.56602
15.838,-0.0245437,-0.0214757,-0.774949,-0.662817
15.84,-0.0276117,-0.0214757,-0.850852,-0.596535
15.842,-0.0276117,-0.0184078,-0.765767,-0.383483
15.844,-0.0276117,-0.0184078,-0.68919,-0.345135
15.846,-0.0276117,-0.0184078,-0.620271,-0.310621
15.848,-0.0276117,-0.0184078,-0.558244,-0.279559
15.85,-0.0276117,-0.0184078,-0.50242,-0.251603
15.852,-0.0306796,-0.0184078,-0.605576,-0.226443
15.854,-0.0306796,-0.0184078,-0.545018,-0.203799
15.856,-0.0306796,-0.0184078,-0.490516,-0.183419
15.858,-0.0306796,-0.0153398,-0.441465,-0.0116789
15.86,-0.0306796,-0.0153398,-0.397318,-0.010511
15.862,-0.0306796,-0.0153398,-0.357586,-0.00945991
15.864,-0.0306796,-0.0153398,-0.321828,-0.00851392
15.866,-0.0306796,-0.0153398,-0.289645,-0.00766253
15.868,-0.0306796,-0.0122718,-0.260681,0.146502
15.87,-0.0306796,-0.0122718,-0.234612,0.131852
15.872,-0.0306796,-0.0122718,-0.211151,0.118666
15.874,-0.0306796,-0.0122718,-0.190036,0.1068
15.876,-0.0306796,-0.00920388,-0.171032,0.249518
15.878,-0.0306796,-0.00920388,-0.153929,0.224566
15.88,-0.0306796,-0.00920388,-0.138536,0.20211
15.882,-0.0306796,-0.00920388,-0.124683,0.181899
15.884,-0.0306796,-0.00613592,-0.112214,0.317107
15.886,-0.0306796,-0.00613592,-0.100993,0.285396
15.888,-0.0306796,-0.00613592,-0.0908937,0.256856
15.89,-0.0306796,-0.00613592,-0.0818043,0.231171
15.892,-0.0337476,-0.00920388,-0.227022,0.0546557
15.894,-0.0337476,-0.00920388,-0.20432,0.0491901
15.896,-0.0368155,-0.00920388,-0.337286,0.0442711
15.898,-0.0368155,-0.0122718,-0.303557,-0.113554
15.9,-0.0368155,-0.0122718,-0.273202,-0.102199
15.902,-0.0398835,-0.0122718,-0.399279,-0.0919788
15.904,-0.0429515,-0.0153398,-0.51275,-0.236179
15.906,-0.0429515,-0.0153398,-0.461475,-0.212561
15.908,-0.0460194,-0.0184078,-0.568725,-0.344703
15.91,-0.0460194,-0.0184078,-0.511853,-0.310233
15.912,-0.0460194,-0.0184078,-0.460667,-0.279209
15.914,-0.0460194,-0.0184078,-0.414601,-0.251289
15.916,-0.0490874,-0.0184078,-0.526539,-0.22616
15.918,-0.0490874,-0.0184078,-0.473885,-0.203544
15.92,-0.0490874,-0.0184078,-0.426496,-0.183189
15.922,-0.0490874,-0.0184078,-0.383847,-0.16487
15.924,-0.0490874,-0.0184078,-0.345462,-0.148383
15.926,-0.0490874,-0.0184078,-0.310916,-0.133545
15.928,-0.0521553,-0.0184078,-0.433222,-0.120191
15.93,-0.0521553,-0.0184078,-0.3899,-0.108171
15.932,-0.0521553,-0.0184078,-0.35091,-0.0973543
15.934,-0.0521553,-0.0184078,-0.315819,-0.0876189
15.936,-0.0521553,-0.0214757,-0.284237,-0.232255
15.938,-0.0521553,-0.0184078,-0.255813,-0.0556315
15.94,-0.0521553,-0.0184078,-0.230232,-0.0500683
15.942,-0.0521553,-0.0184078,-0.207209,-0.0450615
15.944,-0.0521553,-0.0153398,-0.186488,0.112843
15.946,-0.0521553,-0.0153398,-0.167839,0.101558
15.948,-0.0521553,-0.0153398,-0.151055,0.0914026
15.95,-0.0521553,-0.0122718,-0.13595,0.23566
15.952,-0.0490874,-0.0122718,0.0310433,0.212094
15.954,-0.0490874,-0.0122718,0.027939,0.190885
15.956,-0.0490874,-0.0122718,0.0251451,0.171796
15.958,-0.0490874,-0.0122718,0.0226306,0.154617
15.96,-0.0490874,-0.0122718,0.0203675,0.139155
15.962,-0.0490874,-0.00920388,0.0183308,0.278638
15.964,-0.0490874,-0.00920388,0.0164977,0.250774
15.966,-0.0521553,-0.00920388,-0.13855,0.225697
15.968,-0.0521553,-0.00920388,-0.124695,0.203127
15.97,-0.0521553,-0.00920388,-0.112226,0.182814
15.972,-0.0521553,-0.0122718,-0.101003,0.0111347
15.974,-0.0521553,-0.0122718,-0.0909028,0.0100212
15.976,-0.0552233,-0.0122718,-0.235211,0.0090191
15.978,-0.0552233,-0.0122718,-0.21169,0.00811719
15.98,-0.0582913,-0.0153398,-0.343919,-0.146093
15.982,-0.0582913,-0.0153398,-0.309527,-0.131483
15.984,-0.0582913,-0.0184078,-0.278574,-0.271733
15.986,-0.0582913,-0.0184078,-0.250717,-0.24456
15.988,-0.0613592,-0.0184078,-0.379043,-0.220104
15.99,-0.0613592,-0.0184078,-0.341139,-0.198093
15.992,-0.0582913,-0.0184078,-0.153627,-0.178284
15.994,-0.0582913,-0.0184078,-0.138264,-0.160456
15.996,-0.0582913,-0.0153398,-0.124438,0.00898797
15.998,-0.0582913,-0.0153398,-0.111994,0.00808918
16,-0.0552233,-0.0122718,0.0526035,0.160678
16.002,-0.0552233,-0.0122718,0.0473432,0.144611
16.004,-0.0521553,-0.00920388,0.196007,0.283548
16.006,-0.0490874,-0.00613592,0.329804,0.408591
16.008,-0.0490874,-0.00306796,0.296824,0.52113
16.01,-0.0460194,0,0.42054,0.622415
16.012,-0.0429515,0.00306796,0.531884,0.713572
16.014,-0.0398835,0.00613592,0.632093,0.795612
16.016,-0.0398835,0.00920388,0.568884,0.869449
16.018,-0.0368155,0.0122718,0.665394,0.935902
16.02,-0.0368155,0.0122718,0.598854,0.842312
16.022,-0.0337476,0.0153398,0.692367,0.911479
16.024,-0.0337476,0.0153398,0.62313,0.820331
16.026,-0.0337476,0.0153398,0.560817,0.738298
16.028,-0.0337476,0.0184078,0.504736,0.817866
16.03,-0.0306796,0.0184078,0.60766,0.73608
16.032,-0.0306796,0.0214757,0.546894,0.81587
16.034,-0.0306796,0.0214757,0.492205,0.734283
16.036,-0.0276117,0.0245437,0.596382,0.814253
16.038,-0.0276117,0.0245437,0.536744,0.732827
16.04,-0.0276117,0.0245437,0.48307,0.659545
16.042,-0.0276117,0.0245437,0.434763,0.59359
16.044,-0.0245437,0.0276117,0.544684,0.687629
16.046,-0.0245437,0.0276117,0.490216,0.618866
16.048,-0.0245437,0.0276117,0.441194,0.55698
16.05,-0.0245437,0.0276117,0.397075,0.501282
16.052,-0.0245437,0.0306796,0.357367,0.604552
16.054,-0.0245437,0.0306796,0.321631,0.544096
16.056,-0.0214757,0.0306796,0.442866,0.489687
16.058,-0.0214757,0.0337476,0.398579,0.594116
16.06,-0.0214757,0.0368155,0.358721,0.688103
16.062,-0.0214757,0.0368155,0.322849,0.619292
16.064,-0.0184078,0.0368155,0.443962,0.557363
16.066,-0.0184078,0.0398835,0.399566,0.655025
16.068,-0.0184078,0.0398835,0.359609,0.589522
16.07,-0.0184078,0.0429515,0.323649,0.683968
16.072,-0.0153398,0.0429515,0.444682,0.615571
16.074,-0.0153398,0.0429515,0.400214,0.554014
16.076,-0.0153398,0.0460194,0.360192,0.652011
16.078,-0.0153398,0.0460194,0.324173,0.58681
16.08,-0.0153398,0.0460194,0.291756,0.528129
16.082,-0.0184078,0.0460194,0.109182,0.475316
16.084,-0.0184078,0.0460194,0.0982638,0.427784
16.086,-0.0184078,0.0460194,0.0884375,0.385006
16.088,-0.0184078,0.0460194,0.0795937,0.346505
16.09,-0.0184078,0.0460194,0.0716343,0.311855
16.092,-0.0184078,0.0460194,0.0644709,0.280669
16.094,-0.0184078,0.0490874,0.0580238,0.406
16.096,-0.0214757,0.0490874,-0.101177,0.3654
16.098,-0.0214757,0.0490874,-0.091059,0.32886
16.1,-0.0214757,0.0490874,-0.0819531,0.295974
16.102,-0.0214757,0.0490874,-0.0737578,0.266377
16.104,-0.0214757,0.0521553,-0.066382,0.393137
16.106,-0.0214757,0.0521553,-0.0597438,0.353824
16.108,-0.0214757,0.0521553,-0.0537694,0.318441
16.11,-0.0214757,0.0552233,-0.0483925,0.439995
16.112,-0.0214757,0.0552233,-0.0435532,0.395996
16.114,-0.0214757,0.0552233,-0.0391979,0.356396
16.116,-0.0245437,0.0552233,-0.188676,0.320756
16.118,-0.0245437,0.0552233,-0.169809,0.288681
16.12,-0.0245437,0.0552233,-0.152828,0.259813
16.122,-0.0245437,0.0552233,-0.137545,0.233831
16.124,-0.0276117,0.0552233,-0.277189,0.210448
16.126,-0.0276117,0.0552233,-0.24947,0.189403
16.128,-0.0306796,0.0552233,-0.377921,0.170463
16.13,-0.0306796,0.0552233,-0.340129,0.153417
16.132,-0.0337476,0.0552233,-0.459514,0.138075
16.134,-0.0337476,0.0552233,-0.413563,0.124268
16.136,-0.0368155,0.0552233,-0.525604,0.111841
16.138,-0.0398835,0.0521553,-0.626442,-0.0527413
16.14,-0.0429515,0.0521553,-0.717196,-0.0474672
16.142,-0.0460194,0.0521553,-0.798874,-0.0427205
16.144,-0.0460194,0.0490874,-0.718987,-0.191846
16.146,-0.0490874,0.0490874,-0.800486,-0.172662
16.148,-0.0521553,0.0490874,-0.873836,-0.155396
16.15,-0.0552233,0.0460194,-0.93985,-0.293254
16.152,-0.0582913,0.0460194,-0.999263,-0.263929
16.154,-0.0582913,0.0460194,-0.899337,-0.237536
16.156,-0.0613592,0.0429515,-0.962801,-0.36718
16.158,-0.0644272,0.0429515,-1.01992,-0.330462
16.16,-0.0674952,0.0429515,-1.07133,-0.297416
16.162,-0.0674952,0.0429515,-0.964193,-0.267674
16.164,-0.0705631,0.0429515,-1.02117,-0.240907
16.166,-0.0705631,0.0398835,-0.919055,-0.370214
16.168,-0.0736311,0.0429515,-0.980547,-0.179795
16.17,-0.076699,0.0398835,-1.03589,-0.315213
16.172,-0.079767,0.0398835,-1.0857,-0.283692
16.174,-0.082835,0.0398835,-1.13053,-0.255323
16.176,-0.0859029,0.0398835,-1.17087,-0.229791
16.178,-0.0859029,0.0368155,-1.05379,-0.36021
16.18,-0.0920388,0.0368155,-1.2552,-0.324189
16.182,-0.0951068,0.0337476,-1.28308,-0.445168
16.184,-0.0981748,0.0337476,-1.30817,-0.400651
16.186,-0.101243,0.0306796,-1.33075,-0.513984
16.188,-0.104311,0.0306796,-1.35107,-0.462586
16.19,-0.107379,0.0276117,-1.36937,-0.569725
16.192,-0.110447,0.0276117,-1.38583,-0.512753
16.194,-0.116583,0.0245437,-1.55404,-0.614875
16.196,-0.119651,0.0245437,-1.55203,-0.553388
16.198,-0.122718,0.0214757,-1.55023,-0.651447
16.2,-0.125786,0.0184078,-1.5486,-0.739701
16.202,-0.131922,0.0153398,-1.70054,-0.819129
16.204,-0.13499,0.0122718,-1.68388,-0.890614
16.206,-0.141126,0.0122718,-1.82229,-0.801552
16.208,-0.144194,0.00920388,-1.79346,-0.874795
16.21,-0.147262,0.00613592,-1.76751,-0.940714
16.212,-0.153398,0.00306796,-1.89756,-1.00004
16.214,-0.156466,0.00306796,-1.8612,-0.900036
16.216,-0.159534,0,-1.82848,-0.963431
16.218,-0.16567,-0.00306796,-1.95243,-1.02049
16.22,-0.168738,-0.00613592,-1.91058,-1.07184
16.222,-0.171806,-0.00613592,-1.87292,-0.964652
16.224,-0.177942,-0.00920388,-1.99243,-1.02158
16.226,-0.18101,-0.0122718,-1.94658,-1.07282
16.228,-0.184078,-0.0122718,-1.90532,-0.965542
16.23,-0.190214,-0.0153398,-2.02159,-1.02239
16.232,-0.193282,-0.0153398,-1.97282,-0.920147
16.234,-0.19635,-0.0184078,-1.92894,-0.981531
16.236,-0.202485,-0.0214757,-2.04284,-1.03678
16.238,-0.208621,-0.0245437,-2.14535,-1.0865
16.24,-0.211689,-0.0276117,-2.08422,-1.13124
16.242,-0.217825,-0.0306796,-2.18259,-1.17152
16.244,-0.220893,-0.0337476,-2.11773,-1.20776
16.246,-0.227029,-0.0368155,-2.21275,-1.24039
16.248,-0.233165,-0.0398835,-2.29827,-1.26975
16.25,-0.236233,-0.0429515,-2.22184,-1.29617
16.252,-0.242369,-0.0460194,-2.30646,-1.31995
16.254,-0.248505,-0.0490874,-2.38261,-1.34135
16.256,-0.251573,-0.0552233,-2.29774,-1.51401
16.258,-0.257709,-0.0582913,-2.37477,-1.51601
16.26,-0.260777,-0.0613592,-2.29069,-1.51781
16.262,-0.263845,-0.0644272,-2.21502,-1.51943
16.264,-0.266913,-0.0674952,-2.14691,-1.52088
16.266,-0.269981,-0.0674952,-2.08562,-1.36879
16.268,-0.273049,-0.0674952,-2.03046,-1.23191
16.27,-0.276117,-0.0674952,-1.98081,-1.10872
16.272,-0.279185,-0.0705631,-1.93613,-1.15125
16.274,-0.282252,-0.0705631,-1.89591,-1.03612
16.276,-0.28532,-0.0705631,-1.85972,-0.932511
16.278,-0.288388,-0.0736311,-1.82714,-0.992658
16.28,-0.288388,-0.0736311,-1.64443,-0.893392
16.282,-0.291456,-0.0736311,-1.63339,-0.804053
16.284,-0.294524,-0.0736311,-1.62344,-0.723648
16.286,-0.294524,-0.0736311,-1.4611,-0.651283
16.288,-0.297592,-0.076699,-1.46839,-0.739553
16.29,-0.30066,-0.076699,-1.47495,-0.665597
16.292,-0.303728,-0.079767,-1.48085,-0.752436
16.294,-0.306796,-0.079767,-1.48616,-0.677192
16.296,-0.306796,-0.079767,-1.33755,-0.609473
16.298,-0.309864,-0.082835,-1.35719,-0.701924
16.3,-0.316,-0.082835,-1.52827,-0.631731
16.302,-0.316,-0.0859029,-1.37544,-0.721956
16.304,-0.319068,-0.0859029,-1.3913,-0.649761
16.306,-0.322136,-0.0889709,-1.40556,-0.738183
16.308,-0.325204,-0.0920388,-1.41841,-0.817762
16.31,-0.328272,-0.0920388,-1.42996,-0.735986
16.312,-0.328272,-0.0951068,-1.28697,-0.815786
16.314,-0.33134,-0.0951068,-1.31167,-0.734207
16.316,-0.334408,-0.0981748,-1.3339,-0.814184
16.318,-0.334408,-0.0981748,-1.20051,-0.732766
16.32,-0.337476,-0.101243,-1.23386,-0.812888
16.322,-0.340544,-0.101243,-1.26387,-0.731599
16.324,-0.340544,-0.101243,-1.13748,-0.658439
16.326,-0.340544,-0.101243,-1.02373,-0.592595
16.328,-0.343612,-0.104311,-1.07476,-0.686734
16.33,-0.343612,-0.104311,-0.967283,-0.61806
16.332,-0.343612,-0.104311,-0.870554,-0.556254
16.334,-0.34668,-0.104311,-0.936897,-0.500629
16.336,-0.34668,-0.104311,-0.843207,-0.450566
16.338,-0.34668,-0.104311,-0.758887,-0.405509
16.34,-0.34668,-0.107379,-0.682998,-0.518356
16.342,-0.34668,-0.107379,-0.614698,-0.466521
16.344,-0.34668,-0.107379,-0.553228,-0.419869
16.346,-0.34668,-0.107379,-0.497906,-0.377882
16.348,-0.34668,-0.104311,-0.448115,-0.186696
16.35,-0.34668,-0.104311,-0.403303,-0.168026
16.352,-0.34668,-0.104311,-0.362973,-0.151223
16.354,-0.34668,-0.104311,-0.326676,-0.136101
16.356,-0.34668,-0.104311,-0.294008,-0.122491
16.358,-0.34668,-0.104311,-0.264607,-0.110242
16.36,-0.34668,-0.104311,-0.238147,-0.0992177
16.362,-0.343612,-0.104311,-0.0609339,-0.0892959
16.364,-0.343612,-0.104311,-0.0548405,-0.0803663
16.366,-0.343612,-0.104311,-0.0493565,-0.0723297
16.368,-0.343612,-0.104311,-0.0444208,-0.0650967
16.37,-0.343612,-0.104311,-0.0399787,-0.0585871
16.372,-0.343612,-0.104311,-0.0359809,-0.0527283
16.374,-0.340544,-0.104311,0.121015,-0.0474555
16.376,-0.340544,-0.104311,0.108914,-0.04271
16.378,-0.340544,-0.101243,0.0980224,0.114959
16.38,-0.337476,-0.101243,0.241618,0.103463
16.382,-0.334408,-0.0981748,0.370854,0.246515
16.384,-0.33134,-0.0981748,0.487167,0.221863
16.386,-0.328272,-0.0951068,0.591848,0.353075
16.388,-0.328272,-0.0920388,0.532664,0.471166
16.39,-0.325204,-0.0920388,0.632795,0.424049
16.392,-0.322136,-0.0889709,0.722914,0.535042
16.394,-0.319068,-0.0859029,0.804021,0.634936
16.396,-0.316,-0.0859029,0.877017,0.571443
16.398,-0.309864,-0.082835,1.09611,0.667696
16.4,-0.306796,-0.079767,1.1399,0.754325
16.402,-0.303728,-0.076699,1.17931,0.83229
16.404,-0.30066,-0.0736311,1.21477,0.902459
16.406,-0.294524,-0.0705631,1.40009,0.965612
16.408,-0.291456,-0.0674952,1.41348,1.02245
16.41,-0.28532,-0.0644272,1.57893,1.0736
16.412,-0.282252,-0.0613592,1.57443,1.11964
16.414,-0.276117,-0.0552233,1.72379,1.31447
16.416,-0.273049,-0.0521553,1.70481,1.33642
16.418,-0.266913,-0.0490874,1.84112,1.35618
16.42,-0.263845,-0.0460194,1.81041,1.37396
16.422,-0.257709,-0.0429515,1.93616,1.38996
16.424,-0.254641,-0.0398835,1.89595,1.40436
16.426,-0.251573,-0.0398835,1.85975,1.26393
16.428,-0.245437,-0.0368155,1.98057,1.29093
16.43,-0.242369,-0.0337476,1.93591,1.31524
16.432,-0.239301,-0.0306796,1.89572,1.33711
16.434,-0.233165,-0.0276117,2.01294,1.3568
16.436,-0.230097,-0.0245437,1.96505,1.37452
16.438,-0.223961,-0.0214757,2.07534,1.39046
16.44,-0.220893,-0.0184078,2.0212,1.40481
16.442,-0.217825,-0.0153398,1.97248,1.41773
16.444,-0.211689,-0.0122718,2.08203,1.42936
16.446,-0.205553,-0.00920388,2.18062,1.43982
16.448,-0.199418,-0.00613592,2.26936,1.44923
16.45,-0.193282,-0.00306796,2.34922,1.45771
16.452,-0.190214,0.00306796,2.26769,1.61873
16.454,-0.184078,0.00613592,2.34772,1.61026
16.456,-0.177942,0.0122718,2.41974,1.75603
16.458,-0.171806,0.0153398,2.48457,1.73382
16.46,-0.16567,0.0214757,2.54291,1.86724
16.462,-0.159534,0.0245437,2.59541,1.83391
16.464,-0.153398,0.0306796,2.64267,1.95732
16.466,-0.147262,0.0337476,2.6852,1.91498
16.468,-0.144194,0.0398835,2.57007,2.03028
16.47,-0.138058,0.0429515,2.61986,1.98065
16.472,-0.131922,0.0490874,2.66467,2.08938
16.474,-0.125786,0.0521553,2.705,2.03384
16.476,-0.122718,0.0552233,2.5879,1.98386
16.478,-0.116583,0.0582913,2.63591,1.93887
16.48,-0.113515,0.0613592,2.52571,1.89838
16.482,-0.110447,0.0644272,2.42654,1.86194
16.484,-0.107379,0.0674952,2.33728,1.82914
16.486,-0.104311,0.0674952,2.25695,1.64623
16.488,-0.101243,0.0705631,2.18466,1.635
16.49,-0.0981748,0.0705631,2.11959,1.4715
16.492,-0.0951068,0.0705631,2.06103,1.32435
16.494,-0.0920388,0.0736311,2.00832,1.34532
16.496,-0.0889709,0.0736311,1.96089,1.21078
16.498,-0.0889709,0.076699,1.7648,1.2431
16.5,-0.0859029,0.076699,1.74172,1.11879
16.502,-0.082835,0.079767,1.72094,1.16031
16.504,-0.082835,0.079767,1.54885,1.04428
16.506,-0.079767,0.079767,1.54736,0.939853
16.508,-0.076699,0.079767,1.54602,0.845868
16.51,-0.076699,0.082835,1.39142,0.914679
16.512,-0.0736311,0.082835,1.40568,0.823211
16.514,-0.0736311,0.082835,1.26511,0.74089
16.516,-0.0705631,0.082835,1.292,0.666801
16.518,-0.0705631,0.0859029,1.1628,0.753519
16.52,-0.0674952,0.0859029,1.19992,0.678167
16.522,-0.0674952,0.0859029,1.07992,0.61035
16.524,-0.0674952,0.0859029,0.971932,0.549315
16.526,-0.0644272,0.0859029,1.02814,0.494384
16.528,-0.0644272,0.0859029,0.925323,0.444946
16.53,-0.0613592,0.0859029,0.986189,0.400451
16.532,-0.0613592,0.0889709,0.88757,0.513804
16.534,-0.0613592,0.0889709,0.798813,0.462424
16.536,-0.0582913,0.0889709,0.87233,0.416181
16.538,-0.0582913,0.0889709,0.785097,0.374563
16.54,-0.0582913,0.0920388,0.706587,0.490505
16.542,-0.0582913,0.0920388,0.635928,0.441454
16.544,-0.0613592,0.0889709,0.418938,0.243911
16.546,-0.0582913,0.0889709,0.530442,0.21952
16.548,-0.0613592,0.0859029,0.324,0.0441697
16.55,-0.0644272,0.0859029,0.138202,0.0397527
16.552,-0.0644272,0.0859029,0.124381,0.0357775
16.554,-0.0674952,0.082835,-0.0414548,-0.121198
16.556,-0.0705631,0.079767,-0.190707,-0.262477
16.558,-0.0705631,0.076699,-0.171637,-0.389627
16.56,-0.0736311,0.0736311,-0.307871,-0.504062
16.562,-0.076699,0.0705631,-0.430482,-0.607054
16.564,-0.082835,0.0674952,-0.69423,-0.699747
16.566,-0.082835,0.0644272,-0.624807,-0.78317
16.568,-0.0859029,0.0613592,-0.715724,-0.858251
16.57,-0.0889709,0.0582913,-0.79755,-0.925824
16.572,-0.0920388,0.0552233,-0.871193,-0.98664
16.574,-0.0951068,0.0521553,-0.937472,-1.04137
16.576,-0.0981748,0.0490874,-0.997123,-1.09063
16.578,-0.101243,0.0490874,-1.05081,-0.981571
16.58,-0.104311,0.0460194,-1.09913,-1.03681
16.582,-0.104311,0.0429515,-0.989213,-1.08653
16.584,-0.107379,0.0429515,-1.04369,-0.977876
16.586,-0.110447,0.0398835,-1.09272,-1.03349
16.588,-0.110447,0.0368155,-0.983447,-1.08354
16.59,-0.113515,0.0368155,-1.0385,-0.975182
16.592,-0.116583,0.0337476,-1.08805,-1.03106
16.594,-0.119651,0.0337476,-1.13264,-0.927956
16.596,-0.119651,0.0306796,-1.01938,-0.988559
16.598,-0.122718,0.0306796,-1.07084,-0.889703
16.6,-0.125786,0.0276117,-1.11715,-0.95413
16.602,-0.128854,0.0245437,-1.15884,-1.01212
16.604,-0.131922,0.0214757,-1.19635,-1.0643
16.606,-0.13499,0.0184078,-1.23011,-1.11127
16.608,-0.141126,0.0153398,-1.4139,-1.15354
16.61,-0.144194,0.0122718,-1.42591,-1.19158
16.612,-0.15033,0.00613592,-1.59011,-1.37922
16.614,-0.153398,0.00306796,-1.5845,-1.3947
16.616,-0.159534,0,-1.73284,-1.40863
16.618,-0.162602,-0.00613592,-1.71296,-1.57456
16.62,-0.168738,-0.00920388,-1.84846,-1.5705
16.622,-0.171806,-0.0122718,-1.81701,-1.56685
16.624,-0.177942,-0.0184078,-1.94211,-1.71696
16.626,-0.18101,-0.0214757,-1.90129,-1.69866
16.628,-0.184078,-0.0245437,-1.86456,-1.68219
16.63,-0.190214,-0.0276117,-1.9849,-1.66737
16.632,-0.193282,-0.0306796,-1.93981,-1.65403
16.634,-0.193282,-0.0337476,-1.74583,-1.64203
16.636,-0.19635,-0.0368155,-1.72464,-1.63122
16.638,-0.199418,-0.0368155,-1.70558,-1.4681
16.64,-0.202485,-0.0368155,-1.68842,-1.32129
16.642,-0.202485,-0.0398835,-1.51958,-1.34256
16.644,-0.205553,-0.0398835,-1.52102,-1.2083
16.646,-0.205553,-0.0429515,-1.36892,-1.24087
16.648,-0.205553,-0.0429515,-1.23202,-1.11678
16.65,-0.208621,-0.0429515,-1.26222,-1.00511
16.652,-0.208621,-0.0429515,-1.136,-0.904596
16.654,-0.208621,-0.0429515,-1.0224,-0.814136
16.656,-0.208621,-0.0429515,-0.920158,-0.732723
16.658,-0.208621,-0.0429515,-0.828142,-0.65945
16.66,-0.208621,-0.0429515,-0.745328,-0.593505
16.662,-0.208621,-0.0398835,-0.670795,-0.380757
16.664,-0.208621,-0.0398835,-0.603716,-0.342681
16.666,-0.208621,-0.0398835,-0.543344,-0.308413
16.668,-0.208621,-0.0398835,-0.48901,-0.277572
16.67,-0.208621,-0.0398835,-0.440109,-0.249814
16.672,-0.208621,-0.0368155,-0.396098,-0.0714349
16.674,-0.208621,-0.0368155,-0.356488,-0.0642914
16.676,-0.208621,-0.0368155,-0.320839,-0.0578623
16.678,-0.208621,-0.0368155,-0.288755,-0.0520761
16.68,-0.208621,-0.0368155,-0.25988,-0.0468684
16.682,-0.208621,-0.0368155,-0.233892,-0.0421816
16.684,-0.208621,-0.0368155,-0.210503,-0.0379634
16.686,-0.205553,-0.0368155,-0.0360543,-0.0341671
16.688,-0.205553,-0.0337476,-0.0324488,0.122648
16.69,-0.205553,-0.0306796,-0.029204,0.263781
16.692,-0.205553,-0.0306796,-0.0262836,0.237403
16.694,-0.205553,-0.0306796,-0.0236552,0.213663
16.696,-0.202485,-0.0276117,0.132108,0.345694
16.698,-0.205553,-0.0276117,-0.0345005,0.311125
16.7,-0.202485,-0.0276117,0.122348,0.280012
16.702,-0.202485,-0.0276117,0.110113,0.252011
16.704,-0.205553,-0.0306796,-0.0542965,0.073412
16.706,-0.205553,-0.0306796,-0.0488669,0.0660708
16.708,-0.205553,-0.0306796,-0.0439802,0.0594637
16.71,-0.205553,-0.0337476,-0.0395822,-0.0998807
16.712,-0.205553,-0.0337476,-0.0356239,-0.0898926
16.714,-0.205553,-0.0337476,-0.0320615,-0.0809034
16.716,-0.205553,-0.0337476,-0.0288554,-0.072813
16.718,-0.205553,-0.0337476,-0.0259699,-0.0655317
16.72,-0.205553,-0.0337476,-0.0233729,-0.0589786
16.722,-0.205553,-0.0337476,-0.0210356,-0.0530807
16.724,-0.202485,-0.0306796,0.134466,0.105625
16.726,-0.202485,-0.0276117,0.121019,0.248461
16.728,-0.199418,-0.0276117,0.262316,0.223615
16.73,-0.19635,-0.0245437,0.389482,0.354651
16.732,-0.193282,-0.0214757,0.503932,0.472584
16.734,-0.193282,-0.0184078,0.453539,0.578724
16.736,-0.190214,-0.0153398,0.561583,0.67425
16.738,-0.187146,-0.0122718,0.658823,0.760223
16.74,-0.184078,-0.0122718,0.746339,0.684201
16.742,-0.18101,-0.00920388,0.825103,0.769179
16.744,-0.18101,-0.00613592,0.742593,0.845659
16.746,-0.177942,-0.00306796,0.821731,0.914491
16.748,-0.174874,-0.00306796,0.892956,0.823042
16.75,-0.174874,0,0.803661,0.894136
16.752,-0.171806,0,0.876693,0.804722
16.754,-0.171806,0.00306796,0.789023,0.877648
16.756,-0.168738,0.00306796,0.863519,0.789883
16.758,-0.168738,0.00613592,0.777167,0.864293
16.76,-0.168738,0.00613592,0.699451,0.777864
16.762,-0.168738,0.00613592,0.629505,0.700077
16.764,-0.168738,0.00613592,0.566555,0.63007
16.766,-0.16567,0.00613592,0.663297,0.567063
16.768,-0.16567,0.00613592,0.596968,0.510356
16.77,-0.16567,0.00613592,0.537271,0.459321
16.772,-0.16567,0.00613592,0.483544,0.413389
16.774,-0.16567,0.00613592,0.435189,0.37205
16.776,-0.16567,0.00613592,0.391671,0.334845
16.778,-0.168738,0.00306796,0.199105,0.147962
16.78,-0.168738,0.00306796,0.179195,0.133166
16.782,-0.168738,0.00306796,0.161275,0.119849
16.784,-0.16567,0.00306796,0.298546,0.107864
16.786,-0.168738,0.00306796,0.115293,0.097078
16.788,-0.16567,0.00306796,0.257162,0.0873702
16.79,-0.16567,0.00306796,0.231446,0.0786332
16.792,-0.16567,0.00306796,0.208301,0.0707699
16.794,-0.16567,0.00306796,0.187471,0.0636929
16.796,-0.16567,0.00306796,0.168724,0.0573236
16.798,-0.16567,0.00306796,0.151852,0.0515912
16.8,-0.16567,0.00306796,0.136666,0.0464321
16.802,-0.16567,0.00306796,0.123,0.0417889
16.804,-0.16567,0.00306796,0.1107,0.03761
16.806,-0.16567,0.00306796,0.0996298,0.033849
16.808,-0.16567,0,0.0896668,-0.122934
16.81,-0.16567,0,0.0807002,-0.110641
16.812,-0.168738,0,-0.0807679,-0.0995765
16.814,-0.16567,0,0.0807069,-0.0896189
16.816,-0.168738,0,-0.0807618,-0.080657
16.818,-0.168738,0,-0.0726857,-0.0725913
16.82,-0.168738,0,-0.0654171,-0.0653321
16.822,-0.168738,0,-0.0588754,-0.0587989
16.824,-0.168738,0,-0.0529878,-0.052919
16.826,-0.168738,0,-0.0476891,-0.0476271
16.828,-0.168738,0,-0.0429201,-0.0428644
16.83,-0.168738,0,-0.0386281,-0.038578
16.832,-0.168738,0,-0.0347653,-0.0347202
16.834,-0.16567,0,0.122109,-0.0312482
16.836,-0.16567,0.00306796,0.109898,0.125275
16.838,-0.16567,0.00306796,0.0989085,0.112747
16.84,-0.162602,0.00306796,0.242416,0.101473
16.842,-0.162602,0.00613592,0.218174,0.244723
16.844,-0.162602,0.00613592,0.196357,0.220251
16.846,-0.159534,0.00613592,0.330119,0.198226
16.848,-0.159534,0.00920388,0.297107,0.331801
16.85,-0.159534,0.00920388,0.267397,0.298621
16.852,-0.156466,0.00920388,0.394055,0.268759
16.854,-0.156466,0.0122718,0.354649,0.395281
16.856,-0.156466,0.0122718,0.319185,0.355753
16.858,-0.156466,0.0122718,0.287266,0.320178
16.86,-0.156466,0.0122718,0.258539,0.28816
16.862,-0.153398,0.0122718,0.386084,0.259344
16.864,-0.153398,0.0122718,0.347475,0.23341
16.866,-0.153398,0.0122718,0.312728,0.210069
16.868,-0.153398,0.0122718,0.281455,0.189062
16.87,-0.153398,0.0122718,0.253309,0.170156
16.872,-0.153398,0.0122718,0.227978,0.15314
16.874,-0.153398,0.0122718,0.205181,0.137826
16.876,-0.153398,0.0153398,0.184663,0.277442
16.878,-0.153398,0.0153398,0.166196,0.249697
16.88,-0.153398,0.0153398,0.149577,0.224728
16.882,-0.153398,0.0153398,0.134619,0.202255
16.884,-0.15033,0.0153398,0.274555,0.182029
16.886,-0.15033,0.0153398,0.2471,0.163826
16.888,-0.153398,0.0153398,0.0689916,0.147444
16.89,-0.15033,0.0153398,0.215491,0.132699
16.892,-0.153398,0.0153398,0.0405434,0.119429
16.894,-0.15033,0.0153398,0.189887,0.107487
16.896,-0.153398,0.0153398,0.0175004,0.0967379
16.898,-0.153398,0.0153398,0.0157503,0.0870641
16.9,-0.153398,0.0153398,0.0141753,0.0783577
16.902,-0.153398,0.0153398,0.0127578,0.0705219
16.904,-0.153398,0.0153398,0.011482,0.0634697
16.906,-0.153398,0.0153398,0.0103338,0.0571228
16.908,-0.153398,0.0153398,0.00930041,0.0514105
16.91,-0.153398,0.0153398,0.00837037,0.0462694
16.912,-0.156466,0.0153398,-0.145865,0.0416425
16.914,-0.156466,0.0122718,-0.131278,-0.11592
16.916,-0.159534,0.0122718,-0.271549,-0.104328
16.918,-0.159534,0.00920388,-0.244394,-0.247293
16.92,-0.162602,0.00613592,-0.373352,-0.375962
16.922,-0.16567,0.00306796,-0.489415,-0.491764
16.924,-0.168738,0,-0.593872,-0.595985
16.926,-0.168738,-0.00306796,-0.534485,-0.689785
16.928,-0.171806,-0.00306796,-0.634434,-0.620807
16.93,-0.174874,-0.00613592,-0.724389,-0.712124
16.932,-0.177942,-0.00920388,-0.805348,-0.79431
16.934,-0.18101,-0.0122718,-0.878211,-0.868277
16.936,-0.184078,-0.0153398,-0.943788,-0.934847
16.938,-0.184078,-0.0184078,-0.849409,-0.994761
16.94,-0.187146,-0.0214757,-0.917867,-1.04868
16.942,-0.190214,-0.0214757,-0.979478,-0.943814
16.944,-0.190214,-0.0245437,-0.88153,-1.00283
16.946,-0.193282,-0.0245437,-0.946775,-0.902548
16.948,-0.193282,-0.0245437,-0.852098,-0.812293
16.95,-0.193282,-0.0245437,-0.766888,-0.731064
16.952,-0.19635,-0.0276117,-0.843597,-0.811355
16.954,-0.19635,-0.0276117,-0.759238,-0.73022
16.956,-0.19635,-0.0276117,-0.683314,-0.657198
16.958,-0.199418,-0.0306796,-0.76838,-0.744876
16.96,-0.199418,-0.0306796,-0.691542,-0.670389
16.962,-0.199418,-0.0306796,-0.622388,-0.60335
16.964,-0.202485,-0.0337476,-0.713547,-0.696413
16.966,-0.202485,-0.0337476,-0.642193,-0.626772
16.968,-0.205553,-0.0337476,-0.731372,-0.564094
16.97,-0.205553,-0.0337476,-0.658234,-0.507685
16.972,-0.205553,-0.0368155,-0.592411,-0.610315
16.974,-0.205553,-0.0368155,-0.53317,-0.549283
16.976,-0.208621,-0.0398835,-0.633251,-0.647753
16.978,-0.208621,-0.0398835,-0.569926,-0.582978
16.98,-0.208621,-0.0398835,-0.512933,-0.52468
16.982,-0.208621,-0.0398835,-0.46164,-0.472212
16.984,-0.208621,-0.0398835,-0.415476,-0.424991
16.986,-0.208621,-0.0429515,-0.373928,-0.53589
16.988,-0.211689,-0.0429515,-0.489934,-0.482301
16.99,-0.211689,-0.0429515,-0.44094,-0.434071
16.992,-0.211689,-0.0429515,-0.396846,-0.390664
16.994,-0.211689,-0.0429515,-0.357162,-0.351597
16.996,-0.208621,-0.0460194,-0.168047,-0.469836
16.998,-0.208621,-0.0429515,-0.151243,-0.269454
17,-0.208621,-0.0429515,-0.136118,-0.242509
17.002,-0.208621,-0.0398835,-0.122507,-0.0648596
17.004,-0.205553,-0.0398835,0.0431422,-0.0583736
17.006,-0.205553,-0.0398835,0.038828,-0.0525363
17.008,-0.205553,-0.0398835,0.0349452,-0.0472827
17.01,-0.202485,-0.0398835,0.184849,-0.0425544
17.012,-0.202485,-0.0368155,0.166364,0.115099
17.014,-0.199418,-0.0368155,0.303126,0.103589
17.016,-0.199418,-0.0337476,0.272813,0.246628
17.018,-0.19635,-0.0337476,0.39893,0.221966
17.02,-0.19635,-0.0337476,0.359037,0.199769
17.022,-0.193282,-0.0306796,0.476531,0.33319
17.024,-0.193282,-0.0306796,0.428878,0.299871
17.026,-0.193282,-0.0276117,0.38599,0.423282
17.028,-0.190214,-0.0276117,0.500789,0.380954
17.03,-0.190214,-0.0276117,0.45071,0.342859
17.032,-0.187146,-0.0276117,0.559037,0.308573
17.034,-0.187146,-0.0276117,0.503134,0.277715
17.036,-0.184078,-0.0276117,0.606218,0.249944
17.038,-0.184078,-0.0245437,0.545597,0.378348
17.04,-0.18101,-0.0245437,0.644435,0.340513
17.042,-0.177942,-0.0214757,0.73339,0.45986
17.044,-0.177942,-0.0214757,0.660051,0.413874
17.046,-0.171806,-0.0184078,0.900842,0.525884
17.048,-0.171806,-0.0153398,0.810758,0.626694
17.05,-0.168738,-0.0122718,0.88308,0.717423
17.052,-0.16567,-0.00920388,0.94817,0.799078
17.054,-0.162602,-0.00613592,1.00675,0.872569
17.056,-0.159534,-0.00306796,1.05947,0.93871
17.058,-0.156466,0,1.10692,0.998237
17.06,-0.153398,0,1.14963,0.898413
17.062,-0.15033,0.00306796,1.18807,0.96197
17.064,-0.147262,0.00306796,1.22266,0.865773
17.066,-0.144194,0.00613592,1.25379,0.932594
17.068,-0.144194,0.00920388,1.12841,0.992733
17.07,-0.141126,0.00920388,1.16897,0.893459
17.072,-0.138058,0.0122718,1.20547,0.957511
17.074,-0.13499,0.0153398,1.23832,1.01516
17.076,-0.131922,0.0153398,1.26789,0.913643
17.078,-0.131922,0.0184078,1.1411,0.975676
17.08,-0.128854,0.0184078,1.18039,0.878109
17.082,-0.125786,0.0214757,1.21575,0.943696
17.084,-0.125786,0.0214757,1.09417,0.849326
17.086,-0.122718,0.0245437,1.13815,0.917792
17.088,-0.122718,0.0245437,1.02434,0.826013
17.09,-0.119651,0.0245437,1.0753,0.743411
17.092,-0.119651,0.0276117,0.967771,0.822468
17.094,-0.119651,0.0245437,0.870994,0.586823
17.096,-0.119651,0.0245437,0.783894,0.528141
17.098,-0.119651,0.0245437,0.705505,0.475327
17.1,-0.119651,0.0245437,0.634954,0.427794
17.102,-0.119651,0.0245437,0.571459,0.385015
17.104,-0.119651,0.0214757,0.514313,0.193115
17.106,-0.119651,0.0214757,0.462882,0.173804
17.108,-0.119651,0.0214757,0.416594,0.156423
17.11,-0.119651,0.0214757,0.374934,0.140781
17.112,-0.119651,0.0214757,0.337441,0.126703
17.114,-0.119651,0.0214757,0.303697,0.114033
17.116,-0.119651,0.0214757,0.273327,0.102629
17.118,-0.119651,0.0214757,0.245994,0.0923664
17.12,-0.116583,0.0214757,0.374793,0.0831298
17.122,-0.116583,0.0214757,0.337314,0.0748168
17.124,-0.116583,0.0214757,0.303582,0.0673351
17.126,-0.113515,0.0245437,0.426622,0.214
17.128,-0.113515,0.0245437,0.38396,0.1926
17.13,-0.113515,0.0245437,0.345564,0.17334
17.132,-0.113515,0.0245437,0.311008,0.156006
17.134,-0.113515,0.0245437,0.279907,0.140405
17.136,-0.113515,0.0245437,0.251916,0.126365
17.138,-0.113515,0.0214757,0.226725,-0.0396699
17.14,-0.116583,0.0214757,0.050654,-0.0357029
17.142,-0.116583,0.0184078,0.0455886,-0.185531
17.144,-0.116583,0.0184078,0.0410297,-0.166978
17.146,-0.116583,0.0184078,0.0369268,-0.15028
17.148,-0.119651,0.0153398,-0.120164,-0.28865
17.15,-0.119651,0.0153398,-0.108148,-0.259785
17.152,-0.119651,0.0153398,-0.0973328,-0.233806
17.154,-0.122718,0.0122718,-0.240998,-0.363824
17.156,-0.122718,0.0122718,-0.216898,-0.327441
17.158,-0.122718,0.00920388,-0.195208,-0.448095
17.16,-0.125786,0.00920388,-0.329085,-0.403286
17.162,-0.125786,0.00613592,-0.296177,-0.516355
17.164,-0.128854,0.00306796,-0.419957,-0.618118
17.166,-0.128854,0.00306796,-0.377961,-0.556306
17.168,-0.131922,0.00306796,-0.493563,-0.500676
17.17,-0.131922,0,-0.444207,-0.604006
17.172,-0.131922,0,-0.399786,-0.543605
17.174,-0.131922,-0.00306796,-0.359808,-0.642643
17.176,-0.13499,-0.00306796,-0.477225,-0.578379
17.178,-0.13499,-0.00306796,-0.429503,-0.520541
17.18,-0.13499,-0.00613592,-0.386552,-0.621885
17.182,-0.138058,-0.00613592,-0.501295,-0.559696
17.184,-0.138058,-0.00613592,-0.451166,-0.503727
17.186,-0.138058,-0.00920388,-0.406049,-0.606752
17.188,-0.141126,-0.00920388,-0.518842,-0.546077
17.19,-0.141126,-0.0122718,-0.466958,-0.644867
17.192,-0.144194,-0.0122718,-0.57366,-0.580381
17.194,-0.144194,-0.0153398,-0.516294,-0.675741
17.196,-0.144194,-0.0184078,-0.464665,-0.761565
17.198,-0.144194,-0.0184078,-0.418198,-0.685408
17.2,-0.147262,-0.0184078,-0.529777,-0.616867
17.202,-0.147262,-0.0184078,-0.476799,-0.555181
17.204,-0.147262,-0.0184078,-0.429119,-0.499663
17.206,-0.147262,-0.0184078,-0.386207,-0.449696
17.208,-0.147262,-0.0214757,-0.347586,-0.558125
17.21,-0.147262,-0.0214757,-0.312828,-0.502312
17.212,-0.147262,-0.0214757,-0.281545,-0.452081
17.214,-0.147262,-0.0214757,-0.253391,-0.406873
17.216,-0.147262,-0.0214757,-0.228051,-0.366186
17.218,-0.147262,-0.0184078,-0.205246,-0.176169
17.22,-0.147262,-0.0184078,-0.184722,-0.158552
17.222,-0.144194,-0.0184078,-0.0128514,-0.142697
17.224,-0.144194,-0.0184078,-0.0115663,-0.128427
17.226,-0.144194,-0.0184078,-0.0104097,-0.115584
17.228,-0.144194,-0.0184078,-0.00936869,-0.104026
17.23,-0.141126,-0.0184078,0.144966,-0.0936234
17.232,-0.141126,-0.0153398,0.13047,0.069137
17.234,-0.141126,-0.0153398,0.117423,0.0622233
17.236,-0.138058,-0.0153398,0.259078,0.056001
17.238,-0.138058,-0.0122718,0.233171,0.203799
17.24,-0.13499,-0.0122718,0.363252,0.183419
17.242,-0.13499,-0.0122718,0.326926,0.165077
17.244,-0.13499,-0.0122718,0.294234,0.148569
17.246,-0.131922,-0.00920388,0.418209,0.287111
17.248,-0.131922,-0.00920388,0.376388,0.2584
17.25,-0.131922,-0.00920388,0.338749,0.23256
17.252,-0.128854,-0.00613592,0.458272,0.362702
17.254,-0.125786,-0.00613592,0.565843,0.326432
17.256,-0.125786,-0.00306796,0.509259,0.447186
17.258,-0.122718,-0.00306796,0.611731,0.402468
17.26,-0.122718,0,0.550558,0.515619
17.262,-0.119651,0,0.6489,0.464057
17.264,-0.119651,0,0.58401,0.417651
17.266,-0.116583,0.00306796,0.679007,0.529284
17.268,-0.116583,0.00306796,0.611106,0.476356
17.27,-0.113515,0.00613592,0.703394,0.582118
17.272,-0.110447,0.00613592,0.786453,0.523907
17.274,-0.110447,0.00920388,0.707807,0.624914
17.276,-0.107379,0.00920388,0.790425,0.562423
17.278,-0.107379,0.0122718,0.711382,0.659578
17.28,-0.104311,0.0122718,0.793642,0.593621
17.282,-0.104311,0.0153398,0.714278,0.687657
17.284,-0.101243,0.0153398,0.796248,0.618891
17.286,-0.0981748,0.0184078,0.870021,0.7104
17.288,-0.0981748,0.0184078,0.783019,0.63936
17.29,-0.0951068,0.0214757,0.858115,0.728822
17.292,-0.0951068,0.0214757,0.772304,0.65594
17.294,-0.0920388,0.0245437,0.848472,0.743744
17.296,-0.0920388,0.0245437,0.763624,0.66937
17.298,-0.0889709,0.0276117,0.84066,0.755831
17.3,-0.0889709,0.0276117,0.756594,0.680248
17.302,-0.0859029,0.0276117,0.834333,0.612223
17.304,-0.0859029,0.0306796,0.750899,0.704399
17.306,-0.0859029,0.0306796,0.67581,0.633959
17.308,-0.0859029,0.0306796,0.608229,0.570563
17.31,-0.0859029,0.0306796,0.547406,0.513507
17.312,-0.082835,0.0306796,0.646063,0.462156
17.314,-0.082835,0.0306796,0.581457,0.41594
17.316,-0.082835,0.0306796,0.523311,0.374346
17.318,-0.082835,0.0337476,0.47098,0.49031
17.32,-0.079767,0.0337476,0.57728,0.441279
17.322,-0.079767,0.0368155,0.519552,0.550549
17.324,-0.079767,0.0368155,0.467597,0.495494
17.326,-0.079767,0.0368155,0.420837,0.445945
17.328,-0.079767,0.0368155,0.378754,0.40135
17.33,-0.079767,0.0368155,0.340878,0.361215
17.332,-0.079767,0.0368155,0.30679,0.325094
17.334,-0.079767,0.0368155,0.276111,0.292584
17.336,-0.079767,0.0368155,0.2485,0.263326
17.338,-0.079767,0.0368155,0.22365,0.236993
17.34,-0.079767,0.0337476,0.201285,0.0598959
17.342,-0.079767,0.0337476,0.181157,0.0539063
17.344,-0.079767,0.0337476,0.163041,0.0485157
17.346,-0.082835,0.0337476,-0.00666121,0.0436641
17.348,-0.082835,0.0337476,-0.00599509,0.0392977
17.35,-0.082835,0.0337476,-0.00539558,0.0353679
17.352,-0.082835,0.0337476,-0.00485602,0.0318311
17.354,-0.082835,0.0337476,-0.00437042,0.028648
17.356,-0.082835,0.0337476,-0.00393338,0.0257832
17.358,-0.0859029,0.0306796,-0.156938,-0.130193
17.36,-0.0859029,0.0306796,-0.141244,-0.117174
17.362,-0.0859029,0.0306796,-0.12712,-0.105456
17.364,-0.0859029,0.0306796,-0.114408,-0.0949108
17.366,-0.0889709,0.0276117,-0.256365,-0.238818
17.368,-0.0889709,0.0276117,-0.230729,-0.214936
17.37,-0.0889709,0.0276117,-0.207656,-0.193442
17.372,-0.0920388,0.0276117,-0.340288,-0.174098
17.374,-0.0920388,0.0276117,-0.306259,-0.156688
17.376,-0.0920388,0.0276117,-0.275634,-0.14102
17.378,-0.0920388,0.0276117,-0.24807,-0.126918
17.38,-0.0951068,0.0276117,-0.376661,-0.114226
17.382,-0.0951068,0.0245437,-0.338995,-0.256201
17.384,-0.0951068,0.0245437,-0.305096,-0.230581
17.386,-0.0981748,0.0245437,-0.427984,-0.207523
17.388,-0.0981748,0.0214757,-0.385186,-0.340169
17.39,-0.0981748,0.0214757,-0.346667,-0.306152
17.392,-0.101243,0.0214757,-0.465398,-0.275537
17.394,-0.101243,0.0214757,-0.418859,-0.247983
17.396,-0.104311,0.0184078,-0.530371,-0.376583
17.398,-0.104311,0.0184078,-0.477334,-0.338925
17.4,-0.104311,0.0184078,-0.4296,-0.305032
17.402,-0.107379,0.0184078,-0.540038,-0.274529
17.404,-0.107379,0.0184078,-0.486035,-0.247076
17.406,-0.107379,0.0184078,-0.437431,-0.222368
17.408,-0.107379,0.0184078,-0.393688,-0.200132
17.41,-0.107379,0.0184078,-0.354319,-0.180118
17.412,-0.110447,0.0184078,-0.472285,-0.162107
17.414,-0.110447,0.0184078,-0.425057,-0.145896
17.416,-0.110447,0.0184078,-0.382551,-0.131306
17.418,-0.110447,0.0184078,-0.344296,-0.118176
17.42,-0.110447,0.0184078,-0.309866,-0.106358
17.422,-0.113515,0.0184078,-0.432278,-0.0957223
17.424,-0.113515,0.0184078,-0.38905,-0.0861501
17.426,-0.113515,0.0184078,-0.350145,-0.0775351
17.428,-0.113515,0.0184078,-0.315131,-0.0697816
17.43,-0.113515,0.0184078,-0.283618,-0.0628034
17.432,-0.116583,0.0184078,-0.408654,-0.0565231
17.434,-0.116583,0.0184078,-0.367788,-0.0508708
17.436,-0.116583,0.0184078,-0.33101,-0.0457837
17.438,-0.116583,0.0184078,-0.297909,-0.0412053
17.44,-0.116583,0.0184078,-0.268118,-0.0370848
17.442,-0.116583,0.0214757,-0.241306,0.120022
17.444,-0.116583,0.0214757,-0.217175,0.10802
17.446,-0.116583,0.0214757,-0.195458,0.0972176
17.448,-0.116583,0.0214757,-0.175912,0.0874959
17.45,-0.116583,0.0245437,-0.158321,0.232144
17.452,-0.116583,0.0245437,-0.142489,0.20893
17.454,-0.119651,0.0245437,-0.281638,0.188037
17.456,-0.119651,0.0245437,-0.253474,0.169233
17.458,-0.119651,0.0245437,-0.228127,0.15231
17.46,-0.119651,0.0245437,-0.205314,0.137079
17.462,-0.119651,0.0245437,-0.184783,0.123371
17.464,-0.119651,0.0245437,-0.166304,0.111034
17.466,-0.122718,0.0245437,-0.303072,0.0999305
17.468,-0.122718,0.0245437,-0.272765,0.0899375
17.47,-0.122718,0.0245437,-0.245488,0.0809437
17.472,-0.125786,0.0245437,-0.374338,0.0728494
17.474,-0.125786,0.0245437,-0.336904,0.0655644
17.476,-0.125786,0.0245437,-0.303213,0.059008
17.478,-0.125786,0.0245437,-0.272892,0.0531072
17.48,-0.125786,0.0245437,-0.245603,0.0477965
17.482,-0.125786,0.0276117,-0.221043,0.196415
17.484,-0.128854,0.0276117,-0.352336,0.176773
17.486,-0.128854,0.0276117,-0.317103,0.159096
17.488,-0.128854,0.0276117,-0.285393,0.143186
17.49,-0.131922,0.0276117,-0.410251,0.128868
17.492,-0.131922,0.0276117,-0.369226,0.115981
17.494,-0.131922,0.0276117,-0.332304,0.104383
17.496,-0.13499,0.0276117,-0.452471,0.0939446
17.498,-0.13499,0.0276117,-0.407224,0.0845502
17.5,-0.13499,0.0276117,-0.366502,0.0760952
17.502,-0.138058,0.0276117,-0.48325,0.0684856
17.504,-0.138058,0.0276117,-0.434925,0.0616371
17.506,-0.141126,0.0276117,-0.54483,0.0554734
17.508,-0.144194,0.0245437,-0.643745,-0.103472
17.51,-0.144194,0.0245437,-0.579371,-0.0931248
17.512,-0.147262,0.0214757,-0.674832,-0.23721
17.514,-0.15033,0.0214757,-0.760747,-0.213489
17.516,-0.153398,0.0214757,-0.83807,-0.19214
17.518,-0.153398,0.0184078,-0.754263,-0.326324
17.52,-0.156466,0.0184078,-0.832235,-0.293692
17.522,-0.156466,0.0184078,-0.749011,-0.264323
17.524,-0.159534,0.0153398,-0.827508,-0.391289
17.526,-0.162602,0.0153398,-0.898156,-0.35216
17.528,-0.162602,0.0153398,-0.80834,-0.316944
17.53,-0.16567,0.0153398,-0.880904,-0.285249
17.532,-0.168738,0.0122718,-0.946212,-0.410123
17.534,-0.171806,0.0122718,-1.00499,-0.36911
17.536,-0.174874,0.0122718,-1.05789,-0.332199
17.538,-0.174874,0.00920388,-0.952099,-0.452377
17.54,-0.177942,0.00920388,-1.01029,-0.40714
17.542,-0.18101,0.00613592,-1.06266,-0.519824
17.544,-0.184078,0.00306796,-1.10979,-0.621239
17.546,-0.187146,0.00306796,-1.15221,-0.559116
17.548,-0.190214,0.00306796,-1.19039,-0.503204
17.55,-0.193282,0,-1.22474,-0.606282
17.552,-0.19635,-0.00306796,-1.25567,-0.699052
17.554,-0.202485,-0.00613592,-1.4369,-0.782544
17.556,-0.205553,-0.00920388,-1.44661,-0.857688
17.558,-0.208621,-0.00920388,-1.45534,-0.771919
17.56,-0.214757,-0.0122718,-1.61661,-0.848125
17.562,-0.217825,-0.0153398,-1.60834,-0.916711
17.564,-0.220893,-0.0214757,-1.60091,-1.13184
17.566,-0.227029,-0.0245437,-1.74761,-1.17205
17.568,-0.230097,-0.0276117,-1.72625,-1.20824
17.57,-0.236233,-0.0306796,-1.86042,-1.24082
17.572,-0.239301,-0.0337476,-1.82778,-1.27013
17.574,-0.245437,-0.0398835,-1.95179,-1.44992
17.576,-0.248505,-0.0429515,-1.91001,-1.45832
17.578,-0.251573,-0.0460194,-1.87241,-1.46589
17.58,-0.254641,-0.0490874,-1.83857,-1.4727
17.582,-0.260777,-0.0490874,-1.96151,-1.32543
17.584,-0.263845,-0.0521553,-1.91875,-1.34628
17.586,-0.266913,-0.0552233,-1.88028,-1.36505
17.588,-0.269981,-0.0552233,-1.84565,-1.22855
17.59,-0.269981,-0.0582913,-1.66108,-1.25909
17.592,-0.273049,-0.0582913,-1.64837,-1.13318
17.594,-0.276117,-0.0613592,-1.63693,-1.17326
17.596,-0.279185,-0.0613592,-1.62664,-1.05594
17.598,-0.282252,-0.0644272,-1.61737,-1.10374
17.6,-0.28532,-0.0644272,-1.60903,-0.993366
17.602,-0.28532,-0.0674952,-1.44813,-1.04743
17.604,-0.288388,-0.0705631,-1.45671,-1.09608
17.606,-0.291456,-0.0705631,-1.46444,-0.986475
17.608,-0.294524,-0.0736311,-1.4714,-1.04123
17.61,-0.294524,-0.0736311,-1.32426,-0.937103
17.612,-0.297592,-0.076699,-1.34523,-0.996791
17.614,-0.30066,-0.076699,-1.3641,-0.897111
17.616,-0.303728,-0.079767,-1.38109,-0.960798
17.618,-0.303728,-0.079767,-1.24298,-0.864719
17.62,-0.306796,-0.082835,-1.27208,-0.931645
17.622,-0.309864,-0.082835,-1.29827,-0.83848
17.624,-0.309864,-0.0859029,-1.16844,-0.90803
17.626,-0.312932,-0.0859029,-1.205,-0.817227
17.628,-0.316,-0.0889709,-1.2379,-0.888903
17.63,-0.319068,-0.0920388,-1.2675,-0.95341
17.632,-0.319068,-0.0920388,-1.14075,-0.858069
17.634,-0.322136,-0.0951068,-1.18008,-0.925661
17.636,-0.322136,-0.0951068,-1.06207,-0.833095
17.638,-0.325204,-0.0981748,-1.10926,-0.903183
17.64,-0.325204,-0.0981748,-0.998334,-0.812865
17.642,-0.328272,-0.101243,-1.0519,-0.884976
17.644,-0.328272,-0.101243,-0.946709,-0.796479
17.646,-0.328272,-0.101243,-0.852038,-0.716831
17.648,-0.328272,-0.101243,-0.766834,-0.645148
17.65,-0.328272,-0.101243,-0.690151,-0.580633
17.652,-0.328272,-0.101243,-0.621136,-0.52257
17.654,-0.325204,-0.101243,-0.405624,-0.470313
17.656,-0.325204,-0.0981748,-0.365062,-0.269883
17.658,-0.325204,-0.0981748,-0.328556,-0.242895
17.66,-0.322136,-0.0951068,-0.142302,-0.0652075
17.662,-0.319068,-0.0951068,0.0253263,-0.0586867
17.664,-0.316,-0.0920388,0.176192,0.10058
17.666,-0.312932,-0.0889709,0.311971,0.24392
17.668,-0.312932,-0.0859029,0.280774,0.372926
17.67,-0.306796,-0.082835,0.559492,0.489032
17.672,-0.303728,-0.079767,0.656941,0.593527
17.674,-0.303728,-0.076699,0.591247,0.687572
17.676,-0.297592,-0.0736311,0.838919,0.772213
17.678,-0.294524,-0.0736311,0.908425,0.694992
17.68,-0.291456,-0.0705631,0.97098,0.77889
17.682,-0.291456,-0.0674952,0.873882,0.8544
17.684,-0.28532,-0.0644272,1.09329,0.922358
17.686,-0.28532,-0.0613592,0.983961,0.98352
17.688,-0.279185,-0.0613592,1.19236,0.885168
17.69,-0.279185,-0.0582913,1.07313,0.950049
17.692,-0.273049,-0.0552233,1.27261,1.00844
17.694,-0.269981,-0.0521553,1.29875,1.061
17.696,-0.266913,-0.0490874,1.32227,1.10829
17.698,-0.263845,-0.0460194,1.34344,1.15086
17.7,-0.260777,-0.0429515,1.36249,1.18918
17.702,-0.254641,-0.0429515,1.53304,1.07026
17.704,-0.254641,-0.0398835,1.37974,1.11663
17.706,-0.248505,-0.0368155,1.54856,1.15836
17.708,-0.245437,-0.0337476,1.5471,1.19593
17.71,-0.242369,-0.0306796,1.54579,1.22973
17.712,-0.239301,-0.0276117,1.54461,1.26016
17.714,-0.233165,-0.0245437,1.69694,1.28754
17.716,-0.230097,-0.0214757,1.68065,1.31218
17.718,-0.227029,-0.0184078,1.66598,1.33436
17.72,-0.220893,-0.0153398,1.80618,1.35432
17.722,-0.217825,-0.0122718,1.77896,1.37229
17.724,-0.214757,-0.00920388,1.75446,1.38846
17.726,-0.208621,-0.00613592,1.88581,1.40301
17.728,-0.205553,-0.00306796,1.85063,1.41611
17.73,-0.199418,0,1.97236,1.4279
17.732,-0.19635,0.00306796,1.92852,1.4385
17.734,-0.193282,0.00613592,1.88907,1.44805
17.736,-0.187146,0.00920388,2.00696,1.45664
17.738,-0.184078,0.0122718,1.95966,1.46438
17.74,-0.18101,0.0153398,1.91709,1.47134
17.742,-0.174874,0.0184078,2.03218,1.4776
17.744,-0.171806,0.0245437,1.98236,1.63664
17.746,-0.16567,0.0276117,2.09092,1.62637
17.748,-0.162602,0.0306796,2.03523,1.61713
17.75,-0.156466,0.0337476,2.1385,1.60882
17.752,-0.153398,0.0368155,2.07805,1.60133
17.754,-0.147262,0.0398835,2.17704,1.5946
17.756,-0.144194,0.0460194,2.11273,1.74194
17.758,-0.138058,0.0490874,2.20826,1.72114
17.76,-0.13499,0.0521553,2.14083,1.70242
17.762,-0.131922,0.0552233,2.08014,1.68558
17.764,-0.125786,0.0613592,2.17893,1.82382
17.766,-0.122718,0.0644272,2.11443,1.79483
17.768,-0.119651,0.0644272,2.05639,1.61535
17.77,-0.116583,0.0674952,2.00415,1.60721
17.772,-0.113515,0.0705631,1.95713,1.59989
17.774,-0.110447,0.0736311,1.91481,1.5933
17.776,-0.107379,0.0736311,1.87673,1.43397
17.778,-0.107379,0.076699,1.68906,1.44397
17.78,-0.104311,0.076699,1.67355,1.29957
17.782,-0.104311,0.076699,1.5062,1.16962
17.784,-0.101243,0.076699,1.50897,1.05265
17.786,-0.104311,0.076699,1.20468,0.947389
17.788,-0.104311,0.076699,1.08421,0.85265
17.79,-0.101243,0.076699,1.12919,0.767385
17.792,-0.104311,0.0736311,0.862871,0.537249
17.794,-0.104311,0.0736311,0.776584,0.483524
17.796,-0.104311,0.0705631,0.698925,0.281773
17.798,-0.107379,0.0705631,0.475635,0.253596
17.8,-0.107379,0.0674952,0.428071,0.0748383
17.802,-0.107379,0.0674952,0.385264,0.0673545
17.804,-0.107379,0.0674952,0.346738,0.060619
17.806,-0.107379,0.0674952,0.312064,0.0545571
17.808,-0.107379,0.0644272,0.280857,-0.104297
17.81,-0.110447,0.0644272,0.0993736,-0.093867
17.812,-0.110447,0.0644272,0.0894363,-0.0844803
17.814,-0.110447,0.0644272,0.0804927,-0.0760323
17.816,-0.113515,0.0613592,-0.0809547,-0.221827
17.818,-0.113515,0.0582913,-0.0728592,-0.353042
17.82,-0.116583,0.0582913,-0.218971,-0.317738
17.822,-0.119651,0.0552233,-0.350472,-0.439362
17.824,-0.119651,0.0521553,-0.315425,-0.548824
17.826,-0.122718,0.0521553,-0.437281,-0.493942
17.828,-0.122718,0.0490874,-0.393553,-0.597946
17.83,-0.125786,0.0460194,-0.507595,-0.691549
17.832,-0.125786,0.0460194,-0.456836,-0.622394
17.834,-0.128854,0.0460194,-0.56455,-0.560155
17.836,-0.128854,0.0429515,-0.508095,-0.657538
17.838,-0.131922,0.0429515,-0.610684,-0.591784
17.84,-0.131922,0.0398835,-0.549615,-0.686003
17.842,-0.13499,0.0398835,-0.648052,-0.617403
17.844,-0.13499,0.0398835,-0.583247,-0.555663
17.846,-0.138058,0.0368155,-0.67832,-0.653495
17.848,-0.141126,0.0368155,-0.763886,-0.588145
17.85,-0.141126,0.0337476,-0.687498,-0.682729
17.852,-0.144194,0.0337476,-0.772146,-0.614456
17.854,-0.147262,0.0306796,-0.848329,-0.706408
17.856,-0.15033,0.0276117,-0.916895,-0.789166
17.858,-0.153398,0.0245437,-0.978603,-0.863647
17.86,-0.156466,0.0214757,-1.03414,-0.93068
17.862,-0.159534,0.0184078,-1.08412,-0.99101
17.864,-0.162602,0.0153398,-1.12911,-1.04531
17.866,-0.16567,0.0122718,-1.1696,-1.09417
17.868,-0.168738,0.00920388,-1.20604,-1.13816
17.87,-0.171806,0.00613592,-1.23883,-1.17774
17.872,-0.171806,0.00306796,-1.11495,-1.21336
17.874,-0.174874,0.00306796,-1.15685,-1.09203
17.876,-0.177942,0,-1.19456,-1.13622
17.878,-0.18101,0,-1.22851,-1.0226
17.88,-0.18101,-0.00306796,-1.10565,-1.07374
17.882,-0.184078,-0.00306796,-1.14849,-0.966364
17.884,-0.184078,-0.00613592,-1.03364,-1.02313
17.886,-0.187146,-0.00613592,-1.08367,-0.920813
17.888,-0.190214,-0.00920388,-1.1287,-0.98213
17.89,-0.190214,-0.00920388,-1.01583,-0.883917
17.892,-0.193282,-0.00920388,-1.06765,-0.795525
17.894,-0.19635,-0.0122718,-1.11428,-0.869371
17.896,-0.19635,-0.0153398,-1.00285,-0.935832
17.898,-0.199418,-0.0153398,-1.05597,-0.842248
17.9,-0.202485,-0.0184078,-1.10377,-0.911422
17.902,-0.205553,-0.0214757,-1.14679,-0.973678
17.904,-0.208621,-0.0214757,-1.18551,-0.87631
17.906,-0.211689,-0.0245437,-1.22036,-0.942077
17.908,-0.214757,-0.0276117,-1.25172,-1.00127
17.91,-0.214757,-0.0306796,-1.12655,-1.05454
17.912,-0.217825,-0.0337476,-1.16729,-1.10248
17.914,-0.220893,-0.0368155,-1.20396,-1.14563
17.916,-0.223961,-0.0368155,-1.23696,-1.03107
17.918,-0.227029,-0.0398835,-1.26666,-1.08136
17.92,-0.227029,-0.0398835,-1.14,-0.973224
17.922,-0.230097,-0.0429515,-1.17939,-1.0293
17.924,-0.233165,-0.0460194,-1.21485,-1.07977
17.926,-0.236233,-0.0460194,-1.24677,-0.971791
17.928,-0.239301,-0.0490874,-1.27549,-1.02801
17.93,-0.242369,-0.0521553,-1.30134,-1.07861
17.932,-0.242369,-0.0552233,-1.1712,-1.12414
17.934,-0.245437,-0.0582913,-1.20748,-1.16513
17.936,-0.248505,-0.0613592,-1.24013,-1.20201
17.938,-0.251573,-0.0644272,-1.26952,-1.23521
17.94,-0.254641,-0.0674952,-1.29596,-1.26509
17.942,-0.254641,-0.0705631,-1.16637,-1.29198
17.944,-0.257709,-0.0705631,-1.20313,-1.16278
17.946,-0.257709,-0.0736311,-1.08281,-1.1999
17.948,-0.257709,-0.0736311,-0.974533,-1.07991
17.95,-0.260777,-0.0736311,-1.03048,-0.971918
17.952,-0.260777,-0.0736311,-0.92743,-0.874727
17.954,-0.260777,-0.0736311,-0.834687,-0.787254
17.956,-0.260777,-0.0736311,-0.751219,-0.708528
17.958,-0.260777,-0.076699,-0.676097,-0.791074
17.96,-0.263845,-0.0736311,-0.761885,-0.558568
17.962,-0.263845,-0.076699,-0.685697,-0.65611
17.964,-0.263845,-0.076699,-0.617127,-0.590499
17.966,-0.263845,-0.076699,-0.555414,-0.531449
17.968,-0.263845,-0.076699,-0.499873,-0.478304
17.97,-0.263845,-0.079767,-0.449886,-0.583872
17.972,-0.263845,-0.079767,-0.404897,-0.525484
17.974,-0.263845,-0.079767,-0.364407,-0.472936
17.976,-0.263845,-0.079767,-0.327967,-0.425642
17.978,-0.266913,-0.082835,-0.448568,-0.536476
17.98,-0.266913,-0.082835,-0.403711,-0.482829
17.982,-0.266913,-0.082835,-0.36334,-0.434546
17.984,-0.263845,-0.082835,-0.173608,-0.391091
17.986,-0.263845,-0.082835,-0.156247,-0.351982
17.988,-0.263845,-0.082835,-0.140622,-0.316784
17.99,-0.260777,-0.0859029,0.0268379,-0.438504
17.992,-0.260777,-0.082835,0.0241541,-0.241255
17.994,-0.257709,-0.082835,0.175137,-0.21713
17.996,-0.257709,-0.082835,0.157623,-0.195417
17.998,-0.257709,-0.079767,0.141861,-0.0224769
18,-0.254641,-0.079767,0.281073,-0.0202292
18.002,-0.251573,-0.079767,0.406364,-0.0182063
18.004,-0.251573,-0.076699,0.365727,0.137012
18.006,-0.248505,-0.076699,0.482553,0.123311
18.008,-0.245437,-0.076699,0.587695,0.11098
18.01,-0.245437,-0.0736311,0.528926,0.25328
18.012,-0.242369,-0.0736311,0.629431,0.227952
18.014,-0.239301,-0.0705631,0.719886,0.358555
18.016,-0.236233,-0.0705631,0.801296,0.322699
18.018,-0.233165,-0.0674952,0.874564,0.443828
18.02,-0.230097,-0.0674952,0.940506,0.399445
18.022,-0.227029,-0.0644272,0.999853,0.512898
18.024,-0.223961,-0.0613592,1.05327,0.615007
18.026,-0.220893,-0.0613592,1.10134,0.553506
18.028,-0.217825,-0.0613592,1.1446,0.498155
18.03,-0.217825,-0.0582913,1.03014,0.601738
18.032,-0.211689,-0.0552233,1.23392,0.694962
18.034,-0.208621,-0.0552233,1.26393,0.625466
18.036,-0.208621,-0.0521553,1.13754,0.716317
18.038,-0.205553,-0.0521553,1.17718,0.644686
18.04,-0.202485,-0.0490874,1.21286,0.733615
18.042,-0.19635,-0.0490874,1.39837,0.660254
18.044,-0.19635,-0.0490874,1.25853,0.594228
18.046,-0.190214,-0.0460194,1.43948,0.688204
18.048,-0.187146,-0.0429515,1.44893,0.772781
18.05,-0.184078,-0.0398835,1.45743,0.848901
18.052,-0.18101,-0.0368155,1.46509,0.917409
18.054,-0.174874,-0.0368155,1.62537,0.825668
18.056,-0.171806,-0.0337476,1.61624,0.8965
18.058,-0.168738,-0.0306796,1.60801,0.960248
18.06,-0.16567,-0.0306796,1.60061,0.864223
18.062,-0.159534,-0.0276117,1.74734,0.931199
18.064,-0.156466,-0.0245437,1.72601,0.991477
18.066,-0.153398,-0.0245437,1.7068,0.892329
18.068,-0.15033,-0.0214757,1.68952,0.956494
18.07,-0.147262,-0.0214757,1.67397,0.860845
18.072,-0.144194,-0.0184078,1.65997,0.928159
18.074,-0.138058,-0.0153398,1.80077,0.988741
18.076,-0.13499,-0.0153398,1.77409,0.889867
18.078,-0.131922,-0.0122718,1.75008,0.954278
18.08,-0.125786,-0.00920388,1.88187,1.01225
18.082,-0.122718,-0.00613592,1.84708,1.06442
18.084,-0.119651,-0.00613592,1.81577,0.957979
18.086,-0.113515,-0.00306796,1.94099,1.01558
18.088,-0.110447,0,1.90029,1.06742
18.09,-0.107379,0.00306796,1.86366,1.11408
18.092,-0.101243,0.00613592,1.98409,1.15607
18.094,-0.0951068,0.00920388,2.09247,1.19386
18.096,-0.0920388,0.0122718,2.03663,1.22787
18.098,-0.0859029,0.0153398,2.13976,1.25848
18.1,-0.079767,0.0214757,2.23258,1.43943
18.102,-0.0736311,0.0245437,2.31612,1.44888
18.104,-0.0705631,0.0276117,2.2379,1.45739
18.106,-0.0644272,0.0306796,2.32091,1.46505
18.108,-0.0613592,0.0337476,2.24222,1.47195
18.11,-0.0582913,0.0368155,2.17139,1.47815
18.112,-0.0521553,0.0368155,2.26105,1.33033
18.114,-0.0490874,0.0398835,2.18834,1.3507
18.116,-0.0460194,0.0398835,2.12291,1.21563
18.118,-0.0429515,0.0429515,2.06401,1.24746
18.12,-0.0429515,0.0429515,1.85761,1.12272
18.122,-0.0398835,0.0460194,1.82525,1.16384
18.124,-0.0368155,0.0460194,1.79612,1.04746
18.126,-0.0337476,0.0460194,1.76991,0.942714
18.128,-0.0337476,0.0460194,1.59292,0.848442
18.13,-0.0306796,0.0460194,1.58702,0.763598
18.132,-0.0306796,0.0460194,1.42832,0.687238
18.134,-0.0276117,0.0460194,1.43889,0.618514
18.136,-0.0245437,0.0460194,1.4484,0.556663
18.138,-0.0245437,0.0460194,1.30356,0.500997
18.14,-0.0214757,0.0460194,1.3266,0.450897
18.142,-0.0214757,0.0490874,1.19394,0.559205
18.144,-0.0184078,0.0490874,1.22794,0.503285
18.146,-0.0153398,0.0490874,1.25855,0.452956
18.148,-0.0153398,0.0490874,1.13269,0.407661
18.15,-0.0122718,0.0490874,1.17282,0.366895
18.152,-0.0122718,0.0490874,1.05554,0.330205
18.154,-0.00920388,0.0490874,1.10338,0.297185
18.156,-0.00920388,0.0490874,0.993045,0.267466
18.158,-0.00920388,0.0490874,0.893741,0.24072
18.16,-0.00613592,0.0490874,0.957765,0.216648
18.162,-0.00613592,0.0490874,0.861988,0.194983
18.164,-0.00306796,0.0490874,0.929187,0.175485
18.166,-0.00306796,0.0490874,0.836269,0.157936
18.168,-0,0.0490874,0.90604,0.142143
18.17,-0,0.0490874,0.815436,0.127928
18.172,0.00306796,0.0521553,0.88729,0.268534
18.174,0.00613592,0.0521553,0.951959,0.24168
18.176,0.00920388,0.0552233,1.01016,0.37091
18.178,0.0122718,0.0582913,1.06254,0.487217
18.18,0.0153398,0.0613592,1.10969,0.591894
18.182,0.0153398,0.0613592,0.998718,0.532704
18.184,0.0184078,0.0644272,1.05224,0.632832
18.186,0.0214757,0.0644272,1.10042,0.569549
18.188,0.0214757,0.0674952,0.990376,0.665992
18.19,0.0245437,0.0674952,1.04474,0.599393
18.192,0.0276117,0.0705631,1.09366,0.692852
18.194,0.0276117,0.0705631,0.984295,0.623566
18.196,0.0306796,0.0705631,1.03926,0.56121
18.198,0.0306796,0.0736311,0.935337,0.658487
18.2,0.0337476,0.0736311,0.995202,0.592638
18.202,0.0337476,0.0736311,0.895682,0.533374
18.204,0.0368155,0.076699,0.959511,0.633435
18.206,0.0368155,0.076699,0.86356,0.570091
18.208,0.0368155,0.076699,0.777204,0.513082
18.21,0.0398835,0.076699,0.852882,0.461774
18.212,0.0398835,0.076699,0.767594,0.415597
18.214,0.0398835,0.079767,0.690834,0.527435
18.216,0.0398835,0.079767,0.621751,0.474692
18.218,0.0398835,0.079767,0.559576,0.427222
18.22,0.0398835,0.079767,0.503618,0.3845
18.222,0.0398835,0.076699,0.453256,0.192652
18.224,0.0398835,0.076699,0.407931,0.173387
18.226,0.0398835,0.076699,0.367138,0.156048
18.228,0.0368155,0.0736311,0.177026,-0.0129547
18.23,0.0368155,0.0736311,0.159323,-0.0116592
18.232,0.0368155,0.0705631,0.143391,-0.163891
18.234,0.0337476,0.0705631,-0.0243462,-0.147502
18.236,0.0337476,0.0674952,-0.0219116,-0.28615
18.238,0.0337476,0.0674952,-0.0197204,-0.257535
18.24,0.0306796,0.0674952,-0.171146,-0.231782
18.242,0.0306796,0.0674952,-0.154032,-0.208603
18.244,0.0306796,0.0674952,-0.138629,-0.187743
18.246,0.0306796,0.0644272,-0.124766,-0.322367
18.248,0.0276117,0.0644272,-0.265687,-0.29013
18.25,0.0276117,0.0644272,-0.239119,-0.261117
18.252,0.0276117,0.0644272,-0.215207,-0.235005
18.254,0.0245437,0.0613592,-0.347084,-0.364903
18.256,0.0245437,0.0613592,-0.312376,-0.328413
18.258,0.0245437,0.0613592,-0.281138,-0.295571
18.26,0.0214757,0.0582913,-0.406422,-0.419412
18.262,0.0184078,0.0582913,-0.519178,-0.377471
18.264,0.0184078,0.0552233,-0.46726,-0.493122
18.266,0.0153398,0.0552233,-0.573932,-0.44381
18.268,0.0122718,0.0521553,-0.669937,-0.552827
18.27,0.00920388,0.0490874,-0.756342,-0.650942
18.272,0.00613592,0.0490874,-0.834106,-0.585848
18.274,0.00306796,0.0460194,-0.904093,-0.680661
18.276,-0,0.0398835,-0.967082,-0.919391
18.278,-0.00306796,0.0368155,-1.02377,-0.98085
18.28,-0.00920388,0.0368155,-1.22819,-0.882765
18.282,-0.00920388,0.0337476,-1.10537,-0.947887
18.284,-0.0153398,0.0306796,-1.30163,-1.0065
18.286,-0.0184078,0.0245437,-1.32487,-1.21264
18.288,-0.0214757,0.0245437,-1.34578,-1.09138
18.29,-0.0245437,0.0214757,-1.3646,-1.13564
18.292,-0.0276117,0.0184078,-1.38154,-1.17547
18.294,-0.0306796,0.0184078,-1.39678,-1.05793
18.296,-0.0337476,0.0153398,-1.4105,-1.10553
18.298,-0.0368155,0.0122718,-1.42285,-1.14838
18.3,-0.0398835,0.00920388,-1.43396,-1.18694
18.302,-0.0429515,0.00613592,-1.44396,-1.22164
18.304,-0.0460194,0.00613592,-1.45297,-1.09948
18.306,-0.0490874,0.00306796,-1.46107,-1.14293
18.308,-0.0521553,0,-1.46836,-1.18203
18.31,-0.0582913,-0.00306796,-1.62832,-1.21723
18.312,-0.0613592,-0.00613592,-1.61888,-1.2489
18.314,-0.0644272,-0.00920388,-1.61039,-1.27741
18.316,-0.0705631,-0.0122718,-1.75615,-1.30307
18.318,-0.0736311,-0.0184078,-1.73393,-1.47956
18.32,-0.076699,-0.0214757,-1.71394,-1.485
18.322,-0.082835,-0.0245437,-1.84934,-1.4899
18.324,-0.0859029,-0.0276117,-1.81781,-1.49431
18.326,-0.0889709,-0.0306796,-1.78942,-1.49827
18.328,-0.0951068,-0.0368155,-1.91728,-1.65524
18.33,-0.0981748,-0.0398835,-1.87895,-1.64312
18.332,-0.101243,-0.0429515,-1.84445,-1.6322
18.334,-0.107379,-0.0460194,-1.9668,-1.62238
18.336,-0.107379,-0.0490874,-1.77012,-1.61354
18.338,-0.110447,-0.0521553,-1.74651,-1.60558
18.34,-0.113515,-0.0521553,-1.72525,-1.44503
18.342,-0.116583,-0.0552233,-1.70613,-1.45392
18.344,-0.116583,-0.0552233,-1.53551,-1.30853
18.346,-0.119651,-0.0552233,-1.53536,-1.17768
18.348,-0.119651,-0.0582913,-1.38183,-1.21331
18.35,-0.119651,-0.0582913,-1.24364,-1.09198
18.352,-0.119651,-0.0552233,-1.11928,-0.82938
18.354,-0.122718,-0.0552233,-1.16075,-0.746442
18.356,-0.122718,-0.0552233,-1.04467,-0.671798
18.358,-0.122718,-0.0552233,-0.940206,-0.604618
18.36,-0.122718,-0.0552233,-0.846186,-0.544157
18.362,-0.122718,-0.0521553,-0.761567,-0.336343
18.364,-0.122718,-0.0521553,-0.68541,-0.302709
18.366,-0.119651,-0.0521553,-0.463471,-0.272438
18.368,-0.119651,-0.0521553,-0.417124,-0.245194
18.37,-0.119651,-0.0521553,-0.375412,-0.220674
18.372,-0.119651,-0.0490874,-0.337871,-0.045209
18.374,-0.122718,-0.0490874,-0.457482,-0.0406881
18.376,-0.122718,-0.0490874,-0.411733,-0.0366193
18.378,-0.119651,-0.0490874,-0.217162,-0.0329573
18.38,-0.122718,-0.0490874,-0.348844,-0.0296616
18.382,-0.122718,-0.0521553,-0.313959,-0.180094
18.384,-0.122718,-0.0521553,-0.282564,-0.162084
18.386,-0.122718,-0.0521553,-0.254307,-0.145876
18.388,-0.122718,-0.0521553,-0.228876,-0.131288
18.39,-0.125786,-0.0521553,-0.359387,-0.118159
18.392,-0.125786,-0.0521553,-0.323448,-0.106343
18.394,-0.125786,-0.0552233,-0.291103,-0.249107
18.396,-0.125786,-0.0552233,-0.261993,-0.224196
18.398,-0.128854,-0.0552233,-0.389192,-0.201777
18.4,-0.128854,-0.0552233,-0.350273,-0.181599
18.402,-0.128854,-0.0582913,-0.315245,-0.316837
18.404,-0.128854,-0.0582913,-0.283721,-0.285154
18.406,-0.128854,-0.0582913,-0.255349,-0.256638
18.408,-0.128854,-0.0582913,-0.229814,-0.230974
18.41,-0.125786,-0.0582913,-0.0534344,-0.207877
18.412,-0.125786,-0.0552233,-0.048091,-0.0336912
18.414,-0.122718,-0.0552233,0.110116,-0.0303221
18.416,-0.122718,-0.0521553,0.0991046,0.126108
18.418,-0.119651,-0.0490874,0.242592,0.266895
18.42,-0.119651,-0.0490874,0.218333,0.240206
18.422,-0.116583,-0.0460194,0.349898,0.369583
18.424,-0.110447,-0.0429515,0.621704,0.486023
18.426,-0.110447,-0.0398835,0.559534,0.590819
18.428,-0.107379,-0.0368155,0.656978,0.685135
18.43,-0.104311,-0.0337476,0.744679,0.77002
18.432,-0.0981748,-0.0306796,0.977007,0.846416
18.434,-0.0951068,-0.0276117,1.0327,0.915172
18.436,-0.0920388,-0.0245437,1.08283,0.977053
18.438,-0.0889709,-0.0214757,1.12795,1.03275
18.44,-0.0859029,-0.0184078,1.16855,1.08287
18.442,-0.082835,-0.0153398,1.20509,1.12798
18.444,-0.082835,-0.0122718,1.08458,1.16858
18.446,-0.079767,-0.00920388,1.12952,1.20512
18.448,-0.076699,-0.00920388,1.16997,1.08461
18.45,-0.076699,-0.00613592,1.05297,1.12955
18.452,-0.0736311,-0.00613592,1.10107,1.01659
18.454,-0.0736311,-0.00613592,0.990966,0.914932
18.456,-0.0705631,-0.00306796,1.04527,0.976837
18.458,-0.0705631,-0.00306796,0.940741,0.879153
18.46,-0.0705631,-0.00306796,0.846667,0.791238
18.462,-0.0674952,-0.00306796,0.915398,0.712114
18.464,-0.0674952,-0.00306796,0.823858,0.640903
18.466,-0.0674952,-0.00306796,0.741472,0.576812
18.468,-0.0674952,-0.00306796,0.667325,0.519131
18.47,-0.0674952,-0.00306796,0.600593,0.467218
18.472,-0.0674952,-0.00306796,0.540533,0.420496
18.474,-0.0674952,-0.00306796,0.48648,0.378447
18.476,-0.0674952,-0.00306796,0.437832,0.340602
18.478,-0.0644272,-0.00613592,0.547447,0.153144
18.48,-0.0644272,-0.00613592,0.492702,0.137829
18.482,-0.0644272,-0.00613592,0.443432,0.124046
18.484,-0.0644272,-0.00613592,0.399089,0.111642
18.486,-0.0644272,-0.00613592,0.35918,0.100478
18.488,-0.0644272,-0.00613592,0.323262,0.0904298
18.49,-0.0644272,-0.00613592,0.290936,0.0813868
18.492,-0.0644272,-0.00613592,0.261842,0.0732482
18.494,-0.0644272,-0.00613592,0.235658,0.0659233
18.496,-0.0644272,-0.00920388,0.212092,-0.0940671
18.498,-0.0644272,-0.00920388,0.190883,-0.0846604
18.5,-0.0644272,-0.00920388,0.171795,-0.0761943
18.502,-0.0644272,-0.00920388,0.154615,-0.0685749
18.504,-0.0644272,-0.00920388,0.139154,-0.0617174
18.506,-0.0613592,-0.0122718,0.278636,-0.208944
18.508,-0.0613592,-0.00920388,0.250773,-0.0346513
18.51,-0.0613592,-0.00920388,0.225695,-0.0311862
18.512,-0.0613592,-0.00920388,0.203126,-0.0280675
18.514,-0.0613592,-0.00920388,0.182813,-0.0252608
18.516,-0.0582913,-0.00920388,0.31793,-0.0227347
18.518,-0.0582913,-0.00613592,0.286137,0.132937
18.52,-0.0552233,-0.00613592,0.410921,0.119643
18.522,-0.0552233,-0.00306796,0.369829,0.261077
18.524,-0.0552233,-0.00306796,0.332846,0.234969
18.526,-0.0521553,-0.00306796,0.45296,0.211472
18.528,-0.0521553,0,0.407664,0.343723
18.53,-0.0490874,0,0.520296,0.309351
18.532,-0.0490874,0,0.468266,0.278416
18.534,-0.0490874,0,0.421439,0.250574
18.536,-0.0490874,-0.00306796,0.379295,0.0721187
18.538,-0.0490874,-0.00306796,0.341366,0.0649068
18.54,-0.0490874,-0.00306796,0.307229,0.0584161
18.542,-0.0490874,-0.00306796,0.276506,0.0525745
18.544,-0.0490874,-0.00306796,0.248856,0.0473171
18.546,-0.0460194,-0.00306796,0.377368,0.0425854
18.548,-0.0460194,-0.00306796,0.339631,0.0383268
18.55,-0.0460194,-0.00306796,0.305668,0.0344941
18.552,-0.0460194,-0.00306796,0.275101,0.0310447
18.554,-0.0460194,-0.00306796,0.247591,0.0279403
18.556,-0.0460194,-0.00306796,0.222832,0.0251462
18.558,-0.0460194,-0.00306796,0.200549,0.0226316
18.56,-0.0460194,-0.00306796,0.180494,0.0203684
18.562,-0.0460194,-0.00613592,0.162445,-0.135066
18.564,-0.0460194,-0.00613592,0.1462,-0.12156
18.566,-0.0460194,-0.00613592,0.13158,-0.109404
18.568,-0.0460194,-0.00613592,0.118422,-0.0984635
18.57,-0.0460194,-0.00920388,0.10658,-0.242015
18.572,-0.0460194,-0.00920388,0.0959219,-0.217814
18.574,-0.0460194,-0.0122718,0.0863297,-0.34943
18.576,-0.0460194,-0.0122718,0.0776968,-0.314487
18.578,-0.0460194,-0.0122718,0.0699271,-0.283039
18.58,-0.0460194,-0.0122718,0.0629344,-0.254735
18.582,-0.0460194,-0.0122718,0.0566409,-0.229261
18.584,-0.0460194,-0.0122718,0.0509769,-0.206335
18.586,-0.0460194,-0.0153398,0.0458792,-0.3391
18.588,-0.0460194,-0.0153398,0.0412913,-0.30519
18.59,-0.0460194,-0.0153398,0.0371621,-0.274671
18.592,-0.0460194,-0.0153398,0.0334459,-0.247204
18.594,-0.0460194,-0.0153398,0.0301013,-0.222483
18.596,-0.0460194,-0.0153398,0.0270912,-0.200235
18.598,-0.0460194,-0.0153398,0.0243821,-0.180211
18.6,-0.0429515,-0.0122718,0.175342,-0.00879226
18.602,-0.0429515,-0.0122718,0.157808,-0.00791304
18.604,-0.0398835,-0.0122718,0.295425,-0.00712173
18.606,-0.0398835,-0.0122718,0.265883,-0.00640956
18.608,-0.0368155,-0.0122718,0.392692,-0.0057686
18.61,-0.0368155,-0.00920388,0.353423,0.148206
18.612,-0.0337476,-0.00920388,0.471479,0.133386
18.614,-0.0337476,-0.00613592,0.424331,0.273445
18.616,-0.0306796,-0.00613592,0.535296,0.246101
18.618,-0.0306796,-0.00613592,0.481766,0.221491
18.62,-0.0276117,-0.00613592,0.586988,0.199342
18.622,-0.0276117,-0.00306796,0.528289,0.332805
18.624,-0.0245437,-0.00306796,0.628858,0.299525
18.626,-0.0245437,-0.00306796,0.565972,0.269572
18.628,-0.0214757,0,0.662773,0.396013
18.63,-0.0214757,0,0.596496,0.356412
18.632,-0.0184078,0.00306796,0.690244,0.474169
18.634,-0.0153398,0.00306796,0.774618,0.426752
18.636,-0.0153398,0.00613592,0.697156,0.537475
18.638,-0.0122718,0.00613592,0.780839,0.483727
18.64,-0.0122718,0.00920388,0.702755,0.588753
18.642,-0.00920388,0.00920388,0.785877,0.529877
18.644,-0.00920388,0.0122718,0.70729,0.630288
18.646,-0.00613592,0.0122718,0.789959,0.567259
18.648,-0.00613592,0.0122718,0.710963,0.510533
18.65,-0.00613592,0.0122718,0.639867,0.45948
18.652,-0.00306796,0.0122718,0.729278,0.413532
18.654,-0.00613592,0.0122718,0.502952,0.372179
18.656,-0.00306796,0.0122718,0.606055,0.334961
18.658,-0.00306796,0.0122718,0.54545,0.301465
18.66,-0.00306796,0.00920388,0.490905,0.11792
18.662,-0.00306796,0.00920388,0.441814,0.106128
18.664,-0.00306796,0.00920388,0.397633,0.0955153
18.666,-0.00306796,0.00920388,0.357869,0.0859638
18.668,-0.00306796,0.00920388,0.322082,0.0773674
18.67,-0.00306796,0.00920388,0.289874,0.0696307
18.672,-0.00306796,0.00920388,0.260887,0.0626676
18.674,-0,0.00920388,0.388196,0.0564008
18.676,-0,0.00920388,0.349377,0.0507608
18.678,-0,0.00920388,0.314439,0.0456847
18.68,0.00306796,0.00920388,0.436393,0.0411162
18.682,0.00306796,0.00920388,0.392754,0.0370046
18.684,0.00306796,0.0122718,0.353478,0.186702
18.686,0.00306796,0.0122718,0.318131,0.168032
18.688,0.00306796,0.0122718,0.286318,0.151229
18.69,0.00613592,0.0122718,0.411084,0.136106
18.692,0.00613592,0.0122718,0.369975,0.122495
18.694,0.00613592,0.0122718,0.332978,0.110246
18.696,0.00613592,0.0122718,0.29968,0.0992212
18.698,0.00613592,0.0122718,0.269712,0.0892991
18.7,0.00613592,0.0122718,0.242741,0.0803692
18.702,0.00613592,0.00920388,0.218467,-0.0810658
18.704,0.00613592,0.00920388,0.19662,-0.0729592
18.706,0.00613592,0.00920388,0.176958,-0.0656633
18.708,0.00613592,0.00920388,0.159262,-0.059097
18.71,0.00306796,0.00613592,-0.010062,-0.206585
18.712,0.00306796,0.00613592,-0.0090558,-0.185927
18.714,0.00306796,0.00613592,-0.00815022,-0.167334
18.716,0.00306796,0.00306796,-0.0073352,-0.303999
18.718,0.00306796,0.00306796,-0.00660168,-0.273599
18.72,-0,0,-0.15934,-0.399637
18.722,-0,-0.00306796,-0.143406,-0.513071
18.724,-0,-0.00306796,-0.129065,-0.461764
18.726,-0,-0.00306796,-0.116159,-0.415588
18.728,-0,-0.00613592,-0.104543,-0.527427
18.73,-0,-0.00613592,-0.0940884,-0.474684
18.732,-0,-0.00613592,-0.0846796,-0.427216
18.734,-0,-0.00613592,-0.0762116,-0.384494
18.736,-0,-0.00306796,-0.0685905,-0.192647
18.738,-0,-0.00306796,-0.0617314,-0.173382
18.74,0.00306796,-0.00306796,0.0978398,-0.156044
18.742,0.00306796,-0.00306796,0.0880558,-0.14044
18.744,0.00306796,0,0.0792502,0.0270024
18.746,0.00613592,0,0.224723,0.0243022
18.748,0.00613592,0,0.202251,0.021872
18.75,0.00920388,0.00306796,0.335424,0.173083
18.752,0.0122718,0.00306796,0.45528,0.155775
18.754,0.0122718,0.00613592,0.409752,0.293595
18.756,0.0153398,0.00613592,0.522175,0.264236
18.758,0.0153398,0.00920388,0.469957,0.39121
18.76,0.0184078,0.00920388,0.576359,0.352089
18.762,0.0214757,0.0122718,0.672122,0.470278
18.764,0.0214757,0.0122718,0.604909,0.42325
18.766,0.0245437,0.0153398,0.697817,0.534324
18.768,0.0245437,0.0153398,0.628035,0.480891
18.77,0.0276117,0.0184078,0.71863,0.5862
18.772,0.0276117,0.0184078,0.646767,0.52758
18.774,0.0306796,0.0214757,0.735488,0.62822
18.776,0.0306796,0.0214757,0.661939,0.565398
18.778,0.0337476,0.0214757,0.749143,0.508858
18.78,0.0337476,0.0245437,0.674229,0.611371
18.782,0.0368155,0.0276117,0.760204,0.703632
18.784,0.0398835,0.0276117,0.837582,0.633268
18.786,0.0398835,0.0306796,0.753824,0.72334
18.788,0.0429515,0.0337476,0.831839,0.804404
18.79,0.0429515,0.0368155,0.748655,0.877361
18.792,0.0460194,0.0368155,0.827188,0.789625
18.794,0.0460194,0.0368155,0.744469,0.710663
18.796,0.0460194,0.0368155,0.670022,0.639597
18.798,0.0490874,0.0398835,0.756418,0.729035
18.8,0.0490874,0.0398835,0.680776,0.656131
18.802,0.0490874,0.0368155,0.612699,0.43712
18.804,0.0490874,0.0368155,0.551429,0.393408
18.806,0.0490874,0.0368155,0.496286,0.354067
18.808,0.0490874,0.0368155,0.446657,0.318661
18.81,0.0490874,0.0368155,0.401992,0.286795
18.812,0.0490874,0.0368155,0.361792,0.258115
18.814,0.0490874,0.0368155,0.325613,0.232304
18.816,0.0490874,0.0368155,0.293052,0.209073
18.818,0.0490874,0.0398835,0.263747,0.341564
18.82,0.0521553,0.0398835,0.39077,0.307408
18.822,0.0521553,0.0429515,0.351693,0.430065
18.824,0.0521553,0.0429515,0.316524,0.387058
18.826,0.0521553,0.0429515,0.284871,0.348353
18.828,0.0521553,0.0429515,0.256384,0.313517
18.83,0.0521553,0.0429515,0.230746,0.282166
18.832,0.0521553,0.0429515,0.207671,0.253949
18.834,0.0521553,0.0429515,0.186904,0.228554
18.836,0.0490874,0.0429515,0.0148156,0.205699
18.838,0.0490874,0.0398835,0.0133341,0.0317308
18.84,0.0460194,0.0398835,-0.141397,0.0285577
18.842,0.0460194,0.0368155,-0.127258,-0.127696
18.844,0.0429515,0.0368155,-0.26793,-0.114927
18.846,0.0398835,0.0337476,-0.394535,-0.256832
18.848,0.0398835,0.0337476,-0.355082,-0.231149
18.85,0.0368155,0.0306796,-0.472971,-0.361432
18.852,0.0368155,0.0276117,-0.425674,-0.478687
18.854,0.0337476,0.0276117,-0.536505,-0.430818
18.856,0.0337476,0.0276117,-0.482854,-0.387736
18.858,0.0306796,0.0276117,-0.587967,-0.348963
18.86,0.0306796,0.0245437,-0.52917,-0.467465
18.862,0.0276117,0.0245437,-0.629651,-0.420718
18.864,0.0276117,0.0245437,-0.566686,-0.378646
18.866,0.0276117,0.0245437,-0.510018,-0.340782
18.868,0.0245437,0.0245437,-0.612414,-0.306703
18.87,0.0245437,0.0214757,-0.551173,-0.429431
18.872,0.0214757,0.0214757,-0.649453,-0.386488
18.874,0.0184078,0.0184078,-0.737906,-0.501237
18.876,0.0184078,0.0184078,-0.664116,-0.451114
18.878,0.0153398,0.0153398,-0.751102,-0.5594
18.88,0.0153398,0.0153398,-0.675992,-0.50346
18.882,0.0122718,0.0122718,-0.761791,-0.606512
18.884,0.0122718,0.0122718,-0.685612,-0.545861
18.886,0.00920388,0.0122718,-0.770449,-0.491275
18.888,0.00613592,0.00920388,-0.846802,-0.595546
18.89,0.00613592,0.00920388,-0.762122,-0.535991
18.892,0.00306796,0.00920388,-0.839308,-0.482392
18.894,0.00306796,0.00613592,-0.755377,-0.587551
18.896,-0,0.00613592,-0.833237,-0.528796
18.898,-0.00306796,0.00306796,-0.903312,-0.629314
18.9,-0.00306796,0.00306796,-0.81298,-0.566383
18.902,-0.00613592,0.00306796,-0.88508,-0.509745
18.904,-0.00613592,0,-0.796572,-0.612168
18.906,-0.00920388,0,-0.870313,-0.550951
18.908,-0.00920388,0,-0.783282,-0.495856
18.91,-0.0122718,-0.00306796,-0.858352,-0.599669
18.912,-0.0153398,-0.00306796,-0.925915,-0.539702
18.914,-0.0153398,-0.00306796,-0.833323,-0.485732
18.916,-0.0184078,-0.00613592,-0.903389,-0.590557
18.918,-0.0214757,-0.00613592,-0.966448,-0.531501
18.92,-0.0214757,-0.00613592,-0.869803,-0.478351
18.922,-0.0245437,-0.00920388,-0.936221,-0.583914
18.924,-0.0245437,-0.0122718,-0.842599,-0.67892
18.926,-0.0276117,-0.0122718,-0.911737,-0.611028
18.928,-0.0276117,-0.0122718,-0.820563,-0.549926
18.93,-0.0306796,-0.0153398,-0.891905,-0.648331
18.932,-0.0337476,-0.0153398,-0.956113,-0.583498
18.934,-0.0337476,-0.0153398,-0.860501,-0.525148
18.936,-0.0368155,-0.0184078,-0.927849,-0.626031
18.938,-0.0368155,-0.0184078,-0.835064,-0.563428
18.94,-0.0398835,-0.0214757,-0.904956,-0.660484
18.942,-0.0429515,-0.0214757,-0.967859,-0.594435
18.944,-0.0429515,-0.0245437,-0.871073,-0.68839
18.946,-0.0460194,-0.0245437,-0.937364,-0.619551
18.948,-0.0460194,-0.0276117,-0.843627,-0.710994
18.95,-0.0490874,-0.0276117,-0.912663,-0.639894
18.952,-0.0521553,-0.0306796,-0.974794,-0.729303
18.954,-0.0521553,-0.0306796,-0.877315,-0.656373
18.956,-0.0521553,-0.0306796,-0.789583,-0.590735
18.958,-0.0552233,-0.0337476,-0.864023,-0.68506
18.96,-0.0552233,-0.0306796,-0.777621,-0.463156
18.962,-0.0552233,-0.0306796,-0.699859,-0.41684
18.964,-0.0552233,-0.0306796,-0.629873,-0.375156
18.966,-0.0552233,-0.0306796,-0.566886,-0.337641
18.968,-0.0552233,-0.0306796,-0.510197,-0.303877
18.97,-0.0552233,-0.0276117,-0.459177,-0.120091
18.972,-0.0552233,-0.0276117,-0.41326,-0.108082
18.974,-0.0552233,-0.0276117,-0.371934,-0.0972736
18.976,-0.0552233,-0.0276117,-0.33474,-0.0875462
18.978,-0.0582913,-0.0276117,-0.454664,-0.0787916
18.98,-0.0582913,-0.0276117,-0.409198,-0.0709125
18.982,-0.0582913,-0.0276117,-0.368278,-0.0638212
18.984,-0.0582913,-0.0276117,-0.33145,-0.0574391
18.986,-0.0582913,-0.0276117,-0.298305,-0.0516952
18.988,-0.0613592,-0.0306796,-0.421873,-0.199924
18.99,-0.0613592,-0.0306796,-0.379686,-0.179931
18.992,-0.0613592,-0.0306796,-0.341717,-0.161938
18.994,-0.0644272,-0.0306796,-0.460943,-0.145744
18.996,-0.0644272,-0.0337476,-0.414849,-0.284568
18.998,-0.0644272,-0.0337476,-0.373364,-0.256111
19,-0.0674952,-0.0337476,-0.489426,-0.2305
19.002,-0.0674952,-0.0337476,-0.440483,-0.20745
19.004,-0.0674952,-0.0337476,-0.396435,-0.186705
19.006,-0.0674952,-0.0337476,-0.356791,-0.168035
19.008,-0.0705631,-0.0337476,-0.47451,-0.151231
19.01,-0.0705631,-0.0368155,-0.427059,-0.289506
19.012,-0.0705631,-0.0368155,-0.384353,-0.260555
19.014,-0.0705631,-0.0368155,-0.345918,-0.2345
19.016,-0.0705631,-0.0368155,-0.311326,-0.21105
19.018,-0.0736311,-0.0368155,-0.433592,-0.189945
19.02,-0.0736311,-0.0398835,-0.390233,-0.324349
19.022,-0.0736311,-0.0398835,-0.351209,-0.291914
19.024,-0.076699,-0.0429515,-0.469486,-0.41612
19.026,-0.076699,-0.0429515,-0.422538,-0.374508
19.028,-0.079767,-0.0429515,-0.533682,-0.337058
19.03,-0.079767,-0.0460194,-0.480314,-0.45675
19.032,-0.082835,-0.0460194,-0.585681,-0.411075
19.034,-0.082835,-0.0490874,-0.527113,-0.523365
19.036,-0.082835,-0.0490874,-0.474401,-0.471029
19.038,-0.082835,-0.0521553,-0.426961,-0.577324
19.04,-0.082835,-0.0521553,-0.384265,-0.519592
19.042,-0.0859029,-0.0521553,-0.499237,-0.467633
19.044,-0.0859029,-0.0521553,-0.449313,-0.420869
19.046,-0.0859029,-0.0521553,-0.404382,-0.378782
19.048,-0.082835,-0.0521553,-0.210545,-0.340904
19.05,-0.082835,-0.0490874,-0.189491,-0.153416
19.052,-0.082835,-0.0490874,-0.170542,-0.138074
19.054,-0.082835,-0.0490874,-0.153488,-0.124267
19.056,-0.079767,-0.0490874,0.0152592,-0.11184
19.058,-0.079767,-0.0460194,0.0137333,0.0527421
19.06,-0.076699,-0.0460194,0.165758,0.0474679
19.062,-0.076699,-0.0429515,0.149182,0.196119
19.064,-0.0736311,-0.0429515,0.287662,0.176507
19.066,-0.0736311,-0.0398835,0.258896,0.312255
19.068,-0.0705631,-0.0398835,0.386404,0.281029
19.07,-0.0705631,-0.0368155,0.347764,0.406324
19.072,-0.0674952,-0.0368155,0.466386,0.365692
19.074,-0.0674952,-0.0368155,0.419747,0.329123
19.076,-0.0644272,-0.0337476,0.53117,0.449609
19.078,-0.0644272,-0.0337476,0.478053,0.404648
19.08,-0.0613592,-0.0306796,0.583646,0.517581
19.082,-0.0613592,-0.0306796,0.525282,0.465823
19.084,-0.0582913,-0.0306796,0.626151,0.419241
19.086,-0.0582913,-0.0276117,0.563536,0.530715
19.088,-0.0552233,-0.0276117,0.660581,0.477643
19.09,-0.0552233,-0.0245437,0.594523,0.583277
19.092,-0.0521553,-0.0245437,0.688468,0.524949
19.094,-0.0521553,-0.0245437,0.619622,0.472454
19.096,-0.0490874,-0.0245437,0.711058,0.425209
19.098,-0.0490874,-0.0214757,0.639952,0.536086
19.1,-0.0460194,-0.0214757,0.729355,0.482477
19.102,-0.0460194,-0.0214757,0.656419,0.43423
19.104,-0.0429515,-0.0184078,0.744175,0.544205
19.106,-0.0429515,-0.0184078,0.669758,0.489784
19.108,-0.0398835,-0.0184078,0.75618,0.440806
19.11,-0.0368155,-0.0153398,0.83396,0.550123
19.112,-0.0337476,-0.0122718,0.903962,0.648509
19.114,-0.0337476,-0.0122718,0.813566,0.583658
19.116,-0.0306796,-0.00920388,0.885608,0.67869
19.118,-0.0276117,-0.00613592,0.950445,0.76422
19.12,-0.0245437,-0.00613592,1.0088,0.687798
19.122,-0.0245437,-0.00306796,0.907919,0.772416
19.124,-0.0214757,-0.00306796,0.970525,0.695174
19.126,-0.0184078,0,1.02687,0.779055
19.128,-0.0184078,0,0.924183,0.701149
19.13,-0.0153398,0.00306796,0.985163,0.784433
19.132,-0.0122718,0.00306796,1.04004,0.705989
19.134,-0.0122718,0.00613592,0.93604,0.788788
19.136,-0.00920388,0.00613592,0.995834,0.70991
19.138,-0.00613592,0.00613592,1.04965,0.638919
19.14,-0.00613592,0.00920388,0.944684,0.728425
19.142,-0.00306796,0.0122718,1.00361,0.80898
19.144,-0,0.0122718,1.05665,0.728082
19.146,0.00306796,0.0153398,1.10438,0.808672
19.148,0.00613592,0.0184078,1.14734,0.881203
19.15,0.00613592,0.0214757,1.03261,0.946481
19.152,0.00920388,0.0214757,1.08275,0.851833
19.154,0.0153398,0.0245437,1.28127,0.920048
19.156,0.0153398,0.0276117,1.15314,0.981441
19.158,0.0184078,0.0306796,1.19122,1.03669
19.16,0.0214757,0.0337476,1.2255,1.08642
19.162,0.0245437,0.0337476,1.25635,0.977781
19.164,0.0276117,0.0368155,1.28411,1.0334
19.166,0.0276117,0.0398835,1.1557,1.08346
19.168,0.0306796,0.0398835,1.19353,0.975113
19.17,0.0306796,0.0429515,1.07418,1.031
19.172,0.0337476,0.0429515,1.12016,0.9279
19.174,0.0337476,0.0429515,1.00814,0.83511
19.176,0.0368155,0.0460194,1.06072,0.904997
19.178,0.0368155,0.0460194,0.954652,0.814497
19.18,0.0368155,0.0460194,0.859187,0.733048
19.182,0.0368155,0.0460194,0.773268,0.659743
19.184,0.0368155,0.0460194,0.695941,0.593769
19.186,0.0368155,0.0460194,0.626347,0.534392
19.188,0.0368155,0.0460194,0.563713,0.480953
19.19,0.0368155,0.0460194,0.507341,0.432857
19.192,0.0368155,0.0429515,0.456607,0.236173
19.194,0.0368155,0.0429515,0.410946,0.212556
19.196,0.0337476,0.0398835,0.216454,0.0379024
19.198,0.0337476,0.0398835,0.194808,0.0341122
19.2,0.0306796,0.0368155,0.0219294,-0.122697
19.202,0.0276117,0.0368155,-0.133662,-0.110427
19.204,0.0276117,0.0337476,-0.120295,-0.252783
19.206,0.0245437,0.0306796,-0.261664,-0.380903
19.208,0.0245437,0.0276117,-0.235498,-0.49621
19.21,0.0214757,0.0245437,-0.365346,-0.599987
19.212,0.0184078,0.0214757,-0.482209,-0.693387
19.214,0.0153398,0.0184078,-0.587387,-0.777446
19.216,0.0153398,0.0184078,-0.528648,-0.699702
19.218,0.0122718,0.0153398,-0.629181,-0.783129
19.22,0.0122718,0.0153398,-0.566263,-0.704817
19.222,0.00920388,0.0122718,-0.663035,-0.787733
19.224,0.00920388,0.0122718,-0.596731,-0.70896
19.226,0.00613592,0.0122718,-0.690456,-0.638064
19.228,0.00306796,0.00920388,-0.774809,-0.727655
19.23,0.00306796,0.00613592,-0.697328,-0.808288
19.232,-0,0.00306796,-0.780993,-0.880857
19.234,-0.00306796,0.00306796,-0.856292,-0.792771
19.236,-0.00306796,0,-0.770663,-0.866892
19.238,-0.00613592,0,-0.846995,-0.780203
19.24,-0.00920388,-0.00306796,-0.915693,-0.855581
19.242,-0.0122718,-0.00613592,-0.977522,-0.923421
19.244,-0.0153398,-0.00920388,-1.03317,-0.984477
19.246,-0.0184078,-0.0122718,-1.08325,-1.03943
19.248,-0.0214757,-0.0153398,-1.12832,-1.08888
19.25,-0.0245437,-0.0214757,-1.16889,-1.28679
19.252,-0.0276117,-0.0214757,-1.2054,-1.15811
19.254,-0.0306796,-0.0245437,-1.23826,-1.1957
19.256,-0.0337476,-0.0276117,-1.26783,-1.22953
19.258,-0.0368155,-0.0306796,-1.29444,-1.25997
19.26,-0.0398835,-0.0337476,-1.3184,-1.28737
19.262,-0.0398835,-0.0398835,-1.18656,-1.46543
19.264,-0.0429515,-0.0398835,-1.2213,-1.31889
19.266,-0.0460194,-0.0429515,-1.25257,-1.3404
19.268,-0.0460194,-0.0429515,-1.12731,-1.20636
19.27,-0.0460194,-0.0429515,-1.01458,-1.08572
19.272,-0.0460194,-0.0460194,-0.913122,-1.13055
19.274,-0.0460194,-0.0460194,-0.82181,-1.01749
19.276,-0.0460194,-0.0460194,-0.739629,-0.915744
19.278,-0.0460194,-0.0429515,-0.665666,-0.670771
19.28,-0.0460194,-0.0429515,-0.599099,-0.603694
19.282,-0.0460194,-0.0429515,-0.539189,-0.543325
19.284,-0.0460194,-0.0429515,-0.48527,-0.488992
19.286,-0.0429515,-0.0398835,-0.283345,-0.286695
19.288,-0.0429515,-0.0398835,-0.255011,-0.258026
19.29,-0.0429515,-0.0398835,-0.22951,-0.232223
19.292,-0.0429515,-0.0398835,-0.206559,-0.209001
19.294,-0.0398835,-0.0368155,-0.0325048,-0.0347026
19.296,-0.0398835,-0.0368155,-0.0292543,-0.0312323
19.298,-0.0398835,-0.0398835,-0.0263289,-0.181507
19.3,-0.0398835,-0.0368155,-0.023696,-0.00995837
19.302,-0.0398835,-0.0398835,-0.0213264,-0.162361
19.304,-0.0398835,-0.0398835,-0.0191938,-0.146125
19.306,-0.0398835,-0.0398835,-0.0172744,-0.131512
19.308,-0.0398835,-0.0398835,-0.0155469,-0.118361
19.31,-0.0398835,-0.0398835,-0.0139923,-0.106525
19.312,-0.0398835,-0.0398835,-0.012593,-0.0958723
19.314,-0.0398835,-0.0398835,-0.0113337,-0.0862851
19.316,-0.0368155,-0.0398835,0.143198,-0.0776566
19.318,-0.0368155,-0.0368155,0.128878,0.0835072
19.32,-0.0368155,-0.0368155,0.11599,0.0751564
19.322,-0.0337476,-0.0368155,0.257789,0.0676408
19.324,-0.0337476,-0.0337476,0.23201,0.214275
19.326,-0.0306796,-0.0337476,0.362207,0.192847
19.328,-0.0306796,-0.0337476,0.325987,0.173563
19.33,-0.0276117,-0.0306796,0.446786,0.309604
19.332,-0.0276117,-0.0306796,0.402107,0.278644
19.334,-0.0245437,-0.0306796,0.515295,0.25078
19.336,-0.0245437,-0.0306796,0.463765,0.225702
19.338,-0.0214757,-0.0276117,0.570787,0.35653
19.34,-0.0214757,-0.0276117,0.513708,0.320877
19.342,-0.0214757,-0.0276117,0.462337,0.288789
19.344,-0.0184078,-0.0245437,0.569502,0.413308
19.346,-0.0153398,-0.0245437,0.66595,0.371977
19.348,-0.0122718,-0.0245437,0.752753,0.33478
19.35,-0.0122718,-0.0214757,0.677477,0.4547
19.352,-0.00920388,-0.0214757,0.763128,0.40923
19.354,-0.00920388,-0.0184078,0.686815,0.521705
19.356,-0.00613592,-0.0184078,0.771532,0.469534
19.358,-0.00613592,-0.0184078,0.694378,0.422581
19.36,-0.00306796,-0.0153398,0.778339,0.533721
19.362,-0.00306796,-0.0153398,0.700505,0.480349
19.364,-0.00306796,-0.0153398,0.630454,0.432314
19.366,-0,-0.0153398,0.720807,0.389083
19.368,-0,-0.0153398,0.648726,0.350174
19.37,-0,-0.0153398,0.583854,0.315157
19.372,0.00306796,-0.0153398,0.678866,0.283641
19.374,0.00306796,-0.0122718,0.61098,0.408675
19.376,0.00306796,-0.0122718,0.549882,0.367808
19.378,0.00613592,-0.0122718,0.648292,0.331027
19.38,0.00613592,-0.0122718,0.583462,0.297924
19.382,0.00920388,-0.00920388,0.678514,0.42153
19.384,0.0122718,-0.00920388,0.764061,0.379377
19.386,0.0122718,-0.00920388,0.687655,0.341439
19.388,0.0122718,-0.00920388,0.618889,0.307295
19.39,0.0153398,-0.00613592,0.710399,0.429964
19.392,0.0153398,-0.00613592,0.639359,0.386967
19.394,0.0184078,-0.00613592,0.728821,0.348271
19.396,0.0184078,-0.00613592,0.655939,0.313444
19.398,0.0214757,-0.00613592,0.743743,0.282099
19.4,0.0214757,-0.00613592,0.669369,0.253889
19.402,0.0214757,-0.00306796,0.602432,0.381898
19.404,0.0214757,-0.00613592,0.542189,0.190311
19.406,0.0245437,-0.00613592,0.641368,0.171279
19.408,0.0245437,-0.00613592,0.577231,0.154152
19.41,0.0245437,-0.00613592,0.519508,0.138736
19.412,0.0276117,-0.00613592,0.620955,0.124863
19.414,0.0276117,-0.00306796,0.55886,0.265775
19.416,0.0276117,-0.00306796,0.502974,0.239197
19.418,0.0306796,-0.00306796,0.606074,0.215277
19.42,0.0337476,-0.00306796,0.698865,0.19375
19.422,0.0337476,0,0.628979,0.327773
19.424,0.0368155,0,0.719479,0.294995
19.426,0.0368155,0,0.647531,0.265496
19.428,0.0368155,0,0.582778,0.238946
19.43,0.0368155,0,0.5245,0.215052
19.432,0.0398835,0,0.625448,0.193547
19.434,0.0398835,0,0.562903,0.174192
19.436,0.0398835,0,0.506613,0.156773
19.438,0.0398835,0,0.455952,0.141095
19.44,0.0429515,0,0.563755,0.126986
19.442,0.0429515,0.00306796,0.507379,0.267685
19.444,0.0460194,0.00306796,0.610039,0.240917
19.446,0.0460194,0.00306796,0.549035,0.216825
19.448,0.0490874,0.00306796,0.64753,0.195143
19.45,0.0490874,0.00613592,0.582777,0.329026
19.452,0.0521553,0.00613592,0.677897,0.296124
19.454,0.0521553,0.00613592,0.610108,0.266511
19.456,0.0521553,0.00613592,0.549097,0.23986
19.458,0.0552233,0.00920388,0.647585,0.369272
19.46,0.0552233,0.00920388,0.582827,0.332345
19.462,0.0582913,0.00920388,0.677942,0.299111
19.464,0.0613592,0.0122718,0.763546,0.422598
19.466,0.0613592,0.0122718,0.687191,0.380338
19.468,0.0644272,0.0122718,0.77187,0.342304
19.47,0.0674952,0.0153398,0.848081,0.461472
19.472,0.0705631,0.0153398,0.916671,0.415325
19.474,0.0736311,0.0184078,0.978402,0.52719
19.476,0.076699,0.0214757,1.03396,0.627869
19.478,0.076699,0.0245437,0.930564,0.71848
19.48,0.079767,0.0276117,0.990906,0.80003
19.482,0.082835,0.0306796,1.04521,0.873425
19.484,0.0859029,0.0306796,1.09409,0.786083
19.486,0.0889709,0.0337476,1.13808,0.860873
19.488,0.0920388,0.0368155,1.17767,0.928184
19.49,0.0920388,0.0368155,1.0599,0.835365
19.492,0.0951068,0.0398835,1.10731,0.905227
19.494,0.0981748,0.0398835,1.14998,0.814704
19.496,0.0981748,0.0398835,1.03498,0.733234
19.498,0.0981748,0.0429515,0.931482,0.813308
19.5,0.101243,0.0429515,0.991731,0.731978
19.502,0.101243,0.0460194,0.892558,0.812178
19.504,0.104311,0.0460194,0.956701,0.73096
19.506,0.104311,0.0460194,0.861031,0.657864
19.508,0.107379,0.0490874,0.928326,0.745476
19.51,0.107379,0.0490874,0.835493,0.670928
19.512,0.107379,0.0490874,0.751944,0.603835
19.514,0.110447,0.0490874,0.830147,0.543452
19.516,0.110447,0.0521553,0.747133,0.642505
19.518,0.113515,0.0521553,0.825817,0.578254
19.52,0.113515,0.0521553,0.743236,0.520429
19.522,0.113515,0.0552233,0.668912,0.621784
19.524,0.116583,0.0552233,0.755419,0.559606
19.526,0.116583,0.0582913,0.679877,0.657043
19.528,0.119651,0.0582913,0.765287,0.591339
19.53,0.119651,0.0613592,0.688759,0.685603
19.532,0.119651,0.0613592,0.619883,0.617043
19.534,0.122718,0.0613592,0.711293,0.555338
19.536,0.122718,0.0613592,0.640163,0.499805
19.538,0.122718,0.0613592,0.576147,0.449824
19.54,0.122718,0.0613592,0.518532,0.404842
19.542,0.122718,0.0613592,0.466679,0.364358
19.544,0.122718,0.0644272,0.420011,0.48132
19.546,0.122718,0.0644272,0.37801,0.433188
19.548,0.122718,0.0644272,0.340209,0.389869
19.55,0.122718,0.0644272,0.306188,0.350882
19.552,0.122718,0.0644272,0.275569,0.315794
19.554,0.122718,0.0644272,0.248012,0.284215
19.556,0.122718,0.0644272,0.223211,0.255793
19.558,0.122718,0.0644272,0.20089,0.230214
19.56,0.122718,0.0644272,0.180801,0.207192
19.562,0.119651,0.0644272,0.00932287,0.186473
19.564,0.119651,0.0644272,0.00839058,0.167826
19.566,0.116583,0.0613592,-0.145847,-0.0023548
19.568,0.116583,0.0613592,-0.131262,-0.00211932
19.57,0.113515,0.0613592,-0.271534,-0.00190739
19.572,0.113515,0.0582913,-0.24438,-0.155115
19.574,0.113515,0.0582913,-0.219942,-0.139603
19.576,0.110447,0.0552233,-0.351346,-0.279041
19.578,0.110447,0.0552233,-0.316212,-0.251137
19.58,0.107379,0.0552233,-0.437989,-0.226023
19.582,0.107379,0.0552233,-0.39419,-0.203421
19.584,0.107379,0.0552233,-0.354771,-0.183079
19.586,0.104311,0.0552233,-0.472692,-0.164771
19.588,0.104311,0.0552233,-0.425423,-0.148294
19.59,0.104311,0.0552233,-0.38288,-0.133464
19.592,0.101243,0.0552233,-0.49799,-0.120118
19.594,0.101243,0.0552233,-0.448191,-0.108106
19.596,0.0981748,0.0552233,-0.55677,-0.0972956
19.598,0.0981748,0.0521553,-0.501093,-0.240964
19.6,0.0951068,0.0521553,-0.604382,-0.216868
19.602,0.0951068,0.0521553,-0.543944,-0.195181
19.604,0.0920388,0.0490874,-0.642947,-0.329061
19.606,0.0889709,0.0490874,-0.732051,-0.296155
19.608,0.0859029,0.0490874,-0.812244,-0.266539
19.61,0.0859029,0.0460194,-0.731019,-0.393283
19.612,0.082835,0.0460194,-0.811316,-0.353955
19.614,0.079767,0.0460194,-0.883582,-0.31856
19.616,0.076699,0.0429515,-0.948622,-0.440102
19.618,0.076699,0.0429515,-0.85376,-0.396092
19.62,0.0705631,0.0398835,-1.07518,-0.50988
19.622,0.0705631,0.0368155,-0.967662,-0.612291
19.624,0.0644272,0.0368155,-1.17769,-0.551061
19.626,0.0613592,0.0337476,-1.21332,-0.649353
19.628,0.0582913,0.0306796,-1.24539,-0.737816
19.63,0.0521553,0.0276117,-1.42764,-0.817433
19.632,0.0460194,0.0214757,-1.59168,-1.04249
19.634,0.0429515,0.0184078,-1.58591,-1.09164
19.636,0.0368155,0.0153398,-1.73411,-1.13587
19.638,0.0306796,0.00920388,-1.8675,-1.32908
19.64,0.0245437,0.00613592,-1.98754,-1.34957
19.642,0.0214757,0,-1.94219,-1.52141
19.644,0.0153398,-0.00306796,-2.05476,-1.52267
19.646,0.00920388,-0.00920388,-2.15608,-1.6772
19.648,0.00306796,-0.0122718,-2.24727,-1.66287
19.65,-0,-0.0184078,-2.17594,-1.80338
19.652,-0.00613592,-0.0214757,-2.26514,-1.77644
19.654,-0.0122718,-0.0245437,-2.34543,-1.7522
19.656,-0.0153398,-0.0276117,-2.26428,-1.73037
19.658,-0.0184078,-0.0306796,-2.19125,-1.71074
19.66,-0.0245437,-0.0337476,-2.27892,-1.69306
19.662,-0.0276117,-0.0368155,-2.20443,-1.67715
19.664,-0.0306796,-0.0368155,-2.13738,-1.50944
19.666,-0.0337476,-0.0398835,-2.07704,-1.51189
19.668,-0.0368155,-0.0429515,-2.02274,-1.5141
19.67,-0.0429515,-0.0460194,-2.12726,-1.51609
19.672,-0.0460194,-0.0490874,-2.06793,-1.51788
19.674,-0.0490874,-0.0521553,-2.01454,-1.51949
19.676,-0.0521553,-0.0552233,-1.96648,-1.52094
19.678,-0.0552233,-0.0582913,-1.92323,-1.52224
19.68,-0.0582913,-0.0582913,-1.88431,-1.37002
19.682,-0.0613592,-0.0613592,-1.84927,-1.38641
19.684,-0.0644272,-0.0613592,-1.81774,-1.24777
19.686,-0.0705631,-0.0644272,-1.94277,-1.27639
19.688,-0.0705631,-0.0644272,-1.74849,-1.14875
19.69,-0.0736311,-0.0674952,-1.72704,-1.18728
19.692,-0.076699,-0.0705631,-1.70773,-1.22195
19.694,-0.079767,-0.0705631,-1.69036,-1.09975
19.696,-0.079767,-0.0736311,-1.52132,-1.14318
19.698,-0.082835,-0.0736311,-1.52259,-1.02886
19.7,-0.082835,-0.0736311,-1.37033,-0.925972
19.702,-0.082835,-0.0736311,-1.2333,-0.833375
19.704,-0.0859029,-0.0736311,-1.26336,-0.750037
19.706,-0.0859029,-0.0736311,-1.13703,-0.675033
19.708,-0.0859029,-0.0705631,-1.02333,-0.454132
19.71,-0.0859029,-0.0705631,-0.920993,-0.408719
19.712,-0.0859029,-0.0705631,-0.828893,-0.367847
19.714,-0.0889709,-0.0705631,-0.899402,-0.331062
19.716,-0.0889709,-0.0705631,-0.809462,-0.297956
19.718,-0.0889709,-0.0705631,-0.728516,-0.26816
19.72,-0.0889709,-0.0705631,-0.655664,-0.241344
19.722,-0.0889709,-0.0705631,-0.590098,-0.21721
19.724,-0.0889709,-0.0705631,-0.531088,-0.195489
19.726,-0.0920388,-0.0705631,-0.631377,-0.17594
19.728,-0.0889709,-0.0705631,-0.414841,-0.158346
19.73,-0.0920388,-0.0705631,-0.526755,-0.142511
19.732,-0.0920388,-0.0705631,-0.47408,-0.12826
19.734,-0.0889709,-0.0705631,-0.273274,-0.115434
19.736,-0.0889709,-0.0674952,-0.245946,0.0495072
19.738,-0.0889709,-0.0674952,-0.221352,0.0445565
19.74,-0.0889709,-0.0674952,-0.199217,0.0401009
19.742,-0.0859029,-0.0644272,-0.0258969,0.189489
19.744,-0.0859029,-0.0644272,-0.0233072,0.17054
19.746,-0.0859029,-0.0613592,-0.0209765,0.306884
19.748,-0.082835,-0.0613592,0.134519,0.276196
19.75,-0.082835,-0.0582913,0.121067,0.401974
19.752,-0.082835,-0.0582913,0.108961,0.361777
19.754,-0.079767,-0.0552233,0.251463,0.478997
19.756,-0.079767,-0.0552233,0.226316,0.431097
19.758,-0.079767,-0.0552233,0.203685,0.387988
19.76,-0.076699,-0.0521553,0.336714,0.502587
19.762,-0.076699,-0.0521553,0.303043,0.452328
19.764,-0.076699,-0.0521553,0.272739,0.407095
19.766,-0.076699,-0.0521553,0.245465,0.366386
19.768,-0.0736311,-0.0490874,0.374316,0.483145
19.77,-0.076699,-0.0490874,0.183487,0.434831
19.772,-0.0736311,-0.0521553,0.318536,0.23795
19.774,-0.0736311,-0.0521553,0.286682,0.214155
19.776,-0.0736311,-0.0521553,0.258014,0.192739
19.778,-0.0736311,-0.0521553,0.232213,0.173465
19.78,-0.0705631,-0.0490874,0.36239,0.309517
19.782,-0.0705631,-0.0490874,0.326151,0.278565
19.784,-0.0674952,-0.0460194,0.446934,0.404107
19.786,-0.0644272,-0.0429515,0.555638,0.517094
19.788,-0.0644272,-0.0429515,0.500075,0.465385
19.79,-0.0613592,-0.0398835,0.603465,0.572244
19.792,-0.0582913,-0.0368155,0.696517,0.668418
19.794,-0.0582913,-0.0337476,0.626865,0.754974
19.796,-0.0521553,-0.0337476,0.870975,0.679477
19.798,-0.0521553,-0.0306796,0.783877,0.764927
19.8,-0.0490874,-0.0276117,0.858888,0.841833
19.802,-0.0490874,-0.0276117,0.772999,0.757649
19.804,-0.0460194,-0.0276117,0.849097,0.681884
19.806,-0.0460194,-0.0245437,0.764187,0.767094
19.808,-0.0460194,-0.0245437,0.687769,0.690385
19.81,-0.0429515,-0.0245437,0.77239,0.621346
19.812,-0.0429515,-0.0245437,0.695151,0.559212
19.814,-0.0429515,-0.0245437,0.625636,0.50329
19.816,-0.0429515,-0.0245437,0.563072,0.452961
19.818,-0.0398835,-0.0245437,0.660163,0.407665
19.82,-0.0398835,-0.0276117,0.594147,0.213501
19.822,-0.0368155,-0.0245437,0.68813,0.345549
19.824,-0.0368155,-0.0245437,0.619317,0.310994
19.826,-0.0337476,-0.0214757,0.710783,0.433292
19.828,-0.0337476,-0.0214757,0.639705,0.389963
19.83,-0.0306796,-0.0184078,0.729133,0.504365
19.832,-0.0306796,-0.0153398,0.656219,0.607327
19.834,-0.0276117,-0.0153398,0.743996,0.546594
19.836,-0.0245437,-0.0153398,0.822994,0.491935
19.838,-0.0214757,-0.0122718,0.894093,0.596139
19.84,-0.0214757,-0.00920388,0.804683,0.689923
19.842,-0.0184078,-0.00920388,0.877613,0.620931
19.844,-0.0153398,-0.00613592,0.94325,0.712236
19.846,-0.0122718,-0.00613592,1.00232,0.641012
19.848,-0.0122718,-0.00306796,0.902091,0.730309
19.85,-0.00920388,0,0.96528,0.810676
19.852,-0.00613592,0,1.02215,0.729609
19.854,-0.00306796,0,1.07333,0.656648
19.856,-0,0.00306796,1.1194,0.744381
19.858,0.00306796,0.00613592,1.16086,0.823341
19.86,0.00613592,0.00920388,1.19817,0.894405
19.862,0.00920388,0.0122718,1.23175,0.958363
19.864,0.0122718,0.0153398,1.26197,1.01592
19.866,0.0153398,0.0214757,1.28917,1.22113
19.868,0.0184078,0.0245437,1.31365,1.25241
19.87,0.0214757,0.0276117,1.33569,1.28057
19.872,0.0245437,0.0276117,1.35552,1.15251
19.874,0.0276117,0.0306796,1.37336,1.19066
19.876,0.0276117,0.0306796,1.23603,1.07159
19.878,0.0276117,0.0306796,1.11242,0.964435
19.88,0.0276117,0.0306796,1.00118,0.867991
19.882,0.0276117,0.0306796,0.901063,0.781192
19.884,0.0276117,0.0276117,0.810957,0.549675
19.886,0.0245437,0.0245437,0.576463,0.341309
19.888,0.0245437,0.0245437,0.518817,0.307178
19.89,0.0245437,0.0214757,0.466935,0.123062
19.892,0.0214757,0.0184078,0.266844,-0.042642
19.894,0.0214757,0.0153398,0.240159,-0.191776
19.896,0.0184078,0.0153398,0.0627453,-0.172598
19.898,0.0184078,0.0153398,0.0564707,-0.155338
19.9,0.0184078,0.0122718,0.0508237,-0.293203
19.902,0.0184078,0.0122718,0.0457413,-0.263882
19.904,0.0184078,0.0122718,0.0411672,-0.237494
19.906,0.0153398,0.0122718,-0.116348,-0.213745
19.908,0.0153398,0.0122718,-0.104713,-0.19237
19.91,0.0153398,0.0122718,-0.0942416,-0.173133
19.912,0.0153398,0.00920388,-0.0848174,-0.309218
19.914,0.0153398,0.00920388,-0.0763357,-0.278296
19.916,0.0153398,0.00613592,-0.0687021,-0.403865
19.918,0.0153398,0.00613592,-0.0618319,-0.363478
19.92,0.0122718,0.00306796,-0.209047,-0.480528
19.922,0.0122718,0,-0.188142,-0.585874
19.924,0.00920388,0,-0.322726,-0.527286
19.926,0.00920388,-0.00306796,-0.290453,-0.627956
19.928,0.00613592,-0.00613592,-0.414806,-0.718558
19.93,0.00613592,-0.00613592,-0.373326,-0.646702
19.932,0.00306796,-0.00920388,-0.489391,-0.73543
19.934,0.00306796,-0.0122718,-0.440452,-0.815285
19.936,-0,-0.0122718,-0.549805,-0.733757
19.938,-0,-0.0122718,-0.494824,-0.660381
19.94,-0,-0.0153398,-0.445342,-0.747741
19.942,-0,-0.0153398,-0.400808,-0.672967
19.944,-0,-0.0153398,-0.360727,-0.60567
19.946,-0,-0.0153398,-0.324654,-0.545103
19.948,-0,-0.0122718,-0.292189,-0.337195
19.95,-0,-0.0122718,-0.26297,-0.303475
19.952,-0,-0.0122718,-0.236673,-0.273128
19.954,-0,-0.0122718,-0.213006,-0.245815
19.956,-0,-0.0122718,-0.191705,-0.221234
19.958,0.00306796,-0.0122718,-0.0191365,-0.19911
19.96,0.00306796,-0.0122718,-0.0172228,-0.179199
19.962,0.00306796,-0.0153398,-0.0155006,-0.314677
19.964,0.00306796,-0.0122718,-0.0139505,-0.129812
19.966,0.00306796,-0.0122718,-0.0125555,-0.11683
19.968,0.00306796,-0.0122718,-0.0112999,-0.105147
19.97,0.00613592,-0.0122718,0.143228,-0.0946326
19.972,0.00613592,-0.0122718,0.128905,-0.0851693
19.974,0.00613592,-0.0122718,0.116015,-0.0766524
19.976,0.00920388,-0.0122718,0.257811,-0.0689872
19.978,0.00920388,-0.0122718,0.23203,-0.0620884
19.98,0.00920388,-0.00920388,0.208827,0.0975185
19.982,0.00920388,-0.00920388,0.187945,0.0877666
19.984,0.0122718,-0.00920388,0.322548,0.07899
19.986,0.0122718,-0.00920388,0.290293,0.071091
19.988,0.0122718,-0.00920388,0.261264,0.0639819
19.99,0.0122718,-0.00920388,0.235138,0.0575837
19.992,0.0122718,-0.00920388,0.211624,0.0518253
19.994,0.0122718,-0.0122718,0.190461,-0.106755
19.996,0.0122718,-0.0122718,0.171415,-0.0960798
19.998,0.0122718,-0.0122718,0.154274,-0.0864718
20,0.0122718,-0.0122718,0.138846,-0.0778246
20.002,0.0122718,-0.0122718,0.124962,-0.0700421
20.004,0.0122718,-0.0122718,0.112466,-0.0630379
20.006,0.0122718,-0.0122718,0.101219,-0.0567341
20.008,0.0122718,-0.0122718,0.0910971,-0.0510607
20.01,0.0122718,-0.0122718,0.0819874,-0.0459547
20.012,0.0122718,-0.0122718,0.0737887,-0.0413592
20.014,0.0153398,-0.0122718,0.219808,-0.0372233
20.016,0.0153398,-0.0122718,0.197827,-0.0335009
20.018,0.0153398,-0.0122718,0.178044,-0.0301508
20.02,0.0153398,-0.0122718,0.16024,-0.0271358
20.022,0.0184078,-0.0122718,0.297614,-0.0244222
20.024,0.0184078,-0.0122718,0.267853,-0.02198
20.026,0.0214757,-0.00920388,0.394465,0.133616
20.028,0.0214757,-0.00920388,0.355019,0.120254
20.03,0.0245437,-0.00613592,0.472915,0.261627
20.032,0.0276117,-0.00613592,0.579022,0.235464
20.034,0.0276117,-0.00306796,0.521119,0.365316
20.036,0.0306796,0,0.622406,0.482183
20.038,0.0337476,0,0.713563,0.433964
20.04,0.0368155,0.00306796,0.795605,0.543966
20.042,0.0398835,0.00613592,0.869442,0.642967
20.044,0.0429515,0.00920388,0.935896,0.732069
20.046,0.0460194,0.0122718,0.995705,0.81226
20.048,0.0490874,0.0122718,1.04953,0.731034
20.05,0.0490874,0.0153398,0.944579,0.811329
20.052,0.0521553,0.0184078,1.00352,0.883594
20.054,0.0552233,0.0184078,1.05657,0.795234
20.056,0.0552233,0.0214757,0.950909,0.869109
20.058,0.0582913,0.0214757,1.00922,0.782198
20.06,0.0582913,0.0245437,0.908294,0.857376
20.062,0.0613592,0.0245437,0.970863,0.771639
20.064,0.0613592,0.0245437,0.873777,0.694475
20.066,0.0613592,0.0276117,0.786399,0.778426
20.068,0.0644272,0.0245437,0.861157,0.547185
20.07,0.0644272,0.0276117,0.775042,0.645864
20.072,0.0644272,0.0276117,0.697537,0.581278
20.074,0.0644272,0.0276117,0.627784,0.52315
20.076,0.0644272,0.0245437,0.565005,0.317437
20.078,0.0644272,0.0245437,0.508505,0.285693
20.08,0.0644272,0.0245437,0.457654,0.257124
20.082,0.0613592,0.0245437,0.258491,0.231412
20.084,0.0613592,0.0214757,0.232642,0.0548724
20.086,0.0613592,0.0214757,0.209378,0.0493852
20.088,0.0613592,0.0184078,0.18844,-0.108951
20.09,0.0613592,0.0184078,0.169596,-0.0980563
20.092,0.0582913,0.0184078,-0.000761857,-0.0882507
20.094,0.0582913,0.0184078,-0.000685671,-0.0794256
20.096,0.0582913,0.0153398,-0.000617104,-0.224881
20.098,0.0582913,0.0153398,-0.000555394,-0.202393
20.1,0.0582913,0.0153398,-0.000499854,-0.182154
20.102,0.0582913,0.0153398,-0.000449869,-0.163938
20.104,0.0582913,0.0153398,-0.000404882,-0.147544
20.106,0.0613592,0.0153398,0.153034,-0.13279
20.108,0.0613592,0.0184078,0.13773,0.033887
20.11,0.0613592,0.0184078,0.123957,0.0304983
20.112,0.0613592,0.0153398,0.111562,-0.12595
20.114,0.0613592,0.0153398,0.100405,-0.113355
20.116,0.0613592,0.0153398,0.0903649,-0.102019
20.118,0.0582913,0.0153398,-0.0720697,-0.0918172
20.12,0.0582913,0.0153398,-0.0648627,-0.0826355
20.122,0.0582913,0.0122718,-0.0583765,-0.22777
20.124,0.0582913,0.0122718,-0.0525388,-0.204993
20.126,0.0582913,0.0153398,-0.0472849,-0.0310957
20.128,0.0582913,0.0153398,-0.0425564,-0.0279861
20.13,0.0582913,0.0153398,-0.0383008,-0.0251875
20.132,0.0582913,0.0153398,-0.0344707,-0.0226687
20.134,0.0613592,0.0153398,0.122374,-0.0204019
20.136,0.0613592,0.0153398,0.110137,-0.0183617
20.138,0.0613592,0.0153398,0.0991233,-0.0165255
20.14,0.0613592,0.0184078,0.089211,0.138525
20.142,0.0613592,0.0184078,0.0802899,0.124673
20.144,0.0644272,0.0184078,0.225659,0.112205
20.146,0.0644272,0.0214757,0.203093,0.254383
20.148,0.0644272,0.0214757,0.182784,0.228945
20.15,0.0674952,0.0245437,0.317903,0.359448
20.152,0.0674952,0.0245437,0.286113,0.323503
20.154,0.0674952,0.0245437,0.257502,0.291153
20.156,0.0674952,0.0245437,0.231752,0.262038
20.158,0.0644272,0.0245437,0.0551784,0.235834
20.16,0.0644272,0.0245437,0.0496605,0.212251
20.162,0.0613592,0.0214757,-0.108704,0.0376274
20.164,0.0613592,0.0184078,-0.0978332,-0.119533
20.166,0.0582913,0.0153398,-0.241448,-0.260978
20.168,0.0552233,0.0122718,-0.370701,-0.388278
20.17,0.0521553,0.00920388,-0.487029,-0.502849
20.172,0.0490874,0.00613592,-0.591724,-0.605962
20.174,0.0460194,0.00306796,-0.68595,-0.698764
20.176,0.0429515,0,-0.770753,-0.782285
20.178,0.0398835,-0.00306796,-0.847076,-0.857455
20.18,0.0398835,-0.00306796,-0.762368,-0.771709
20.182,0.0368155,-0.00613592,-0.83953,-0.847937
20.184,0.0368155,-0.00613592,-0.755577,-0.763143
20.186,0.0368155,-0.00613592,-0.680019,-0.686829
20.188,0.0337476,-0.00920388,-0.765415,-0.771544
20.19,0.0337476,-0.00920388,-0.688874,-0.694389
20.192,0.0337476,-0.00920388,-0.619986,-0.624951
20.194,0.0306796,-0.00920388,-0.711386,-0.562455
20.196,0.0306796,-0.0122718,-0.640247,-0.659608
20.198,0.0306796,-0.0122718,-0.576222,-0.593647
20.2,0.0276117,-0.0122718,-0.671998,-0.534282
20.202,0.0276117,-0.0122718,-0.604798,-0.480854
20.204,0.0276117,-0.0122718,-0.544319,-0.432769
20.206,0.0276117,-0.0153398,-0.489887,-0.54289
20.208,0.0245437,-0.0153398,-0.594296,-0.488601
20.21,0.0245437,-0.0153398,-0.534867,-0.439741
20.212,0.0245437,-0.0184078,-0.48138,-0.549165
20.214,0.0214757,-0.0184078,-0.58664,-0.494248
20.216,0.0214757,-0.0184078,-0.527976,-0.444824
20.218,0.0214757,-0.0214757,-0.475178,-0.553739
20.22,0.0184078,-0.0214757,-0.581059,-0.498365
20.222,0.0184078,-0.0214757,-0.522953,-0.448529
20.224,0.0184078,-0.0214757,-0.470657,-0.403676
20.226,0.0214757,-0.0214757,-0.270194,-0.363308
20.228,0.0214757,-0.0184078,-0.243174,-0.173579
20.23,0.0214757,-0.0184078,-0.218857,-0.156221
20.232,0.0214757,-0.0153398,-0.196971,0.0127987
20.234,0.0214757,-0.0153398,-0.177274,0.0115189
20.236,0.0245437,-0.0153398,-0.00614857,0.010367
20.238,0.0245437,-0.0153398,-0.00553371,0.00933028
20.24,0.0245437,-0.0153398,-0.00498034,0.00839725
20.242,0.0245437,-0.0122718,-0.00448231,0.160956
20.244,0.0245437,-0.0122718,-0.00403407,0.14486
20.246,0.0276117,-0.0122718,0.149767,0.130374
20.248,0.0276117,-0.0122718,0.134791,0.117337
20.25,0.0276117,-0.00920388,0.121312,0.259001
20.252,0.0276117,-0.00920388,0.10918,0.233101
20.254,0.0276117,-0.00920388,0.0982624,0.209791
20.256,0.0276117,-0.00920388,0.0884362,0.188812
20.258,0.0276117,-0.00920388,0.0795925,0.169931
20.26,0.0276117,-0.00920388,0.0716333,0.152938
20.262,0.0276117,-0.00920388,0.06447,0.137644
20.264,0.0276117,-0.00920388,0.058023,0.123879
20.266,0.0306796,-0.00920388,0.205619,0.111491
20.268,0.0306796,-0.00920388,0.185057,0.100342
20.27,0.0306796,-0.00920388,0.166551,0.0903081
20.272,0.0306796,-0.00920388,0.149896,0.0812773
20.274,0.0306796,-0.00613592,0.134906,0.226548
20.276,0.0306796,-0.00613592,0.121416,0.203893
20.278,0.0306796,-0.00613592,0.109274,0.183504
20.28,0.0306796,-0.00613592,0.0983468,0.165153
20.282,0.0306796,-0.00613592,0.0885121,0.148638
20.284,0.0306796,-0.00613592,0.0796609,0.133774
20.286,0.0337476,-0.00306796,0.225093,0.273795
20.288,0.0337476,-0.00306796,0.202584,0.246415
20.29,0.0337476,-0.00306796,0.182325,0.221774
20.292,0.0337476,-0.00306796,0.164093,0.199596
20.294,0.0337476,-0.00306796,0.147683,0.179637
20.296,0.0337476,-0.00306796,0.132915,0.161673
20.298,0.0337476,-0.00306796,0.119624,0.145506
20.3,0.0337476,-0.00306796,0.107661,0.130955
20.302,0.0306796,-0.00306796,-0.056503,0.11786
20.304,0.0306796,-0.00613592,-0.0508527,-0.0473244
20.306,0.0306796,-0.00613592,-0.0457674,-0.0425919
20.308,0.0306796,-0.00613592,-0.0411907,-0.0383327
20.31,0.0306796,-0.00613592,-0.0370716,-0.0344995
20.312,0.0276117,-0.00613592,-0.186763,-0.0310495
20.314,0.0276117,-0.00920388,-0.168086,-0.181343
20.316,0.0276117,-0.00920388,-0.151278,-0.163208
20.318,0.0276117,-0.00920388,-0.13615,-0.146888
20.32,0.0245437,-0.0122718,-0.275933,-0.285597
20.322,0.0245437,-0.0122718,-0.24834,-0.257037
20.324,0.0245437,-0.0153398,-0.223506,-0.384732
20.326,0.0214757,-0.0153398,-0.354553,-0.346258
20.328,0.0214757,-0.0184078,-0.319098,-0.465031
20.33,0.0214757,-0.0184078,-0.287188,-0.418528
20.332,0.0214757,-0.0184078,-0.258469,-0.376675
20.334,0.0214757,-0.0184078,-0.232622,-0.339007
20.336,0.0214757,-0.0153398,-0.20936,-0.151709
20.338,0.0214757,-0.0153398,-0.188424,-0.136538
20.34,0.0245437,-0.0153398,-0.0161836,-0.122884
20.342,0.0245437,-0.0153398,-0.0145653,-0.110596
20.344,0.0245437,-0.0153398,-0.0131087,-0.099536
20.346,0.0245437,-0.0153398,-0.0117979,-0.0895824
20.348,0.0245437,-0.0122718,-0.0106181,0.072774
20.35,0.0245437,-0.0122718,-0.00955627,0.0654966
20.352,0.0245437,-0.0122718,-0.00860064,0.0589469
20.354,0.0245437,-0.0122718,-0.00774058,0.0530522
20.356,0.0245437,-0.0122718,-0.00696652,0.047747
20.358,0.0245437,-0.0153398,-0.00626987,-0.110426
20.36,0.0245437,-0.0153398,-0.00564288,-0.0993832
20.362,0.0245437,-0.0153398,-0.00507859,-0.0894449
20.364,0.0214757,-0.0153398,-0.157969,-0.0805004
20.366,0.0214757,-0.0153398,-0.142172,-0.0724504
20.368,0.0214757,-0.0184078,-0.127955,-0.218603
20.37,0.0214757,-0.0184078,-0.115159,-0.196743
20.372,0.0184078,-0.0184078,-0.257041,-0.177069
20.374,0.0214757,-0.0214757,-0.0779392,-0.31276
20.376,0.0214757,-0.0214757,-0.0701453,-0.281484
20.378,0.0214757,-0.0214757,-0.0631307,-0.253336
20.38,0.0184078,-0.0214757,-0.210216,-0.228002
20.382,0.0214757,-0.0214757,-0.0357961,-0.205202
20.384,0.0214757,-0.0214757,-0.0322165,-0.184682
20.386,0.0214757,-0.0214757,-0.0289948,-0.166213
20.388,0.0214757,-0.0214757,-0.0260954,-0.149592
20.39,0.0214757,-0.0214757,-0.0234858,-0.134633
20.392,0.0214757,-0.0214757,-0.0211372,-0.12117
20.394,0.0214757,-0.0214757,-0.0190235,-0.109053
20.396,0.0214757,-0.0214757,-0.0171212,-0.0981474
20.398,0.0214757,-0.0214757,-0.015409,-0.0883327
20.4,0.0214757,-0.0214757,-0.0138681,-0.0794994
20.402,0.0214757,-0.0214757,-0.0124813,-0.0715494
20.404,0.0214757,-0.0214757,-0.0112332,-0.0643945
20.406,0.0214757,-0.0214757,-0.0101099,-0.0579551
20.408,0.0214757,-0.0214757,-0.00909889,-0.0521595
20.41,0.0245437,-0.0214757,0.145209,-0.0469436
20.412,0.0245437,-0.0214757,0.130688,-0.0422492
20.414,0.0245437,-0.0214757,0.117619,-0.0380243
20.416,0.0245437,-0.0214757,0.105857,-0.0342219
20.418,0.0245437,-0.0214757,0.0952717,-0.0307997
20.42,0.0276117,-0.0214757,0.239143,-0.0277197
20.422,0.0276117,-0.0184078,0.215228,0.12845
20.424,0.0276117,-0.0184078,0.193705,0.115605
20.426,0.0306796,-0.0153398,0.327733,0.257443
20.428,0.0337476,-0.0153398,0.448358,0.231699
20.43,0.0368155,-0.0122718,0.55692,0.361927
20.432,0.0398835,-0.00920388,0.654626,0.479132
20.434,0.0398835,-0.00613592,0.589164,0.584617
20.436,0.0429515,-0.00306796,0.683645,0.679553
20.438,0.0460194,0,0.768679,0.764996
20.44,0.0490874,0,0.845209,0.688497
20.442,0.0490874,0.00306796,0.760688,0.773045
20.444,0.0521553,0.00306796,0.838017,0.69574
20.446,0.0521553,0.00306796,0.754216,0.626166
20.448,0.0552233,0.00613592,0.832192,0.716948
20.45,0.0552233,0.00613592,0.748973,0.645253
20.452,0.0582913,0.00920388,0.827474,0.734126
20.454,0.0582913,0.00920388,0.744726,0.660713
20.456,0.0582913,0.00920388,0.670254,0.594642
20.458,0.0613592,0.00920388,0.756626,0.535178
20.46,0.0613592,0.0122718,0.680964,0.635058
20.462,0.0644272,0.0122718,0.766265,0.571552
20.464,0.0644272,0.0122718,0.689639,0.514397
20.466,0.0644272,0.0122718,0.620675,0.462957
20.468,0.0644272,0.0153398,0.558608,0.57006
20.47,0.0674952,0.0153398,0.656145,0.513054
20.472,0.0674952,0.0153398,0.59053,0.461748
20.474,0.0705631,0.0153398,0.684875,0.415573
20.476,0.0705631,0.0184078,0.616388,0.527414
20.478,0.0736311,0.0184078,0.708147,0.474673
20.48,0.076699,0.0214757,0.790731,0.580604
20.482,0.076699,0.0245437,0.711657,0.675941
20.484,0.079767,0.0245437,0.79389,0.608347
20.486,0.079767,0.0245437,0.714501,0.547512
20.488,0.082835,0.0276117,0.796449,0.646159
20.49,0.082835,0.0276117,0.716804,0.581543
20.492,0.0859029,0.0306796,0.798522,0.676787
20.494,0.0859029,0.0306796,0.718669,0.609108
20.496,0.0859029,0.0337476,0.646803,0.701596
20.498,0.0859029,0.0337476,0.582122,0.631436
20.5,0.0859029,0.0337476,0.52391,0.568292
20.502,0.0859029,0.0337476,0.471519,0.511463
20.504,0.0859029,0.0337476,0.424367,0.460317
20.506,0.0859029,0.0306796,0.38193,0.260887
20.508,0.0859029,0.0306796,0.343737,0.234798
20.51,0.082835,0.0276117,0.155966,0.0579205
20.512,0.082835,0.0276117,0.140369,0.0521284
20.514,0.079767,0.0276117,-0.027066,0.0469156
20.516,0.079767,0.0245437,-0.0243594,-0.111174
20.518,0.076699,0.0245437,-0.175322,-0.100057
20.52,0.076699,0.0214757,-0.157789,-0.243449
20.522,0.076699,0.0214757,-0.14201,-0.219104
20.524,0.076699,0.0214757,-0.127809,-0.197194
20.526,0.0736311,0.0184078,-0.268427,-0.330872
20.528,0.0736311,0.0184078,-0.241584,-0.297785
20.53,0.0736311,0.0184078,-0.217425,-0.268007
20.532,0.0736311,0.0184078,-0.195683,-0.241206
20.534,0.0736311,0.0184078,-0.176115,-0.217085
20.536,0.0736311,0.0184078,-0.158503,-0.195377
20.538,0.0736311,0.0184078,-0.142653,-0.175839
20.54,0.0736311,0.0184078,-0.128388,-0.158255
20.542,0.0736311,0.0184078,-0.115549,-0.14243
20.544,0.0705631,0.0184078,-0.257392,-0.128187
20.546,0.0705631,0.0184078,-0.231653,-0.115368
20.548,0.0674952,0.0153398,-0.361886,-0.257229
20.55,0.0674952,0.0122718,-0.325697,-0.384904
20.552,0.0644272,0.0122718,-0.446525,-0.346414
20.554,0.0644272,0.00920388,-0.401873,-0.465171
20.556,0.0613592,0.00920388,-0.515084,-0.418654
20.558,0.0613592,0.00613592,-0.463575,-0.530186
20.56,0.0582913,0.00306796,-0.570616,-0.630566
20.562,0.0552233,0.00306796,-0.666952,-0.567509
20.564,0.0552233,0.00306796,-0.600257,-0.510758
20.566,0.0521553,0,-0.693629,-0.613081
20.568,0.0521553,0,-0.624267,-0.551772
20.57,0.0521553,0,-0.56184,-0.496595
20.572,0.0490874,-0.00306796,-0.659054,-0.600334
20.574,0.0490874,-0.00306796,-0.593149,-0.5403
20.576,0.0490874,-0.00613592,-0.533834,-0.639668
20.578,0.0460194,-0.00613592,-0.633848,-0.575702
20.58,0.0460194,-0.00613592,-0.570464,-0.518131
20.582,0.0460194,-0.00613592,-0.513417,-0.466318
20.584,0.0460194,-0.00306796,-0.462075,-0.266288
20.586,0.0460194,-0.00306796,-0.415868,-0.23966
20.588,0.0460194,-0.00306796,-0.374281,-0.215694
20.59,0.0490874,-0.00306796,-0.183455,-0.194124
20.592,0.0490874,0,-0.165109,-0.0213137
20.594,0.0490874,0,-0.148599,-0.0191824
20.596,0.0490874,0.00306796,-0.133739,0.136134
20.598,0.0490874,0.00306796,-0.120365,0.122521
20.6,0.0521553,0.00306796,0.0450698,0.110269
20.602,0.0521553,0.00613592,0.0405628,0.25264
20.604,0.0521553,0.00613592,0.0365065,0.227376
20.606,0.0521553,0.00613592,0.0328559,0.204638
20.608,0.0521553,0.00920388,0.0295703,0.337572
20.61,0.0521553,0.00920388,0.0266132,0.303815
20.612,0.0552233,0.00920388,0.17735,0.273434
20.614,0.0552233,0.00920388,0.159615,0.24609
20.616,0.0521553,0.0122718,-0.00974458,0.374879
20.618,0.0521553,0.0122718,-0.00877012,0.337391
20.62,0.0521553,0.00920388,-0.00789311,0.150254
20.622,0.0521553,0.00920388,-0.0071038,0.135229
20.624,0.0490874,0.00613592,-0.159791,-0.0316922
20.626,0.0460194,0.00613592,-0.29721,-0.028523
20.628,0.0429515,0.00306796,-0.420887,-0.179069
20.63,0.0429515,0,-0.378799,-0.31456
20.632,0.0398835,-0.00306796,-0.494317,-0.436502
20.634,0.0368155,-0.00613592,-0.598283,-0.54625
20.636,0.0337476,-0.00920388,-0.691853,-0.645023
20.638,0.0337476,-0.00920388,-0.622668,-0.580521
20.64,0.0306796,-0.0122718,-0.713799,-0.675867
20.642,0.0276117,-0.0122718,-0.795817,-0.60828
20.644,0.0276117,-0.0122718,-0.716236,-0.547452
20.646,0.0245437,-0.0153398,-0.79801,-0.646105
20.648,0.0245437,-0.0153398,-0.718209,-0.581494
20.65,0.0245437,-0.0153398,-0.646388,-0.523345
20.652,0.0245437,-0.0153398,-0.581749,-0.47101
20.654,0.0245437,-0.0153398,-0.523574,-0.423909
20.656,0.0214757,-0.0153398,-0.624615,-0.381518
20.658,0.0214757,-0.0184078,-0.562154,-0.496765
20.66,0.0214757,-0.0184078,-0.505938,-0.447088
20.662,0.0184078,-0.0184078,-0.608742,-0.402379
20.664,0.0184078,-0.0184078,-0.547868,-0.362141
20.666,0.0184078,-0.0214757,-0.493081,-0.479325
20.668,0.0184078,-0.0214757,-0.443773,-0.431393
20.67,0.0184078,-0.0214757,-0.399396,-0.388254
20.672,0.0184078,-0.0184078,-0.359456,-0.19603
20.674,0.0214757,-0.0184078,-0.170113,-0.176427
20.676,0.0214757,-0.0153398,-0.153101,-0.00538634
20.678,0.0245437,-0.0122718,0.0156069,0.14855
20.68,0.0245437,-0.0122718,0.0140462,0.133695
20.682,0.0276117,-0.00920388,0.16604,0.273724
20.684,0.0276117,-0.00613592,0.149436,0.39975
20.686,0.0306796,-0.00306796,0.28789,0.513173
20.688,0.0337476,0,0.412499,0.615254
20.69,0.0337476,0.00306796,0.371249,0.707126
20.692,0.0368155,0.00306796,0.487522,0.636414
20.694,0.0368155,0.00613592,0.43877,0.72617
20.696,0.0398835,0.00613592,0.548291,0.653553
20.698,0.0398835,0.00920388,0.493462,0.741596
20.7,0.0429515,0.0122718,0.597514,0.820835
20.702,0.0429515,0.0122718,0.537763,0.738751
20.704,0.0429515,0.0153398,0.483986,0.818274
20.706,0.0460194,0.0153398,0.588986,0.736447
20.708,0.0460194,0.0184078,0.530087,0.8162
20.71,0.0460194,0.0184078,0.477078,0.73458
20.712,0.0460194,0.0184078,0.429371,0.661122
20.714,0.0460194,0.0184078,0.386434,0.59501
20.716,0.0460194,0.0184078,0.34779,0.535509
20.718,0.0460194,0.0184078,0.313011,0.481958
20.72,0.0460194,0.0184078,0.28171,0.433762
20.722,0.0460194,0.0184078,0.253539,0.390386
20.724,0.0460194,0.0184078,0.228185,0.351347
20.726,0.0460194,0.0184078,0.205367,0.316213
20.728,0.0460194,0.0184078,0.18483,0.284591
20.73,0.0460194,0.0184078,0.166347,0.256132
20.732,0.0460194,0.0184078,0.149712,0.230519
20.734,0.0460194,0.0184078,0.134741,0.207467
20.736,0.0460194,0.0184078,0.121267,0.18672
20.738,0.0460194,0.0214757,0.10914,0.321446
20.74,0.0460194,0.0214757,0.0982262,0.289302
20.742,0.0429515,0.0214757,-0.0649945,0.260372
20.744,0.0429515,0.0214757,-0.058495,0.234334
20.746,0.0429515,0.0214757,-0.0526455,0.210901
20.748,0.0429515,0.0214757,-0.047381,0.189811
20.75,0.0429515,0.0214757,-0.0426429,0.17083
20.752,0.0429515,0.0214757,-0.0383786,0.153747
20.754,0.0429515,0.0245437,-0.0345407,0.29177
20.756,0.0429515,0.0245437,-0.0310867,0.262593
20.758,0.0429515,0.0245437,-0.027978,0.236334
20.76,0.0429515,0.0214757,-0.0251802,0.0593024
20.762,0.0398835,0.0245437,-0.17606,0.20677
20.764,0.0398835,0.0245437,-0.158454,0.186093
20.766,0.0398835,0.0245437,-0.142609,0.167484
20.768,0.0398835,0.0214757,-0.128348,-0.00266256
20.77,0.0368155,0.0214757,-0.268911,-0.00239631
20.772,0.0368155,0.0214757,-0.24202,-0.00215668
20.774,0.0337476,0.0214757,-0.371216,-0.00194101
20.776,0.0306796,0.0184078,-0.487493,-0.155145
20.778,0.0306796,0.0184078,-0.438743,-0.13963
20.78,0.0276117,0.0153398,-0.548267,-0.279066
20.782,0.0245437,0.0153398,-0.646838,-0.251159
20.784,0.0245437,0.0122718,-0.582155,-0.379441
20.786,0.0214757,0.0122718,-0.677337,-0.341497
20.788,0.0184078,0.00920388,-0.763002,-0.460745
20.79,0.0153398,0.00920388,-0.8401,-0.414671
20.792,0.0153398,0.00613592,-0.75609,-0.526602
20.794,0.0122718,0.00613592,-0.833879,-0.473942
20.796,0.0122718,0.00306796,-0.750491,-0.579946
20.798,0.00920388,0.00306796,-0.82884,-0.521951
20.8,0.00613592,0,-0.899354,-0.623154
20.802,0.00306796,0,-0.962817,-0.560839
20.804,0.00306796,-0.00306796,-0.866535,-0.658153
20.806,-0,-0.00306796,-0.93328,-0.592338
20.808,-0.00306796,-0.00613592,-0.99335,-0.686502
20.81,-0.00613592,-0.00920388,-1.04741,-0.77125
20.812,-0.00920388,-0.00920388,-1.09607,-0.694125
20.814,-0.00920388,-0.0122718,-0.986463,-0.77811
20.816,-0.0122718,-0.0153398,-1.04121,-0.853697
20.818,-0.0153398,-0.0153398,-1.09049,-0.768328
20.82,-0.0153398,-0.0184078,-0.981442,-0.844893
20.822,-0.0184078,-0.0184078,-1.0367,-0.760404
20.824,-0.0214757,-0.0184078,-1.08642,-0.684363
20.826,-0.0214757,-0.0214757,-0.977782,-0.769325
20.828,-0.0245437,-0.0214757,-1.0334,-0.692393
20.83,-0.0245437,-0.0214757,-0.930062,-0.623153
20.832,-0.0276117,-0.0245437,-0.990454,-0.714236
20.834,-0.0276117,-0.0245437,-0.891408,-0.642812
20.836,-0.0306796,-0.0245437,-0.955665,-0.578531
20.838,-0.0337476,-0.0245437,-1.0135,-0.520678
20.84,-0.0337476,-0.0276117,-0.912147,-0.622008
20.842,-0.0368155,-0.0276117,-0.974331,-0.559808
20.844,-0.0398835,-0.0306796,-1.0303,-0.657225
20.846,-0.0398835,-0.0306796,-0.927266,-0.591502
20.848,-0.0429515,-0.0337476,-0.987938,-0.68575
20.85,-0.0460194,-0.0368155,-1.04254,-0.770573
20.852,-0.0460194,-0.0368155,-0.938288,-0.693516
20.854,-0.0490874,-0.0398835,-0.997857,-0.777562
20.856,-0.0490874,-0.0398835,-0.898071,-0.699806
20.858,-0.0521553,-0.0429515,-0.961662,-0.783224
20.86,-0.0552233,-0.0429515,-1.01889,-0.704901
20.862,-0.0552233,-0.0429515,-0.917005,-0.634411
20.864,-0.0552233,-0.0429515,-0.825304,-0.57097
20.866,-0.0552233,-0.0429515,-0.742774,-0.513873
20.868,-0.0582913,-0.0429515,-0.821894,-0.462486
20.87,-0.0582913,-0.0429515,-0.739705,-0.416237
20.872,-0.0582913,-0.0429515,-0.665735,-0.374613
20.874,-0.0582913,-0.0429515,-0.599161,-0.337152
20.876,-0.0582913,-0.0429515,-0.539245,-0.303437
20.878,-0.0582913,-0.0398835,-0.48532,-0.119695
20.88,-0.0552233,-0.0398835,-0.28339,-0.107726
20.882,-0.0552233,-0.0398835,-0.255051,-0.096953
20.884,-0.0552233,-0.0398835,-0.229546,-0.0872577
20.886,-0.0552233,-0.0398835,-0.206592,-0.078532
20.888,-0.0552233,-0.0398835,-0.185932,-0.0706788
20.89,-0.0552233,-0.0398835,-0.167339,-0.0636109
20.892,-0.0552233,-0.0398835,-0.150605,-0.0572498
20.894,-0.0552233,-0.0368155,-0.135545,0.101873
20.896,-0.0552233,-0.0368155,-0.12199,0.0916859
20.898,-0.0521553,-0.0337476,0.0436068,0.235915
20.9,-0.0521553,-0.0337476,0.0392462,0.212324
20.902,-0.0521553,-0.0337476,0.0353215,0.191091
20.904,-0.0490874,-0.0306796,0.185187,0.32538
20.906,-0.0490874,-0.0306796,0.166669,0.292842
20.908,-0.0490874,-0.0306796,0.150002,0.263558
20.91,-0.0490874,-0.0276117,0.135002,0.3906
20.912,-0.0460194,-0.0276117,0.2749,0.35154
20.914,-0.0460194,-0.0276117,0.24741,0.316386
20.916,-0.0460194,-0.0276117,0.222669,0.284748
20.918,-0.0460194,-0.0245437,0.200402,0.409671
20.92,-0.0429515,-0.0245437,0.33376,0.368704
20.922,-0.0429515,-0.0214757,0.300384,0.485232
20.924,-0.0429515,-0.0214757,0.270345,0.436708
20.926,-0.0398835,-0.0184078,0.396709,0.546436
20.928,-0.0398835,-0.0184078,0.357038,0.491792
20.93,-0.0368155,-0.0184078,0.474732,0.442613
20.932,-0.0368155,-0.0184078,0.427259,0.398352
20.934,-0.0368155,-0.0153398,0.384533,0.511915
20.936,-0.0337476,-0.0153398,0.499478,0.460723
20.938,-0.0337476,-0.0153398,0.44953,0.414651
20.94,-0.0337476,-0.0122718,0.404577,0.526584
20.942,-0.0337476,-0.0122718,0.364119,0.473925
20.944,-0.0337476,-0.0122718,0.327707,0.426533
20.946,-0.0306796,-0.0122718,0.448335,0.38388
20.948,-0.0306796,-0.00920388,0.403501,0.49889
20.95,-0.0306796,-0.00920388,0.363151,0.449001
20.952,-0.0306796,-0.00920388,0.326836,0.404101
20.954,-0.0276117,-0.00920388,0.447551,0.363691
20.956,-0.0306796,-0.00920388,0.249397,0.327322
20.958,-0.0276117,-0.00920388,0.377856,0.294589
20.96,-0.0276117,-0.00920388,0.34007,0.26513
20.962,-0.0276117,-0.00920388,0.306063,0.238617
20.964,-0.0276117,-0.00920388,0.275457,0.214756
20.966,-0.0276117,-0.00920388,0.247911,0.19328
20.968,-0.0276117,-0.00920388,0.22312,0.173952
20.97,-0.0276117,-0.00920388,0.200808,0.156557
20.972,-0.0245437,-0.00920388,0.334125,0.140901
20.974,-0.0245437,-0.00613592,0.300713,0.280209
20.976,-0.0245437,-0.00613592,0.270642,0.252188
20.978,-0.0245437,-0.00613592,0.243577,0.226969
20.98,-0.0245437,-0.00306796,0.21922,0.357671
20.982,-0.0214757,-0.00306796,0.350696,0.321903
20.984,-0.0214757,-0.00306796,0.315626,0.289713
20.986,-0.0214757,-0.00306796,0.284064,0.260742
20.988,-0.0214757,0,0.255657,0.388066
20.99,-0.0184078,0,0.38349,0.349259
20.992,-0.0184078,0,0.345141,0.314333
20.994,-0.0153398,0.00306796,0.464025,0.436298
20.996,-0.0122718,0.00306796,0.57102,0.392668
20.998,-0.0122718,0.00613592,0.513918,0.506799
21,-0.00920388,0.00613592,0.615924,0.45612
21.002,-0.00920388,0.00920388,0.554332,0.563906
21.004,-0.00613592,0.0122718,0.652297,0.660913
21.006,-0.00306796,0.0153398,0.740465,0.74822
21.008,-0,0.0184078,0.819817,0.826796
21.01,0.00306796,0.0214757,0.891233,0.897514
21.012,0.00613592,0.0245437,0.955508,0.961161
21.014,0.00920388,0.0276117,1.01336,1.01844
21.016,0.0122718,0.0306796,1.06542,1.07
21.018,0.0153398,0.0337476,1.11227,1.1164
21.02,0.0184078,0.0398835,1.15444,1.31155
21.022,0.0214757,0.0429515,1.1924,1.33379
21.024,0.0276117,0.0460194,1.37995,1.35381
21.026,0.0276117,0.0490874,1.24196,1.37183
21.028,0.0306796,0.0521553,1.27116,1.38805
21.03,0.0337476,0.0552233,1.29744,1.40264
21.032,0.0368155,0.0582913,1.3211,1.41577
21.034,0.0368155,0.0613592,1.18899,1.42759
21.036,0.0398835,0.0613592,1.22349,1.28483
21.038,0.0398835,0.0644272,1.10114,1.30975
21.04,0.0398835,0.0644272,0.991024,1.17877
21.042,0.0429515,0.0644272,1.04532,1.0609
21.044,0.0398835,0.0674952,0.78739,1.10821
21.046,0.0429515,0.0674952,0.862049,0.997385
21.048,0.0398835,0.0674952,0.622446,0.897646
21.05,0.0398835,0.0674952,0.560201,0.807882
21.052,0.0398835,0.0674952,0.504181,0.727093
21.054,0.0398835,0.0644272,0.453763,0.500986
21.056,0.0368155,0.0644272,0.254989,0.450887
21.058,0.0368155,0.0644272,0.22949,0.405799
21.06,0.0337476,0.0613592,0.0531428,0.211821
21.062,0.0337476,0.0613592,0.0478285,0.190639
21.064,0.0337476,0.0613592,0.0430456,0.171575
21.066,0.0306796,0.0613592,-0.114657,0.154417
21.068,0.0306796,0.0582913,-0.103191,-0.0144225
21.07,0.0276117,0.0582913,-0.24627,-0.0129803
21.072,0.0276117,0.0582913,-0.221643,-0.0116823
21.074,0.0276117,0.0582913,-0.199479,-0.010514
21.076,0.0245437,0.0582913,-0.332929,-0.00946262
21.078,0.0245437,0.0552233,-0.299636,-0.161914
21.08,0.0214757,0.0552233,-0.423071,-0.145723
21.082,0.0184078,0.0552233,-0.534162,-0.131151
21.084,0.0184078,0.0521553,-0.480745,-0.271434
21.086,0.0153398,0.0521553,-0.586069,-0.24429
21.088,0.0122718,0.0521553,-0.68086,-0.219861
21.09,0.0122718,0.0490874,-0.612774,-0.351273
21.092,0.00920388,0.0490874,-0.704895,-0.316146
21.094,0.00613592,0.0460194,-0.787803,-0.437929
21.096,0.00306796,0.0460194,-0.862421,-0.394136
21.098,0.00306796,0.0429515,-0.776179,-0.508121
21.1,-0,0.0429515,-0.851959,-0.457309
21.102,-0.00306796,0.0429515,-0.920161,-0.411578
21.104,-0.00613592,0.0398835,-0.981543,-0.523818
21.106,-0.00920388,0.0398835,-1.03679,-0.471436
21.108,-0.0122718,0.0368155,-1.08651,-0.577691
21.11,-0.0122718,0.0368155,-0.977856,-0.519922
21.112,-0.0184078,0.0337476,-1.18687,-0.621328
21.114,-0.0214757,0.0306796,-1.22158,-0.712593
21.116,-0.0245437,0.0306796,-1.25282,-0.641334
21.118,-0.0276117,0.0276117,-1.28093,-0.730598
21.12,-0.0306796,0.0245437,-1.30624,-0.810937
21.122,-0.0368155,0.0214757,-1.48241,-0.883241
21.124,-0.0398835,0.0184078,-1.48757,-0.948315
21.126,-0.0429515,0.0153398,-1.49221,-1.00688
21.128,-0.0460194,0.0153398,-1.49639,-0.906193
21.13,-0.0490874,0.0122718,-1.50015,-0.968972
21.132,-0.0521553,0.00920388,-1.50353,-1.02547
21.134,-0.0552233,0.00613592,-1.50657,-1.07632
21.136,-0.0582913,0.00613592,-1.50932,-0.968691
21.138,-0.0613592,0.00613592,-1.51178,-0.871822
21.14,-0.0644272,0.00306796,-1.514,-0.938038
21.142,-0.0674952,0.00306796,-1.516,-0.844234
21.144,-0.0705631,0,-1.5178,-0.913209
21.146,-0.0736311,0,-1.51942,-0.821888
21.148,-0.076699,-0.00306796,-1.52087,-0.893097
21.15,-0.079767,-0.00613592,-1.52218,-0.957186
21.152,-0.082835,-0.00920388,-1.52336,-1.01487
21.154,-0.0859029,-0.0122718,-1.52442,-1.06678
21.156,-0.0920388,-0.0122718,-1.67878,-0.960099
21.158,-0.0951068,-0.0153398,-1.6643,-1.01749
21.16,-0.0981748,-0.0184078,-1.65127,-1.06914
21.162,-0.104311,-0.0214757,-1.79294,-1.11562
21.164,-0.107379,-0.0245437,-1.76704,-1.15746
21.166,-0.110447,-0.0276117,-1.74373,-1.19511
21.168,-0.113515,-0.0306796,-1.72276,-1.229
21.17,-0.119651,-0.0306796,-1.85728,-1.1061
21.172,-0.119651,-0.0337476,-1.67155,-1.14889
21.174,-0.122718,-0.0368155,-1.65779,-1.18739
21.176,-0.125786,-0.0368155,-1.64541,-1.06866
21.178,-0.128854,-0.0368155,-1.63427,-0.96179
21.18,-0.131922,-0.0398835,-1.62424,-1.01901
21.182,-0.131922,-0.0398835,-1.46182,-0.917108
21.184,-0.13499,-0.0398835,-1.46903,-0.825397
21.186,-0.13499,-0.0398835,-1.32213,-0.742857
21.188,-0.138058,-0.0398835,-1.34332,-0.668572
21.19,-0.138058,-0.0398835,-1.20898,-0.601715
21.192,-0.141126,-0.0398835,-1.24148,-0.541543
21.194,-0.144194,-0.0429515,-1.27073,-0.640787
21.196,-0.147262,-0.0429515,-1.29706,-0.576708
21.198,-0.147262,-0.0460194,-1.16735,-0.672435
21.2,-0.15033,-0.0460194,-1.20401,-0.605192
21.202,-0.153398,-0.0490874,-1.23701,-0.698071
21.204,-0.156466,-0.0490874,-1.26671,-0.628264
21.206,-0.159534,-0.0521553,-1.29344,-0.718835
21.208,-0.162602,-0.0552233,-1.31749,-0.80035
21.21,-0.16567,-0.0582913,-1.33914,-0.873713
21.212,-0.168738,-0.0582913,-1.35862,-0.786342
21.214,-0.171806,-0.0613592,-1.37616,-0.861106
21.216,-0.174874,-0.0644272,-1.39194,-0.928393
21.218,-0.177942,-0.0644272,-1.40615,-0.835554
21.22,-0.18101,-0.0674952,-1.41893,-0.905397
21.222,-0.18101,-0.0674952,-1.27704,-0.814857
21.224,-0.184078,-0.0705631,-1.30273,-0.886769
21.226,-0.187146,-0.0705631,-1.32586,-0.798092
21.228,-0.190214,-0.0736311,-1.34667,-0.871681
21.23,-0.190214,-0.0736311,-1.212,-0.784513
21.232,-0.193282,-0.076699,-1.2442,-0.85946
21.234,-0.193282,-0.076699,-1.11978,-0.773514
21.236,-0.19635,-0.079767,-1.1612,-0.849561
21.238,-0.199418,-0.079767,-1.19848,-0.764604
21.24,-0.199418,-0.082835,-1.07863,-0.841542
21.242,-0.199418,-0.082835,-0.970767,-0.757388
21.244,-0.199418,-0.082835,-0.87369,-0.681649
21.246,-0.202485,-0.082835,-0.939719,-0.613484
21.248,-0.202485,-0.082835,-0.845747,-0.552136
21.25,-0.202485,-0.079767,-0.761173,-0.343524
21.252,-0.202485,-0.079767,-0.685055,-0.309172
21.254,-0.199418,-0.079767,-0.463152,-0.278255
21.256,-0.199418,-0.076699,-0.416837,-0.097031
21.258,-0.199418,-0.076699,-0.375153,-0.0873279
21.26,-0.199418,-0.076699,-0.337638,-0.0785951
21.262,-0.199418,-0.076699,-0.303874,-0.0707356
21.264,-0.199418,-0.076699,-0.273486,-0.063662
21.266,-0.19635,-0.076699,-0.0927397,-0.0572958
21.268,-0.19635,-0.0736311,-0.0834657,0.101832
21.27,-0.193282,-0.0736311,0.0782789,0.0916486
21.272,-0.193282,-0.0705631,0.070451,0.235882
21.274,-0.190214,-0.0674952,0.216804,0.365692
21.276,-0.187146,-0.0644272,0.348522,0.482521
21.278,-0.184078,-0.0613592,0.467068,0.587667
21.28,-0.18101,-0.0582913,0.573759,0.682298
21.282,-0.177942,-0.0521553,0.669781,0.920864
21.284,-0.171806,-0.0490874,0.909599,0.982176
21.286,-0.168738,-0.0460194,0.972037,1.03736
21.288,-0.16567,-0.0429515,1.02823,1.08702
21.29,-0.159534,-0.0398835,1.2322,1.13172
21.292,-0.156466,-0.0337476,1.26238,1.32534
21.294,-0.15033,-0.0276117,1.44294,1.4996
21.296,-0.147262,-0.0245437,1.45204,1.50304
21.298,-0.144194,-0.0184078,1.46024,1.65953
21.3,-0.138058,-0.0153398,1.62101,1.64698
21.302,-0.138058,-0.0122718,1.45891,1.63568
21.304,-0.131922,-0.00920388,1.61981,1.62551
21.306,-0.131922,-0.00920388,1.45783,1.46296
21.308,-0.128854,-0.00613592,1.46545,1.47006
21.31,-0.125786,-0.00306796,1.4723,1.47645
21.312,-0.122718,-0.00306796,1.47847,1.32881
21.314,-0.122718,0,1.33062,1.34932
21.316,-0.119651,0,1.35096,1.21439
21.318,-0.119651,0,1.21586,1.09295
21.32,-0.119651,0,1.09428,0.983657
21.322,-0.116583,0,1.13825,0.885291
21.324,-0.116583,0.00306796,1.02442,0.95016
21.326,-0.113515,0.00306796,1.07538,0.855144
21.328,-0.113515,0.00306796,0.96784,0.76963
21.33,-0.110447,0.00613592,1.02445,0.846065
21.332,-0.110447,0.00613592,0.922009,0.761458
21.334,-0.110447,0.00613592,0.829808,0.685313
21.336,-0.107379,0.00920388,0.900225,0.770179
21.338,-0.107379,0.00920388,0.810203,0.693161
21.34,-0.107379,0.00920388,0.729182,0.623845
21.342,-0.107379,0.00920388,0.656264,0.561461
21.344,-0.104311,0.00920388,0.744036,0.505315
21.346,-0.104311,0.00920388,0.669632,0.454783
21.348,-0.104311,0.0122718,0.602669,0.562703
21.35,-0.101243,0.0122718,0.6958,0.506433
21.352,-0.101243,0.0122718,0.62622,0.455789
21.354,-0.0981748,0.0122718,0.716996,0.41021
21.356,-0.0981748,0.0122718,0.645297,0.369189
21.358,-0.0981748,0.0153398,0.580767,0.485669
21.36,-0.0981748,0.0153398,0.52269,0.437102
21.362,-0.0951068,0.0153398,0.623819,0.393392
21.364,-0.0951068,0.0153398,0.561437,0.354052
21.366,-0.0951068,0.0153398,0.505294,0.318647
21.368,-0.0951068,0.0153398,0.454764,0.286782
21.37,-0.0951068,0.0184078,0.409288,0.411502
21.372,-0.0951068,0.0184078,0.368359,0.370352
21.374,-0.0951068,0.0184078,0.331523,0.333317
21.376,-0.0951068,0.0184078,0.298371,0.299985
21.378,-0.0951068,0.0153398,0.268534,0.116589
21.38,-0.0951068,0.0153398,0.24168,0.10493
21.382,-0.0951068,0.0153398,0.217512,0.0944367
21.384,-0.0951068,0.0153398,0.195761,0.0849931
21.386,-0.0951068,0.0153398,0.176185,0.0764938
21.388,-0.0951068,0.0122718,0.158566,-0.0845537
21.39,-0.0951068,0.0122718,0.14271,-0.0760983
21.392,-0.0951068,0.0122718,0.128439,-0.0684885
21.394,-0.0951068,0.0122718,0.115595,-0.0616396
21.396,-0.0951068,0.0122718,0.104035,-0.0554757
21.398,-0.0981748,0.0122718,-0.0597662,-0.0499281
21.4,-0.0981748,0.0122718,-0.0537895,-0.0449353
21.402,-0.0981748,0.00920388,-0.0484106,-0.19384
21.404,-0.0981748,0.00920388,-0.0435695,-0.174456
21.406,-0.0981748,0.00920388,-0.0392126,-0.15701
21.408,-0.101243,0.00613592,-0.188689,-0.294707
21.41,-0.101243,0.00613592,-0.16982,-0.265237
21.412,-0.101243,0.00613592,-0.152838,-0.238713
21.414,-0.104311,0.00306796,-0.290953,-0.36824
21.416,-0.104311,0.00306796,-0.261857,-0.331416
21.418,-0.104311,0,-0.235672,-0.451672
21.42,-0.107379,0,-0.365503,-0.406505
21.422,-0.107379,-0.00306796,-0.328952,-0.519253
21.424,-0.107379,-0.00306796,-0.296057,-0.467327
21.426,-0.107379,-0.00306796,-0.266451,-0.420595
21.428,-0.110447,-0.00306796,-0.393204,-0.378535
21.43,-0.110447,-0.00613592,-0.353884,-0.49408
21.432,-0.110447,-0.00613592,-0.318495,-0.444672
21.434,-0.110447,-0.00613592,-0.286646,-0.400205
21.436,-0.113515,-0.00920388,-0.411379,-0.513582
21.438,-0.113515,-0.00920388,-0.370241,-0.462224
21.44,-0.113515,-0.0122718,-0.333217,-0.5694
21.442,-0.116583,-0.0122718,-0.453294,-0.51246
21.444,-0.116583,-0.0153398,-0.407964,-0.614612
21.446,-0.119651,-0.0153398,-0.520566,-0.553151
21.448,-0.119651,-0.0153398,-0.468509,-0.497836
21.45,-0.119651,-0.0184078,-0.421658,-0.60145
21.452,-0.122718,-0.0184078,-0.532891,-0.541305
21.454,-0.122718,-0.0214757,-0.479602,-0.640573
21.456,-0.122718,-0.0214757,-0.431641,-0.576515
21.458,-0.122718,-0.0214757,-0.388477,-0.518864
21.46,-0.122718,-0.0214757,-0.34963,-0.466977
21.462,-0.122718,-0.0214757,-0.314667,-0.42028
21.464,-0.122718,-0.0214757,-0.2832,-0.378252
21.466,-0.122718,-0.0214757,-0.25488,-0.340427
21.468,-0.122718,-0.0214757,-0.229392,-0.306384
21.47,-0.122718,-0.0214757,-0.206453,-0.275746
21.472,-0.122718,-0.0214757,-0.185807,-0.248171
21.474,-0.122718,-0.0214757,-0.167227,-0.223354
21.476,-0.122718,-0.0214757,-0.150504,-0.201018
21.478,-0.122718,-0.0214757,-0.135454,-0.180917
21.48,-0.119651,-0.0214757,0.0314898,-0.162825
21.482,-0.119651,-0.0214757,0.0283408,-0.146542
21.484,-0.119651,-0.0214757,0.0255067,-0.131888
21.486,-0.119651,-0.0184078,0.0229561,0.0346987
21.488,-0.119651,-0.0184078,0.0206604,0.0312288
21.49,-0.119651,-0.0214757,0.0185944,-0.125292
21.492,-0.119651,-0.0214757,0.016735,-0.112763
21.494,-0.119651,-0.0214757,0.0150615,-0.101487
21.496,-0.119651,-0.0214757,0.0135553,-0.091338
21.498,-0.122718,-0.0245437,-0.141198,-0.235602
21.5,-0.119651,-0.0245437,0.0263196,-0.212042
21.502,-0.122718,-0.0276117,-0.12971,-0.344236
21.504,-0.122718,-0.0276117,-0.116739,-0.309812
21.506,-0.119651,-0.0276117,0.0483326,-0.278831
21.508,-0.119651,-0.0276117,0.0434994,-0.250948
21.51,-0.119651,-0.0245437,0.0391494,-0.0724551
21.512,-0.119651,-0.0245437,0.0352345,-0.0652096
21.514,-0.116583,-0.0214757,0.185109,0.0947094
21.516,-0.113515,-0.0214757,0.319996,0.0852385
21.518,-0.113515,-0.0214757,0.287997,0.0767147
21.52,-0.110447,-0.0184078,0.412595,0.222441
21.522,-0.110447,-0.0153398,0.371336,0.353595
21.524,-0.107379,-0.0153398,0.4876,0.318236
21.526,-0.107379,-0.0122718,0.43884,0.43981
21.528,-0.104311,-0.0122718,0.548354,0.395829
21.53,-0.104311,-0.0122718,0.493519,0.356246
21.532,-0.101243,-0.0122718,0.597565,0.320622
21.534,-0.0981748,-0.00920388,0.691207,0.441958
21.536,-0.0981748,-0.00920388,0.622086,0.397762
21.538,-0.0981748,-0.00920388,0.559877,0.357986
21.54,-0.0951068,-0.00613592,0.657288,0.475585
21.542,-0.0951068,-0.00613592,0.591559,0.428027
21.544,-0.0951068,-0.00613592,0.532403,0.385224
21.546,-0.0920388,-0.00613592,0.632561,0.346702
21.548,-0.0920388,-0.00613592,0.569305,0.312031
21.55,-0.0889709,-0.00306796,0.665772,0.434226
21.552,-0.0889709,-0.00306796,0.599195,0.390804
21.554,-0.0859029,-0.00306796,0.692674,0.351723
21.556,-0.0859029,-0.00306796,0.623406,0.316551
21.558,-0.082835,0,0.714464,0.438294
21.56,-0.082835,0,0.643017,0.394465
21.562,-0.079767,0.00306796,0.732114,0.508416
21.564,-0.079767,0.00613592,0.658902,0.610973
21.566,-0.076699,0.00613592,0.74641,0.549875
21.568,-0.0736311,0.00920388,0.825167,0.648286
21.57,-0.0705631,0.00920388,0.896049,0.583457
21.572,-0.0705631,0.0122718,0.806444,0.67851
21.574,-0.0674952,0.0153398,0.879197,0.764057
21.576,-0.0644272,0.0153398,0.944676,0.687651
21.578,-0.0613592,0.0184078,1.00361,0.772284
21.58,-0.0582913,0.0214757,1.05664,0.848454
21.582,-0.0582913,0.0214757,0.950979,0.763608
21.584,-0.0552233,0.0245437,1.00928,0.840646
21.586,-0.0552233,0.0245437,0.908352,0.756581
21.588,-0.0521553,0.0245437,0.970914,0.680923
21.59,-0.0521553,0.0245437,0.873823,0.612831
21.592,-0.0521553,0.0276117,0.786441,0.704946
21.594,-0.0490874,0.0276117,0.861195,0.634451
21.596,-0.0490874,0.0276117,0.775075,0.571006
21.598,-0.0490874,0.0276117,0.697568,0.513905
21.6,-0.0490874,0.0276117,0.627811,0.462515
21.602,-0.0490874,0.0276117,0.56503,0.416263
21.604,-0.0490874,0.0276117,0.508527,0.374637
21.606,-0.0490874,0.0276117,0.457674,0.337173
21.608,-0.0460194,0.0276117,0.565305,0.303456
21.61,-0.0460194,0.0276117,0.508774,0.27311
21.612,-0.0460194,0.0276117,0.457897,0.245799
21.614,-0.0460194,0.0276117,0.412107,0.221219
21.616,-0.0490874,0.0276117,0.217498,0.199097
21.618,-0.0490874,0.0245437,0.195749,0.0257897
21.62,-0.0490874,0.0245437,0.176174,0.0232107
21.622,-0.0490874,0.0245437,0.158556,0.0208896
21.624,-0.0521553,0.0214757,-0.0106974,-0.134597
21.626,-0.0521553,0.0214757,-0.00962762,-0.121138
21.628,-0.0521553,0.0184078,-0.00866486,-0.262422
21.63,-0.0552233,0.0184078,-0.161196,-0.23618
21.632,-0.0552233,0.0153398,-0.145077,-0.36596
21.634,-0.0582913,0.0153398,-0.283967,-0.329364
21.636,-0.0613592,0.0122718,-0.408969,-0.449826
21.638,-0.0613592,0.00920388,-0.368072,-0.558241
21.64,-0.0644272,0.00613592,-0.484663,-0.655815
21.642,-0.0674952,0.00306796,-0.589594,-0.743632
21.644,-0.0705631,0,-0.684033,-0.822667
21.646,-0.0705631,0,-0.61563,-0.7404
21.648,-0.0736311,-0.00306796,-0.707465,-0.819758
21.65,-0.0736311,-0.00613592,-0.636718,-0.89118
21.652,-0.076699,-0.00613592,-0.726445,-0.802062
21.654,-0.076699,-0.00920388,-0.6538,-0.875254
21.656,-0.079767,-0.00920388,-0.741818,-0.787729
21.658,-0.082835,-0.0122718,-0.821034,-0.862354
21.66,-0.082835,-0.0122718,-0.738931,-0.776119
21.662,-0.0859029,-0.0153398,-0.818436,-0.851905
21.664,-0.0859029,-0.0184078,-0.736592,-0.920112
21.666,-0.0889709,-0.0214757,-0.816331,-0.981499
21.668,-0.0920388,-0.0245437,-0.888096,-1.03675
21.67,-0.0951068,-0.0245437,-0.952685,-0.933073
21.672,-0.0951068,-0.0276117,-0.857416,-0.993163
21.674,-0.0981748,-0.0306796,-0.925073,-1.04725
21.676,-0.101243,-0.0337476,-0.985963,-1.09592
21.678,-0.104311,-0.0368155,-1.04077,-1.13972
21.68,-0.104311,-0.0368155,-0.936689,-1.02575
21.682,-0.104311,-0.0398835,-0.84302,-1.07658
21.684,-0.107379,-0.0429515,-0.912116,-1.12232
21.686,-0.107379,-0.0429515,-0.820904,-1.01008
21.688,-0.107379,-0.0429515,-0.738814,-0.909076
21.69,-0.110447,-0.0460194,-0.818331,-0.971566
21.692,-0.110447,-0.0460194,-0.736498,-0.87441
21.694,-0.110447,-0.0460194,-0.662848,-0.786969
21.696,-0.110447,-0.0490874,-0.596563,-0.86167
21.698,-0.110447,-0.0490874,-0.536907,-0.775503
21.7,-0.110447,-0.0490874,-0.483216,-0.697953
21.702,-0.110447,-0.0490874,-0.434894,-0.628157
21.704,-0.110447,-0.0490874,-0.391405,-0.565342
21.706,-0.110447,-0.0490874,-0.352264,-0.508807
21.708,-0.107379,-0.0490874,-0.16364,-0.457927
21.71,-0.107379,-0.0460194,-0.147276,-0.258736
21.712,-0.104311,-0.0460194,0.0208497,-0.232862
21.714,-0.104311,-0.0429515,0.0187647,-0.0561781
21.716,-0.101243,-0.0429515,0.170286,-0.0505603
21.718,-0.0981748,-0.0398835,0.306656,0.107894
21.72,-0.0951068,-0.0368155,0.429388,0.250503
21.722,-0.0951068,-0.0368155,0.386449,0.225452
21.724,-0.0920388,-0.0337476,0.501203,0.356305
21.726,-0.0889709,-0.0337476,0.60448,0.320675
21.728,-0.0889709,-0.0337476,0.544032,0.288607
21.73,-0.0859029,-0.0306796,0.643027,0.413145
21.732,-0.082835,-0.0276117,0.732123,0.525228
21.734,-0.082835,-0.0276117,0.65891,0.472705
21.736,-0.079767,-0.0245437,0.746417,0.578833
21.738,-0.076699,-0.0214757,0.825174,0.674348
21.74,-0.0736311,-0.0214757,0.896054,0.606913
21.742,-0.0705631,-0.0184078,0.959847,0.69962
21.744,-0.0674952,-0.0153398,1.01726,0.783056
21.746,-0.0644272,-0.0122718,1.06893,0.858148
21.748,-0.0613592,-0.0122718,1.11544,0.772333
21.75,-0.0582913,-0.00920388,1.15729,0.848498
21.752,-0.0552233,-0.00613592,1.19496,0.917046
21.754,-0.0552233,-0.00306796,1.07546,0.97874
21.756,-0.0490874,-0.00306796,1.27471,0.880866
21.758,-0.0490874,0,1.14724,0.946177
21.76,-0.0460194,0,1.18592,0.85156
21.762,-0.0460194,0.00306796,1.06732,0.919802
21.764,-0.0429515,0.00306796,1.11399,0.827822
21.766,-0.0429515,0.00306796,1.00259,0.745039
21.768,-0.0429515,0.00306796,0.902332,0.670535
21.77,-0.0398835,0.00306796,0.965497,0.603482
21.772,-0.0398835,0.00306796,0.868947,0.543134
21.774,-0.0368155,0.00306796,0.935451,0.48882
21.776,-0.0368155,0.00306796,0.841906,0.439938
21.778,-0.0368155,0.00306796,0.757715,0.395945
21.78,-0.0337476,0.00306796,0.835342,0.35635
21.782,-0.0337476,0.00613592,0.751808,0.474113
21.784,-0.0306796,0.00613592,0.830025,0.426702
21.786,-0.0276117,0.00920388,0.90042,0.53743
21.788,-0.0245437,0.00920388,0.963776,0.483687
21.79,-0.0245437,0.0122718,0.867399,0.588716
21.792,-0.0214757,0.0122718,0.934057,0.529845
21.794,-0.0214757,0.0153398,0.840651,0.630258
21.796,-0.0184078,0.0153398,0.909984,0.567232
21.798,-0.0153398,0.0184078,0.972384,0.663907
21.8,-0.0153398,0.0184078,0.875146,0.597516
21.802,-0.0122718,0.0184078,0.941029,0.537765
21.804,-0.00920388,0.0214757,1.00032,0.637386
21.806,-0.00920388,0.0214757,0.900292,0.573648
21.808,-0.00920388,0.0245437,0.810263,0.669681
21.81,-0.00613592,0.0245437,0.882634,0.602713
21.812,-0.00306796,0.0245437,0.947769,0.542442
21.814,-0.00306796,0.0276117,0.852992,0.641596
21.816,-0,0.0276117,0.921091,0.577436
21.818,-0,0.0276117,0.828982,0.519692
21.82,0.00306796,0.0306796,0.899482,0.621121
21.822,0.00306796,0.0306796,0.809534,0.559009
21.824,0.00306796,0.0306796,0.72858,0.503108
21.826,0.00306796,0.0306796,0.655722,0.452797
21.828,0.00613592,0.0306796,0.743548,0.407518
21.83,0.00613592,0.0306796,0.669193,0.366766
21.832,0.00613592,0.0306796,0.602274,0.330089
21.834,0.00613592,0.0337476,0.542047,0.450478
21.836,0.00920388,0.0337476,0.64124,0.405431
21.838,0.00920388,0.0337476,0.577116,0.364888
21.84,0.00920388,0.0337476,0.519404,0.328399
21.842,0.00920388,0.0306796,0.467464,0.142161
21.844,0.00920388,0.0306796,0.420718,0.127945
21.846,0.00920388,0.0306796,0.378646,0.11515
21.848,0.00613592,0.0306796,0.187383,0.103635
21.85,0.00613592,0.0276117,0.168645,-0.0601264
21.852,0.00613592,0.0245437,0.15178,-0.207512
21.854,0.00306796,0.0245437,-0.0167958,-0.186761
21.856,0.00306796,0.0245437,-0.0151162,-0.168085
21.858,0.00306796,0.0214757,-0.0136046,-0.304674
21.86,0.00306796,0.0214757,-0.0122441,-0.274207
21.862,0.00306796,0.0184078,-0.0110197,-0.400184
21.864,-0,0.0184078,-0.163316,-0.360166
21.866,0.00306796,0.0184078,0.00641385,-0.324149
21.868,0.00306796,0.0184078,0.00577246,-0.291734
21.87,0.00306796,0.0184078,0.00519522,-0.262561
21.872,0.00306796,0.0184078,0.00467569,-0.236305
21.874,0.00306796,0.0184078,0.00420813,-0.212674
21.876,0.00306796,0.0184078,0.00378731,-0.191407
21.878,0.00306796,0.0214757,0.00340858,-0.0188681
21.88,0.00613592,0.0214757,0.156466,-0.0169813
21.882,0.00613592,0.0214757,0.140819,-0.0152831
21.884,0.00920388,0.0245437,0.280135,0.139643
21.886,0.00920388,0.0245437,0.252122,0.125679
21.888,0.0122718,0.0276117,0.380308,0.266509
21.89,0.0122718,0.0306796,0.342277,0.393256
21.892,0.0153398,0.0337476,0.461447,0.507329
21.894,0.0153398,0.0337476,0.415303,0.456596
21.896,0.0184078,0.0368155,0.52717,0.564334
21.898,0.0214757,0.0368155,0.627851,0.507901
21.9,0.0214757,0.0398835,0.565066,0.610509
21.902,0.0214757,0.0398835,0.50856,0.549458
21.904,0.0214757,0.0398835,0.457704,0.494512
21.906,0.0214757,0.0398835,0.411933,0.445061
21.908,0.0214757,0.0398835,0.37074,0.400555
21.91,0.0214757,0.0398835,0.333666,0.360499
21.912,0.0214757,0.0398835,0.300299,0.324449
21.914,0.0214757,0.0398835,0.270269,0.292005
21.916,0.0184078,0.0398835,0.0898444,0.262804
21.918,0.0184078,0.0368155,0.08086,0.0831256
21.92,0.0153398,0.0368155,-0.0806241,0.074813
21.922,0.0153398,0.0368155,-0.0725617,0.0673317
21.924,0.0153398,0.0337476,-0.0653055,-0.0927995
21.926,0.0122718,0.0337476,-0.212173,-0.0835196
21.928,0.0122718,0.0337476,-0.190956,-0.0751676
21.93,0.0122718,0.0306796,-0.17186,-0.221049
21.932,0.0122718,0.0306796,-0.154674,-0.198944
21.934,0.00920388,0.0306796,-0.292605,-0.17905
21.936,0.00920388,0.0276117,-0.263344,-0.314543
21.938,0.00920388,0.0276117,-0.23701,-0.283088
21.94,0.00613592,0.0276117,-0.366707,-0.25478
21.942,0.00613592,0.0276117,-0.330036,-0.229302
21.944,0.00613592,0.0276117,-0.297033,-0.206372
21.946,0.00306796,0.0276117,-0.420727,-0.185734
21.948,0.00306796,0.0245437,-0.378655,-0.320559
21.95,0.00306796,0.0245437,-0.340789,-0.288503
21.952,0.00306796,0.0245437,-0.30671,-0.259653
21.954,0.00306796,0.0245437,-0.276039,-0.233688
21.956,-0,0.0245437,-0.401833,-0.210319
21.958,-0,0.0245437,-0.36165,-0.189287
21.96,-0,0.0245437,-0.325485,-0.170358
21.962,-0.00306796,0.0245437,-0.446335,-0.153322
21.964,-0.00306796,0.0214757,-0.401701,-0.291388
21.966,-0.00613592,0.0214757,-0.514929,-0.262249
21.968,-0.00613592,0.0214757,-0.463436,-0.236024
21.97,-0.00920388,0.0214757,-0.570491,-0.212422
21.972,-0.00920388,0.0184078,-0.513442,-0.344578
21.974,-0.0122718,0.0184078,-0.615496,-0.31012
21.976,-0.0122718,0.0153398,-0.553946,-0.432506
21.978,-0.0153398,0.0153398,-0.651949,-0.389256
21.98,-0.0184078,0.0153398,-0.740153,-0.35033
21.982,-0.0184078,0.0122718,-0.666137,-0.468695
21.984,-0.0214757,0.0122718,-0.752922,-0.421826
21.986,-0.0214757,0.0122718,-0.67763,-0.379643
21.988,-0.0245437,0.00920388,-0.763265,-0.495077
21.99,-0.0245437,0.00920388,-0.686938,-0.445569
21.992,-0.0276117,0.00920388,-0.771642,-0.401012
21.994,-0.0276117,0.00613592,-0.694478,-0.514309
21.996,-0.0276117,0.00613592,-0.62503,-0.462878
21.998,-0.0306796,0.00613592,-0.715925,-0.41659
22,-0.0306796,0.00613592,-0.644333,-0.374931
22.002,-0.0306796,0.00613592,-0.5799,-0.337438
22.004,-0.0306796,0.00613592,-0.52191,-0.303694
22.006,-0.0337476,0.00613592,-0.623117,-0.273325
22.008,-0.0337476,0.00613592,-0.560805,-0.245992
22.01,-0.0337476,0.00613592,-0.504725,-0.221393
22.012,-0.0337476,0.00613592,-0.454252,-0.199254
22.014,-0.0337476,0.00613592,-0.408827,-0.179328
22.016,-0.0368155,0.00613592,-0.521342,-0.161396
22.018,-0.0368155,0.00613592,-0.469208,-0.145256
22.02,-0.0398835,0.00613592,-0.575685,-0.13073
22.022,-0.0398835,0.00306796,-0.518117,-0.271055
22.024,-0.0429515,0.00306796,-0.619703,-0.24395
22.026,-0.0460194,0,-0.711131,-0.372953
22.028,-0.0460194,0,-0.640018,-0.335658
22.03,-0.0490874,0,-0.729414,-0.302092
22.032,-0.0490874,-0.00306796,-0.656473,-0.425281
22.034,-0.0521553,-0.00306796,-0.744224,-0.382753
22.036,-0.0552233,-0.00306796,-0.823199,-0.344477
22.038,-0.0582913,-0.00613592,-0.894277,-0.463428
22.04,-0.0582913,-0.00920388,-0.80485,-0.570483
22.042,-0.0613592,-0.0122718,-0.877763,-0.666833
22.044,-0.0644272,-0.0153398,-0.943385,-0.753548
22.046,-0.0674952,-0.0153398,-1.00244,-0.678193
22.048,-0.0705631,-0.0184078,-1.0556,-0.763772
22.05,-0.0705631,-0.0184078,-0.950038,-0.687395
22.052,-0.0736311,-0.0184078,-1.00843,-0.618655
22.054,-0.076699,-0.0184078,-1.06099,-0.55679
22.056,-0.076699,-0.0214757,-0.954888,-0.654509
22.058,-0.076699,-0.0214757,-0.8594,-0.589058
22.06,-0.079767,-0.0214757,-0.926858,-0.530152
22.062,-0.079767,-0.0245437,-0.834172,-0.630535
22.064,-0.082835,-0.0245437,-0.904153,-0.567481
22.066,-0.082835,-0.0245437,-0.813738,-0.510733
22.068,-0.082835,-0.0245437,-0.732364,-0.45966
22.07,-0.082835,-0.0245437,-0.659127,-0.413694
22.072,-0.082835,-0.0245437,-0.593215,-0.372325
22.074,-0.082835,-0.0245437,-0.533893,-0.335092
22.076,-0.0859029,-0.0245437,-0.633902,-0.301583
22.078,-0.0859029,-0.0214757,-0.570512,-0.118027
22.08,-0.0859029,-0.0245437,-0.513461,-0.259622
22.082,-0.0859029,-0.0245437,-0.462115,-0.23366
22.084,-0.0859029,-0.0214757,-0.415903,-0.0568957
22.086,-0.0859029,-0.0214757,-0.374313,-0.0512061
22.088,-0.0889709,-0.0214757,-0.49028,-0.0460855
22.09,-0.0889709,-0.0214757,-0.441252,-0.041477
22.092,-0.0889709,-0.0214757,-0.397126,-0.0373293
22.094,-0.0889709,-0.0214757,-0.357414,-0.0335963
22.096,-0.0889709,-0.0214757,-0.321672,-0.0302367
22.098,-0.0889709,-0.0214757,-0.289505,-0.027213
22.1,-0.0889709,-0.0184078,-0.260555,0.128906
22.102,-0.0889709,-0.0184078,-0.234499,0.116016
22.104,-0.0889709,-0.0184078,-0.211049,0.104414
22.106,-0.0889709,-0.0153398,-0.189944,0.247371
22.108,-0.0859029,-0.0153398,-0.0175518,0.222634
22.11,-0.0859029,-0.0153398,-0.0157967,0.20037
22.112,-0.0859029,-0.0122718,-0.014217,0.333731
22.114,-0.0859029,-0.0122718,-0.0127953,0.300358
22.116,-0.0859029,-0.0122718,-0.0115158,0.270322
22.118,-0.082835,-0.00920388,0.143034,0.396688
22.12,-0.082835,-0.00920388,0.128731,0.357019
22.122,-0.082835,-0.00920388,0.115857,0.321317
22.124,-0.082835,-0.00613592,0.104272,0.442584
22.126,-0.082835,-0.00613592,0.0938445,0.398325
22.128,-0.082835,-0.00613592,0.0844601,0.358493
22.13,-0.082835,-0.00613592,0.0760141,0.322644
22.132,-0.082835,-0.00613592,0.0684127,0.290379
22.134,-0.082835,-0.00613592,0.0615714,0.261341
22.136,-0.0859029,-0.00613592,-0.0979838,0.235207
22.138,-0.0859029,-0.00920388,-0.0881854,0.0582884
22.14,-0.0859029,-0.00920388,-0.0793669,0.0524596
22.142,-0.0859029,-0.00920388,-0.0714302,0.0472136
22.144,-0.0859029,-0.00920388,-0.0642872,0.0424922
22.146,-0.0889709,-0.00920388,-0.211257,0.038243
22.148,-0.0859029,-0.00920388,-0.0367328,0.0344187
22.15,-0.0859029,-0.00920388,-0.0330595,0.0309768
22.152,-0.0859029,-0.00613592,-0.0297536,0.181277
22.154,-0.0859029,-0.00613592,-0.0267782,0.16315
22.156,-0.0859029,-0.00306796,-0.0241004,0.300233
22.158,-0.0859029,-0.00306796,-0.0216904,0.270209
22.16,-0.0859029,-0.00306796,-0.0195213,0.243188
22.162,-0.082835,0,0.135829,0.372268
22.164,-0.082835,0,0.122246,0.335041
22.166,-0.082835,0.00306796,0.110021,0.454935
22.168,-0.082835,0.00306796,0.0990193,0.409441
22.17,-0.082835,0.00613592,0.0891173,0.521895
22.172,-0.082835,0.00613592,0.0802056,0.469706
22.174,-0.079767,0.00613592,0.225583,0.422735
22.176,-0.079767,0.00920388,0.203025,0.53386
22.178,-0.079767,0.00920388,0.182722,0.480474
22.18,-0.076699,0.0122718,0.317848,0.585825
22.182,-0.076699,0.0122718,0.286063,0.527242
22.184,-0.076699,0.0122718,0.257457,0.474518
22.186,-0.076699,0.0153398,0.231711,0.580464
22.188,-0.0736311,0.0153398,0.361938,0.522418
22.19,-0.0736311,0.0184078,0.325744,0.623574
22.192,-0.0736311,0.0214757,0.29317,0.714615
22.194,-0.0705631,0.0214757,0.417251,0.643153
22.196,-0.0705631,0.0214757,0.375526,0.578838
22.198,-0.0705631,0.0245437,0.337973,0.674352
22.2,-0.0705631,0.0245437,0.304176,0.606917
22.202,-0.0705631,0.0245437,0.273758,0.546225
22.204,-0.0705631,0.0245437,0.246383,0.491603
22.206,-0.0705631,0.0245437,0.221744,0.442442
22.208,-0.0705631,0.0245437,0.19957,0.398198
22.21,-0.0705631,0.0245437,0.179613,0.358378
22.212,-0.0736311,0.0245437,0.00825354,0.322541
22.214,-0.0736311,0.0245437,0.00742818,0.290287
22.216,-0.0736311,0.0245437,0.00668536,0.261258
22.218,-0.076699,0.0245437,-0.147381,0.235132
22.22,-0.076699,0.0245437,-0.132643,0.211619
22.222,-0.079767,0.0214757,-0.272777,0.0370589
22.224,-0.079767,0.0214757,-0.245499,0.033353
22.226,-0.082835,0.0214757,-0.374347,0.0300177
22.228,-0.082835,0.0184078,-0.336913,-0.126382
22.23,-0.0859029,0.0184078,-0.456619,-0.113744
22.232,-0.0889709,0.0153398,-0.564356,-0.255768
22.234,-0.0889709,0.0153398,-0.50792,-0.230191
22.236,-0.0920388,0.0122718,-0.610526,-0.36057
22.238,-0.0951068,0.0122718,-0.702872,-0.324513
22.24,-0.0981748,0.00920388,-0.785982,-0.44546
22.242,-0.0981748,0.00613592,-0.707384,-0.554312
22.244,-0.101243,0.00613592,-0.790044,-0.498881
22.246,-0.104311,0.00306796,-0.864438,-0.602391
22.248,-0.104311,0.00306796,-0.777994,-0.542152
22.25,-0.104311,0.00306796,-0.700194,-0.487936
22.252,-0.104311,0.00306796,-0.630175,-0.439143
22.254,-0.104311,0.00613592,-0.567157,-0.24183
22.256,-0.104311,0.00613592,-0.510442,-0.217647
22.258,-0.104311,0.00920388,-0.459398,-0.0424845
22.26,-0.104311,0.00920388,-0.413458,-0.0382361
22.262,-0.104311,0.0122718,-0.372112,0.118986
22.264,-0.104311,0.0122718,-0.334901,0.107087
22.266,-0.104311,0.0122718,-0.301411,0.0963783
22.268,-0.104311,0.0153398,-0.27127,0.240139
22.27,-0.104311,0.0153398,-0.244143,0.216125
22.272,-0.107379,0.0153398,-0.373127,0.194512
22.274,-0.107379,0.0153398,-0.335814,0.175061
22.276,-0.107379,0.0122718,-0.302232,0.00415684
22.278,-0.110447,0.0122718,-0.425407,0.00374116
22.28,-0.113515,0.00920388,-0.536265,-0.150031
22.282,-0.116583,0.00613592,-0.636036,-0.288426
22.284,-0.119651,0.00613592,-0.725831,-0.259583
22.286,-0.122718,0.00306796,-0.806646,-0.387023
22.288,-0.125786,0,-0.879379,-0.501719
22.29,-0.131922,-0.00306796,-1.09824,-0.604945
22.292,-0.13499,-0.00613592,-1.14181,-0.697849
22.294,-0.13499,-0.00920388,-1.02763,-0.781462
22.296,-0.141126,-0.0122718,-1.23166,-0.856714
22.298,-0.144194,-0.0122718,-1.2619,-0.771042
22.3,-0.144194,-0.0153398,-1.13571,-0.847336
22.302,-0.147262,-0.0153398,-1.17553,-0.762603
22.304,-0.15033,-0.0184078,-1.21138,-0.83974
22.306,-0.153398,-0.0214757,-1.24364,-0.909164
22.308,-0.156466,-0.0214757,-1.27267,-0.818248
22.31,-0.159534,-0.0245437,-1.2988,-0.889821
22.312,-0.162602,-0.0276117,-1.32232,-0.954237
22.314,-0.16567,-0.0276117,-1.34349,-0.858814
22.316,-0.16567,-0.0306796,-1.20914,-0.92633
22.318,-0.168738,-0.0306796,-1.24162,-0.833697
22.32,-0.171806,-0.0337476,-1.27086,-0.903726
22.322,-0.171806,-0.0368155,-1.14377,-0.966751
22.324,-0.174874,-0.0368155,-1.18279,-0.870076
22.326,-0.177942,-0.0398835,-1.21791,-0.936466
22.328,-0.18101,-0.0398835,-1.24952,-0.84282
22.33,-0.18101,-0.0398835,-1.12457,-0.758538
22.332,-0.184078,-0.0429515,-1.16551,-0.836082
22.334,-0.187146,-0.0460194,-1.20236,-0.905872
22.336,-0.190214,-0.0460194,-1.23552,-0.815285
22.338,-0.193282,-0.0490874,-1.26536,-0.887154
22.34,-0.193282,-0.0521553,-1.13883,-0.951837
22.342,-0.19635,-0.0521553,-1.17834,-0.856653
22.344,-0.199418,-0.0582913,-1.21391,-1.07778
22.346,-0.202485,-0.0582913,-1.24591,-0.970006
22.348,-0.202485,-0.0582913,-1.12132,-0.873005
22.35,-0.205553,-0.0582913,-1.16259,-0.785705
22.352,-0.205553,-0.0613592,-1.04633,-0.860532
22.354,-0.205553,-0.0613592,-0.941697,-0.774479
22.356,-0.208621,-0.0613592,-1.00093,-0.697031
22.358,-0.208621,-0.0613592,-0.900833,-0.627328
22.36,-0.208621,-0.0613592,-0.810749,-0.564595
22.362,-0.208621,-0.0613592,-0.729675,-0.508136
22.364,-0.208621,-0.0613592,-0.656707,-0.457322
22.366,-0.205553,-0.0613592,-0.437638,-0.41159
22.368,-0.205553,-0.0582913,-0.393874,-0.217033
22.37,-0.205553,-0.0552233,-0.354487,-0.0419315
22.372,-0.202485,-0.0552233,-0.16564,-0.0377383
22.374,-0.199418,-0.0521553,0.00432186,0.119434
22.376,-0.19635,-0.0490874,0.157288,0.260888
22.378,-0.19635,-0.0429515,0.141559,0.541596
22.38,-0.193282,-0.0398835,0.280801,0.640834
22.382,-0.190214,-0.0398835,0.406119,0.576751
22.384,-0.190214,-0.0368155,0.365507,0.672474
22.386,-0.187146,-0.0368155,0.482355,0.605226
22.388,-0.187146,-0.0337476,0.434119,0.698102
22.39,-0.184078,-0.0337476,0.544105,0.628292
22.392,-0.184078,-0.0337476,0.489695,0.565462
22.394,-0.184078,-0.0337476,0.440725,0.508916
22.396,-0.184078,-0.0337476,0.396653,0.458025
22.398,-0.184078,-0.0337476,0.356987,0.412222
22.4,-0.184078,-0.0337476,0.321289,0.371
22.402,-0.184078,-0.0337476,0.28916,0.3339
22.404,-0.184078,-0.0337476,0.260244,0.30051
22.406,-0.184078,-0.0337476,0.234219,0.270459
22.408,-0.18101,-0.0306796,0.364196,0.396811
22.41,-0.18101,-0.0306796,0.327776,0.35713
22.412,-0.18101,-0.0276117,0.294998,0.474815
22.414,-0.177942,-0.0276117,0.418897,0.427334
22.416,-0.177942,-0.0276117,0.377007,0.3846
22.418,-0.174874,-0.0245437,0.492704,0.499538
22.42,-0.174874,-0.0245437,0.443434,0.449584
22.422,-0.174874,-0.0245437,0.399091,0.404626
22.424,-0.174874,-0.0214757,0.359182,0.517561
22.426,-0.171806,-0.0214757,0.476661,0.465805
22.428,-0.171806,-0.0214757,0.428995,0.419225
22.43,-0.168738,-0.0214757,0.539494,0.377302
22.432,-0.168738,-0.0214757,0.485544,0.339572
22.434,-0.168738,-0.0184078,0.43699,0.459013
22.436,-0.16567,-0.0184078,0.546689,0.413112
22.438,-0.16567,-0.0184078,0.49202,0.3718
22.44,-0.162602,-0.0153398,0.596216,0.488019
22.442,-0.162602,-0.0153398,0.536595,0.439217
22.444,-0.159534,-0.0153398,0.636333,0.395295
22.446,-0.159534,-0.0122718,0.5727,0.509164
22.448,-0.156466,-0.0122718,0.668828,0.458247
22.45,-0.153398,-0.00920388,0.755343,0.565821
22.452,-0.153398,-0.00613592,0.679809,0.662637
22.454,-0.15033,-0.00306796,0.765226,0.749771
22.456,-0.147262,0,0.842102,0.828192
22.458,-0.144194,0,0.91129,0.745373
22.46,-0.144194,0.00306796,0.820161,0.824234
22.462,-0.141126,0.00613592,0.891543,0.895208
22.464,-0.138058,0.00613592,0.955786,0.805687
22.466,-0.13499,0.00920388,1.01361,0.878517
22.468,-0.13499,0.0122718,0.912245,0.944063
22.47,-0.131922,0.0122718,0.974419,0.849657
22.472,-0.131922,0.0153398,0.876977,0.918089
22.474,-0.131922,0.0153398,0.789279,0.82628
22.476,-0.128854,0.0153398,0.863749,0.743652
22.478,-0.128854,0.0153398,0.777374,0.669287
22.48,-0.128854,0.0153398,0.699637,0.602358
22.482,-0.128854,0.0153398,0.629673,0.542123
22.484,-0.128854,0.0153398,0.566706,0.48791
22.486,-0.128854,0.0153398,0.510035,0.439119
22.488,-0.128854,0.0153398,0.459032,0.395207
22.49,-0.125786,0.0122718,0.566527,0.202289
22.492,-0.125786,0.0153398,0.509874,0.335458
22.494,-0.125786,0.0153398,0.458887,0.301912
22.496,-0.125786,0.0153398,0.412998,0.271721
22.498,-0.122718,0.0184078,0.525096,0.397947
22.5,-0.122718,0.0184078,0.472587,0.358152
22.502,-0.122718,0.0184078,0.425328,0.322337
22.504,-0.119651,0.0214757,0.536193,0.443501
22.506,-0.119651,0.0214757,0.482574,0.399151
22.508,-0.119651,0.0214757,0.434317,0.359236
22.51,-0.119651,0.0214757,0.390885,0.323312
22.512,-0.119651,0.0214757,0.351796,0.290981
22.514,-0.119651,0.0214757,0.316617,0.261883
22.516,-0.119651,0.0214757,0.284955,0.235695
22.518,-0.119651,0.0214757,0.25646,0.212125
22.52,-0.119651,0.0214757,0.230814,0.190913
22.522,-0.119651,0.0184078,0.207732,0.0184234
22.524,-0.119651,0.0184078,0.186959,0.0165811
22.526,-0.119651,0.0184078,0.168263,0.014923
22.528,-0.119651,0.0214757,0.151437,0.166829
22.53,-0.119651,0.0214757,0.136293,0.150146
22.532,-0.119651,0.0214757,0.122664,0.135131
22.534,-0.119651,0.0214757,0.110397,0.121618
22.536,-0.119651,0.0214757,0.0993577,0.109456
22.538,-0.119651,0.0214757,0.0894219,0.0985107
22.54,-0.119651,0.0214757,0.0804797,0.0886596
22.542,-0.119651,0.0214757,0.0724318,0.0797937
22.544,-0.119651,0.0214757,0.0651886,0.0718143
22.546,-0.119651,0.0214757,0.0586697,0.0646329
22.548,-0.119651,0.0184078,0.0528028,-0.0952285
22.55,-0.119651,0.0184078,0.0475225,-0.0857056
22.552,-0.122718,0.0184078,-0.110628,-0.0771351
22.554,-0.122718,0.0184078,-0.0995651,-0.0694216
22.556,-0.122718,0.0184078,-0.0896086,-0.0624794
22.558,-0.122718,0.0184078,-0.0806477,-0.0562315
22.56,-0.125786,0.0153398,-0.225981,-0.204006
22.562,-0.125786,0.0153398,-0.203383,-0.183606
22.564,-0.128854,0.0122718,-0.336443,-0.318643
22.566,-0.128854,0.0122718,-0.302798,-0.286779
22.568,-0.131922,0.00920388,-0.425917,-0.411499
22.57,-0.131922,0.00920388,-0.383325,-0.370349
22.572,-0.131922,0.00920388,-0.344992,-0.333314
22.574,-0.13499,0.00613592,-0.463891,-0.453381
22.576,-0.13499,0.00613592,-0.417502,-0.408043
22.578,-0.138058,0.00306796,-0.52915,-0.520637
22.58,-0.138058,0.00306796,-0.476235,-0.468573
22.582,-0.141126,0,-0.58201,-0.575114
22.584,-0.144194,0,-0.677207,-0.517602
22.586,-0.144194,-0.00306796,-0.609486,-0.61924
22.588,-0.144194,-0.00306796,-0.548537,-0.557316
22.59,-0.147262,-0.00613592,-0.647082,-0.654983
22.592,-0.15033,-0.00920388,-0.735772,-0.742882
22.594,-0.153398,-0.00920388,-0.815593,-0.668594
22.596,-0.153398,-0.0122718,-0.734033,-0.755133
22.598,-0.156466,-0.0153398,-0.814028,-0.833018
22.6,-0.159534,-0.0153398,-0.886023,-0.749716
22.602,-0.162602,-0.0184078,-0.950819,-0.828142
22.604,-0.16567,-0.0214757,-1.00914,-0.898726
22.606,-0.16567,-0.0245437,-0.908222,-0.962252
22.608,-0.168738,-0.0276117,-0.970798,-1.01942
22.61,-0.171806,-0.0306796,-1.02712,-1.07088
22.612,-0.171806,-0.0306796,-0.924404,-0.963792
22.614,-0.174874,-0.0337476,-0.985362,-1.02081
22.616,-0.174874,-0.0337476,-0.886826,-0.91873
22.618,-0.177942,-0.0368155,-0.951541,-0.980255
22.62,-0.18101,-0.0368155,-1.00979,-0.88223
22.622,-0.18101,-0.0398835,-0.908807,-0.947405
22.624,-0.18101,-0.0398835,-0.817926,-0.852664
22.626,-0.184078,-0.0429515,-0.889532,-0.920796
22.628,-0.184078,-0.0429515,-0.800578,-0.828716
22.63,-0.184078,-0.0429515,-0.720521,-0.745845
22.632,-0.187146,-0.0460194,-0.801867,-0.824658
22.634,-0.187146,-0.0460194,-0.72168,-0.742192
22.636,-0.187146,-0.0460194,-0.649512,-0.667973
22.638,-0.187146,-0.0490874,-0.584561,-0.754574
22.64,-0.187146,-0.0490874,-0.526105,-0.679117
22.642,-0.187146,-0.0490874,-0.473494,-0.611205
22.644,-0.187146,-0.0490874,-0.426145,-0.550084
22.646,-0.187146,-0.0490874,-0.38353,-0.495076
22.648,-0.187146,-0.0460194,-0.345177,-0.29217
22.65,-0.184078,-0.0460194,-0.157261,-0.262953
22.652,-0.184078,-0.0460194,-0.141535,-0.236658
22.654,-0.184078,-0.0460194,-0.127382,-0.212992
22.656,-0.184078,-0.0429515,-0.114644,-0.0382948
22.658,-0.184078,-0.0429515,-0.103179,-0.0344654
22.66,-0.18101,-0.0429515,0.0605368,-0.0310188
22.662,-0.18101,-0.0429515,0.0544831,-0.0279169
22.664,-0.18101,-0.0429515,0.0490348,-0.0251253
22.666,-0.18101,-0.0429515,0.0441313,-0.0226127
22.668,-0.18101,-0.0429515,0.0397182,-0.0203515
22.67,-0.18101,-0.0429515,0.0357464,-0.0183163
22.672,-0.177942,-0.0429515,0.18557,-0.0164847
22.674,-0.177942,-0.0429515,0.167013,-0.0148362
22.676,-0.177942,-0.0429515,0.150312,-0.0133526
22.678,-0.177942,-0.0429515,0.13528,-0.0120173
22.68,-0.174874,-0.0398835,0.27515,0.142582
22.682,-0.174874,-0.0398835,0.247635,0.128324
22.684,-0.171806,-0.0398835,0.37627,0.115492
22.686,-0.171806,-0.0398835,0.338643,0.103943
22.688,-0.168738,-0.0368155,0.458177,0.246946
22.69,-0.168738,-0.0368155,0.412359,0.222252
22.692,-0.168738,-0.0368155,0.371123,0.200027
22.694,-0.16567,-0.0337476,0.487409,0.333422
22.696,-0.16567,-0.0337476,0.438668,0.30008
22.698,-0.162602,-0.0337476,0.548199,0.270072
22.7,-0.162602,-0.0337476,0.493379,0.243065
22.702,-0.162602,-0.0337476,0.444041,0.218758
22.704,-0.162602,-0.0337476,0.399637,0.196882
22.706,-0.159534,-0.0337476,0.513072,0.177194
22.708,-0.159534,-0.0368155,0.461764,0.00607665
22.71,-0.159534,-0.0368155,0.415588,0.00546898
22.712,-0.159534,-0.0368155,0.374029,0.00492209
22.714,-0.159534,-0.0368155,0.336626,0.00442988
22.716,-0.159534,-0.0368155,0.302964,0.00398689
22.718,-0.159534,-0.0368155,0.272667,0.0035882
22.72,-0.156466,-0.0368155,0.398799,0.00322938
22.722,-0.156466,-0.0368155,0.358919,0.00290644
22.724,-0.156466,-0.0368155,0.323027,0.0026158
22.726,-0.156466,-0.0398835,0.290724,-0.151044
22.728,-0.156466,-0.0398835,0.261652,-0.135939
22.73,-0.156466,-0.0398835,0.235487,-0.122346
22.732,-0.156466,-0.0429515,0.211938,-0.263509
22.734,-0.156466,-0.0429515,0.190744,-0.237158
22.736,-0.156466,-0.0429515,0.17167,-0.213442
22.738,-0.156466,-0.0429515,0.154503,-0.192098
22.74,-0.153398,-0.0429515,0.292451,-0.172888
22.742,-0.153398,-0.0429515,0.263206,-0.155599
22.744,-0.15033,-0.0429515,0.390283,-0.14004
22.746,-0.15033,-0.0429515,0.351255,-0.126036
22.748,-0.147262,-0.0398835,0.469527,0.0399661
22.75,-0.147262,-0.0398835,0.422575,0.0359695
22.752,-0.144194,-0.0398835,0.533715,0.0323725
22.754,-0.144194,-0.0398835,0.480344,0.0291353
22.756,-0.141126,-0.0398835,0.585707,0.0262217
22.758,-0.138058,-0.0368155,0.680535,0.176998
22.76,-0.138058,-0.0368155,0.612481,0.159298
22.762,-0.13499,-0.0368155,0.704631,0.143368
22.764,-0.131922,-0.0368155,0.787566,0.129031
22.766,-0.128854,-0.0337476,0.862208,0.269526
22.768,-0.125786,-0.0337476,0.929385,0.242574
22.77,-0.122718,-0.0306796,0.989845,0.371714
22.772,-0.119651,-0.0276117,1.04426,0.487941
22.774,-0.116583,-0.0276117,1.09323,0.439147
22.776,-0.113515,-0.0245437,1.13731,0.54863
22.778,-0.107379,-0.0214757,1.33037,0.647165
22.78,-0.104311,-0.0153398,1.35073,0.889245
22.782,-0.0981748,-0.0122718,1.52245,0.953719
22.784,-0.0951068,-0.00920388,1.52361,1.01174
22.786,-0.0920388,-0.00613592,1.52464,1.06397
22.788,-0.0859029,-0.00306796,1.67898,1.11097
22.79,-0.079767,0,1.81788,1.15327
22.792,-0.076699,0.00613592,1.78949,1.34474
22.794,-0.0705631,0.00920388,1.91733,1.36366
22.796,-0.0674952,0.0122718,1.879,1.3807
22.798,-0.0613592,0.0153398,1.99789,1.39602
22.8,-0.0582913,0.0214757,1.9515,1.56322
22.802,-0.0521553,0.0245437,2.06315,1.56029
22.804,-0.0460194,0.0276117,2.16363,1.55766
22.806,-0.0429515,0.0306796,2.10067,1.55529
22.808,-0.0368155,0.0337476,2.19739,1.55316
22.81,-0.0337476,0.0368155,2.13105,1.55124
22.812,-0.0306796,0.0398835,2.07135,1.54952
22.814,-0.0276117,0.0429515,2.01761,1.54796
22.816,-0.0245437,0.0460194,1.96925,1.54657
22.818,-0.0214757,0.0460194,1.92572,1.39191
22.82,-0.0184078,0.0490874,1.88655,1.40612
22.822,-0.0122718,0.0521553,2.00469,1.4189
22.824,-0.0122718,0.0521553,1.80422,1.27701
22.826,-0.00920388,0.0552233,1.7772,1.30271
22.828,-0.00613592,0.0552233,1.75287,1.17244
22.83,-0.00306796,0.0582913,1.73098,1.20859
22.832,-0,0.0582913,1.71128,1.08773
22.834,-0,0.0613592,1.54016,1.13236
22.836,0.00306796,0.0613592,1.53954,1.01912
22.838,0.00613592,0.0613592,1.53898,0.91721
22.84,0.00613592,0.0644272,1.38508,0.978887
22.842,0.00920388,0.0644272,1.39997,0.880999
22.844,0.00920388,0.0644272,1.25998,0.792899
22.846,0.0122718,0.0644272,1.28738,0.713609
22.848,0.0122718,0.0674952,1.15864,0.795646
22.85,0.0153398,0.0674952,1.19617,0.716081
22.852,0.0153398,0.0674952,1.07656,0.644473
22.854,0.0184078,0.0674952,1.1223,0.580026
22.856,0.0184078,0.0674952,1.01007,0.522023
22.858,0.0214757,0.0705631,1.06246,0.623219
22.86,0.0245437,0.0736311,1.10961,0.714295
22.862,0.0276117,0.0736311,1.15205,0.642866
22.864,0.0276117,0.076699,1.03684,0.731977
22.866,0.0306796,0.079767,1.08656,0.812178
22.868,0.0337476,0.082835,1.1313,0.884358
22.87,0.0368155,0.082835,1.17157,0.795922
22.872,0.0398835,0.0859029,1.20781,0.869728
22.874,0.0398835,0.0889709,1.08703,0.936153
22.876,0.0429515,0.0889709,1.13172,0.842538
22.878,0.0429515,0.0920388,1.01855,0.911682
22.88,0.0460194,0.0920388,1.07009,0.820514
22.882,0.0460194,0.0951068,0.963085,0.891861
22.884,0.0490874,0.0951068,1.02017,0.802675
22.886,0.0490874,0.0981748,0.918157,0.875805
22.888,0.0490874,0.0981748,0.826341,0.788225
22.89,0.0490874,0.0981748,0.743707,0.709402
22.892,0.0521553,0.0981748,0.822734,0.638462
22.894,0.0521553,0.0981748,0.740461,0.574616
22.896,0.0521553,0.0981748,0.666415,0.517154
22.898,0.0521553,0.0981748,0.599773,0.465439
22.9,0.0521553,0.101243,0.539796,0.572293
22.902,0.0521553,0.101243,0.485816,0.515064
22.904,0.0490874,0.101243,0.283837,0.463557
22.906,0.0490874,0.101243,0.255453,0.417202
22.908,0.0490874,0.101243,0.229908,0.375481
22.91,0.0460194,0.0981748,0.0535189,0.184535
22.912,0.0460194,0.0981748,0.048167,0.166082
22.914,0.0429515,0.0981748,-0.110048,0.149474
22.916,0.0398835,0.0951068,-0.252441,-0.0188719
22.918,0.0368155,0.0920388,-0.380595,-0.170383
22.92,0.0337476,0.0889709,-0.495934,-0.306743
22.922,0.0306796,0.0859029,-0.599738,-0.429466
22.924,0.0276117,0.082835,-0.693163,-0.539918
22.926,0.0214757,0.079767,-0.930642,-0.639324
22.928,0.0184078,0.076699,-0.990976,-0.72879
22.93,0.0153398,0.0736311,-1.04528,-0.809309
22.932,0.00920388,0.0674952,-1.24755,-1.03517
22.934,0.00613592,0.0644272,-1.27619,-1.08505
22.936,-0,0.0613592,-1.45537,-1.12995
22.938,-0.00306796,0.0582913,-1.46323,-1.17035
22.94,-0.00920388,0.0552233,-1.6237,-1.20671
22.942,-0.0122718,0.0490874,-1.61473,-1.39284
22.944,-0.0184078,0.0460194,-1.76005,-1.40695
22.946,-0.0214757,0.0429515,-1.73745,-1.41966
22.948,-0.0276117,0.0398835,-1.8705,-1.43109
22.95,-0.0337476,0.0337476,-1.99024,-1.59478
22.952,-0.0368155,0.0306796,-1.94462,-1.5887
22.954,-0.0398835,0.0276117,-1.90355,-1.58322
22.956,-0.0460194,0.0245437,-2.01999,-1.5783
22.958,-0.0490874,0.0214757,-1.97139,-1.57387
22.96,-0.0521553,0.0184078,-1.92765,-1.56988
22.962,-0.0552233,0.0184078,-1.88828,-1.41289
22.964,-0.0582913,0.0153398,-1.85285,-1.425
22.966,-0.0613592,0.0122718,-1.82097,-1.4359
22.968,-0.0644272,0.0122718,-1.79227,-1.29231
22.97,-0.0705631,0.0122718,-1.91984,-1.16308
22.972,-0.0705631,0.00920388,-1.72785,-1.20017
22.974,-0.076699,0.00920388,-1.86186,-1.08015
22.976,-0.079767,0.00613592,-1.82908,-1.12553
22.978,-0.082835,0.00306796,-1.79957,-1.16638
22.98,-0.0859029,0.00306796,-1.77301,-1.04974
22.982,-0.0889709,0,-1.74911,-1.09816
22.984,-0.0920388,-0.00306796,-1.72759,-1.14175
22.986,-0.0951068,-0.00613592,-1.70823,-1.18097
22.988,-0.0981748,-0.00613592,-1.69081,-1.06287
22.99,-0.104311,-0.00920388,-1.82852,-1.10998
22.992,-0.107379,-0.0122718,-1.79907,-1.15238
22.994,-0.110447,-0.0153398,-1.77256,-1.19054
22.996,-0.113515,-0.0153398,-1.7487,-1.07149
22.998,-0.119651,-0.0184078,-1.88063,-1.11774
23,-0.122718,-0.0214757,-1.84596,-1.15936
23.002,-0.128854,-0.0245437,-1.96816,-1.19682
23.004,-0.131922,-0.0276117,-1.92474,-1.23054
23.006,-0.13499,-0.0306796,-1.88567,-1.26088
23.008,-0.141126,-0.0368155,-2.0039,-1.44159
23.01,-0.147262,-0.0398835,-2.1103,-1.45083
23.012,-0.15033,-0.0429515,-2.05267,-1.45915
23.014,-0.156466,-0.0490874,-2.1542,-1.62003
23.016,-0.159534,-0.0521553,-2.09218,-1.61142
23.018,-0.16567,-0.0552233,-2.18976,-1.60368
23.02,-0.168738,-0.0582913,-2.12418,-1.59671
23.022,-0.171806,-0.0582913,-2.06516,-1.43704
23.024,-0.174874,-0.0613592,-2.01204,-1.44673
23.026,-0.177942,-0.0644272,-1.96424,-1.45546
23.028,-0.18101,-0.0644272,-1.92121,-1.30991
23.03,-0.184078,-0.0674952,-1.88249,-1.33232
23.032,-0.184078,-0.0674952,-1.69424,-1.19909
23.034,-0.187146,-0.0705631,-1.67821,-1.23258
23.036,-0.190214,-0.0705631,-1.66379,-1.10932
23.038,-0.193282,-0.0705631,-1.65081,-0.998386
23.04,-0.193282,-0.0736311,-1.48573,-1.05195
23.042,-0.19635,-0.0736311,-1.49055,-0.946751
23.044,-0.199418,-0.076699,-1.4949,-1.00547
23.046,-0.202485,-0.076699,-1.4988,-0.904927
23.048,-0.202485,-0.076699,-1.34892,-0.814434
23.05,-0.205553,-0.079767,-1.36743,-0.886389
23.052,-0.205553,-0.079767,-1.23069,-0.79775
23.054,-0.208621,-0.079767,-1.26102,-0.717975
23.056,-0.208621,-0.082835,-1.13491,-0.799576
23.058,-0.211689,-0.082835,-1.17482,-0.719618
23.06,-0.214757,-0.0859029,-1.21074,-0.801054
23.062,-0.214757,-0.0859029,-1.08966,-0.720949
23.064,-0.214757,-0.0859029,-0.980697,-0.648854
23.066,-0.214757,-0.0859029,-0.882627,-0.583969
23.068,-0.217825,-0.0859029,-0.947763,-0.525572
23.07,-0.217825,-0.0859029,-0.852986,-0.473015
23.072,-0.214757,-0.0859029,-0.61429,-0.425713
23.074,-0.214757,-0.082835,-0.552861,-0.229744
23.076,-0.214757,-0.082835,-0.497575,-0.206769
23.078,-0.214757,-0.079767,-0.447817,-0.0326943
23.08,-0.211689,-0.079767,-0.249637,-0.0294249
23.082,-0.211689,-0.076699,-0.224674,0.126916
23.084,-0.208621,-0.076699,-0.0488082,0.114224
23.086,-0.208621,-0.0736311,-0.0439274,0.2562
23.088,-0.205553,-0.0705631,0.113863,0.383978
23.09,-0.205553,-0.0705631,0.102477,0.34558
23.092,-0.205553,-0.0674952,0.0922294,0.46442
23.094,-0.202485,-0.0674952,0.236405,0.417978
23.096,-0.202485,-0.0674952,0.212764,0.37618
23.098,-0.199418,-0.0644272,0.344886,0.49196
23.1,-0.199418,-0.0644272,0.310397,0.442764
23.102,-0.19635,-0.0613592,0.432756,0.551886
23.104,-0.19635,-0.0613592,0.38948,0.496697
23.106,-0.193282,-0.0582913,0.50393,0.600426
23.108,-0.190214,-0.0582913,0.606935,0.540383
23.11,-0.187146,-0.0552233,0.69964,0.639743
23.112,-0.184078,-0.0521553,0.783074,0.729167
23.114,-0.18101,-0.0490874,0.858165,0.809648
23.116,-0.177942,-0.0460194,0.925746,0.882081
23.118,-0.174874,-0.0398835,0.98657,1.10067
23.12,-0.171806,-0.0368155,1.04131,1.144
23.122,-0.168738,-0.0337476,1.09058,1.183
23.124,-0.16567,-0.0306796,1.13492,1.2181
23.126,-0.162602,-0.0276117,1.17482,1.24969
23.128,-0.159534,-0.0245437,1.21074,1.27811
23.13,-0.156466,-0.0214757,1.24306,1.3037
23.132,-0.153398,-0.0184078,1.27216,1.32673
23.134,-0.15033,-0.0184078,1.29834,1.19406
23.136,-0.147262,-0.0153398,1.3219,1.22805
23.138,-0.144194,-0.0122718,1.34311,1.25864
23.14,-0.144194,-0.0122718,1.2088,1.13278
23.142,-0.141126,-0.00920388,1.24132,1.1729
23.144,-0.141126,-0.00920388,1.11719,1.05561
23.146,-0.138058,-0.00920388,1.15887,0.950047
23.148,-0.138058,-0.00920388,1.04298,0.855043
23.15,-0.13499,-0.00613592,1.09208,0.922937
23.152,-0.13499,-0.00613592,0.982871,0.830643
23.154,-0.131922,-0.00613592,1.03798,0.747579
23.156,-0.131922,-0.00306796,0.934184,0.826219
23.158,-0.131922,-0.00306796,0.840765,0.743597
23.16,-0.131922,-0.00306796,0.756689,0.669237
23.162,-0.128854,-0.00306796,0.834418,0.602314
23.164,-0.128854,0,0.750976,0.69548
23.166,-0.125786,0,0.829277,0.625932
23.168,-0.125786,0,0.746349,0.563339
23.17,-0.125786,0,0.671714,0.507005
23.172,-0.122718,0,0.757941,0.456305
23.174,-0.122718,0,0.682147,0.410674
23.176,-0.122718,0,0.613932,0.369607
23.178,-0.122718,0,0.552539,0.332646
23.18,-0.122718,0,0.497285,0.299381
23.182,-0.122718,0,0.447556,0.269443
23.184,-0.122718,0,0.402801,0.242499
23.186,-0.122718,0,0.362521,0.218249
23.188,-0.119651,0,0.479667,0.196424
23.19,-0.119651,0,0.4317,0.176782
23.192,-0.119651,0,0.38853,0.159104
23.194,-0.119651,0,0.349677,0.143193
23.196,-0.119651,-0.00306796,0.314709,-0.0245242
23.198,-0.119651,-0.00306796,0.283238,-0.0220718
23.2,-0.119651,-0.00306796,0.254915,-0.0198646
23.202,-0.119651,-0.00306796,0.229423,-0.0178781
23.204,-0.119651,-0.00306796,0.206481,-0.0160903
23.206,-0.119651,-0.00306796,0.185833,-0.0144813
23.208,-0.119651,-0.00306796,0.167249,-0.0130332
23.21,-0.116583,-0.00306796,0.303923,-0.0117298
23.212,-0.116583,-0.00306796,0.27353,-0.0105569
23.214,-0.116583,0,0.246177,0.143897
23.216,-0.116583,0,0.22156,0.129507
23.218,-0.116583,0,0.199404,0.116556
23.22,-0.116583,-0.00306796,0.179463,-0.0484972
23.222,-0.116583,-0.00306796,0.161517,-0.0436475
23.224,-0.116583,-0.00306796,0.145365,-0.0392828
23.226,-0.116583,-0.00306796,0.130829,-0.0353545
23.228,-0.116583,-0.00613592,0.117746,-0.185217
23.23,-0.116583,-0.00613592,0.105971,-0.166695
23.232,-0.116583,-0.00613592,0.0953741,-0.150026
23.234,-0.116583,-0.00613592,0.0858367,-0.135023
23.236,-0.116583,-0.00920388,0.077253,-0.274919
23.238,-0.116583,-0.00920388,0.0695277,-0.247427
23.24,-0.119651,-0.00920388,-0.0908231,-0.222684
23.242,-0.119651,-0.0122718,-0.0817408,-0.353814
23.244,-0.119651,-0.0122718,-0.0735667,-0.318433
23.246,-0.119651,-0.0122718,-0.0662101,-0.286589
23.248,-0.119651,-0.0153398,-0.059589,-0.411329
23.25,-0.119651,-0.0153398,-0.0536301,-0.370196
23.252,-0.119651,-0.0153398,-0.0482671,-0.333176
23.254,-0.119651,-0.0153398,-0.0434404,-0.299858
23.256,-0.119651,-0.0184078,-0.0390964,-0.423271
23.258,-0.119651,-0.0184078,-0.0351867,-0.380944
23.26,-0.119651,-0.0184078,-0.0316681,-0.342849
23.262,-0.116583,-0.0184078,0.124897,-0.308564
23.264,-0.116583,-0.0153398,0.112407,-0.12431
23.266,-0.116583,-0.0153398,0.101166,-0.111879
23.268,-0.113515,-0.0153398,0.244448,-0.100691
23.27,-0.113515,-0.0122718,0.220003,0.0627762
23.272,-0.110447,-0.0122718,0.351401,0.0564986
23.274,-0.110447,-0.0122718,0.316261,0.0508487
23.276,-0.110447,-0.0122718,0.284635,0.0457639
23.278,-0.110447,-0.0122718,0.256171,0.0411875
23.28,-0.107379,-0.0122718,0.383952,0.0370687
23.282,-0.107379,-0.0122718,0.345557,0.0333618
23.284,-0.107379,-0.0122718,0.311001,0.0300257
23.286,-0.107379,-0.0122718,0.279901,0.0270231
23.288,-0.107379,-0.0122718,0.251911,0.0243208
23.29,-0.107379,-0.0122718,0.22672,0.0218887
23.292,-0.107379,-0.0122718,0.204048,0.0196998
23.294,-0.107379,-0.0122718,0.183643,0.0177299
23.296,-0.104311,-0.0122718,0.318677,0.0159569
23.298,-0.104311,-0.0122718,0.286809,0.0143612
23.3,-0.104311,-0.0122718,0.258128,0.0129251
23.302,-0.104311,-0.0122718,0.232315,0.0116326
23.304,-0.104311,-0.0122718,0.209084,0.0104693
23.306,-0.101243,-0.0122718,0.341574,0.00942237
23.308,-0.101243,-0.0122718,0.307416,0.00848013
23.31,-0.101243,-0.0122718,0.276675,0.00763212
23.312,-0.101243,-0.0153398,0.249007,-0.146529
23.314,-0.101243,-0.0153398,0.224106,-0.131876
23.316,-0.101243,-0.0153398,0.201696,-0.118689
23.318,-0.101243,-0.0153398,0.181526,-0.10682
23.32,-0.0981748,-0.0153398,0.316772,-0.0961378
23.322,-0.0981748,-0.0153398,0.285095,-0.086524
23.324,-0.0981748,-0.0153398,0.256585,-0.0778716
23.326,-0.0981748,-0.0153398,0.230927,-0.0700844
23.328,-0.0951068,-0.0153398,0.361232,-0.063076
23.33,-0.0951068,-0.0153398,0.325109,-0.0567684
23.332,-0.0951068,-0.0153398,0.292598,-0.0510916
23.334,-0.0951068,-0.0153398,0.263338,-0.0459824
23.336,-0.0920388,-0.0153398,0.390402,-0.0413842
23.338,-0.0920388,-0.0153398,0.351362,-0.0372457
23.34,-0.0889709,-0.0153398,0.469624,-0.0335212
23.342,-0.0859029,-0.0122718,0.57606,0.123229
23.344,-0.0859029,-0.0122718,0.518454,0.110906
23.346,-0.082835,-0.00920388,0.620006,0.253214
23.348,-0.082835,-0.00920388,0.558006,0.227892
23.35,-0.079767,-0.00613592,0.655603,0.358501
23.352,-0.076699,-0.00306796,0.743441,0.476049
23.354,-0.0736311,-0.00306796,0.822495,0.428444
23.356,-0.0705631,0,0.893644,0.538998
23.358,-0.0705631,0,0.804279,0.485098
23.36,-0.0674952,0.00306796,0.877249,0.589986
23.362,-0.0674952,0.00306796,0.789524,0.530988
23.364,-0.0644272,0.00306796,0.86397,0.477889
23.366,-0.0644272,0.00306796,0.777573,0.4301
23.368,-0.0613592,0.00306796,0.853214,0.38709
23.37,-0.0613592,0.00306796,0.767892,0.348381
23.372,-0.0613592,0.00306796,0.691103,0.313543
23.374,-0.0613592,0.00306796,0.621993,0.282189
23.376,-0.0582913,0.00306796,0.713192,0.25397
23.378,-0.0582913,0.00306796,0.641873,0.228573
23.38,-0.0582913,0.00613592,0.577685,0.359114
23.382,-0.0552233,0.00613592,0.673315,0.323202
23.384,-0.0552233,0.00613592,0.605983,0.290882
23.386,-0.0521553,0.00613592,0.698783,0.261794
23.388,-0.0521553,0.00920388,0.628905,0.389013
23.39,-0.0490874,0.00920388,0.719412,0.350111
23.392,-0.0490874,0.00920388,0.647471,0.3151
23.394,-0.0490874,0.00920388,0.582724,0.28359
23.396,-0.0490874,0.00920388,0.524452,0.255231
23.398,-0.0460194,0.00920388,0.625405,0.229708
23.4,-0.0460194,0.00920388,0.562864,0.206737
23.402,-0.0460194,0.00613592,0.506578,0.0326654
23.404,-0.0460194,0.00613592,0.45592,0.0293989
23.406,-0.0460194,0.00613592,0.410328,0.026459
23.408,-0.0460194,0.00613592,0.369295,0.0238131
23.41,-0.0460194,0.00306796,0.332366,-0.131966
23.412,-0.0460194,0.00306796,0.299129,-0.11877
23.414,-0.0429515,0.00613592,0.422614,0.0465054
23.416,-0.0429515,0.00613592,0.380353,0.0418548
23.418,-0.0429515,0.00613592,0.342318,0.0376693
23.42,-0.0429515,0.00613592,0.308086,0.0339024
23.422,-0.0398835,0.00613592,0.430675,0.0305122
23.424,-0.0398835,0.00613592,0.387608,0.027461
23.426,-0.0398835,0.00613592,0.348847,0.0247149
23.428,-0.0368155,0.00613592,0.46736,0.0222434
23.43,-0.0368155,0.00613592,0.420624,0.020019
23.432,-0.0368155,0.00613592,0.378562,0.0180171
23.434,-0.0368155,0.00613592,0.340706,0.0162154
23.436,-0.0368155,0.00613592,0.306635,0.0145939
23.438,-0.0337476,0.00613592,0.42937,0.0131345
23.44,-0.0368155,0.00613592,0.233035,0.011821
23.442,-0.0337476,0.00613592,0.363129,0.0106389
23.444,-0.0337476,0.00613592,0.326816,0.00957504
23.446,-0.0337476,0.00613592,0.294135,0.00861754
23.448,-0.0337476,0.00306796,0.264721,-0.145642
23.45,-0.0337476,0.00306796,0.238249,-0.131078
23.452,-0.0337476,0.00306796,0.214424,-0.11797
23.454,-0.0337476,0.00306796,0.192982,-0.106173
23.456,-0.0337476,0.00306796,0.173684,-0.0955559
23.458,-0.0337476,0.00306796,0.156315,-0.0860003
23.46,-0.0337476,0.00306796,0.140684,-0.0774003
23.462,-0.0337476,0.00306796,0.126615,-0.0696603
23.464,-0.0337476,0,0.113954,-0.216092
23.466,-0.0337476,0,0.102558,-0.194483
23.468,-0.0337476,-0.00306796,0.0923026,-0.328433
23.47,-0.0368155,-0.00306796,-0.0703258,-0.29559
23.472,-0.0368155,-0.00613592,-0.0632932,-0.419429
23.474,-0.0368155,-0.00613592,-0.0569639,-0.377486
23.476,-0.0368155,-0.00613592,-0.0512675,-0.339737
23.478,-0.0368155,-0.00920388,-0.0461407,-0.459162
23.48,-0.0368155,-0.00920388,-0.0415267,-0.413245
23.482,-0.0368155,-0.00920388,-0.037374,-0.371921
23.484,-0.0368155,-0.00920388,-0.0336366,-0.334729
23.486,-0.0368155,-0.0122718,-0.0302729,-0.454654
23.488,-0.0368155,-0.0122718,-0.0272456,-0.409189
23.49,-0.0368155,-0.0122718,-0.0245211,-0.36827
23.492,-0.0398835,-0.0153398,-0.175467,-0.484841
23.494,-0.0398835,-0.0153398,-0.15792,-0.436357
23.496,-0.0398835,-0.0153398,-0.142128,-0.392721
23.498,-0.0398835,-0.0184078,-0.127915,-0.506847
23.5,-0.0398835,-0.0184078,-0.115124,-0.456162
23.502,-0.0398835,-0.0184078,-0.103612,-0.410546
23.504,-0.0398835,-0.0214757,-0.0932504,-0.52289
23.506,-0.0398835,-0.0214757,-0.0839253,-0.470601
23.508,-0.0398835,-0.0214757,-0.0755328,-0.423541
23.51,-0.0398835,-0.0214757,-0.0679795,-0.381187
23.512,-0.0398835,-0.0214757,-0.0611816,-0.343068
23.514,-0.0398835,-0.0214757,-0.0550634,-0.308761
23.516,-0.0368155,-0.0214757,0.103841,-0.277885
23.518,-0.0368155,-0.0214757,0.0934569,-0.250096
23.52,-0.0368155,-0.0214757,0.0841112,-0.225087
23.522,-0.0337476,-0.0214757,0.229098,-0.202578
23.524,-0.0337476,-0.0214757,0.206188,-0.18232
23.526,-0.0337476,-0.0184078,0.18557,-0.0106902
23.528,-0.0337476,-0.0184078,0.167013,-0.00962119
23.53,-0.0337476,-0.0184078,0.150311,-0.00865907
23.532,-0.0306796,-0.0214757,0.288678,-0.161191
23.534,-0.0306796,-0.0214757,0.25981,-0.145072
23.536,-0.0306796,-0.0214757,0.233829,-0.130565
23.538,-0.0306796,-0.0214757,0.210446,-0.117508
23.54,-0.0306796,-0.0245437,0.189402,-0.259156
23.542,-0.0306796,-0.0245437,0.170462,-0.23324
23.544,-0.0306796,-0.0245437,0.153415,-0.209916
23.546,-0.0306796,-0.0276117,0.138074,-0.342323
23.548,-0.0306796,-0.0276117,0.124267,-0.30809
23.55,-0.0276117,-0.0276117,0.265238,-0.277281
23.552,-0.0276117,-0.0276117,0.238714,-0.249553
23.554,-0.0276117,-0.0276117,0.214843,-0.224598
23.556,-0.0276117,-0.0276117,0.193358,-0.202138
23.558,-0.0245437,-0.0276117,0.327421,-0.181924
23.56,-0.0245437,-0.0245437,0.294679,-0.0103337
23.562,-0.0214757,-0.0245437,0.418609,-0.00930036
23.564,-0.0214757,-0.0245437,0.376748,-0.00837033
23.566,-0.0214757,-0.0245437,0.339073,-0.00753329
23.568,-0.0214757,-0.0245437,0.305166,-0.00677996
23.57,-0.0184078,-0.0245437,0.428047,-0.00610197
23.572,-0.0184078,-0.0245437,0.385243,-0.00549177
23.574,-0.0153398,-0.0245437,0.500116,-0.00494259
23.576,-0.0153398,-0.0245437,0.450105,-0.00444833
23.578,-0.0153398,-0.0245437,0.405094,-0.0040035
23.58,-0.0122718,-0.0245437,0.517983,-0.00360315
23.582,-0.0122718,-0.0245437,0.466185,-0.00324284
23.584,-0.00920388,-0.0245437,0.572964,-0.00291855
23.586,-0.00920388,-0.0245437,0.515668,-0.0026267
23.588,-0.00920388,-0.0245437,0.464101,-0.00236403
23.59,-0.00613592,-0.0245437,0.571089,-0.00212762
23.592,-0.00306796,-0.0214757,0.667378,0.151483
23.594,-0.00306796,-0.0214757,0.60064,0.136335
23.596,-0,-0.0184078,0.693974,0.276099
23.598,0.00306796,-0.0184078,0.777975,0.24849
23.6,0.00613592,-0.0153398,0.853576,0.377039
23.602,0.00920388,-0.0153398,0.921616,0.339335
23.604,0.0122718,-0.0122718,0.982853,0.458799
23.606,0.0153398,-0.0122718,1.03797,0.412919
23.608,0.0153398,-0.00920388,0.934169,0.525026
23.61,0.0214757,-0.00613592,1.14755,0.625921
23.612,0.0245437,-0.00306796,1.18619,0.716727
23.614,0.0276117,0,1.22097,0.798452
23.616,0.0306796,0,1.25227,0.718607
23.618,0.0337476,0.00306796,1.28044,0.800145
23.62,0.0368155,0.00613592,1.3058,0.873528
23.622,0.0398835,0.00920388,1.32861,0.939573
23.624,0.0429515,0.0122718,1.34915,0.999014
23.626,0.0490874,0.0122718,1.52103,0.899113
23.628,0.0521553,0.0153398,1.52233,0.9626
23.63,0.0521553,0.0184078,1.37009,1.01974
23.632,0.0582913,0.0184078,1.53988,0.917764
23.634,0.0613592,0.0214757,1.53929,0.979386
23.636,0.0644272,0.0245437,1.53876,1.03485
23.638,0.0644272,0.0276117,1.38488,1.08476
23.64,0.0674952,0.0276117,1.39979,0.976283
23.642,0.0705631,0.0306796,1.41321,1.03205
23.644,0.0736311,0.0306796,1.42529,0.928847
23.646,0.0736311,0.0337476,1.28276,0.989361
23.648,0.076699,0.0337476,1.30788,0.890425
23.65,0.076699,0.0337476,1.17709,0.801382
23.652,0.076699,0.0306796,1.05938,0.567846
23.654,0.076699,0.0306796,0.953446,0.511061
23.656,0.076699,0.0306796,0.858102,0.459955
23.658,0.076699,0.0276117,0.772291,0.260562
23.66,0.076699,0.0276117,0.695062,0.234505
23.662,0.076699,0.0245437,0.625556,0.0576568
23.664,0.076699,0.0245437,0.563,0.0518911
23.666,0.076699,0.0245437,0.5067,0.046702
23.668,0.076699,0.0214757,0.45603,-0.111366
23.67,0.076699,0.0214757,0.410427,-0.10023
23.672,0.076699,0.0214757,0.369385,-0.0902067
23.674,0.076699,0.0184078,0.332446,-0.234584
23.676,0.076699,0.0184078,0.299202,-0.211126
23.678,0.076699,0.0184078,0.269281,-0.190013
23.68,0.076699,0.0184078,0.242353,-0.171012
23.682,0.076699,0.0184078,0.218118,-0.153911
23.684,0.076699,0.0184078,0.196306,-0.13852
23.686,0.079767,0.0184078,0.330074,-0.124668
23.688,0.079767,0.0184078,0.297066,-0.112201
23.69,0.079767,0.0184078,0.26736,-0.100981
23.692,0.079767,0.0184078,0.240624,-0.0908827
23.694,0.079767,0.0184078,0.216561,-0.0817944
23.696,0.082835,0.0184078,0.348303,-0.073615
23.698,0.082835,0.0184078,0.313473,-0.0662535
23.7,0.082835,0.0153398,0.282126,-0.213026
23.702,0.082835,0.0184078,0.253913,-0.0383255
23.704,0.0859029,0.0184078,0.38192,-0.034493
23.706,0.0859029,0.0184078,0.343728,-0.0310437
23.708,0.0859029,0.0184078,0.309355,-0.0279393
23.71,0.0889709,0.0214757,0.431818,0.128253
23.712,0.0889709,0.0214757,0.388636,0.115427
23.714,0.0889709,0.0214757,0.349772,0.103885
23.716,0.0920388,0.0214757,0.468193,0.0934962
23.718,0.0920388,0.0214757,0.421374,0.0841466
23.72,0.0920388,0.0214757,0.379236,0.0757319
23.722,0.0920388,0.0214757,0.341313,0.0681587
23.724,0.0920388,0.0214757,0.307182,0.0613429
23.726,0.0920388,0.0214757,0.276463,0.0552086
23.728,0.0920388,0.0214757,0.248817,0.0496877
23.73,0.0920388,0.0184078,0.223935,-0.108679
23.732,0.0889709,0.0184078,0.0481437,-0.0978112
23.734,0.0889709,0.0153398,0.0433293,-0.241428
23.736,0.0889709,0.0153398,0.0389964,-0.217285
23.738,0.0889709,0.0122718,0.0350968,-0.348955
23.74,0.0859029,0.0122718,-0.121811,-0.314059
23.742,0.0859029,0.00920388,-0.10963,-0.436052
23.744,0.082835,0.00613592,-0.252065,-0.545844
23.746,0.079767,0.00306796,-0.380257,-0.644658
23.748,0.079767,0.00306796,-0.342231,-0.580192
23.75,0.079767,0,-0.308008,-0.675571
23.752,0.076699,-0.00306796,-0.430605,-0.761412
23.754,0.076699,-0.00306796,-0.387545,-0.685271
23.756,0.076699,-0.00306796,-0.34879,-0.616744
23.758,0.076699,-0.00613592,-0.313911,-0.708468
23.76,0.076699,-0.00613592,-0.28252,-0.637621
23.762,0.076699,-0.00920388,-0.254268,-0.727257
23.764,0.076699,-0.00613592,-0.228841,-0.501133
23.766,0.076699,-0.00613592,-0.205957,-0.45102
23.768,0.076699,-0.00613592,-0.185361,-0.405918
23.77,0.076699,-0.00613592,-0.166825,-0.365326
23.772,0.079767,-0.00613592,0.00325536,-0.328793
23.774,0.079767,-0.00613592,0.00292982,-0.295914
23.776,0.079767,-0.00306796,0.00263684,-0.112925
23.778,0.079767,-0.00306796,0.00237316,-0.101632
23.78,0.079767,-0.00306796,0.00213584,-0.0914689
23.782,0.079767,-0.00306796,0.00192226,-0.082322
23.784,0.079767,-0.00306796,0.00173003,-0.0740898
23.786,0.079767,-0.00613592,0.00155703,-0.220079
23.788,0.079767,-0.00613592,0.00140133,-0.198071
23.79,0.076699,-0.00920388,-0.152137,-0.331662
23.792,0.0736311,-0.0122718,-0.290321,-0.451894
23.794,0.0736311,-0.0122718,-0.261289,-0.406704
23.796,0.0705631,-0.0153398,-0.388558,-0.519432
23.798,0.0674952,-0.0184078,-0.503101,-0.620887
23.8,0.0674952,-0.0214757,-0.452791,-0.712196
23.802,0.0644272,-0.0245437,-0.56091,-0.794375
23.804,0.0613592,-0.0245437,-0.658217,-0.714937
23.806,0.0613592,-0.0276117,-0.592395,-0.796842
23.808,0.0582913,-0.0306796,-0.686554,-0.870556
23.81,0.0552233,-0.0337476,-0.771296,-0.936898
23.812,0.0521553,-0.0368155,-0.847565,-0.996606
23.814,0.0521553,-0.0398835,-0.762808,-1.05034
23.816,0.0490874,-0.0429515,-0.839926,-1.09871
23.818,0.0490874,-0.0460194,-0.755933,-1.14223
23.82,0.0460194,-0.0490874,-0.833738,-1.18141
23.822,0.0429515,-0.0521553,-0.903762,-1.21667
23.824,0.0429515,-0.0552233,-0.813386,-1.2484
23.826,0.0429515,-0.0582913,-0.732047,-1.27696
23.828,0.0429515,-0.0582913,-0.658843,-1.14926
23.83,0.0429515,-0.0582913,-0.592958,-1.03433
23.832,0.0429515,-0.0613592,-0.533662,-1.0843
23.834,0.0429515,-0.0582913,-0.480296,-0.822471
23.836,0.0460194,-0.0582913,-0.278869,-0.740224
23.838,0.0460194,-0.0582913,-0.250982,-0.666202
23.84,0.0490874,-0.0582913,-0.0724854,-0.599582
23.842,0.0490874,-0.0552233,-0.0652369,-0.386225
23.844,0.0521553,-0.0552233,0.0946849,-0.347603
23.846,0.0521553,-0.0521553,0.0852164,-0.159444
23.848,0.0552233,-0.0521553,0.230093,-0.1435
23.85,0.0582913,-0.0490874,0.360482,0.0242481
23.852,0.0613592,-0.0460194,0.477832,0.175221
23.854,0.0644272,-0.0460194,0.583446,0.157699
23.856,0.0674952,-0.0398835,0.6785,0.448725
23.858,0.0736311,-0.0368155,0.917446,0.557251
23.86,0.076699,-0.0337476,0.9791,0.654924
23.862,0.079767,-0.0306796,1.03459,0.74283
23.864,0.0859029,-0.0276117,1.23793,0.821945
23.866,0.0889709,-0.0245437,1.26753,0.893148
23.868,0.0920388,-0.0214757,1.29418,0.957232
23.87,0.0951068,-0.0184078,1.31816,1.01491
23.872,0.0981748,-0.0153398,1.33974,1.06681
23.874,0.101243,-0.0153398,1.35916,0.960133
23.876,0.104311,-0.0122718,1.37664,1.01752
23.878,0.107379,-0.00920388,1.39238,1.06916
23.88,0.107379,-0.00920388,1.25314,0.962247
23.882,0.110447,-0.00920388,1.28122,0.866023
23.884,0.110447,-0.00920388,1.1531,0.77942
23.886,0.113515,-0.00920388,1.19119,0.701478
23.888,0.113515,-0.0122718,1.07207,0.477932
23.89,0.113515,-0.0122718,0.964864,0.430139
23.892,0.113515,-0.0122718,0.868377,0.387125
23.894,0.116583,-0.0122718,0.934938,0.348413
23.896,0.116583,-0.0122718,0.841444,0.313571
23.898,0.116583,-0.0122718,0.7573,0.282214
23.9,0.119651,-0.0122718,0.834968,0.253993
23.902,0.119651,-0.0153398,0.751471,0.0751955
23.904,0.122718,-0.0122718,0.829722,0.221074
23.906,0.122718,-0.0122718,0.74675,0.198967
23.908,0.125786,-0.0122718,0.825473,0.17907
23.91,0.128854,-0.0122718,0.896324,0.161163
23.912,0.131922,-0.00920388,0.960089,0.298445
23.914,0.13499,-0.00613592,1.01748,0.421998
23.916,0.138058,-0.00306796,1.06913,0.533197
23.918,0.141126,-0.00306796,1.11561,0.479877
23.92,0.144194,0,1.15745,0.585287
23.922,0.147262,0.00306796,1.1951,0.680157
23.924,0.15033,0.00306796,1.22899,0.612141
23.926,0.153398,0.00613592,1.25949,0.704325
23.928,0.156466,0.00920388,1.28694,0.787291
23.93,0.156466,0.00920388,1.15825,0.708562
23.932,0.162602,0.0122718,1.34922,0.791103
23.934,0.162602,0.0153398,1.2143,0.865391
23.936,0.16567,0.0153398,1.24626,0.778852
23.938,0.168738,0.0184078,1.27504,0.854365
23.94,0.171806,0.0184078,1.30093,0.768928
23.942,0.171806,0.0214757,1.17084,0.845434
23.944,0.174874,0.0214757,1.20715,0.76089
23.946,0.174874,0.0245437,1.08644,0.838199
23.948,0.177942,0.0245437,1.13119,0.754379
23.95,0.18101,0.0245437,1.17147,0.678941
23.952,0.18101,0.0245437,1.05432,0.611047
23.954,0.184078,0.0245437,1.10229,0.549943
23.956,0.184078,0.0245437,0.99206,0.494948
23.958,0.184078,0.0245437,0.892854,0.445454
23.96,0.184078,0.0245437,0.803568,0.400908
23.962,0.187146,0.0245437,0.87661,0.360817
23.964,0.187146,0.0245437,0.788949,0.324736
23.966,0.187146,0.0214757,0.710054,0.138864
23.968,0.187146,0.0214757,0.639048,0.124978
23.97,0.187146,0.0214757,0.575144,0.11248
23.972,0.187146,0.0184078,0.517629,-0.0521662
23.974,0.187146,0.0184078,0.465866,-0.0469496
23.976,0.187146,0.0153398,0.41928,-0.195653
23.978,0.187146,0.0153398,0.377352,-0.176087
23.98,0.184078,0.0122718,0.186218,-0.311877
23.982,0.184078,0.0122718,0.167597,-0.280689
23.984,0.184078,0.00920388,0.150837,-0.406018
23.986,0.184078,0.00613592,0.135753,-0.518815
23.988,0.184078,0.00613592,0.122178,-0.466933
23.99,0.184078,0.00306796,0.10996,-0.573638
23.992,0.18101,0.00306796,-0.054434,-0.516274
23.994,0.184078,0.00306796,0.104408,-0.464647
23.996,0.184078,0,0.0939668,-0.57158
23.998,0.18101,0,-0.068828,-0.514422
24,0.18101,0,-0.0619452,-0.46298
24.002,0.18101,0,-0.0557507,-0.416682
24.004,0.184078,0,0.103222,-0.375014
24.006,0.184078,0,0.0929002,-0.337512
24.008,0.184078,0,0.0836102,-0.303761
24.01,0.184078,0,0.0752492,-0.273385
24.012,0.184078,0,0.0677243,-0.246046
24.014,0.184078,0,0.0609518,-0.221442
24.016,0.187146,0,0.208255,-0.199298
24.018,0.187146,0,0.187429,-0.179368
24.02,0.187146,0,0.168686,-0.161431
24.022,0.187146,0,0.151818,-0.145288
24.024,0.190214,0,0.290034,-0.130759
24.026,0.190214,0,0.261031,-0.117683
24.028,0.193282,0,0.388326,-0.105915
24.03,0.193282,0.00306796,0.349493,0.0580746
24.032,0.19635,0.00306796,0.467942,0.0522672
24.034,0.199418,0.00613592,0.574546,0.200439
24.036,0.199418,0.00613592,0.517091,0.180395
24.038,0.202485,0.00613592,0.61878,0.162355
24.04,0.202485,0.00920388,0.556902,0.299518
24.042,0.205553,0.00920388,0.65461,0.269566
24.044,0.208621,0.0122718,0.742547,0.396007
24.046,0.208621,0.0122718,0.668292,0.356407
24.048,0.211689,0.0122718,0.754861,0.320766
24.05,0.211689,0.0153398,0.679375,0.442088
24.052,0.214757,0.0153398,0.764836,0.397879
24.054,0.214757,0.0153398,0.688352,0.358091
24.056,0.217825,0.0153398,0.772915,0.322282
24.058,0.217825,0.0184078,0.695623,0.443452
24.06,0.220893,0.0184078,0.779459,0.399107
24.062,0.220893,0.0184078,0.701513,0.359196
24.064,0.223961,0.0184078,0.78476,0.323276
24.066,0.223961,0.0214757,0.706284,0.444347
24.068,0.223961,0.0214757,0.635656,0.399912
24.07,0.223961,0.0214757,0.57209,0.359921
24.072,0.227029,0.0214757,0.668279,0.323929
24.074,0.227029,0.0214757,0.601451,0.291536
24.076,0.227029,0.0214757,0.541306,0.262382
24.078,0.230097,0.0214757,0.640574,0.236144
24.08,0.230097,0.0214757,0.576516,0.21253
24.082,0.230097,0.0214757,0.518865,0.191277
24.084,0.230097,0.0214757,0.466978,0.172149
24.086,0.230097,0.0214757,0.42028,0.154934
24.088,0.230097,0.0214757,0.378252,0.139441
24.09,0.230097,0.0214757,0.340427,0.125497
24.092,0.227029,0.0184078,0.152986,-0.0404511
24.094,0.227029,0.0184078,0.137688,-0.036406
24.096,0.227029,0.0153398,0.123919,-0.186163
24.098,0.227029,0.0153398,0.111527,-0.167547
24.1,0.227029,0.0153398,0.100374,-0.150792
24.102,0.223961,0.0122718,-0.0630612,-0.289111
24.104,0.223961,0.0122718,-0.0567551,-0.2602
24.106,0.223961,0.0122718,-0.0510796,-0.23418
24.108,0.223961,0.00920388,-0.0459716,-0.36416
24.11,0.223961,0.0122718,-0.0413745,-0.174346
24.112,0.223961,0.0122718,-0.037237,-0.156911
24.114,0.223961,0.00920388,-0.0335133,-0.294618
24.116,0.223961,0.00920388,-0.030162,-0.265157
24.118,0.223961,0.00613592,-0.0271458,-0.392039
24.12,0.220893,0.00613592,-0.177829,-0.352835
24.122,0.220893,0.00306796,-0.160046,-0.47095
24.124,0.220893,0.00306796,-0.144042,-0.423855
24.126,0.220893,0,-0.129638,-0.534867
24.128,0.220893,0,-0.116674,-0.481381
24.13,0.220893,0,-0.105006,-0.433243
24.132,0.220893,0,-0.0945058,-0.389918
24.134,0.220893,0,-0.0850552,-0.350926
24.136,0.220893,0,-0.0765497,-0.315834
24.138,0.220893,0,-0.0688947,-0.28425
24.14,0.220893,0,-0.0620052,-0.255825
24.142,0.220893,0,-0.0558047,-0.230243
24.144,0.220893,0,-0.0502242,-0.207219
24.146,0.220893,0,-0.0452018,-0.186497
24.148,0.220893,0,-0.0406816,-0.167847
24.15,0.220893,0,-0.0366135,-0.151062
24.152,0.220893,0,-0.0329521,-0.135956
24.154,0.220893,0,-0.0296569,-0.12236
24.156,0.220893,0,-0.0266912,-0.110124
24.158,0.220893,0,-0.0240221,-0.099112
24.16,0.220893,0,-0.0216199,-0.0892008
24.162,0.220893,0,-0.0194579,-0.0802807
24.164,0.220893,-0.00306796,-0.0175121,-0.225651
24.166,0.220893,-0.00306796,-0.0157609,-0.203086
24.168,0.220893,-0.00306796,-0.0141848,-0.182777
24.17,0.220893,-0.00306796,-0.0127663,-0.164499
24.172,0.217825,-0.00613592,-0.164888,-0.301448
24.174,0.217825,-0.00613592,-0.148399,-0.271303
24.176,0.214757,-0.00920388,-0.286957,-0.397571
24.178,0.214757,-0.0122718,-0.258261,-0.511212
24.18,0.211689,-0.0122718,-0.385833,-0.46009
24.182,0.211689,-0.0153398,-0.34725,-0.567479
24.184,0.208621,-0.0184078,-0.465923,-0.66413
24.186,0.208621,-0.0184078,-0.419331,-0.597717
24.188,0.208621,-0.0214757,-0.377398,-0.691343
24.19,0.205553,-0.0214757,-0.493056,-0.622209
24.192,0.205553,-0.0245437,-0.44375,-0.713386
24.194,0.205553,-0.0245437,-0.399375,-0.642047
24.196,0.205553,-0.0245437,-0.359438,-0.577843
24.198,0.205553,-0.0245437,-0.323494,-0.520058
24.2,0.202485,-0.0245437,-0.444543,-0.468053
24.202,0.202485,-0.0276117,-0.400088,-0.574645
24.204,0.202485,-0.0276117,-0.36008,-0.517181
24.206,0.202485,-0.0306796,-0.324072,-0.618861
24.208,0.202485,-0.0306796,-0.291664,-0.556975
24.21,0.202485,-0.0306796,-0.262498,-0.501277
24.212,0.202485,-0.0306796,-0.236248,-0.45115
24.214,0.202485,-0.0306796,-0.212623,-0.406035
24.216,0.202485,-0.0306796,-0.191361,-0.365431
24.218,0.202485,-0.0306796,-0.172225,-0.328888
24.22,0.202485,-0.0306796,-0.155002,-0.295999
24.222,0.202485,-0.0306796,-0.139502,-0.266399
24.224,0.202485,-0.0306796,-0.125552,-0.239759
24.226,0.202485,-0.0337476,-0.112997,-0.369182
24.228,0.202485,-0.0337476,-0.101697,-0.332263
24.23,0.202485,-0.0337476,-0.0915274,-0.299037
24.232,0.202485,-0.0337476,-0.0823747,-0.269133
24.234,0.202485,-0.0337476,-0.0741372,-0.24222
24.236,0.202485,-0.0368155,-0.0667235,-0.371396
24.238,0.202485,-0.0368155,-0.0600511,-0.334256
24.24,0.202485,-0.0368155,-0.054046,-0.300831
24.242,0.202485,-0.0368155,-0.0486414,-0.270748
24.244,0.202485,-0.0368155,-0.0437773,-0.243673
24.246,0.202485,-0.0368155,-0.0393995,-0.219306
24.248,0.202485,-0.0368155,-0.0354596,-0.197375
24.25,0.202485,-0.0368155,-0.0319136,-0.177638
24.252,0.205553,-0.0398835,0.124676,-0.313272
24.254,0.205553,-0.0368155,0.112208,-0.128547
24.256,0.208621,-0.0368155,0.254385,-0.115692
24.258,0.208621,-0.0368155,0.228947,-0.104123
24.26,0.211689,-0.0337476,0.35945,0.0596876
24.262,0.214757,-0.0337476,0.476903,0.0537188
24.264,0.217825,-0.0306796,0.582611,0.201745
24.266,0.220893,-0.0276117,0.677748,0.334969
24.268,0.223961,-0.0245437,0.763371,0.45487
24.27,0.223961,-0.0245437,0.687034,0.409383
24.272,0.230097,-0.0214757,0.925127,0.521843
24.274,0.233165,-0.0184078,0.986012,0.623056
24.276,0.236233,-0.0153398,1.04081,0.714149
24.278,0.239301,-0.0122718,1.09013,0.796132
24.28,0.242369,-0.0122718,1.13451,0.716519
24.282,0.245437,-0.00920388,1.17446,0.798265
24.284,0.248505,-0.00613592,1.21041,0.871837
24.286,0.251573,-0.00306796,1.24277,0.938051
24.288,0.254641,0,1.27189,0.997644
24.29,0.257709,0.00306796,1.2981,1.05128
24.292,0.257709,0.00306796,1.16829,0.94615
24.294,0.260777,0.00613592,1.20486,1.00493
24.296,0.263845,0.00613592,1.23777,0.90444
24.298,0.263845,0.00920388,1.11399,0.967394
24.3,0.266913,0.00920388,1.15599,0.870654
24.302,0.269981,0.0122718,1.19379,0.936987
24.304,0.269981,0.0122718,1.07441,0.843288
24.306,0.273049,0.0122718,1.12037,0.75896
24.308,0.273049,0.0153398,1.00833,0.836462
24.31,0.276117,0.0153398,1.0609,0.752815
24.312,0.276117,0.0153398,0.954807,0.677534
24.314,0.279185,0.0153398,1.01272,0.609781
24.316,0.279185,0.0153398,0.911452,0.548802
24.318,0.279185,0.0153398,0.820307,0.493922
24.32,0.282252,0.0153398,0.891674,0.44453
24.322,0.282252,0.0184078,0.802507,0.553475
24.324,0.282252,0.0153398,0.722256,0.34473
24.326,0.28532,0.0184078,0.803429,0.463655
24.328,0.28532,0.0184078,0.723086,0.417289
24.33,0.288388,0.0184078,0.804175,0.37556
24.332,0.288388,0.0214757,0.723758,0.491402
24.334,0.291456,0.0214757,0.80478,0.442262
24.336,0.291456,0.0214757,0.724302,0.398036
24.338,0.291456,0.0214757,0.651872,0.358232
24.34,0.294524,0.0214757,0.740083,0.322409
24.342,0.294524,0.0214757,0.666074,0.290168
24.344,0.294524,0.0214757,0.599467,0.261151
24.346,0.294524,0.0214757,0.53952,0.235036
24.348,0.294524,0.0184078,0.485568,0.0581345
24.35,0.291456,0.0184078,0.283613,0.0523211
24.352,0.291456,0.0184078,0.255252,0.0470889
24.354,0.291456,0.0153398,0.229727,-0.111018
24.356,0.288388,0.0153398,0.053356,-0.0999162
24.358,0.288388,0.0122718,0.0480204,-0.243323
24.36,0.288388,0.0122718,0.0432184,-0.21899
24.362,0.28532,0.00920388,-0.114502,-0.350489
24.364,0.28532,0.00920388,-0.103051,-0.315441
24.366,0.28532,0.00613592,-0.0927462,-0.437295
24.368,0.28532,0.00613592,-0.0834716,-0.393565
24.37,0.28532,0.00613592,-0.0751244,-0.354209
24.372,0.28532,0.00613592,-0.067612,-0.318788
24.374,0.28532,0.00613592,-0.0608508,-0.286909
24.376,0.28532,0.00613592,-0.0547657,-0.258218
24.378,0.28532,0.00613592,-0.0492892,-0.232396
24.38,0.28532,0.00613592,-0.0443602,-0.209157
24.382,0.28532,0.00613592,-0.0399242,-0.188241
24.384,0.28532,0.00613592,-0.0359318,-0.169417
24.386,0.28532,0.00613592,-0.0323386,-0.152475
24.388,0.28532,0.00306796,-0.0291048,-0.290626
24.39,0.28532,0.00306796,-0.0261943,-0.261563
24.392,0.28532,0.00306796,-0.0235748,-0.235407
24.394,0.28532,0.00306796,-0.0212174,-0.211866
24.396,0.28532,0.00306796,-0.0190956,-0.19068
24.398,0.28532,0.00306796,-0.0171861,-0.171612
24.4,0.28532,0.00306796,-0.0154675,-0.15445
24.402,0.28532,0,-0.0139207,-0.292403
24.404,0.28532,0,-0.0125286,-0.263163
24.406,0.28532,-0.00306796,-0.0112758,-0.390245
24.408,0.282252,-0.00306796,-0.163546,-0.35122
24.41,0.282252,-0.00613592,-0.147192,-0.469496
24.412,0.282252,-0.00613592,-0.132472,-0.422547
24.414,0.282252,-0.00613592,-0.119225,-0.380292
24.416,0.282252,-0.00613592,-0.107303,-0.342263
24.418,0.282252,-0.00613592,-0.0965724,-0.308037
24.42,0.282252,-0.00613592,-0.0869152,-0.277233
24.422,0.282252,-0.00613592,-0.0782237,-0.24951
24.424,0.282252,-0.00613592,-0.0704013,-0.224559
24.426,0.282252,-0.00613592,-0.0633612,-0.202103
24.428,0.282252,-0.00613592,-0.0570251,-0.181893
24.43,0.282252,-0.00613592,-0.0513226,-0.163703
24.432,0.282252,-0.00613592,-0.0461903,-0.147333
24.434,0.279185,-0.00920388,-0.194969,-0.285998
24.436,0.279185,-0.00920388,-0.175472,-0.257398
24.438,0.279185,-0.0122718,-0.157925,-0.385056
24.44,0.276117,-0.0122718,-0.295531,-0.346551
24.442,0.276117,-0.0153398,-0.265978,-0.465294
24.444,0.273049,-0.0184078,-0.392778,-0.572162
24.446,0.273049,-0.0184078,-0.3535,-0.514946
24.448,0.269981,-0.0214757,-0.471548,-0.61685
24.45,0.269981,-0.0245437,-0.424393,-0.708563
24.452,0.266913,-0.0245437,-0.535352,-0.637706
24.454,0.266913,-0.0276117,-0.481817,-0.727334
24.456,0.263845,-0.0306796,-0.587033,-0.807999
24.458,0.263845,-0.0337476,-0.52833,-0.880597
24.46,0.263845,-0.0337476,-0.475497,-0.792537
24.462,0.260777,-0.0368155,-0.581345,-0.866681
24.464,0.260777,-0.0368155,-0.523211,-0.780013
24.466,0.260777,-0.0368155,-0.47089,-0.702012
24.468,0.260777,-0.0337476,-0.423801,-0.478413
24.47,0.263845,-0.0368155,-0.228023,-0.58397
24.472,0.263845,-0.0368155,-0.20522,-0.525573
24.474,0.263845,-0.0337476,-0.184698,-0.319617
24.476,0.266913,-0.0337476,-0.0128304,-0.287656
24.478,0.266913,-0.0337476,-0.0115474,-0.25889
24.48,0.269981,-0.0306796,0.143005,-0.0796029
24.482,0.269981,-0.0306796,0.128705,-0.0716426
24.484,0.269981,-0.0306796,0.115834,-0.0644783
24.486,0.273049,-0.0306796,0.257649,-0.0580305
24.488,0.273049,-0.0276117,0.231884,0.101171
24.49,0.273049,-0.0276117,0.208696,0.0910536
24.492,0.273049,-0.0276117,0.187826,0.0819482
24.494,0.273049,-0.0306796,0.169044,-0.0796447
24.496,0.273049,-0.0306796,0.152139,-0.0716802
24.498,0.273049,-0.0306796,0.136925,-0.0645122
24.5,0.273049,-0.0306796,0.123233,-0.058061
24.502,0.273049,-0.0306796,0.110909,-0.0522549
24.504,0.276117,-0.0306796,0.253217,-0.0470294
24.506,0.276117,-0.0306796,0.227895,-0.0423265
24.508,0.276117,-0.0306796,0.205105,-0.0380938
24.51,0.279185,-0.0306796,0.337993,-0.0342844
24.512,0.279185,-0.0306796,0.304194,-0.030856
24.514,0.279185,-0.0276117,0.273774,0.125628
24.516,0.282252,-0.0276117,0.399795,0.113065
24.518,0.28532,-0.0276117,0.513214,0.101758
24.52,0.28532,-0.0245437,0.461892,0.244981
24.522,0.288388,-0.0245437,0.569101,0.220483
24.524,0.291456,-0.0214757,0.665589,0.351832
24.526,0.294524,-0.0214757,0.752428,0.316649
24.528,0.294524,-0.0184078,0.677185,0.438382
24.53,0.297592,-0.0153398,0.762865,0.547942
24.532,0.30066,-0.0153398,0.839977,0.493148
24.534,0.30066,-0.0153398,0.755979,0.443833
24.536,0.306796,-0.0122718,0.987177,0.552848
24.538,0.306796,-0.0122718,0.888459,0.497563
24.54,0.309864,-0.00920388,0.953012,0.601205
24.542,0.312932,-0.00613592,1.01111,0.694482
24.544,0.316,-0.00613592,1.0634,0.625034
24.546,0.319068,-0.00306796,1.11045,0.715929
24.548,0.322136,0,1.15281,0.797734
24.55,0.322136,0,1.03753,0.717961
24.552,0.328272,0.00306796,1.24057,0.799563
24.554,0.33134,0.00613592,1.26991,0.873004
24.556,0.334408,0.00920388,1.29632,0.939102
24.558,0.337476,0.0122718,1.32008,0.99859
24.56,0.340544,0.0153398,1.34147,1.05213
24.562,0.343612,0.0184078,1.36072,1.10031
24.564,0.34668,0.0214757,1.37805,1.14368
24.566,0.349748,0.0245437,1.39364,1.18271
24.568,0.352816,0.0276117,1.40768,1.21784
24.57,0.355884,0.0306796,1.42031,1.24945
24.572,0.358952,0.0337476,1.43167,1.27791
24.574,0.358952,0.0337476,1.28851,1.15011
24.576,0.362019,0.0337476,1.31305,1.0351
24.578,0.365087,0.0368155,1.33515,1.08499
24.58,0.365087,0.0368155,1.20163,0.976492
24.582,0.368155,0.0398835,1.23487,1.03224
24.584,0.368155,0.0398835,1.11138,0.929017
24.586,0.371223,0.0398835,1.15364,0.836115
24.588,0.371223,0.0429515,1.03828,0.905902
24.59,0.374291,0.0429515,1.08785,0.815311
24.592,0.374291,0.0460194,0.979062,0.887178
24.594,0.377359,0.0460194,1.03455,0.79846
24.596,0.380427,0.0460194,1.0845,0.718614
24.598,0.380427,0.0460194,0.976047,0.646753
24.6,0.380427,0.0460194,0.878442,0.582078
24.602,0.380427,0.0460194,0.790598,0.52387
24.604,0.383495,0.0490874,0.864936,0.624881
24.606,0.383495,0.0490874,0.778443,0.562393
24.608,0.383495,0.0490874,0.700598,0.506154
24.61,0.386563,0.0490874,0.783937,0.455538
24.612,0.386563,0.0521553,0.705543,0.563383
24.614,0.389631,0.0521553,0.788387,0.507044
24.616,0.389631,0.0521553,0.709548,0.45634
24.618,0.392699,0.0552233,0.791991,0.564104
24.62,0.395767,0.0582913,0.86619,0.661092
24.622,0.395767,0.0613592,0.779571,0.748381
24.624,0.398835,0.0613592,0.855012,0.673542
24.626,0.398835,0.0644272,0.769511,0.759586
24.628,0.401903,0.0674952,0.845958,0.837026
24.63,0.404971,0.0674952,0.91476,0.753323
24.632,0.404971,0.0705631,0.823284,0.831389
24.634,0.404971,0.0705631,0.740956,0.74825
24.636,0.408039,0.0736311,0.820258,0.826823
24.638,0.408039,0.0736311,0.738232,0.744141
24.64,0.408039,0.076699,0.664409,0.823125
24.642,0.408039,0.076699,0.597968,0.740812
24.644,0.408039,0.076699,0.538171,0.666731
24.646,0.408039,0.076699,0.484354,0.600058
24.648,0.408039,0.079767,0.435919,0.69345
24.65,0.408039,0.079767,0.392327,0.624105
24.652,0.408039,0.079767,0.353094,0.561695
24.654,0.408039,0.079767,0.317785,0.505525
24.656,0.408039,0.079767,0.286006,0.454973
24.658,0.408039,0.079767,0.257406,0.409475
24.66,0.408039,0.079767,0.231665,0.368528
24.662,0.408039,0.079767,0.208499,0.331675
24.664,0.404971,0.079767,0.0342507,0.298508
24.666,0.404971,0.079767,0.0308256,0.268657
24.668,0.401903,0.079767,-0.125655,0.241791
24.67,0.401903,0.076699,-0.113089,0.064214
24.672,0.398835,0.076699,-0.255179,0.0577926
24.674,0.395767,0.0736311,-0.383059,-0.101385
24.676,0.392699,0.0736311,-0.498151,-0.0912463
24.678,0.389631,0.0705631,-0.601734,-0.23552
24.68,0.386563,0.0674952,-0.694959,-0.365366
24.682,0.383495,0.0644272,-0.778861,-0.482227
24.684,0.380427,0.0613592,-0.854373,-0.587403
24.686,0.377359,0.0613592,-0.922334,-0.528662
24.688,0.374291,0.0582913,-0.983498,-0.629194
24.69,0.371223,0.0552233,-1.03855,-0.719673
24.692,0.365087,0.0521553,-1.24149,-0.801104
24.694,0.362019,0.0490874,-1.27074,-0.874391
24.696,0.358952,0.0460194,-1.29706,-0.94035
24.698,0.355884,0.0429515,-1.32075,-0.999713
24.7,0.349748,0.0398835,-1.49547,-1.05314
24.702,0.34668,0.0368155,-1.49933,-1.10122
24.704,0.340544,0.0337476,-1.65619,-1.1445
24.706,0.337476,0.0306796,-1.64397,-1.18345
24.708,0.334408,0.0276117,-1.63297,-1.2185
24.71,0.33134,0.0276117,-1.62307,-1.09665
24.712,0.328272,0.0245437,-1.61416,-1.14038
24.714,0.322136,0.0245437,-1.75954,-1.02635
24.716,0.319068,0.0214757,-1.73699,-1.07711
24.718,0.316,0.0214757,-1.71668,-0.969398
24.72,0.312932,0.0184078,-1.69841,-1.02586
24.722,0.309864,0.0153398,-1.68197,-1.07667
24.724,0.306796,0.0122718,-1.66717,-1.1224
24.726,0.30066,0.0122718,-1.80725,-1.01016
24.728,0.297592,0.00920388,-1.77992,-1.06254
24.73,0.294524,0.00613592,-1.75533,-1.10969
24.732,0.291456,0.00613592,-1.73319,-0.998717
24.734,0.28532,0.00306796,-1.86667,-1.05224
24.736,0.282252,0,-1.8334,-1.10042
24.738,0.279185,-0.00306796,-1.80346,-1.14377
24.74,0.276117,-0.00306796,-1.77651,-1.0294
24.742,0.269981,-0.00613592,-1.90566,-1.07985
24.744,0.263845,-0.00920388,-2.02189,-1.12527
24.746,0.260777,-0.0153398,-1.9731,-1.31954
24.748,0.254641,-0.0184078,-2.08258,-1.34098
24.75,0.248505,-0.0214757,-2.18112,-1.36028
24.752,0.245437,-0.0276117,-2.11641,-1.53105
24.754,0.239301,-0.0306796,-2.21156,-1.53134
24.756,0.233165,-0.0368155,-2.2972,-1.685
24.758,0.227029,-0.0398835,-2.37428,-1.6699
24.76,0.223961,-0.0429515,-2.29025,-1.65631
24.762,0.217825,-0.0460194,-2.36802,-1.64408
24.764,0.211689,-0.0490874,-2.43801,-1.63307
24.766,0.208621,-0.0552233,-2.34761,-1.77656
24.768,0.202485,-0.0582913,-2.41965,-1.7523
24.77,0.19635,-0.0613592,-2.48448,-1.73047
24.772,0.193282,-0.0674952,-2.38943,-1.86422
24.774,0.187146,-0.0705631,-2.45728,-1.83119
24.776,0.184078,-0.0736311,-2.36495,-1.80147
24.778,0.18101,-0.076699,-2.28185,-1.77472
24.78,0.174874,-0.079767,-2.36046,-1.75065
24.782,0.171806,-0.082835,-2.27782,-1.72898
24.784,0.168738,-0.082835,-2.20343,-1.55608
24.786,0.16567,-0.0859029,-2.13649,-1.55387
24.788,0.16567,-0.0859029,-1.92284,-1.39849
24.79,0.162602,-0.0859029,-1.88395,-1.25864
24.792,0.159534,-0.0889709,-1.84896,-1.28617
24.794,0.159534,-0.0889709,-1.66406,-1.15755
24.796,0.156466,-0.0920388,-1.65105,-1.1952
24.798,0.153398,-0.0920388,-1.63935,-1.07568
24.8,0.153398,-0.0920388,-1.47541,-0.96811
24.802,0.15033,-0.0920388,-1.48127,-0.871299
24.804,0.147262,-0.0920388,-1.48654,-0.784169
24.806,0.147262,-0.0951068,-1.33789,-0.85915
24.808,0.147262,-0.0951068,-1.2041,-0.773235
24.81,0.144194,-0.0981748,-1.23708,-0.84931
24.812,0.144194,-0.0981748,-1.11338,-0.764379
24.814,0.141126,-0.0981748,-1.15544,-0.687941
24.816,0.141126,-0.0981748,-1.03989,-0.619147
24.818,0.141126,-0.0981748,-0.935904,-0.557232
24.82,0.141126,-0.0951068,-0.842314,-0.348111
24.822,0.144194,-0.0951068,-0.604684,-0.3133
24.824,0.144194,-0.0920388,-0.544216,-0.128572
24.826,0.147262,-0.0920388,-0.336396,-0.115714
24.828,0.15033,-0.0889709,-0.149358,0.049255
24.83,0.15033,-0.082835,-0.134423,0.351126
24.832,0.156466,-0.079767,0.185816,0.469411
24.834,0.159534,-0.076699,0.320632,0.575868
24.836,0.162602,-0.0705631,0.441967,0.825078
24.838,0.16567,-0.0674952,0.551169,0.895968
24.84,0.168738,-0.0613592,0.64945,1.11317
24.842,0.171806,-0.0582913,0.737903,1.15525
24.844,0.174874,-0.0552233,0.817511,1.19312
24.846,0.18101,-0.0521553,1.04256,1.22721
24.848,0.184078,-0.0490874,1.0917,1.25788
24.85,0.187146,-0.0460194,1.13593,1.28549
24.852,0.187146,-0.0429515,1.02233,1.31034
24.854,0.190214,-0.0398835,1.0735,1.33271
24.856,0.19635,-0.0368155,1.27294,1.35283
24.858,0.19635,-0.0337476,1.14565,1.37095
24.86,0.199418,-0.0306796,1.18448,1.38725
24.862,0.202485,-0.0276117,1.21943,1.40193
24.864,0.202485,-0.0245437,1.09749,1.41513
24.866,0.205553,-0.0245437,1.14114,1.27362
24.868,0.208621,-0.0214757,1.18042,1.29965
24.87,0.208621,-0.0214757,1.06238,1.16969
24.872,0.211689,-0.0184078,1.10954,1.20612
24.874,0.211689,-0.0184078,0.998587,1.08551
24.876,0.214757,-0.0153398,1.05213,1.13035
24.878,0.217825,-0.0122718,1.10031,1.17072
24.88,0.220893,-0.0122718,1.14368,1.05364
24.882,0.220893,-0.00920388,1.02931,1.10168
24.884,0.223961,-0.00613592,1.07978,1.14491
24.886,0.227029,-0.00306796,1.1252,1.18382
24.888,0.230097,0,1.16608,1.21883
24.89,0.236233,0.00306796,1.35626,1.25035
24.892,0.239301,0.00613592,1.37404,1.27871
24.894,0.242369,0.00920388,1.39003,1.30424
24.896,0.245437,0.0153398,1.40443,1.48061
24.898,0.248505,0.0184078,1.41738,1.48595
24.9,0.251573,0.0214757,1.42904,1.49075
24.902,0.257709,0.0245437,1.59293,1.49507
24.904,0.257709,0.0276117,1.43364,1.49896
24.906,0.260777,0.0306796,1.44367,1.50247
24.908,0.263845,0.0337476,1.4527,1.50562
24.91,0.266913,0.0368155,1.46083,1.50845
24.912,0.269981,0.0398835,1.46815,1.51101
24.914,0.273049,0.0429515,1.47473,1.5133
24.916,0.273049,0.0429515,1.32726,1.36197
24.918,0.276117,0.0460194,1.34793,1.37917
24.92,0.276117,0.0490874,1.21314,1.39465
24.922,0.279185,0.0490874,1.24522,1.25519
24.924,0.279185,0.0521553,1.1207,1.28307
24.926,0.282252,0.0521553,1.16203,1.15476
24.928,0.282252,0.0552233,1.04582,1.19268
24.93,0.282252,0.0552233,0.941242,1.07342
24.932,0.282252,0.0552233,0.847118,0.966074
24.934,0.282252,0.0582913,0.762406,1.02286
24.936,0.28532,0.0582913,0.839564,0.920578
24.938,0.28532,0.0582913,0.755607,0.82852
24.94,0.28532,0.0582913,0.680046,0.745668
24.942,0.28532,0.0582913,0.612042,0.671101
24.944,0.28532,0.0613592,0.550838,0.757389
24.946,0.28532,0.0613592,0.495754,0.68165
24.948,0.28532,0.0644272,0.446179,0.766883
24.95,0.28532,0.0644272,0.401561,0.690195
24.952,0.28532,0.0644272,0.361405,0.621176
24.954,0.28532,0.0644272,0.325264,0.559058
24.956,0.282252,0.0613592,0.13934,0.349754
24.958,0.282252,0.0613592,0.125406,0.314779
24.96,0.279185,0.0582913,-0.040533,0.129903
24.962,0.276117,0.0552233,-0.189878,-0.0364856
24.964,0.276117,0.0552233,-0.17089,-0.032837
24.966,0.273049,0.0521553,-0.307199,-0.182951
24.968,0.269981,0.0490874,-0.429877,-0.318054
24.97,0.266913,0.0490874,-0.540288,-0.286249
24.972,0.263845,0.0460194,-0.639657,-0.411022
24.974,0.260777,0.0429515,-0.729089,-0.523318
24.976,0.257709,0.0398835,-0.809578,-0.624384
24.978,0.254641,0.0368155,-0.882019,-0.715344
24.98,0.251573,0.0368155,-0.947215,-0.64381
24.982,0.248505,0.0337476,-1.00589,-0.732827
24.984,0.245437,0.0306796,-1.0587,-0.812942
24.986,0.242369,0.0306796,-1.10623,-0.731648
24.988,0.242369,0.0276117,-0.995606,-0.811881
24.99,0.239301,0.0276117,-1.04944,-0.730693
24.992,0.236233,0.0276117,-1.0979,-0.657624
24.994,0.233165,0.0245437,-1.14151,-0.745259
24.996,0.233165,0.0245437,-1.02735,-0.670733
24.998,0.230097,0.0245437,-1.07802,-0.60366
25,0.227029,0.0214757,-1.12361,-0.696692
25.002,0.223961,0.0214757,-1.16465,-0.627023
25.004,0.220893,0.0184078,-1.20158,-0.717719
25.006,0.217825,0.0184078,-1.23482,-0.645947
25.008,0.217825,0.0153398,-1.11134,-0.73475
25.01,0.211689,0.0122718,-1.307,-0.814673
25.012,0.211689,0.00920388,-1.1763,-0.886604
25.014,0.208621,0.00920388,-1.21207,-0.797944
25.016,0.205553,0.00613592,-1.24426,-0.871547
25.018,0.199418,0.00613592,-1.42663,-0.784393
25.02,0.19635,0.00306796,-1.43737,-0.859351
25.022,0.193282,0,-1.44703,-0.926814
25.024,0.190214,0,-1.45572,-0.834133
25.026,0.187146,-0.00306796,-1.46355,-0.904118
25.028,0.184078,-0.00613592,-1.47059,-0.967104
25.03,0.177942,-0.00920388,-1.63033,-1.02379
25.032,0.174874,-0.0122718,-1.62069,-1.07481
25.034,0.171806,-0.0153398,-1.61202,-1.12073
25.036,0.168738,-0.0184078,-1.60422,-1.16205
25.038,0.162602,-0.0214757,-1.75059,-1.19925
25.04,0.159534,-0.0245437,-1.72893,-1.23272
25.042,0.156466,-0.0276117,-1.70944,-1.26285
25.044,0.153398,-0.0306796,-1.69189,-1.28996
25.046,0.15033,-0.0306796,-1.6761,-1.16096
25.048,0.147262,-0.0337476,-1.66189,-1.19826
25.05,0.144194,-0.0368155,-1.6491,-1.23184
25.052,0.141126,-0.0368155,-1.63759,-1.10865
25.054,0.138058,-0.0398835,-1.62723,-1.15119
25.056,0.138058,-0.0398835,-1.4645,-1.03607
25.058,0.13499,-0.0429515,-1.47145,-1.08586
25.06,0.13499,-0.0429515,-1.32431,-0.977273
25.062,0.13499,-0.0429515,-1.19187,-0.879545
25.064,0.131922,-0.0398835,-1.22609,-0.638193
25.066,0.131922,-0.0398835,-1.10348,-0.574373
25.068,0.131922,-0.0398835,-0.993129,-0.516936
25.07,0.128854,-0.0398835,-1.04721,-0.465242
25.072,0.128854,-0.0398835,-0.942493,-0.418718
25.074,0.128854,-0.0398835,-0.848244,-0.376846
25.076,0.125786,-0.0398835,-0.916817,-0.339162
25.078,0.125786,-0.0398835,-0.825136,-0.305246
25.08,0.125786,-0.0398835,-0.742622,-0.274721
25.082,0.125786,-0.0398835,-0.66836,-0.247249
25.084,0.122718,-0.0398835,-0.754922,-0.222524
25.086,0.122718,-0.0398835,-0.67943,-0.200272
25.088,0.122718,-0.0398835,-0.611487,-0.180244
25.09,0.122718,-0.0398835,-0.550338,-0.16222
25.092,0.122718,-0.0368155,-0.495304,0.00740006
25.094,0.119651,-0.0368155,-0.599172,0.00666006
25.096,0.119651,-0.0368155,-0.539255,0.00599405
25.098,0.119651,-0.0368155,-0.485329,0.00539464
25.1,0.122718,-0.0337476,-0.283398,0.158253
25.102,0.122718,-0.0337476,-0.255058,0.142428
25.104,0.122718,-0.0337476,-0.229553,0.128185
25.106,0.122718,-0.0306796,-0.206597,0.268765
25.108,0.122718,-0.0306796,-0.185938,0.241888
25.11,0.122718,-0.0276117,-0.167344,0.371097
25.112,0.122718,-0.0276117,-0.150609,0.333988
25.114,0.125786,-0.0245437,0.0178496,0.453987
25.116,0.125786,-0.0245437,0.0160646,0.408588
25.118,0.125786,-0.0245437,0.0144581,0.36773
25.12,0.122718,-0.0245437,-0.140386,0.330957
25.122,0.122718,-0.0245437,-0.126347,0.297861
25.124,0.122718,-0.0245437,-0.113712,0.268075
25.126,0.122718,-0.0245437,-0.102341,0.241267
25.128,0.122718,-0.0245437,-0.0921071,0.217141
25.13,0.119651,-0.0245437,-0.236294,0.195427
25.132,0.119651,-0.0276117,-0.212665,0.0224858
25.134,0.116583,-0.0276117,-0.344797,0.0202372
25.136,0.116583,-0.0276117,-0.310317,0.0182135
25.138,0.116583,-0.0276117,-0.279285,0.0163922
25.14,0.113515,-0.0276117,-0.404755,0.0147529
25.142,0.113515,-0.0306796,-0.364279,-0.14012
25.144,0.110447,-0.0306796,-0.481249,-0.126108
25.146,0.110447,-0.0306796,-0.433125,-0.113498
25.148,0.107379,-0.0337476,-0.54321,-0.255546
25.15,0.104311,-0.0337476,-0.642287,-0.229991
25.152,0.104311,-0.0368155,-0.578058,-0.36039
25.154,0.101243,-0.0368155,-0.673651,-0.324351
25.156,0.101243,-0.0398835,-0.606286,-0.445314
25.158,0.101243,-0.0398835,-0.545657,-0.400783
25.16,0.0981748,-0.0429515,-0.644489,-0.514103
25.162,0.0981748,-0.0429515,-0.580041,-0.462692
25.164,0.0981748,-0.0398835,-0.522036,-0.263025
25.166,0.101243,-0.0398835,-0.316435,-0.236722
25.168,0.101243,-0.0398835,-0.284791,-0.21305
25.17,0.101243,-0.0368155,-0.256312,-0.0383471
25.172,0.104311,-0.0337476,-0.0772828,0.118886
25.174,0.107379,-0.0306796,0.0838435,0.260395
25.176,0.107379,-0.0276117,0.0754592,0.387754
25.178,0.110447,-0.0245437,0.221311,0.502376
25.18,0.113515,-0.0245437,0.352578,0.452139
25.182,0.113515,-0.0214757,0.31732,0.560323
25.184,0.116583,-0.0184078,0.438986,0.657689
25.186,0.119651,-0.0153398,0.548486,0.745318
25.188,0.122718,-0.0122718,0.647035,0.824184
25.19,0.122718,-0.00920388,0.582332,0.895164
25.192,0.125786,-0.00920388,0.677497,0.805648
25.194,0.128854,-0.00613592,0.763145,0.878481
25.196,0.128854,-0.00306796,0.686831,0.944031
25.198,0.131922,0,0.771546,1.00303
25.2,0.13499,0.00306796,0.847789,1.05612
25.202,0.13499,0.00613592,0.76301,1.10391
25.204,0.138058,0.00613592,0.840107,0.993517
25.206,0.138058,0.00920388,0.756097,1.04756
25.208,0.141126,0.0122718,0.833885,1.0962
25.21,0.141126,0.0122718,0.750496,0.986584
25.212,0.144194,0.0153398,0.828845,1.04132
25.214,0.144194,0.0153398,0.74596,0.937192
25.216,0.147262,0.0153398,0.824762,0.843472
25.218,0.147262,0.0184078,0.742286,0.912523
25.22,0.147262,0.0214757,0.668058,0.974669
25.222,0.15033,0.0214757,0.75465,0.877202
25.224,0.15033,0.0245437,0.679185,0.94288
25.226,0.15033,0.0245437,0.611266,0.848592
25.228,0.15033,0.0245437,0.55014,0.763733
25.23,0.15033,0.0245437,0.495126,0.687359
25.232,0.15033,0.0245437,0.445613,0.618624
25.234,0.147262,0.0245437,0.247654,0.556761
25.236,0.147262,0.0214757,0.222888,0.347687
25.238,0.147262,0.0214757,0.2006,0.312918
25.24,0.147262,0.0184078,0.18054,0.128228
25.242,0.147262,0.0184078,0.162486,0.115406
25.244,0.147262,0.0214757,0.146237,0.257263
25.246,0.147262,0.0214757,0.131613,0.231537
25.248,0.147262,0.0214757,0.118452,0.208383
25.25,0.147262,0.0214757,0.106607,0.187545
25.252,0.147262,0.0245437,0.0959462,0.322188
25.254,0.147262,0.0245437,0.0863516,0.28997
25.256,0.147262,0.0245437,0.0777164,0.260973
25.258,0.147262,0.0276117,0.0699448,0.388273
25.26,0.147262,0.0276117,0.0629503,0.349446
25.262,0.147262,0.0276117,0.0566553,0.314501
25.264,0.147262,0.0276117,0.0509897,0.283051
25.266,0.147262,0.0276117,0.0458908,0.254746
25.268,0.147262,0.0276117,0.0413017,0.229272
25.27,0.147262,0.0276117,0.0371715,0.206344
25.272,0.144194,0.0276117,-0.119944,0.18571
25.274,0.144194,0.0276117,-0.107949,0.167139
25.276,0.144194,0.0276117,-0.0971544,0.150425
25.278,0.141126,0.0276117,-0.240837,0.135383
25.28,0.141126,0.0276117,-0.216753,0.121844
25.282,0.141126,0.0276117,-0.195078,0.10966
25.284,0.141126,0.0276117,-0.17557,0.0986939
25.286,0.141126,0.0276117,-0.158013,0.0888245
25.288,0.138058,0.0276117,-0.29561,0.0799421
25.29,0.138058,0.0306796,-0.266049,0.225346
25.292,0.138058,0.0306796,-0.239444,0.202811
25.294,0.138058,0.0306796,-0.2155,0.18253
25.296,0.138058,0.0306796,-0.19395,0.164277
25.298,0.138058,0.0306796,-0.174555,0.147849
25.3,0.138058,0.0306796,-0.157099,0.133065
25.302,0.138058,0.0337476,-0.141389,0.273156
25.304,0.138058,0.0337476,-0.12725,0.245841
25.306,0.13499,0.0337476,-0.267923,0.221256
25.308,0.13499,0.0306796,-0.241131,0.0457327
25.31,0.131922,0.0306796,-0.370416,0.0411595
25.312,0.131922,0.0306796,-0.333374,0.0370435
25.314,0.128854,0.0306796,-0.453435,0.0333392
25.316,0.128854,0.0276117,-0.408092,-0.123393
25.318,0.125786,0.0276117,-0.52068,-0.111054
25.32,0.125786,0.0276117,-0.468612,-0.0999482
25.322,0.122718,0.0245437,-0.575149,-0.243351
25.324,0.122718,0.0245437,-0.517634,-0.219016
25.326,0.119651,0.0245437,-0.619269,-0.197115
25.328,0.116583,0.0245437,-0.71074,-0.177403
25.33,0.116583,0.0245437,-0.639666,-0.159663
25.332,0.113515,0.0214757,-0.729098,-0.297095
25.334,0.113515,0.0214757,-0.656188,-0.267385
25.336,0.113515,0.0214757,-0.590569,-0.240647
25.338,0.110447,0.0214757,-0.68491,-0.216582
25.34,0.110447,0.0214757,-0.616419,-0.194924
25.342,0.107379,0.0214757,-0.708175,-0.175431
25.344,0.107379,0.0214757,-0.637358,-0.157888
25.346,0.104311,0.0214757,-0.72702,-0.142099
25.348,0.104311,0.0214757,-0.654318,-0.12789
25.35,0.104311,0.0214757,-0.588886,-0.115101
25.352,0.101243,0.0214757,-0.683396,-0.103591
25.354,0.101243,0.0214757,-0.615056,-0.0932315
25.356,0.101243,0.0214757,-0.553551,-0.0839083
25.358,0.0981748,0.0214757,-0.651594,-0.0755175
25.36,0.0981748,0.0214757,-0.586434,-0.0679657
25.362,0.0951068,0.0214757,-0.681189,-0.0611692
25.364,0.0920388,0.0214757,-0.766468,-0.0550522
25.366,0.0889709,0.0214757,-0.843219,-0.049547
25.368,0.0859029,0.0184078,-0.912295,-0.19799
25.37,0.0859029,0.0153398,-0.821066,-0.331589
25.372,0.082835,0.0153398,-0.892357,-0.29843
25.374,0.076699,0.0122718,-1.10992,-0.421986
25.376,0.076699,0.00920388,-0.998926,-0.533185
25.378,0.0736311,0.00920388,-1.05243,-0.479867
25.38,0.0705631,0.00613592,-1.10059,-0.585278
25.382,0.0674952,0.00613592,-1.14393,-0.52675
25.384,0.0644272,0.00306796,-1.18293,-0.627473
25.386,0.0644272,0.00306796,-1.06464,-0.564726
25.388,0.0613592,0.00306796,-1.11157,-0.508253
25.39,0.0582913,0,-1.15381,-0.610826
25.392,0.0582913,0.00306796,-1.03843,-0.396345
25.394,0.0582913,0.00306796,-0.934589,-0.356711
25.396,0.0552233,0.00306796,-0.994528,-0.32104
25.398,0.0521553,0.00306796,-1.04847,-0.288936
25.4,0.0521553,0.00306796,-0.943626,-0.260042
25.402,0.0490874,0.00306796,-1.00266,-0.234038
25.404,0.0460194,0,-1.05579,-0.364032
25.406,0.0429515,0,-1.10361,-0.327629
25.408,0.0398835,-0.00306796,-1.14665,-0.448264
25.41,0.0368155,-0.00613592,-1.18538,-0.556836
25.412,0.0337476,-0.00920388,-1.22024,-0.65455
25.414,0.0276117,-0.0122718,-1.40501,-0.742493
25.416,0.0245437,-0.0122718,-1.41791,-0.668244
25.418,0.0214757,-0.0153398,-1.42952,-0.754818
25.42,0.0153398,-0.0184078,-1.59336,-0.832734
25.422,0.0122718,-0.0214757,-1.58742,-0.902859
25.424,0.00920388,-0.0245437,-1.58208,-0.965971
25.426,0.00306796,-0.0276117,-1.73067,-1.02277
25.428,0.00306796,-0.0306796,-1.5576,-1.07389
25.43,-0,-0.0337476,-1.55524,-1.1199
25.432,-0.00613592,-0.0368155,-1.70651,-1.16131
25.434,-0.00920388,-0.0368155,-1.68926,-1.04518
25.436,-0.00920388,-0.0368155,-1.52033,-0.940661
25.438,-0.0122718,-0.0398835,-1.5217,-0.999993
25.44,-0.0153398,-0.0398835,-1.52293,-0.899993
25.442,-0.0184078,-0.0398835,-1.52403,-0.809994
25.444,-0.0214757,-0.0429515,-1.52503,-0.882393
25.446,-0.0214757,-0.0429515,-1.37252,-0.794153
25.448,-0.0245437,-0.0429515,-1.38867,-0.714738
25.45,-0.0245437,-0.0460194,-1.2498,-0.796662
25.452,-0.0276117,-0.0460194,-1.27822,-0.716996
25.454,-0.0276117,-0.0460194,-1.1504,-0.645297
25.456,-0.0306796,-0.0460194,-1.18876,-0.580767
25.458,-0.0337476,-0.0460194,-1.22328,-0.52269
25.46,-0.0337476,-0.0490874,-1.10095,-0.623819
25.462,-0.0368155,-0.0490874,-1.14425,-0.561437
25.464,-0.0398835,-0.0490874,-1.18323,-0.505294
25.466,-0.0398835,-0.0521553,-1.0649,-0.608162
25.468,-0.0429515,-0.0521553,-1.11181,-0.547346
25.47,-0.0460194,-0.0552233,-1.15403,-0.64601
25.472,-0.0490874,-0.0552233,-1.19202,-0.581409
25.474,-0.0490874,-0.0582913,-1.07282,-0.676666
25.476,-0.0521553,-0.0582913,-1.11894,-0.608999
25.478,-0.0521553,-0.0613592,-1.00704,-0.701497
25.48,-0.0552233,-0.0613592,-1.05974,-0.631348
25.482,-0.0552233,-0.0613592,-0.953764,-0.568213
25.484,-0.0582913,-0.0613592,-1.01179,-0.511392
25.486,-0.0582913,-0.0613592,-0.910607,-0.460252
25.488,-0.0582913,-0.0613592,-0.819546,-0.414227
25.49,-0.0582913,-0.0582913,-0.737591,-0.219406
25.492,-0.0582913,-0.0582913,-0.663832,-0.197466
25.494,-0.0582913,-0.0582913,-0.597449,-0.177719
25.496,-0.0582913,-0.0552233,-0.537704,-0.00654919
25.498,-0.0582913,-0.0552233,-0.483934,-0.00589427
25.5,-0.0582913,-0.0552233,-0.43554,-0.00530484
25.502,-0.0582913,-0.0521553,-0.391986,0.148624
25.504,-0.0552233,-0.0521553,-0.19939,0.133761
25.506,-0.0552233,-0.0521553,-0.179451,0.120385
25.508,-0.0552233,-0.0490874,-0.161506,0.261745
25.51,-0.0552233,-0.0490874,-0.145355,0.23557
25.512,-0.0552233,-0.0490874,-0.13082,0.212013
25.514,-0.0552233,-0.0490874,-0.117738,0.190812
25.516,-0.0552233,-0.0460194,-0.105964,0.325129
25.518,-0.0521553,-0.0460194,0.0580306,0.292616
25.52,-0.0521553,-0.0460194,0.0522276,0.263354
25.522,-0.0521553,-0.0460194,0.0470048,0.237019
25.524,-0.0521553,-0.0460194,0.0423043,0.213317
25.526,-0.0521553,-0.0429515,0.0380739,0.345383
25.528,-0.0521553,-0.0429515,0.0342665,0.310845
25.53,-0.0521553,-0.0429515,0.0308399,0.279761
25.532,-0.0490874,-0.0398835,0.181154,0.405183
25.534,-0.0490874,-0.0398835,0.163039,0.364664
25.536,-0.0490874,-0.0398835,0.146735,0.328198
25.538,-0.0490874,-0.0368155,0.132061,0.448776
25.54,-0.0490874,-0.0368155,0.118855,0.403899
25.542,-0.0460194,-0.0368155,0.260368,0.363509
25.544,-0.0460194,-0.0337476,0.234331,0.480556
25.546,-0.0460194,-0.0337476,0.210898,0.4325
25.548,-0.0429515,-0.0337476,0.343206,0.38925
25.55,-0.0429515,-0.0306796,0.308886,0.503723
25.552,-0.0398835,-0.0276117,0.431395,0.606749
25.554,-0.0398835,-0.0276117,0.388256,0.546074
25.556,-0.0368155,-0.0245437,0.502828,0.644865
25.558,-0.0368155,-0.0245437,0.452545,0.580378
25.56,-0.0337476,-0.0214757,0.560689,0.675739
25.562,-0.0337476,-0.0214757,0.50462,0.608165
25.564,-0.0337476,-0.0214757,0.454158,0.547348
25.566,-0.0337476,-0.0184078,0.408742,0.646012
25.568,-0.0306796,-0.0184078,0.521266,0.58141
25.57,-0.0306796,-0.0184078,0.469139,0.523269
25.572,-0.0306796,-0.0153398,0.422225,0.62434
25.574,-0.0276117,-0.0153398,0.533401,0.561906
25.576,-0.0306796,-0.0153398,0.326663,0.505716
25.578,-0.0276117,-0.0153398,0.447395,0.455144
25.58,-0.0276117,-0.0153398,0.402655,0.40963
25.582,-0.0276117,-0.0153398,0.36239,0.368667
25.584,-0.0245437,-0.0122718,0.479549,0.485198
25.586,-0.0245437,-0.0122718,0.431594,0.436678
25.588,-0.0245437,-0.0122718,0.388434,0.393011
25.59,-0.0214757,-0.00920388,0.502989,0.507108
25.592,-0.0214757,-0.00920388,0.45269,0.456397
25.594,-0.0214757,-0.00920388,0.407421,0.410757
25.596,-0.0214757,-0.00613592,0.366679,0.523079
25.598,-0.0184078,-0.00613592,0.483409,0.470772
25.6,-0.0184078,-0.00613592,0.435068,0.423694
25.602,-0.0184078,-0.00613592,0.391561,0.381325
25.604,-0.0153398,-0.00306796,0.505803,0.496591
25.606,-0.0153398,-0.00306796,0.455223,0.446931
25.608,-0.0122718,0,0.563099,0.555636
25.61,-0.00920388,0,0.660187,0.500073
25.612,-0.00920388,0.00306796,0.594168,0.603464
25.614,-0.00613592,0.00613592,0.68815,0.696515
25.616,-0.00306796,0.00920388,0.772733,0.780262
25.618,-0,0.0122718,0.848858,0.855634
25.62,-0,0.0122718,0.763972,0.77007
25.622,0.00306796,0.0153398,0.840973,0.846461
25.624,0.00613592,0.0184078,0.910273,0.915213
25.626,0.00613592,0.0214757,0.819246,0.97709
25.628,0.00920388,0.0245437,0.89072,1.03278
25.63,0.0122718,0.0245437,0.955046,0.929501
25.632,0.0153398,0.0276117,1.01294,0.989949
25.634,0.0153398,0.0306796,0.911645,1.04435
25.636,0.0184078,0.0337476,0.973879,1.09332
25.638,0.0184078,0.0337476,0.876491,0.983984
25.64,0.0214757,0.0368155,0.94224,1.03898
25.642,0.0214757,0.0368155,0.848016,0.935085
25.644,0.0245437,0.0398835,0.916612,0.994975
25.646,0.0245437,0.0398835,0.824951,0.895477
25.648,0.0245437,0.0398835,0.742456,0.805929
25.65,0.0245437,0.0429515,0.66821,0.878735
25.652,0.0276117,0.0429515,0.754787,0.790861
25.654,0.0276117,0.0429515,0.679309,0.711775
25.656,0.0276117,0.0460194,0.611378,0.793996
25.658,0.0276117,0.0460194,0.55024,0.714596
25.66,0.0306796,0.0490874,0.648614,0.796535
25.662,0.0306796,0.0490874,0.583753,0.716881
25.664,0.0337476,0.0490874,0.678776,0.645193
25.666,0.0337476,0.0521553,0.610898,0.734072
25.668,0.0337476,0.0521553,0.549808,0.660665
25.67,0.0368155,0.0552233,0.648225,0.747996
25.672,0.0368155,0.0552233,0.583403,0.673197
25.674,0.0368155,0.0582913,0.525063,0.759275
25.676,0.0368155,0.0582913,0.472556,0.683347
25.678,0.0368155,0.0613592,0.425301,0.768411
25.68,0.0368155,0.0613592,0.382771,0.69157
25.682,0.0368155,0.0613592,0.344494,0.622413
25.684,0.0368155,0.0613592,0.310044,0.560171
25.686,0.0368155,0.0613592,0.27904,0.504154
25.688,0.0337476,0.0582913,0.0977377,0.300341
25.69,0.0337476,0.0582913,0.087964,0.270307
25.692,0.0306796,0.0582913,-0.0742305,0.243276
25.694,0.0306796,0.0552233,-0.0668075,0.0655504
25.696,0.0276117,0.0552233,-0.213525,0.0589953
25.698,0.0245437,0.0521553,-0.34557,-0.100302
25.7,0.0245437,0.0521553,-0.311013,-0.090272
25.702,0.0214757,0.0490874,-0.43331,-0.234643
25.704,0.0184078,0.0490874,-0.543377,-0.211179
25.706,0.0153398,0.0490874,-0.642438,-0.190061
25.708,0.0153398,0.0460194,-0.578194,-0.324453
25.71,0.00920388,0.0460194,-0.827171,-0.292007
25.712,0.00613592,0.0429515,-0.897852,-0.416205
25.714,0.00306796,0.0368155,-0.961464,-0.68138
25.716,-0.00306796,0.0337476,-1.17211,-0.766641
25.718,-0.00613592,0.0306796,-1.2083,-0.843375
25.72,-0.0122718,0.0245437,-1.39427,-1.06583
25.722,-0.0153398,0.0214757,-1.40824,-1.11265
25.724,-0.0214757,0.0184078,-1.57421,-1.15478
25.726,-0.0245437,0.0122718,-1.57019,-1.3461
25.728,-0.0276117,0.00920388,-1.56657,-1.36489
25.73,-0.0337476,0.00613592,-1.71671,-1.3818
25.732,-0.0368155,0.00613592,-1.69843,-1.24362
25.734,-0.0398835,0.00306796,-1.68199,-1.27265
25.736,-0.0429515,0,-1.66719,-1.29879
25.738,-0.0429515,0,-1.50047,-1.16891
25.74,-0.0460194,-0.00306796,-1.50382,-1.20541
25.742,-0.0490874,-0.00306796,-1.50684,-1.08487
25.744,-0.0521553,-0.00306796,-1.50955,-0.976386
25.746,-0.0552233,-0.00613592,-1.51199,-1.03215
25.748,-0.0582913,-0.00613592,-1.51419,-0.928931
25.75,-0.0613592,-0.00920388,-1.51617,-0.989436
25.752,-0.0644272,-0.0122718,-1.51795,-1.04389
25.754,-0.0674952,-0.0153398,-1.51956,-1.0929
25.756,-0.0705631,-0.0153398,-1.521,-0.98361
25.758,-0.0736311,-0.0184078,-1.5223,-1.03865
25.76,-0.079767,-0.0214757,-1.67686,-1.08818
25.762,-0.082835,-0.0245437,-1.66257,-1.13276
25.764,-0.0859029,-0.0276117,-1.64971,-1.17288
25.766,-0.0889709,-0.0306796,-1.63814,-1.20899
25.768,-0.0951068,-0.0337476,-1.78112,-1.24149
25.77,-0.0981748,-0.0368155,-1.75641,-1.27074
25.772,-0.104311,-0.0398835,-1.88756,-1.29706
25.774,-0.107379,-0.0429515,-1.85221,-1.32076
25.776,-0.113515,-0.0490874,-1.97378,-1.49548
25.778,-0.116583,-0.0521553,-1.9298,-1.49933
25.78,-0.122718,-0.0552233,-2.04362,-1.50279
25.782,-0.125786,-0.0582913,-1.99265,-1.50591
25.784,-0.131922,-0.0644272,-2.10018,-1.66212
25.786,-0.13499,-0.0674952,-2.04356,-1.6493
25.788,-0.138058,-0.0705631,-1.99261,-1.63777
25.79,-0.141126,-0.0736311,-1.94674,-1.62739
25.792,-0.144194,-0.076699,-1.90547,-1.61805
25.794,-0.144194,-0.079767,-1.71492,-1.60964
25.796,-0.147262,-0.079767,-1.69683,-1.44868
25.798,-0.15033,-0.082835,-1.68054,-1.45721
25.8,-0.15033,-0.082835,-1.51249,-1.31149
25.802,-0.15033,-0.082835,-1.36124,-1.18034
25.804,-0.153398,-0.082835,-1.37851,-1.06231
25.806,-0.153398,-0.082835,-1.24066,-0.956075
25.808,-0.153398,-0.079767,-1.1166,-0.707069
25.81,-0.153398,-0.079767,-1.00494,-0.636362
25.812,-0.153398,-0.079767,-0.904442,-0.572726
25.814,-0.153398,-0.079767,-0.813998,-0.515454
25.816,-0.153398,-0.076699,-0.732598,-0.31051
25.818,-0.15033,-0.076699,-0.50594,-0.279459
25.82,-0.15033,-0.076699,-0.455346,-0.251513
25.822,-0.15033,-0.076699,-0.409812,-0.226362
25.824,-0.15033,-0.0736311,-0.368831,-0.0503276
25.826,-0.15033,-0.0736311,-0.331948,-0.0452949
25.828,-0.147262,-0.0736311,-0.145355,-0.0407654
25.83,-0.147262,-0.0705631,-0.130819,0.116709
25.832,-0.147262,-0.0705631,-0.117737,0.105038
25.834,-0.147262,-0.0705631,-0.105964,0.0945345
25.836,-0.144194,-0.0705631,0.0580309,0.085081
25.838,-0.144194,-0.0674952,0.0522278,0.229971
25.84,-0.144194,-0.0674952,0.047005,0.206974
25.842,-0.144194,-0.0674952,0.0423045,0.186277
25.844,-0.144194,-0.0674952,0.038074,0.167649
25.846,-0.144194,-0.0644272,0.0342666,0.304282
25.848,-0.144194,-0.0674952,0.03084,0.120456
25.85,-0.144194,-0.0674952,0.027756,0.10841
25.852,-0.144194,-0.0674952,0.0249804,0.0975692
25.854,-0.144194,-0.0674952,0.0224823,0.0878123
25.856,-0.144194,-0.0674952,0.0202341,0.079031
25.858,-0.144194,-0.0674952,0.0182107,0.0711279
25.86,-0.141126,-0.0674952,0.169788,0.0640151
25.862,-0.141126,-0.0674952,0.152809,0.0576136
25.864,-0.141126,-0.0674952,0.137528,0.0518523
25.866,-0.138058,-0.0674952,0.277173,0.046667
25.868,-0.138058,-0.0674952,0.249456,0.0420003
25.87,-0.13499,-0.0644272,0.377908,0.191198
25.872,-0.131922,-0.0644272,0.493516,0.172079
25.874,-0.131922,-0.0613592,0.444164,0.308269
25.876,-0.125786,-0.0582913,0.706544,0.43084
25.878,-0.122718,-0.0552233,0.789288,0.541154
25.88,-0.119651,-0.0521553,0.863757,0.640437
25.882,-0.116583,-0.0490874,0.930779,0.729791
25.884,-0.110447,-0.0429515,1.1445,0.963608
25.886,-0.107379,-0.0398835,1.18345,1.02065
25.888,-0.101243,-0.0368155,1.3719,1.07198
25.89,-0.0981748,-0.0306796,1.38811,1.27158
25.892,-0.0951068,-0.0276117,1.40269,1.29782
25.894,-0.0889709,-0.0245437,1.56922,1.32143
25.896,-0.0859029,-0.0184078,1.5657,1.49609
25.898,-0.079767,-0.0153398,1.71592,1.49988
25.9,-0.076699,-0.0122718,1.69773,1.50329
25.902,-0.0705631,-0.00613592,1.83475,1.65975
25.904,-0.0674952,-0.00306796,1.80467,1.64718
25.906,-0.0613592,0,1.931,1.63586
25.908,-0.0582913,0.00613592,1.8913,1.77907
25.91,-0.0552233,0.00920388,1.85557,1.75456
25.912,-0.0490874,0.0122718,1.97681,1.7325
25.914,-0.0460194,0.0153398,1.93253,1.71265
25.916,-0.0429515,0.0184078,1.89267,1.69478
25.918,-0.0368155,0.0214757,2.0102,1.6787
25.92,-0.0337476,0.0245437,1.96258,1.66423
25.922,-0.0306796,0.0306796,1.91972,1.8046
25.924,-0.0276117,0.0337476,1.88114,1.77754
25.926,-0.0214757,0.0368155,1.99983,1.75318
25.928,-0.0214757,0.0368155,1.79984,1.57787
25.93,-0.0184078,0.0398835,1.77326,1.57348
25.932,-0.0153398,0.0398835,1.74933,1.41613
25.934,-0.0122718,0.0429515,1.72779,1.42792
25.936,-0.0122718,0.0429515,1.55502,1.28512
25.938,-0.00920388,0.0429515,1.55291,1.15661
25.94,-0.00920388,0.0429515,1.39762,1.04095
25.942,-0.00613592,0.0429515,1.41126,0.936855
25.944,-0.00613592,0.0460194,1.27013,0.996568
25.946,-0.00613592,0.0460194,1.14312,0.896911
25.948,-0.00306796,0.0460194,1.1822,0.80722
25.95,-0.00306796,0.0460194,1.06398,0.726498
25.952,-0,0.0460194,1.11098,0.653848
25.954,-0,0.0490874,0.999885,0.741861
25.956,-0,0.0490874,0.899897,0.667675
25.958,0.00306796,0.0490874,0.963305,0.600908
25.96,0.00306796,0.0490874,0.866975,0.540817
25.962,0.00306796,0.0521553,0.780277,0.640133
25.964,0.00306796,0.0521553,0.702249,0.57612
25.966,0.00613592,0.0521553,0.785423,0.518508
25.968,0.00613592,0.0521553,0.70688,0.466657
25.97,0.00920388,0.0552233,0.78959,0.57339
25.972,0.00920388,0.0552233,0.710631,0.516051
25.974,0.00920388,0.0552233,0.639568,0.464446
25.976,0.00920388,0.0552233,0.575611,0.418001
25.978,0.0122718,0.0582913,0.671448,0.529599
25.98,0.0122718,0.0582913,0.604303,0.476639
25.982,0.0122718,0.0582913,0.543873,0.428975
25.984,0.0122718,0.0582913,0.489486,0.386078
25.986,0.0122718,0.0582913,0.440537,0.34747
25.988,0.0122718,0.0582913,0.396484,0.312723
25.99,0.0153398,0.0613592,0.510233,0.434849
25.992,0.0153398,0.0613592,0.45921,0.391364
25.994,0.0153398,0.0613592,0.413289,0.352227
25.996,0.0153398,0.0644272,0.37196,0.470403
25.998,0.0153398,0.0644272,0.334764,0.423362
26,0.0153398,0.0644272,0.301288,0.381026
26.002,0.0153398,0.0644272,0.271159,0.342924
26.004,0.0153398,0.0644272,0.244043,0.308631
26.006,0.0153398,0.0644272,0.219639,0.277768
26.008,0.0153398,0.0644272,0.197675,0.249991
26.01,0.0153398,0.0644272,0.177907,0.224992
26.012,0.0153398,0.0644272,0.160117,0.202493
26.014,0.0122718,0.0644272,-0.00929314,0.182244
26.016,0.0122718,0.0613592,-0.00836383,0.0106212
26.018,0.00920388,0.0613592,-0.160926,0.0095591
26.02,0.00613592,0.0582913,-0.298231,-0.144795
26.022,0.00613592,0.0552233,-0.268408,-0.283713
26.024,0.00306796,0.0552233,-0.394965,-0.255342
26.026,-0,0.0521553,-0.508867,-0.383206
26.028,-0,0.0490874,-0.45798,-0.498283
26.03,-0.00613592,0.0490874,-0.718978,-0.448455
26.032,-0.00920388,0.0460194,-0.800479,-0.557008
26.034,-0.00920388,0.0460194,-0.720431,-0.501307
26.036,-0.0122718,0.0429515,-0.801786,-0.604574
26.038,-0.0184078,0.0398835,-1.0284,-0.697515
26.04,-0.0214757,0.0368155,-1.07896,-0.781162
26.042,-0.0245437,0.0337476,-1.12446,-0.856443
26.044,-0.0306796,0.0276117,-1.31881,-1.0776
26.046,-0.0337476,0.0245437,-1.34033,-1.12323
26.048,-0.0398835,0.0214757,-1.51309,-1.16431
26.05,-0.0429515,0.0153398,-1.51518,-1.35467
26.052,-0.0460194,0.0122718,-1.51706,-1.3726
26.054,-0.0521553,0.00920388,-1.67215,-1.38874
26.056,-0.0552233,0.00613592,-1.65833,-1.40327
26.058,-0.0582913,0.00306796,-1.6459,-1.41634
26.06,-0.0613592,0,-1.63471,-1.4281
26.062,-0.0644272,-0.00306796,-1.62463,-1.43869
26.064,-0.0674952,-0.00613592,-1.61557,-1.44822
26.066,-0.0705631,-0.00613592,-1.60741,-1.3034
26.068,-0.0736311,-0.00920388,-1.60007,-1.32646
26.07,-0.076699,-0.00920388,-1.59346,-1.19381
26.072,-0.079767,-0.0122718,-1.58751,-1.22783
26.074,-0.082835,-0.0122718,-1.58216,-1.10504
26.076,-0.082835,-0.0153398,-1.42394,-1.14794
26.078,-0.082835,-0.0153398,-1.28155,-1.03314
26.08,-0.0859029,-0.0153398,-1.30679,-0.92983
26.082,-0.0859029,-0.0153398,-1.17611,-0.836847
26.084,-0.0889709,-0.0153398,-1.2119,-0.753162
26.086,-0.0889709,-0.0153398,-1.09071,-0.677846
26.088,-0.0920388,-0.0184078,-1.13504,-0.763459
26.09,-0.0951068,-0.0184078,-1.17493,-0.687113
26.092,-0.0951068,-0.0184078,-1.05744,-0.618402
26.094,-0.0981748,-0.0214757,-1.10509,-0.70996
26.096,-0.0981748,-0.0214757,-0.994583,-0.638964
26.098,-0.101243,-0.0245437,-1.04852,-0.728466
26.1,-0.104311,-0.0245437,-1.09707,-0.655619
26.102,-0.107379,-0.0276117,-1.14076,-0.743455
26.104,-0.107379,-0.0276117,-1.02668,-0.66911
26.106,-0.110447,-0.0306796,-1.07741,-0.755597
26.108,-0.113515,-0.0306796,-1.12307,-0.680037
26.11,-0.113515,-0.0337476,-1.01076,-0.765431
26.112,-0.116583,-0.0337476,-1.06308,-0.688888
26.114,-0.116583,-0.0337476,-0.956776,-0.62
26.116,-0.119651,-0.0337476,-1.0145,-0.558
26.118,-0.119651,-0.0337476,-0.913047,-0.5022
26.12,-0.119651,-0.0337476,-0.821742,-0.45198
26.122,-0.119651,-0.0337476,-0.739568,-0.406782
26.124,-0.119651,-0.0337476,-0.665611,-0.366104
26.126,-0.122718,-0.0337476,-0.752448,-0.329493
26.128,-0.122718,-0.0337476,-0.677203,-0.296544
26.13,-0.122718,-0.0337476,-0.609483,-0.266889
26.132,-0.122718,-0.0337476,-0.548535,-0.240201
26.134,-0.122718,-0.0337476,-0.493681,-0.21618
26.136,-0.122718,-0.0337476,-0.444313,-0.194562
26.138,-0.122718,-0.0337476,-0.399882,-0.175106
26.14,-0.122718,-0.0306796,-0.359894,-0.00419748
26.142,-0.122718,-0.0306796,-0.323904,-0.00377773
26.144,-0.122718,-0.0306796,-0.291514,-0.00339996
26.146,-0.122718,-0.0306796,-0.262363,-0.00305996
26.148,-0.125786,-0.0337476,-0.389524,-0.156152
26.15,-0.125786,-0.0337476,-0.350572,-0.140537
26.152,-0.125786,-0.0337476,-0.315515,-0.126483
26.154,-0.128854,-0.0337476,-0.437361,-0.113835
26.156,-0.128854,-0.0337476,-0.393625,-0.102451
26.158,-0.128854,-0.0337476,-0.354263,-0.0922062
26.16,-0.128854,-0.0337476,-0.318836,-0.0829856
26.162,-0.131922,-0.0337476,-0.440351,-0.074687
26.164,-0.131922,-0.0337476,-0.396316,-0.0672183
26.166,-0.131922,-0.0337476,-0.356684,-0.0604965
26.168,-0.128854,-0.0337476,-0.167618,-0.0544469
26.17,-0.128854,-0.0337476,-0.150856,-0.0490022
26.172,-0.128854,-0.0306796,-0.13577,0.109296
26.174,-0.128854,-0.0306796,-0.122193,0.0983665
26.176,-0.128854,-0.0276117,-0.109974,0.241928
26.178,-0.128854,-0.0276117,-0.0989766,0.217735
26.18,-0.125786,-0.0276117,0.0643192,0.195962
26.182,-0.125786,-0.0276117,0.0578873,0.176365
26.184,-0.125786,-0.0276117,0.0520985,0.158729
26.186,-0.125786,-0.0276117,0.0468887,0.142856
26.188,-0.125786,-0.0276117,0.0421998,0.12857
26.19,-0.125786,-0.0276117,0.0379798,0.115713
26.192,-0.125786,-0.0276117,0.0341818,0.104142
26.194,-0.125786,-0.0276117,0.0307637,0.0937278
26.196,-0.125786,-0.0245437,0.0276873,0.237753
26.198,-0.125786,-0.0245437,0.0249186,0.213978
26.2,-0.125786,-0.0245437,0.0224267,0.19258
26.202,-0.125786,-0.0245437,0.020184,0.173322
26.204,-0.125786,-0.0245437,0.0181656,0.15599
26.206,-0.125786,-0.0245437,0.0163491,0.140391
26.208,-0.125786,-0.0245437,0.0147142,0.126352
26.21,-0.125786,-0.0245437,0.0132427,0.113717
26.212,-0.122718,-0.0245437,0.165317,0.102345
26.214,-0.122718,-0.0214757,0.148785,0.245509
26.216,-0.122718,-0.0214757,0.133906,0.220958
26.218,-0.122718,-0.0214757,0.120516,0.198862
26.22,-0.122718,-0.0214757,0.108464,0.178976
26.222,-0.122718,-0.0214757,0.0976178,0.161078
26.224,-0.122718,-0.0214757,0.087856,0.14497
26.226,-0.122718,-0.0245437,0.0790704,-0.0229248
26.228,-0.122718,-0.0245437,0.0711634,-0.0206323
26.23,-0.122718,-0.0214757,0.064047,0.134829
26.232,-0.122718,-0.0214757,0.0576423,0.121346
26.234,-0.119651,-0.0214757,0.205276,0.109211
26.236,-0.119651,-0.0184078,0.184749,0.251688
26.238,-0.119651,-0.0184078,0.166274,0.22652
26.24,-0.116583,-0.0153398,0.303044,0.357266
26.242,-0.113515,-0.0122718,0.426138,0.474937
26.244,-0.113515,-0.00920388,0.383524,0.580842
26.246,-0.110447,-0.00920388,0.49857,0.522757
26.248,-0.107379,-0.00613592,0.602111,0.62388
26.25,-0.107379,-0.00306796,0.5419,0.71489
26.252,-0.104311,-0.00306796,0.641108,0.643401
26.254,-0.104311,0,0.576997,0.732459
26.256,-0.101243,0,0.672696,0.659213
26.258,-0.101243,0,0.605426,0.593292
26.26,-0.0981748,0.00306796,0.698281,0.687361
26.262,-0.0981748,0.00306796,0.628453,0.618625
26.264,-0.0981748,0.00306796,0.565608,0.556762
26.266,-0.0981748,0.00306796,0.509047,0.501086
26.268,-0.0981748,0.00306796,0.458142,0.450977
26.27,-0.0981748,0.00306796,0.412328,0.40588
26.272,-0.0981748,0.00306796,0.371095,0.365292
26.274,-0.0981748,0.00306796,0.333986,0.328762
26.276,-0.0981748,0.00306796,0.300587,0.295886
26.278,-0.0981748,0.00306796,0.270529,0.266298
26.28,-0.0981748,0.00306796,0.243476,0.239668
26.282,-0.0981748,0.00306796,0.219128,0.215701
26.284,-0.0981748,0.00306796,0.197215,0.194131
26.286,-0.0981748,0.00306796,0.177494,0.174718
26.288,-0.0951068,0.00306796,0.313142,0.157246
26.29,-0.0951068,0.00613592,0.281828,0.29492
26.292,-0.0951068,0.00613592,0.253645,0.265428
26.294,-0.0951068,0.00613592,0.228281,0.238885
26.296,-0.0951068,0.00613592,0.205453,0.214996
26.298,-0.0951068,0.00613592,0.184908,0.193497
26.3,-0.0951068,0.00613592,0.166417,0.174147
26.302,-0.0920388,0.00613592,0.303173,0.156732
26.304,-0.0920388,0.00613592,0.272856,0.141059
26.306,-0.0920388,0.00920388,0.24557,0.280351
26.308,-0.0920388,0.00920388,0.221013,0.252316
26.31,-0.0920388,0.00920388,0.198912,0.227085
26.312,-0.0920388,0.0122718,0.179021,0.357774
26.314,-0.0920388,0.0122718,0.161119,0.321997
26.316,-0.0920388,0.00920388,0.145007,0.136399
26.318,-0.0920388,0.00920388,0.130506,0.122759
26.32,-0.0920388,0.00920388,0.117455,0.110483
26.322,-0.0920388,0.00920388,0.10571,0.0994349
26.324,-0.0951068,0.00613592,-0.0582591,-0.0639067
26.326,-0.0951068,0.00613592,-0.0524332,-0.057516
26.328,-0.0951068,0.00613592,-0.0471899,-0.0517644
26.33,-0.0981748,0.00306796,-0.195869,-0.199986
26.332,-0.0981748,0.00306796,-0.176282,-0.179987
26.334,-0.101243,0,-0.312052,-0.315387
26.336,-0.101243,0,-0.280847,-0.283848
26.338,-0.104311,-0.00306796,-0.40616,-0.408861
26.34,-0.107379,-0.00306796,-0.518942,-0.367975
26.342,-0.107379,-0.00613592,-0.467048,-0.484576
26.344,-0.110447,-0.00920388,-0.573741,-0.589516
26.346,-0.110447,-0.00920388,-0.516367,-0.530565
26.348,-0.113515,-0.0122718,-0.618129,-0.630906
26.35,-0.113515,-0.0153398,-0.556316,-0.721214
26.352,-0.116583,-0.0153398,-0.654082,-0.649092
26.354,-0.116583,-0.0184078,-0.588674,-0.737581
26.356,-0.116583,-0.0184078,-0.529807,-0.663823
26.358,-0.119651,-0.0184078,-0.630224,-0.597441
26.36,-0.119651,-0.0184078,-0.567202,-0.537697
26.362,-0.119651,-0.0184078,-0.510481,-0.483927
26.364,-0.119651,-0.0184078,-0.459433,-0.435534
26.366,-0.119651,-0.0184078,-0.41349,-0.391981
26.368,-0.119651,-0.0184078,-0.372141,-0.352783
26.37,-0.119651,-0.0184078,-0.334927,-0.317505
26.372,-0.119651,-0.0184078,-0.301434,-0.285754
26.374,-0.119651,-0.0184078,-0.271291,-0.257179
26.376,-0.119651,-0.0214757,-0.244162,-0.384859
26.378,-0.119651,-0.0214757,-0.219746,-0.346373
26.38,-0.119651,-0.0214757,-0.197771,-0.311736
26.382,-0.119651,-0.0214757,-0.177994,-0.280562
26.384,-0.119651,-0.0214757,-0.160194,-0.252506
26.386,-0.119651,-0.0214757,-0.144175,-0.227255
26.388,-0.119651,-0.0214757,-0.129758,-0.20453
26.39,-0.119651,-0.0214757,-0.116782,-0.184077
26.392,-0.119651,-0.0214757,-0.105104,-0.165669
26.394,-0.119651,-0.0184078,-0.0945932,0.00429587
26.396,-0.119651,-0.0184078,-0.0851339,0.00386628
26.398,-0.116583,-0.0184078,0.0767776,0.00347965
26.4,-0.116583,-0.0184078,0.0690998,0.00313169
26.402,-0.116583,-0.0184078,0.0621898,0.00281852
26.404,-0.116583,-0.0184078,0.0559708,0.00253667
26.406,-0.113515,-0.0153398,0.203772,0.155681
26.408,-0.113515,-0.0153398,0.183395,0.140113
26.41,-0.110447,-0.0122718,0.318453,0.2795
26.412,-0.110447,-0.0122718,0.286608,0.25155
26.414,-0.107379,-0.00920388,0.411345,0.379793
26.416,-0.107379,-0.00920388,0.370211,0.341814
26.418,-0.107379,-0.00920388,0.33319,0.307632
26.42,-0.104311,-0.00613592,0.453269,0.430267
26.422,-0.104311,-0.00613592,0.407942,0.38724
26.424,-0.104311,-0.00613592,0.367148,0.348516
26.426,-0.101243,-0.00613592,0.483831,0.313665
26.428,-0.101243,-0.00306796,0.435448,0.435696
26.43,-0.101243,-0.00306796,0.391903,0.392127
26.432,-0.101243,-0.00306796,0.352713,0.352914
26.434,-0.0981748,-0.00306796,0.47084,0.317623
26.436,-0.0981748,-0.00306796,0.423756,0.28586
26.438,-0.0981748,-0.00306796,0.38138,0.257274
26.44,-0.0981748,-0.00306796,0.343242,0.231547
26.442,-0.0981748,-0.00306796,0.308918,0.208392
26.444,-0.0981748,-0.00306796,0.278026,0.187553
26.446,-0.0981748,-0.00306796,0.250223,0.168798
26.448,-0.0981748,-0.00306796,0.225201,0.151918
26.45,-0.0981748,-0.00306796,0.202681,0.136726
26.452,-0.0981748,-0.00306796,0.182413,0.123054
26.454,-0.0981748,-0.00613592,0.164172,-0.0426499
26.456,-0.101243,-0.00613592,-0.00564363,-0.0383849
26.458,-0.101243,-0.00613592,-0.00507926,-0.0345464
26.46,-0.101243,-0.00920388,-0.00457134,-0.18449
26.462,-0.104311,-0.00920388,-0.157512,-0.166041
26.464,-0.104311,-0.0122718,-0.141761,-0.302835
26.466,-0.104311,-0.0122718,-0.127585,-0.272551
26.468,-0.107379,-0.0122718,-0.268225,-0.245296
26.47,-0.107379,-0.0153398,-0.241402,-0.374165
26.472,-0.107379,-0.0153398,-0.217262,-0.336748
26.474,-0.107379,-0.0184078,-0.195536,-0.456471
26.476,-0.107379,-0.0184078,-0.175982,-0.410824
26.478,-0.107379,-0.0184078,-0.158384,-0.369742
26.48,-0.107379,-0.0184078,-0.142546,-0.332768
26.482,-0.107379,-0.0184078,-0.128291,-0.299491
26.484,-0.107379,-0.0184078,-0.115462,-0.269542
26.486,-0.107379,-0.0184078,-0.103916,-0.242588
26.488,-0.107379,-0.0184078,-0.0935241,-0.218329
26.49,-0.107379,-0.0184078,-0.0841717,-0.196496
26.492,-0.107379,-0.0184078,-0.0757545,-0.176846
26.494,-0.107379,-0.0184078,-0.0681791,-0.159162
26.496,-0.104311,-0.0184078,0.0920369,-0.143246
26.498,-0.104311,-0.0184078,0.0828332,-0.128921
26.5,-0.104311,-0.0184078,0.0745499,-0.116029
26.502,-0.104311,-0.0153398,0.0670949,0.048972
26.504,-0.101243,-0.0153398,0.213783,0.0440748
26.506,-0.101243,-0.0153398,0.192405,0.0396674
26.508,-0.101243,-0.0153398,0.173165,0.0357006
26.51,-0.101243,-0.0153398,0.155848,0.0321306
26.512,-0.0981748,-0.0153398,0.293661,0.0289175
26.514,-0.0981748,-0.0122718,0.264295,0.179424
26.516,-0.0981748,-0.0122718,0.237866,0.161481
26.518,-0.0981748,-0.0122718,0.214079,0.145333
26.52,-0.0981748,-0.0122718,0.192671,0.1308
26.522,-0.0951068,-0.0122718,0.326802,0.11772
26.524,-0.0951068,-0.0122718,0.294122,0.105948
26.526,-0.0951068,-0.0122718,0.26471,0.0953532
26.528,-0.0951068,-0.0122718,0.238239,0.0858179
26.53,-0.0920388,-0.0122718,0.367813,0.0772361
26.532,-0.0920388,-0.00920388,0.331032,0.222911
26.534,-0.0889709,-0.00920388,0.451327,0.200619
26.536,-0.0859029,-0.00613592,0.559592,0.333956
26.538,-0.0859029,-0.00613592,0.503633,0.30056
26.54,-0.082835,-0.00306796,0.606668,0.423902
26.542,-0.082835,0,0.546001,0.53491
26.544,-0.079767,0,0.644799,0.481419
26.546,-0.076699,0.00306796,0.733717,0.586675
26.548,-0.0736311,0.00306796,0.813743,0.528008
26.55,-0.0705631,0.00613592,0.885767,0.628605
26.552,-0.0705631,0.00613592,0.79719,0.565744
26.554,-0.0705631,0.00920388,0.717471,0.662568
26.556,-0.0674952,0.00920388,0.799122,0.596311
26.558,-0.0644272,0.0122718,0.872608,0.690078
26.56,-0.0644272,0.0122718,0.785347,0.62107
26.562,-0.0613592,0.0122718,0.860211,0.558963
26.564,-0.0613592,0.0153398,0.77419,0.656465
26.566,-0.0582913,0.0153398,0.850169,0.590819
26.568,-0.0582913,0.0184078,0.765152,0.685135
26.57,-0.0552233,0.0184078,0.842035,0.616621
26.572,-0.0552233,0.0184078,0.757831,0.554959
26.574,-0.0552233,0.0214757,0.682048,0.652861
26.576,-0.0521553,0.0214757,0.767241,0.587575
26.578,-0.0521553,0.0214757,0.690517,0.528818
26.58,-0.0490874,0.0245437,0.774864,0.629334
26.582,-0.0490874,0.0245437,0.697377,0.566401
26.584,-0.0460194,0.0245437,0.781038,0.509761
26.586,-0.0460194,0.0276117,0.702934,0.612183
26.588,-0.0460194,0.0276117,0.63264,0.550964
26.59,-0.0460194,0.0276117,0.569376,0.495868
26.592,-0.0429515,0.0276117,0.665837,0.446281
26.594,-0.0429515,0.0306796,0.599253,0.555051
26.596,-0.0429515,0.0306796,0.539328,0.499546
26.598,-0.0429515,0.0306796,0.485395,0.449591
26.6,-0.0429515,0.0306796,0.436856,0.404632
26.602,-0.0429515,0.0276117,0.39317,0.210771
26.604,-0.0429515,0.0276117,0.353853,0.189694
26.606,-0.0460194,0.0245437,0.16507,0.0173264
26.608,-0.0460194,0.0245437,0.148563,0.0155937
26.61,-0.0460194,0.0245437,0.133706,0.0140344
26.612,-0.0460194,0.0214757,0.120336,-0.140767
26.614,-0.0490874,0.0214757,-0.0450959,-0.12669
26.616,-0.0490874,0.0214757,-0.0405863,-0.114021
26.618,-0.0490874,0.0214757,-0.0365277,-0.102619
26.62,-0.0490874,0.0184078,-0.0328749,-0.245755
26.622,-0.0490874,0.0184078,-0.0295874,-0.22118
26.624,-0.0521553,0.0184078,-0.180027,-0.199062
26.626,-0.0521553,0.0153398,-0.162024,-0.332554
26.628,-0.0552233,0.0153398,-0.29922,-0.299298
26.63,-0.0552233,0.0122718,-0.269298,-0.422767
26.632,-0.0582913,0.00920388,-0.395766,-0.533888
26.634,-0.0582913,0.00920388,-0.356189,-0.480499
26.636,-0.0582913,0.00920388,-0.320571,-0.432449
26.638,-0.0582913,0.00920388,-0.288513,-0.389204
26.64,-0.0582913,0.00920388,-0.259662,-0.350284
26.642,-0.0582913,0.00920388,-0.233696,-0.315256
26.644,-0.0582913,0.00920388,-0.210326,-0.28373
26.646,-0.0582913,0.00920388,-0.189294,-0.255357
26.648,-0.0582913,0.00920388,-0.170364,-0.229821
26.65,-0.0582913,0.00920388,-0.153328,-0.206839
26.652,-0.0582913,0.00920388,-0.137995,-0.186155
26.654,-0.0582913,0.00920388,-0.124196,-0.16754
26.656,-0.0582913,0.00920388,-0.111776,-0.150786
26.658,-0.0582913,0.00920388,-0.100598,-0.135707
26.66,-0.0613592,0.00920388,-0.243937,-0.122136
26.662,-0.0613592,0.00920388,-0.219543,-0.109923
26.664,-0.0613592,0.00920388,-0.197589,-0.0989305
26.666,-0.0613592,0.00920388,-0.17783,-0.0890375
26.668,-0.0613592,0.00920388,-0.160047,-0.0801337
26.67,-0.0613592,0.00613592,-0.144042,-0.225518
26.672,-0.0613592,0.00613592,-0.129638,-0.202967
26.674,-0.0644272,0.00613592,-0.270072,-0.18267
26.676,-0.0644272,0.00613592,-0.243065,-0.164403
26.678,-0.0644272,0.00613592,-0.218759,-0.147963
26.68,-0.0644272,0.00613592,-0.196883,-0.133166
26.682,-0.0644272,0.00613592,-0.177194,-0.11985
26.684,-0.0644272,0.00613592,-0.159475,-0.107865
26.686,-0.0674952,0.00306796,-0.296926,-0.250476
26.688,-0.0674952,0.00306796,-0.267233,-0.225429
26.69,-0.0674952,0.00306796,-0.24051,-0.202886
26.692,-0.0705631,0.00306796,-0.369857,-0.182597
26.694,-0.0705631,0,-0.332871,-0.317736
26.696,-0.0705631,0,-0.299584,-0.285962
26.698,-0.0736311,-0.00306796,-0.423024,-0.410764
26.7,-0.0736311,-0.00306796,-0.380721,-0.369688
26.702,-0.0736311,-0.00306796,-0.342649,-0.332719
26.704,-0.076699,-0.00306796,-0.461782,-0.299447
26.706,-0.076699,-0.00613592,-0.415604,-0.4229
26.708,-0.079767,-0.00613592,-0.527442,-0.38061
26.71,-0.079767,-0.00920388,-0.474698,-0.495947
26.712,-0.082835,-0.00920388,-0.580626,-0.446353
26.714,-0.082835,-0.0122718,-0.522563,-0.555115
26.716,-0.0859029,-0.0122718,-0.623705,-0.499604
26.718,-0.0859029,-0.0153398,-0.561335,-0.603042
26.72,-0.0859029,-0.0153398,-0.505201,-0.542737
26.722,-0.0889709,-0.0184078,-0.608079,-0.641862
26.724,-0.0920388,-0.0184078,-0.700669,-0.577676
26.726,-0.0920388,-0.0214757,-0.630602,-0.673306
26.728,-0.0920388,-0.0214757,-0.567542,-0.605975
26.73,-0.0951068,-0.0214757,-0.664186,-0.545378
26.732,-0.0951068,-0.0214757,-0.597767,-0.49084
26.734,-0.0951068,-0.0245437,-0.537991,-0.595154
26.736,-0.0951068,-0.0245437,-0.484192,-0.535639
26.738,-0.0951068,-0.0245437,-0.435772,-0.482075
26.74,-0.0951068,-0.0245437,-0.392195,-0.433867
26.742,-0.0981748,-0.0245437,-0.506374,-0.390481
26.744,-0.0981748,-0.0245437,-0.455736,-0.351433
26.746,-0.0981748,-0.0245437,-0.410163,-0.316289
26.748,-0.0981748,-0.0245437,-0.369146,-0.28466
26.75,-0.0981748,-0.0245437,-0.332232,-0.256194
26.752,-0.0981748,-0.0245437,-0.299009,-0.230575
26.754,-0.0951068,-0.0245437,-0.11571,-0.207517
26.756,-0.0951068,-0.0245437,-0.104139,-0.186766
26.758,-0.0951068,-0.0245437,-0.0937248,-0.168089
26.76,-0.0951068,-0.0214757,-0.0843524,0.00211787
26.762,-0.0920388,-0.0214757,0.077481,0.00190608
26.764,-0.0920388,-0.0184078,0.0697329,0.155114
26.766,-0.0889709,-0.0184078,0.216158,0.139602
26.768,-0.0889709,-0.0153398,0.194542,0.27904
26.77,-0.0859029,-0.0122718,0.328486,0.404534
26.772,-0.082835,-0.0122718,0.449035,0.364081
26.774,-0.082835,-0.00920388,0.404132,0.481071
26.776,-0.079767,-0.00613592,0.517117,0.586362
26.778,-0.079767,-0.00613592,0.465405,0.527726
26.78,-0.076699,-0.00306796,0.572263,0.628351
26.782,-0.076699,-0.00306796,0.515036,0.565516
26.784,-0.0736311,-0.00306796,0.616931,0.508964
26.786,-0.0736311,0,0.555238,0.611466
26.788,-0.0736311,0,0.499714,0.550319
26.79,-0.0705631,0,0.603141,0.495287
26.792,-0.0705631,0,0.542827,0.445759
26.794,-0.0705631,0.00306796,0.488544,0.554581
26.796,-0.0705631,0.00306796,0.439689,0.499123
26.798,-0.0674952,0.00306796,0.549119,0.449211
26.8,-0.0674952,0.00613592,0.494207,0.557688
26.802,-0.0644272,0.00613592,0.598184,0.501919
26.804,-0.0644272,0.00920388,0.538366,0.605125
26.806,-0.0644272,0.00920388,0.484529,0.544613
26.808,-0.0613592,0.00920388,0.589474,0.490151
26.81,-0.0613592,0.00920388,0.530527,0.441136
26.812,-0.0613592,0.0122718,0.477474,0.550421
26.814,-0.0613592,0.0122718,0.429727,0.495379
26.816,-0.0613592,0.0122718,0.386754,0.445841
26.818,-0.0613592,0.0122718,0.348079,0.401257
26.82,-0.0613592,0.0122718,0.313271,0.361131
26.822,-0.0613592,0.0122718,0.281944,0.325018
26.824,-0.0613592,0.0122718,0.253749,0.292516
26.826,-0.0613592,0.0122718,0.228374,0.263264
26.828,-0.0613592,0.0122718,0.205537,0.236938
26.83,-0.0613592,0.0122718,0.184983,0.213244
26.832,-0.0613592,0.0122718,0.166485,0.19192
26.834,-0.0613592,0.00920388,0.149836,0.0193297
26.836,-0.0613592,0.00920388,0.134853,0.0173968
26.838,-0.0644272,0.00920388,-0.0320305,0.0156571
26.84,-0.0644272,0.00613592,-0.0288275,-0.139307
26.842,-0.0674952,0.00613592,-0.179343,-0.125376
26.844,-0.0674952,0.00306796,-0.161409,-0.266237
26.846,-0.0705631,0.00306796,-0.298666,-0.239613
26.848,-0.0705631,0,-0.268799,-0.36905
26.85,-0.0736311,-0.00306796,-0.395317,-0.485543
26.852,-0.076699,-0.00306796,-0.509184,-0.436988
26.854,-0.076699,-0.00613592,-0.458265,-0.546688
26.856,-0.079767,-0.00920388,-0.565837,-0.645417
26.858,-0.082835,-0.0122718,-0.662651,-0.734273
26.86,-0.082835,-0.0122718,-0.596386,-0.660846
26.862,-0.0859029,-0.0153398,-0.690146,-0.74816
26.864,-0.0889709,-0.0184078,-0.774529,-0.826742
26.866,-0.0889709,-0.0184078,-0.697076,-0.744067
26.868,-0.0920388,-0.0214757,-0.780767,-0.823059
26.87,-0.0920388,-0.0245437,-0.70269,-0.894151
26.872,-0.0951068,-0.0245437,-0.785819,-0.804736
26.874,-0.0951068,-0.0245437,-0.707237,-0.724262
26.876,-0.0981748,-0.0276117,-0.789912,-0.805234
26.878,-0.0981748,-0.0306796,-0.71092,-0.878109
26.88,-0.101243,-0.0306796,-0.793226,-0.790298
26.882,-0.101243,-0.0306796,-0.713904,-0.711268
26.884,-0.101243,-0.0337476,-0.642513,-0.793539
26.886,-0.104311,-0.0337476,-0.73166,-0.714185
26.888,-0.104311,-0.0368155,-0.658494,-0.796165
26.89,-0.107379,-0.0368155,-0.746043,-0.716549
26.892,-0.107379,-0.0368155,-0.671439,-0.644894
26.894,-0.107379,-0.0398835,-0.604295,-0.733802
26.896,-0.107379,-0.0398835,-0.543865,-0.660422
26.898,-0.107379,-0.0398835,-0.489479,-0.59438
26.9,-0.110447,-0.0398835,-0.593929,-0.534942
26.902,-0.110447,-0.0429515,-0.534536,-0.634846
26.904,-0.110447,-0.0429515,-0.481082,-0.571361
26.906,-0.110447,-0.0429515,-0.432974,-0.514225
26.908,-0.110447,-0.0460194,-0.389677,-0.616201
26.91,-0.110447,-0.0460194,-0.350709,-0.554581
26.912,-0.110447,-0.0460194,-0.315638,-0.499123
26.914,-0.110447,-0.0460194,-0.284074,-0.44921
26.916,-0.110447,-0.0460194,-0.255667,-0.404289
26.918,-0.110447,-0.0460194,-0.2301,-0.36386
26.92,-0.110447,-0.0460194,-0.20709,-0.327474
26.922,-0.107379,-0.0429515,-0.0329831,-0.141329
26.924,-0.107379,-0.0429515,-0.0296848,-0.127196
26.926,-0.104311,-0.0429515,0.126682,-0.114476
26.928,-0.104311,-0.0429515,0.114014,-0.103029
26.93,-0.101243,-0.0398835,0.25601,0.0606723
26.932,-0.0981748,-0.0368155,0.383807,0.208003
26.934,-0.0981748,-0.0368155,0.345427,0.187203
26.936,-0.0951068,-0.0337476,0.464282,0.321881
26.938,-0.0920388,-0.0306796,0.571252,0.443091
26.94,-0.0889709,-0.0306796,0.667525,0.398782
26.942,-0.0859029,-0.0276117,0.75417,0.512301
26.944,-0.0859029,-0.0245437,0.678753,0.614469
26.946,-0.082835,-0.0245437,0.764276,0.553022
26.948,-0.079767,-0.0214757,0.841247,0.651118
26.95,-0.076699,-0.0214757,0.91052,0.586006
26.952,-0.0736311,-0.0184078,0.972866,0.680804
26.954,-0.0736311,-0.0153398,0.875579,0.766122
26.956,-0.0705631,-0.0153398,0.94142,0.689509
26.958,-0.0674952,-0.0122718,1.00068,0.773957
26.96,-0.0674952,-0.0122718,0.900608,0.696561
26.962,-0.0644272,-0.00920388,0.963945,0.780303
26.964,-0.0644272,-0.00920388,0.867551,0.702273
26.966,-0.0613592,-0.00920388,0.934194,0.632045
26.968,-0.0582913,-0.00613592,0.994173,0.722239
26.97,-0.0582913,-0.00613592,0.894755,0.650015
26.972,-0.0582913,-0.00613592,0.80528,0.585014
26.974,-0.0552233,-0.00306796,0.87815,0.67991
26.976,-0.0521553,-0.00306796,0.943733,0.611919
26.978,-0.0521553,-0.00306796,0.84936,0.550727
26.98,-0.0490874,0,0.917822,0.649053
26.982,-0.0460194,0,0.979438,0.584147
26.984,-0.0460194,0.00306796,0.881494,0.679131
26.986,-0.0429515,0.00613592,0.946743,0.764616
26.988,-0.0398835,0.00613592,1.00547,0.688154
26.99,-0.0368155,0.00920388,1.05832,0.772737
26.992,-0.0368155,0.00920388,0.952486,0.695463
26.994,-0.0337476,0.0122718,1.01064,0.779315
26.996,-0.0306796,0.0122718,1.06297,0.701383
26.998,-0.0306796,0.0153398,0.956673,0.784643
27,-0.0276117,0.0153398,1.0144,0.706179
27.002,-0.0245437,0.0153398,1.06636,0.635561
27.004,-0.0245437,0.0184078,0.959725,0.725403
27.006,-0.0214757,0.0184078,1.01715,0.652863
27.008,-0.0214757,0.0184078,0.915436,0.587576
27.01,-0.0184078,0.0214757,0.97729,0.682217
27.012,-0.0184078,0.0214757,0.879561,0.613995
27.014,-0.0153398,0.0245437,0.945003,0.705994
27.016,-0.0122718,0.0245437,1.0039,0.635394
27.018,-0.0122718,0.0276117,0.903511,0.725253
27.02,-0.00920388,0.0276117,0.966558,0.652728
27.022,-0.00920388,0.0306796,0.869902,0.740853
27.024,-0.00613592,0.0306796,0.93631,0.666768
27.026,-0.00306796,0.0337476,0.996077,0.753489
27.028,-0.00306796,0.0337476,0.896469,0.67814
27.03,-0,0.0368155,0.96022,0.763724
27.032,0.00306796,0.0368155,1.0176,0.687352
27.034,0.00306796,0.0398835,0.915837,0.772015
27.036,0.00306796,0.0398835,0.824253,0.694813
27.038,0.00613592,0.0398835,0.895226,0.625332
27.04,0.00613592,0.0429515,0.805703,0.716197
27.042,0.00920388,0.0429515,0.878531,0.644577
27.044,0.00920388,0.0429515,0.790678,0.580119
27.046,0.00920388,0.0429515,0.71161,0.522107
27.048,0.00920388,0.0429515,0.640449,0.469897
27.05,0.00920388,0.0460194,0.576404,0.576305
27.052,0.0122718,0.0460194,0.672162,0.518675
27.054,0.0122718,0.0460194,0.604946,0.466807
27.056,0.0122718,0.0460194,0.544451,0.420126
27.058,0.0122718,0.0460194,0.490006,0.378114
27.06,0.0122718,0.0429515,0.441005,0.186904
27.062,0.0122718,0.0429515,0.396905,0.168214
27.064,0.0122718,0.0429515,0.357214,0.151393
27.066,0.0122718,0.0429515,0.321493,0.136253
27.068,0.0122718,0.0429515,0.289344,0.122628
27.07,0.00920388,0.0429515,0.107011,0.110365
27.072,0.00920388,0.0429515,0.0963101,0.0993286
27.074,0.00920388,0.0398835,0.0866791,-0.0640023
27.076,0.00920388,0.0398835,0.0780112,-0.0576021
27.078,0.00613592,0.0398835,-0.083188,-0.0518419
27.08,0.00613592,0.0398835,-0.0748692,-0.0466577
27.082,0.00613592,0.0398835,-0.0673823,-0.0419919
27.084,0.00613592,0.0368155,-0.0606441,-0.191191
27.086,0.00306796,0.0368155,-0.207978,-0.172072
27.088,0.00306796,0.0368155,-0.18718,-0.154865
27.09,0.00306796,0.0368155,-0.168462,-0.139378
27.092,0.00306796,0.0337476,-0.151616,-0.278838
27.094,0.00306796,0.0337476,-0.136454,-0.250955
27.096,0.00306796,0.0337476,-0.122809,-0.225859
27.098,0.00306796,0.0337476,-0.110528,-0.203273
27.1,0.00306796,0.0368155,-0.0994751,-0.0295478
27.102,0.00306796,0.0368155,-0.0895276,-0.026593
27.104,-0,0.0368155,-0.233973,-0.0239337
27.106,-0,0.0368155,-0.210576,-0.0215403
27.108,-0,0.0368155,-0.189518,-0.0193863
27.11,-0,0.0368155,-0.170566,-0.0174477
27.112,-0,0.0368155,-0.15351,-0.0157029
27.114,-0,0.0368155,-0.138159,-0.0141326
27.116,-0.00306796,0.0368155,-0.277741,-0.0127193
27.118,-0.00306796,0.0337476,-0.249967,-0.164845
27.12,-0.00306796,0.0337476,-0.22497,-0.148361
27.122,-0.00613592,0.0337476,-0.355871,-0.133525
27.124,-0.00613592,0.0337476,-0.320284,-0.120172
27.126,-0.00613592,0.0306796,-0.288256,-0.261553
27.128,-0.00920388,0.0306796,-0.412828,-0.235398
27.13,-0.00920388,0.0306796,-0.371545,-0.211858
27.132,-0.0122718,0.0306796,-0.487789,-0.190672
27.134,-0.0122718,0.0276117,-0.43901,-0.325003
27.136,-0.0122718,0.0276117,-0.395109,-0.292503
27.138,-0.0122718,0.0276117,-0.355598,-0.263253
27.14,-0.0153398,0.0276117,-0.473436,-0.236927
27.142,-0.0153398,0.0276117,-0.426093,-0.213235
27.144,-0.0184078,0.0276117,-0.536882,-0.191911
27.146,-0.0184078,0.0276117,-0.483193,-0.17272
27.148,-0.0184078,0.0276117,-0.434874,-0.155448
27.15,-0.0184078,0.0276117,-0.391387,-0.139903
27.152,-0.0214757,0.0276117,-0.505646,-0.125913
27.154,-0.0214757,0.0276117,-0.455081,-0.113322
27.156,-0.0214757,0.0276117,-0.409573,-0.101989
27.158,-0.0214757,0.0276117,-0.368616,-0.0917905
27.16,-0.0245437,0.0276117,-0.485152,-0.0826114
27.162,-0.0245437,0.0245437,-0.436637,-0.227748
27.164,-0.0276117,0.0245437,-0.546372,-0.204974
27.166,-0.0276117,0.0245437,-0.491734,-0.184476
27.168,-0.0306796,0.0214757,-0.595959,-0.319427
27.17,-0.0337476,0.0214757,-0.689761,-0.287484
27.172,-0.0337476,0.0214757,-0.620785,-0.258736
27.174,-0.0368155,0.0184078,-0.712105,-0.38626
27.176,-0.0368155,0.0184078,-0.640894,-0.347634
27.178,-0.0429515,0.0153398,-0.883601,-0.466269
27.18,-0.0429515,0.0122718,-0.795241,-0.57304
27.182,-0.0460194,0.0122718,-0.869115,-0.515736
27.184,-0.0490874,0.0122718,-0.935601,-0.464162
27.186,-0.0521553,0.00920388,-0.995439,-0.571144
27.188,-0.0552233,0.00613592,-1.04929,-0.667428
27.19,-0.0552233,0.00306796,-0.944364,-0.754083
27.192,-0.0582913,0.00306796,-1.00333,-0.678675
27.194,-0.0613592,0.00306796,-1.05639,-0.610807
27.196,-0.0613592,0,-0.950752,-0.703125
27.198,-0.0644272,0,-1.00908,-0.632812
27.2,-0.0644272,0,-0.908168,-0.569531
27.202,-0.0674952,0,-0.970749,-0.512578
27.204,-0.0674952,0,-0.873674,-0.46132
27.206,-0.0705631,0,-0.939705,-0.415188
27.208,-0.0705631,0,-0.845734,-0.373669
27.21,-0.0705631,0,-0.761161,-0.336302
27.212,-0.0705631,0,-0.685045,-0.302672
27.214,-0.0736311,0,-0.769938,-0.272405
27.216,-0.0736311,0,-0.692944,-0.245164
27.218,-0.0736311,0,-0.62365,-0.220648
27.22,-0.076699,-0.00306796,-0.714683,-0.351981
27.222,-0.079767,-0.00306796,-0.796613,-0.316783
27.224,-0.079767,-0.00306796,-0.716952,-0.285105
27.226,-0.082835,-0.00613592,-0.798655,-0.409992
27.228,-0.082835,-0.00613592,-0.718789,-0.368993
27.23,-0.0859029,-0.00613592,-0.800308,-0.332094
27.232,-0.0859029,-0.00613592,-0.720277,-0.298884
27.234,-0.0859029,-0.00613592,-0.64825,-0.268996
27.236,-0.0859029,-0.00613592,-0.583425,-0.242096
27.238,-0.0889709,-0.00613592,-0.67848,-0.217887
27.24,-0.0889709,-0.00613592,-0.610632,-0.196098
27.242,-0.0889709,-0.00613592,-0.549569,-0.176488
27.244,-0.0920388,-0.00613592,-0.64801,-0.158839
27.246,-0.0920388,-0.00613592,-0.583209,-0.142956
27.248,-0.0920388,-0.00613592,-0.524888,-0.12866
27.25,-0.0951068,-0.00613592,-0.625798,-0.115794
27.252,-0.0951068,-0.00613592,-0.563218,-0.104215
27.254,-0.0951068,-0.00613592,-0.506896,-0.0937931
27.256,-0.0981748,-0.00613592,-0.609604,-0.0844138
27.258,-0.0981748,-0.00613592,-0.548644,-0.0759724
27.26,-0.0981748,-0.00613592,-0.49378,-0.0683752
27.262,-0.101243,-0.00613592,-0.5978,-0.0615377
27.264,-0.101243,-0.00613592,-0.53802,-0.0553839
27.266,-0.101243,-0.00613592,-0.484218,-0.0498455
27.268,-0.104311,-0.00613592,-0.589194,-0.044861
27.27,-0.104311,-0.00613592,-0.530275,-0.0403749
27.272,-0.104311,-0.00613592,-0.477247,-0.0363374
27.274,-0.104311,-0.00613592,-0.429522,-0.0327036
27.276,-0.107379,-0.00613592,-0.539968,-0.0294333
27.278,-0.107379,-0.00613592,-0.485971,-0.0264899
27.28,-0.107379,-0.00613592,-0.437374,-0.023841
27.282,-0.107379,-0.00613592,-0.393637,-0.0214569
27.284,-0.107379,-0.00613592,-0.354273,-0.0193112
27.286,-0.110447,-0.00306796,-0.472244,0.136018
27.288,-0.110447,-0.00306796,-0.42502,0.122416
27.29,-0.110447,-0.00306796,-0.382518,0.110175
27.292,-0.113515,-0.00306796,-0.497664,0.0991571
27.294,-0.113515,-0.00613592,-0.447898,-0.0641567
27.296,-0.116583,-0.00613592,-0.556506,-0.057741
27.298,-0.116583,-0.00613592,-0.500855,-0.0519669
27.3,-0.119651,-0.00920388,-0.604168,-0.200168
27.302,-0.119651,-0.00920388,-0.543751,-0.180151
27.304,-0.122718,-0.00920388,-0.642774,-0.162136
27.306,-0.122718,-0.00920388,-0.578497,-0.145923
27.308,-0.125786,-0.0122718,-0.674045,-0.284728
27.31,-0.128854,-0.0122718,-0.760039,-0.256256
27.312,-0.131922,-0.0153398,-0.837433,-0.384028
27.314,-0.13499,-0.0153398,-0.907088,-0.345625
27.316,-0.13499,-0.0184078,-0.816379,-0.464461
27.318,-0.138058,-0.0214757,-0.888139,-0.571413
27.32,-0.141126,-0.0214757,-0.952723,-0.514272
27.322,-0.144194,-0.0245437,-1.01085,-0.616243
27.324,-0.147262,-0.0276117,-1.06316,-0.708016
27.326,-0.15033,-0.0276117,-1.11024,-0.637215
27.328,-0.15033,-0.0306796,-0.99922,-0.726891
27.33,-0.153398,-0.0306796,-1.0527,-0.654202
27.332,-0.156466,-0.0337476,-1.10082,-0.74218
27.334,-0.156466,-0.0337476,-0.990742,-0.667962
27.336,-0.159534,-0.0337476,-1.04507,-0.601166
27.338,-0.159534,-0.0368155,-0.940559,-0.694447
27.34,-0.162602,-0.0368155,-0.999901,-0.625003
27.342,-0.162602,-0.0368155,-0.899911,-0.562502
27.344,-0.16567,-0.0368155,-0.963318,-0.506252
27.346,-0.168738,-0.0398835,-1.02038,-0.609025
27.348,-0.168738,-0.0398835,-0.918346,-0.548122
27.35,-0.171806,-0.0398835,-0.979909,-0.49331
27.352,-0.171806,-0.0429515,-0.881919,-0.597377
27.354,-0.174874,-0.0460194,-0.947125,-0.691038
27.356,-0.177942,-0.0460194,-1.00581,-0.621934
27.358,-0.177942,-0.0490874,-0.905229,-0.713139
27.36,-0.18101,-0.0490874,-0.968104,-0.641825
27.362,-0.184078,-0.0521553,-1.02469,-0.73104
27.364,-0.184078,-0.0521553,-0.922223,-0.657936
27.366,-0.187146,-0.0552233,-0.983399,-0.745541
27.368,-0.190214,-0.0582913,-1.03846,-0.824385
27.37,-0.193282,-0.0582913,-1.08801,-0.741946
27.372,-0.193282,-0.0613592,-0.979208,-0.82115
27.374,-0.19635,-0.0613592,-1.03469,-0.739035
27.376,-0.19635,-0.0644272,-0.931217,-0.818529
27.378,-0.199418,-0.0674952,-0.991493,-0.890074
27.38,-0.202485,-0.0674952,-1.04574,-0.801067
27.382,-0.202485,-0.0674952,-0.941168,-0.72096
27.384,-0.202485,-0.0705631,-0.847051,-0.802262
27.386,-0.205553,-0.0705631,-0.915744,-0.722036
27.388,-0.205553,-0.0705631,-0.82417,-0.649833
27.39,-0.205553,-0.0705631,-0.741753,-0.584849
27.392,-0.205553,-0.0705631,-0.667577,-0.526364
27.394,-0.205553,-0.0736311,-0.60082,-0.627126
27.396,-0.205553,-0.0736311,-0.540738,-0.564413
27.398,-0.205553,-0.0736311,-0.486664,-0.507972
27.4,-0.205553,-0.0705631,-0.437998,-0.303777
27.402,-0.205553,-0.0705631,-0.394198,-0.273399
27.404,-0.202485,-0.0705631,-0.20138,-0.246059
27.406,-0.202485,-0.0674952,-0.181242,-0.0680552
27.408,-0.199418,-0.0674952,-0.00971968,-0.0612497
27.41,-0.199418,-0.0644272,-0.00874771,0.0982734
27.412,-0.19635,-0.0613592,0.145525,0.241844
27.414,-0.193282,-0.0613592,0.284371,0.21766
27.416,-0.193282,-0.0582913,0.255934,0.349292
27.418,-0.190214,-0.0582913,0.383738,0.314363
27.42,-0.187146,-0.0552233,0.498763,0.436324
27.422,-0.184078,-0.0521553,0.602284,0.54609
27.424,-0.184078,-0.0490874,0.542056,0.644879
27.426,-0.18101,-0.0490874,0.641248,0.580391
27.428,-0.177942,-0.0460194,0.730522,0.67575
27.43,-0.177942,-0.0429515,0.65747,0.761573
27.432,-0.174874,-0.0429515,0.745121,0.685416
27.434,-0.174874,-0.0429515,0.670609,0.616874
27.436,-0.171806,-0.0398835,0.756946,0.708585
27.438,-0.171806,-0.0398835,0.681251,0.637726
27.44,-0.168738,-0.0398835,0.766524,0.573954
27.442,-0.168738,-0.0398835,0.689872,0.516558
27.444,-0.168738,-0.0398835,0.620885,0.464903
27.446,-0.168738,-0.0398835,0.558796,0.418412
27.448,-0.16567,-0.0398835,0.656315,0.376571
27.45,-0.16567,-0.0368155,0.590683,0.492312
27.452,-0.16567,-0.0368155,0.531615,0.443081
27.454,-0.162602,-0.0368155,0.631851,0.398773
27.456,-0.162602,-0.0368155,0.568666,0.358896
27.458,-0.159534,-0.0368155,0.665198,0.323006
27.46,-0.159534,-0.0368155,0.598678,0.290705
27.462,-0.156466,-0.0337476,0.692208,0.415033
27.464,-0.156466,-0.0337476,0.622987,0.37353
27.466,-0.153398,-0.0337476,0.714087,0.336177
27.468,-0.15033,-0.0337476,0.796076,0.302559
27.47,-0.147262,-0.0306796,0.869867,0.425701
27.472,-0.147262,-0.0276117,0.78288,0.536529
27.474,-0.144194,-0.0245437,0.85799,0.636274
27.476,-0.141126,-0.0245437,0.925589,0.572647
27.478,-0.138058,-0.0214757,0.986428,0.66878
27.48,-0.13499,-0.0214757,1.04118,0.601902
27.482,-0.13499,-0.0184078,0.937065,0.69511
27.484,-0.131922,-0.0184078,0.996757,0.625599
27.486,-0.128854,-0.0153398,1.05048,0.716437
27.488,-0.125786,-0.0153398,1.09883,0.644794
27.49,-0.125786,-0.0122718,0.988946,0.733712
27.492,-0.122718,-0.0122718,1.04345,0.660341
27.494,-0.119651,-0.00920388,1.0925,0.747705
27.496,-0.119651,-0.00920388,0.983253,0.672935
27.498,-0.116583,-0.00613592,1.03833,0.759039
27.5,-0.116583,-0.00613592,0.934493,0.683135
27.502,-0.113515,-0.00613592,0.994442,0.614822
27.504,-0.110447,-0.00613592,1.0484,0.55334
27.506,-0.110447,-0.00613592,0.943556,0.498006
27.508,-0.110447,-0.00306796,0.8492,0.601603
27.51,-0.107379,-0.00306796,0.917678,0.541443
27.512,-0.107379,-0.00306796,0.825911,0.487299
27.514,-0.104311,-0.00306796,0.896718,0.438569
27.516,-0.104311,-0.00306796,0.807046,0.394712
27.518,-0.104311,-0.00306796,0.726341,0.355241
27.52,-0.101243,-0.00306796,0.807105,0.319717
27.522,-0.101243,0,0.726395,0.441143
27.524,-0.0981748,0,0.807153,0.397029
27.526,-0.0981748,0,0.726438,0.357326
27.528,-0.0951068,0,0.807192,0.321593
27.53,-0.0951068,0,0.726473,0.289434
27.532,-0.0951068,0,0.653826,0.260491
27.534,-0.0920388,0,0.741841,0.234441
27.536,-0.0920388,0,0.667657,0.210997
27.538,-0.0920388,0,0.600891,0.189898
27.54,-0.0889709,0,0.6942,0.170908
27.542,-0.0889709,0,0.62478,0.153817
27.544,-0.0859029,0,0.7157,0.138435
27.546,-0.0859029,0,0.64413,0.124592
27.548,-0.0859029,0,0.579717,0.112133
27.55,-0.082835,0,0.675144,0.100919
27.552,-0.082835,0,0.607629,0.0908274
27.554,-0.082835,0,0.546866,0.0817447
27.556,-0.082835,0,0.49218,0.0735702
27.558,-0.079767,0,0.59636,0.0662132
27.56,-0.079767,0,0.536724,0.0595919
27.562,-0.079767,0,0.483051,0.0536327
27.564,-0.076699,0,0.588144,0.0482694
27.566,-0.076699,0,0.52933,0.0434425
27.568,-0.0736311,0,0.629795,0.0390982
27.57,-0.0736311,0.00306796,0.566816,0.188586
27.572,-0.0736311,0.00306796,0.510134,0.169728
27.574,-0.0705631,0.00306796,0.612519,0.152755
27.576,-0.0705631,0.00306796,0.551267,0.13748
27.578,-0.0705631,0.00306796,0.49614,0.123732
27.58,-0.0674952,0.00306796,0.599924,0.111358
27.582,-0.0674952,0.00306796,0.539932,0.100223
27.584,-0.0674952,0.00306796,0.485939,0.0902003
27.586,-0.0644272,0.00306796,0.590743,0.0811803
27.588,-0.0644272,0.00306796,0.531669,0.0730623
27.59,-0.0613592,0.00306796,0.6319,0.065756
27.592,-0.0613592,0.00613592,0.56871,0.212579
27.594,-0.0613592,0.00613592,0.511839,0.191321
27.596,-0.0613592,0.00613592,0.460655,0.172189
27.598,-0.0582913,0.00613592,0.567988,0.15497
27.6,-0.0582913,0.00613592,0.511189,0.139473
27.602,-0.0582913,0.00306796,0.46007,-0.0278726
27.604,-0.0582913,0.00306796,0.414063,-0.0250853
27.606,-0.0552233,0.00306796,0.526055,-0.0225768
27.608,-0.0552233,0.00306796,0.473449,-0.0203191
27.61,-0.0552233,0.00306796,0.426104,-0.0182872
27.612,-0.0521553,0.00306796,0.536892,-0.0164585
27.614,-0.0521553,0.00306796,0.483203,-0.0148126
27.616,-0.0490874,0.00613592,0.588281,0.140067
27.618,-0.0490874,0.00613592,0.529452,0.12606
27.62,-0.0460194,0.00613592,0.629905,0.113454
27.622,-0.0460194,0.00613592,0.566915,0.102109
27.624,-0.0460194,0.00613592,0.510223,0.0918978
27.626,-0.0429515,0.00920388,0.612599,0.236106
27.628,-0.0429515,0.00920388,0.551339,0.212495
27.63,-0.0398835,0.00920388,0.649603,0.191246
27.632,-0.0398835,0.00920388,0.584643,0.172121
27.634,-0.0368155,0.00920388,0.679577,0.154909
27.636,-0.0337476,0.0122718,0.765017,0.292816
27.638,-0.0337476,0.0122718,0.688515,0.263535
27.64,-0.0306796,0.0153398,0.773062,0.390579
27.642,-0.0276117,0.0184078,0.849154,0.504919
27.644,-0.0276117,0.0184078,0.764238,0.454428
27.646,-0.0245437,0.0214757,0.841213,0.562383
27.648,-0.0245437,0.0214757,0.757091,0.506145
27.65,-0.0245437,0.0214757,0.681382,0.45553
27.652,-0.0214757,0.0214757,0.766642,0.409977
27.654,-0.0214757,0.0184078,0.689978,0.215581
27.656,-0.0214757,0.0184078,0.62098,0.194023
27.658,-0.0214757,0.0184078,0.558882,0.174621
27.66,-0.0214757,0.0184078,0.502994,0.157159
27.662,-0.0184078,0.0184078,0.606093,0.141443
27.664,-0.0184078,0.0214757,0.545483,0.280697
27.666,-0.0184078,0.0214757,0.490935,0.252627
27.668,-0.0184078,0.0214757,0.441842,0.227364
27.67,-0.0153398,0.0214757,0.551055,0.204628
27.672,-0.0153398,0.0214757,0.49595,0.184165
27.674,-0.0153398,0.0184078,0.446355,0.0123505
27.676,-0.0153398,0.0184078,0.401719,0.0111155
27.678,-0.0153398,0.0184078,0.361547,0.0100039
27.68,-0.0153398,0.0153398,0.325393,-0.144395
27.682,-0.0153398,0.0153398,0.292853,-0.129955
27.684,-0.0153398,0.0153398,0.263568,-0.11696
27.686,-0.0153398,0.0153398,0.237211,-0.105264
27.688,-0.0153398,0.0153398,0.21349,-0.0947373
27.69,-0.0122718,0.0153398,0.345539,-0.0852635
27.692,-0.0122718,0.0153398,0.310985,-0.0767372
27.694,-0.0122718,0.0184078,0.279887,0.0843346
27.696,-0.00920388,0.0184078,0.405296,0.0759011
27.698,-0.00920388,0.0184078,0.364767,0.068311
27.7,-0.00920388,0.0184078,0.32829,0.0614799
27.702,-0.00613592,0.0214757,0.448859,0.20873
27.704,-0.00613592,0.0214757,0.403973,0.187857
27.706,-0.00613592,0.0214757,0.363576,0.169071
27.708,-0.00306796,0.0214757,0.480616,0.152164
27.71,-0.00306796,0.0245437,0.432555,0.290346
27.712,-0,0.0245437,0.542697,0.261311
27.714,-0,0.0245437,0.488428,0.23518
27.716,-0,0.0245437,0.439585,0.211662
27.718,-0,0.0276117,0.395626,0.343894
27.72,-0,0.0276117,0.356064,0.309505
27.722,0.00306796,0.0276117,0.473855,0.278554
27.724,0.00306796,0.0276117,0.42647,0.250699
27.726,-0,0.0245437,0.230425,0.0722308
27.728,0.00306796,0.0245437,0.36078,0.0650077
27.73,-0,0.0245437,0.171304,0.0585069
27.732,-0,0.0245437,0.154174,0.0526562
27.734,-0,0.0214757,0.138756,-0.106007
27.736,-0,0.0214757,0.124881,-0.0954067
27.738,-0,0.0214757,0.112393,-0.0858661
27.74,-0,0.0214757,0.101153,-0.0772794
27.742,-0,0.0214757,0.0910381,-0.0695515
27.744,-0,0.0214757,0.0819343,-0.0625964
27.746,-0,0.0214757,0.0737409,-0.0563367
27.748,-0,0.0214757,0.0663668,-0.050703
27.75,-0,0.0214757,0.0597301,-0.0456327
27.752,-0,0.0214757,0.0537571,-0.0410695
27.754,0.00306796,0.0214757,0.201779,-0.0369625
27.756,0.00306796,0.0214757,0.181602,-0.0332663
27.758,0.00306796,0.0214757,0.163441,-0.0299396
27.76,0.00306796,0.0214757,0.147097,-0.0269457
27.762,0.00306796,0.0245437,0.132388,0.129147
27.764,0.00613592,0.0245437,0.272547,0.116232
27.766,0.00613592,0.0245437,0.245292,0.104609
27.768,0.00613592,0.0276117,0.220763,0.247546
27.77,0.00613592,0.0245437,0.198687,0.0693935
27.772,0.00613592,0.0245437,0.178818,0.0624542
27.774,0.00613592,0.0245437,0.160936,0.0562087
27.776,0.00306796,0.0245437,-0.00855552,0.0505879
27.778,0.00306796,0.0214757,-0.00769996,-0.107869
27.78,-0,0.0214757,-0.160328,-0.0970821
27.782,-0,0.0184078,-0.144295,-0.240772
27.784,-0.00306796,0.0153398,-0.283264,-0.370093
27.786,-0.00613592,0.0153398,-0.408335,-0.333084
27.788,-0.00613592,0.0122718,-0.367502,-0.453173
27.79,-0.00920388,0.00920388,-0.48415,-0.561254
27.792,-0.0122718,0.00613592,-0.589133,-0.658527
27.794,-0.0122718,0.00613592,-0.53022,-0.592674
27.796,-0.0153398,0.00306796,-0.630596,-0.686805
27.798,-0.0153398,0.00306796,-0.567536,-0.618124
27.8,-0.0184078,0,-0.664181,-0.70971
27.802,-0.0214757,0,-0.751161,-0.638739
27.804,-0.0214757,-0.00306796,-0.676045,-0.728263
27.806,-0.0214757,-0.00306796,-0.60844,-0.655437
27.808,-0.0245437,-0.00613592,-0.700994,-0.743291
27.81,-0.0245437,-0.00613592,-0.630895,-0.668962
27.812,-0.0245437,-0.00920388,-0.567805,-0.755464
27.814,-0.0276117,-0.00920388,-0.664423,-0.679918
27.816,-0.0276117,-0.00920388,-0.597981,-0.611926
27.818,-0.0276117,-0.0122718,-0.538183,-0.704131
27.82,-0.0276117,-0.0122718,-0.484364,-0.633718
27.822,-0.0306796,-0.0122718,-0.589326,-0.570346
27.824,-0.0306796,-0.0122718,-0.530393,-0.513312
27.826,-0.0306796,-0.0122718,-0.477354,-0.461981
27.828,-0.0306796,-0.0122718,-0.429619,-0.415782
27.83,-0.0306796,-0.0122718,-0.386657,-0.374204
27.832,-0.0306796,-0.0122718,-0.347991,-0.336784
27.834,-0.0306796,-0.0122718,-0.313192,-0.303105
27.836,-0.0276117,-0.0122718,-0.128475,-0.272795
27.838,-0.0276117,-0.0122718,-0.115627,-0.245515
27.84,-0.0276117,-0.00920388,-0.104064,-0.0675658
27.842,-0.0245437,-0.00920388,0.05974,-0.0608092
27.844,-0.0245437,-0.00613592,0.053766,0.0986698
27.846,-0.0245437,-0.00613592,0.0483894,0.0888028
27.848,-0.0245437,-0.00306796,0.0435505,0.233321
27.85,-0.0214757,-0.00306796,0.192594,0.209989
27.852,-0.0214757,0,0.173334,0.342388
27.854,-0.0214757,0,0.156001,0.308149
27.856,-0.0184078,0,0.293799,0.277334
27.858,-0.0184078,0.00306796,0.264419,0.402999
27.86,-0.0153398,0.00306796,0.391375,0.362699
27.862,-0.0153398,0.00613592,0.352238,0.479827
27.864,-0.0122718,0.00613592,0.470412,0.431844
27.866,-0.0122718,0.00920388,0.423371,0.542058
27.868,-0.0122718,0.00920388,0.381034,0.487852
27.87,-0.0122718,0.00920388,0.34293,0.439067
27.872,-0.00920388,0.0122718,0.462035,0.548558
27.874,-0.00920388,0.0122718,0.415832,0.493703
27.876,-0.00920388,0.0122718,0.374249,0.444332
27.878,-0.00920388,0.0122718,0.336824,0.399899
27.88,-0.00920388,0.0122718,0.303141,0.359909
27.882,-0.00920388,0.0122718,0.272827,0.323918
27.884,-0.00920388,0.0122718,0.245545,0.291526
27.886,-0.00920388,0.0122718,0.22099,0.262374
27.888,-0.00920388,0.0122718,0.198891,0.236136
27.89,-0.00920388,0.0122718,0.179002,0.212523
27.892,-0.00920388,0.0122718,0.161102,0.19127
27.894,-0.00613592,0.0122718,0.29839,0.172143
27.896,-0.00613592,0.0153398,0.268551,0.308327
27.898,-0.00613592,0.0153398,0.241696,0.277494
27.9,-0.00306796,0.0184078,0.370924,0.403143
27.902,-0.00306796,0.0184078,0.333832,0.362829
27.904,-0.00306796,0.0214757,0.300449,0.479944
27.906,-0.00306796,0.0214757,0.270404,0.43195
27.908,-0.00306796,0.0214757,0.243363,0.388755
27.91,-0.00306796,0.0214757,0.219027,0.349879
27.912,-0.00306796,0.0214757,0.197124,0.314891
27.914,-0.00306796,0.0214757,0.177412,0.283402
27.916,-0.00613592,0.0214757,0.0062726,0.255062
27.918,-0.00613592,0.0184078,0.00564534,0.0761576
27.92,-0.00613592,0.0184078,0.00508081,0.0685419
27.922,-0.00920388,0.0184078,-0.148825,0.0616877
27.924,-0.00920388,0.0153398,-0.133943,-0.0978792
27.926,-0.0122718,0.0153398,-0.273947,-0.0880912
27.928,-0.0122718,0.0122718,-0.246552,-0.23268
27.93,-0.0153398,0.0122718,-0.375295,-0.209412
27.932,-0.0153398,0.00920388,-0.337765,-0.341869
27.934,-0.0184078,0.00920388,-0.457387,-0.307682
27.936,-0.0214757,0.00613592,-0.565046,-0.430312
27.938,-0.0214757,0.00613592,-0.508542,-0.387281
27.94,-0.0245437,0.00306796,-0.611086,-0.501951
27.942,-0.0276117,0,-0.703375,-0.605154
27.944,-0.0276117,0,-0.633038,-0.544638
27.946,-0.0306796,-0.00306796,-0.723132,-0.643573
27.948,-0.0337476,-0.00306796,-0.804217,-0.579215
27.95,-0.0337476,-0.00613592,-0.723795,-0.674692
27.952,-0.0337476,-0.00920388,-0.651416,-0.760621
27.954,-0.0368155,-0.00920388,-0.739672,-0.684559
27.956,-0.0368155,-0.00920388,-0.665705,-0.616103
27.958,-0.0368155,-0.00920388,-0.599134,-0.554493
27.96,-0.0368155,-0.00613592,-0.539221,-0.345645
27.962,-0.0368155,-0.00613592,-0.485299,-0.311081
27.964,-0.0368155,-0.00613592,-0.436769,-0.279973
27.966,-0.0368155,-0.00613592,-0.393092,-0.251975
27.968,-0.0368155,-0.00613592,-0.353783,-0.226778
27.97,-0.0368155,-0.00613592,-0.318405,-0.2041
27.972,-0.0368155,-0.00613592,-0.286564,-0.18369
27.974,-0.0368155,-0.00613592,-0.257908,-0.165321
27.976,-0.0368155,-0.00613592,-0.232117,-0.148789
27.978,-0.0368155,-0.00306796,-0.208905,0.019488
27.98,-0.0368155,-0.00306796,-0.188015,0.0175392
27.982,-0.0337476,-0.00306796,-0.0158152,0.0157853
27.984,-0.0337476,0,-0.0142337,0.167605
27.986,-0.0337476,0.00306796,-0.0128103,0.304242
27.988,-0.0337476,0.00306796,-0.0115293,0.273818
27.99,-0.0337476,0.00306796,-0.0103763,0.246436
27.992,-0.0306796,0.00613592,0.144059,0.375191
27.994,-0.0337476,0.00613592,-0.0237446,0.337672
27.996,-0.0337476,0.00613592,-0.0213702,0.303905
27.998,-0.0337476,0.00613592,-0.0192332,0.273514
28,-0.0337476,0.00613592,-0.0173098,0.246163
28.002,-0.0337476,0.00613592,-0.0155789,0.221546
28.004,-0.0337476,0.00306796,-0.014021,0.0459937
28.006,-0.0368155,0.00306796,-0.166017,0.0413943
28.008,-0.0368155,0.00306796,-0.149415,0.0372549
28.01,-0.0398835,0.00306796,-0.287872,0.0335294
28.012,-0.0398835,0,-0.259085,-0.123222
28.014,-0.0429515,0,-0.386574,-0.110899
28.016,-0.0460194,-0.00306796,-0.501315,-0.253208
28.018,-0.0490874,-0.00613592,-0.604581,-0.381285
28.02,-0.0490874,-0.00920388,-0.544123,-0.496554
28.022,-0.0521553,-0.0122718,-0.643109,-0.600297
28.024,-0.0552233,-0.0153398,-0.732196,-0.693665
28.026,-0.0582913,-0.0184078,-0.812375,-0.777697
28.028,-0.0613592,-0.0214757,-0.884535,-0.853325
28.03,-0.0644272,-0.0245437,-0.94948,-0.921391
28.032,-0.0674952,-0.0276117,-1.00793,-0.98265
28.034,-0.0705631,-0.0306796,-1.06054,-1.03778
28.036,-0.0736311,-0.0337476,-1.10788,-1.0874
28.038,-0.0736311,-0.0337476,-0.997092,-0.978663
28.04,-0.0736311,-0.0368155,-0.897382,-1.03419
28.042,-0.076699,-0.0368155,-0.961042,-0.930775
28.044,-0.076699,-0.0368155,-0.864938,-0.837697
28.046,-0.076699,-0.0368155,-0.778444,-0.753928
28.048,-0.076699,-0.0368155,-0.7006,-0.678535
28.05,-0.076699,-0.0368155,-0.63054,-0.610681
28.052,-0.079767,-0.0368155,-0.720884,-0.549613
28.054,-0.079767,-0.0337476,-0.648796,-0.341254
28.056,-0.079767,-0.0337476,-0.583916,-0.307128
28.058,-0.079767,-0.0337476,-0.525524,-0.276416
28.06,-0.079767,-0.0337476,-0.472972,-0.248774
28.062,-0.079767,-0.0337476,-0.425675,-0.223897
28.064,-0.079767,-0.0337476,-0.383107,-0.201507
28.066,-0.079767,-0.0337476,-0.344797,-0.181356
28.068,-0.079767,-0.0337476,-0.310317,-0.163221
28.07,-0.079767,-0.0337476,-0.279285,-0.146899
28.072,-0.079767,-0.0337476,-0.251357,-0.132209
28.074,-0.079767,-0.0337476,-0.226221,-0.118988
28.076,-0.079767,-0.0337476,-0.203599,-0.107089
28.078,-0.079767,-0.0337476,-0.183239,-0.0963802
28.08,-0.079767,-0.0337476,-0.164915,-0.0867422
28.082,-0.082835,-0.0368155,-0.301822,-0.231466
28.084,-0.082835,-0.0368155,-0.27164,-0.208319
28.086,-0.082835,-0.0368155,-0.244476,-0.187487
28.088,-0.082835,-0.0368155,-0.220028,-0.168739
28.09,-0.082835,-0.0368155,-0.198025,-0.151865
28.092,-0.082835,-0.0368155,-0.178223,-0.136678
28.094,-0.082835,-0.0368155,-0.1604,-0.123011
28.096,-0.082835,-0.0368155,-0.14436,-0.110709
28.098,-0.082835,-0.0368155,-0.129924,-0.0996385
28.1,-0.082835,-0.0368155,-0.116932,-0.0896747
28.102,-0.079767,-0.0368155,0.0481594,-0.0807072
28.104,-0.079767,-0.0368155,0.0433434,-0.0726365
28.106,-0.076699,-0.0368155,0.192407,-0.0653728
28.108,-0.0736311,-0.0337476,0.326565,0.0945625
28.11,-0.0736311,-0.0306796,0.293908,0.238504
28.112,-0.0705631,-0.0306796,0.417915,0.214654
28.114,-0.0705631,-0.0276117,0.376124,0.346587
28.116,-0.0674952,-0.0245437,0.49191,0.465326
28.118,-0.0644272,-0.0245437,0.596117,0.418793
28.12,-0.0613592,-0.0214757,0.689903,0.530312
28.122,-0.0613592,-0.0184078,0.620913,0.630679
28.124,-0.0582913,-0.0184078,0.71222,0.567611
28.126,-0.0582913,-0.0153398,0.640998,0.664248
28.128,-0.0552233,-0.0153398,0.730296,0.597823
28.13,-0.0552233,-0.0122718,0.657266,0.691439
28.132,-0.0552233,-0.0122718,0.59154,0.622295
28.134,-0.0521553,-0.0122718,0.685784,0.560066
28.136,-0.0552233,-0.0122718,0.463807,0.504059
28.138,-0.0521553,-0.0122718,0.570825,0.453653
28.14,-0.0552233,-0.0122718,0.360344,0.408288
28.142,-0.0552233,-0.0153398,0.32431,0.214061
28.144,-0.0552233,-0.0153398,0.291879,0.192655
28.146,-0.0552233,-0.0153398,0.262691,0.173389
28.148,-0.0552233,-0.0153398,0.236422,0.15605
28.15,-0.0552233,-0.0184078,0.21278,-0.0129527
28.152,-0.0582913,-0.0184078,0.0381036,-0.0116574
28.154,-0.0582913,-0.0214757,0.0342932,-0.16389
28.156,-0.0582913,-0.0214757,0.0308639,-0.147501
28.158,-0.0582913,-0.0245437,0.0277775,-0.286149
28.16,-0.0582913,-0.0245437,0.0249998,-0.257534
28.162,-0.0582913,-0.0276117,0.0224998,-0.385179
28.164,-0.0613592,-0.0276117,-0.133148,-0.346661
28.166,-0.0613592,-0.0276117,-0.119833,-0.311995
28.168,-0.0613592,-0.0306796,-0.10785,-0.434193
28.17,-0.0582913,-0.0306796,0.056333,-0.390774
28.172,-0.0582913,-0.0306796,0.0506997,-0.351697
28.174,-0.0582913,-0.0276117,0.0456297,-0.163129
28.176,-0.0552233,-0.0276117,0.194465,-0.146816
28.178,-0.0552233,-0.0276117,0.175018,-0.132134
28.18,-0.0521553,-0.0245437,0.310915,0.0344772
28.182,-0.0490874,-0.0214757,0.433221,0.184428
28.184,-0.0460194,-0.0184078,0.543297,0.319383
28.186,-0.0429515,-0.0184078,0.642366,0.287445
28.188,-0.0429515,-0.0153398,0.578129,0.412098
28.19,-0.0398835,-0.0122718,0.673714,0.524286
28.192,-0.0398835,-0.0122718,0.606343,0.471858
28.194,-0.0368155,-0.0122718,0.699107,0.424672
28.196,-0.0368155,-0.0122718,0.629196,0.382205
28.198,-0.0368155,-0.0122718,0.566276,0.343984
28.2,-0.0368155,-0.0122718,0.509649,0.309586
28.202,-0.0368155,-0.0122718,0.458684,0.278627
28.204,-0.0337476,-0.0122718,0.566214,0.250765
28.206,-0.0337476,-0.0122718,0.509592,0.225688
28.208,-0.0337476,-0.0122718,0.458633,0.203119
28.21,-0.0337476,-0.0122718,0.41277,0.182807
28.212,-0.0306796,-0.0122718,0.524891,0.164527
28.214,-0.0306796,-0.00920388,0.472402,0.301472
28.216,-0.0306796,-0.00920388,0.425162,0.271325
28.218,-0.0245437,-0.00920388,0.689442,0.244192
28.22,-0.0245437,-0.00613592,0.620497,0.373171
28.222,-0.0214757,-0.00613592,0.711846,0.335854
28.224,-0.0214757,-0.00306796,0.640661,0.455667
28.226,-0.0184078,-0.00306796,0.729993,0.4101
28.228,-0.0184078,0,0.656994,0.522488
28.23,-0.0153398,0,0.744692,0.470239
28.232,-0.0122718,0,0.823621,0.423215
28.234,-0.0122718,0,0.741259,0.380894
28.236,-0.0122718,0,0.667133,0.342804
28.238,-0.00920388,0.00306796,0.753818,0.461922
28.24,-0.00920388,0.00306796,0.678436,0.41573
28.242,-0.00920388,0.00306796,0.610593,0.374157
28.244,-0.00613592,0.00306796,0.702931,0.336741
28.246,-0.00306796,0.00306796,0.786036,0.303067
28.248,-0.00306796,0.00306796,0.707433,0.27276
28.25,-0.00306796,0.00613592,0.636689,0.398882
28.252,-0,0.00613592,0.726419,0.358994
28.254,-0,0.00613592,0.653777,0.323095
28.256,0.00306796,0.00613592,0.741797,0.290785
28.258,0.00306796,0.00920388,0.667617,0.415105
28.26,0.00306796,0.00920388,0.600856,0.373594
28.262,0.00613592,0.00920388,0.694168,0.336235
28.264,0.00613592,0.0122718,0.624751,0.45601
28.266,0.00613592,0.0122718,0.562276,0.410409
28.268,0.00920388,0.0122718,0.659447,0.369368
28.27,0.00920388,0.0122718,0.593502,0.332431
28.272,0.00920388,0.0122718,0.534152,0.299188
28.274,0.0122718,0.0122718,0.634135,0.269269
28.276,0.0122718,0.0122718,0.570721,0.242342
28.278,0.0122718,0.0153398,0.513649,0.371506
28.28,0.0153398,0.0153398,0.615682,0.334355
28.282,0.0153398,0.0153398,0.554114,0.30092
28.284,0.0184078,0.0184078,0.652101,0.424226
28.286,0.0214757,0.0184078,0.740289,0.381803
28.288,0.0214757,0.0214757,0.66626,0.497021
28.29,0.0245437,0.0214757,0.753032,0.447319
28.292,0.0245437,0.0245437,0.677729,0.555985
28.294,0.0276117,0.0245437,0.763354,0.500387
28.296,0.0276117,0.0245437,0.687019,0.450348
28.298,0.0306796,0.0276117,0.771715,0.558711
28.3,0.0306796,0.0276117,0.694543,0.50284
28.302,0.0306796,0.0276117,0.625089,0.452556
28.304,0.0306796,0.0276117,0.56258,0.407301
28.306,0.0337476,0.0276117,0.65972,0.36657
28.308,0.0337476,0.0276117,0.593748,0.329913
28.31,0.0337476,0.0245437,0.534373,0.143524
28.312,0.0337476,0.0245437,0.480936,0.129172
28.314,0.0306796,0.0245437,0.279444,0.116254
28.316,0.0306796,0.0245437,0.2515,0.104629
28.318,0.0306796,0.0245437,0.22635,0.0941661
28.32,0.0306796,0.0214757,0.203715,-0.0686486
28.322,0.0306796,0.0214757,0.183343,-0.0617837
28.324,0.0306796,0.0214757,0.165009,-0.0556054
28.326,0.0306796,0.0214757,0.148508,-0.0500448
28.328,0.0276117,0.0184078,-0.0197407,-0.198438
28.33,0.0276117,0.0184078,-0.0177667,-0.178595
28.332,0.0276117,0.0184078,-0.01599,-0.160735
28.334,0.0276117,0.0153398,-0.014391,-0.29806
28.336,0.0276117,0.0153398,-0.0129519,-0.268254
28.338,0.0276117,0.0153398,-0.0116567,-0.241428
28.34,0.0276117,0.0153398,-0.010491,-0.217286
28.342,0.0276117,0.0153398,-0.00944193,-0.195557
28.344,0.0276117,0.0153398,-0.00849774,-0.176001
28.346,0.0276117,0.0153398,-0.00764796,-0.158401
28.348,0.0276117,0.0153398,-0.00688317,-0.142561
28.35,0.0276117,0.0153398,-0.00619485,-0.128305
28.352,0.0245437,0.0153398,-0.158973,-0.115474
28.354,0.0245437,0.0122718,-0.143076,-0.257325
28.356,0.0245437,0.0122718,-0.128768,-0.231593
28.358,0.0245437,0.0122718,-0.115892,-0.208433
28.36,0.0214757,0.00920388,-0.257701,-0.340988
28.362,0.0214757,0.00920388,-0.23193,-0.306889
28.364,0.0184078,0.00613592,-0.362136,-0.429598
28.366,0.0184078,0.00306796,-0.325922,-0.540037
28.368,0.0153398,0.00306796,-0.446728,-0.486033
28.37,0.0153398,0,-0.402055,-0.590828
28.372,0.0122718,0,-0.515248,-0.531745
28.374,0.0122718,-0.00306796,-0.463723,-0.631969
28.376,0.0122718,-0.00306796,-0.417351,-0.568772
28.378,0.0122718,-0.00306796,-0.375616,-0.511895
28.38,0.0122718,-0.00613592,-0.338054,-0.614103
28.382,0.00920388,-0.00613592,-0.457647,-0.552693
28.384,0.00920388,-0.00613592,-0.411882,-0.497424
28.386,0.00920388,-0.00613592,-0.370694,-0.447681
28.388,0.00920388,-0.00613592,-0.333624,-0.402913
28.39,0.00920388,-0.00613592,-0.300262,-0.362622
28.392,0.00920388,-0.00613592,-0.270236,-0.32636
28.394,0.0122718,-0.00613592,-0.0898141,-0.293724
28.396,0.0122718,-0.00613592,-0.0808327,-0.264351
28.398,0.0122718,-0.00306796,-0.0727494,-0.0845181
28.4,0.0122718,-0.00306796,-0.0654745,-0.0760663
28.402,0.0122718,-0.00613592,-0.058927,-0.221858
28.404,0.0122718,-0.00613592,-0.0530343,-0.199672
28.406,0.00920388,-0.00613592,-0.201129,-0.179705
28.408,0.00920388,-0.00613592,-0.181016,-0.161734
28.41,0.00920388,-0.00613592,-0.162914,-0.145561
28.412,0.00920388,-0.00613592,-0.146623,-0.131005
28.414,0.00920388,-0.00613592,-0.131961,-0.117904
28.416,0.00920388,-0.00613592,-0.118765,-0.106114
28.418,0.00920388,-0.00920388,-0.106888,-0.248901
28.42,0.00920388,-0.00920388,-0.0961994,-0.22401
28.422,0.00920388,-0.00920388,-0.0865794,-0.201609
28.424,0.00920388,-0.00920388,-0.0779215,-0.181449
28.426,0.00920388,-0.00920388,-0.0701293,-0.163304
28.428,0.00920388,-0.00920388,-0.0631164,-0.146973
28.43,0.00920388,-0.00920388,-0.0568048,-0.132276
28.432,0.00920388,-0.00613592,-0.0511243,0.0343497
28.434,0.00920388,-0.00613592,-0.0460119,0.0309147
28.436,0.00920388,-0.00613592,-0.0414107,0.0278233
28.438,0.0122718,-0.00613592,0.116128,0.0250409
28.44,0.0122718,-0.00613592,0.104516,0.0225368
28.442,0.0122718,-0.00613592,0.0940641,0.0202832
28.444,0.0122718,-0.00613592,0.0846577,0.0182548
28.446,0.0122718,-0.00613592,0.0761919,0.0164294
28.448,0.0122718,-0.00613592,0.0685727,0.0147864
28.45,0.00920388,-0.00613592,-0.0916826,0.0133078
28.452,0.00920388,-0.00920388,-0.0825144,-0.141421
28.454,0.00920388,-0.00920388,-0.0742629,-0.127279
28.456,0.00613592,-0.0122718,-0.220235,-0.267949
28.458,0.00613592,-0.0122718,-0.198211,-0.241154
28.46,0.00306796,-0.0153398,-0.331788,-0.370437
28.462,0.00306796,-0.0153398,-0.298609,-0.333393
28.464,0.00306796,-0.0153398,-0.268748,-0.300054
28.466,0.00306796,-0.0184078,-0.241874,-0.423447
28.468,-0,-0.0184078,-0.371084,-0.381102
28.47,-0,-0.0214757,-0.333976,-0.49639
28.472,-0,-0.0214757,-0.300578,-0.446751
28.474,-0,-0.0214757,-0.27052,-0.402076
28.476,-0,-0.0214757,-0.243468,-0.361868
28.478,-0,-0.0214757,-0.219122,-0.325681
28.48,-0,-0.0214757,-0.197209,-0.293113
28.482,0.00306796,-0.0214757,-0.0240904,-0.263802
28.484,0.00306796,-0.0214757,-0.0216814,-0.237422
28.486,0.00306796,-0.0184078,-0.0195132,-0.0602815
28.488,0.00613592,-0.0184078,0.135836,-0.0542533
28.49,0.00920388,-0.0153398,0.275651,0.10457
28.492,0.0122718,-0.0122718,0.401484,0.247511
28.494,0.0122718,-0.0122718,0.361335,0.22276
28.496,0.0153398,-0.00920388,0.4786,0.353882
28.498,0.0184078,-0.00613592,0.584138,0.471892
28.5,0.0214757,-0.00306796,0.679122,0.578101
28.502,0.0245437,0,0.764608,0.673689
28.504,0.0245437,0.00306796,0.688147,0.759718
28.506,0.0276117,0.00613592,0.772731,0.837144
28.508,0.0276117,0.00613592,0.695458,0.75343
28.51,0.0306796,0.00920388,0.77931,0.831485
28.512,0.0306796,0.00920388,0.701379,0.748336
28.514,0.0306796,0.00920388,0.631241,0.673503
28.516,0.0337476,0.00920388,0.721515,0.606153
28.518,0.0337476,0.00920388,0.649363,0.545537
28.52,0.0337476,0.00920388,0.584427,0.490984
28.522,0.0306796,0.00613592,0.372586,0.288487
28.524,0.0306796,0.00613592,0.335328,0.259638
28.526,0.0306796,0.00613592,0.301795,0.233675
28.528,0.0306796,0.00613592,0.271615,0.210307
28.53,0.0306796,0.00613592,0.244454,0.189276
28.532,0.0306796,0.00613592,0.220009,0.170349
28.534,0.0306796,0.00613592,0.198008,0.153314
28.536,0.0306796,0.00613592,0.178207,0.137983
28.538,0.0306796,0.00613592,0.160386,0.124184
28.54,0.0306796,0.00613592,0.144348,0.111766
28.542,0.0306796,0.00613592,0.129913,0.100589
28.544,0.0306796,0.00613592,0.116922,0.0905303
28.546,0.0306796,0.00306796,0.105229,-0.0719208
28.548,0.0306796,0.00306796,0.0947064,-0.0647287
28.55,0.0306796,0.00306796,0.0852358,-0.0582558
28.552,0.0306796,0.00306796,0.0767122,-0.0524303
28.554,0.0306796,0.00306796,0.069041,-0.0471872
28.556,0.0306796,0.00306796,0.0621369,-0.0424685
28.558,0.0306796,0.00306796,0.0559232,-0.0382217
28.56,0.0306796,0.00306796,0.0503309,-0.0343995
28.562,0.0306796,0,0.0452978,-0.184358
28.564,0.0306796,0,0.040768,-0.165922
28.566,0.0306796,0,0.0366912,-0.14933
28.568,0.0306796,0,0.0330221,-0.134397
28.57,0.0306796,0,0.0297199,-0.120957
28.572,0.0306796,0,0.0267479,-0.108861
28.574,0.0276117,0,-0.129325,-0.0979752
28.576,0.0276117,0,-0.116392,-0.0881777
28.578,0.0276117,0,-0.104753,-0.0793599
28.58,0.0276117,0,-0.0942779,-0.0714239
28.582,0.0276117,0,-0.0848501,-0.0642815
28.584,0.0276117,0,-0.0763651,-0.0578534
28.586,0.0276117,-0.00306796,-0.0687286,-0.205466
28.588,0.0276117,-0.00306796,-0.0618557,-0.18492
28.59,0.0276117,-0.00306796,-0.0556702,-0.166428
28.592,0.0276117,-0.00306796,-0.0501031,-0.149785
28.594,0.0245437,-0.00613592,-0.198491,-0.288204
28.596,0.0245437,-0.00613592,-0.178642,-0.259384
28.598,0.0245437,-0.00613592,-0.160778,-0.233446
28.6,0.0245437,-0.00613592,-0.1447,-0.210101
28.602,0.0245437,-0.00613592,-0.13023,-0.189091
28.604,0.0245437,-0.00613592,-0.117207,-0.170182
28.606,0.0245437,-0.00613592,-0.105486,-0.153164
28.608,0.0245437,-0.00613592,-0.0949376,-0.137847
28.61,0.0245437,-0.00613592,-0.0854438,-0.124063
28.612,0.0245437,-0.00613592,-0.0768994,-0.111656
28.614,0.0276117,-0.00613592,0.0841886,-0.100491
28.616,0.0276117,-0.00613592,0.0757697,-0.0904416
28.618,0.0276117,-0.00613592,0.0681927,-0.0813974
28.62,0.0276117,-0.00613592,0.0613735,-0.0732577
28.622,0.0276117,-0.00613592,0.0552361,-0.0659319
28.624,0.0276117,-0.00613592,0.0497125,-0.0593387
28.626,0.0276117,-0.00613592,0.0447413,-0.0534049
28.628,0.0245437,-0.00613592,-0.113131,-0.0480644
28.63,0.0245437,-0.00920388,-0.101818,-0.196656
28.632,0.0245437,-0.00920388,-0.0916361,-0.17699
28.634,0.0245437,-0.0122718,-0.0824725,-0.312689
28.636,0.0214757,-0.0122718,-0.227623,-0.281421
28.638,0.0214757,-0.0122718,-0.204861,-0.253278
28.64,0.0214757,-0.0153398,-0.184375,-0.381349
28.642,0.0184078,-0.0153398,-0.319335,-0.343214
28.644,0.0184078,-0.0153398,-0.287402,-0.308892
28.646,0.0184078,-0.0153398,-0.258662,-0.278003
28.648,0.0184078,-0.0153398,-0.232796,-0.250203
28.65,0.0184078,-0.0153398,-0.209516,-0.225183
28.652,0.0214757,-0.0153398,-0.0351663,-0.202664
28.654,0.0214757,-0.0153398,-0.0316497,-0.182398
28.656,0.0245437,-0.0122718,0.124913,-0.01076
28.658,0.0245437,-0.0122718,0.112422,-0.00968402
28.66,0.0245437,-0.00920388,0.10118,0.144682
28.662,0.0245437,-0.00920388,0.0910618,0.130214
28.664,0.0276117,-0.00920388,0.235354,0.117193
28.666,0.0276117,-0.00920388,0.211818,0.105474
28.668,0.0276117,-0.00920388,0.190637,0.0949262
28.67,0.0276117,-0.00920388,0.171573,0.0854335
28.672,0.0276117,-0.00920388,0.154416,0.0768902
28.674,0.0276117,-0.00920388,0.138974,0.0692012
28.676,0.0276117,-0.0122718,0.125077,-0.091117
28.678,0.0276117,-0.0122718,0.112569,-0.0820053
28.68,0.0276117,-0.0122718,0.101312,-0.0738048
28.682,0.0276117,-0.0122718,0.0911809,-0.0664243
28.684,0.0276117,-0.0122718,0.0820628,-0.0597819
28.686,0.0276117,-0.0122718,0.0738565,-0.0538037
28.688,0.0276117,-0.0122718,0.0664708,-0.0484233
28.69,0.0276117,-0.00920388,0.0598238,0.109817
28.692,0.0306796,-0.00920388,0.207239,0.0988354
28.694,0.0306796,-0.00920388,0.186516,0.0889518
28.696,0.0337476,-0.00613592,0.321262,0.233455
28.698,0.0337476,-0.00613592,0.289136,0.210109
28.7,0.0368155,-0.00306796,0.41362,0.342496
28.702,0.0368155,-0.00306796,0.372258,0.308247
28.704,0.0368155,-0.00306796,0.335032,0.277422
28.706,0.0398835,0,0.454927,0.403078
28.708,0.0398835,0,0.409435,0.36277
28.71,0.0398835,0,0.368491,0.326493
28.712,0.0398835,0,0.331642,0.293844
28.714,0.0429515,0.00306796,0.451876,0.417858
28.716,0.0429515,0.00306796,0.406688,0.376072
28.718,0.0429515,0.00306796,0.366019,0.338465
28.72,0.0429515,0.00306796,0.329418,0.304618
28.722,0.0429515,0.00306796,0.296476,0.274156
28.724,0.0429515,0.00306796,0.266828,0.246741
28.726,0.0429515,0,0.240145,0.0686685
28.728,0.0429515,0,0.216131,0.0618017
28.73,0.0429515,0,0.194518,0.0556215
28.732,0.0429515,0,0.175066,0.0500594
28.734,0.0398835,0,0.0041613,0.0450534
28.736,0.0398835,-0.00306796,0.00374517,-0.11285
28.738,0.0398835,-0.00306796,0.00337065,-0.101565
28.74,0.0398835,-0.00306796,0.00303359,-0.0914085
28.742,0.0398835,-0.00306796,0.00273023,-0.0822676
28.744,0.0368155,-0.00613592,-0.150941,-0.227439
28.746,0.0368155,-0.00920388,-0.135847,-0.358093
28.748,0.0368155,-0.00920388,-0.122262,-0.322284
28.75,0.0337476,-0.0122718,-0.263434,-0.443454
28.752,0.0337476,-0.0122718,-0.237091,-0.399108
28.754,0.0306796,-0.0122718,-0.36678,-0.359197
28.756,0.0306796,-0.0153398,-0.330102,-0.476676
28.758,0.0306796,-0.0184078,-0.297091,-0.582406
28.76,0.0276117,-0.0184078,-0.42078,-0.524166
28.762,0.0276117,-0.0214757,-0.378702,-0.625147
28.764,0.0276117,-0.0214757,-0.340832,-0.562632
28.766,0.0245437,-0.0245437,-0.460147,-0.659767
28.768,0.0245437,-0.0245437,-0.414132,-0.593791
28.77,0.0214757,-0.0245437,-0.526117,-0.534411
28.772,0.0214757,-0.0276117,-0.473505,-0.634368
28.774,0.0184078,-0.0306796,-0.579553,-0.72433
28.776,0.0184078,-0.0306796,-0.521598,-0.651897
28.778,0.0153398,-0.0337476,-0.622836,-0.740105
28.78,0.0122718,-0.0368155,-0.71395,-0.819493
28.782,0.0122718,-0.0398835,-0.642555,-0.890941
28.784,0.00920388,-0.0429515,-0.731698,-0.955245
28.786,0.00920388,-0.0460194,-0.658528,-1.01312
28.788,0.00613592,-0.0460194,-0.746073,-0.911807
28.79,0.00613592,-0.0490874,-0.671466,-0.974024
28.792,0.00306796,-0.0490874,-0.757718,-0.876622
28.794,0.00306796,-0.0521553,-0.681946,-0.942358
28.796,0.00306796,-0.0521553,-0.613751,-0.848122
28.798,0.00306796,-0.0521553,-0.552376,-0.76331
28.8,0.00306796,-0.0552233,-0.497138,-0.840377
28.802,0.00306796,-0.0552233,-0.447425,-0.756339
28.804,-0,-0.0552233,-0.55608,-0.680705
28.806,0.00306796,-0.0582913,-0.347074,-0.766033
28.808,-0,-0.0582913,-0.465765,-0.68943
28.81,0.00306796,-0.0582913,-0.26579,-0.620487
28.812,0.00306796,-0.0582913,-0.239211,-0.558438
28.814,0.00306796,-0.0582913,-0.21529,-0.502594
28.816,0.00306796,-0.0582913,-0.193761,-0.452335
28.818,0.00306796,-0.0613592,-0.174385,-0.560499
28.82,0.00306796,-0.0613592,-0.156946,-0.504449
28.822,0.00306796,-0.0613592,-0.141252,-0.454004
28.824,0.00613592,-0.0582913,0.0262714,-0.255206
28.826,0.00920388,-0.0582913,0.177042,-0.229685
28.828,0.0122718,-0.0582913,0.312736,-0.206717
28.83,0.0153398,-0.0552233,0.434861,-0.0326471
28.832,0.0184078,-0.0521553,0.544773,0.124016
28.834,0.0214757,-0.0490874,0.643693,0.265012
28.836,0.0245437,-0.0460194,0.732722,0.391909
28.838,0.0276117,-0.0429515,0.812848,0.506116
28.84,0.0306796,-0.0398835,0.884961,0.608903
28.842,0.0368155,-0.0368155,1.10326,0.701411
28.844,0.0398835,-0.0337476,1.14633,0.784668
28.846,0.0429515,-0.0306796,1.1851,0.859599
28.848,0.0490874,-0.0276117,1.37338,0.927037
28.85,0.0521553,-0.0245437,1.38944,0.987731
28.852,0.0552233,-0.0214757,1.4039,1.04236
28.854,0.0582913,-0.0184078,1.41691,1.09152
28.856,0.0644272,-0.0153398,1.58201,1.13577
28.858,0.0674952,-0.0122718,1.57721,1.17559
28.86,0.0705631,-0.00920388,1.57289,1.21143
28.862,0.0736311,-0.00613592,1.569,1.24368
28.864,0.076699,-0.00306796,1.56549,1.27271
28.866,0.079767,0,1.56234,1.29884
28.868,0.082835,0,1.55951,1.16895
28.87,0.0859029,0.00306796,1.55695,1.20546
28.872,0.0889709,0.00306796,1.55466,1.08491
28.874,0.0920388,0.00613592,1.55259,1.12982
28.876,0.0920388,0.00613592,1.39733,1.01684
28.878,0.0951068,0.00920388,1.411,1.06855
28.88,0.0981748,0.00920388,1.42329,0.961696
28.882,0.101243,0.00920388,1.43436,0.865526
28.884,0.104311,0.0122718,1.44432,0.932372
28.886,0.104311,0.0122718,1.29989,0.839135
28.888,0.110447,0.0153398,1.4767,0.908619
28.89,0.110447,0.0153398,1.32903,0.817757
28.892,0.113515,0.0184078,1.34952,0.88938
28.894,0.116583,0.0214757,1.36797,0.95384
28.896,0.119651,0.0214757,1.38457,0.858456
28.898,0.122718,0.0245437,1.39951,0.926008
28.9,0.125786,0.0245437,1.41296,0.833407
28.902,0.131922,0.0276117,1.57846,0.903465
28.904,0.13499,0.0306796,1.57401,0.966516
28.906,0.138058,0.0368155,1.57001,1.17666
28.908,0.141126,0.0398835,1.56641,1.21239
28.91,0.147262,0.0429515,1.71656,1.24455
28.912,0.15033,0.0460194,1.6983,1.27349
28.914,0.153398,0.0490874,1.68187,1.29954
28.916,0.159534,0.0521553,1.82048,1.32299
28.918,0.159534,0.0552233,1.63843,1.34409
28.92,0.162602,0.0552233,1.62799,1.20968
28.922,0.16567,0.0582913,1.61859,1.24211
28.924,0.168738,0.0613592,1.61013,1.2713
28.926,0.171806,0.0613592,1.60251,1.14417
28.928,0.174874,0.0644272,1.59566,1.18315
28.93,0.174874,0.0674952,1.43609,1.21823
28.932,0.177942,0.0705631,1.44588,1.24981
28.934,0.18101,0.0705631,1.45469,1.12483
28.936,0.184078,0.0736311,1.46262,1.16574
28.938,0.187146,0.0736311,1.46976,1.04917
28.94,0.187146,0.076699,1.32278,1.09765
28.942,0.190214,0.076699,1.3439,0.987883
28.944,0.190214,0.079767,1.20951,1.04249
28.946,0.190214,0.079767,1.08856,0.938244
28.948,0.193282,0.079767,1.1331,0.844419
28.95,0.193282,0.079767,1.01979,0.759977
28.952,0.193282,0.079767,0.917812,0.68398
28.954,0.190214,0.079767,0.672633,0.615582
28.956,0.190214,0.076699,0.60537,0.400625
28.958,0.190214,0.076699,0.544833,0.360563
28.96,0.187146,0.0736311,0.336951,0.171109
28.962,0.187146,0.0705631,0.303256,0.000599583
28.964,0.184078,0.0705631,0.119533,0.000539625
28.966,0.184078,0.0705631,0.107579,0.000485662
28.968,0.184078,0.0674952,0.0968213,-0.152961
28.97,0.18101,0.0674952,-0.0662589,-0.137665
28.972,0.18101,0.0644272,-0.059633,-0.277296
28.974,0.177942,0.0644272,-0.207068,-0.249567
28.976,0.177942,0.0644272,-0.186361,-0.22461
28.978,0.174874,0.0613592,-0.321123,-0.355547
28.98,0.174874,0.0613592,-0.289011,-0.319992
28.982,0.174874,0.0613592,-0.26011,-0.287993
28.984,0.171806,0.0582913,-0.387497,-0.412592
28.986,0.168738,0.0582913,-0.502145,-0.371333
28.988,0.168738,0.0552233,-0.451931,-0.487598
28.99,0.16567,0.0521553,-0.560136,-0.592236
28.992,0.162602,0.0521553,-0.65752,-0.533012
28.994,0.162602,0.0490874,-0.591768,-0.633109
28.996,0.159534,0.0490874,-0.685989,-0.569798
28.998,0.156466,0.0460194,-0.770789,-0.666217
29,0.153398,0.0429515,-0.847108,-0.752993
29.002,0.15033,0.0429515,-0.915795,-0.677694
29.004,0.147262,0.0398835,-0.977614,-0.763322
29.006,0.144194,0.0368155,-1.03325,-0.840388
29.008,0.141126,0.0337476,-1.08332,-0.909747
29.01,0.138058,0.0306796,-1.12839,-0.972171
29.012,0.13499,0.0306796,-1.16895,-0.874954
29.014,0.131922,0.0276117,-1.20545,-0.940856
29.016,0.128854,0.0245437,-1.2383,-1.00017
29.018,0.125786,0.0214757,-1.26787,-1.05355
29.02,0.122718,0.0184078,-1.29448,-1.10159
29.022,0.119651,0.0153398,-1.31843,-1.14483
29.024,0.116583,0.0122718,-1.33999,-1.18375
29.026,0.113515,0.0122718,-1.35939,-1.06537
29.028,0.110447,0.00920388,-1.37685,-1.11223
29.03,0.107379,0.00613592,-1.39256,-1.15441
29.032,0.104311,0.00613592,-1.4067,-1.03897
29.034,0.101243,0.00306796,-1.41943,-1.08847
29.036,0.101243,0,-1.27749,-1.13302
29.038,0.0951068,-0.00306796,-1.45653,-1.17312
29.04,0.0951068,-0.00613592,-1.31088,-1.2092
29.042,0.0889709,-0.00613592,-1.48659,-1.08828
29.044,0.0889709,-0.00920388,-1.33793,-1.13285
29.046,0.0859029,-0.0122718,-1.35754,-1.17296
29.048,0.082835,-0.0153398,-1.37518,-1.20907
29.05,0.079767,-0.0153398,-1.39106,-1.08816
29.052,0.076699,-0.0184078,-1.40535,-1.13274
29.054,0.0736311,-0.0214757,-1.41821,-1.17287
29.056,0.0674952,-0.0245437,-1.58319,-1.20898
29.058,0.0644272,-0.0276117,-1.57827,-1.24148
29.06,0.0613592,-0.0306796,-1.57384,-1.27073
29.062,0.0582913,-0.0337476,-1.56985,-1.29705
29.064,0.0552233,-0.0368155,-1.56627,-1.32075
29.066,0.0521553,-0.0398835,-1.56304,-1.34207
29.068,0.0490874,-0.0429515,-1.56013,-1.36126
29.07,0.0460194,-0.0429515,-1.55752,-1.22513
29.072,0.0460194,-0.0429515,-1.40177,-1.10262
29.074,0.0429515,-0.0460194,-1.41499,-1.14576
29.076,0.0429515,-0.0460194,-1.27349,-1.03118
29.078,0.0398835,-0.0460194,-1.29954,-0.928063
29.08,0.0398835,-0.0460194,-1.16958,-0.835257
29.082,0.0398835,-0.0460194,-1.05263,-0.751731
29.084,0.0368155,-0.0460194,-1.10076,-0.676558
29.086,0.0368155,-0.0460194,-0.990685,-0.608902
29.088,0.0368155,-0.0490874,-0.891616,-0.70141
29.09,0.0368155,-0.0490874,-0.802455,-0.631269
29.092,0.0337476,-0.0490874,-0.875607,-0.568142
29.094,0.0337476,-0.0490874,-0.788047,-0.511328
29.096,0.0337476,-0.0490874,-0.709242,-0.460195
29.098,0.0337476,-0.0490874,-0.638318,-0.414176
29.1,0.0306796,-0.0490874,-0.727884,-0.372758
29.102,0.0306796,-0.0490874,-0.655096,-0.335482
29.104,0.0306796,-0.0490874,-0.589586,-0.301934
29.106,0.0276117,-0.0490874,-0.684026,-0.271741
29.108,0.0276117,-0.0521553,-0.615623,-0.397965
29.11,0.0276117,-0.0521553,-0.554061,-0.358168
29.112,0.0276117,-0.0521553,-0.498655,-0.322351
29.114,0.0245437,-0.0552233,-0.602187,-0.443514
29.116,0.0245437,-0.0552233,-0.541969,-0.399163
29.118,0.0245437,-0.0552233,-0.487772,-0.359247
29.12,0.0214757,-0.0552233,-0.592393,-0.323322
29.122,0.0214757,-0.0582913,-0.533153,-0.444388
29.124,0.0184078,-0.0582913,-0.633236,-0.399949
29.126,0.0184078,-0.0582913,-0.569912,-0.359954
29.128,0.0184078,-0.0613592,-0.512921,-0.477357
29.13,0.0184078,-0.0613592,-0.461629,-0.429621
29.132,0.0184078,-0.0613592,-0.415466,-0.386659
29.134,0.0184078,-0.0582913,-0.37392,-0.194595
29.136,0.0214757,-0.0582913,-0.18313,-0.175136
29.138,0.0214757,-0.0582913,-0.164817,-0.157622
29.14,0.0214757,-0.0552233,-0.148335,0.0115383
29.142,0.0245437,-0.0552233,0.0198967,0.0103845
29.144,0.0245437,-0.0521553,0.017907,0.162744
29.146,0.0245437,-0.0521553,0.0161163,0.14647
29.148,0.0276117,-0.0521553,0.167903,0.131823
29.15,0.0276117,-0.0521553,0.151112,0.11864
29.152,0.0276117,-0.0521553,0.136001,0.106776
29.154,0.0276117,-0.0490874,0.122401,0.249497
29.156,0.0276117,-0.0490874,0.110161,0.224547
29.158,0.0306796,-0.0490874,0.252543,0.202092
29.16,0.0306796,-0.0490874,0.227289,0.181883
29.162,0.0306796,-0.0490874,0.20456,0.163695
29.164,0.0306796,-0.0490874,0.184104,0.147325
29.166,0.0306796,-0.0490874,0.165693,0.132593
29.168,0.0337476,-0.0490874,0.302522,0.119334
29.17,0.0337476,-0.0490874,0.27227,0.1074
29.172,0.0368155,-0.0490874,0.398441,0.0966602
29.174,0.0368155,-0.0460194,0.358597,0.240392
29.176,0.0398835,-0.0429515,0.476135,0.369751
29.178,0.0398835,-0.0429515,0.428522,0.332776
29.18,0.0429515,-0.0398835,0.539068,0.452896
29.182,0.0460194,-0.0368155,0.638559,0.561005
29.184,0.0490874,-0.0368155,0.728101,0.504904
29.186,0.0521553,-0.0337476,0.808689,0.607812
29.188,0.0521553,-0.0306796,0.72782,0.700429
29.19,0.0552233,-0.0306796,0.808436,0.630386
29.192,0.0582913,-0.0276117,0.880991,0.720746
29.194,0.0613592,-0.0245437,0.94629,0.802069
29.196,0.0644272,-0.0245437,1.00506,0.721862
29.198,0.0674952,-0.0214757,1.05795,0.803074
29.2,0.0705631,-0.0184078,1.10555,0.876165
29.202,0.0736311,-0.0153398,1.1484,0.941946
29.204,0.076699,-0.0122718,1.18696,1.00115
29.206,0.079767,-0.0122718,1.22166,0.901035
29.208,0.082835,-0.00920388,1.25289,0.964329
29.21,0.082835,-0.00613592,1.1276,1.02129
29.212,0.0859029,-0.00613592,1.16824,0.919165
29.214,0.0889709,-0.00306796,1.20481,0.980647
29.216,0.0889709,-0.00306796,1.08433,0.882582
29.218,0.0920388,0,1.1293,0.947722
29.22,0.0920388,0,1.01637,0.85295
29.222,0.0951068,0,1.06813,0.767655
29.224,0.0981748,0.00306796,1.11471,0.844287
29.226,0.0981748,0.00306796,1.00324,0.759859
29.228,0.101243,0.00306796,1.05632,0.683873
29.23,0.101243,0.00613592,0.950685,0.768884
29.232,0.104311,0.00613592,1.00901,0.691995
29.234,0.107379,0.00920388,1.06151,0.776194
29.236,0.110447,0.00920388,1.10876,0.698574
29.238,0.110447,0.0122718,0.997882,0.782115
29.24,0.113515,0.0122718,1.05149,0.703904
29.242,0.116583,0.0153398,1.09974,0.786911
29.244,0.116583,0.0184078,0.989767,0.861618
29.246,0.119651,0.0184078,1.04419,0.775456
29.248,0.122718,0.0184078,1.09317,0.697911
29.25,0.122718,0.0214757,0.983851,0.781518
29.252,0.125786,0.0245437,1.03886,0.856764
29.254,0.128854,0.0245437,1.08838,0.771088
29.256,0.131922,0.0276117,1.13294,0.847377
29.258,0.131922,0.0306796,1.01964,0.916037
29.26,0.13499,0.0306796,1.07108,0.824434
29.262,0.138058,0.0337476,1.11737,0.895388
29.264,0.138058,0.0337476,1.00563,0.805849
29.266,0.141126,0.0368155,1.05847,0.878663
29.268,0.144194,0.0368155,1.10602,0.790796
29.27,0.144194,0.0398835,0.995415,0.865115
29.272,0.147262,0.0398835,1.04927,0.778603
29.274,0.147262,0.0429515,0.944344,0.854141
29.276,0.15033,0.0429515,1.00331,0.768727
29.278,0.15033,0.0429515,0.902977,0.691854
29.28,0.15033,0.0460194,0.81268,0.776067
29.282,0.153398,0.0460194,0.88481,0.69846
29.284,0.153398,0.0460194,0.796329,0.628614
29.286,0.156466,0.0460194,0.870094,0.565753
29.288,0.156466,0.0490874,0.783084,0.662576
29.29,0.156466,0.0490874,0.704776,0.596318
29.292,0.156466,0.0490874,0.634298,0.536686
29.294,0.159534,0.0490874,0.724267,0.483018
29.296,0.159534,0.0490874,0.65184,0.434716
29.298,0.159534,0.0490874,0.586656,0.391244
29.3,0.159534,0.0521553,0.52799,0.505518
29.302,0.159534,0.0521553,0.475191,0.454966
29.304,0.159534,0.0521553,0.427672,0.40947
29.306,0.159534,0.0521553,0.384905,0.368523
29.308,0.159534,0.0521553,0.346415,0.33167
29.31,0.159534,0.0521553,0.311773,0.298503
29.312,0.159534,0.0521553,0.280596,0.268653
29.314,0.159534,0.0490874,0.252536,0.0883896
29.316,0.156466,0.0490874,0.0738845,0.0795506
29.318,0.156466,0.0490874,0.066496,0.0715956
29.32,0.156466,0.0460194,0.0598464,-0.0889621
29.322,0.153398,0.0460194,-0.0995363,-0.0800659
29.324,0.15033,0.0460194,-0.242981,-0.0720593
29.326,0.15033,0.0429515,-0.218683,-0.218251
29.328,0.147262,0.0398835,-0.350212,-0.349824
29.33,0.147262,0.0398835,-0.315191,-0.314842
29.332,0.147262,0.0368155,-0.283672,-0.436756
29.334,0.144194,0.0368155,-0.408703,-0.39308
29.336,0.144194,0.0368155,-0.367833,-0.353772
29.338,0.141126,0.0368155,-0.484447,-0.318395
29.34,0.141126,0.0368155,-0.436003,-0.286555
29.342,0.141126,0.0337476,-0.392402,-0.411298
29.344,0.141126,0.0337476,-0.353162,-0.370168
29.346,0.141126,0.0368155,-0.317846,-0.179753
29.348,0.141126,0.0368155,-0.286061,-0.161778
29.35,0.141126,0.0368155,-0.257455,-0.1456
29.352,0.138058,0.0368155,-0.385108,-0.13104
29.354,0.138058,0.0368155,-0.346597,-0.117936
29.356,0.138058,0.0368155,-0.311937,-0.106143
29.358,0.138058,0.0368155,-0.280744,-0.0955283
29.36,0.13499,0.0368155,-0.406067,-0.0859755
29.362,0.13499,0.0368155,-0.365461,-0.0773779
29.364,0.13499,0.0337476,-0.328915,-0.223038
29.366,0.131922,0.0337476,-0.449421,-0.200734
29.368,0.128854,0.0337476,-0.557877,-0.180661
29.37,0.128854,0.0337476,-0.502089,-0.162595
29.372,0.125786,0.0306796,-0.605279,-0.299733
29.374,0.125786,0.0306796,-0.544751,-0.26976
29.376,0.122718,0.0276117,-0.643674,-0.396182
29.378,0.122718,0.0276117,-0.579306,-0.356564
29.38,0.119651,0.0276117,-0.674774,-0.320908
29.382,0.119651,0.0276117,-0.607296,-0.288817
29.384,0.116583,0.0245437,-0.699965,-0.413333
29.386,0.116583,0.0245437,-0.629968,-0.372
29.388,0.113515,0.0245437,-0.72037,-0.3348
29.39,0.113515,0.0245437,-0.648333,-0.30132
29.392,0.113515,0.0245437,-0.583499,-0.271188
29.394,0.110447,0.0245437,-0.678548,-0.244069
29.396,0.110447,0.0245437,-0.610693,-0.219662
29.398,0.110447,0.0214757,-0.549623,-0.351094
29.4,0.107379,0.0214757,-0.648059,-0.315985
29.402,0.107379,0.0245437,-0.583253,-0.130988
29.404,0.107379,0.0245437,-0.524928,-0.117889
29.406,0.107379,0.0214757,-0.472435,-0.259498
29.408,0.104311,0.0214757,-0.57859,-0.233549
29.41,0.104311,0.0214757,-0.520731,-0.210194
29.412,0.101243,0.0214757,-0.622056,-0.189174
29.414,0.101243,0.0245437,-0.55985,-0.0168589
29.416,0.101243,0.0214757,-0.503865,-0.168571
29.418,0.0981748,0.0214757,-0.606877,-0.151714
29.42,0.0981748,0.0214757,-0.546189,-0.136543
29.422,0.0951068,0.0214757,-0.644968,-0.122888
29.424,0.0920388,0.0214757,-0.733869,-0.110599
29.426,0.0920388,0.0184078,-0.660483,-0.252938
29.428,0.0889709,0.0184078,-0.747832,-0.227644
29.43,0.0859029,0.0153398,-0.826447,-0.358278
29.432,0.0859029,0.0153398,-0.743802,-0.32245
29.434,0.082835,0.0153398,-0.82282,-0.290205
29.436,0.079767,0.0122718,-0.893936,-0.414582
29.438,0.076699,0.0122718,-0.957941,-0.373124
29.44,0.0736311,0.0122718,-1.01554,-0.335812
29.442,0.0736311,0.00920388,-0.91399,-0.455629
29.444,0.0705631,0.00920388,-0.975989,-0.410066
29.446,0.0674952,0.00613592,-1.03179,-0.522457
29.448,0.0644272,0.00613592,-1.08201,-0.470212
29.45,0.0613592,0.00306796,-1.12721,-0.576588
29.452,0.0613592,0.00306796,-1.01448,-0.51893
29.454,0.0582913,0,-1.06643,-0.620435
29.456,0.0552233,0,-1.11319,-0.558391
29.458,0.0521553,-0.00306796,-1.15527,-0.65595
29.46,0.0490874,-0.00306796,-1.19314,-0.590355
29.462,0.0490874,-0.00613592,-1.07383,-0.684718
29.464,0.0429515,-0.00613592,-1.27324,-0.616246
29.466,0.0429515,-0.00920388,-1.14592,-0.708019
29.468,0.0398835,-0.00920388,-1.18472,-0.637218
29.47,0.0368155,-0.0122718,-1.21965,-0.726894
29.472,0.0368155,-0.0122718,-1.09768,-0.654204
29.474,0.0337476,-0.0153398,-1.14131,-0.742182
29.476,0.0306796,-0.0153398,-1.18058,-0.667964
29.478,0.0306796,-0.0153398,-1.06252,-0.601167
29.48,0.0276117,-0.0153398,-1.10967,-0.541051
29.482,0.0276117,-0.0153398,-0.998701,-0.486946
29.484,0.0276117,-0.0122718,-0.898831,-0.284853
29.486,0.0276117,-0.0122718,-0.808948,-0.256368
29.488,0.0245437,-0.0122718,-0.881451,-0.230731
29.49,0.0245437,-0.0122718,-0.793306,-0.207658
29.492,0.0245437,-0.0122718,-0.713975,-0.186892
29.494,0.0214757,-0.0122718,-0.795976,-0.168203
29.496,0.0214757,-0.0122718,-0.716378,-0.151383
29.498,0.0184078,-0.0122718,-0.798138,-0.136244
29.5,0.0153398,-0.0122718,-0.871723,-0.12262
29.502,0.0153398,-0.0122718,-0.78455,-0.110358
29.504,0.0122718,-0.0153398,-0.859493,-0.25272
29.506,0.00920388,-0.0184078,-0.926942,-0.380846
29.508,0.00613592,-0.0184078,-0.987646,-0.342762
29.51,0.00306796,-0.0214757,-1.04228,-0.461884
29.512,-0,-0.0214757,-1.09145,-0.415695
29.514,-0,-0.0245437,-0.982305,-0.527524
29.516,-0.00306796,-0.0245437,-1.03747,-0.474771
29.518,-0.00613592,-0.0276117,-1.08712,-0.580692
29.52,-0.00920388,-0.0306796,-1.13181,-0.676021
29.522,-0.0122718,-0.0306796,-1.17203,-0.608419
29.524,-0.0153398,-0.0337476,-1.20822,-0.700975
29.526,-0.0184078,-0.0337476,-1.2408,-0.630878
29.528,-0.0184078,-0.0368155,-1.11672,-0.721188
29.53,-0.0214757,-0.0368155,-1.15844,-0.649069
29.532,-0.0214757,-0.0368155,-1.0426,-0.584162
29.534,-0.0245437,-0.0368155,-1.09174,-0.525746
29.536,-0.0245437,-0.0398835,-0.982564,-0.62657
29.538,-0.0245437,-0.0368155,-0.884308,-0.410514
29.54,-0.0276117,-0.0368155,-0.949275,-0.369463
29.542,-0.0276117,-0.0398835,-0.854347,-0.485915
29.544,-0.0276117,-0.0398835,-0.768913,-0.437323
29.546,-0.0306796,-0.0398835,-0.845419,-0.393591
29.548,-0.0306796,-0.0398835,-0.760878,-0.354232
29.55,-0.0337476,-0.0398835,-0.838188,-0.318809
29.552,-0.0337476,-0.0398835,-0.754369,-0.286928
29.554,-0.0368155,-0.0429515,-0.83233,-0.411633
29.556,-0.0368155,-0.0429515,-0.749097,-0.37047
29.558,-0.0398835,-0.0429515,-0.827586,-0.333423
29.56,-0.0398835,-0.0460194,-0.744827,-0.453479
29.562,-0.0429515,-0.0460194,-0.823742,-0.408131
29.564,-0.0429515,-0.0460194,-0.741368,-0.367318
29.566,-0.0460194,-0.0460194,-0.820629,-0.330586
29.568,-0.0460194,-0.0460194,-0.738566,-0.297527
29.57,-0.0490874,-0.0490874,-0.818108,-0.421173
29.572,-0.0490874,-0.0490874,-0.736297,-0.379055
29.574,-0.0490874,-0.0490874,-0.662667,-0.34115
29.576,-0.0521553,-0.0490874,-0.749799,-0.307035
29.578,-0.0521553,-0.0521553,-0.674819,-0.429729
29.58,-0.0552233,-0.0521553,-0.760735,-0.386757
29.582,-0.0552233,-0.0521553,-0.684662,-0.348081
29.584,-0.0582913,-0.0521553,-0.769593,-0.313273
29.586,-0.0582913,-0.0521553,-0.692634,-0.281946
29.588,-0.0582913,-0.0521553,-0.623371,-0.253751
29.59,-0.0582913,-0.0521553,-0.561034,-0.228376
29.592,-0.0582913,-0.0521553,-0.50493,-0.205538
29.594,-0.0582913,-0.0521553,-0.454437,-0.184984
29.596,-0.0613592,-0.0552233,-0.562392,-0.319884
29.598,-0.0613592,-0.0552233,-0.506152,-0.287896
29.6,-0.0613592,-0.0552233,-0.455537,-0.259106
29.602,-0.0613592,-0.0552233,-0.409983,-0.233195
29.604,-0.0613592,-0.0552233,-0.368985,-0.209876
29.606,-0.0613592,-0.0552233,-0.332087,-0.188888
29.608,-0.0613592,-0.0552233,-0.298878,-0.17
29.61,-0.0613592,-0.0552233,-0.26899,-0.153
29.612,-0.0644272,-0.0552233,-0.395489,-0.1377
29.614,-0.0644272,-0.0552233,-0.35594,-0.12393
29.616,-0.0644272,-0.0552233,-0.320346,-0.111537
29.618,-0.0644272,-0.0552233,-0.288312,-0.100383
29.62,-0.0613592,-0.0582913,-0.106082,-0.243743
29.622,-0.0613592,-0.0552233,-0.0954742,-0.0659704
29.624,-0.0613592,-0.0552233,-0.0859267,-0.0593734
29.626,-0.0613592,-0.0521553,-0.0773341,0.099962
29.628,-0.0582913,-0.0521553,0.0837974,0.0899658
29.63,-0.0582913,-0.0490874,0.0754177,0.234367
29.632,-0.0582913,-0.0490874,0.0678759,0.210931
29.634,-0.0552233,-0.0460194,0.214486,0.343236
29.636,-0.0521553,-0.0460194,0.346436,0.308912
29.638,-0.0521553,-0.0429515,0.311792,0.431419
29.64,-0.0490874,-0.0398835,0.434011,0.541675
29.642,-0.0490874,-0.0398835,0.39061,0.487508
29.644,-0.0460194,-0.0368155,0.504947,0.592155
29.646,-0.0460194,-0.0368155,0.454452,0.532939
29.648,-0.0429515,-0.0337476,0.562405,0.633044
29.65,-0.0429515,-0.0337476,0.506165,0.569739
29.652,-0.0398835,-0.0337476,0.608946,0.512765
29.654,-0.0368155,-0.0306796,0.70145,0.614887
29.656,-0.0368155,-0.0306796,0.631305,0.553398
29.658,-0.0337476,-0.0276117,0.721572,0.651456
29.66,-0.0306796,-0.0245437,0.802813,0.739709
29.662,-0.0306796,-0.0245437,0.722532,0.665738
29.664,-0.0276117,-0.0214757,0.803677,0.752562
29.666,-0.0245437,-0.0184078,0.876707,0.830704
29.668,-0.0214757,-0.0184078,0.942435,0.747634
29.67,-0.0214757,-0.0153398,0.848191,0.826268
29.672,-0.0153398,-0.0122718,1.07017,0.89704
29.674,-0.0153398,-0.00920388,0.963151,0.960734
29.676,-0.0122718,-0.00920388,1.02023,0.86466
29.678,-0.00920388,-0.00613592,1.07161,0.931592
29.68,-0.00920388,-0.00306796,0.964448,0.991831
29.682,-0.00613592,0,1.0214,1.04605
29.684,-0.00306796,0,1.07266,0.941442
29.686,-0,0.00306796,1.11879,1.0007
29.688,-0,0.00306796,1.00691,0.900626
29.69,0.00306796,0.00613592,1.05962,0.963961
29.692,0.00306796,0.00613592,0.953657,0.867565
29.694,0.00613592,0.00920388,1.01169,0.934207
29.696,0.00613592,0.00920388,0.910521,0.840786
29.698,0.00920388,0.0122718,0.972867,0.910106
29.7,0.00920388,0.0122718,0.87558,0.819095
29.702,0.00920388,0.0122718,0.788022,0.737186
29.704,0.00920388,0.0122718,0.70922,0.663467
29.706,0.00920388,0.0122718,0.638298,0.59712
29.708,0.00920388,0.0122718,0.574468,0.537408
29.71,0.00920388,0.00920388,0.517021,0.330269
29.712,0.00920388,0.00920388,0.465319,0.297242
29.714,0.00920388,0.00920388,0.418787,0.267518
29.716,0.00920388,0.00613592,0.376908,0.0873683
29.718,0.00920388,0.00613592,0.339218,0.0786315
29.72,0.00920388,0.00920388,0.305296,0.224166
29.722,0.00920388,0.00920388,0.274766,0.20175
29.724,0.00920388,0.00920388,0.24729,0.181575
29.726,0.00920388,0.00613592,0.222561,0.0100192
29.728,0.00920388,0.00613592,0.200305,0.0090173
29.73,0.00920388,0.00613592,0.180274,0.00811557
29.732,0.00920388,0.00306796,0.162247,-0.146094
29.734,0.00920388,0.00306796,0.146022,-0.131485
29.736,0.00920388,0.00306796,0.13142,-0.118336
29.738,0.00920388,0.00306796,0.118278,-0.106503
29.74,0.00920388,0.00306796,0.10645,-0.0958523
29.742,0.0122718,0.00306796,0.249203,-0.0862671
29.744,0.0122718,0.00613592,0.224283,0.0757577
29.746,0.0153398,0.00613592,0.355253,0.0681819
29.748,0.0153398,0.00920388,0.319727,0.214762
29.75,0.0184078,0.0122718,0.441153,0.346684
29.752,0.0184078,0.0153398,0.397037,0.465413
29.754,0.0214757,0.0153398,0.510732,0.418872
29.756,0.0245437,0.0184078,0.613057,0.530383
29.758,0.0245437,0.0184078,0.551751,0.477345
29.76,0.0276117,0.0214757,0.649974,0.583008
29.762,0.0276117,0.0214757,0.584977,0.524707
29.764,0.0306796,0.0245437,0.679877,0.625635
29.766,0.0306796,0.0245437,0.611889,0.563071
29.768,0.0337476,0.0276117,0.704098,0.660162
29.77,0.0368155,0.0306796,0.787087,0.747544
29.772,0.0368155,0.0306796,0.708378,0.67279
29.774,0.0368155,0.0337476,0.63754,0.758909
29.776,0.0398835,0.0337476,0.727184,0.683018
29.778,0.0398835,0.0368155,0.654466,0.768114
29.78,0.0398835,0.0368155,0.589019,0.691303
29.782,0.0398835,0.0368155,0.530117,0.622173
29.784,0.0398835,0.0368155,0.477106,0.559955
29.786,0.0398835,0.0368155,0.429395,0.50396
29.788,0.0398835,0.0368155,0.386456,0.453564
29.79,0.0398835,0.0368155,0.34781,0.408207
29.792,0.0398835,0.0337476,0.313029,0.213989
29.794,0.0398835,0.0337476,0.281726,0.19259
29.796,0.0398835,0.0368155,0.253553,0.326729
29.798,0.0398835,0.0368155,0.228198,0.294056
29.8,0.0398835,0.0368155,0.205378,0.26465
29.802,0.0398835,0.0368155,0.18484,0.238185
29.804,0.0398835,0.0368155,0.166356,0.214367
29.806,0.0398835,0.0368155,0.149721,0.19293
29.808,0.0398835,0.0368155,0.134749,0.173637
29.81,0.0398835,0.0368155,0.121274,0.156273
29.812,0.0398835,0.0368155,0.109146,0.140646
29.814,0.0398835,0.0368155,0.0982318,0.126581
29.816,0.0398835,0.0368155,0.0884086,0.113923
29.818,0.0368155,0.0368155,-0.0738303,0.102531
29.82,0.0368155,0.0337476,-0.0664473,-0.0611202
29.822,0.0368155,0.0337476,-0.0598026,-0.0550082
29.824,0.0337476,0.0306796,-0.20722,-0.202905
29.826,0.0306796,0.0276117,-0.339896,-0.336013
29.828,0.0276117,0.0276117,-0.459305,-0.302412
29.83,0.0276117,0.0245437,-0.413374,-0.425569
29.832,0.0245437,0.0245437,-0.525435,-0.383012
29.834,0.0245437,0.0245437,-0.472892,-0.344711
29.836,0.0214757,0.0214757,-0.579,-0.463638
29.838,0.0184078,0.0214757,-0.674498,-0.417274
29.84,0.0184078,0.0184078,-0.607049,-0.528945
29.842,0.0153398,0.0184078,-0.699742,-0.47605
29.844,0.0122718,0.0153398,-0.783166,-0.581843
29.846,0.0122718,0.0153398,-0.704849,-0.523659
29.848,0.00920388,0.0122718,-0.787762,-0.624691
29.85,0.00613592,0.00920388,-0.862384,-0.71562
29.852,0.00306796,0.00920388,-0.929544,-0.644058
29.854,0.00306796,0.00613592,-0.836589,-0.73305
29.856,-0,0.00613592,-0.906329,-0.659745
29.858,-0,0.00306796,-0.815696,-0.747169
29.86,-0.00306796,0.00306796,-0.887524,-0.672452
29.862,-0.00613592,0,-0.95217,-0.758605
29.864,-0.00613592,0,-0.856953,-0.682744
29.866,-0.00920388,0,-0.924656,-0.61447
29.868,-0.0122718,-0.00306796,-0.985588,-0.706421
29.87,-0.0122718,-0.00613592,-0.887029,-0.789177
29.872,-0.0153398,-0.00613592,-0.951725,-0.710259
29.874,-0.0184078,-0.00920388,-1.00995,-0.792631
29.876,-0.0214757,-0.0122718,-1.06235,-0.866766
29.878,-0.0214757,-0.0122718,-0.956118,-0.78009
29.88,-0.0245437,-0.0153398,-1.0139,-0.855479
29.882,-0.0245437,-0.0153398,-0.912514,-0.769931
29.884,-0.0245437,-0.0153398,-0.821262,-0.692938
29.886,-0.0276117,-0.0153398,-0.892534,-0.623644
29.888,-0.0276117,-0.0153398,-0.803281,-0.56128
29.89,-0.0276117,-0.0153398,-0.722953,-0.505152
29.892,-0.0276117,-0.0153398,-0.650657,-0.454637
29.894,-0.0306796,-0.0153398,-0.73899,-0.409173
29.896,-0.0306796,-0.0153398,-0.665091,-0.368256
29.898,-0.0306796,-0.0153398,-0.598582,-0.33143
29.9,-0.0306796,-0.0153398,-0.538724,-0.298287
29.902,-0.0337476,-0.0153398,-0.638249,-0.268458
29.904,-0.0337476,-0.0153398,-0.574424,-0.241612
29.906,-0.0337476,-0.0153398,-0.516982,-0.217451
29.908,-0.0368155,-0.0184078,-0.618682,-0.349104
29.91,-0.0368155,-0.0184078,-0.556814,-0.314194
29.912,-0.0398835,-0.0214757,-0.65453,-0.436172
29.914,-0.0429515,-0.0245437,-0.742475,-0.545953
29.916,-0.0429515,-0.0245437,-0.668228,-0.491358
29.918,-0.0460194,-0.0245437,-0.754803,-0.442222
29.92,-0.0460194,-0.0276117,-0.679323,-0.551398
29.922,-0.0460194,-0.0276117,-0.611391,-0.496258
29.924,-0.0490874,-0.0276117,-0.70365,-0.446632
29.926,-0.0490874,-0.0276117,-0.633285,-0.401969
29.928,-0.0490874,-0.0276117,-0.569956,-0.361772
29.93,-0.0490874,-0.0276117,-0.512961,-0.325595
29.932,-0.0490874,-0.0276117,-0.461664,-0.293036
29.934,-0.0490874,-0.0276117,-0.415498,-0.263732
29.936,-0.0490874,-0.0276117,-0.373948,-0.237359
29.938,-0.0490874,-0.0276117,-0.336553,-0.213623
29.94,-0.0490874,-0.0245437,-0.302898,-0.0388625
29.942,-0.0490874,-0.0245437,-0.272608,-0.0349763
29.944,-0.0490874,-0.0245437,-0.245347,-0.0314786
29.946,-0.0490874,-0.0245437,-0.220813,-0.0283308
29.948,-0.0490874,-0.0245437,-0.198731,-0.0254977
29.95,-0.0490874,-0.0245437,-0.178858,-0.0229479
29.952,-0.0490874,-0.0245437,-0.160972,-0.0206531
29.954,-0.0490874,-0.0245437,-0.144875,-0.0185878
29.956,-0.0490874,-0.0245437,-0.130388,-0.016729
29.958,-0.0490874,-0.0245437,-0.117349,-0.0150561
29.96,-0.0521553,-0.0245437,-0.259012,-0.0135505
29.962,-0.0521553,-0.0245437,-0.233111,-0.0121955
29.964,-0.0521553,-0.0245437,-0.2098,-0.0109759
29.966,-0.0521553,-0.0245437,-0.18882,-0.00987833
29.968,-0.0521553,-0.0245437,-0.169938,-0.0088905
29.97,-0.0490874,-0.0245437,0.000454022,-0.00800145
29.972,-0.0490874,-0.0214757,0.000408619,0.146197
29.974,-0.0490874,-0.0214757,0.000367757,0.131577
29.976,-0.0490874,-0.0214757,0.000330982,0.118419
29.978,-0.0490874,-0.0184078,0.000297884,0.259976
29.98,-0.0460194,-0.0184078,0.153666,0.233978
29.982,-0.0460194,-0.0184078,0.1383,0.21058
29.984,-0.0460194,-0.0153398,0.12447,0.34292
29.986,-0.0429515,-0.0153398,0.265421,0.308628
29.988,-0.0429515,-0.0122718,0.238879,0.431163
29.99,-0.0398835,-0.00920388,0.368389,0.541445
29.992,-0.0368155,-0.00613592,0.484948,0.640699
29.994,-0.0368155,-0.00613592,0.436453,0.576629
29.996,-0.0337476,-0.00306796,0.546206,0.672364
29.998,-0.0306796,0,0.644983,0.758526
30,-0.0306796,0.00306796,0.580485,0.836071
30.002,-0.0276117,0.00306796,0.675835,0.752464
30.004,-0.0276117,0.00613592,0.608251,0.830616
30.006,-0.0245437,0.00613592,0.700824,0.747554
30.008,-0.0245437,0.00613592,0.630742,0.672799
30.01,-0.0245437,0.00613592,0.567668,0.605519
30.012,-0.0245437,0.00920388,0.510901,0.698365
30.014,-0.0245437,0.00920388,0.459811,0.628529
30.016,-0.0214757,0.00920388,0.567228,0.565676
30.018,-0.0214757,0.0122718,0.510505,0.662506
30.02,-0.0214757,0.0122718,0.459454,0.596256
30.022,-0.0214757,0.0122718,0.413509,0.53663
30.024,-0.0214757,0.0122718,0.372158,0.482967
30.026,-0.0214757,0.0122718,0.334942,0.43467
30.028,-0.0184078,0.0153398,0.454846,0.544601
30.03,-0.0184078,0.0153398,0.409362,0.490141
30.032,-0.0184078,0.0153398,0.368425,0.441127
30.034,-0.0184078,0.0153398,0.331583,0.397014
30.036,-0.0184078,0.0153398,0.298425,0.357313
30.038,-0.0184078,0.0153398,0.268582,0.321582
30.04,-0.0184078,0.0153398,0.241724,0.289424
30.042,-0.0214757,0.0153398,0.0641534,0.260481
30.044,-0.0184078,0.0153398,0.211136,0.234433
30.046,-0.0214757,0.0153398,0.0366245,0.21099
30.048,-0.0214757,0.0153398,0.032962,0.189891
30.05,-0.0214757,0.0153398,0.0296658,0.170902
30.052,-0.0184078,0.0184078,0.180097,0.30721
30.054,-0.0184078,0.0184078,0.162088,0.276489
30.056,-0.0184078,0.0184078,0.145879,0.24884
30.058,-0.0184078,0.0184078,0.131291,0.223956
30.06,-0.0184078,0.0184078,0.118162,0.20156
30.062,-0.0184078,0.0184078,0.106346,0.181404
30.064,-0.0184078,0.0214757,0.0957111,0.316662
30.066,-0.0184078,0.0214757,0.08614,0.284996
30.068,-0.0184078,0.0214757,0.077526,0.256496
30.07,-0.0184078,0.0214757,0.0697734,0.230846
30.072,-0.0184078,0.0214757,0.0627961,0.207762
30.074,-0.0184078,0.0214757,0.0565164,0.186986
30.076,-0.0184078,0.0214757,0.0508648,0.168287
30.078,-0.0214757,0.0214757,-0.10762,0.151458
30.08,-0.0214757,0.0214757,-0.0968578,0.136313
30.082,-0.0214757,0.0214757,-0.087172,0.122681
30.084,-0.0214757,0.0214757,-0.0784548,0.110413
30.086,-0.0245437,0.0184078,-0.224007,-0.0540262
30.088,-0.0245437,0.0184078,-0.201607,-0.0486236
30.09,-0.0245437,0.0184078,-0.181446,-0.0437612
30.092,-0.0276117,0.0184078,-0.316699,-0.0393851
30.094,-0.0276117,0.0184078,-0.28503,-0.0354466
30.096,-0.0276117,0.0153398,-0.256527,-0.1853
30.098,-0.0276117,0.0153398,-0.230874,-0.16677
30.1,-0.0276117,0.0184078,-0.207787,0.00330505
30.102,-0.0276117,0.0184078,-0.187008,0.00297455
30.104,-0.0276117,0.0184078,-0.168307,0.00267709
30.106,-0.0276117,0.0184078,-0.151476,0.00240938
30.108,-0.0276117,0.0214757,-0.136329,0.155567
30.11,-0.0276117,0.0214757,-0.122696,0.14001
30.112,-0.0276117,0.0214757,-0.110426,0.126009
30.114,-0.0276117,0.0245437,-0.0993837,0.266806
30.116,-0.0276117,0.0245437,-0.0894453,0.240125
30.118,-0.0245437,0.0245437,0.0728973,0.216113
30.12,-0.0245437,0.0276117,0.0656076,0.3479
30.122,-0.0276117,0.0276117,-0.0943512,0.31311
30.124,-0.0245437,0.0276117,0.068482,0.281799
30.126,-0.0276117,0.0276117,-0.0917643,0.253619
30.128,-0.0276117,0.0276117,-0.0825879,0.228257
30.13,-0.0276117,0.0276117,-0.0743291,0.205431
30.132,-0.0306796,0.0276117,-0.220294,0.184888
30.134,-0.0306796,0.0276117,-0.198265,0.166399
30.136,-0.0337476,0.0245437,-0.331836,-0.00363866
30.138,-0.0337476,0.0245437,-0.298653,-0.0032748
30.14,-0.0368155,0.0245437,-0.422186,-0.00294732
30.142,-0.0368155,0.0245437,-0.379967,-0.00265258
30.144,-0.0368155,0.0245437,-0.34197,-0.00238733
30.146,-0.0398835,0.0245437,-0.461171,-0.00214859
30.148,-0.0398835,0.0214757,-0.415054,-0.155332
30.15,-0.0429515,0.0214757,-0.526947,-0.139799
30.152,-0.0429515,0.0214757,-0.474252,-0.125819
30.154,-0.0460194,0.0214757,-0.580225,-0.113237
30.156,-0.0460194,0.0214757,-0.522203,-0.101913
30.158,-0.0460194,0.0214757,-0.469982,-0.0917219
30.16,-0.0490874,0.0214757,-0.576382,-0.0825497
30.162,-0.0521553,0.0184078,-0.672142,-0.227693
30.164,-0.0521553,0.0184078,-0.604928,-0.204924
30.166,-0.0552233,0.0153398,-0.697833,-0.337829
30.168,-0.0582913,0.0122718,-0.781448,-0.457444
30.17,-0.0582913,0.0122718,-0.703303,-0.4117
30.172,-0.0613592,0.0122718,-0.786371,-0.37053
30.174,-0.0644272,0.0122718,-0.861132,-0.333477
30.176,-0.0674952,0.00920388,-0.928417,-0.453527
30.178,-0.0705631,0.00920388,-0.988973,-0.408175
30.18,-0.0705631,0.00613592,-0.890076,-0.520755
30.182,-0.0736311,0.00306796,-0.954466,-0.622078
30.184,-0.076699,0.00306796,-1.01242,-0.55987
30.186,-0.076699,0,-0.911176,-0.657281
30.188,-0.079767,0,-0.973456,-0.591553
30.19,-0.082835,0,-1.02951,-0.532398
30.192,-0.0859029,0,-1.07996,-0.479158
30.194,-0.0859029,-0.00306796,-0.97196,-0.58464
30.196,-0.0889709,-0.00306796,-1.02816,-0.526176
30.198,-0.0920388,-0.00613592,-1.07874,-0.626957
30.2,-0.0951068,-0.00920388,-1.12427,-0.717659
30.202,-0.0981748,-0.0122718,-1.16524,-0.799291
30.204,-0.101243,-0.0122718,-1.20211,-0.719362
30.206,-0.104311,-0.0153398,-1.2353,-0.800824
30.208,-0.107379,-0.0184078,-1.26517,-0.87414
30.21,-0.110447,-0.0184078,-1.29205,-0.786726
30.212,-0.113515,-0.0214757,-1.31624,-0.861451
30.214,-0.116583,-0.0245437,-1.33802,-0.928704
30.216,-0.119651,-0.0245437,-1.35761,-0.835834
30.218,-0.122718,-0.0276117,-1.37525,-0.905648
30.22,-0.125786,-0.0306796,-1.39112,-0.968482
30.222,-0.128854,-0.0337476,-1.40541,-1.02503
30.224,-0.131922,-0.0368155,-1.41827,-1.07593
30.226,-0.13499,-0.0368155,-1.42984,-0.968334
30.228,-0.138058,-0.0398835,-1.44025,-1.0249
30.23,-0.144194,-0.0429515,-1.60302,-1.07581
30.232,-0.144194,-0.0460194,-1.44272,-1.12162
30.234,-0.147262,-0.0490874,-1.45185,-1.16286
30.236,-0.15033,-0.0521553,-1.46006,-1.19997
30.238,-0.153398,-0.0521553,-1.46745,-1.07997
30.24,-0.153398,-0.0521553,-1.32071,-0.971977
30.242,-0.156466,-0.0552233,-1.34203,-1.02818
30.244,-0.156466,-0.0552233,-1.20783,-0.92536
30.246,-0.156466,-0.0521553,-1.08705,-0.679426
30.248,-0.156466,-0.0521553,-0.978343,-0.611483
30.25,-0.156466,-0.0521553,-0.880509,-0.550335
30.252,-0.156466,-0.0490874,-0.792458,-0.341903
30.254,-0.156466,-0.0490874,-0.713212,-0.307713
30.256,-0.153398,-0.0460194,-0.488493,-0.123544
30.258,-0.153398,-0.0460194,-0.439643,-0.111189
30.26,-0.153398,-0.0429515,-0.395679,0.0533278
30.262,-0.15033,-0.0398835,-0.202713,0.201393
30.264,-0.15033,-0.0398835,-0.182442,0.181254
30.266,-0.147262,-0.0368155,-0.0107995,0.316526
30.268,-0.147262,-0.0368155,-0.00971958,0.284874
30.27,-0.147262,-0.0337476,-0.00874762,0.409785
30.272,-0.144194,-0.0337476,0.145525,0.368806
30.274,-0.144194,-0.0306796,0.130973,0.485324
30.276,-0.144194,-0.0306796,0.117875,0.436791
30.278,-0.144194,-0.0276117,0.106088,0.54651
30.28,-0.141126,-0.0276117,0.248877,0.491859
30.282,-0.141126,-0.0245437,0.223989,0.596071
30.284,-0.141126,-0.0245437,0.201591,0.536464
30.286,-0.141126,-0.0245437,0.181431,0.482818
30.288,-0.138058,-0.0245437,0.316686,0.434536
30.29,-0.138058,-0.0214757,0.285018,0.54448
30.292,-0.138058,-0.0214757,0.256516,0.490032
30.294,-0.138058,-0.0214757,0.230864,0.441029
30.296,-0.13499,-0.0214757,0.361176,0.396926
30.298,-0.13499,-0.0184078,0.325058,0.510632
30.3,-0.13499,-0.0153398,0.292553,0.612967
30.302,-0.131922,-0.0153398,0.416695,0.55167
30.304,-0.131922,-0.0122718,0.375026,0.649901
30.306,-0.131922,-0.0122718,0.337523,0.584911
30.308,-0.128854,-0.00920388,0.457169,0.679818
30.31,-0.128854,-0.00920388,0.411452,0.611836
30.312,-0.128854,-0.00920388,0.370307,0.550653
30.314,-0.128854,-0.00613592,0.333276,0.648985
30.316,-0.125786,-0.00613592,0.453347,0.584087
30.318,-0.125786,-0.00613592,0.408012,0.525678
30.32,-0.122718,-0.00306796,0.520609,0.626508
30.322,-0.122718,-0.00306796,0.468548,0.563858
30.324,-0.119651,0,0.575091,0.66087
30.326,-0.119651,0.00306796,0.517582,0.748181
30.328,-0.116583,0.00613592,0.619222,0.826761
30.33,-0.113515,0.00920388,0.710698,0.897483
30.332,-0.113515,0.00920388,0.639628,0.807735
30.334,-0.110447,0.0122718,0.729063,0.880359
30.336,-0.107379,0.0153398,0.809555,0.945721
30.338,-0.107379,0.0153398,0.7286,0.851149
30.34,-0.107379,0.0184078,0.65574,0.919432
30.342,-0.107379,0.0184078,0.590166,0.827489
30.344,-0.104311,0.0214757,0.684547,0.898138
30.346,-0.104311,0.0214757,0.616092,0.808325
30.348,-0.104311,0.0245437,0.554483,0.88089
30.35,-0.104311,0.0245437,0.499035,0.792801
30.352,-0.104311,0.0245437,0.449131,0.713521
30.354,-0.104311,0.0245437,0.404218,0.642169
30.356,-0.104311,0.0214757,0.363796,0.424554
30.358,-0.107379,0.0214757,0.174019,0.382099
30.36,-0.107379,0.0214757,0.156617,0.343889
30.362,-0.107379,0.0214757,0.140955,0.3095
30.364,-0.107379,0.0214757,0.12686,0.27855
30.366,-0.110447,0.0184078,-0.0392244,0.0972968
30.368,-0.110447,0.0184078,-0.035302,0.0875671
30.37,-0.110447,0.0184078,-0.0317718,0.0788104
30.372,-0.113515,0.0184078,-0.181993,0.0709293
30.374,-0.113515,0.0184078,-0.163793,0.0638364
30.376,-0.116583,0.0153398,-0.300812,-0.0959453
30.378,-0.119651,0.0122718,-0.424129,-0.239749
30.38,-0.119651,0.0122718,-0.381716,-0.215774
30.382,-0.122718,0.00920388,-0.496943,-0.347595
30.384,-0.125786,0.00613592,-0.600646,-0.466233
30.386,-0.128854,0.00613592,-0.69398,-0.41961
30.388,-0.131922,0.00306796,-0.77798,-0.531047
30.39,-0.131922,0,-0.700182,-0.63134
30.392,-0.13499,-0.00306796,-0.783562,-0.721604
30.394,-0.138058,-0.00306796,-0.858604,-0.649444
30.396,-0.141126,-0.00613592,-0.926141,-0.737898
30.398,-0.141126,-0.00920388,-0.833527,-0.817506
30.4,-0.144194,-0.00920388,-0.903573,-0.735755
30.402,-0.144194,-0.0122718,-0.813215,-0.815578
30.404,-0.147262,-0.0122718,-0.885292,-0.73402
30.406,-0.15033,-0.0122718,-0.950161,-0.660618
30.408,-0.15033,-0.0153398,-0.855145,-0.747954
30.41,-0.153398,-0.0153398,-0.923028,-0.673159
30.412,-0.156466,-0.0184078,-0.984124,-0.759241
30.414,-0.156466,-0.0184078,-0.885711,-0.683317
30.416,-0.159534,-0.0214757,-0.950538,-0.768383
30.418,-0.159534,-0.0214757,-0.855484,-0.691545
30.42,-0.162602,-0.0245437,-0.923334,-0.775789
30.422,-0.16567,-0.0245437,-0.984399,-0.69821
30.424,-0.168738,-0.0276117,-1.03936,-0.781787
30.426,-0.168738,-0.0276117,-0.935421,-0.703608
30.428,-0.171806,-0.0306796,-0.995277,-0.786645
30.43,-0.171806,-0.0337476,-0.895749,-0.861379
30.432,-0.174874,-0.0337476,-0.959573,-0.775241
30.434,-0.174874,-0.0368155,-0.863615,-0.851115
30.436,-0.177942,-0.0368155,-0.930652,-0.766004
30.438,-0.177942,-0.0368155,-0.837587,-0.689403
30.44,-0.177942,-0.0368155,-0.753828,-0.620463
30.442,-0.174874,-0.0368155,-0.525047,-0.558417
30.444,-0.174874,-0.0337476,-0.472542,-0.349177
30.446,-0.174874,-0.0337476,-0.425288,-0.314259
30.448,-0.174874,-0.0306796,-0.382759,-0.129435
30.45,-0.174874,-0.0306796,-0.344483,-0.116492
30.452,-0.171806,-0.0276117,-0.156637,0.0485556
30.454,-0.171806,-0.0276117,-0.140973,0.0437
30.456,-0.168738,-0.0245437,0.0265221,0.192728
30.458,-0.168738,-0.0245437,0.0238699,0.173455
30.46,-0.168738,-0.0245437,0.0214829,0.15611
30.462,-0.168738,-0.0214757,0.0193346,0.293897
30.464,-0.16567,-0.0214757,0.170799,0.264507
30.466,-0.16567,-0.0214757,0.153719,0.238056
30.468,-0.162602,-0.0184078,0.291745,0.367649
30.47,-0.162602,-0.0184078,0.262571,0.330884
30.472,-0.162602,-0.0153398,0.236314,0.451194
30.474,-0.159534,-0.0153398,0.366081,0.406074
30.476,-0.159534,-0.0122718,0.329472,0.518865
30.478,-0.159534,-0.0122718,0.296525,0.466978
30.48,-0.159534,-0.0122718,0.266873,0.420281
30.482,-0.159534,-0.0122718,0.240185,0.378253
30.484,-0.159534,-0.0122718,0.216167,0.340427
30.486,-0.159534,-0.0122718,0.19455,0.306385
30.488,-0.159534,-0.0122718,0.175095,0.275746
30.49,-0.159534,-0.0122718,0.157586,0.248172
30.492,-0.159534,-0.0122718,0.141827,0.223354
30.494,-0.159534,-0.0122718,0.127644,0.201019
30.496,-0.159534,-0.0122718,0.11488,0.180917
30.498,-0.159534,-0.0122718,0.103392,0.162825
30.5,-0.159534,-0.0122718,0.0930528,0.146543
30.502,-0.159534,-0.0122718,0.0837475,0.131889
30.504,-0.159534,-0.0122718,0.0753727,0.1187
30.506,-0.159534,-0.0122718,0.0678355,0.10683
30.508,-0.159534,-0.0122718,0.0610519,0.0961467
30.51,-0.159534,-0.0122718,0.0549467,0.0865321
30.512,-0.162602,-0.0153398,-0.103946,-0.0755192
30.514,-0.162602,-0.0153398,-0.0935514,-0.0679673
30.516,-0.162602,-0.0153398,-0.0841963,-0.0611706
30.518,-0.16567,-0.0184078,-0.229175,-0.208452
30.52,-0.16567,-0.0184078,-0.206257,-0.187606
30.522,-0.16567,-0.0184078,-0.185632,-0.168846
30.524,-0.168738,-0.0214757,-0.320466,-0.305359
30.526,-0.168738,-0.0214757,-0.28842,-0.274823
30.528,-0.168738,-0.0214757,-0.259578,-0.247341
30.53,-0.168738,-0.0245437,-0.23362,-0.376005
30.532,-0.168738,-0.0245437,-0.210258,-0.338405
30.534,-0.168738,-0.0245437,-0.189232,-0.304564
30.536,-0.168738,-0.0245437,-0.170309,-0.274108
30.538,-0.168738,-0.0245437,-0.153278,-0.246697
30.54,-0.168738,-0.0245437,-0.13795,-0.222027
30.542,-0.168738,-0.0214757,-0.124155,-0.0464264
30.544,-0.168738,-0.0214757,-0.11174,-0.0417838
30.546,-0.16567,-0.0214757,0.0528323,-0.0376054
30.548,-0.16567,-0.0214757,0.0475491,-0.0338448
30.55,-0.16567,-0.0214757,0.0427942,-0.0304604
30.552,-0.16567,-0.0184078,0.0385148,0.125984
30.554,-0.162602,-0.0184078,0.188061,0.113385
30.556,-0.162602,-0.0184078,0.169255,0.102047
30.558,-0.162602,-0.0184078,0.15233,0.0918422
30.56,-0.162602,-0.0184078,0.137097,0.0826579
30.562,-0.159534,-0.0153398,0.276785,0.22779
30.564,-0.159534,-0.0153398,0.249107,0.205011
30.566,-0.159534,-0.0153398,0.224196,0.18451
30.568,-0.159534,-0.0153398,0.201776,0.166059
30.57,-0.156466,-0.0153398,0.334997,0.149453
30.572,-0.159534,-0.0122718,0.148099,0.287906
30.574,-0.156466,-0.0122718,0.286687,0.259115
30.576,-0.156466,-0.0153398,0.258018,0.0798057
30.578,-0.156466,-0.0153398,0.232217,0.0718252
30.58,-0.156466,-0.0153398,0.208995,0.0646426
30.582,-0.156466,-0.0153398,0.188095,0.0581784
30.584,-0.156466,-0.0153398,0.169286,0.0523605
30.586,-0.156466,-0.0153398,0.152357,0.0471245
30.588,-0.156466,-0.0153398,0.137122,0.042412
30.59,-0.156466,-0.0153398,0.123409,0.0381708
30.592,-0.156466,-0.0153398,0.111069,0.0343537
30.594,-0.156466,-0.0184078,0.0999617,-0.12248
30.596,-0.156466,-0.0184078,0.0899655,-0.110232
30.598,-0.156466,-0.0184078,0.0809689,-0.0992086
30.6,-0.156466,-0.0184078,0.072872,-0.0892877
30.602,-0.156466,-0.0153398,0.0655848,0.0730391
30.604,-0.156466,-0.0153398,0.0590264,0.0657352
30.606,-0.156466,-0.0153398,0.0531237,0.0591617
30.608,-0.153398,-0.0153398,0.201209,0.0532455
30.61,-0.153398,-0.0153398,0.181088,0.047921
30.612,-0.153398,-0.0153398,0.16298,0.0431289
30.614,-0.153398,-0.0153398,0.146682,0.038816
30.616,-0.15033,-0.0153398,0.285412,0.0349344
30.618,-0.15033,-0.0153398,0.25687,0.031441
30.62,-0.15033,-0.0153398,0.231183,0.0282969
30.622,-0.147262,-0.0122718,0.361463,0.178865
30.624,-0.147262,-0.0122718,0.325317,0.160979
30.626,-0.147262,-0.0122718,0.292785,0.144881
30.628,-0.144194,-0.0122718,0.416905,0.130393
30.63,-0.144194,-0.00920388,0.375214,0.270752
30.632,-0.144194,-0.00920388,0.337693,0.243676
30.634,-0.141126,-0.00613592,0.457322,0.372707
30.636,-0.141126,-0.00613592,0.411589,0.335436
30.638,-0.138058,-0.00613592,0.523829,0.301893
30.64,-0.138058,-0.00306796,0.471446,0.425101
30.642,-0.13499,-0.00306796,0.577699,0.382591
30.644,-0.131922,-0.00306796,0.673327,0.344332
30.646,-0.131922,0,0.605995,0.463297
30.648,-0.131922,0,0.545395,0.416967
30.65,-0.128854,0,0.644254,0.375271
30.652,-0.128854,0.00306796,0.579828,0.491142
30.654,-0.125786,0.00306796,0.675244,0.442027
30.656,-0.125786,0.00306796,0.607719,0.397825
30.658,-0.122718,0.00613592,0.700345,0.51144
30.66,-0.122718,0.00613592,0.630311,0.460296
30.662,-0.119651,0.00613592,0.720678,0.414267
30.664,-0.119651,0.00920388,0.64861,0.526238
30.666,-0.119651,0.00920388,0.583749,0.473614
30.668,-0.116583,0.00920388,0.678772,0.426253
30.67,-0.113515,0.0122718,0.764293,0.537026
30.672,-0.113515,0.0122718,0.687864,0.483323
30.674,-0.110447,0.0153398,0.772475,0.588389
30.676,-0.107379,0.0153398,0.848626,0.52955
30.678,-0.107379,0.0184078,0.763763,0.629993
30.68,-0.104311,0.0214757,0.840785,0.720392
30.682,-0.104311,0.0214757,0.756707,0.648353
30.684,-0.101243,0.0214757,0.834434,0.583517
30.686,-0.101243,0.0245437,0.750991,0.678564
30.688,-0.0981748,0.0245437,0.82929,0.610707
30.69,-0.0981748,0.0276117,0.746361,0.703035
30.692,-0.0951068,0.0276117,0.825123,0.632731
30.694,-0.0951068,0.0276117,0.74261,0.569458
30.696,-0.0951068,0.0276117,0.668349,0.512512
30.698,-0.0951068,0.0306796,0.601514,0.614659
30.7,-0.0951068,0.0306796,0.541363,0.553193
30.702,-0.0920388,0.0306796,0.640625,0.497874
30.704,-0.0920388,0.0306796,0.576562,0.448087
30.706,-0.0920388,0.0306796,0.518906,0.403278
30.708,-0.0920388,0.0306796,0.467015,0.36295
30.71,-0.0889709,0.0337476,0.573712,0.480053
30.712,-0.0889709,0.0337476,0.516341,0.432048
30.714,-0.0889709,0.0337476,0.464707,0.388843
30.716,-0.0889709,0.0337476,0.418236,0.349959
30.718,-0.0859029,0.0337476,0.529811,0.314963
30.72,-0.0859029,0.0337476,0.476829,0.283467
30.722,-0.0859029,0.0368155,0.429147,0.408518
30.724,-0.0859029,0.0368155,0.386232,0.367666
30.726,-0.0859029,0.0368155,0.347609,0.3309
30.728,-0.0859029,0.0368155,0.312848,0.29781
30.73,-0.0859029,0.0368155,0.281563,0.268029
30.732,-0.0859029,0.0368155,0.253407,0.241226
30.734,-0.0859029,0.0368155,0.228066,0.217103
30.736,-0.0889709,0.0337476,0.0518614,0.0419948
30.738,-0.0889709,0.0337476,0.0466752,0.0377953
30.74,-0.0889709,0.0306796,0.0420077,-0.119382
30.742,-0.0920388,0.0306796,-0.115591,-0.107444
30.744,-0.0951068,0.0276117,-0.25743,-0.250098
30.746,-0.0951068,0.0276117,-0.231687,-0.225088
30.748,-0.0981748,0.0245437,-0.361916,-0.355977
30.75,-0.0981748,0.0245437,-0.325725,-0.32038
30.752,-0.0981748,0.0214757,-0.293152,-0.44174
30.754,-0.0981748,0.0214757,-0.263837,-0.397566
30.756,-0.101243,0.0214757,-0.390851,-0.357809
30.758,-0.101243,0.0214757,-0.351766,-0.322028
30.76,-0.101243,0.0214757,-0.31659,-0.289825
30.762,-0.101243,0.0214757,-0.284931,-0.260843
30.764,-0.104311,0.0214757,-0.409836,-0.234759
30.766,-0.104311,0.0214757,-0.368852,-0.211283
30.768,-0.104311,0.0214757,-0.331967,-0.190154
30.77,-0.104311,0.0184078,-0.29877,-0.324537
30.772,-0.107379,0.0184078,-0.422291,-0.292083
30.774,-0.107379,0.0184078,-0.380062,-0.262875
30.776,-0.107379,0.0184078,-0.342056,-0.236588
30.778,-0.107379,0.0153398,-0.30785,-0.366327
30.78,-0.110447,0.0153398,-0.430463,-0.329694
30.782,-0.110447,0.0153398,-0.387417,-0.296725
30.784,-0.110447,0.0153398,-0.348675,-0.267052
30.786,-0.110447,0.0153398,-0.313808,-0.240347
30.788,-0.110447,0.0153398,-0.282427,-0.216312
30.79,-0.113515,0.0153398,-0.407582,-0.194681
30.792,-0.113515,0.0153398,-0.366824,-0.175213
30.794,-0.113515,0.0153398,-0.330142,-0.157692
30.796,-0.113515,0.0122718,-0.297128,-0.295321
30.798,-0.113515,0.0122718,-0.267415,-0.265789
30.8,-0.116583,0.0122718,-0.394071,-0.23921
30.802,-0.116583,0.0122718,-0.354664,-0.215289
30.804,-0.116583,0.0122718,-0.319198,-0.19376
30.806,-0.119651,0.0122718,-0.440676,-0.174384
30.808,-0.119651,0.0122718,-0.396609,-0.156945
30.81,-0.119651,0.0122718,-0.356948,-0.141251
30.812,-0.122718,0.00920388,-0.474651,-0.280524
30.814,-0.122718,0.00920388,-0.427186,-0.252472
30.816,-0.122718,0.00920388,-0.384467,-0.227224
30.818,-0.125786,0.00613592,-0.499419,-0.3579
30.82,-0.125786,0.00613592,-0.449477,-0.32211
30.822,-0.125786,0.00613592,-0.404529,-0.289899
30.824,-0.128854,0.00613592,-0.517474,-0.260909
30.826,-0.128854,0.00613592,-0.465727,-0.234818
30.828,-0.128854,0.00613592,-0.419154,-0.211336
30.83,-0.131922,0.00613592,-0.530637,-0.190203
30.832,-0.131922,0.00306796,-0.477573,-0.324581
30.834,-0.131922,0.00306796,-0.429816,-0.292122
30.836,-0.13499,0.00306796,-0.540232,-0.26291
30.838,-0.13499,0.00306796,-0.486209,-0.236619
30.84,-0.138058,0,-0.590986,-0.366355
30.842,-0.141126,0,-0.685286,-0.32972
30.844,-0.141126,-0.00306796,-0.616757,-0.450146
30.846,-0.144194,-0.00613592,-0.70848,-0.558529
30.848,-0.147262,-0.00613592,-0.79103,-0.502676
30.85,-0.147262,-0.00920388,-0.711927,-0.605807
30.852,-0.15033,-0.0122718,-0.794132,-0.698624
30.854,-0.153398,-0.0122718,-0.868117,-0.628762
30.856,-0.153398,-0.0153398,-0.781305,-0.719284
30.858,-0.153398,-0.0153398,-0.703175,-0.647355
30.86,-0.153398,-0.0153398,-0.632857,-0.58262
30.862,-0.156466,-0.0122718,-0.72297,-0.37096
30.864,-0.156466,-0.0122718,-0.650673,-0.333864
30.866,-0.156466,-0.0122718,-0.585605,-0.300477
30.868,-0.156466,-0.00920388,-0.527045,-0.117032
30.87,-0.156466,-0.00920388,-0.47434,-0.105328
30.872,-0.156466,-0.00920388,-0.426906,-0.0947956
30.874,-0.156466,-0.00920388,-0.384216,-0.085316
30.876,-0.156466,-0.0122718,-0.345794,-0.230183
30.878,-0.156466,-0.0122718,-0.311215,-0.207164
30.88,-0.159534,-0.0122718,-0.433491,-0.186448
30.882,-0.159534,-0.0122718,-0.390142,-0.167803
30.884,-0.159534,-0.0122718,-0.351128,-0.151023
30.886,-0.159534,-0.0122718,-0.316015,-0.13592
30.888,-0.162602,-0.0122718,-0.437812,-0.122328
30.89,-0.162602,-0.0122718,-0.394031,-0.110096
30.892,-0.162602,-0.0122718,-0.354628,-0.099086
30.894,-0.16567,-0.0153398,-0.472563,-0.242576
30.896,-0.16567,-0.0153398,-0.425307,-0.218318
30.898,-0.168738,-0.0153398,-0.536174,-0.196486
30.9,-0.168738,-0.0184078,-0.482557,-0.330236
30.902,-0.171806,-0.0214757,-0.587699,-0.45061
30.904,-0.174874,-0.0214757,-0.682327,-0.405549
30.906,-0.174874,-0.0245437,-0.614094,-0.518392
30.908,-0.177942,-0.0276117,-0.706083,-0.619951
30.91,-0.18101,-0.0276117,-0.788873,-0.557956
30.912,-0.18101,-0.0276117,-0.709986,-0.50216
30.914,-0.18101,-0.0306796,-0.638987,-0.605342
30.916,-0.184078,-0.0306796,-0.728486,-0.544808
30.918,-0.184078,-0.0306796,-0.655638,-0.490327
30.92,-0.184078,-0.0306796,-0.590074,-0.441295
30.922,-0.184078,-0.0306796,-0.531067,-0.397165
30.924,-0.184078,-0.0306796,-0.47796,-0.357449
30.926,-0.184078,-0.0306796,-0.430164,-0.321704
30.928,-0.187146,-0.0306796,-0.540546,-0.289533
30.93,-0.184078,-0.0306796,-0.333093,-0.26058
30.932,-0.187146,-0.0306796,-0.453182,-0.234522
30.934,-0.187146,-0.0306796,-0.407864,-0.21107
30.936,-0.187146,-0.0306796,-0.367077,-0.189963
30.938,-0.187146,-0.0306796,-0.33037,-0.170967
30.94,-0.187146,-0.0306796,-0.297333,-0.15387
30.942,-0.187146,-0.0306796,-0.267599,-0.138483
30.944,-0.187146,-0.0306796,-0.240839,-0.124635
30.946,-0.187146,-0.0337476,-0.216755,-0.265569
30.948,-0.187146,-0.0337476,-0.19508,-0.239012
30.95,-0.190214,-0.0337476,-0.32897,-0.215111
30.952,-0.190214,-0.0337476,-0.296073,-0.1936
30.954,-0.190214,-0.0337476,-0.266466,-0.17424
30.956,-0.190214,-0.0337476,-0.239819,-0.156816
30.958,-0.187146,-0.0337476,-0.0624391,-0.141134
30.96,-0.187146,-0.0337476,-0.0561952,-0.127021
30.962,-0.187146,-0.0306796,-0.0505757,0.0390792
30.964,-0.187146,-0.0306796,-0.0455181,0.0351713
30.966,-0.187146,-0.0306796,-0.0409663,0.0316542
30.968,-0.184078,-0.0276117,0.116528,0.181887
30.97,-0.184078,-0.0276117,0.104876,0.163698
30.972,-0.184078,-0.0276117,0.094388,0.147328
30.974,-0.18101,-0.0276117,0.238347,0.132595
30.976,-0.18101,-0.0245437,0.214513,0.272734
30.978,-0.18101,-0.0245437,0.193061,0.245461
30.98,-0.177942,-0.0245437,0.327153,0.220915
30.982,-0.177942,-0.0214757,0.294438,0.352221
30.984,-0.177942,-0.0214757,0.264994,0.316999
30.986,-0.174874,-0.0214757,0.391893,0.285299
30.988,-0.174874,-0.0184078,0.352704,0.410167
30.99,-0.171806,-0.0184078,0.470831,0.369151
30.992,-0.171806,-0.0153398,0.423748,0.485634
30.994,-0.168738,-0.0153398,0.534771,0.43707
30.996,-0.168738,-0.0122718,0.481294,0.546761
30.998,-0.16567,-0.0122718,0.586563,0.492085
31,-0.162602,-0.00920388,0.681305,0.596275
31.002,-0.159534,-0.00920388,0.766572,0.536647
31.004,-0.159534,-0.00613592,0.689915,0.636381
31.006,-0.156466,-0.00306796,0.774322,0.726141
31.008,-0.153398,0,0.850288,0.806925
31.01,-0.153398,0.00306796,0.765259,0.87963
31.012,-0.15033,0.00613592,0.842131,0.945065
31.014,-0.147262,0.00920388,0.911316,1.00396
31.016,-0.144194,0.00920388,0.973582,0.903561
31.018,-0.144194,0.0122718,0.876224,0.966603
31.02,-0.138058,0.0153398,1.0954,1.02334
31.022,-0.138058,0.0153398,0.985858,0.921007
31.024,-0.13499,0.0184078,1.04067,0.982304
31.026,-0.131922,0.0214757,1.09,1.03747
31.028,-0.131922,0.0214757,0.981001,0.933725
31.03,-0.128854,0.0245437,1.0363,0.99375
31.032,-0.128854,0.0276117,0.932669,1.04777
31.034,-0.128854,0.0276117,0.839402,0.942996
31.036,-0.125786,0.0276117,0.90886,0.848696
31.038,-0.122718,0.0306796,0.971372,0.917225
31.04,-0.122718,0.0306796,0.874235,0.825502
31.042,-0.122718,0.0306796,0.786812,0.742952
31.044,-0.122718,0.0306796,0.70813,0.668657
31.046,-0.122718,0.0337476,0.637317,0.755189
31.048,-0.119651,0.0337476,0.726984,0.67967
31.05,-0.119651,0.0337476,0.654285,0.611703
31.052,-0.119651,0.0368155,0.588857,0.703931
31.054,-0.119651,0.0368155,0.529971,0.633538
31.056,-0.119651,0.0368155,0.476974,0.570184
31.058,-0.119651,0.0337476,0.429277,0.359768
31.06,-0.119651,0.0337476,0.386349,0.323791
31.062,-0.122718,0.0337476,0.194316,0.291412
31.064,-0.122718,0.0306796,0.174884,0.108873
31.066,-0.122718,0.0306796,0.157396,0.0979853
31.068,-0.122718,0.0306796,0.141656,0.0881868
31.07,-0.125786,0.0276117,-0.0259074,-0.07403
31.072,-0.125786,0.0276117,-0.0233166,-0.066627
31.074,-0.125786,0.0276117,-0.020985,-0.0599643
31.076,-0.125786,0.0276117,-0.0188865,-0.0539679
31.078,-0.125786,0.0276117,-0.0169978,-0.0485711
31.08,-0.125786,0.0276117,-0.015298,-0.043714
31.082,-0.125786,0.0276117,-0.0137682,-0.0393426
31.084,-0.125786,0.0306796,-0.0123914,0.11799
31.086,-0.125786,0.0306796,-0.0111523,0.106191
31.088,-0.125786,0.0306796,-0.010037,0.0955717
31.09,-0.125786,0.0306796,-0.00903334,0.0860145
31.092,-0.125786,0.0306796,-0.00813001,0.0774131
31.094,-0.125786,0.0306796,-0.00731701,0.0696718
31.096,-0.128854,0.0306796,-0.159983,0.0627046
31.098,-0.128854,0.0306796,-0.143985,0.0564341
31.1,-0.128854,0.0306796,-0.129587,0.0507907
31.102,-0.131922,0.0276117,-0.270026,-0.107686
31.104,-0.131922,0.0276117,-0.243023,-0.0969178
31.106,-0.131922,0.0276117,-0.218721,-0.087226
31.108,-0.131922,0.0276117,-0.196849,-0.0785034
31.11,-0.13499,0.0276117,-0.330562,-0.0706531
31.112,-0.138058,0.0245437,-0.450904,-0.216986
31.114,-0.138058,0.0245437,-0.405814,-0.195287
31.116,-0.141126,0.0214757,-0.51863,-0.329157
31.118,-0.144194,0.0184078,-0.620165,-0.449639
31.12,-0.147262,0.0184078,-0.711547,-0.404675
31.122,-0.15033,0.0153398,-0.79379,-0.517606
31.124,-0.153398,0.0122718,-0.867809,-0.619243
31.126,-0.156466,0.00920388,-0.934426,-0.710717
31.128,-0.159534,0.00613592,-0.994382,-0.793043
31.13,-0.16567,0.00306796,-1.20174,-0.867137
31.132,-0.168738,-0.00306796,-1.23496,-1.08722
31.134,-0.171806,-0.00613592,-1.26487,-1.1319
31.136,-0.177942,-0.0122718,-1.44518,-1.3255
31.138,-0.18101,-0.0153398,-1.45406,-1.34635
31.14,-0.184078,-0.0184078,-1.46205,-1.36511
31.142,-0.187146,-0.0214757,-1.46924,-1.382
31.144,-0.193282,-0.0245437,-1.62911,-1.3972
31.146,-0.193282,-0.0306796,-1.4662,-1.56427
31.148,-0.199418,-0.0337476,-1.62638,-1.56125
31.15,-0.202485,-0.0337476,-1.61714,-1.40512
31.152,-0.202485,-0.0368155,-1.45542,-1.41801
31.154,-0.205553,-0.0398835,-1.46328,-1.4296
31.156,-0.208621,-0.0398835,-1.47035,-1.28664
31.158,-0.208621,-0.0398835,-1.32332,-1.15798
31.16,-0.211689,-0.0429515,-1.34438,-1.19558
31.162,-0.211689,-0.0429515,-1.20994,-1.07602
31.164,-0.211689,-0.0429515,-1.08895,-0.968419
31.166,-0.214757,-0.0460194,-1.13345,-1.02498
31.168,-0.214757,-0.0460194,-1.02011,-0.922478
31.17,-0.214757,-0.0429515,-0.918096,-0.676832
31.172,-0.217825,-0.0460194,-0.979685,-0.762547
31.174,-0.217825,-0.0460194,-0.881716,-0.686292
31.176,-0.220893,-0.0460194,-0.946943,-0.617663
31.178,-0.220893,-0.0490874,-0.852249,-0.709295
31.18,-0.220893,-0.0490874,-0.767024,-0.638365
31.182,-0.223961,-0.0521553,-0.843719,-0.727927
31.184,-0.223961,-0.0521553,-0.759347,-0.655134
31.186,-0.227029,-0.0552233,-0.836811,-0.743019
31.188,-0.227029,-0.0552233,-0.75313,-0.668717
31.19,-0.230097,-0.0552233,-0.831215,-0.601845
31.192,-0.230097,-0.0552233,-0.748093,-0.541661
31.194,-0.230097,-0.0582913,-0.673284,-0.640893
31.196,-0.230097,-0.0582913,-0.605956,-0.576803
31.198,-0.233165,-0.0582913,-0.698758,-0.519123
31.2,-0.233165,-0.0613592,-0.628882,-0.620609
31.202,-0.233165,-0.0613592,-0.565994,-0.558548
31.204,-0.233165,-0.0613592,-0.509395,-0.502693
31.206,-0.233165,-0.0644272,-0.458455,-0.605822
31.208,-0.233165,-0.0644272,-0.41261,-0.54524
31.21,-0.233165,-0.0644272,-0.371349,-0.490716
31.212,-0.233165,-0.0644272,-0.334214,-0.441644
31.214,-0.233165,-0.0644272,-0.300792,-0.39748
31.216,-0.233165,-0.0613592,-0.270713,-0.204334
31.218,-0.230097,-0.0613592,-0.0902438,-0.1839
31.22,-0.230097,-0.0613592,-0.0812194,-0.16551
31.222,-0.230097,-0.0582913,-0.0730975,0.00443879
31.224,-0.227029,-0.0582913,0.0876103,0.00399491
31.226,-0.227029,-0.0582913,0.0788493,0.00359542
31.228,-0.223961,-0.0552233,0.224362,0.156634
31.23,-0.223961,-0.0552233,0.201926,0.140971
31.232,-0.220893,-0.0552233,0.335132,0.126874
31.234,-0.217825,-0.0521553,0.455017,0.267584
31.236,-0.217825,-0.0490874,0.409515,0.394224
31.238,-0.214757,-0.0490874,0.521962,0.354802
31.24,-0.211689,-0.0460194,0.623163,0.472719
31.242,-0.211689,-0.0429515,0.560847,0.578846
31.244,-0.208621,-0.0429515,0.65816,0.520961
31.246,-0.205553,-0.0398835,0.745742,0.622263
31.248,-0.205553,-0.0398835,0.671168,0.560037
31.25,-0.202485,-0.0368155,0.757449,0.657431
31.252,-0.202485,-0.0368155,0.681705,0.591688
31.254,-0.199418,-0.0368155,0.766932,0.532519
31.256,-0.199418,-0.0368155,0.690239,0.479267
31.258,-0.19635,-0.0368155,0.774613,0.431341
31.26,-0.19635,-0.0368155,0.697152,0.388206
31.262,-0.19635,-0.0368155,0.627437,0.349386
31.264,-0.193282,-0.0337476,0.718091,0.467845
31.266,-0.193282,-0.0337476,0.646282,0.421061
31.268,-0.193282,-0.0337476,0.581654,0.378955
31.27,-0.190214,-0.0337476,0.676886,0.341059
31.272,-0.190214,-0.0337476,0.609198,0.306953
31.274,-0.187146,-0.0337476,0.701676,0.276258
31.276,-0.184078,-0.0306796,0.784907,0.40203
31.278,-0.184078,-0.0306796,0.706416,0.361827
31.28,-0.18101,-0.0306796,0.789172,0.325645
31.282,-0.177942,-0.0276117,0.863653,0.446478
31.284,-0.177942,-0.0245437,0.777288,0.555228
31.286,-0.171806,-0.0245437,1.00636,0.499706
31.288,-0.171806,-0.0214757,0.90572,0.603133
31.29,-0.168738,-0.0214757,0.968546,0.54282
31.292,-0.16567,-0.0214757,1.02509,0.488538
31.294,-0.16567,-0.0184078,0.92258,0.593082
31.296,-0.162602,-0.0184078,0.98372,0.533774
31.298,-0.159534,-0.0153398,1.03875,0.633795
31.3,-0.159534,-0.0153398,0.934872,0.570415
31.302,-0.156466,-0.0153398,0.994783,0.513374
31.304,-0.153398,-0.0122718,1.0487,0.615434
31.306,-0.15033,-0.0122718,1.09723,0.553891
31.308,-0.15033,-0.00920388,0.987507,0.6519
31.31,-0.147262,-0.00920388,1.04215,0.58671
31.312,-0.144194,-0.00613592,1.09134,0.681437
31.314,-0.141126,-0.00613592,1.1356,0.613293
31.316,-0.138058,-0.00306796,1.17544,0.705362
31.318,-0.13499,0,1.21129,0.788224
31.32,-0.13499,0,1.09016,0.709402
31.322,-0.131922,0.00306796,1.13455,0.791859
31.324,-0.128854,0.00306796,1.17449,0.712674
31.326,-0.125786,0.00613592,1.21044,0.794804
31.328,-0.122718,0.00613592,1.24279,0.715324
31.33,-0.122718,0.00920388,1.11851,0.79719
31.332,-0.119651,0.00920388,1.16006,0.717471
31.334,-0.116583,0.0122718,1.19745,0.799122
31.336,-0.113515,0.0122718,1.23111,0.719209
31.338,-0.110447,0.0153398,1.26139,0.800687
31.34,-0.110447,0.0153398,1.13525,0.720618
31.342,-0.107379,0.0153398,1.17513,0.648556
31.344,-0.107379,0.0184078,1.05761,0.737099
31.346,-0.104311,0.0184078,1.10525,0.663389
31.348,-0.104311,0.0184078,0.994725,0.59705
31.35,-0.104311,0.0184078,0.895253,0.537345
31.352,-0.104311,0.0184078,0.805727,0.48361
31.354,-0.101243,0.0153398,0.878553,0.281851
31.356,-0.101243,0.0153398,0.790698,0.253666
31.358,-0.104311,0.0122718,0.55823,0.0749014
31.36,-0.101243,0.0122718,0.655805,0.0674113
31.362,-0.104311,0.00920388,0.436826,-0.0927279
31.364,-0.101243,0.00920388,0.546542,-0.0834551
31.366,-0.101243,0.00920388,0.491888,-0.0751096
31.368,-0.101243,0.00920388,0.442699,-0.0675986
31.37,-0.101243,0.00920388,0.398429,-0.0608388
31.372,-0.0981748,0.00920388,0.511984,-0.0547549
31.374,-0.0981748,0.00920388,0.460786,-0.0492794
31.376,-0.0981748,0.00920388,0.414707,-0.0443515
31.378,-0.0951068,0.00920388,0.526634,-0.0399163
31.38,-0.0951068,0.0122718,0.473971,0.117473
31.382,-0.0920388,0.0122718,0.579972,0.105726
31.384,-0.0889709,0.0153398,0.675373,0.248552
31.386,-0.0889709,0.0153398,0.607836,0.223696
31.388,-0.0859029,0.0153398,0.70045,0.201327
31.39,-0.0859029,0.0153398,0.630405,0.181194
31.392,-0.082835,0.0153398,0.720763,0.163075
31.394,-0.082835,0.0184078,0.648686,0.300165
31.396,-0.082835,0.0184078,0.583818,0.270149
31.398,-0.079767,0.0184078,0.678834,0.243134
31.4,-0.079767,0.0184078,0.610951,0.21882
31.402,-0.079767,0.0184078,0.549856,0.196938
31.404,-0.076699,0.0184078,0.648268,0.177245
31.406,-0.076699,0.0184078,0.583441,0.15952
31.408,-0.076699,0.0184078,0.525097,0.143568
31.41,-0.076699,0.0184078,0.472587,0.129211
31.412,-0.076699,0.0184078,0.425329,0.11629
31.414,-0.076699,0.0153398,0.382796,-0.0487369
31.416,-0.076699,0.0153398,0.344516,-0.0438632
31.418,-0.076699,0.0153398,0.310065,-0.0394769
31.42,-0.076699,0.0122718,0.279058,-0.188927
31.422,-0.079767,0.0122718,0.0977543,-0.170035
31.424,-0.079767,0.00920388,0.0879788,-0.306429
31.426,-0.079767,0.00920388,0.079181,-0.275786
31.428,-0.079767,0.00613592,0.0712629,-0.401606
31.43,-0.079767,0.00613592,0.0641366,-0.361445
31.432,-0.082835,0.00306796,-0.0956752,-0.478699
31.434,-0.082835,0.00306796,-0.0861076,-0.430829
31.436,-0.082835,0.00306796,-0.0774969,-0.387746
31.438,-0.082835,0,-0.0697472,-0.502369
31.44,-0.082835,0,-0.0627725,-0.452132
31.442,-0.082835,0,-0.0564952,-0.406919
31.444,-0.082835,0,-0.0508457,-0.366227
31.446,-0.082835,0,-0.0457611,-0.329605
31.448,-0.082835,-0.00306796,-0.041185,-0.450042
31.45,-0.079767,-0.00306796,0.116332,-0.405038
31.452,-0.079767,0,0.104698,-0.211136
31.454,-0.079767,0,0.0942286,-0.190022
31.456,-0.079767,0,0.0848057,-0.17102
31.458,-0.076699,0,0.229723,-0.153918
31.46,-0.076699,0,0.206751,-0.138526
31.462,-0.076699,0,0.186076,-0.124674
31.464,-0.0736311,0,0.320866,-0.112206
31.466,-0.0736311,0,0.28878,-0.100986
31.468,-0.0736311,0,0.259902,-0.0908872
31.47,-0.0736311,0,0.233912,-0.0817985
31.472,-0.0736311,0,0.21052,-0.0736186
31.474,-0.0736311,-0.00306796,0.189468,-0.219655
31.476,-0.0736311,-0.00306796,0.170522,-0.197689
31.478,-0.0736311,-0.00306796,0.153469,-0.17792
31.48,-0.0736311,-0.00306796,0.138122,-0.160128
31.482,-0.0705631,-0.00306796,0.277708,-0.144116
31.484,-0.0705631,-0.00306796,0.249937,-0.129704
31.486,-0.0674952,0,0.378342,0.0366645
31.488,-0.0674952,0,0.340508,0.032998
31.49,-0.0644272,0.00306796,0.459855,0.183096
31.492,-0.0613592,0.00613592,0.567267,0.318185
31.494,-0.0582913,0.00613592,0.663939,0.286366
31.496,-0.0552233,0.00920388,0.750943,0.411128
31.498,-0.0521553,0.0122718,0.829247,0.523413
31.5,-0.0490874,0.0153398,0.89972,0.62447
31.502,-0.0490874,0.0153398,0.809748,0.562023
31.504,-0.0460194,0.0184078,0.882171,0.659219
31.506,-0.0429515,0.0214757,0.947352,0.746695
31.508,-0.0398835,0.0214757,1.00602,0.672025
31.51,-0.0398835,0.0245437,0.905414,0.758221
31.512,-0.0368155,0.0245437,0.96827,0.682399
31.514,-0.0337476,0.0276117,1.02484,0.767557
31.516,-0.0337476,0.0276117,0.922357,0.690801
31.518,-0.0306796,0.0306796,0.98352,0.775119
31.52,-0.0306796,0.0306796,0.885168,0.697607
31.522,-0.0276117,0.0337476,0.950049,0.781245
31.524,-0.0276117,0.0337476,0.855044,0.70312
31.526,-0.0276117,0.0337476,0.76954,0.632808
31.528,-0.0245437,0.0337476,0.845984,0.569527
31.53,-0.0245437,0.0337476,0.761385,0.512575
31.532,-0.0245437,0.0337476,0.685247,0.461317
31.534,-0.0245437,0.0337476,0.616722,0.415185
31.536,-0.0245437,0.0337476,0.55505,0.373667
31.538,-0.0276117,0.0306796,0.346147,0.182902
31.54,-0.0276117,0.0306796,0.311532,0.164612
31.542,-0.0276117,0.0276117,0.280379,-0.00524735
31.544,-0.0306796,0.0276117,0.098943,-0.00472261
31.546,-0.0306796,0.0276117,0.0890487,-0.00425035
31.548,-0.0306796,0.0245437,0.0801438,-0.157223
31.55,-0.0337476,0.0245437,-0.0812686,-0.141501
31.552,-0.0337476,0.0214757,-0.0731418,-0.280749
31.554,-0.0337476,0.0214757,-0.0658276,-0.252674
31.556,-0.0337476,0.0214757,-0.0592448,-0.227407
31.558,-0.0337476,0.0214757,-0.0533203,-0.204666
31.56,-0.0337476,0.0214757,-0.0479883,-0.184199
31.562,-0.0337476,0.0214757,-0.0431895,-0.165779
31.564,-0.0337476,0.0184078,-0.0388705,-0.3026
31.566,-0.0337476,0.0184078,-0.0349835,-0.27234
31.568,-0.0337476,0.0184078,-0.0314851,-0.245106
31.57,-0.0337476,0.0184078,-0.0283366,-0.220595
31.572,-0.0337476,0.0184078,-0.025503,-0.198536
31.574,-0.0337476,0.0184078,-0.0229527,-0.178682
31.576,-0.0337476,0.0184078,-0.0206574,-0.160814
31.578,-0.0337476,0.0184078,-0.0185917,-0.144732
31.58,-0.0337476,0.0184078,-0.0167325,-0.130259
31.582,-0.0337476,0.0184078,-0.0150592,-0.117233
31.584,-0.0337476,0.0184078,-0.0135533,-0.10551
31.586,-0.0337476,0.0184078,-0.012198,-0.094959
31.588,-0.0337476,0.0184078,-0.0109782,-0.0854631
31.59,-0.0337476,0.0184078,-0.00988037,-0.0769168
31.592,-0.0337476,0.0184078,-0.00889233,-0.0692251
31.594,-0.0337476,0.0184078,-0.0080031,-0.0623026
31.596,-0.0337476,0.0214757,-0.00720279,0.0973258
31.598,-0.0337476,0.0184078,-0.00648251,-0.0658049
31.6,-0.0337476,0.0184078,-0.00583426,-0.0592244
31.602,-0.0337476,0.0184078,-0.00525083,-0.053302
31.604,-0.0337476,0.0184078,-0.00472575,-0.0479718
31.606,-0.0337476,0.0214757,-0.00425317,0.110223
31.608,-0.0337476,0.0214757,-0.00382786,0.0992011
31.61,-0.0337476,0.0214757,-0.00344507,0.089281
31.612,-0.0337476,0.0214757,-0.00310056,0.0803529
31.614,-0.0337476,0.0214757,-0.00279051,0.0723176
31.616,-0.0337476,0.0214757,-0.00251146,0.0650859
31.618,-0.0337476,0.0214757,-0.00226031,0.0585773
31.62,-0.0337476,0.0214757,-0.00203428,0.0527196
31.622,-0.0337476,0.0214757,-0.00183085,0.0474476
31.624,-0.0337476,0.0214757,-0.00164777,0.0427028
31.626,-0.0337476,0.0214757,-0.00148299,0.0384326
31.628,-0.0337476,0.0184078,-0.00133469,-0.118809
31.63,-0.0337476,0.0184078,-0.00120122,-0.106928
31.632,-0.0337476,0.0214757,-0.0010811,0.057163
31.634,-0.0337476,0.0214757,-0.00097299,0.0514467
31.636,-0.0337476,0.0214757,-0.000875691,0.046302
31.638,-0.0337476,0.0214757,-0.000788122,0.0416718
31.64,-0.0306796,0.0245437,0.152689,0.190903
31.642,-0.0306796,0.0245437,0.13742,0.171812
31.644,-0.0306796,0.0245437,0.123678,0.154631
31.646,-0.0306796,0.0245437,0.11131,0.139168
31.648,-0.0306796,0.0276117,0.100179,0.278649
31.65,-0.0276117,0.0276117,0.243559,0.250784
31.652,-0.0276117,0.0276117,0.219203,0.225706
31.654,-0.0276117,0.0276117,0.197283,0.203135
31.656,-0.0276117,0.0306796,0.177555,0.33622
31.658,-0.0276117,0.0306796,0.159799,0.302598
31.66,-0.0276117,0.0306796,0.143819,0.272338
31.662,-0.0276117,0.0306796,0.129437,0.245104
31.664,-0.0276117,0.0306796,0.116494,0.220594
31.666,-0.0306796,0.0306796,-0.0485538,0.198534
31.668,-0.0306796,0.0306796,-0.0436984,0.178681
31.67,-0.0306796,0.0306796,-0.0393286,0.160813
31.672,-0.0306796,0.0306796,-0.0353957,0.144732
31.674,-0.0337476,0.0306796,-0.185254,0.130258
31.676,-0.0337476,0.0306796,-0.166729,0.117233
31.678,-0.0337476,0.0276117,-0.150056,-0.0478887
31.68,-0.0368155,0.0276117,-0.288448,-0.0430998
31.682,-0.0368155,0.0276117,-0.259604,-0.0387899
31.684,-0.0398835,0.0245437,-0.387041,-0.188309
31.686,-0.0398835,0.0245437,-0.348337,-0.169478
31.688,-0.0429515,0.0245437,-0.466902,-0.15253
31.69,-0.0429515,0.0214757,-0.420211,-0.290675
31.692,-0.0460194,0.0214757,-0.531588,-0.261608
31.694,-0.0460194,0.0214757,-0.478429,-0.235447
31.696,-0.0490874,0.0184078,-0.583985,-0.3653
31.698,-0.0490874,0.0184078,-0.525586,-0.32877
31.7,-0.0521553,0.0153398,-0.626426,-0.449291
31.702,-0.0552233,0.0153398,-0.717181,-0.404362
31.704,-0.0582913,0.0122718,-0.798861,-0.517324
31.706,-0.0582913,0.0122718,-0.718975,-0.465592
31.708,-0.0613592,0.00920388,-0.800476,-0.572431
31.71,-0.0644272,0.00920388,-0.873826,-0.515188
31.712,-0.0674952,0.00613592,-0.939842,-0.617067
31.714,-0.0674952,0.00306796,-0.845857,-0.708758
31.716,-0.0705631,0.00306796,-0.91467,-0.637882
31.718,-0.0705631,0,-0.823203,-0.727492
31.72,-0.0736311,0,-0.894281,-0.654743
31.722,-0.0736311,0,-0.804853,-0.589269
31.724,-0.076699,0,-0.877765,-0.530342
31.726,-0.076699,-0.00306796,-0.789989,-0.630706
31.728,-0.079767,-0.00306796,-0.864388,-0.567635
31.73,-0.079767,-0.00306796,-0.777949,-0.510872
31.732,-0.082835,-0.00306796,-0.853552,-0.459784
31.734,-0.082835,-0.00306796,-0.768197,-0.413806
31.736,-0.082835,-0.00306796,-0.691377,-0.372425
31.738,-0.082835,-0.00306796,-0.62224,-0.335183
31.74,-0.082835,-0.00306796,-0.560016,-0.301665
31.742,-0.0859029,-0.00306796,-0.657412,-0.271498
31.744,-0.0859029,-0.00306796,-0.591671,-0.244348
31.746,-0.0859029,-0.00306796,-0.532504,-0.219913
31.748,-0.0859029,-0.00306796,-0.479254,-0.197922
31.75,-0.0859029,0,-0.431328,-0.0247319
31.752,-0.0889709,0,-0.541593,-0.0222587
31.754,-0.0889709,0,-0.487434,-0.0200328
31.756,-0.0889709,0,-0.438691,-0.0180295
31.758,-0.0920388,0,-0.54822,-0.0162266
31.76,-0.0920388,-0.00306796,-0.493398,-0.168002
31.762,-0.0951068,-0.00306796,-0.597456,-0.151202
31.764,-0.0951068,-0.00306796,-0.53771,-0.136082
31.766,-0.0951068,-0.00306796,-0.483939,-0.122473
31.768,-0.0981748,-0.00613592,-0.588944,-0.263624
31.77,-0.101243,-0.00613592,-0.683447,-0.237262
31.772,-0.101243,-0.00920388,-0.615103,-0.366934
31.774,-0.104311,-0.00920388,-0.70699,-0.33024
31.776,-0.104311,-0.00920388,-0.636291,-0.297216
31.778,-0.107379,-0.0122718,-0.72606,-0.420893
31.78,-0.107379,-0.0122718,-0.653454,-0.378803
31.782,-0.107379,-0.0122718,-0.588109,-0.340923
31.784,-0.110447,-0.0122718,-0.682696,-0.306831
31.786,-0.110447,-0.0122718,-0.614426,-0.276148
31.788,-0.110447,-0.0153398,-0.552984,-0.401931
31.79,-0.113515,-0.0153398,-0.651083,-0.361738
31.792,-0.113515,-0.0153398,-0.585975,-0.325564
31.794,-0.116583,-0.0153398,-0.680776,-0.293008
31.796,-0.116583,-0.0153398,-0.612698,-0.263707
31.798,-0.116583,-0.0153398,-0.551428,-0.237336
31.8,-0.116583,-0.0153398,-0.496285,-0.213603
31.802,-0.119651,-0.0153398,-0.600055,-0.192242
31.804,-0.119651,-0.0153398,-0.54005,-0.173018
31.806,-0.119651,-0.0153398,-0.486045,-0.155716
31.808,-0.119651,-0.0153398,-0.43744,-0.140145
31.81,-0.122718,-0.0153398,-0.547094,-0.12613
31.812,-0.122718,-0.0184078,-0.492385,-0.266915
31.814,-0.125786,-0.0184078,-0.596544,-0.240224
31.816,-0.128854,-0.0214757,-0.690288,-0.369599
31.818,-0.128854,-0.0214757,-0.621259,-0.33264
31.82,-0.131922,-0.0214757,-0.712531,-0.299376
31.822,-0.131922,-0.0245437,-0.641278,-0.422836
31.824,-0.13499,-0.0245437,-0.730548,-0.380552
31.826,-0.13499,-0.0245437,-0.657494,-0.342497
31.828,-0.13499,-0.0276117,-0.591744,-0.461646
31.83,-0.138058,-0.0276117,-0.685968,-0.415481
31.832,-0.138058,-0.0276117,-0.617371,-0.373933
31.834,-0.138058,-0.0276117,-0.555634,-0.33654
31.836,-0.138058,-0.0276117,-0.500071,-0.302886
31.838,-0.138058,-0.0276117,-0.450064,-0.272597
31.84,-0.138058,-0.0276117,-0.405057,-0.245337
31.842,-0.138058,-0.0245437,-0.364551,-0.0674056
31.844,-0.13499,-0.0245437,-0.174698,-0.060665
31.846,-0.13499,-0.0214757,-0.157228,0.0987996
31.848,-0.131922,-0.0184078,0.0118925,0.242318
31.85,-0.131922,-0.0153398,0.0107032,0.371484
31.852,-0.128854,-0.0122718,0.163031,0.487734
31.854,-0.125786,-0.00920388,0.300126,0.592358
31.856,-0.122718,-0.00613592,0.423511,0.686521
31.858,-0.122718,-0.00306796,0.38116,0.771267
31.86,-0.119651,0,0.496442,0.847538
31.862,-0.119651,0,0.446798,0.762784
31.864,-0.119651,0.00306796,0.402118,0.839904
31.866,-0.116583,0.00306796,0.515305,0.755914
31.868,-0.116583,0.00613592,0.463774,0.83372
31.87,-0.116583,0.00613592,0.417397,0.750348
31.872,-0.116583,0.00920388,0.375657,0.828711
31.874,-0.116583,0.00920388,0.338091,0.74584
31.876,-0.116583,0.00920388,0.304282,0.671256
31.878,-0.116583,0.00920388,0.273854,0.604131
31.88,-0.116583,0.00920388,0.246469,0.543718
31.882,-0.116583,0.00920388,0.221822,0.489346
31.884,-0.119651,0.00613592,0.0462415,0.287013
31.886,-0.119651,0.00613592,0.0416173,0.258312
31.888,-0.119651,0.00920388,0.0374556,0.385879
31.89,-0.119651,0.00920388,0.03371,0.347291
31.892,-0.119651,0.00613592,0.030339,0.159164
31.894,-0.119651,0.00613592,0.0273051,0.143247
31.896,-0.119651,0.00920388,0.0245746,0.282321
31.898,-0.122718,0.00920388,-0.131281,0.254089
31.9,-0.122718,0.00920388,-0.118153,0.22868
31.902,-0.122718,0.00613592,-0.106338,0.0524137
31.904,-0.125786,0.00613592,-0.249102,0.0471723
31.906,-0.125786,0.00613592,-0.224192,0.0424551
31.908,-0.125786,0.00306796,-0.201773,-0.115188
31.91,-0.128854,0.00306796,-0.334993,-0.10367
31.912,-0.128854,0.00306796,-0.301494,-0.0933027
31.914,-0.128854,0.00306796,-0.271345,-0.0839724
31.916,-0.131922,0.00306796,-0.397608,-0.0755752
31.918,-0.131922,0.00306796,-0.357847,-0.0680177
31.92,-0.131922,0.00306796,-0.322063,-0.0612159
31.922,-0.131922,0.00306796,-0.289856,-0.0550943
31.924,-0.131922,0.00306796,-0.260871,-0.0495849
31.926,-0.131922,0.00306796,-0.234784,-0.0446264
31.928,-0.131922,0.00306796,-0.211305,-0.0401637
31.93,-0.13499,0.00306796,-0.343573,-0.0361474
31.932,-0.13499,0.00306796,-0.309216,-0.0325326
31.934,-0.13499,0.00306796,-0.278294,-0.0292794
31.936,-0.13499,0.00306796,-0.250465,-0.0263514
31.938,-0.138058,0.00306796,-0.378816,-0.0237163
31.94,-0.138058,0.00306796,-0.340935,-0.0213447
31.942,-0.141126,0,-0.460239,-0.172608
31.944,-0.141126,0,-0.414215,-0.155347
31.946,-0.144194,0,-0.526192,-0.139813
31.948,-0.144194,-0.00306796,-0.473573,-0.27923
31.95,-0.147262,-0.00306796,-0.579613,-0.251307
31.952,-0.147262,-0.00613592,-0.521652,-0.379574
31.954,-0.15033,-0.00613592,-0.622885,-0.341617
31.956,-0.153398,-0.00920388,-0.713995,-0.460853
31.958,-0.153398,-0.00920388,-0.642595,-0.414768
31.96,-0.156466,-0.00920388,-0.731734,-0.373291
31.962,-0.156466,-0.0122718,-0.65856,-0.48936
31.964,-0.156466,-0.0122718,-0.592704,-0.440424
31.966,-0.159534,-0.0122718,-0.686832,-0.396382
31.968,-0.162602,-0.0122718,-0.771547,-0.356743
31.97,-0.162602,-0.0153398,-0.694392,-0.474467
31.972,-0.16567,-0.0184078,-0.778351,-0.580418
31.974,-0.168738,-0.0184078,-0.853914,-0.522377
31.976,-0.168738,-0.0214757,-0.768523,-0.623537
31.978,-0.171806,-0.0245437,-0.845068,-0.714581
31.98,-0.174874,-0.0245437,-0.91396,-0.643123
31.982,-0.177942,-0.0276117,-0.975962,-0.732209
31.984,-0.177942,-0.0276117,-0.878366,-0.658988
31.986,-0.18101,-0.0306796,-0.943927,-0.746487
31.988,-0.184078,-0.0337476,-1.00293,-0.825237
31.99,-0.187146,-0.0368155,-1.05604,-0.896111
31.992,-0.190214,-0.0398835,-1.10383,-0.959898
31.994,-0.193282,-0.0429515,-1.14685,-1.01731
31.996,-0.19635,-0.0460194,-1.18556,-1.06897
31.998,-0.19635,-0.0460194,-1.067,-0.962076
32,-0.199418,-0.0490874,-1.1137,-1.01927
32.002,-0.202485,-0.0490874,-1.15573,-0.91734
32.004,-0.205553,-0.0521553,-1.19355,-0.979004
32.006,-0.205553,-0.0552233,-1.0742,-1.0345
32.008,-0.208621,-0.0552233,-1.12018,-0.931052
32.01,-0.208621,-0.0582913,-1.00816,-0.991345
32.012,-0.211689,-0.0582913,-1.06074,-0.89221
32.014,-0.211689,-0.0582913,-0.954668,-0.802989
32.016,-0.214757,-0.0613592,-1.0126,-0.876088
32.018,-0.214757,-0.0613592,-0.911339,-0.788479
32.02,-0.214757,-0.0613592,-0.820205,-0.709632
32.022,-0.217825,-0.0613592,-0.891583,-0.638668
32.024,-0.217825,-0.0644272,-0.802424,-0.7282
32.026,-0.217825,-0.0644272,-0.722182,-0.65538
32.028,-0.217825,-0.0644272,-0.649964,-0.589842
32.03,-0.217825,-0.0644272,-0.584967,-0.530858
32.032,-0.217825,-0.0644272,-0.526471,-0.477772
32.034,-0.220893,-0.0644272,-0.627222,-0.429995
32.036,-0.220893,-0.0674952,-0.5645,-0.540393
32.038,-0.220893,-0.0674952,-0.50805,-0.486354
32.04,-0.220893,-0.0674952,-0.457245,-0.437719
32.042,-0.220893,-0.0705631,-0.41152,-0.547345
32.044,-0.220893,-0.0705631,-0.370368,-0.49261
32.046,-0.220893,-0.0705631,-0.333331,-0.443349
32.048,-0.220893,-0.0705631,-0.299998,-0.399014
32.05,-0.220893,-0.0705631,-0.269998,-0.359113
32.052,-0.217825,-0.0705631,-0.0896004,-0.323202
32.054,-0.217825,-0.0674952,-0.0806404,-0.137483
32.056,-0.214757,-0.0644272,0.0808217,0.0296631
32.058,-0.211689,-0.0613592,0.226138,0.180095
32.06,-0.208621,-0.0613592,0.356922,0.162085
32.062,-0.205553,-0.0582913,0.474628,0.299275
32.064,-0.205553,-0.0552233,0.427165,0.422745
32.066,-0.202485,-0.0521553,0.537847,0.533869
32.068,-0.199418,-0.0521553,0.63746,0.480482
32.07,-0.19635,-0.0490874,0.727112,0.585832
32.072,-0.193282,-0.0460194,0.807799,0.680647
32.074,-0.193282,-0.0460194,0.727019,0.612582
32.076,-0.190214,-0.0460194,0.807715,0.551324
32.078,-0.187146,-0.0429515,0.880342,0.64959
32.08,-0.184078,-0.0429515,0.945706,0.584631
32.082,-0.184078,-0.0398835,0.851135,0.679566
32.084,-0.18101,-0.0398835,0.91942,0.611609
32.086,-0.177942,-0.0368155,0.980876,0.703846
32.088,-0.177942,-0.0368155,0.882788,0.633462
32.09,-0.174874,-0.0337476,0.947907,0.723514
32.092,-0.171806,-0.0337476,1.00651,0.651162
32.094,-0.168738,-0.0306796,1.05926,0.739444
32.096,-0.168738,-0.0306796,0.953335,0.6655
32.098,-0.16567,-0.0276117,1.0114,0.752348
32.1,-0.162602,-0.0276117,1.06366,0.677113
32.102,-0.162602,-0.0245437,0.957292,0.7628
32.104,-0.159534,-0.0245437,1.01496,0.68652
32.106,-0.156466,-0.0245437,1.06686,0.617868
32.108,-0.156466,-0.0214757,0.960177,0.709479
32.11,-0.153398,-0.0214757,1.01756,0.638531
32.112,-0.15033,-0.0184078,1.0692,0.728076
32.114,-0.147262,-0.0184078,1.11568,0.655269
32.116,-0.144194,-0.0153398,1.15751,0.74314
32.118,-0.144194,-0.0153398,1.04176,0.668826
32.12,-0.141126,-0.0122718,1.09098,0.755341
32.122,-0.138058,-0.0122718,1.13528,0.679807
32.124,-0.13499,-0.00920388,1.17515,0.765225
32.126,-0.131922,-0.00920388,1.21103,0.688702
32.128,-0.128854,-0.00613592,1.24333,0.77323
32.13,-0.128854,-0.00613592,1.11899,0.695907
32.132,-0.125786,-0.00306796,1.16049,0.779714
32.134,-0.122718,0,1.19784,0.855141
32.136,-0.119651,0,1.23146,0.769627
32.138,-0.116583,0.00306796,1.26171,0.846062
32.14,-0.113515,0.00306796,1.28894,0.761456
32.142,-0.110447,0.00613592,1.31344,0.838709
32.144,-0.107379,0.00920388,1.33549,0.908236
32.146,-0.104311,0.0122718,1.35534,0.97081
32.148,-0.101243,0.0153398,1.37321,1.02713
32.15,-0.0981748,0.0153398,1.38928,0.924415
32.152,-0.0951068,0.0184078,1.40375,0.985371
32.154,-0.0920388,0.0214757,1.41678,1.04023
32.156,-0.0889709,0.0245437,1.4285,1.08961
32.158,-0.0859029,0.0245437,1.43905,0.980646
32.16,-0.082835,0.0276117,1.44854,1.03598
32.162,-0.082835,0.0276117,1.30368,0.932382
32.164,-0.079767,0.0306796,1.32671,0.992542
32.166,-0.076699,0.0306796,1.34744,0.893288
32.168,-0.0736311,0.0337476,1.3661,0.957357
32.17,-0.0705631,0.0337476,1.38288,0.861621
32.172,-0.0705631,0.0368155,1.2446,0.928857
32.174,-0.0674952,0.0368155,1.27353,0.835971
32.176,-0.0644272,0.0398835,1.29958,0.905772
32.178,-0.0644272,0.0398835,1.16962,0.815195
32.18,-0.0613592,0.0398835,1.20606,0.733676
32.182,-0.0613592,0.0429515,1.08545,0.813706
32.184,-0.0582913,0.0429515,1.1303,0.732336
32.186,-0.0582913,0.0429515,1.01727,0.659102
32.188,-0.0552233,0.0429515,1.06894,0.593192
32.19,-0.0552233,0.0429515,0.96205,0.533873
32.192,-0.0552233,0.0460194,0.865845,0.633883
32.194,-0.0521553,0.0460194,0.932659,0.570495
32.196,-0.0521553,0.0460194,0.839393,0.513446
32.198,-0.0521553,0.0460194,0.755453,0.462101
32.2,-0.0490874,0.0460194,0.833306,0.415891
32.202,-0.0490874,0.0429515,0.749976,0.220904
32.204,-0.0490874,0.0460194,0.674978,0.352211
32.206,-0.0460194,0.0460194,0.760878,0.31699
32.208,-0.0460194,0.0490874,0.68479,0.438689
32.21,-0.0429515,0.0490874,0.769709,0.39482
32.212,-0.0429515,0.0521553,0.692739,0.508736
32.214,-0.0398835,0.0521553,0.776863,0.457863
32.216,-0.0398835,0.0552233,0.699176,0.565475
32.218,-0.0368155,0.0552233,0.782657,0.508927
32.22,-0.0368155,0.0552233,0.704391,0.458034
32.222,-0.0368155,0.0582913,0.633952,0.565629
32.224,-0.0337476,0.0582913,0.723955,0.509066
32.226,-0.0337476,0.0582913,0.651559,0.45816
32.228,-0.0337476,0.0582913,0.586404,0.412344
32.23,-0.0337476,0.0582913,0.527763,0.371109
32.232,-0.0368155,0.0582913,0.321589,0.333998
32.234,-0.0368155,0.0552233,0.28943,0.1472
32.236,-0.0368155,0.0521553,0.260487,-0.0209177
32.238,-0.0398835,0.0521553,0.0810401,-0.0188259
32.24,-0.0429515,0.0490874,-0.080462,-0.170341
32.242,-0.0460194,0.0460194,-0.225814,-0.306705
32.244,-0.0460194,0.0429515,-0.203232,-0.429433
32.246,-0.0490874,0.0398835,-0.336307,-0.539888
32.248,-0.0521553,0.0368155,-0.456075,-0.639297
32.25,-0.0552233,0.0337476,-0.563865,-0.728765
32.252,-0.0582913,0.0306796,-0.660877,-0.809287
32.254,-0.0613592,0.0306796,-0.748187,-0.728358
32.256,-0.0613592,0.0276117,-0.673368,-0.80892
32.258,-0.0644272,0.0245437,-0.75943,-0.881427
32.26,-0.0674952,0.0214757,-0.836885,-0.946682
32.262,-0.0705631,0.0214757,-0.906594,-0.852014
32.264,-0.0705631,0.0184078,-0.815935,-0.92021
32.266,-0.0736311,0.0184078,-0.88774,-0.828189
32.268,-0.0736311,0.0153398,-0.798966,-0.898769
32.27,-0.076699,0.0153398,-0.872467,-0.808892
32.272,-0.079767,0.0122718,-0.938618,-0.881401
32.274,-0.079767,0.00920388,-0.844757,-0.946659
32.276,-0.082835,0.00920388,-0.913679,-0.851993
32.278,-0.082835,0.00613592,-0.822311,-0.920192
32.28,-0.0859029,0.00306796,-0.893478,-0.98157
32.282,-0.0889709,0.00306796,-0.957528,-0.883413
32.284,-0.0889709,0,-0.861776,-0.94847
32.286,-0.0920388,0,-0.928996,-0.853623
32.288,-0.0920388,0,-0.836096,-0.768261
32.29,-0.0920388,0,-0.752487,-0.691435
32.292,-0.0920388,0,-0.677238,-0.622291
32.294,-0.0951068,0,-0.762912,-0.560062
32.296,-0.0951068,0,-0.686621,-0.504056
32.298,-0.0951068,0,-0.617959,-0.45365
32.3,-0.0951068,0,-0.556163,-0.408285
32.302,-0.0951068,0,-0.500547,-0.367457
32.304,-0.0951068,0,-0.450492,-0.330711
32.306,-0.0981748,0,-0.558841,-0.29764
32.308,-0.0981748,-0.00306796,-0.502957,-0.421274
32.31,-0.0981748,-0.00306796,-0.452661,-0.379147
32.312,-0.101243,-0.00306796,-0.560793,-0.341232
32.314,-0.101243,-0.00613592,-0.504714,-0.460507
32.316,-0.101243,-0.00613592,-0.454242,-0.414456
32.318,-0.104311,-0.00613592,-0.562216,-0.373011
32.32,-0.104311,-0.00920388,-0.505995,-0.489108
32.322,-0.107379,-0.00920388,-0.608793,-0.440197
32.324,-0.107379,-0.0122718,-0.547914,-0.549575
32.326,-0.110447,-0.0122718,-0.646521,-0.494618
32.328,-0.110447,-0.0153398,-0.581869,-0.598554
32.33,-0.110447,-0.0153398,-0.523682,-0.538699
32.332,-0.113515,-0.0153398,-0.624712,-0.484829
32.334,-0.113515,-0.0153398,-0.56224,-0.436346
32.336,-0.116583,-0.0184078,-0.659414,-0.546109
32.338,-0.116583,-0.0184078,-0.593473,-0.491498
32.34,-0.119651,-0.0184078,-0.687524,-0.442349
32.342,-0.119651,-0.0214757,-0.618771,-0.551512
32.344,-0.119651,-0.0214757,-0.556894,-0.496361
32.346,-0.122718,-0.0214757,-0.654603,-0.446725
32.348,-0.122718,-0.0245437,-0.589143,-0.55545
32.35,-0.122718,-0.0245437,-0.530228,-0.499905
32.352,-0.122718,-0.0245437,-0.477206,-0.449915
32.354,-0.125786,-0.0276117,-0.582883,-0.558321
32.356,-0.125786,-0.0276117,-0.524595,-0.502489
32.358,-0.125786,-0.0276117,-0.472135,-0.45224
32.36,-0.125786,-0.0276117,-0.424922,-0.407016
32.362,-0.128854,-0.0276117,-0.535828,-0.366315
32.364,-0.128854,-0.0276117,-0.482245,-0.329683
32.366,-0.125786,-0.0276117,-0.280622,-0.296715
32.368,-0.125786,-0.0276117,-0.25256,-0.267043
32.37,-0.125786,-0.0245437,-0.227304,-0.0869409
32.372,-0.125786,-0.0245437,-0.204574,-0.0782468
32.374,-0.122718,-0.0245437,-0.0307182,-0.0704221
32.376,-0.122718,-0.0214757,-0.0276464,0.0900181
32.378,-0.119651,-0.0214757,0.128516,0.0810163
32.38,-0.119651,-0.0184078,0.115665,0.226313
32.382,-0.119651,-0.0184078,0.104098,0.203682
32.384,-0.116583,-0.0153398,0.247086,0.336711
32.386,-0.113515,-0.0122718,0.375776,0.456438
32.388,-0.113515,-0.0122718,0.338198,0.410795
32.39,-0.110447,-0.00920388,0.457777,0.523113
32.392,-0.110447,-0.00613592,0.411999,0.6242
32.394,-0.107379,-0.00613592,0.524197,0.56178
32.396,-0.107379,-0.00306796,0.471777,0.659
32.398,-0.104311,-0.00306796,0.577998,0.5931
32.4,-0.104311,-0.00306796,0.520198,0.53379
32.402,-0.104311,0,0.468178,0.633809
32.404,-0.101243,0,0.574758,0.570428
32.406,-0.101243,0,0.517283,0.513385
32.408,-0.0981748,0.00306796,0.618952,0.615445
32.41,-0.0981748,0.00306796,0.557057,0.5539
32.412,-0.0981748,0.00306796,0.501351,0.49851
32.414,-0.0981748,0.00613592,0.451216,0.602057
32.416,-0.0951068,0.00613592,0.559493,0.541852
32.418,-0.0951068,0.00613592,0.503543,0.487667
32.42,-0.0951068,0.00920388,0.453189,0.592298
32.422,-0.0951068,0.00920388,0.40787,0.533068
32.424,-0.0920388,0.00920388,0.520481,0.479761
32.426,-0.0920388,0.00920388,0.468433,0.431785
32.428,-0.0920388,0.00920388,0.42159,0.388607
32.43,-0.0951068,0.00920388,0.226033,0.349746
32.432,-0.0951068,0.00920388,0.203429,0.314771
32.434,-0.0951068,0.00920388,0.183087,0.283294
32.436,-0.0951068,0.00613592,0.164778,0.101567
32.438,-0.0951068,0.00613592,0.1483,0.0914101
32.44,-0.0981748,0.00306796,-0.019928,-0.071129
32.442,-0.0981748,0.00306796,-0.0179352,-0.0640161
32.444,-0.101243,0.00306796,-0.16954,-0.0576145
32.446,-0.101243,0,-0.152586,-0.205251
32.448,-0.104311,0,-0.290725,-0.184726
32.45,-0.104311,-0.00306796,-0.261653,-0.319651
32.452,-0.107379,-0.00613592,-0.388886,-0.441084
32.454,-0.110447,-0.00613592,-0.503395,-0.396976
32.456,-0.110447,-0.00920388,-0.453056,-0.510676
32.458,-0.113515,-0.0122718,-0.561148,-0.613007
32.46,-0.113515,-0.0122718,-0.505033,-0.551706
32.462,-0.116583,-0.0153398,-0.607928,-0.649934
32.464,-0.116583,-0.0153398,-0.547135,-0.58494
32.466,-0.116583,-0.0153398,-0.492422,-0.526446
32.468,-0.119651,-0.0184078,-0.596578,-0.6272
32.47,-0.119651,-0.0184078,-0.53692,-0.56448
32.472,-0.119651,-0.0184078,-0.483228,-0.508032
32.474,-0.119651,-0.0184078,-0.434905,-0.457229
32.476,-0.119651,-0.0184078,-0.391415,-0.411506
32.478,-0.122718,-0.0214757,-0.505671,-0.523753
32.48,-0.122718,-0.0214757,-0.455104,-0.471378
32.482,-0.122718,-0.0214757,-0.409594,-0.42424
32.484,-0.122718,-0.0214757,-0.368634,-0.381816
32.486,-0.122718,-0.0214757,-0.331771,-0.343635
32.488,-0.122718,-0.0214757,-0.298594,-0.309271
32.49,-0.122718,-0.0214757,-0.268734,-0.278344
32.492,-0.122718,-0.0214757,-0.241861,-0.25051
32.494,-0.122718,-0.0214757,-0.217675,-0.225459
32.496,-0.122718,-0.0214757,-0.195907,-0.202913
32.498,-0.122718,-0.0214757,-0.176317,-0.182621
32.5,-0.125786,-0.0245437,-0.312083,-0.317757
32.502,-0.125786,-0.0245437,-0.280875,-0.285982
32.504,-0.125786,-0.0276117,-0.252787,-0.410782
32.506,-0.128854,-0.0276117,-0.380907,-0.369703
32.508,-0.128854,-0.0276117,-0.342816,-0.332733
32.51,-0.128854,-0.0276117,-0.308534,-0.29946
32.512,-0.128854,-0.0276117,-0.277681,-0.269514
32.514,-0.125786,-0.0276117,-0.0965148,-0.242562
32.516,-0.125786,-0.0276117,-0.0868633,-0.218306
32.518,-0.125786,-0.0276117,-0.078177,-0.196476
32.52,-0.122718,-0.0245437,0.0830388,-0.0234299
32.522,-0.119651,-0.0214757,0.228133,0.132311
32.524,-0.119651,-0.0214757,0.20532,0.11908
32.526,-0.116583,-0.0184078,0.338186,0.26057
32.528,-0.116583,-0.0153398,0.304367,0.387911
32.53,-0.113515,-0.0153398,0.427329,0.34912
32.532,-0.110447,-0.0122718,0.537994,0.467606
32.534,-0.107379,-0.0122718,0.637593,0.420846
32.536,-0.107379,-0.00920388,0.573833,0.532159
32.538,-0.104311,-0.00613592,0.669848,0.632341
32.54,-0.104311,-0.00613592,0.602863,0.569107
32.542,-0.101243,-0.00613592,0.695975,0.512196
32.544,-0.0981748,-0.00306796,0.779776,0.614375
32.546,-0.0981748,0,0.701798,0.706335
32.548,-0.0951068,0,0.785016,0.635702
32.55,-0.0951068,0,0.706515,0.572132
32.552,-0.0951068,0.00306796,0.635863,0.668317
32.554,-0.0920388,0.00306796,0.725675,0.601485
32.556,-0.0920388,0.00613592,0.653107,0.694735
32.558,-0.0889709,0.00613592,0.741195,0.625261
32.56,-0.0859029,0.00920388,0.820473,0.716133
32.562,-0.0859029,0.0122718,0.738426,0.797918
32.564,-0.082835,0.0122718,0.817982,0.718126
32.566,-0.082835,0.0122718,0.736183,0.646313
32.568,-0.082835,0.0153398,0.662565,0.73508
32.57,-0.082835,0.0153398,0.596309,0.661572
32.572,-0.079767,0.0153398,0.690076,0.595415
32.574,-0.079767,0.0153398,0.621068,0.535873
32.576,-0.079767,0.0153398,0.558961,0.482286
32.578,-0.079767,0.0153398,0.503065,0.434057
32.58,-0.079767,0.0153398,0.452759,0.390652
32.582,-0.079767,0.0122718,0.407483,0.198188
32.584,-0.082835,0.0122718,0.213336,0.17837
32.586,-0.082835,0.0122718,0.192003,0.160533
32.588,-0.082835,0.00920388,0.172803,-0.00891867
32.59,-0.082835,0.00920388,0.155522,-0.0080268
32.592,-0.082835,0.00920388,0.13997,-0.00722412
32.594,-0.082835,0.00920388,0.125973,-0.00650171
32.596,-0.082835,0.00920388,0.113376,-0.00585154
32.598,-0.082835,0.00920388,0.102038,-0.00526639
32.6,-0.082835,0.00920388,0.0918344,-0.00473975
32.602,-0.082835,0.00920388,0.0826509,-0.00426577
32.604,-0.082835,0.00920388,0.0743858,-0.0038392
32.606,-0.079767,0.00920388,0.220345,-0.00345528
32.608,-0.079767,0.0122718,0.198311,0.150288
32.61,-0.079767,0.0122718,0.17848,0.135259
32.612,-0.079767,0.0122718,0.160632,0.121734
32.614,-0.079767,0.0122718,0.144569,0.10956
32.616,-0.079767,0.0122718,0.130112,0.0986042
32.618,-0.079767,0.0122718,0.117101,0.0887438
32.62,-0.079767,0.0122718,0.10539,0.0798694
32.622,-0.079767,0.0122718,0.0948514,0.0718824
32.624,-0.079767,0.0122718,0.0853663,0.0646942
32.626,-0.079767,0.0122718,0.0768297,0.0582248
32.628,-0.079767,0.0122718,0.0691467,0.0524023
32.63,-0.079767,0.0122718,0.062232,0.0471621
32.632,-0.079767,0.0122718,0.0560088,0.0424459
32.634,-0.079767,0.0122718,0.0504079,0.0382013
32.636,-0.079767,0.0122718,0.0453671,0.0343811
32.638,-0.079767,0.0122718,0.0408304,0.030943
32.64,-0.079767,0.0122718,0.0367474,0.0278487
32.642,-0.079767,0.0122718,0.0330727,0.0250639
32.644,-0.079767,0.0122718,0.0297654,0.0225575
32.646,-0.079767,0.0122718,0.0267888,0.0203017
32.648,-0.079767,0.0122718,0.02411,0.0182716
32.65,-0.079767,0.0122718,0.021699,0.0164444
32.652,-0.079767,0.0122718,0.0195291,0.0148
32.654,-0.076699,0.0122718,0.170974,0.01332
32.656,-0.076699,0.0153398,0.153877,0.165386
32.658,-0.076699,0.0153398,0.138489,0.148847
32.66,-0.076699,0.0153398,0.12464,0.133963
32.662,-0.076699,0.0153398,0.112176,0.120566
32.664,-0.0736311,0.0184078,0.254357,0.261908
32.666,-0.0736311,0.0184078,0.228921,0.235717
32.668,-0.0736311,0.0184078,0.206029,0.212145
32.67,-0.0736311,0.0214757,0.185426,0.344329
32.672,-0.0705631,0.0214757,0.320281,0.309896
32.674,-0.0705631,0.0214757,0.288253,0.278906
32.676,-0.0705631,0.0214757,0.259428,0.251016
32.678,-0.0705631,0.0214757,0.233485,0.225914
32.68,-0.0705631,0.0245437,0.210137,0.356721
32.682,-0.0705631,0.0245437,0.189123,0.321049
32.684,-0.0705631,0.0245437,0.170211,0.288944
32.686,-0.0705631,0.0245437,0.15319,0.26005
32.688,-0.0705631,0.0245437,0.137871,0.234045
32.69,-0.0736311,0.0245437,-0.0293145,0.21064
32.692,-0.0736311,0.0214757,-0.026383,0.036178
32.694,-0.0736311,0.0214757,-0.0237447,0.0325602
32.696,-0.0736311,0.0214757,-0.0213702,0.0293042
32.698,-0.076699,0.0214757,-0.172631,0.0263738
32.7,-0.076699,0.0214757,-0.155368,0.0237364
32.702,-0.076699,0.0184078,-0.139831,-0.132035
32.704,-0.079767,0.0184078,-0.279246,-0.118832
32.706,-0.079767,0.0184078,-0.251322,-0.106949
32.708,-0.079767,0.0184078,-0.22619,-0.0962538
32.71,-0.082835,0.0184078,-0.356969,-0.0866284
32.712,-0.082835,0.0153398,-0.321272,-0.231364
32.714,-0.082835,0.0153398,-0.289145,-0.208227
32.716,-0.0859029,0.0122718,-0.413628,-0.340803
32.718,-0.0859029,0.0122718,-0.372265,-0.306722
32.72,-0.0859029,0.0122718,-0.335039,-0.27605
32.722,-0.0859029,0.0122718,-0.301535,-0.248445
32.724,-0.0889709,0.0122718,-0.42478,-0.223601
32.726,-0.0889709,0.0122718,-0.382302,-0.201241
32.728,-0.0889709,0.0122718,-0.344071,-0.181116
32.73,-0.0889709,0.0122718,-0.309664,-0.163005
32.732,-0.0889709,0.0122718,-0.278698,-0.146704
32.734,-0.0920388,0.0122718,-0.404226,-0.132034
32.736,-0.0920388,0.0122718,-0.363804,-0.118831
32.738,-0.0920388,0.0122718,-0.327423,-0.106947
32.74,-0.0920388,0.0122718,-0.294681,-0.0962527
32.742,-0.0951068,0.0122718,-0.418611,-0.0866275
32.744,-0.0951068,0.00920388,-0.37675,-0.231363
32.746,-0.0951068,0.00920388,-0.339075,-0.208227
32.748,-0.0951068,0.00920388,-0.305167,-0.187404
32.75,-0.0981748,0.00920388,-0.428049,-0.168663
32.752,-0.0981748,0.00613592,-0.385244,-0.305195
32.754,-0.101243,0.00613592,-0.500117,-0.274676
32.756,-0.104311,0.00613592,-0.603504,-0.247208
32.758,-0.104311,0.00306796,-0.543153,-0.375885
32.76,-0.107379,0.00306796,-0.642236,-0.338297
32.762,-0.107379,0,-0.578013,-0.457865
32.764,-0.110447,0,-0.673609,-0.412079
32.766,-0.110447,0,-0.606248,-0.370871
32.768,-0.110447,0,-0.545624,-0.333784
32.77,-0.113515,-0.00306796,-0.644459,-0.453803
32.772,-0.113515,-0.00306796,-0.580013,-0.408423
32.774,-0.113515,-0.00306796,-0.522012,-0.367581
32.776,-0.116583,-0.00306796,-0.623209,-0.330823
32.778,-0.116583,-0.00306796,-0.560888,-0.29774
32.78,-0.116583,-0.00306796,-0.504799,-0.267966
32.782,-0.116583,-0.00306796,-0.454319,-0.24117
32.784,-0.116583,0,-0.408887,-0.0636547
32.786,-0.116583,0,-0.367999,-0.0572892
32.788,-0.116583,0,-0.331199,-0.0515603
32.79,-0.116583,0,-0.298079,-0.0464043
32.792,-0.116583,0.00306796,-0.268271,0.111634
32.794,-0.116583,0.00306796,-0.241444,0.100471
32.796,-0.113515,0.00306796,-0.0639014,0.0904237
32.798,-0.116583,0.00306796,-0.210909,0.0813813
32.8,-0.116583,0.00306796,-0.189818,0.0732432
32.802,-0.116583,0.00306796,-0.170837,0.0659189
32.804,-0.116583,0.00306796,-0.153753,0.059327
32.806,-0.119651,0.00306796,-0.291776,0.0533943
32.808,-0.119651,0.00306796,-0.262598,0.0480549
32.81,-0.119651,0.00306796,-0.236338,0.0432494
32.812,-0.119651,0,-0.212704,-0.114474
32.814,-0.119651,0.00306796,-0.191434,0.0503718
32.816,-0.122718,0.00306796,-0.325689,0.0453346
32.818,-0.122718,0.00306796,-0.29312,0.0408012
32.82,-0.122718,0.00306796,-0.263808,0.036721
32.822,-0.122718,0.00306796,-0.237427,0.0330489
32.824,-0.122718,0.00306796,-0.213684,0.0297441
32.826,-0.122718,0.00306796,-0.192316,0.0267696
32.828,-0.125786,0.00306796,-0.326482,0.0240927
32.83,-0.125786,0.00306796,-0.293834,0.0216834
32.832,-0.125786,0.00306796,-0.264451,0.0195151
32.834,-0.125786,0.00306796,-0.238006,0.0175636
32.836,-0.125786,0.00306796,-0.214205,0.0158072
32.838,-0.128854,0.00306796,-0.346183,0.0142265
32.84,-0.128854,0.00306796,-0.311564,0.0128038
32.842,-0.128854,0.00306796,-0.280408,0.0115235
32.844,-0.131922,0.00306796,-0.405765,0.0103711
32.846,-0.131922,0,-0.365189,-0.144064
32.848,-0.131922,0,-0.32867,-0.129658
32.85,-0.13499,0,-0.449201,-0.116692
32.852,-0.13499,0,-0.404281,-0.105023
32.854,-0.13499,0,-0.363853,-0.0945204
32.856,-0.13499,0,-0.327467,-0.0850684
32.858,-0.13499,0,-0.294721,-0.0765616
32.86,-0.13499,0,-0.265249,-0.0689054
32.862,-0.13499,0,-0.238724,-0.0620149
32.864,-0.13499,0,-0.214851,-0.0558134
32.866,-0.13499,0,-0.193366,-0.050232
32.868,-0.13499,0.00306796,-0.17403,0.108189
32.87,-0.13499,0.00306796,-0.156627,0.0973703
32.872,-0.13499,0.00613592,-0.140964,0.241031
32.874,-0.13499,0.00613592,-0.126868,0.216928
32.876,-0.13499,0.00613592,-0.114181,0.195235
32.878,-0.13499,0.00613592,-0.102763,0.175712
32.88,-0.13499,0.00613592,-0.0924865,0.158141
32.882,-0.13499,0.00920388,-0.0832378,0.295725
32.884,-0.13499,0.00920388,-0.0749141,0.266152
32.886,-0.13499,0.00920388,-0.0674227,0.239537
32.888,-0.138058,0.00920388,-0.214078,0.215583
32.89,-0.138058,0.00920388,-0.192671,0.194025
32.892,-0.138058,0.00920388,-0.173404,0.174622
32.894,-0.141126,0.00920388,-0.309461,0.15716
32.896,-0.141126,0.00920388,-0.278515,0.141444
32.898,-0.141126,0.00613592,-0.250664,-0.0260983
32.9,-0.144194,0.00613592,-0.378995,-0.0234885
32.902,-0.144194,0.00613592,-0.341096,-0.0211396
32.904,-0.147262,0.00613592,-0.460384,-0.0190257
32.906,-0.147262,0.00306796,-0.414346,-0.170521
32.908,-0.147262,0.00306796,-0.372911,-0.153469
32.91,-0.15033,0.00306796,-0.489018,-0.138122
32.912,-0.15033,0.00306796,-0.440116,-0.12431
32.914,-0.153398,0,-0.549503,-0.265277
32.916,-0.156466,0,-0.647951,-0.238749
32.918,-0.156466,0,-0.583156,-0.214874
32.92,-0.159534,-0.00306796,-0.678238,-0.346785
32.922,-0.159534,-0.00306796,-0.610414,-0.312107
32.924,-0.159534,-0.00613592,-0.549373,-0.434294
32.926,-0.162602,-0.00613592,-0.647834,-0.390865
32.928,-0.16567,-0.00613592,-0.736448,-0.351778
32.93,-0.16567,-0.00920388,-0.662804,-0.469998
32.932,-0.168738,-0.00920388,-0.749921,-0.422999
32.934,-0.168738,-0.00920388,-0.674929,-0.380699
32.936,-0.168738,-0.00920388,-0.607436,-0.342629
32.938,-0.168738,-0.00920388,-0.546693,-0.308366
32.94,-0.171806,-0.00920388,-0.645421,-0.277529
32.942,-0.171806,-0.00920388,-0.580879,-0.249776
32.944,-0.171806,-0.00920388,-0.522791,-0.224799
32.946,-0.171806,-0.00920388,-0.470512,-0.202319
32.948,-0.171806,-0.00920388,-0.423461,-0.182087
32.95,-0.174874,-0.00920388,-0.534513,-0.163878
32.952,-0.174874,-0.00920388,-0.481062,-0.14749
32.954,-0.174874,-0.00920388,-0.432956,-0.132741
32.956,-0.177942,-0.00920388,-0.543058,-0.119467
32.958,-0.177942,-0.00920388,-0.488752,-0.107521
32.96,-0.18101,-0.0122718,-0.593275,-0.250167
32.962,-0.18101,-0.0122718,-0.533948,-0.22515
32.964,-0.18101,-0.0122718,-0.480553,-0.202635
32.966,-0.18101,-0.0122718,-0.432498,-0.182371
32.968,-0.18101,-0.0122718,-0.389248,-0.164134
32.97,-0.184078,-0.00920388,-0.503721,0.00567722
32.972,-0.184078,-0.00920388,-0.453349,0.0051095
32.974,-0.184078,-0.00920388,-0.408014,0.00459855
32.976,-0.184078,-0.00920388,-0.367213,0.00413869
32.978,-0.184078,-0.00920388,-0.330491,0.00372482
32.98,-0.187146,-0.00920388,-0.45084,0.00335234
32.982,-0.187146,-0.0122718,-0.405756,-0.150381
32.984,-0.187146,-0.0122718,-0.365181,-0.135343
32.986,-0.187146,-0.0122718,-0.328663,-0.121809
32.988,-0.187146,-0.0122718,-0.295796,-0.109628
32.99,-0.187146,-0.0122718,-0.266217,-0.098665
32.992,-0.190214,-0.0122718,-0.392993,-0.0887985
32.994,-0.190214,-0.00920388,-0.353694,0.0734795
32.996,-0.190214,-0.00920388,-0.318324,0.0661315
32.998,-0.190214,-0.00920388,-0.286492,0.0595184
33,-0.190214,-0.00920388,-0.257843,0.0535665
33.002,-0.190214,-0.00920388,-0.232059,0.0482099
33.004,-0.190214,-0.00920388,-0.208853,0.0433889
33.006,-0.190214,-0.00920388,-0.187967,0.03905
33.008,-0.190214,-0.00613592,-0.169171,0.188543
33.01,-0.190214,-0.00613592,-0.152254,0.169689
33.012,-0.190214,-0.00613592,-0.137028,0.15272
33.014,-0.190214,-0.00306796,-0.123325,0.290846
33.016,-0.187146,-0.00306796,0.0424052,0.261761
33.018,-0.187146,0,0.0381647,0.388983
33.02,-0.187146,0,0.0343482,0.350085
33.022,-0.187146,0,0.0309134,0.315076
33.024,-0.187146,0,0.0278221,0.283569
33.026,-0.190214,0,-0.128358,0.255212
33.028,-0.190214,0,-0.115522,0.229691
33.03,-0.193282,0,-0.257368,0.206722
33.032,-0.193282,-0.00306796,-0.231631,0.0326514
33.034,-0.19635,-0.00306796,-0.361866,0.0293863
33.036,-0.199418,-0.00613592,-0.479078,-0.12695
33.038,-0.202485,-0.00920388,-0.584568,-0.267653
33.04,-0.205553,-0.0122718,-0.679509,-0.394286
33.042,-0.208621,-0.0184078,-0.764957,-0.661654
33.044,-0.214757,-0.0214757,-0.995257,-0.748886
33.046,-0.217825,-0.0245437,-1.04913,-0.827396
33.048,-0.220893,-0.0276117,-1.09761,-0.898054
33.05,-0.223961,-0.0306796,-1.14125,-0.961647
33.052,-0.227029,-0.0337476,-1.18052,-1.01888
33.054,-0.230097,-0.0368155,-1.21587,-1.07039
33.056,-0.230097,-0.0398835,-1.09428,-1.11675
33.058,-0.233165,-0.0398835,-1.13825,-1.00507
33.06,-0.233165,-0.0398835,-1.02443,-0.904567
33.062,-0.233165,-0.0398835,-0.921985,-0.81411
33.064,-0.233165,-0.0398835,-0.829786,-0.732699
33.066,-0.233165,-0.0398835,-0.746808,-0.659429
33.068,-0.233165,-0.0368155,-0.672127,-0.440088
33.07,-0.233165,-0.0368155,-0.604914,-0.39608
33.072,-0.233165,-0.0368155,-0.544423,-0.356472
33.074,-0.236233,-0.0368155,-0.643379,-0.320824
33.076,-0.236233,-0.0368155,-0.579041,-0.288742
33.078,-0.236233,-0.0368155,-0.521137,-0.259868
33.08,-0.236233,-0.0368155,-0.469023,-0.233881
33.082,-0.236233,-0.0368155,-0.422121,-0.210493
33.084,-0.236233,-0.0368155,-0.379909,-0.189444
33.086,-0.236233,-0.0368155,-0.341918,-0.170499
33.088,-0.236233,-0.0368155,-0.307726,-0.153449
33.09,-0.236233,-0.0368155,-0.276953,-0.138104
33.092,-0.236233,-0.0368155,-0.249258,-0.124294
33.094,-0.236233,-0.0368155,-0.224332,-0.111865
33.096,-0.236233,-0.0368155,-0.201899,-0.100678
33.098,-0.236233,-0.0337476,-0.181709,0.0627878
33.1,-0.236233,-0.0337476,-0.163538,0.056509
33.102,-0.236233,-0.0337476,-0.147184,0.0508581
33.104,-0.233165,-0.0337476,0.0209322,0.0457723
33.106,-0.233165,-0.0337476,0.0188389,0.0411951
33.108,-0.233165,-0.0337476,0.016955,0.0370756
33.11,-0.233165,-0.0337476,0.0152595,0.033368
33.112,-0.233165,-0.0337476,0.0137336,0.0300312
33.114,-0.233165,-0.0306796,0.0123602,0.180426
33.116,-0.233165,-0.0306796,0.0111242,0.162384
33.118,-0.233165,-0.0306796,0.0100118,0.146145
33.12,-0.233165,-0.0306796,0.0090106,0.131531
33.122,-0.230097,-0.0306796,0.161508,0.118378
33.124,-0.230097,-0.0306796,0.145357,0.10654
33.126,-0.230097,-0.0306796,0.130821,0.0958859
33.128,-0.230097,-0.0306796,0.117739,0.0862973
33.13,-0.230097,-0.0306796,0.105965,0.0776675
33.132,-0.230097,-0.0306796,0.0953686,0.0699008
33.134,-0.230097,-0.0306796,0.0858318,0.0629107
33.136,-0.227029,-0.0276117,0.230647,0.210018
33.138,-0.227029,-0.0276117,0.207582,0.189016
33.14,-0.223961,-0.0245437,0.340222,0.323512
33.142,-0.223961,-0.0245437,0.3062,0.291161
33.144,-0.220893,-0.0245437,0.428978,0.262045
33.146,-0.220893,-0.0214757,0.38608,0.389239
33.148,-0.220893,-0.0214757,0.347472,0.350315
33.15,-0.217825,-0.0214757,0.466123,0.315283
33.152,-0.217825,-0.0184078,0.419511,0.437153
33.154,-0.214757,-0.0184078,0.530958,0.393438
33.156,-0.214757,-0.0153398,0.477862,0.507492
33.158,-0.211689,-0.0153398,0.583474,0.456743
33.16,-0.211689,-0.0122718,0.525126,0.564467
33.162,-0.208621,-0.0122718,0.626012,0.50802
33.164,-0.208621,-0.00920388,0.563411,0.610616
33.166,-0.205553,-0.00920388,0.660468,0.549554
33.168,-0.205553,-0.00920388,0.594421,0.494599
33.17,-0.205553,-0.00613592,0.534979,0.598537
33.172,-0.202485,-0.00613592,0.634879,0.538683
33.174,-0.202485,-0.00613592,0.571391,0.484815
33.176,-0.199418,-0.00306796,0.66765,0.589732
33.178,-0.199418,-0.00306796,0.600885,0.530759
33.18,-0.199418,-0.00306796,0.540797,0.477683
33.182,-0.19635,0,0.640115,0.583312
33.184,-0.19635,0,0.576103,0.524981
33.186,-0.19635,0,0.518493,0.472483
33.188,-0.19635,0,0.466644,0.425235
33.19,-0.19635,-0.00306796,0.419979,0.229313
33.192,-0.19635,-0.00306796,0.377981,0.206382
33.194,-0.19635,-0.00306796,0.340183,0.185744
33.196,-0.19635,-0.00613592,0.306165,0.0137713
33.198,-0.199418,-0.00613592,0.12215,0.0123941
33.2,-0.199418,-0.00613592,0.109935,0.0111547
33.202,-0.199418,-0.00613592,0.0989418,0.0100393
33.204,-0.199418,-0.00920388,0.0890477,-0.144363
33.206,-0.202485,-0.00920388,-0.0732552,-0.129926
33.208,-0.202485,-0.0122718,-0.0659297,-0.270332
33.21,-0.202485,-0.0122718,-0.0593367,-0.243299
33.212,-0.202485,-0.0153398,-0.053403,-0.372367
33.214,-0.205553,-0.0153398,-0.201461,-0.33513
33.216,-0.205553,-0.0184078,-0.181315,-0.455015
33.218,-0.205553,-0.0184078,-0.163183,-0.409514
33.22,-0.205553,-0.0184078,-0.146865,-0.368562
33.222,-0.205553,-0.0184078,-0.132178,-0.331706
33.224,-0.205553,-0.0184078,-0.118961,-0.298536
33.226,-0.205553,-0.0184078,-0.107065,-0.268682
33.228,-0.205553,-0.0184078,-0.0963581,-0.241814
33.23,-0.205553,-0.0214757,-0.0867223,-0.37103
33.232,-0.205553,-0.0184078,-0.07805,-0.180529
33.234,-0.202485,-0.0184078,0.083153,-0.162476
33.236,-0.202485,-0.0184078,0.0748377,-0.146229
33.238,-0.202485,-0.0184078,0.067354,-0.131606
33.24,-0.202485,-0.0184078,0.0606186,-0.118445
33.242,-0.202485,-0.0184078,0.0545567,-0.106601
33.244,-0.202485,-0.0184078,0.049101,-0.0959407
33.246,-0.199418,-0.0184078,0.197589,-0.0863466
33.248,-0.202485,-0.0184078,0.024432,-0.077712
33.25,-0.199418,-0.0214757,0.175387,-0.223339
33.252,-0.199418,-0.0184078,0.157848,-0.0476069
33.254,-0.199418,-0.0184078,0.142063,-0.0428462
33.256,-0.199418,-0.0184078,0.127857,-0.0385616
33.258,-0.19635,-0.0184078,0.268469,-0.0347054
33.26,-0.19635,-0.0184078,0.241622,-0.0312349
33.262,-0.19635,-0.0184078,0.21746,-0.0281114
33.264,-0.19635,-0.0184078,0.195714,-0.0253003
33.266,-0.19635,-0.0184078,0.176143,-0.0227702
33.268,-0.19635,-0.0214757,0.158529,-0.173891
33.27,-0.19635,-0.0214757,0.142676,-0.156502
33.272,-0.19635,-0.0214757,0.128408,-0.140852
33.274,-0.19635,-0.0214757,0.115567,-0.126767
33.276,-0.193282,-0.0214757,0.257409,-0.11409
33.278,-0.193282,-0.0214757,0.231668,-0.102681
33.28,-0.193282,-0.0184078,0.208501,0.0609851
33.282,-0.190214,-0.0184078,0.341049,0.0548866
33.284,-0.187146,-0.0153398,0.460342,0.202796
33.286,-0.187146,-0.0153398,0.414308,0.182516
33.288,-0.184078,-0.0153398,0.526275,0.164265
33.29,-0.184078,-0.0122718,0.473648,0.301236
33.292,-0.18101,-0.0122718,0.579681,0.271113
33.294,-0.18101,-0.0122718,0.521713,0.244001
33.296,-0.177942,-0.00920388,0.62294,0.372999
33.298,-0.177942,-0.00920388,0.560646,0.335699
33.3,-0.177942,-0.00920388,0.504581,0.30213
33.302,-0.174874,-0.00920388,0.607521,0.271917
33.304,-0.174874,-0.00920388,0.546769,0.244725
33.306,-0.174874,-0.00920388,0.492092,0.220252
33.308,-0.174874,-0.00920388,0.442883,0.198227
33.31,-0.171806,-0.00920388,0.551993,0.178404
33.312,-0.171806,-0.00920388,0.496793,0.160564
33.314,-0.171806,-0.00920388,0.447114,0.144508
33.316,-0.171806,-0.00920388,0.402403,0.130057
33.318,-0.171806,-0.0122718,0.362162,-0.0363469
33.32,-0.171806,-0.0122718,0.325946,-0.0327122
33.322,-0.168738,-0.0122718,0.44675,-0.029441
33.324,-0.168738,-0.0122718,0.402075,-0.0264969
33.326,-0.168738,-0.00920388,0.361867,0.129551
33.328,-0.16567,-0.00920388,0.479079,0.116596
33.33,-0.16567,-0.00920388,0.431171,0.104936
33.332,-0.162602,-0.00613592,0.541452,0.247841
33.334,-0.159534,-0.00613592,0.640705,0.223057
33.336,-0.159534,-0.00306796,0.576634,0.354149
33.338,-0.156466,-0.00306796,0.672369,0.318734
33.34,-0.156466,0,0.605132,0.440259
33.342,-0.153398,0,0.698017,0.396233
33.344,-0.15033,0,0.781613,0.35661
33.346,-0.147262,0.00306796,0.85685,0.474347
33.348,-0.144194,0.00613592,0.924563,0.58031
33.35,-0.144194,0.00613592,0.832107,0.522279
33.352,-0.141126,0.00920388,0.902294,0.623449
33.354,-0.138058,0.00920388,0.965463,0.561104
33.356,-0.13499,0.0122718,1.02231,0.658392
33.358,-0.13499,0.0122718,0.920083,0.592553
33.36,-0.131922,0.0153398,0.981473,0.686696
33.362,-0.128854,0.0184078,1.03672,0.771424
33.364,-0.125786,0.0184078,1.08645,0.694282
33.366,-0.122718,0.0214757,1.1312,0.778252
33.368,-0.122718,0.0245437,1.01808,0.853825
33.37,-0.119651,0.0245437,1.06967,0.768442
33.372,-0.119651,0.0245437,0.962705,0.691598
33.374,-0.116583,0.0276117,1.01983,0.775836
33.376,-0.116583,0.0276117,0.917849,0.698253
33.378,-0.113515,0.0306796,0.979462,0.781825
33.38,-0.110447,0.0306796,1.03491,0.703643
33.382,-0.110447,0.0306796,0.931423,0.633279
33.384,-0.110447,0.0337476,0.838281,0.723349
33.386,-0.107379,0.0337476,0.907851,0.651014
33.388,-0.107379,0.0337476,0.817066,0.585913
33.39,-0.104311,0.0368155,0.888757,0.680719
33.392,-0.104311,0.0368155,0.799881,0.612647
33.394,-0.101243,0.0368155,0.873291,0.551383
33.396,-0.101243,0.0368155,0.785962,0.496244
33.398,-0.101243,0.0368155,0.707366,0.44662
33.4,-0.0981748,0.0368155,0.790027,0.401958
33.402,-0.0981748,0.0398835,0.711025,0.51516
33.404,-0.0981748,0.0398835,0.639922,0.463644
33.406,-0.0981748,0.0398835,0.57593,0.41728
33.408,-0.0951068,0.0398835,0.671735,0.375552
33.41,-0.0951068,0.0398835,0.604562,0.337997
33.412,-0.0951068,0.0398835,0.544105,0.304197
33.414,-0.0951068,0.0429515,0.489695,0.427175
33.416,-0.0920388,0.0429515,0.594123,0.384458
33.418,-0.0920388,0.0429515,0.534711,0.346012
33.42,-0.0920388,0.0429515,0.48124,0.311411
33.422,-0.0920388,0.0429515,0.433116,0.28027
33.424,-0.0951068,0.0429515,0.236406,0.252243
33.426,-0.0951068,0.0398835,0.212766,0.0736204
33.428,-0.0951068,0.0398835,0.191489,0.0662584
33.43,-0.0951068,0.0368155,0.17234,-0.0937655
33.432,-0.0981748,0.0368155,0.00170811,-0.084389
33.434,-0.0981748,0.0337476,0.0015373,-0.229348
33.436,-0.101243,0.0337476,-0.152015,-0.206413
33.438,-0.101243,0.0306796,-0.136813,-0.33917
33.44,-0.104311,0.0306796,-0.27653,-0.305253
33.442,-0.104311,0.0276117,-0.248877,-0.428126
33.444,-0.107379,0.0276117,-0.377387,-0.385313
33.446,-0.107379,0.0245437,-0.339649,-0.50018
33.448,-0.107379,0.0214757,-0.305684,-0.60356
33.45,-0.110447,0.0214757,-0.428513,-0.543204
33.452,-0.110447,0.0214757,-0.385662,-0.488884
33.454,-0.110447,0.0214757,-0.347096,-0.439995
33.456,-0.113515,0.0214757,-0.465784,-0.395996
33.458,-0.113515,0.0184078,-0.419206,-0.509794
33.46,-0.113515,0.0184078,-0.377285,-0.458815
33.462,-0.113515,0.0184078,-0.339557,-0.412933
33.464,-0.116583,0.0184078,-0.458999,-0.37164
33.466,-0.116583,0.0184078,-0.413099,-0.334476
33.468,-0.116583,0.0153398,-0.371789,-0.454427
33.47,-0.116583,0.0153398,-0.33461,-0.408984
33.472,-0.116583,0.0184078,-0.301149,-0.214687
33.474,-0.116583,0.0184078,-0.271034,-0.193219
33.476,-0.116583,0.0184078,-0.243931,-0.173897
33.478,-0.116583,0.0184078,-0.219538,-0.156507
33.48,-0.116583,0.0184078,-0.197584,-0.140856
33.482,-0.116583,0.0184078,-0.177826,-0.126771
33.484,-0.113515,0.0214757,-0.00664504,0.0393044
33.486,-0.116583,0.0214757,-0.159379,0.035374
33.488,-0.116583,0.0214757,-0.143441,0.0318366
33.49,-0.116583,0.0214757,-0.129097,0.0286529
33.492,-0.116583,0.0184078,-0.116187,-0.12761
33.494,-0.116583,0.0184078,-0.104568,-0.114849
33.496,-0.116583,0.0184078,-0.0941115,-0.103364
33.498,-0.119651,0.0184078,-0.238098,-0.093028
33.5,-0.119651,0.0184078,-0.214289,-0.0837252
33.502,-0.119651,0.0184078,-0.19286,-0.0753527
33.504,-0.119651,0.0184078,-0.173574,-0.0678174
33.506,-0.119651,0.0184078,-0.156216,-0.0610357
33.508,-0.122718,0.0184078,-0.293993,-0.0549321
33.51,-0.125786,0.0153398,-0.417992,-0.202837
33.512,-0.125786,0.0122718,-0.376192,-0.335951
33.514,-0.128854,0.0122718,-0.491971,-0.302356
33.516,-0.131922,0.00920388,-0.596172,-0.425519
33.518,-0.13499,0.00613592,-0.689953,-0.536365
33.52,-0.138058,0.00306796,-0.774356,-0.636126
33.522,-0.141126,0,-0.850318,-0.725912
33.524,-0.144194,-0.00306796,-0.918685,-0.806719
33.526,-0.147262,-0.00613592,-0.980214,-0.879445
33.528,-0.15033,-0.00920388,-1.03559,-0.944899
33.53,-0.153398,-0.0122718,-1.08543,-1.00381
33.532,-0.156466,-0.0153398,-1.13028,-1.05682
33.534,-0.162602,-0.0184078,-1.32405,-1.10454
33.536,-0.162602,-0.0214757,-1.19165,-1.14748
33.538,-0.168738,-0.0245437,-1.37928,-1.18613
33.54,-0.171806,-0.0276117,-1.39475,-1.22092
33.542,-0.171806,-0.0306796,-1.25527,-1.25222
33.544,-0.174874,-0.0337476,-1.28314,-1.2804
33.546,-0.177942,-0.0368155,-1.30823,-1.30576
33.548,-0.18101,-0.0398835,-1.3308,-1.32858
33.55,-0.184078,-0.0429515,-1.35112,-1.34912
33.552,-0.184078,-0.0429515,-1.21601,-1.21421
33.554,-0.190214,-0.0460194,-1.4012,-1.24619
33.556,-0.190214,-0.0490874,-1.26108,-1.27497
33.558,-0.193282,-0.0490874,-1.28837,-1.14747
33.56,-0.193282,-0.0521553,-1.15954,-1.18612
33.562,-0.19635,-0.0521553,-1.19698,-1.06751
33.564,-0.19635,-0.0552233,-1.07728,-1.11416
33.566,-0.199418,-0.0552233,-1.12295,-1.00274
33.568,-0.199418,-0.0582913,-1.01066,-1.05586
33.57,-0.199418,-0.0582913,-0.909592,-0.950277
33.572,-0.202485,-0.0582913,-0.97203,-0.85525
33.574,-0.202485,-0.0582913,-0.874827,-0.769725
33.576,-0.202485,-0.0582913,-0.787345,-0.692752
33.578,-0.205553,-0.0613592,-0.862008,-0.776875
33.58,-0.205553,-0.0613592,-0.775807,-0.699188
33.582,-0.205553,-0.0613592,-0.698227,-0.629269
33.584,-0.205553,-0.0613592,-0.628404,-0.566342
33.586,-0.205553,-0.0644272,-0.565564,-0.663106
33.588,-0.208621,-0.0644272,-0.662405,-0.596795
33.59,-0.208621,-0.0644272,-0.596165,-0.537116
33.592,-0.208621,-0.0674952,-0.536548,-0.636802
33.594,-0.208621,-0.0674952,-0.482893,-0.573122
33.596,-0.211689,-0.0705631,-0.588002,-0.669208
33.598,-0.211689,-0.0705631,-0.529202,-0.602287
33.6,-0.211689,-0.0736311,-0.476282,-0.695456
33.602,-0.211689,-0.0736311,-0.428654,-0.625911
33.604,-0.211689,-0.0736311,-0.385788,-0.56332
33.606,-0.214757,-0.0736311,-0.500608,-0.506988
33.608,-0.214757,-0.076699,-0.450547,-0.609687
33.61,-0.214757,-0.076699,-0.405492,-0.548718
33.612,-0.214757,-0.076699,-0.364943,-0.493847
33.614,-0.214757,-0.076699,-0.328449,-0.444462
33.616,-0.214757,-0.079767,-0.295604,-0.553414
33.618,-0.214757,-0.079767,-0.266043,-0.498072
33.62,-0.214757,-0.079767,-0.239439,-0.448265
33.622,-0.214757,-0.079767,-0.215495,-0.403439
33.624,-0.211689,-0.082835,-0.0405475,-0.516493
33.626,-0.211689,-0.082835,-0.0364928,-0.464844
33.628,-0.211689,-0.082835,-0.0328435,-0.418359
33.63,-0.208621,-0.082835,0.123839,-0.376523
33.632,-0.205553,-0.079767,0.264853,-0.185473
33.634,-0.202485,-0.076699,0.391766,-0.0135275
33.636,-0.199418,-0.0736311,0.505987,0.141223
33.638,-0.19635,-0.0705631,0.608787,0.280499
33.64,-0.193282,-0.0674952,0.701306,0.405847
33.642,-0.187146,-0.0644272,0.937972,0.518661
33.644,-0.184078,-0.0613592,0.997573,0.620193
33.646,-0.18101,-0.0582913,1.05121,0.711571
33.648,-0.174874,-0.0552233,1.25289,0.793812
33.65,-0.171806,-0.0521553,1.281,0.867829
33.652,-0.168738,-0.0490874,1.3063,0.934444
33.654,-0.16567,-0.0460194,1.32906,0.994398
33.656,-0.159534,-0.0429515,1.50295,1.04836
33.658,-0.156466,-0.0398835,1.50606,1.09692
33.66,-0.153398,-0.0368155,1.50885,1.14062
33.662,-0.15033,-0.0368155,1.51136,1.02656
33.664,-0.147262,-0.0337476,1.51362,1.0773
33.666,-0.144194,-0.0306796,1.51566,1.12297
33.668,-0.141126,-0.0306796,1.51749,1.01067
33.67,-0.138058,-0.0276117,1.51914,1.06301
33.672,-0.13499,-0.0276117,1.52062,0.956705
33.674,-0.131922,-0.0276117,1.52196,0.861034
33.676,-0.131922,-0.0276117,1.36976,0.774931
33.678,-0.128854,-0.0276117,1.38619,0.697438
33.68,-0.128854,-0.0276117,1.24757,0.627694
33.682,-0.125786,-0.0276117,1.27621,0.564925
33.684,-0.122718,-0.0245437,1.30199,0.66183
33.686,-0.122718,-0.0245437,1.17179,0.595647
33.688,-0.119651,-0.0245437,1.20801,0.536082
33.69,-0.116583,-0.0245437,1.2406,0.482474
33.692,-0.113515,-0.0214757,1.26994,0.587625
33.694,-0.110447,-0.0214757,1.29635,0.528862
33.696,-0.107379,-0.0184078,1.32011,0.629374
33.698,-0.101243,-0.0153398,1.49489,0.719835
33.7,-0.0951068,-0.0122718,1.6522,0.801249
33.702,-0.0920388,-0.00920388,1.64038,0.874523
33.704,-0.0859029,-0.00306796,1.78314,1.09387
33.706,-0.079767,0,1.91162,1.13788
33.708,-0.0736311,0.00613592,2.02725,1.33089
33.71,-0.0674952,0.0122718,2.13132,1.50459
33.712,-0.0613592,0.0184078,2.22499,1.66093
33.714,-0.0552233,0.0214757,2.30929,1.64824
33.716,-0.0490874,0.0276117,2.38515,1.79021
33.718,-0.0429515,0.0337476,2.45343,1.91798
33.72,-0.0368155,0.0368155,2.51489,1.87958
33.722,-0.0306796,0.0429515,2.57019,1.99842
33.724,-0.0245437,0.0460194,2.61997,1.95198
33.726,-0.0214757,0.0490874,2.51137,1.91018
33.728,-0.0153398,0.0521553,2.56703,1.87256
33.73,-0.0122718,0.0582913,2.46373,1.9921
33.732,-0.00613592,0.0613592,2.52415,1.94629
33.734,-0.00306796,0.0644272,2.42513,1.90506
33.736,-0,0.0644272,2.33602,1.71455
33.738,0.00306796,0.0674952,2.25581,1.69649
33.74,0.00613592,0.0705631,2.18363,1.68024
33.742,0.00920388,0.0705631,2.11867,1.51222
33.744,0.0122718,0.0736311,2.0602,1.51439
33.746,0.0122718,0.0736311,1.85418,1.36295
33.748,0.0153398,0.0736311,1.82216,1.22666
33.75,0.0153398,0.0736311,1.63994,1.10399
33.752,0.0184078,0.0736311,1.62935,0.993594
33.754,0.0184078,0.0736311,1.46641,0.894235
33.756,0.0214757,0.076699,1.47317,0.958209
33.758,0.0214757,0.076699,1.32585,0.862388
33.76,0.0245437,0.076699,1.34666,0.776149
33.762,0.0245437,0.076699,1.212,0.698535
33.764,0.0276117,0.076699,1.2442,0.628681
33.766,0.0276117,0.076699,1.11978,0.565813
33.768,0.0276117,0.076699,1.0078,0.509232
33.77,0.0306796,0.076699,1.06042,0.458309
33.772,0.0306796,0.076699,0.954375,0.412478
33.774,0.0306796,0.076699,0.858938,0.37123
33.776,0.0306796,0.076699,0.773044,0.334107
33.778,0.0306796,0.076699,0.69574,0.300696
33.78,0.0306796,0.076699,0.626166,0.270627
33.782,0.0306796,0.0736311,0.563549,0.0901658
33.784,0.0306796,0.0736311,0.507194,0.0811493
33.786,0.0306796,0.0736311,0.456475,0.0730343
33.788,0.0276117,0.0705631,0.257429,-0.0876672
33.79,0.0276117,0.0705631,0.231686,-0.0789005
33.792,0.0276117,0.0674952,0.208518,-0.224408
33.794,0.0245437,0.0674952,0.0342678,-0.201968
33.796,0.0214757,0.0644272,-0.122557,-0.335169
33.798,0.0184078,0.0613592,-0.263699,-0.45505
33.8,0.0184078,0.0582913,-0.237329,-0.562943
33.802,0.0153398,0.0552233,-0.366995,-0.660047
33.804,0.0122718,0.0521553,-0.483693,-0.74744
33.806,0.00920388,0.0490874,-0.588722,-0.826094
33.808,0.00613592,0.0490874,-0.683248,-0.743485
33.81,0.00306796,0.0460194,-0.768321,-0.822535
33.812,0.00306796,0.0429515,-0.691489,-0.893679
33.814,-0,0.0398835,-0.775738,-0.957709
33.816,-0.00306796,0.0368155,-0.851562,-1.01534
33.818,-0.00613592,0.0337476,-0.919804,-1.0672
33.82,-0.00920388,0.0306796,-0.981222,-1.11388
33.822,-0.0122718,0.0276117,-1.0365,-1.15589
33.824,-0.0122718,0.0245437,-0.932848,-1.1937
33.826,-0.0153398,0.0214757,-0.992961,-1.22773
33.828,-0.0184078,0.0214757,-1.04706,-1.10495
33.83,-0.0214757,0.0184078,-1.09576,-1.14786
33.832,-0.0214757,0.0153398,-0.98618,-1.18647
33.834,-0.0245437,0.0122718,-1.04096,-1.22122
33.836,-0.0276117,0.0122718,-1.09026,-1.0991
33.838,-0.0306796,0.00920388,-1.13463,-1.14259
33.84,-0.0337476,0.00613592,-1.17457,-1.18173
33.842,-0.0368155,0.00306796,-1.21051,-1.21695
33.844,-0.0368155,0,-1.08946,-1.24865
33.846,-0.0398835,-0.00306796,-1.13391,-1.27719
33.848,-0.0429515,-0.00613592,-1.17392,-1.30287
33.85,-0.0460194,-0.00613592,-1.20992,-1.17258
33.852,-0.0460194,-0.00920388,-1.08893,-1.20872
33.854,-0.0490874,-0.00920388,-1.13344,-1.08785
33.856,-0.0490874,-0.0122718,-1.02009,-1.13246
33.858,-0.0521553,-0.0122718,-1.07148,-1.01922
33.86,-0.0552233,-0.0153398,-1.11773,-1.07069
33.862,-0.0552233,-0.0153398,-1.00596,-0.963622
33.864,-0.0582913,-0.0184078,-1.05876,-1.02066
33.866,-0.0613592,-0.0184078,-1.10628,-0.918592
33.868,-0.0613592,-0.0214757,-0.995654,-0.980131
33.87,-0.0644272,-0.0245437,-1.04949,-1.03552
33.872,-0.0674952,-0.0276117,-1.09794,-1.08536
33.874,-0.0705631,-0.0276117,-1.14154,-0.976826
33.876,-0.0705631,-0.0306796,-1.02739,-1.03254
33.878,-0.0736311,-0.0337476,-1.07805,-1.08269
33.88,-0.0736311,-0.0337476,-0.970242,-0.974417
33.882,-0.0736311,-0.0337476,-0.873217,-0.876975
33.884,-0.076699,-0.0337476,-0.939294,-0.789278
33.886,-0.076699,-0.0368155,-0.845364,-0.863748
33.888,-0.076699,-0.0368155,-0.760828,-0.777373
33.89,-0.076699,-0.0368155,-0.684745,-0.699636
33.892,-0.076699,-0.0368155,-0.616271,-0.629672
33.894,-0.076699,-0.0368155,-0.554644,-0.566705
33.896,-0.079767,-0.0368155,-0.652577,-0.510035
33.898,-0.079767,-0.0368155,-0.58732,-0.459031
33.9,-0.079767,-0.0368155,-0.528588,-0.413128
33.902,-0.079767,-0.0398835,-0.475729,-0.525213
33.904,-0.079767,-0.0398835,-0.428156,-0.472692
33.906,-0.082835,-0.0398835,-0.538738,-0.425423
33.908,-0.082835,-0.0429515,-0.484865,-0.536279
33.91,-0.082835,-0.0429515,-0.436378,-0.482651
33.912,-0.082835,-0.0429515,-0.39274,-0.434386
33.914,-0.082835,-0.0460194,-0.353466,-0.544345
33.916,-0.082835,-0.0460194,-0.31812,-0.489911
33.918,-0.082835,-0.0460194,-0.286308,-0.44092
33.92,-0.082835,-0.0429515,-0.257677,-0.24343
33.922,-0.079767,-0.0429515,-0.0785112,-0.219087
33.924,-0.079767,-0.0429515,-0.07066,-0.197178
33.926,-0.076699,-0.0398835,0.089804,-0.0240621
33.928,-0.076699,-0.0398835,0.0808236,-0.0216559
33.93,-0.0736311,-0.0368155,0.226139,0.133908
33.932,-0.0736311,-0.0337476,0.203525,0.273915
33.934,-0.0705631,-0.0337476,0.336571,0.246524
33.936,-0.0705631,-0.0337476,0.302914,0.221871
33.938,-0.0674952,-0.0306796,0.426021,0.353082
33.94,-0.0674952,-0.0306796,0.383418,0.317774
33.942,-0.0644272,-0.0276117,0.498475,0.439395
33.944,-0.0644272,-0.0276117,0.448627,0.395455
33.946,-0.0613592,-0.0276117,0.557163,0.35591
33.948,-0.0613592,-0.0245437,0.501446,0.473717
33.95,-0.0582913,-0.0245437,0.6047,0.426345
33.952,-0.0582913,-0.0245437,0.54423,0.383711
33.954,-0.0552233,-0.0214757,0.643205,0.498738
33.956,-0.0521553,-0.0214757,0.732282,0.448864
33.958,-0.0490874,-0.0184078,0.812452,0.557376
33.96,-0.0490874,-0.0153398,0.731207,0.655036
33.962,-0.0460194,-0.0122718,0.811484,0.742931
33.964,-0.0429515,-0.0122718,0.883734,0.668637
33.966,-0.0398835,-0.00920388,0.948759,0.755172
33.968,-0.0368155,-0.00613592,1.00728,0.833053
33.97,-0.0368155,-0.00613592,0.906553,0.749747
33.972,-0.0337476,-0.00306796,0.969296,0.828171
33.974,-0.0306796,-0.00306796,1.02576,0.745354
33.976,-0.0276117,0,1.07659,0.824216
33.978,-0.0245437,0.00306796,1.12233,0.895193
33.98,-0.0245437,0.00613592,1.01009,0.959072
33.982,-0.0214757,0.00920388,1.06248,1.01656
33.984,-0.0184078,0.00920388,1.10963,0.914906
33.986,-0.0153398,0.0122718,1.15207,0.976814
33.988,-0.0153398,0.0122718,1.03686,0.879132
33.99,-0.0122718,0.0153398,1.08657,0.944617
33.992,-0.0122718,0.0153398,0.977915,0.850155
33.994,-0.0122718,0.0153398,0.880123,0.76514
33.996,-0.00920388,0.0153398,0.945509,0.688626
33.998,-0.00920388,0.0153398,0.850958,0.619763
34,-0.00920388,0.0153398,0.765862,0.557787
34.002,-0.00920388,0.0153398,0.689276,0.502008
34.004,-0.00920388,0.0153398,0.620348,0.451807
34.006,-0.00920388,0.0122718,0.558314,0.253229
34.008,-0.00920388,0.0122718,0.502482,0.227906
34.01,-0.0122718,0.0122718,0.298836,0.205115
34.012,-0.0122718,0.0122718,0.268952,0.184604
34.014,-0.0122718,0.0122718,0.242057,0.166143
34.016,-0.00920388,0.0122718,0.371249,0.149529
34.018,-0.00920388,0.0122718,0.334125,0.134576
34.02,-0.00920388,0.0122718,0.300712,0.121118
34.022,-0.00920388,0.00920388,0.270641,-0.0443914
34.024,-0.00920388,0.00920388,0.243577,-0.0399523
34.026,-0.0122718,0.00920388,0.065821,-0.0359571
34.028,-0.0122718,0.00920388,0.0592389,-0.0323614
34.03,-0.0122718,0.00613592,0.053315,-0.182523
34.032,-0.0122718,0.00613592,0.0479835,-0.164271
34.034,-0.0122718,0.00613592,0.0431852,-0.147844
34.036,-0.0122718,0.00306796,0.0388667,-0.286458
34.038,-0.0122718,0.00306796,0.03498,-0.257812
34.04,-0.0122718,0.00306796,0.031482,-0.232031
34.042,-0.0122718,0.00306796,0.0283338,-0.208828
34.044,-0.0122718,0.00306796,0.0255004,-0.187945
34.046,-0.0122718,0.00306796,0.0229504,-0.16915
34.048,-0.0122718,0.00306796,0.0206553,-0.152235
34.05,-0.0122718,0,0.0185898,-0.29041
34.052,-0.0122718,0,0.0167308,-0.261369
34.054,-0.0122718,0,0.0150577,-0.235232
34.056,-0.0153398,0,-0.139846,-0.211709
34.058,-0.0153398,0,-0.125862,-0.190538
34.06,-0.0153398,0,-0.113275,-0.171484
34.062,-0.0153398,-0.00306796,-0.101948,-0.307734
34.064,-0.0153398,-0.00306796,-0.091753,-0.27696
34.066,-0.0184078,-0.00306796,-0.235976,-0.249264
34.068,-0.0184078,-0.00306796,-0.212378,-0.224338
34.07,-0.0184078,-0.00613592,-0.19114,-0.355302
34.072,-0.0214757,-0.00613592,-0.325424,-0.319772
34.074,-0.0214757,-0.00920388,-0.292882,-0.441193
34.076,-0.0214757,-0.00920388,-0.263594,-0.397074
34.078,-0.0214757,-0.0122718,-0.237234,-0.510764
34.08,-0.0214757,-0.0122718,-0.213511,-0.459688
34.082,-0.0214757,-0.0122718,-0.19216,-0.413719
34.084,-0.0214757,-0.0122718,-0.172944,-0.372347
34.086,-0.0214757,-0.0122718,-0.15565,-0.335112
34.088,-0.0214757,-0.0122718,-0.140085,-0.301601
34.09,-0.0214757,-0.0122718,-0.126076,-0.271441
34.092,-0.0184078,-0.0122718,0.0399296,-0.244297
34.094,-0.0184078,-0.0122718,0.0359366,-0.219867
34.096,-0.0184078,-0.00920388,0.032343,-0.0444825
34.098,-0.0153398,-0.00920388,0.182507,-0.0400342
34.1,-0.0153398,-0.00920388,0.164256,-0.0360308
34.102,-0.0153398,-0.00920388,0.14783,-0.0324277
34.104,-0.0122718,-0.00920388,0.286446,-0.029185
34.106,-0.0122718,-0.00613592,0.257801,0.127132
34.108,-0.0122718,-0.00613592,0.232021,0.114418
34.11,-0.00920388,-0.00613592,0.362217,0.102977
34.112,-0.00920388,-0.00613592,0.325995,0.092679
34.114,-0.00920388,-0.00306796,0.293396,0.236809
34.116,-0.00613592,-0.00306796,0.417454,0.213128
34.118,-0.00613592,0,0.375709,0.345213
34.12,-0.00613592,0,0.338138,0.310692
34.122,-0.00613592,0,0.304324,0.279623
34.124,-0.00306796,0,0.42729,0.251661
34.126,-0.00613592,0,0.231163,0.226495
34.128,-0.00613592,-0.00306796,0.208046,0.050447
34.13,-0.00613592,-0.00306796,0.187242,0.0454023
34.132,-0.00613592,-0.00306796,0.168518,0.0408621
34.134,-0.00613592,-0.00306796,0.151666,0.0367759
34.136,-0.00613592,-0.00613592,0.136499,-0.1203
34.138,-0.00613592,-0.00613592,0.122849,-0.10827
34.14,-0.00613592,-0.00613592,0.110564,-0.0974428
34.142,-0.00613592,-0.00613592,0.099508,-0.0876985
34.144,-0.00613592,-0.00613592,0.0895572,-0.0789287
34.146,-0.00613592,-0.00613592,0.0806014,-0.0710358
34.148,-0.00306796,-0.00613592,0.225939,-0.0639322
34.15,-0.00306796,-0.00306796,0.203345,0.0958591
34.152,-0.00306796,-0.00306796,0.183011,0.0862732
34.154,-0.00306796,-0.00306796,0.16471,0.0776458
34.156,-0.00306796,-0.00306796,0.148239,0.0698813
34.158,-0,-0.00306796,0.286813,0.0628931
34.16,-0,-0.00306796,0.258132,0.0566038
34.162,-0,-0.00613592,0.232319,-0.102455
34.164,-0,-0.00613592,0.209087,-0.0922092
34.166,-0,-0.00613592,0.188178,-0.0829883
34.168,-0,-0.00613592,0.16936,-0.0746894
34.17,-0.00306796,-0.00613592,-0.000973878,-0.0672205
34.172,-0.00306796,-0.00920388,-0.00087649,-0.213897
34.174,-0.00306796,-0.00920388,-0.000788841,-0.192507
34.176,-0,-0.0122718,0.152688,-0.326654
34.178,-0,-0.00920388,0.137419,-0.140591
34.18,-0,-0.00920388,0.123677,-0.126532
34.182,-0,-0.00920388,0.11131,-0.113879
34.184,-0,-0.00920388,0.100179,-0.102491
34.186,-0,-0.00920388,0.0901608,-0.0922416
34.188,-0,-0.00920388,0.0811447,-0.0830174
34.19,0.00306796,-0.00920388,0.226428,-0.0747157
34.192,0.00306796,-0.00920388,0.203786,-0.0672441
34.194,0.00306796,-0.00920388,0.183407,-0.0605197
34.196,0.00306796,-0.00920388,0.165066,-0.0544677
34.198,0.00306796,-0.00920388,0.14856,-0.049021
34.2,0.00306796,-0.00920388,0.133704,-0.0441189
34.202,0.00306796,-0.00920388,0.120333,-0.039707
34.204,0.00306796,-0.00920388,0.1083,-0.0357363
34.206,0.00306796,-0.00920388,0.09747,-0.0321627
34.208,0.00306796,-0.00920388,0.087723,-0.0289464
34.21,0.00306796,-0.00920388,0.0789507,-0.0260518
34.212,0.00306796,-0.00920388,0.0710556,-0.0234466
34.214,0.00306796,-0.00920388,0.06395,-0.0211019
34.216,0.00306796,-0.00920388,0.057555,-0.0189917
34.218,0.00306796,-0.00920388,0.0517995,-0.0170926
34.22,0.00306796,-0.00920388,0.0466196,-0.0153833
34.222,0.00306796,-0.0122718,0.0419576,-0.167243
34.224,0.00306796,-0.0122718,0.0377619,-0.150519
34.226,0.00613592,-0.0122718,0.187384,-0.135467
34.228,0.00613592,-0.0122718,0.168645,-0.12192
34.23,0.00613592,-0.0122718,0.151781,-0.109728
34.232,0.00613592,-0.0122718,0.136603,-0.0987553
34.234,0.00613592,-0.0122718,0.122942,-0.0888798
34.236,0.00613592,-0.0153398,0.110648,-0.23339
34.238,0.00613592,-0.0153398,0.0995834,-0.210051
34.24,0.00613592,-0.0153398,0.0896251,-0.189046
34.242,0.00613592,-0.0153398,0.0806626,-0.170141
34.244,0.00920388,-0.0153398,0.225994,-0.153127
34.246,0.00920388,-0.0122718,0.203395,0.0155837
34.248,0.00920388,-0.0122718,0.183055,0.0140253
34.25,0.0122718,-0.0122718,0.318148,0.0126228
34.252,0.0122718,-0.0122718,0.286333,0.0113605
34.254,0.0122718,-0.00920388,0.2577,0.163623
34.256,0.0153398,-0.00920388,0.385328,0.14726
34.258,0.0153398,-0.00920388,0.346795,0.132534
34.26,0.0153398,-0.00920388,0.312116,0.119281
34.262,0.0184078,-0.00920388,0.434302,0.107353
34.264,0.0184078,-0.00613592,0.390872,0.250016
34.266,0.0184078,-0.00613592,0.351785,0.225014
34.268,0.0214757,-0.00613592,0.470004,0.202513
34.27,0.0214757,-0.00613592,0.423004,0.182261
34.272,0.0245437,-0.00613592,0.534102,0.164035
34.274,0.0245437,-0.00306796,0.480691,0.30103
34.276,0.0245437,-0.00306796,0.432622,0.270927
34.278,0.0276117,-0.00306796,0.542758,0.243834
34.28,0.0276117,0,0.488482,0.372849
34.282,0.0276117,0,0.439634,0.335564
34.284,0.0306796,0,0.549069,0.302008
34.286,0.0306796,0,0.494162,0.271807
34.288,0.0337476,0,0.598144,0.244626
34.29,0.0337476,0.00306796,0.538329,0.373562
34.292,0.0368155,0.00306796,0.637895,0.336205
34.294,0.0368155,0.00306796,0.574105,0.302585
34.296,0.0368155,0.00613592,0.516695,0.425724
34.298,0.0398835,0.00613592,0.618423,0.383152
34.3,0.0398835,0.00613592,0.556581,0.344837
34.302,0.0429515,0.00920388,0.654321,0.463751
34.304,0.0429515,0.00920388,0.588889,0.417376
34.306,0.0460194,0.00920388,0.683398,0.375638
34.308,0.0460194,0.0122718,0.615058,0.491473
34.31,0.0490874,0.0122718,0.70695,0.442325
34.312,0.0490874,0.0122718,0.636255,0.398093
34.314,0.0490874,0.0122718,0.57263,0.358284
34.316,0.0490874,0.0122718,0.515367,0.322455
34.318,0.0490874,0.0122718,0.46383,0.29021
34.32,0.0490874,0.0122718,0.417447,0.261189
34.322,0.0490874,0.0122718,0.375702,0.23507
34.324,0.0490874,0.0122718,0.338132,0.211563
34.326,0.0490874,0.00920388,0.304319,0.0370085
34.328,0.0490874,0.00920388,0.273887,0.0333077
34.33,0.0490874,0.00920388,0.246498,0.0299769
34.332,0.0490874,0.00920388,0.221849,0.0269792
34.334,0.0490874,0.00613592,0.199664,-0.129117
34.336,0.0460194,0.00613592,0.0262992,-0.116205
34.338,0.0460194,0.00306796,0.0236693,-0.257983
34.34,0.0460194,0.00306796,0.0213024,-0.232184
34.342,0.0460194,0,0.0191721,-0.362364
34.344,0.0460194,0,0.0172549,-0.326128
34.346,0.0460194,0,0.0155294,-0.293515
34.348,0.0460194,0,0.0139765,-0.264163
34.35,0.0460194,0,0.0125788,-0.237747
34.352,0.0490874,0.00306796,0.164719,-0.0605743
34.354,0.0521553,0.00306796,0.301645,-0.0545168
34.356,0.0521553,0.00613592,0.271481,0.104333
34.358,0.0552233,0.00920388,0.397731,0.247298
34.36,0.0552233,0.00920388,0.357958,0.222568
34.362,0.0582913,0.0122718,0.47556,0.353709
34.364,0.0613592,0.0122718,0.581402,0.318338
34.366,0.0613592,0.0153398,0.523262,0.439903
34.368,0.0613592,0.0153398,0.470936,0.395912
34.37,0.0644272,0.0153398,0.57724,0.356321
34.372,0.0644272,0.0153398,0.519516,0.320689
34.374,0.0644272,0.0153398,0.467565,0.28862
34.376,0.0644272,0.0153398,0.420808,0.259758
34.378,0.0644272,0.0184078,0.378727,0.38718
34.38,0.0644272,0.0153398,0.340855,0.195064
34.382,0.0644272,0.0153398,0.306769,0.175558
34.384,0.0613592,0.0153398,0.122694,0.158002
34.386,0.0613592,0.0122718,0.110425,-0.0111963
34.388,0.0613592,0.0122718,0.0993822,-0.0100766
34.39,0.0582913,0.00920388,-0.0639541,-0.162467
34.392,0.0582913,0.00920388,-0.0575587,-0.14622
34.394,0.0582913,0.00613592,-0.0518028,-0.284996
34.396,0.0552233,0.00613592,-0.200021,-0.256497
34.398,0.0552233,0.00613592,-0.180019,-0.230847
34.4,0.0521553,0.00306796,-0.315415,-0.36116
34.402,0.0521553,0.00306796,-0.283873,-0.325044
34.404,0.0521553,0.00306796,-0.255486,-0.29254
34.406,0.0521553,0,-0.229937,-0.416684
34.408,0.0521553,0,-0.206944,-0.375016
34.41,0.0490874,0,-0.339647,-0.337514
34.412,0.0490874,-0.00306796,-0.305683,-0.457161
34.414,0.0490874,-0.00306796,-0.275114,-0.411445
34.416,0.0490874,-0.00613592,-0.247603,-0.523698
34.418,0.0490874,-0.00613592,-0.222843,-0.471328
34.42,0.0490874,-0.00613592,-0.200558,-0.424196
34.422,0.0490874,-0.00613592,-0.180503,-0.381776
34.424,0.0490874,-0.00613592,-0.162452,-0.343598
34.426,0.0460194,-0.00613592,-0.299605,-0.309239
34.428,0.0460194,-0.00920388,-0.269645,-0.431713
34.43,0.0460194,-0.00920388,-0.24268,-0.388542
34.432,0.0460194,-0.00920388,-0.218412,-0.349687
34.434,0.0460194,-0.00920388,-0.196571,-0.314719
34.436,0.0460194,-0.00920388,-0.176914,-0.283247
34.438,0.0460194,-0.00920388,-0.159222,-0.254922
34.44,0.0460194,-0.00920388,-0.1433,-0.22943
34.442,0.0460194,-0.00920388,-0.12897,-0.206487
34.444,0.0460194,-0.00920388,-0.116073,-0.185838
34.446,0.0460194,-0.00920388,-0.104466,-0.167254
34.448,0.0429515,-0.0122718,-0.247417,-0.303927
34.45,0.0429515,-0.0122718,-0.222676,-0.273534
34.452,0.0429515,-0.0122718,-0.200408,-0.246181
34.454,0.0429515,-0.0153398,-0.180367,-0.374961
34.456,0.0398835,-0.0153398,-0.315729,-0.337465
34.458,0.0398835,-0.0153398,-0.284156,-0.303718
34.46,0.0398835,-0.0153398,-0.25574,-0.273346
34.462,0.0398835,-0.0153398,-0.230166,-0.246012
34.464,0.0398835,-0.0153398,-0.20715,-0.221411
34.466,0.0398835,-0.0153398,-0.186435,-0.19927
34.468,0.0398835,-0.0153398,-0.167791,-0.179343
34.47,0.0398835,-0.0153398,-0.151012,-0.161408
34.472,0.0429515,-0.0153398,0.0174873,-0.145268
34.474,0.0429515,-0.0153398,0.0157385,-0.130741
34.476,0.0429515,-0.0153398,0.0141647,-0.117667
34.478,0.0460194,-0.0122718,0.166146,0.0474981
34.48,0.0460194,-0.0122718,0.149532,0.0427482
34.482,0.0490874,-0.0122718,0.287977,0.0384734
34.484,0.0490874,-0.0122718,0.259179,0.0346261
34.486,0.0521553,-0.00920388,0.386659,0.184562
34.488,0.0521553,-0.00920388,0.347993,0.166105
34.49,0.0521553,-0.00613592,0.313194,0.302893
34.492,0.0552233,-0.00613592,0.435273,0.272604
34.494,0.0552233,-0.00306796,0.391745,0.398741
34.496,0.0582913,-0.00306796,0.505969,0.358867
34.498,0.0582913,-0.00306796,0.455372,0.32298
34.5,0.0582913,-0.00306796,0.409835,0.290682
34.502,0.0613592,-0.00306796,0.522249,0.261614
34.504,0.0613592,-0.00306796,0.470024,0.235453
34.506,0.0613592,0,0.423022,0.365306
34.508,0.0613592,0,0.38072,0.328775
34.51,0.0613592,0,0.342648,0.295898
34.512,0.0644272,0,0.461781,0.266308
34.514,0.0644272,0,0.415603,0.239677
34.516,0.0644272,0,0.374043,0.215709
34.518,0.0644272,0.00306796,0.336638,0.347536
34.52,0.0644272,0.00306796,0.302975,0.312783
34.522,0.0644272,0.00306796,0.272677,0.281505
34.524,0.0674952,0.00306796,0.398807,0.253354
34.526,0.0674952,0.00306796,0.358927,0.228019
34.528,0.0705631,0.00306796,0.476432,0.205217
34.53,0.0705631,0.00613592,0.428789,0.338093
34.532,0.0736311,0.00613592,0.539308,0.304284
34.534,0.0736311,0.00920388,0.485377,0.427254
34.536,0.076699,0.00920388,0.590238,0.384528
34.538,0.079767,0.0122718,0.684612,0.499473
34.54,0.079767,0.0153398,0.616151,0.602924
34.542,0.082835,0.0153398,0.707934,0.542632
34.544,0.0859029,0.0184078,0.790538,0.641767
34.546,0.0859029,0.0214757,0.711485,0.730988
34.548,0.0889709,0.0214757,0.793734,0.657889
34.55,0.0889709,0.0245437,0.714361,0.745498
34.552,0.0889709,0.0245437,0.642925,0.670949
34.554,0.0920388,0.0245437,0.73203,0.603854
34.556,0.0920388,0.0245437,0.658827,0.543468
34.558,0.0920388,0.0276117,0.592945,0.64252
34.56,0.0920388,0.0276117,0.53365,0.578268
34.562,0.0920388,0.0276117,0.480285,0.520441
34.564,0.0920388,0.0276117,0.432257,0.468397
34.566,0.0920388,0.0276117,0.389031,0.421557
34.568,0.0920388,0.0245437,0.350128,0.226003
34.57,0.0889709,0.0245437,0.161717,0.203403
34.572,0.0889709,0.0214757,0.145545,0.0296646
34.574,0.0889709,0.0214757,0.130991,0.0266981
34.576,0.0859029,0.0184078,-0.0355064,-0.12937
34.578,0.082835,0.0153398,-0.185354,-0.269831
34.58,0.082835,0.0153398,-0.166818,-0.242848
34.582,0.079767,0.0122718,-0.303535,-0.371961
34.584,0.079767,0.0122718,-0.273181,-0.334765
34.586,0.076699,0.00920388,-0.399261,-0.454687
34.588,0.076699,0.00920388,-0.359335,-0.409218
34.59,0.076699,0.00613592,-0.323402,-0.521694
34.592,0.0736311,0.00613592,-0.444459,-0.469525
34.594,0.0736311,0.00613592,-0.400014,-0.422572
34.596,0.0736311,0.00613592,-0.360012,-0.380315
34.598,0.0736311,0.00613592,-0.324011,-0.342284
34.6,0.0736311,0.00613592,-0.29161,-0.308055
34.602,0.0736311,0.00613592,-0.262449,-0.27725
34.604,0.0736311,0.00613592,-0.236204,-0.249525
34.606,0.0736311,0.00613592,-0.212584,-0.224572
34.608,0.0736311,0.00613592,-0.191325,-0.202115
34.61,0.0736311,0.00613592,-0.172193,-0.181904
34.612,0.0736311,0.00613592,-0.154973,-0.163713
34.614,0.0736311,0.00613592,-0.139476,-0.147342
34.616,0.0736311,0.00613592,-0.125528,-0.132608
34.618,0.0736311,0.00613592,-0.112976,-0.119347
34.62,0.0736311,0.00613592,-0.101678,-0.107412
34.622,0.0736311,0.00613592,-0.0915103,-0.096671
34.624,0.0736311,0.00613592,-0.0823592,-0.0870039
34.626,0.0736311,0.00920388,-0.0741233,0.0750946
34.628,0.0736311,0.00920388,-0.066711,0.0675851
34.63,0.076699,0.00920388,0.0933582,0.0608266
34.632,0.076699,0.00920388,0.0840224,0.0547439
34.634,0.076699,0.0122718,0.0756201,0.202668
34.636,0.076699,0.0122718,0.0680581,0.182401
34.638,0.076699,0.0122718,0.0612523,0.164161
34.64,0.076699,0.0122718,0.0551271,0.147745
34.642,0.076699,0.0122718,0.0496144,0.13297
34.644,0.076699,0.0122718,0.0446529,0.119673
34.646,0.076699,0.0122718,0.0401876,0.107706
34.648,0.076699,0.0122718,0.0361689,0.0969353
34.65,0.076699,0.0153398,0.032552,0.24064
34.652,0.076699,0.0153398,0.0292968,0.216576
34.654,0.076699,0.0153398,0.0263671,0.194918
34.656,0.076699,0.0153398,0.0237304,0.175426
34.658,0.0736311,0.0153398,-0.132041,0.157884
34.66,0.0736311,0.0153398,-0.118837,0.142095
34.662,0.0736311,0.0122718,-0.106953,-0.0255122
34.664,0.0736311,0.0122718,-0.0962577,-0.022961
34.666,0.0736311,0.0122718,-0.0866319,-0.0206649
34.668,0.0705631,0.0122718,-0.231367,-0.0185984
34.67,0.0705631,0.00920388,-0.20823,-0.170137
34.672,0.0674952,0.00920388,-0.340805,-0.153123
34.674,0.0674952,0.00613592,-0.306725,-0.291209
34.676,0.0644272,0.00613592,-0.42945,-0.262088
34.678,0.0644272,0.00306796,-0.386505,-0.389277
34.68,0.0613592,0.00306796,-0.501253,-0.350349
34.682,0.0613592,0.00306796,-0.451128,-0.315315
34.684,0.0582913,0,-0.559413,-0.437181
34.686,0.0582913,0,-0.503472,-0.393463
34.688,0.0552233,-0.00306796,-0.606522,-0.507515
34.69,0.0552233,-0.00306796,-0.54587,-0.456763
34.692,0.0521553,-0.00306796,-0.644681,-0.411087
34.694,0.0521553,-0.00613592,-0.580213,-0.523376
34.696,0.0490874,-0.00613592,-0.67559,-0.471039
34.698,0.0460194,-0.00920388,-0.761429,-0.577333
34.7,0.0460194,-0.0122718,-0.685286,-0.672998
34.702,0.0429515,-0.0122718,-0.770156,-0.605698
34.704,0.0398835,-0.0153398,-0.846538,-0.698526
34.706,0.0398835,-0.0153398,-0.761884,-0.628674
34.708,0.0368155,-0.0184078,-0.839094,-0.719204
34.71,0.0368155,-0.0184078,-0.755185,-0.647284
34.712,0.0337476,-0.0214757,-0.833064,-0.735954
34.714,0.0337476,-0.0214757,-0.749758,-0.662358
34.716,0.0306796,-0.0245437,-0.82818,-0.74952
34.718,0.0306796,-0.0245437,-0.745362,-0.674568
34.72,0.0276117,-0.0245437,-0.824224,-0.607112
34.722,0.0276117,-0.0245437,-0.741802,-0.5464
34.724,0.0276117,-0.0245437,-0.667621,-0.49176
34.726,0.0276117,-0.0276117,-0.600859,-0.595982
34.728,0.0245437,-0.0276117,-0.694171,-0.536384
34.73,0.0245437,-0.0276117,-0.624754,-0.482746
34.732,0.0245437,-0.0276117,-0.562279,-0.434471
34.734,0.0245437,-0.0306796,-0.506051,-0.544422
34.736,0.0245437,-0.0306796,-0.455446,-0.48998
34.738,0.0245437,-0.0306796,-0.409901,-0.440982
34.74,0.0214757,-0.0306796,-0.522309,-0.396884
34.742,0.0214757,-0.0276117,-0.470078,-0.203797
34.744,0.0245437,-0.0276117,-0.269672,-0.183418
34.746,0.0245437,-0.0276117,-0.242705,-0.165076
34.748,0.0245437,-0.0276117,-0.218435,-0.148568
34.75,0.0245437,-0.0276117,-0.196591,-0.133711
34.752,0.0245437,-0.0276117,-0.176932,-0.12034
34.754,0.0245437,-0.0245437,-0.159239,0.0450918
34.756,0.0276117,-0.0245437,0.0100831,0.0405827
34.758,0.0276117,-0.0214757,0.0090748,0.189922
34.76,0.0276117,-0.0214757,0.00816732,0.17093
34.762,0.0306796,-0.0184078,0.160749,0.307235
34.764,0.0306796,-0.0184078,0.144674,0.276512
34.766,0.0337476,-0.0153398,0.283605,0.402259
34.768,0.0337476,-0.0153398,0.255244,0.362033
34.77,0.0368155,-0.0122718,0.383118,0.479228
34.772,0.0368155,-0.0122718,0.344806,0.431305
34.774,0.0368155,-0.0122718,0.310325,0.388174
34.776,0.0368155,-0.00920388,0.279293,0.502755
34.778,0.0368155,-0.00920388,0.251364,0.452479
34.78,0.0398835,-0.00920388,0.379625,0.407232
34.782,0.0398835,-0.00920388,0.341663,0.366508
34.784,0.0398835,-0.00920388,0.307496,0.329858
34.786,0.0398835,-0.00613592,0.276747,0.45027
34.788,0.0398835,-0.00613592,0.249072,0.405243
34.79,0.0429515,-0.00613592,0.377563,0.364719
34.792,0.0429515,-0.00306796,0.339807,0.481645
34.794,0.0429515,-0.00306796,0.305826,0.43348
34.796,0.0429515,-0.00306796,0.275243,0.390132
34.798,0.0429515,-0.00306796,0.247719,0.351119
34.8,0.0429515,-0.00306796,0.222947,0.316007
34.802,0.0429515,-0.00306796,0.200652,0.284406
34.804,0.0429515,-0.00613592,0.180587,0.102568
34.806,0.0429515,-0.00613592,0.162528,0.092311
34.808,0.0429515,-0.00613592,0.146276,0.0830799
34.81,0.0398835,-0.00613592,-0.02175,0.0747719
34.812,0.0398835,-0.00613592,-0.019575,0.0672947
34.814,0.0398835,-0.00613592,-0.0176175,0.0605652
34.816,0.0398835,-0.00920388,-0.0158558,-0.0988894
34.818,0.0398835,-0.00920388,-0.0142702,-0.0890004
34.82,0.0398835,-0.00920388,-0.0128432,-0.0801004
34.822,0.0398835,-0.00920388,-0.0115588,-0.0720904
34.824,0.0398835,-0.00920388,-0.010403,-0.0648813
34.826,0.0398835,-0.00920388,-0.00936266,-0.0583932
34.828,0.0398835,-0.00920388,-0.0084264,-0.0525539
34.83,0.0429515,-0.00613592,0.145814,0.1061
34.832,0.0429515,-0.00613592,0.131233,0.0954896
34.834,0.0429515,-0.00306796,0.11811,0.239339
34.836,0.0460194,-0.00306796,0.259697,0.215405
34.838,0.0460194,-0.00306796,0.233727,0.193864
34.84,0.0460194,-0.00306796,0.210354,0.174478
34.842,0.0460194,0,0.189319,0.310428
34.844,0.0490874,0,0.323785,0.279385
34.846,0.0490874,0,0.291407,0.251447
34.848,0.0490874,0,0.262266,0.226302
34.85,0.0490874,0,0.236039,0.203672
34.852,0.0490874,0,0.212435,0.183305
34.854,0.0490874,0,0.191192,0.164974
34.856,0.0490874,0,0.172073,0.148477
34.858,0.0521553,0.00306796,0.308263,0.287027
34.86,0.0521553,0.00306796,0.277437,0.258325
34.862,0.0521553,0.00306796,0.249693,0.232492
34.864,0.0521553,0.00613592,0.224724,0.362641
34.866,0.0552233,0.00920388,0.35565,0.479775
34.868,0.0552233,0.00920388,0.320085,0.431797
34.87,0.0552233,0.00920388,0.288076,0.388618
34.872,0.0582913,0.0122718,0.412667,0.503154
34.874,0.0582913,0.0122718,0.3714,0.452839
34.876,0.0582913,0.0122718,0.33426,0.407555
34.878,0.0582913,0.0122718,0.300834,0.366799
34.88,0.0613592,0.0153398,0.424149,0.483517
34.882,0.0613592,0.0153398,0.381734,0.435166
34.884,0.0613592,0.0153398,0.34356,0.391649
34.886,0.0613592,0.0153398,0.309204,0.352484
34.888,0.0582913,0.0122718,0.124886,0.163838
34.89,0.0582913,0.0122718,0.112397,0.147454
34.892,0.0552233,0.00920388,-0.0522405,-0.0206895
34.894,0.0552233,0.00920388,-0.0470164,-0.0186206
34.896,0.0521553,0.00613592,-0.195713,-0.170157
34.898,0.0521553,0.00613592,-0.176142,-0.153141
34.9,0.0521553,0.00306796,-0.158527,-0.291225
34.902,0.0490874,0.00306796,-0.296073,-0.262102
34.904,0.0490874,0.00306796,-0.266465,-0.235892
34.906,0.0460194,0,-0.393217,-0.365701
34.908,0.0429515,0,-0.507293,-0.329131
34.91,0.0429515,-0.00306796,-0.456564,-0.449616
34.912,0.0398835,-0.00613592,-0.564306,-0.558052
34.914,0.0398835,-0.00613592,-0.507875,-0.502247
34.916,0.0368155,-0.00920388,-0.610486,-0.605421
34.918,0.0368155,-0.00920388,-0.549437,-0.544878
34.92,0.0337476,-0.0122718,-0.647892,-0.643789
34.922,0.0337476,-0.0122718,-0.583102,-0.57941
34.924,0.0306796,-0.0153398,-0.67819,-0.674867
34.926,0.0306796,-0.0153398,-0.610371,-0.60738
34.928,0.0276117,-0.0184078,-0.702732,-0.70004
34.93,0.0276117,-0.0184078,-0.632459,-0.630036
34.932,0.0276117,-0.0184078,-0.569213,-0.567033
34.934,0.0245437,-0.0214757,-0.66569,-0.663727
34.936,0.0245437,-0.0214757,-0.599121,-0.597355
34.938,0.0245437,-0.0245437,-0.539209,-0.691017
34.94,0.0214757,-0.0245437,-0.638686,-0.621916
34.942,0.0214757,-0.0245437,-0.574817,-0.559724
34.944,0.0214757,-0.0245437,-0.517336,-0.503752
34.946,0.0184078,-0.0245437,-0.619,-0.453376
34.948,0.0184078,-0.0245437,-0.5571,-0.408039
34.95,0.0153398,-0.0276117,-0.654788,-0.520633
34.952,0.0153398,-0.0276117,-0.589309,-0.46857
34.954,0.0122718,-0.0306796,-0.683777,-0.575111
34.956,0.0122718,-0.0337476,-0.615399,-0.670998
34.958,0.00920388,-0.0368155,-0.707257,-0.757296
34.96,0.00613592,-0.0368155,-0.789929,-0.681567
34.962,0.00613592,-0.0398835,-0.710936,-0.766808
34.964,0.00306796,-0.0429515,-0.793241,-0.843525
34.966,-0,-0.0460194,-0.867315,-0.912571
34.968,-0,-0.0460194,-0.780583,-0.821314
34.97,-0,-0.0490874,-0.702525,-0.89258
34.972,-0.00306796,-0.0521553,-0.785671,-0.95672
34.974,-0.00306796,-0.0521553,-0.707104,-0.861048
34.976,-0.00306796,-0.0521553,-0.636393,-0.774944
34.978,-0.00306796,-0.0521553,-0.572754,-0.697449
34.98,-0,-0.0490874,-0.36208,-0.474306
34.982,-0,-0.0490874,-0.325872,-0.426876
34.984,-0,-0.0460194,-0.293285,-0.23079
34.986,0.00306796,-0.0460194,-0.110559,-0.207711
34.988,0.00306796,-0.0460194,-0.0995027,-0.18694
34.99,0.00306796,-0.0429515,-0.0895524,-0.0148478
34.992,0.00613592,-0.0429515,0.0728009,-0.013363
34.994,0.00920388,-0.0398835,0.218919,0.141371
34.996,0.00920388,-0.0398835,0.197027,0.127234
34.998,0.0122718,-0.0398835,0.330722,0.114511
35,0.0122718,-0.0368155,0.29765,0.256458
35.002,0.0153398,-0.0368155,0.421283,0.230812
35.004,0.0153398,-0.0368155,0.379155,0.207731
35.006,0.0184078,-0.0337476,0.494637,0.340356
35.008,0.0184078,-0.0306796,0.445174,0.459718
35.01,0.0214757,-0.0306796,0.554054,0.413746
35.012,0.0245437,-0.0276117,0.652047,0.52577
35.014,0.0276117,-0.0245437,0.74024,0.626591
35.016,0.0276117,-0.0245437,0.666216,0.563932
35.018,0.0306796,-0.0214757,0.752993,0.660937
35.02,0.0337476,-0.0184078,0.831092,0.748241
35.022,0.0368155,-0.0184078,0.901381,0.673417
35.024,0.0398835,-0.0153398,0.964641,0.759473
35.026,0.0398835,-0.0122718,0.868177,0.836924
35.028,0.0429515,-0.00920388,0.934757,0.90663
35.03,0.0460194,-0.00920388,0.994679,0.815967
35.032,0.0490874,-0.00613592,1.04861,0.887768
35.034,0.0521553,-0.00306796,1.09715,0.95239
35.036,0.0552233,-0.00306796,1.14083,0.857151
35.038,0.0552233,0,1.02675,0.924834
35.04,0.0582913,0,1.07747,0.83235
35.042,0.0613592,0.00306796,1.12312,0.902513
35.044,0.0613592,0.00306796,1.01081,0.812262
35.046,0.0644272,0.00613592,1.06313,0.884434
35.048,0.0674952,0.00613592,1.11021,0.79599
35.05,0.0674952,0.00920388,0.999191,0.869789
35.052,0.0705631,0.00920388,1.05267,0.782811
35.054,0.0705631,0.00920388,0.947403,0.704529
35.056,0.0736311,0.0122718,1.00606,0.787475
35.058,0.0736311,0.0122718,0.905454,0.708727
35.06,0.076699,0.0122718,0.968307,0.637854
35.062,0.076699,0.0122718,0.871476,0.574069
35.064,0.076699,0.0153398,0.784329,0.67006
35.066,0.076699,0.0153398,0.705896,0.603054
35.068,0.079767,0.0153398,0.788704,0.542749
35.07,0.082835,0.0153398,0.863232,0.488474
35.072,0.082835,0.0153398,0.776909,0.439626
35.074,0.0859029,0.0184078,0.852616,0.549062
35.076,0.0859029,0.0184078,0.767354,0.494156
35.078,0.0859029,0.0214757,0.690619,0.598138
35.08,0.0889709,0.0214757,0.774955,0.538324
35.082,0.0889709,0.0214757,0.69746,0.484492
35.084,0.0889709,0.0245437,0.627714,0.589441
35.086,0.0920388,0.0245437,0.71834,0.530497
35.088,0.0920388,0.0245437,0.646506,0.477447
35.09,0.0920388,0.0245437,0.581856,0.429702
35.092,0.0920388,0.0245437,0.52367,0.386732
35.094,0.0920388,0.0245437,0.471303,0.348059
35.096,0.0920388,0.0214757,0.424173,0.159855
35.098,0.0889709,0.0214757,0.228357,0.143869
35.1,0.0889709,0.0184078,0.205522,-0.0239156
35.102,0.0889709,0.0184078,0.18497,-0.021524
35.104,0.0859029,0.0153398,0.0130745,-0.17277
35.106,0.0859029,0.0153398,0.0117671,-0.155493
35.108,0.082835,0.0122718,-0.142808,-0.293342
35.11,0.079767,0.00920388,-0.281925,-0.417405
35.112,0.079767,0.00613592,-0.253733,-0.529063
35.114,0.076699,0.00306796,-0.381757,-0.629555
35.116,0.076699,0.00306796,-0.343582,-0.566599
35.118,0.076699,0.00306796,-0.309223,-0.509939
35.12,0.076699,0.00306796,-0.278301,-0.458945
35.122,0.076699,0,-0.250471,-0.566449
35.124,0.076699,0,-0.225424,-0.509804
35.126,0.076699,0,-0.202882,-0.458824
35.128,0.076699,0,-0.182593,-0.412941
35.13,0.076699,0,-0.164334,-0.371647
35.132,0.0736311,0,-0.301299,-0.334482
35.134,0.076699,0,-0.117771,-0.301034
35.136,0.0736311,-0.00306796,-0.259392,-0.424329
35.138,0.0736311,-0.00306796,-0.233453,-0.381896
35.14,0.0736311,-0.00306796,-0.210107,-0.343706
35.142,0.0736311,-0.00306796,-0.189097,-0.309336
35.144,0.0705631,-0.00613592,-0.323585,-0.4318
35.146,0.0705631,-0.00613592,-0.291227,-0.38862
35.148,0.0705631,-0.00920388,-0.262104,-0.503156
35.15,0.0705631,-0.00920388,-0.235893,-0.452841
35.152,0.0674952,-0.00920388,-0.365702,-0.407557
35.154,0.0674952,-0.0122718,-0.329132,-0.520199
35.156,0.0674952,-0.0122718,-0.296219,-0.468179
35.158,0.0674952,-0.0122718,-0.266597,-0.421361
35.16,0.0705631,-0.00920388,-0.0865391,-0.225827
35.162,0.0705631,-0.00920388,-0.0778852,-0.203244
35.164,0.0705631,-0.00920388,-0.0700967,-0.18292
35.166,0.0705631,-0.00613592,-0.063087,-0.0112298
35.168,0.0736311,-0.00613592,0.0966198,-0.0101068
35.17,0.0736311,-0.00613592,0.0869578,-0.00909614
35.172,0.0736311,-0.00613592,0.078262,-0.00818652
35.174,0.0736311,-0.00613592,0.0704358,-0.00736787
35.176,0.076699,-0.00306796,0.21679,0.146767
35.178,0.076699,-0.00306796,0.195111,0.13209
35.18,0.076699,-0.00306796,0.1756,0.118881
35.182,0.076699,-0.00306796,0.15804,0.106993
35.184,0.076699,-0.00306796,0.142236,0.0962938
35.186,0.076699,-0.00306796,0.128013,0.0866644
35.188,0.079767,-0.00306796,0.268609,0.077998
35.19,0.079767,-0.00306796,0.241748,0.0701982
35.192,0.079767,-0.00306796,0.217574,0.0631784
35.194,0.079767,0,0.195816,0.210259
35.196,0.082835,0,0.329633,0.189233
35.198,0.082835,0,0.296669,0.170309
35.2,0.082835,0,0.267002,0.153279
35.202,0.082835,0,0.240302,0.137951
35.204,0.0859029,0.00306796,0.36967,0.277554
35.206,0.0859029,0.00306796,0.332703,0.249798
35.208,0.0859029,0.00306796,0.299433,0.224818
35.21,0.0859029,0.00306796,0.269489,0.202337
35.212,0.0859029,0.00306796,0.242541,0.182103
35.214,0.0859029,0.00306796,0.218286,0.163893
35.216,0.0859029,0.00306796,0.196458,0.147503
35.218,0.0859029,0.00306796,0.176812,0.132753
35.22,0.0859029,0.00306796,0.159131,0.119478
35.222,0.0889709,0.00306796,0.296616,0.10753
35.224,0.0889709,0.00306796,0.266954,0.096777
35.226,0.0889709,0.00306796,0.240259,0.0870993
35.228,0.0889709,0.00306796,0.216233,0.0783894
35.23,0.0889709,0.00306796,0.19461,0.0705504
35.232,0.0889709,0.00613592,0.175149,0.216893
35.234,0.0920388,0.00613592,0.311032,0.195204
35.236,0.0920388,0.00613592,0.279929,0.175684
35.238,0.0920388,0.00920388,0.251936,0.311513
35.24,0.0920388,0.00920388,0.226742,0.280362
35.242,0.0920388,0.00920388,0.204068,0.252326
35.244,0.0920388,0.00920388,0.183661,0.227093
35.246,0.0920388,0.00920388,0.165295,0.204384
35.248,0.0920388,0.00613592,0.148766,0.0305475
35.25,0.0920388,0.00613592,0.133889,0.0274927
35.252,0.0920388,0.00613592,0.1205,0.0247435
35.254,0.0920388,0.00306796,0.10845,-0.131129
35.256,0.0920388,0.00306796,0.0976051,-0.118016
35.258,0.0920388,0.00306796,0.0878446,-0.106214
35.26,0.0889709,0.00306796,-0.0743379,-0.095593
35.262,0.0920388,0.00306796,0.0864939,-0.0860337
35.264,0.0920388,0.00306796,0.0778445,-0.0774303
35.266,0.0920388,0.00306796,0.0700601,-0.0696873
35.268,0.0920388,0.00613592,0.0630541,0.0906795
35.27,0.0951068,0.00613592,0.210147,0.0816115
35.272,0.0951068,0.00920388,0.189132,0.226848
35.274,0.0981748,0.00920388,0.323617,0.204164
35.276,0.0981748,0.0122718,0.291255,0.337145
35.278,0.101243,0.0122718,0.415528,0.303431
35.28,0.101243,0.0153398,0.373975,0.426486
35.282,0.104311,0.0184078,0.489976,0.537235
35.284,0.107379,0.0184078,0.594376,0.483512
35.286,0.110447,0.0214757,0.688337,0.588559
35.288,0.110447,0.0245437,0.619503,0.683101
35.29,0.110447,0.0245437,0.557553,0.614791
35.292,0.113515,0.0276117,0.655195,0.70671
35.294,0.113515,0.0276117,0.589676,0.636039
35.296,0.113515,0.0276117,0.530708,0.572435
35.298,0.116583,0.0276117,0.631036,0.515191
35.3,0.116583,0.0306796,0.567932,0.61707
35.302,0.116583,0.0306796,0.511139,0.555363
35.304,0.116583,0.0306796,0.460025,0.499827
35.306,0.116583,0.0306796,0.414022,0.449844
35.308,0.116583,0.0337476,0.37262,0.558258
35.31,0.116583,0.0337476,0.335358,0.502432
35.312,0.116583,0.0337476,0.301822,0.452189
35.314,0.116583,0.0337476,0.27164,0.40697
35.316,0.116583,0.0337476,0.244476,0.366273
35.318,0.113515,0.0306796,0.0666304,0.176248
35.32,0.113515,0.0306796,0.0599674,0.158623
35.322,0.110447,0.0276117,-0.0994274,-0.0106375
35.324,0.110447,0.0276117,-0.0894847,-0.00957373
35.326,0.107379,0.0245437,-0.233934,-0.162014
35.328,0.104311,0.0214757,-0.363939,-0.299211
35.33,0.101243,0.0214757,-0.480943,-0.26929
35.332,0.101243,0.0184078,-0.432849,-0.395759
35.334,0.0981748,0.0153398,-0.542962,-0.509581
35.336,0.0981748,0.0153398,-0.488666,-0.458623
35.338,0.0951068,0.0122718,-0.593197,-0.566159
35.34,0.0920388,0.00920388,-0.687276,-0.662941
35.342,0.0889709,0.00920388,-0.771946,-0.596647
35.344,0.0889709,0.00613592,-0.694752,-0.69038
35.346,0.0859029,0.00306796,-0.778674,-0.77474
35.348,0.082835,0.00306796,-0.854205,-0.697266
35.35,0.079767,0,-0.922183,-0.780938
35.352,0.076699,-0.00306796,-0.983362,-0.856242
35.354,0.076699,-0.00613592,-0.885026,-0.924016
35.356,0.0736311,-0.00613592,-0.949922,-0.831614
35.358,0.0736311,-0.00613592,-0.85493,-0.748453
35.36,0.0705631,-0.00920388,-0.922835,-0.827006
35.362,0.0674952,-0.00920388,-0.983949,-0.744305
35.364,0.0674952,-0.0122718,-0.885554,-0.823273
35.366,0.0644272,-0.0122718,-0.950397,-0.740945
35.368,0.0613592,-0.0153398,-1.00876,-0.820249
35.37,0.0613592,-0.0184078,-0.90788,-0.891622
35.372,0.0582913,-0.0214757,-0.97049,-0.955858
35.374,0.0552233,-0.0214757,-1.02684,-0.860272
35.376,0.0552233,-0.0245437,-0.924155,-0.927643
35.378,0.0521553,-0.0245437,-0.985138,-0.834879
35.38,0.0521553,-0.0245437,-0.886624,-0.751391
35.382,0.0490874,-0.0276117,-0.95136,-0.82965
35.384,0.0490874,-0.0276117,-0.856224,-0.746685
35.386,0.0490874,-0.0276117,-0.770601,-0.672016
35.388,0.0490874,-0.0276117,-0.693541,-0.604815
35.39,0.0490874,-0.0276117,-0.624187,-0.544333
35.392,0.0460194,-0.0276117,-0.715166,-0.4899
35.394,0.0460194,-0.0276117,-0.64365,-0.44091
35.396,0.0460194,-0.0276117,-0.579285,-0.396819
35.398,0.0460194,-0.0276117,-0.521356,-0.357137
35.4,0.0460194,-0.0276117,-0.469221,-0.321423
35.402,0.0460194,-0.0276117,-0.422299,-0.289281
35.404,0.0460194,-0.0276117,-0.380069,-0.260353
35.406,0.0460194,-0.0276117,-0.342062,-0.234318
35.408,0.0460194,-0.0276117,-0.307856,-0.210886
35.41,0.0460194,-0.0245437,-0.27707,-0.0363992
35.412,0.0490874,-0.0245437,-0.095965,-0.0327593
35.414,0.0490874,-0.0245437,-0.0863685,-0.0294834
35.416,0.0490874,-0.0214757,-0.0777317,0.126863
35.418,0.0490874,-0.0214757,-0.0699585,0.114177
35.42,0.0490874,-0.0214757,-0.0629627,0.102759
35.422,0.0521553,-0.0184078,0.0967317,0.245881
35.424,0.0521553,-0.0184078,0.0870585,0.221293
35.426,0.0521553,-0.0184078,0.0783527,0.199164
35.428,0.0521553,-0.0184078,0.0705174,0.179247
35.43,0.0490874,-0.0184078,-0.0899324,0.161323
35.432,0.0490874,-0.0184078,-0.0809392,0.14519
35.434,0.0490874,-0.0214757,-0.0728453,-0.0227267
35.436,0.0490874,-0.0214757,-0.0655607,-0.020454
35.438,0.0490874,-0.0214757,-0.0590047,-0.0184086
35.44,0.0490874,-0.0214757,-0.0531042,-0.0165678
35.442,0.0490874,-0.0214757,-0.0477938,-0.014911
35.444,0.0490874,-0.0214757,-0.0430144,-0.0134199
35.446,0.0490874,-0.0214757,-0.038713,-0.0120779
35.448,0.0460194,-0.0214757,-0.18824,-0.0108701
35.45,0.0460194,-0.0214757,-0.169416,-0.0097831
35.452,0.0460194,-0.0245437,-0.152474,-0.162203
35.454,0.0429515,-0.0245437,-0.290625,-0.145983
35.456,0.0429515,-0.0245437,-0.261562,-0.131384
35.458,0.0429515,-0.0276117,-0.235406,-0.271644
35.46,0.0429515,-0.0276117,-0.211866,-0.24448
35.462,0.0429515,-0.0276117,-0.190679,-0.220032
35.464,0.0460194,-0.0276117,-0.018213,-0.198028
35.466,0.0460194,-0.0245437,-0.0163917,-0.0248275
35.468,0.0460194,-0.0245437,-0.0147525,-0.0223448
35.47,0.0490874,-0.0214757,0.140121,0.133288
35.472,0.0490874,-0.0214757,0.126109,0.119959
35.474,0.0521553,-0.0184078,0.266896,0.261361
35.476,0.0521553,-0.0184078,0.240206,0.235225
35.478,0.0521553,-0.0153398,0.216186,0.365101
35.48,0.0552233,-0.0153398,0.347965,0.328591
35.482,0.0552233,-0.0153398,0.313169,0.295732
35.484,0.0552233,-0.0122718,0.281852,0.419556
35.486,0.0552233,-0.0122718,0.253667,0.377601
35.488,0.0582913,-0.0122718,0.381698,0.339841
35.49,0.0582913,-0.0122718,0.343528,0.305857
35.492,0.0582913,-0.0122718,0.309175,0.275271
35.494,0.0582913,-0.0122718,0.278258,0.247744
35.496,0.0582913,-0.0122718,0.250432,0.222969
35.498,0.0582913,-0.0122718,0.225389,0.200673
35.5,0.0582913,-0.0122718,0.20285,0.180605
35.502,0.0582913,-0.0122718,0.182565,0.162545
35.504,0.0552233,-0.0122718,0.0109104,0.14629
35.506,0.0552233,-0.0153398,0.00981938,-0.0217368
35.508,0.0552233,-0.0153398,0.00883744,-0.0195631
35.51,0.0552233,-0.0153398,0.0079537,-0.0176068
35.512,0.0552233,-0.0153398,0.00715833,-0.0158461
35.514,0.0552233,-0.0184078,0.00644249,-0.16766
35.516,0.0521553,-0.0184078,-0.1476,-0.150894
35.518,0.0521553,-0.0184078,-0.13284,-0.135804
35.52,0.0521553,-0.0184078,-0.119556,-0.122224
35.522,0.0521553,-0.0214757,-0.1076,-0.2634
35.524,0.0521553,-0.0214757,-0.0968403,-0.23706
35.526,0.0521553,-0.0214757,-0.0871562,-0.213354
35.528,0.0521553,-0.0214757,-0.0784406,-0.192018
35.53,0.0521553,-0.0214757,-0.0705965,-0.172816
35.532,0.0521553,-0.0214757,-0.0635369,-0.155535
35.534,0.0521553,-0.0214757,-0.0571832,-0.139981
35.536,0.0552233,-0.0214757,0.101933,-0.125983
35.538,0.0552233,-0.0214757,0.0917399,-0.113385
35.54,0.0552233,-0.0214757,0.0825659,-0.102046
35.542,0.0582913,-0.0184078,0.227707,0.0615563
35.544,0.0582913,-0.0184078,0.204937,0.0554007
35.546,0.0613592,-0.0153398,0.337841,0.203259
35.548,0.0613592,-0.0153398,0.304057,0.182933
35.55,0.0644272,-0.0122718,0.427049,0.318038
35.552,0.0644272,-0.0122718,0.384344,0.286234
35.554,0.0674952,-0.00920388,0.499308,0.411009
35.556,0.0674952,-0.00920388,0.449377,0.369908
35.558,0.0705631,-0.00613592,0.557838,0.486315
35.56,0.0705631,-0.00613592,0.502054,0.437684
35.562,0.0736311,-0.00613592,0.605247,0.393915
35.564,0.0736311,-0.00306796,0.544722,0.507922
35.566,0.0736311,-0.00306796,0.49025,0.45713
35.568,0.076699,-0.00306796,0.594623,0.411417
35.57,0.076699,-0.00306796,0.535161,0.370275
35.572,0.076699,-0.00306796,0.481644,0.333247
35.574,0.076699,0,0.43348,0.453321
35.576,0.076699,0,0.390132,0.407989
35.578,0.079767,0,0.504517,0.36719
35.58,0.079767,0,0.454065,0.330471
35.582,0.079767,0,0.408659,0.297424
35.584,0.079767,0,0.367793,0.267681
35.586,0.079767,0,0.331014,0.240913
35.588,0.079767,0,0.297912,0.216822
35.59,0.079767,0,0.268121,0.19514
35.592,0.082835,0,0.394707,0.175626
35.594,0.082835,0,0.355236,0.158063
35.596,0.082835,0,0.319713,0.142257
35.598,0.082835,0,0.287741,0.128031
35.6,0.082835,0,0.258967,0.115228
35.602,0.082835,0,0.233071,0.103705
35.604,0.082835,-0.00306796,0.209763,-0.0600634
35.606,0.082835,-0.00306796,0.188787,-0.054057
35.608,0.082835,-0.00306796,0.169908,-0.0486513
35.61,0.082835,-0.00306796,0.152918,-0.0437862
35.612,0.082835,-0.00306796,0.137626,-0.0394076
35.614,0.079767,-0.00306796,-0.0295349,-0.0354668
35.616,0.079767,-0.00613592,-0.0265814,-0.185318
35.618,0.079767,-0.00613592,-0.0239232,-0.166786
35.62,0.079767,-0.00613592,-0.0215309,-0.150108
35.622,0.079767,-0.00920388,-0.0193778,-0.288495
35.624,0.076699,-0.00920388,-0.170838,-0.259646
35.626,0.076699,-0.0122718,-0.153754,-0.387079
35.628,0.076699,-0.0122718,-0.138379,-0.348371
35.63,0.076699,-0.0122718,-0.124541,-0.313534
35.632,0.076699,-0.0122718,-0.112087,-0.282181
35.634,0.076699,-0.0122718,-0.100878,-0.253963
35.636,0.0736311,-0.0153398,-0.244188,-0.381964
35.638,0.076699,-0.0153398,-0.0663715,-0.343768
35.64,0.076699,-0.0153398,-0.0597344,-0.309391
35.642,0.076699,-0.0153398,-0.0537609,-0.278452
35.644,0.076699,-0.0153398,-0.0483848,-0.250607
35.646,0.076699,-0.0153398,-0.0435464,-0.225546
35.648,0.076699,-0.0122718,-0.0391917,-0.0495935
35.65,0.079767,-0.0122718,0.118126,-0.0446341
35.652,0.079767,-0.00920388,0.106313,0.113227
35.654,0.082835,-0.00920388,0.24908,0.101905
35.656,0.082835,-0.00920388,0.224172,0.0917142
35.658,0.0859029,-0.00613592,0.355153,0.235941
35.66,0.0859029,-0.00613592,0.319637,0.212347
35.662,0.0889709,-0.00306796,0.441072,0.34451
35.664,0.0889709,-0.00306796,0.396965,0.310059
35.666,0.0920388,-0.00306796,0.510666,0.279053
35.668,0.0920388,0,0.4596,0.404546
35.67,0.0951068,0,0.567038,0.364091
35.672,0.0951068,0,0.510334,0.327682
35.674,0.0981748,0.00306796,0.612699,0.448312
35.676,0.0981748,0.00306796,0.551429,0.403481
35.678,0.101243,0.00306796,0.649684,0.363133
35.68,0.101243,0.00613592,0.584716,0.480218
35.682,0.104311,0.00613592,0.679642,0.432196
35.684,0.107379,0.00920388,0.765076,0.542374
35.686,0.107379,0.0122718,0.688568,0.641535
35.688,0.110447,0.0122718,0.77311,0.577381
35.69,0.113515,0.0153398,0.849197,0.673041
35.692,0.113515,0.0184078,0.764277,0.759135
35.694,0.113515,0.0184078,0.687849,0.683222
35.696,0.116583,0.0214757,0.772462,0.768298
35.698,0.119651,0.0214757,0.848614,0.691468
35.7,0.119651,0.0245437,0.763753,0.775719
35.702,0.119651,0.0245437,0.687378,0.698147
35.704,0.119651,0.0245437,0.61864,0.628333
35.706,0.122718,0.0245437,0.710174,0.565499
35.708,0.122718,0.0245437,0.639157,0.508949
35.71,0.122718,0.0214757,0.575241,0.304656
35.712,0.122718,0.0245437,0.517717,0.427589
35.714,0.122718,0.0245437,0.465945,0.38483
35.716,0.122718,0.0245437,0.419351,0.346347
35.718,0.122718,0.0245437,0.377416,0.311712
35.72,0.122718,0.0245437,0.339674,0.280541
35.722,0.122718,0.0245437,0.305707,0.252487
35.724,0.122718,0.0245437,0.275136,0.227238
35.726,0.122718,0.0245437,0.247622,0.204514
35.728,0.122718,0.0245437,0.22286,0.184063
35.73,0.122718,0.0245437,0.200574,0.165657
35.732,0.122718,0.0214757,0.180517,-0.00430708
35.734,0.122718,0.0214757,0.162465,-0.00387637
35.736,0.122718,0.0214757,0.146219,-0.00348873
35.738,0.122718,0.0214757,0.131597,-0.00313986
35.74,0.122718,0.0214757,0.118437,-0.00282588
35.742,0.119651,0.0214757,-0.0468048,-0.00254329
35.744,0.119651,0.0214757,-0.0421243,-0.00228896
35.746,0.119651,0.0184078,-0.0379119,-0.155458
35.748,0.119651,0.0184078,-0.0341207,-0.139912
35.75,0.116583,0.0184078,-0.184107,-0.125921
35.752,0.116583,0.0153398,-0.165696,-0.266727
35.754,0.116583,0.0153398,-0.149126,-0.240054
35.756,0.113515,0.0153398,-0.287612,-0.216049
35.758,0.113515,0.0153398,-0.258851,-0.194444
35.76,0.113515,0.0122718,-0.232966,-0.328398
35.762,0.113515,0.0122718,-0.209669,-0.295558
35.764,0.113515,0.0122718,-0.188702,-0.266002
35.766,0.110447,0.0122718,-0.32323,-0.239402
35.768,0.110447,0.00920388,-0.290907,-0.36886
35.77,0.110447,0.00920388,-0.261816,-0.331974
35.772,0.110447,0.00920388,-0.235635,-0.298776
35.774,0.110447,0.00920388,-0.212071,-0.268899
35.776,0.110447,0.0122718,-0.190864,-0.0886108
35.778,0.110447,0.0122718,-0.171778,-0.0797498
35.78,0.110447,0.0122718,-0.1546,-0.0717748
35.782,0.110447,0.0122718,-0.13914,-0.0645973
35.784,0.110447,0.0122718,-0.125226,-0.0581376
35.786,0.110447,0.0122718,-0.112703,-0.0523238
35.788,0.110447,0.0122718,-0.101433,-0.0470914
35.79,0.107379,0.0122718,-0.244688,-0.0423823
35.792,0.107379,0.0122718,-0.220219,-0.0381441
35.794,0.104311,0.00920388,-0.351595,-0.187728
35.796,0.104311,0.00920388,-0.316436,-0.168955
35.798,0.101243,0.00920388,-0.43819,-0.152059
35.8,0.101243,0.00613592,-0.394371,-0.290252
35.802,0.101243,0.00306796,-0.354934,-0.414625
35.804,0.0981748,0,-0.472839,-0.52656
35.806,0.0981748,0,-0.425555,-0.473904
35.808,0.0951068,0,-0.536397,-0.426514
35.81,0.0951068,0,-0.482758,-0.383862
35.812,0.0951068,0,-0.434482,-0.345476
35.814,0.0951068,0,-0.391034,-0.310928
35.816,0.0920388,0,-0.505328,-0.279836
35.818,0.0920388,0,-0.454796,-0.251852
35.82,0.0920388,0,-0.409316,-0.226667
35.822,0.0920388,0,-0.368384,-0.204
35.824,0.0920388,0,-0.331546,-0.1836
35.826,0.0920388,-0.00306796,-0.298391,-0.318638
35.828,0.0920388,0,-0.268552,-0.133376
35.83,0.0920388,0,-0.241697,-0.120039
35.832,0.0920388,0,-0.217527,-0.108035
35.834,0.0889709,0,-0.349173,-0.0972313
35.836,0.0889709,0,-0.314255,-0.0875082
35.838,0.0889709,0,-0.28283,-0.0787574
35.84,0.0889709,-0.00306796,-0.254547,-0.22428
35.842,0.0859029,-0.00306796,-0.38249,-0.201852
35.844,0.0859029,-0.00613592,-0.344241,-0.335065
35.846,0.082835,-0.00613592,-0.463215,-0.301558
35.848,0.079767,-0.00920388,-0.570292,-0.4248
35.85,0.076699,-0.0122718,-0.666661,-0.535718
35.852,0.076699,-0.0122718,-0.599995,-0.482147
35.854,0.0736311,-0.0153398,-0.693393,-0.58733
35.856,0.0736311,-0.0184078,-0.624054,-0.681995
35.858,0.0705631,-0.0184078,-0.715047,-0.613796
35.86,0.0674952,-0.0214757,-0.79694,-0.705814
35.862,0.0644272,-0.0214757,-0.870644,-0.635233
35.864,0.0644272,-0.0245437,-0.78358,-0.725108
35.866,0.0644272,-0.0245437,-0.705222,-0.652597
35.868,0.0613592,-0.0276117,-0.788098,-0.740735
35.87,0.0613592,-0.0276117,-0.709288,-0.666662
35.872,0.0613592,-0.0276117,-0.638359,-0.599995
35.874,0.0613592,-0.0276117,-0.574523,-0.539996
35.876,0.0613592,-0.0276117,-0.517071,-0.485996
35.878,0.0613592,-0.0276117,-0.465364,-0.437397
35.88,0.0613592,-0.0276117,-0.418827,-0.393657
35.882,0.0613592,-0.0276117,-0.376945,-0.354291
35.884,0.0613592,-0.0276117,-0.33925,-0.318862
35.886,0.0613592,-0.0276117,-0.305325,-0.286976
35.888,0.0613592,-0.0276117,-0.274793,-0.258278
35.89,0.0613592,-0.0276117,-0.247313,-0.232451
35.892,0.0613592,-0.0276117,-0.222582,-0.209205
35.894,0.0613592,-0.0245437,-0.200324,-0.0348869
35.896,0.0613592,-0.0245437,-0.180291,-0.0313982
35.898,0.0644272,-0.0245437,-0.00886423,-0.0282584
35.9,0.0644272,-0.0214757,-0.00797781,0.127966
35.902,0.0644272,-0.0214757,-0.00718003,0.115169
35.904,0.0644272,-0.0184078,-0.00646202,0.25705
35.906,0.0674952,-0.0184078,0.147582,0.231345
35.908,0.0674952,-0.0153398,0.132824,0.361609
35.91,0.0705631,-0.0153398,0.27294,0.325448
35.912,0.0705631,-0.0122718,0.245646,0.446301
35.914,0.0736311,-0.0122718,0.374479,0.401671
35.916,0.0736311,-0.00920388,0.337031,0.514902
35.918,0.0736311,-0.00920388,0.303328,0.463412
35.92,0.0736311,-0.00920388,0.272995,0.417071
35.922,0.076699,-0.00920388,0.399094,0.375364
35.924,0.076699,-0.00613592,0.359185,0.491225
35.926,0.076699,-0.00613592,0.323266,0.442103
35.928,0.076699,-0.00613592,0.290939,0.397892
35.93,0.079767,-0.00306796,0.415244,0.511501
35.932,0.079767,-0.00306796,0.373719,0.460351
35.934,0.079767,-0.00306796,0.336347,0.414316
35.936,0.082835,0,0.456111,0.526283
35.938,0.082835,0,0.4105,0.473654
35.94,0.0859029,0,0.522848,0.426289
35.942,0.0859029,0.00306796,0.470563,0.537058
35.944,0.0859029,0.00306796,0.423507,0.483352
35.946,0.0889709,0.00306796,0.534554,0.435017
35.948,0.0889709,0.00613592,0.481099,0.544913
35.95,0.0889709,0.00613592,0.432989,0.490422
35.952,0.0920388,0.00920388,0.543088,0.594778
35.954,0.0920388,0.0122718,0.488779,0.688698
35.956,0.0951068,0.0122718,0.593299,0.619828
35.958,0.0951068,0.0122718,0.533969,0.557846
35.96,0.0951068,0.0122718,0.480572,0.502061
35.962,0.0981748,0.0153398,0.585913,0.605253
35.964,0.0981748,0.0153398,0.527322,0.544728
35.966,0.0981748,0.0153398,0.47459,0.490255
35.968,0.0981748,0.0153398,0.427131,0.441229
35.97,0.0981748,0.0153398,0.384418,0.397106
35.972,0.0981748,0.0153398,0.345976,0.357396
35.974,0.0981748,0.0153398,0.311378,0.321656
35.976,0.0981748,0.0153398,0.280241,0.289491
35.978,0.0981748,0.0153398,0.252216,0.260542
35.98,0.0981748,0.0153398,0.226995,0.234487
35.982,0.0981748,0.0184078,0.204295,0.364437
35.984,0.0981748,0.0153398,0.183866,0.174595
35.986,0.0981748,0.0184078,0.165479,0.310534
35.988,0.0981748,0.0184078,0.148931,0.27948
35.99,0.0981748,0.0184078,0.134038,0.251532
35.992,0.101243,0.0214757,0.274032,0.379777
35.994,0.101243,0.0214757,0.246629,0.341799
35.996,0.101243,0.0214757,0.221966,0.307619
35.998,0.101243,0.0245437,0.19977,0.430256
36,0.101243,0.0245437,0.179793,0.38723
36.002,0.101243,0.0245437,0.161813,0.348507
36.004,0.101243,0.0245437,0.145632,0.313656
36.006,0.101243,0.0245437,0.131069,0.282291
36.008,0.101243,0.0245437,0.117962,0.254062
36.01,0.101243,0.0245437,0.106166,0.228655
36.012,0.101243,0.0245437,0.0955492,0.20579
36.014,0.104311,0.0276117,0.239392,0.338609
36.016,0.104311,0.0276117,0.215453,0.304748
36.018,0.104311,0.0276117,0.193908,0.274273
36.02,0.104311,0.0276117,0.174517,0.246846
36.022,0.104311,0.0276117,0.157065,0.222161
36.024,0.101243,0.0306796,-0.0120393,0.353343
36.026,0.101243,0.0306796,-0.0108354,0.318009
36.028,0.101243,0.0306796,-0.00975182,0.286208
36.03,0.101243,0.0306796,-0.00877664,0.257587
36.032,0.101243,0.0306796,-0.00789897,0.231829
36.034,0.101243,0.0276117,-0.00710908,0.0552476
36.036,0.0981748,0.0276117,-0.159796,0.0497228
36.038,0.0981748,0.0276117,-0.143817,0.0447506
36.04,0.0951068,0.0276117,-0.282833,0.0402755
36.042,0.0951068,0.0245437,-0.25455,-0.11715
36.044,0.0920388,0.0245437,-0.382493,-0.105435
36.046,0.0920388,0.0214757,-0.344244,-0.24829
36.048,0.0889709,0.0214757,-0.463217,-0.223461
36.05,0.0889709,0.0214757,-0.416896,-0.201115
36.052,0.0889709,0.0214757,-0.375206,-0.181003
36.054,0.0859029,0.0214757,-0.491083,-0.162903
36.056,0.0859029,0.0214757,-0.441975,-0.146613
36.058,0.0859029,0.0214757,-0.397778,-0.131951
36.06,0.082835,0.0214757,-0.511398,-0.118756
36.062,0.082835,0.0184078,-0.460258,-0.260279
36.064,0.082835,0.0184078,-0.414232,-0.234251
36.066,0.079767,0.0184078,-0.526207,-0.210826
36.068,0.079767,0.0184078,-0.473586,-0.189743
36.07,0.079767,0.0184078,-0.426228,-0.170769
36.072,0.076699,0.0184078,-0.537003,-0.153692
36.074,0.076699,0.0184078,-0.483303,-0.138323
36.076,0.076699,0.0184078,-0.434973,-0.12449
36.078,0.076699,0.0184078,-0.391475,-0.112041
36.08,0.076699,0.0184078,-0.352328,-0.100837
36.082,0.076699,0.0184078,-0.317095,-0.0907536
36.084,0.0736311,0.0184078,-0.438784,-0.0816782
36.086,0.0736311,0.0214757,-0.394905,0.0798877
36.088,0.0736311,0.0214757,-0.355415,0.0718989
36.09,0.0736311,0.0214757,-0.319873,0.064709
36.092,0.0736311,0.0214757,-0.287886,0.0582381
36.094,0.0736311,0.0214757,-0.259097,0.0524143
36.096,0.0705631,0.0214757,-0.386586,0.0471729
36.098,0.0705631,0.0214757,-0.347927,0.0424556
36.1,0.0705631,0.0214757,-0.313134,0.03821
36.102,0.0674952,0.0214757,-0.435219,0.034389
36.104,0.0674952,0.0214757,-0.391697,0.0309501
36.106,0.0644272,0.0214757,-0.505925,0.0278551
36.108,0.0613592,0.0214757,-0.608731,0.0250696
36.11,0.0613592,0.0184078,-0.547858,-0.130835
36.112,0.0582913,0.0184078,-0.64647,-0.117752
36.114,0.0552233,0.0153398,-0.735221,-0.259375
36.116,0.0521553,0.0122718,-0.815097,-0.386835
36.118,0.0490874,0.00920388,-0.886986,-0.50155
36.12,0.0429515,0.00613592,-1.10508,-0.604793
36.122,0.0398835,0.00306796,-1.14797,-0.697712
36.124,0.0368155,0,-1.18657,-0.781339
36.126,0.0337476,-0.00306796,-1.22131,-0.856603
36.128,0.0306796,-0.00613592,-1.25258,-0.924341
36.13,0.0245437,-0.00920388,-1.43412,-0.985305
36.132,0.0214757,-0.0122718,-1.44411,-1.04017
36.134,0.0184078,-0.0122718,-1.45309,-0.936155
36.136,0.0153398,-0.0153398,-1.46118,-0.995938
36.138,0.0153398,-0.0184078,-1.31506,-1.04974
36.14,0.0122718,-0.0184078,-1.33696,-0.944768
36.142,0.00920388,-0.0184078,-1.35666,-0.850291
36.144,0.00613592,-0.0214757,-1.37439,-0.91866
36.146,0.00613592,-0.0214757,-1.23695,-0.826794
36.148,0.00306796,-0.0245437,-1.26665,-0.897513
36.15,-0,-0.0245437,-1.29339,-0.807761
36.152,-0,-0.0245437,-1.16405,-0.726985
36.154,-0.00306796,-0.0245437,-1.20104,-0.654287
36.156,-0.00306796,-0.0276117,-1.08094,-0.742256
36.158,-0.00613592,-0.0276117,-1.12624,-0.668031
36.16,-0.00613592,-0.0276117,-1.01362,-0.601227
36.162,-0.00613592,-0.0276117,-0.912256,-0.541105
36.164,-0.00920388,-0.0276117,-0.974428,-0.486994
36.166,-0.00920388,-0.0276117,-0.876985,-0.438295
36.168,-0.00920388,-0.0276117,-0.789287,-0.394465
36.17,-0.00920388,-0.0276117,-0.710358,-0.355019
36.172,-0.0122718,-0.0276117,-0.79272,-0.319517
36.174,-0.0122718,-0.0245437,-0.713448,-0.134167
36.176,-0.0122718,-0.0245437,-0.642104,-0.12075
36.178,-0.0122718,-0.0245437,-0.577893,-0.108675
36.18,-0.0122718,-0.0245437,-0.520104,-0.0978079
36.182,-0.0122718,-0.0214757,-0.468093,0.065371
36.184,-0.0153398,-0.0214757,-0.574682,0.0588339
36.186,-0.0153398,-0.0245437,-0.517214,-0.100448
36.188,-0.0184078,-0.0245437,-0.618891,-0.0904028
36.19,-0.0184078,-0.0245437,-0.557002,-0.0813625
36.192,-0.0214757,-0.0276117,-0.6547,-0.226624
36.194,-0.0214757,-0.0276117,-0.58923,-0.203962
36.196,-0.0214757,-0.0276117,-0.530307,-0.183566
36.198,-0.0245437,-0.0276117,-0.630674,-0.165209
36.2,-0.0245437,-0.0276117,-0.567607,-0.148688
36.202,-0.0245437,-0.0276117,-0.510846,-0.133819
36.204,-0.0276117,-0.0276117,-0.613159,-0.120437
36.206,-0.0276117,-0.0306796,-0.551843,-0.261792
36.208,-0.0306796,-0.0306796,-0.650057,-0.235613
36.21,-0.0306796,-0.0306796,-0.585052,-0.212051
36.212,-0.0337476,-0.0306796,-0.679944,-0.190846
36.214,-0.0337476,-0.0337476,-0.61195,-0.32516
36.216,-0.0337476,-0.0337476,-0.550755,-0.292644
36.218,-0.0337476,-0.0337476,-0.495679,-0.263379
36.22,-0.0368155,-0.0337476,-0.59951,-0.237041
36.222,-0.0368155,-0.0337476,-0.539559,-0.213337
36.224,-0.0368155,-0.0337476,-0.485603,-0.192004
36.226,-0.0368155,-0.0337476,-0.437043,-0.172803
36.228,-0.0368155,-0.0337476,-0.393338,-0.155523
36.23,-0.0398835,-0.0337476,-0.507403,-0.139971
36.232,-0.0398835,-0.0337476,-0.456662,-0.125974
36.234,-0.0398835,-0.0368155,-0.410996,-0.266774
36.236,-0.0429515,-0.0368155,-0.523295,-0.240097
36.238,-0.0460194,-0.0368155,-0.624363,-0.216087
36.24,-0.0460194,-0.0368155,-0.561927,-0.194478
36.242,-0.0460194,-0.0398835,-0.505734,-0.328429
36.244,-0.0490874,-0.0398835,-0.608559,-0.295586
36.246,-0.0521553,-0.0429515,-0.701101,-0.419425
36.248,-0.0521553,-0.0429515,-0.630991,-0.377483
36.25,-0.0552233,-0.0460194,-0.72129,-0.493133
36.252,-0.0582913,-0.0490874,-0.802559,-0.597217
36.254,-0.0582913,-0.0490874,-0.722303,-0.537496
36.256,-0.0613592,-0.0521553,-0.803471,-0.637144
36.258,-0.0613592,-0.0521553,-0.723124,-0.57343
36.26,-0.0644272,-0.0552233,-0.804209,-0.669485
36.262,-0.0644272,-0.0552233,-0.723789,-0.602536
36.264,-0.0644272,-0.0552233,-0.65141,-0.542283
36.266,-0.0674952,-0.0552233,-0.739667,-0.488054
36.268,-0.0674952,-0.0552233,-0.6657,-0.439249
36.27,-0.0674952,-0.0552233,-0.59913,-0.395324
36.272,-0.0674952,-0.0552233,-0.539217,-0.355792
36.274,-0.0674952,-0.0552233,-0.485295,-0.320213
36.276,-0.0674952,-0.0552233,-0.436766,-0.288191
36.278,-0.0705631,-0.0582913,-0.546487,-0.41277
36.28,-0.0705631,-0.0582913,-0.491839,-0.371493
36.282,-0.0705631,-0.0582913,-0.442655,-0.334344
36.284,-0.0705631,-0.0582913,-0.398389,-0.300909
36.286,-0.0705631,-0.0582913,-0.35855,-0.270819
36.288,-0.0705631,-0.0582913,-0.322695,-0.243737
36.29,-0.0705631,-0.0582913,-0.290426,-0.219363
36.292,-0.0705631,-0.0582913,-0.261383,-0.197427
36.294,-0.0705631,-0.0582913,-0.235245,-0.177684
36.296,-0.0705631,-0.0582913,-0.21172,-0.159916
36.298,-0.0705631,-0.0613592,-0.190548,-0.297322
36.3,-0.0705631,-0.0613592,-0.171494,-0.26759
36.302,-0.0705631,-0.0613592,-0.154344,-0.240831
36.304,-0.0705631,-0.0613592,-0.13891,-0.216748
36.306,-0.0705631,-0.0613592,-0.125019,-0.195073
36.308,-0.0705631,-0.0613592,-0.112517,-0.175566
36.31,-0.0705631,-0.0613592,-0.101265,-0.158009
36.312,-0.0674952,-0.0582913,0.0622594,0.0111898
36.314,-0.0674952,-0.0582913,0.0560335,0.0100708
36.316,-0.0674952,-0.0582913,0.0504301,0.00906375
36.318,-0.0644272,-0.0582913,0.198785,0.00815737
36.32,-0.0644272,-0.0582913,0.178907,0.00734164
36.322,-0.0613592,-0.0582913,0.314414,0.00660747
36.324,-0.0613592,-0.0552233,0.282973,0.159345
36.326,-0.0582913,-0.0552233,0.408073,0.14341
36.328,-0.0552233,-0.0521553,0.520664,0.282467
36.33,-0.0552233,-0.0490874,0.468598,0.407619
36.332,-0.0490874,-0.0460194,0.728534,0.520255
36.334,-0.0490874,-0.0460194,0.655681,0.468229
36.336,-0.0460194,-0.0429515,0.743511,0.574805
36.338,-0.0429515,-0.0398835,0.822558,0.670722
36.34,-0.0398835,-0.0398835,0.8937,0.60365
36.342,-0.0368155,-0.0368155,0.957728,0.696683
36.344,-0.0337476,-0.0368155,1.01535,0.627015
36.346,-0.0337476,-0.0337476,0.913818,0.717711
36.348,-0.0276117,-0.0306796,1.12923,0.799338
36.35,-0.0245437,-0.0276117,1.16971,0.872803
36.352,-0.0214757,-0.0245437,1.20613,0.93892
36.354,-0.0214757,-0.0245437,1.08552,0.845028
36.356,-0.0184078,-0.0214757,1.13037,0.913924
36.358,-0.0153398,-0.0184078,1.17073,0.975929
36.36,-0.0122718,-0.0184078,1.20705,0.878336
36.362,-0.00920388,-0.0153398,1.23975,0.943901
36.364,-0.00613592,-0.0122718,1.26917,1.00291
36.366,-0.00306796,-0.0122718,1.29565,0.902618
36.368,-0,-0.00920388,1.31948,0.965754
36.37,0.00306796,-0.00613592,1.34093,1.02258
36.372,0.00306796,-0.00613592,1.20684,0.920319
36.374,0.00613592,-0.00306796,1.23955,0.981685
36.376,0.00920388,-0.00306796,1.269,0.883517
36.378,0.0122718,0,1.2955,0.948563
36.38,0.0122718,0,1.16595,0.853707
36.382,0.0153398,0.00306796,1.20275,0.921734
36.384,0.0184078,0.00306796,1.23587,0.829561
36.386,0.0184078,0.00613592,1.11229,0.900003
36.388,0.0214757,0.00613592,1.15445,0.810003
36.39,0.0245437,0.00613592,1.19241,0.729002
36.392,0.0276117,0.00920388,1.22656,0.8095
36.394,0.0276117,0.0122718,1.10391,0.881948
36.396,0.0306796,0.0122718,1.14692,0.793753
36.398,0.0337476,0.0153398,1.18562,0.867776
36.4,0.0368155,0.0153398,1.22046,0.780999
36.402,0.0368155,0.0153398,1.09841,0.702899
36.404,0.0398835,0.0184078,1.14197,0.786007
36.406,0.0398835,0.0184078,1.02777,0.707406
36.408,0.0398835,0.0184078,0.924995,0.636666
36.41,0.0429515,0.0184078,0.985893,0.572999
36.412,0.0429515,0.0184078,0.887304,0.515699
36.414,0.0460194,0.0184078,0.951972,0.464129
36.416,0.0460194,0.0184078,0.856775,0.417716
36.418,0.0490874,0.0184078,0.924495,0.375945
36.42,0.0490874,0.0214757,0.832046,0.491748
36.422,0.0521553,0.0214757,0.902239,0.442573
36.424,0.0521553,0.0214757,0.812015,0.398316
36.426,0.0552233,0.0245437,0.884212,0.511883
36.428,0.0582913,0.0245437,0.949189,0.460694
36.43,0.0582913,0.0245437,0.85427,0.414625
36.432,0.0613592,0.0276117,0.922241,0.52656
36.434,0.0644272,0.0306796,0.983415,0.627303
36.436,0.0674952,0.0337476,1.03847,0.71797
36.438,0.0674952,0.0368155,0.934624,0.799571
36.44,0.0705631,0.0368155,0.99456,0.719614
36.442,0.0736311,0.0398835,1.0485,0.801051
36.444,0.0736311,0.0398835,0.943652,0.720946
36.446,0.076699,0.0429515,1.00268,0.802249
36.448,0.079767,0.0429515,1.05581,0.722024
36.45,0.079767,0.0460194,0.950233,0.80322
36.452,0.082835,0.0460194,1.00861,0.722898
36.454,0.082835,0.0460194,0.907747,0.650608
36.456,0.082835,0.0460194,0.816972,0.585547
36.458,0.082835,0.0460194,0.735275,0.526993
36.46,0.0859029,0.0460194,0.815146,0.474293
36.462,0.0859029,0.0460194,0.733631,0.426864
36.464,0.0859029,0.0460194,0.660268,0.384178
36.466,0.0859029,0.0490874,0.594241,0.499158
36.468,0.0859029,0.0490874,0.534817,0.449242
36.47,0.0889709,0.0490874,0.634733,0.404318
36.472,0.0889709,0.0490874,0.57126,0.363886
36.474,0.0889709,0.0490874,0.514134,0.327498
36.476,0.0920388,0.0521553,0.616119,0.448146
36.478,0.0920388,0.0521553,0.554507,0.403331
36.48,0.0920388,0.0521553,0.499056,0.362998
36.482,0.0920388,0.0552233,0.449151,0.480096
36.484,0.0951068,0.0552233,0.557634,0.432087
36.486,0.0951068,0.0552233,0.50187,0.388878
36.488,0.0951068,0.0552233,0.451683,0.34999
36.49,0.0920388,0.0552233,0.253117,0.314991
36.492,0.0920388,0.0521553,0.227805,0.130094
36.494,0.0920388,0.0521553,0.205025,0.117085
36.496,0.0920388,0.0521553,0.184522,0.105376
36.498,0.0920388,0.0521553,0.16607,0.0948386
36.5,0.0889709,0.0490874,-0.00393514,-0.0680434
36.502,0.0889709,0.0490874,-0.00354163,-0.061239
36.504,0.0889709,0.0490874,-0.00318746,-0.0551151
36.506,0.0859029,0.0490874,-0.156267,-0.0496036
36.508,0.0859029,0.0460194,-0.14064,-0.198041
36.51,0.0859029,0.0460194,-0.126576,-0.178237
36.512,0.082835,0.0460194,-0.267317,-0.160413
36.514,0.082835,0.0429515,-0.240585,-0.29777
36.516,0.079767,0.0429515,-0.369925,-0.267993
36.518,0.079767,0.0429515,-0.332932,-0.241194
36.52,0.076699,0.0398835,-0.453037,-0.370473
36.522,0.076699,0.0398835,-0.407733,-0.333425
36.524,0.0736311,0.0368155,-0.520358,-0.453481
36.526,0.0705631,0.0368155,-0.62172,-0.408133
36.528,0.0705631,0.0337476,-0.559548,-0.520718
36.53,0.0674952,0.0337476,-0.656991,-0.468646
36.532,0.0644272,0.0306796,-0.74469,-0.575179
36.534,0.0644272,0.0276117,-0.670221,-0.671059
36.536,0.0613592,0.0276117,-0.756597,-0.603954
36.538,0.0582913,0.0245437,-0.834336,-0.696956
36.54,0.0552233,0.0245437,-0.9043,-0.627261
36.542,0.0521553,0.0214757,-0.967268,-0.717933
36.544,0.0521553,0.0184078,-0.870541,-0.799537
36.546,0.0490874,0.0184078,-0.936885,-0.719584
36.548,0.0460194,0.0153398,-0.996595,-0.801023
36.55,0.0429515,0.0122718,-1.05033,-0.874319
36.552,0.0398835,0.00920388,-1.0987,-0.940285
36.554,0.0368155,0.00613592,-1.14223,-0.999655
36.556,0.0368155,0.00613592,-1.028,-0.899689
36.558,0.0337476,0.00306796,-1.0786,-0.963119
36.56,0.0306796,0.00306796,-1.12414,-0.866807
36.562,0.0276117,0,-1.16512,-0.933524
36.564,0.0276117,0,-1.04861,-0.840172
36.566,0.0245437,-0.00306796,-1.09715,-0.909553
36.568,0.0214757,-0.00306796,-1.14083,-0.818597
36.57,0.0214757,-0.00306796,-1.02675,-0.736738
36.572,0.0184078,-0.00613592,-1.07747,-0.816462
36.574,0.0153398,-0.00920388,-1.12312,-0.888214
36.576,0.0122718,-0.00920388,-1.16421,-0.799392
36.578,0.0122718,-0.0122718,-1.04779,-0.872851
36.58,0.00613592,-0.0153398,-1.2498,-0.938964
36.582,0.00306796,-0.0184078,-1.27822,-0.998466
36.584,0.00306796,-0.0184078,-1.1504,-0.898619
36.586,-0,-0.0214757,-1.18876,-0.962155
36.588,-0.00306796,-0.0245437,-1.22328,-1.01934
36.59,-0.00613592,-0.0245437,-1.25435,-0.917404
36.592,-0.00613592,-0.0276117,-1.12892,-0.979062
36.594,-0.00920388,-0.0276117,-1.16942,-0.881156
36.596,-0.00920388,-0.0306796,-1.05248,-0.946438
36.598,-0.0122718,-0.0306796,-1.10063,-0.851794
36.6,-0.0122718,-0.0306796,-0.990567,-0.766615
36.602,-0.0122718,-0.0306796,-0.89151,-0.689953
36.604,-0.0153398,-0.0306796,-0.955757,-0.620958
36.606,-0.0184078,-0.0306796,-1.01358,-0.558862
36.608,-0.0184078,-0.0337476,-0.912222,-0.656374
36.61,-0.0184078,-0.0337476,-0.821,-0.590737
36.612,-0.0214757,-0.0368155,-0.892298,-0.685061
36.614,-0.0214757,-0.0368155,-0.803068,-0.616555
36.616,-0.0245437,-0.0368155,-0.876159,-0.5549
36.618,-0.0245437,-0.0368155,-0.788543,-0.49941
36.62,-0.0245437,-0.0398835,-0.709689,-0.602867
36.622,-0.0245437,-0.0398835,-0.63872,-0.54258
36.624,-0.0245437,-0.0368155,-0.574848,-0.334924
36.626,-0.0245437,-0.0368155,-0.517363,-0.301432
36.628,-0.0245437,-0.0368155,-0.465627,-0.271288
36.63,-0.0245437,-0.0368155,-0.419064,-0.24416
36.632,-0.0245437,-0.0368155,-0.377158,-0.219744
36.634,-0.0245437,-0.0337476,-0.339442,-0.0443712
36.636,-0.0245437,-0.0337476,-0.305498,-0.039934
36.638,-0.0214757,-0.0337476,-0.12155,-0.0359406
36.64,-0.0214757,-0.0306796,-0.109395,0.121052
36.642,-0.0214757,-0.0306796,-0.0984555,0.108946
36.644,-0.0214757,-0.0276117,-0.0886099,0.25145
36.646,-0.0184078,-0.0276117,0.0736492,0.226305
36.648,-0.0184078,-0.0245437,0.0662842,0.357072
36.65,-0.0184078,-0.0245437,0.0596558,0.321365
36.652,-0.0184078,-0.0245437,0.0536902,0.289229
36.654,-0.0153398,-0.0245437,0.201719,0.260306
36.656,-0.0153398,-0.0214757,0.181547,0.387673
36.658,-0.0153398,-0.0214757,0.163393,0.348906
36.66,-0.0153398,-0.0214757,0.147053,0.314015
36.662,-0.0153398,-0.0214757,0.132348,0.282614
36.664,-0.0122718,-0.0214757,0.272511,0.254352
36.666,-0.0122718,-0.0184078,0.24526,0.382315
36.668,-0.0122718,-0.0184078,0.220734,0.344084
36.67,-0.00920388,-0.0153398,0.352059,0.463073
36.672,-0.00920388,-0.0122718,0.316853,0.570164
36.674,-0.00613592,-0.0122718,0.438566,0.513148
36.676,-0.00613592,-0.00920388,0.394709,0.615231
36.678,-0.00306796,-0.00613592,0.508636,0.707106
36.68,-0,-0.00613592,0.611171,0.636395
36.682,0.00306796,-0.00306796,0.703452,0.726154
36.684,0.00306796,0,0.633107,0.806937
36.686,0.00613592,0.00306796,0.723194,0.879641
36.688,0.00920388,0.00613592,0.804273,0.945075
36.69,0.0122718,0.00920388,0.877243,1.00397
36.692,0.0122718,0.0122718,0.789519,1.05697
36.694,0.0153398,0.0122718,0.863965,0.95127
36.696,0.0153398,0.0153398,0.777569,1.00954
36.698,0.0184078,0.0153398,0.85321,0.908587
36.7,0.0184078,0.0184078,0.767889,0.971127
36.702,0.0184078,0.0184078,0.6911,0.874014
36.704,0.0214757,0.0184078,0.775388,0.786613
36.706,0.0214757,0.0214757,0.697849,0.861349
36.708,0.0214757,0.0214757,0.628064,0.775214
36.71,0.0214757,0.0214757,0.565258,0.697693
36.712,0.0214757,0.0214757,0.508732,0.627924
36.714,0.0214757,0.0214757,0.457859,0.565131
36.716,0.0214757,0.0214757,0.412073,0.508618
36.718,0.0214757,0.0214757,0.370866,0.457756
36.72,0.0184078,0.0214757,0.180381,0.411981
36.722,0.0184078,0.0214757,0.162343,0.370783
36.724,0.0184078,0.0214757,0.146109,0.333704
36.726,0.0153398,0.0214757,-0.0219003,0.300334
36.728,0.0153398,0.0184078,-0.0197102,0.116902
36.73,0.0153398,0.0184078,-0.0177392,0.105212
36.732,0.0153398,0.0153398,-0.0159653,-0.0587071
36.734,0.0122718,0.0153398,-0.167767,-0.0528364
36.736,0.0122718,0.0153398,-0.15099,-0.0475527
36.738,0.0122718,0.0153398,-0.135891,-0.0427974
36.74,0.0122718,0.0153398,-0.122302,-0.0385177
36.742,0.0122718,0.0153398,-0.110072,-0.0346659
36.744,0.00920388,0.0153398,-0.252463,-0.0311993
36.746,0.00920388,0.0122718,-0.227216,-0.181477
36.748,0.00613592,0.0122718,-0.357893,-0.16333
36.75,0.00613592,0.0122718,-0.322104,-0.146997
36.752,0.00613592,0.0122718,-0.289893,-0.132297
36.754,0.00306796,0.00920388,-0.414302,-0.272465
36.756,-0,0.00920388,-0.52627,-0.245219
36.758,-0,0.00613592,-0.473643,-0.374095
36.76,-0,0.00613592,-0.426279,-0.336686
36.762,-0.00306796,0.00306796,-0.537049,-0.456415
36.764,-0.00613592,0.00306796,-0.636742,-0.410774
36.766,-0.00613592,0,-0.573068,-0.523094
36.768,-0.00920388,0,-0.669159,-0.470785
36.77,-0.00920388,-0.00306796,-0.602243,-0.577104
36.772,-0.0122718,-0.00306796,-0.695417,-0.519394
36.774,-0.0122718,-0.00306796,-0.625875,-0.467455
36.776,-0.0122718,-0.00306796,-0.563288,-0.420709
36.778,-0.0122718,-0.00306796,-0.506959,-0.378638
36.78,-0.0122718,-0.00306796,-0.456263,-0.340774
36.782,-0.0153398,-0.00306796,-0.564035,-0.306697
36.784,-0.0153398,-0.00306796,-0.507631,-0.276027
36.786,-0.0153398,-0.00306796,-0.456868,-0.248425
36.788,-0.0153398,0,-0.411181,-0.070184
36.79,-0.0153398,0,-0.370063,-0.0631656
36.792,-0.0153398,0,-0.333057,-0.0568491
36.794,-0.0153398,0,-0.299751,-0.0511641
36.796,-0.0153398,0,-0.269776,-0.0460477
36.798,-0.0153398,0,-0.242799,-0.041443
36.8,-0.0153398,0,-0.218519,-0.0372987
36.802,-0.0153398,0,-0.196667,-0.0335688
36.804,-0.0153398,0,-0.177,-0.0302119
36.806,-0.0184078,0,-0.312698,-0.0271907
36.808,-0.0184078,0,-0.281428,-0.0244717
36.81,-0.0184078,0,-0.253286,-0.0220245
36.812,-0.0184078,0,-0.227957,-0.019822
36.814,-0.0214757,0,-0.358559,-0.0178398
36.816,-0.0214757,0,-0.322703,-0.0160559
36.818,-0.0214757,0,-0.290433,-0.0144503
36.82,-0.0245437,-0.00306796,-0.414788,-0.166403
36.822,-0.0245437,-0.00306796,-0.373309,-0.149763
36.824,-0.0245437,-0.00306796,-0.335978,-0.134787
36.826,-0.0276117,-0.00613592,-0.455778,-0.274706
36.828,-0.0276117,-0.00613592,-0.410201,-0.247235
36.83,-0.0306796,-0.00613592,-0.522579,-0.222512
36.832,-0.0306796,-0.00920388,-0.470321,-0.353659
36.834,-0.0306796,-0.00920388,-0.423289,-0.318293
36.836,-0.0337476,-0.00920388,-0.534358,-0.286464
36.838,-0.0337476,-0.00920388,-0.480922,-0.257817
36.84,-0.0337476,-0.00920388,-0.43283,-0.232036
36.842,-0.0337476,-0.00920388,-0.389547,-0.208832
36.844,-0.0368155,-0.00920388,-0.50399,-0.187949
36.846,-0.0368155,-0.00920388,-0.453591,-0.169154
36.848,-0.0398835,-0.0122718,-0.56163,-0.305637
36.85,-0.0398835,-0.0122718,-0.505467,-0.275073
36.852,-0.0429515,-0.0122718,-0.608319,-0.247566
36.854,-0.0460194,-0.0153398,-0.700885,-0.376207
36.856,-0.0460194,-0.0184078,-0.630796,-0.491985
36.858,-0.0490874,-0.0184078,-0.721115,-0.442786
36.86,-0.0490874,-0.0214757,-0.649003,-0.551906
36.862,-0.0521553,-0.0245437,-0.737501,-0.650113
36.864,-0.0521553,-0.0245437,-0.663751,-0.585102
36.866,-0.0552233,-0.0245437,-0.750774,-0.526592
36.868,-0.0552233,-0.0245437,-0.675697,-0.473932
36.87,-0.0582913,-0.0245437,-0.761525,-0.426539
36.872,-0.0582913,-0.0276117,-0.685372,-0.537283
36.874,-0.0582913,-0.0276117,-0.616835,-0.483555
36.876,-0.0613592,-0.0276117,-0.70855,-0.4352
36.878,-0.0613592,-0.0276117,-0.637695,-0.39168
36.88,-0.0613592,-0.0306796,-0.573925,-0.50591
36.882,-0.0644272,-0.0306796,-0.669931,-0.455319
36.884,-0.0644272,-0.0306796,-0.602938,-0.409787
36.886,-0.0674952,-0.0337476,-0.696042,-0.522206
36.888,-0.0674952,-0.0337476,-0.626438,-0.469986
36.89,-0.0674952,-0.0337476,-0.563794,-0.422987
36.892,-0.0674952,-0.0368155,-0.507415,-0.534086
36.894,-0.0705631,-0.0368155,-0.610071,-0.480678
36.896,-0.0705631,-0.0337476,-0.549064,-0.279212
36.898,-0.0705631,-0.0337476,-0.494158,-0.251291
36.9,-0.0674952,-0.0337476,-0.291344,-0.226162
36.902,-0.0674952,-0.0337476,-0.262209,-0.203545
36.904,-0.0674952,-0.0306796,-0.235989,-0.0297929
36.906,-0.0644272,-0.0306796,-0.0589916,-0.0268136
36.908,-0.0644272,-0.0276117,-0.0530925,0.129266
36.91,-0.0644272,-0.0276117,-0.0477832,0.116339
36.912,-0.0613592,-0.0245437,0.110393,0.258103
36.914,-0.0613592,-0.0245437,0.0993539,0.232293
36.916,-0.0613592,-0.0245437,0.0894185,0.209064
36.918,-0.0613592,-0.0245437,0.0804766,0.188157
36.92,-0.0613592,-0.0245437,0.072429,0.169342
36.922,-0.0613592,-0.0245437,0.0651861,0.152407
36.924,-0.0613592,-0.0245437,0.0586675,0.137167
36.926,-0.0613592,-0.0245437,0.0528007,0.12345
36.928,-0.0613592,-0.0245437,0.0475206,0.111105
36.93,-0.0613592,-0.0245437,0.0427686,0.0999946
36.932,-0.0582913,-0.0245437,0.19189,0.0899951
36.934,-0.0582913,-0.0214757,0.172701,0.234394
36.936,-0.0582913,-0.0214757,0.155431,0.210954
36.938,-0.0582913,-0.0214757,0.139888,0.189859
36.94,-0.0582913,-0.0214757,0.125899,0.170873
36.942,-0.0582913,-0.0184078,0.113309,0.307184
36.944,-0.0582913,-0.0184078,0.101978,0.276465
36.946,-0.0582913,-0.0184078,0.0917803,0.248819
36.948,-0.0582913,-0.0184078,0.0826023,0.223937
36.95,-0.0552233,-0.0184078,0.22774,0.201543
36.952,-0.0582913,-0.0184078,0.051568,0.181389
36.954,-0.0552233,-0.0184078,0.199809,0.16325
36.956,-0.0552233,-0.0184078,0.179828,0.146925
36.958,-0.0552233,-0.0184078,0.161846,0.132233
36.96,-0.0552233,-0.0184078,0.145661,0.119009
36.962,-0.0521553,-0.0184078,0.284493,0.107108
36.964,-0.0521553,-0.0153398,0.256044,0.249796
36.966,-0.0490874,-0.0122718,0.383837,0.378214
36.968,-0.0460194,-0.0122718,0.498852,0.340393
36.97,-0.0460194,-0.00920388,0.448967,0.459752
36.972,-0.0429515,-0.00613592,0.557468,0.567174
36.974,-0.0429515,-0.00613592,0.501721,0.510457
36.976,-0.0398835,-0.00306796,0.604947,0.612809
36.978,-0.0368155,0,0.697851,0.704927
36.98,-0.0368155,0,0.628065,0.634434
36.982,-0.0337476,0.00306796,0.718657,0.724389
36.984,-0.0306796,0.00613592,0.800189,0.805348
36.986,-0.0306796,0.00613592,0.72017,0.724813
36.988,-0.0276117,0.00920388,0.801551,0.80573
36.99,-0.0276117,0.00920388,0.721396,0.725157
36.992,-0.0276117,0.00920388,0.649257,0.652641
36.994,-0.0245437,0.0122718,0.737729,0.740775
36.996,-0.0245437,0.0122718,0.663956,0.666698
36.998,-0.0214757,0.0153398,0.750959,0.753426
37,-0.0214757,0.0153398,0.675863,0.678083
37.002,-0.0214757,0.0184078,0.608277,0.763673
37.004,-0.0214757,0.0184078,0.547449,0.687306
37.006,-0.0214757,0.0184078,0.492704,0.618575
37.008,-0.0184078,0.0184078,0.596832,0.556718
37.01,-0.0184078,0.0184078,0.537148,0.501046
37.012,-0.0184078,0.0184078,0.483434,0.450941
37.014,-0.0184078,0.0184078,0.43509,0.405847
37.016,-0.0184078,0.0184078,0.391581,0.365262
37.018,-0.0184078,0.0184078,0.352423,0.328736
37.02,-0.0184078,0.0184078,0.317181,0.295863
37.022,-0.0184078,0.0184078,0.285463,0.266276
37.024,-0.0184078,0.0184078,0.256916,0.239649
37.026,-0.0184078,0.0184078,0.231225,0.215684
37.028,-0.0184078,0.0184078,0.208102,0.194115
37.03,-0.0184078,0.0184078,0.187292,0.174704
37.032,-0.0184078,0.0184078,0.168563,0.157234
37.034,-0.0184078,0.0184078,0.151707,0.14151
37.036,-0.0184078,0.0214757,0.136536,0.280757
37.038,-0.0184078,0.0214757,0.122882,0.252682
37.04,-0.0184078,0.0214757,0.110594,0.227413
37.042,-0.0184078,0.0214757,0.0995347,0.204672
37.044,-0.0184078,0.0214757,0.0895812,0.184205
37.046,-0.0184078,0.0214757,0.0806231,0.165784
37.048,-0.0184078,0.0214757,0.0725608,0.149206
37.05,-0.0214757,0.0184078,-0.0880934,-0.0191128
37.052,-0.0214757,0.0184078,-0.079284,-0.0172015
37.054,-0.0214757,0.0184078,-0.0713556,-0.0154813
37.056,-0.0214757,0.0153398,-0.0642201,-0.167331
37.058,-0.0245437,0.0153398,-0.211196,-0.150598
37.06,-0.0245437,0.0153398,-0.190077,-0.135538
37.062,-0.0276117,0.0122718,-0.324467,-0.275383
37.064,-0.0306796,0.0122718,-0.445418,-0.247844
37.066,-0.0306796,0.00920388,-0.400876,-0.376458
37.068,-0.0306796,0.00920388,-0.360789,-0.338812
37.07,-0.0337476,0.00613592,-0.478108,-0.458329
37.072,-0.0337476,0.00613592,-0.430297,-0.412496
37.074,-0.0337476,0.00613592,-0.387268,-0.371247
37.076,-0.0337476,0.00613592,-0.348541,-0.334122
37.078,-0.0337476,0.00613592,-0.313687,-0.30071
37.08,-0.0337476,0.00613592,-0.282318,-0.270639
37.082,-0.0337476,0.00613592,-0.254086,-0.243575
37.084,-0.0337476,0.00920388,-0.228678,-0.0658193
37.086,-0.0337476,0.00920388,-0.20581,-0.0592374
37.088,-0.0337476,0.00920388,-0.185229,-0.0533136
37.09,-0.0337476,0.0122718,-0.166706,0.105416
37.092,-0.0337476,0.0122718,-0.150035,0.0948742
37.094,-0.0306796,0.0122718,0.0183662,0.0853868
37.096,-0.0306796,0.0122718,0.0165296,0.0768481
37.098,-0.0306796,0.0122718,0.0148767,0.0691633
37.1,-0.0306796,0.0153398,0.013389,0.215645
37.102,-0.0306796,0.0153398,0.0120501,0.194081
37.104,-0.0306796,0.0153398,0.0108451,0.174673
37.106,-0.0276117,0.0184078,0.163159,0.310603
37.108,-0.0276117,0.0184078,0.146843,0.279543
37.11,-0.0276117,0.0184078,0.132159,0.251589
37.112,-0.0276117,0.0184078,0.118943,0.22643
37.114,-0.0276117,0.0214757,0.107048,0.357185
37.116,-0.0276117,0.0214757,0.0963436,0.321466
37.118,-0.0276117,0.0214757,0.0867092,0.28932
37.12,-0.0276117,0.0214757,0.0780383,0.260388
37.122,-0.0276117,0.0214757,0.0702345,0.234349
37.124,-0.0276117,0.0245437,0.063211,0.364312
37.126,-0.0276117,0.0245437,0.0568899,0.327881
37.128,-0.0306796,0.0245437,-0.102197,0.295093
37.13,-0.0306796,0.0245437,-0.0919774,0.265584
37.132,-0.0306796,0.0245437,-0.0827797,0.239025
37.134,-0.0306796,0.0245437,-0.0745017,0.215123
37.136,-0.0337476,0.0214757,-0.22045,0.0402124
37.138,-0.0337476,0.0214757,-0.198405,0.0361911
37.14,-0.0337476,0.0214757,-0.178564,0.032572
37.142,-0.0337476,0.0214757,-0.160708,0.0293148
37.144,-0.0368155,0.0214757,-0.298035,0.0263833
37.146,-0.0368155,0.0214757,-0.268232,0.023745
37.148,-0.0368155,0.0214757,-0.241408,0.0213705
37.15,-0.0368155,0.0184078,-0.217268,-0.134165
37.152,-0.0398835,0.0184078,-0.348939,-0.120748
37.154,-0.0398835,0.0184078,-0.314045,-0.108673
37.156,-0.0398835,0.0184078,-0.282641,-0.097806
37.158,-0.0398835,0.0184078,-0.254376,-0.0880254
37.16,-0.0398835,0.0184078,-0.228939,-0.0792229
37.162,-0.0398835,0.0214757,-0.206045,0.0820975
37.164,-0.0398835,0.0214757,-0.18544,0.0738877
37.166,-0.0398835,0.0214757,-0.166896,0.066499
37.168,-0.0398835,0.0214757,-0.150207,0.0598491
37.17,-0.0398835,0.0245437,-0.135186,0.207262
37.172,-0.0398835,0.0245437,-0.121667,0.186536
37.174,-0.0398835,0.0245437,-0.109501,0.167882
37.176,-0.0398835,0.0276117,-0.0985507,0.304492
37.178,-0.0398835,0.0276117,-0.0886956,0.274043
37.18,-0.0398835,0.0276117,-0.079826,0.246639
37.182,-0.0398835,0.0276117,-0.0718434,0.221975
37.184,-0.0398835,0.0306796,-0.0646591,0.353175
37.186,-0.0429515,0.0306796,-0.211591,0.317858
37.188,-0.0429515,0.0306796,-0.190432,0.286072
37.19,-0.0429515,0.0306796,-0.171389,0.257465
37.192,-0.0429515,0.0306796,-0.15425,0.231718
37.194,-0.0460194,0.0306796,-0.292223,0.208547
37.196,-0.0460194,0.0306796,-0.263001,0.187692
37.198,-0.0490874,0.0306796,-0.390099,0.168923
37.2,-0.0490874,0.0306796,-0.351089,0.15203
37.202,-0.0521553,0.0306796,-0.469378,0.136827
37.204,-0.0552233,0.0276117,-0.575838,-0.0302534
37.206,-0.0552233,0.0276117,-0.518255,-0.0272281
37.208,-0.0582913,0.0245437,-0.619827,-0.177903
37.21,-0.0613592,0.0214757,-0.711243,-0.313511
37.212,-0.0644272,0.0184078,-0.793516,-0.435558
37.214,-0.0674952,0.0184078,-0.867563,-0.392002
37.216,-0.0705631,0.0153398,-0.934205,-0.5062
37.218,-0.076699,0.0122718,-1.14758,-0.608978
37.22,-0.079767,0.00920388,-1.18622,-0.701478
37.222,-0.082835,0.00613592,-1.221,-0.784729
37.224,-0.0859029,0.00306796,-1.25229,-0.859654
37.226,-0.0889709,0,-1.28046,-0.927087
37.228,-0.0920388,0,-1.30582,-0.834378
37.23,-0.0951068,-0.00306796,-1.32863,-0.904338
37.232,-0.0981748,-0.00613592,-1.34917,-0.967302
37.234,-0.101243,-0.00613592,-1.36765,-0.870572
37.236,-0.104311,-0.00920388,-1.38428,-0.936913
37.238,-0.107379,-0.0122718,-1.39925,-0.99662
37.24,-0.110447,-0.0122718,-1.41272,-0.896958
37.242,-0.113515,-0.0153398,-1.42485,-0.96066
37.244,-0.113515,-0.0153398,-1.28236,-0.864594
37.246,-0.119651,-0.0184078,-1.46092,-0.931533
37.248,-0.119651,-0.0184078,-1.31483,-0.83838
37.25,-0.122718,-0.0214757,-1.33675,-0.90794
37.252,-0.125786,-0.0214757,-1.35647,-0.817146
37.254,-0.128854,-0.0245437,-1.37422,-0.888829
37.256,-0.131922,-0.0245437,-1.3902,-0.799946
37.258,-0.131922,-0.0276117,-1.25118,-0.87335
37.26,-0.13499,-0.0276117,-1.27946,-0.786015
37.262,-0.13499,-0.0306796,-1.15151,-0.860811
37.264,-0.138058,-0.0306796,-1.18976,-0.77473
37.266,-0.138058,-0.0306796,-1.07078,-0.697257
37.268,-0.141126,-0.0306796,-1.1171,-0.627531
37.27,-0.141126,-0.0306796,-1.00539,-0.564778
37.272,-0.141126,-0.0276117,-0.904853,-0.354902
37.274,-0.141126,-0.0276117,-0.814368,-0.319412
37.276,-0.144194,-0.0276117,-0.886329,-0.287471
37.278,-0.144194,-0.0276117,-0.797696,-0.258724
37.28,-0.144194,-0.0276117,-0.717927,-0.232851
37.282,-0.144194,-0.0276117,-0.646134,-0.209566
37.284,-0.144194,-0.0245437,-0.581521,-0.0352116
37.286,-0.144194,-0.0245437,-0.523369,-0.0316905
37.288,-0.144194,-0.0245437,-0.471032,-0.0285214
37.29,-0.144194,-0.0245437,-0.423929,-0.0256693
37.292,-0.144194,-0.0245437,-0.381536,-0.0231023
37.294,-0.144194,-0.0245437,-0.343382,-0.0207921
37.296,-0.144194,-0.0214757,-0.309044,0.134685
37.298,-0.144194,-0.0214757,-0.27814,0.121217
37.3,-0.144194,-0.0214757,-0.250326,0.109095
37.302,-0.144194,-0.0184078,-0.225293,0.251584
37.304,-0.144194,-0.0184078,-0.202764,0.226425
37.306,-0.144194,-0.0184078,-0.182487,0.203783
37.308,-0.144194,-0.0153398,-0.164239,0.336803
37.31,-0.144194,-0.0153398,-0.147815,0.303122
37.312,-0.144194,-0.0153398,-0.133033,0.27281
37.314,-0.144194,-0.0153398,-0.11973,0.245529
37.316,-0.144194,-0.0122718,-0.107757,0.374374
37.318,-0.144194,-0.0122718,-0.0969813,0.336937
37.32,-0.147262,-0.0122718,-0.240681,0.303243
37.322,-0.147262,-0.0122718,-0.216613,0.272919
37.324,-0.147262,-0.0153398,-0.194952,0.0922288
37.326,-0.15033,-0.0153398,-0.328855,0.083006
37.328,-0.15033,-0.0153398,-0.295969,0.0747054
37.33,-0.153398,-0.0153398,-0.41977,0.0672348
37.332,-0.153398,-0.0184078,-0.377793,-0.0928867
37.334,-0.156466,-0.0184078,-0.493412,-0.0835981
37.336,-0.156466,-0.0184078,-0.444071,-0.0752383
37.338,-0.159534,-0.0184078,-0.553062,-0.0677144
37.34,-0.159534,-0.0214757,-0.497756,-0.214341
37.342,-0.159534,-0.0214757,-0.44798,-0.192907
37.344,-0.162602,-0.0214757,-0.55658,-0.173616
37.346,-0.162602,-0.0214757,-0.500922,-0.156255
37.348,-0.16567,-0.0214757,-0.604228,-0.140629
37.35,-0.16567,-0.0245437,-0.543805,-0.279964
37.352,-0.168738,-0.0245437,-0.642823,-0.251968
37.354,-0.168738,-0.0245437,-0.57854,-0.226771
37.356,-0.168738,-0.0245437,-0.520686,-0.204094
37.358,-0.171806,-0.0276117,-0.622016,-0.337083
37.36,-0.171806,-0.0276117,-0.559814,-0.303374
37.362,-0.174874,-0.0306796,-0.657231,-0.426435
37.364,-0.174874,-0.0306796,-0.591508,-0.383792
37.366,-0.177942,-0.0306796,-0.685755,-0.345412
37.368,-0.18101,-0.0337476,-0.770578,-0.464269
37.37,-0.18101,-0.0337476,-0.69352,-0.417842
37.372,-0.18101,-0.0368155,-0.624168,-0.529456
37.374,-0.184078,-0.0368155,-0.715149,-0.476511
37.376,-0.184078,-0.0398835,-0.643634,-0.582258
37.378,-0.184078,-0.0398835,-0.579271,-0.524032
37.38,-0.187146,-0.0398835,-0.674742,-0.471629
37.382,-0.187146,-0.0398835,-0.607268,-0.424466
37.384,-0.187146,-0.0368155,-0.546541,-0.228621
37.386,-0.187146,-0.0368155,-0.491887,-0.205759
37.388,-0.187146,-0.0368155,-0.442698,-0.185183
37.39,-0.187146,-0.0368155,-0.398428,-0.166665
37.392,-0.187146,-0.0368155,-0.358585,-0.149998
37.394,-0.187146,-0.0368155,-0.322727,-0.134998
37.396,-0.190214,-0.0368155,-0.443852,-0.121499
37.398,-0.190214,-0.0368155,-0.399467,-0.109349
37.4,-0.190214,-0.0368155,-0.35952,-0.0984139
37.402,-0.190214,-0.0368155,-0.323568,-0.0885725
37.404,-0.190214,-0.0398835,-0.291212,-0.233113
37.406,-0.190214,-0.0398835,-0.26209,-0.209802
37.408,-0.190214,-0.0398835,-0.235881,-0.188822
37.41,-0.190214,-0.0398835,-0.212293,-0.16994
37.412,-0.190214,-0.0398835,-0.191064,-0.152946
37.414,-0.190214,-0.0368155,-0.171957,0.015747
37.416,-0.190214,-0.0368155,-0.154762,0.0141723
37.418,-0.190214,-0.0368155,-0.139286,0.0127551
37.42,-0.190214,-0.0368155,-0.125357,0.0114796
37.422,-0.187146,-0.0368155,0.0405768,0.0103316
37.424,-0.187146,-0.0368155,0.0365191,0.00929844
37.426,-0.187146,-0.0337476,0.0328672,0.161767
37.428,-0.184078,-0.0306796,0.182979,0.298988
37.43,-0.184078,-0.0306796,0.164681,0.269089
37.432,-0.184078,-0.0306796,0.148213,0.24218
37.434,-0.18101,-0.0276117,0.286789,0.37136
37.436,-0.18101,-0.0276117,0.25811,0.334224
37.438,-0.18101,-0.0276117,0.232299,0.300802
37.44,-0.18101,-0.0276117,0.20907,0.270722
37.442,-0.18101,-0.0276117,0.188163,0.24365
37.444,-0.18101,-0.0276117,0.169346,0.219285
37.446,-0.177942,-0.0276117,0.30581,0.197356
37.448,-0.177942,-0.0245437,0.275229,0.331019
37.45,-0.177942,-0.0245437,0.247706,0.297917
37.452,-0.174874,-0.0245437,0.376333,0.268125
37.454,-0.174874,-0.0214757,0.3387,0.394711
37.456,-0.171806,-0.0214757,0.458228,0.35524
37.458,-0.171806,-0.0184078,0.412405,0.473114
37.46,-0.168738,-0.0153398,0.524563,0.5792
37.462,-0.168738,-0.0153398,0.472107,0.52128
37.464,-0.16567,-0.0122718,0.578294,0.62255
37.466,-0.162602,-0.0122718,0.673863,0.560295
37.468,-0.159534,-0.00920388,0.759874,0.657664
37.47,-0.159534,-0.00613592,0.683887,0.745296
37.472,-0.156466,-0.00613592,0.768896,0.670766
37.474,-0.156466,-0.00306796,0.692007,0.757088
37.476,-0.153398,0,0.776204,0.834777
37.478,-0.153398,0,0.698584,0.751299
37.48,-0.15033,0.00306796,0.782123,0.829567
37.482,-0.147262,0.00306796,0.857309,0.746611
37.484,-0.147262,0.00306796,0.771578,0.67195
37.486,-0.147262,0.00613592,0.69442,0.758153
37.488,-0.144194,0.00613592,0.778376,0.682337
37.49,-0.144194,0.00613592,0.700539,0.614104
37.492,-0.144194,0.00613592,0.630485,0.552693
37.494,-0.144194,0.00613592,0.567436,0.497424
37.496,-0.144194,0.00613592,0.510693,0.447682
37.498,-0.141126,0.00920388,0.613022,0.556311
37.5,-0.141126,0.00920388,0.551719,0.50068
37.502,-0.141126,0.00920388,0.496548,0.450612
37.504,-0.141126,0.00920388,0.446893,0.405551
37.506,-0.141126,0.0122718,0.402203,0.518394
37.508,-0.141126,0.0122718,0.361983,0.466555
37.51,-0.141126,0.00920388,0.325785,0.266501
37.512,-0.141126,0.00920388,0.293206,0.239851
37.514,-0.141126,0.00920388,0.263886,0.215866
37.516,-0.141126,0.00920388,0.237497,0.194279
37.518,-0.141126,0.00613592,0.213747,0.0214533
37.52,-0.141126,0.00613592,0.192373,0.019308
37.522,-0.141126,0.00613592,0.173135,0.0173772
37.524,-0.141126,0.00613592,0.155822,0.0156394
37.526,-0.141126,0.00613592,0.14024,0.0140755
37.528,-0.141126,0.00613592,0.126216,0.012668
37.53,-0.141126,0.00613592,0.113594,0.0114012
37.532,-0.138058,0.00613592,0.255633,0.010261
37.534,-0.138058,0.00920388,0.23007,0.162633
37.536,-0.138058,0.00920388,0.207063,0.14637
37.538,-0.13499,0.00920388,0.339754,0.131733
37.54,-0.13499,0.0122718,0.305779,0.271958
37.542,-0.13499,0.0122718,0.275201,0.244762
37.544,-0.131922,0.0153398,0.401079,0.373684
37.546,-0.131922,0.0153398,0.360971,0.336315
37.548,-0.131922,0.0184078,0.324874,0.456082
37.55,-0.128854,0.0184078,0.445785,0.410474
37.552,-0.128854,0.0214757,0.401206,0.522824
37.554,-0.125786,0.0214757,0.514484,0.470542
37.556,-0.125786,0.0214757,0.463035,0.423488
37.558,-0.125786,0.0214757,0.416732,0.381139
37.56,-0.125786,0.0245437,0.375059,0.496423
37.562,-0.125786,0.0245437,0.337553,0.446781
37.564,-0.122718,0.0245437,0.457196,0.402103
37.566,-0.125786,0.0245437,0.258078,0.361892
37.568,-0.122718,0.0245437,0.385668,0.325703
37.57,-0.122718,0.0245437,0.347101,0.293133
37.572,-0.122718,0.0245437,0.312391,0.26382
37.574,-0.122718,0.0245437,0.281152,0.237438
37.576,-0.122718,0.0245437,0.253037,0.213694
37.578,-0.125786,0.0245437,0.0743351,0.192325
37.58,-0.125786,0.0245437,0.0669016,0.173092
37.582,-0.125786,0.0245437,0.0602115,0.155783
37.584,-0.125786,0.0214757,0.0541903,-0.0131935
37.586,-0.128854,0.0214757,-0.104627,-0.0118742
37.588,-0.128854,0.0214757,-0.0941641,-0.0106867
37.59,-0.131922,0.0184078,-0.238146,-0.163016
37.592,-0.131922,0.0153398,-0.214331,-0.300113
37.594,-0.13499,0.0153398,-0.346296,-0.270101
37.596,-0.13499,0.0122718,-0.311667,-0.396489
37.598,-0.138058,0.0122718,-0.433898,-0.35684
37.6,-0.141126,0.00920388,-0.543906,-0.474554
37.602,-0.144194,0.00920388,-0.642914,-0.427099
37.604,-0.144194,0.00613592,-0.578622,-0.537787
37.606,-0.144194,0.00306796,-0.52076,-0.637407
37.608,-0.147262,0.00306796,-0.622082,-0.573666
37.61,-0.15033,0,-0.713272,-0.669697
37.612,-0.15033,0,-0.641945,-0.602728
37.614,-0.153398,-0.00306796,-0.731148,-0.695853
37.616,-0.153398,-0.00306796,-0.658034,-0.626268
37.618,-0.156466,-0.00613592,-0.745628,-0.717039
37.62,-0.156466,-0.00613592,-0.671065,-0.645335
37.622,-0.156466,-0.00613592,-0.603959,-0.580802
37.624,-0.156466,-0.00613592,-0.543563,-0.522721
37.626,-0.156466,-0.00613592,-0.489207,-0.470449
37.628,-0.159534,-0.00613592,-0.593684,-0.423404
37.63,-0.159534,-0.00613592,-0.534316,-0.381064
37.632,-0.159534,-0.00613592,-0.480884,-0.342958
37.634,-0.159534,-0.00613592,-0.432796,-0.308662
37.636,-0.159534,-0.00613592,-0.389516,-0.277796
37.638,-0.159534,-0.00613592,-0.350565,-0.250016
37.64,-0.159534,-0.00613592,-0.315508,-0.225014
37.642,-0.162602,-0.00613592,-0.437355,-0.202513
37.644,-0.162602,-0.00920388,-0.39362,-0.33566
37.646,-0.162602,-0.00920388,-0.354258,-0.302094
37.648,-0.16567,-0.00920388,-0.47223,-0.271884
37.65,-0.16567,-0.00920388,-0.425007,-0.244696
37.652,-0.16567,-0.0122718,-0.382506,-0.373624
37.654,-0.16567,-0.0122718,-0.344256,-0.336262
37.656,-0.168738,-0.0122718,-0.463228,-0.302636
37.658,-0.168738,-0.0122718,-0.416905,-0.272372
37.66,-0.168738,-0.0122718,-0.375215,-0.245135
37.662,-0.168738,-0.0122718,-0.337693,-0.220622
37.664,-0.168738,-0.0122718,-0.303924,-0.198559
37.666,-0.168738,-0.0122718,-0.273532,-0.178703
37.668,-0.168738,-0.0122718,-0.246178,-0.160833
37.67,-0.168738,-0.0122718,-0.221561,-0.14475
37.672,-0.168738,-0.0122718,-0.199405,-0.130275
37.674,-0.168738,-0.0122718,-0.179464,-0.117247
37.676,-0.168738,-0.0122718,-0.161518,-0.105523
37.678,-0.168738,-0.0122718,-0.145366,-0.0949703
37.68,-0.171806,-0.0153398,-0.284227,-0.238871
37.682,-0.171806,-0.0153398,-0.255805,-0.214984
37.684,-0.171806,-0.0153398,-0.230224,-0.193486
37.686,-0.174874,-0.0184078,-0.3606,-0.327535
37.688,-0.174874,-0.0184078,-0.32454,-0.294782
37.69,-0.174874,-0.0184078,-0.292086,-0.265304
37.692,-0.174874,-0.0184078,-0.262877,-0.238773
37.694,-0.174874,-0.0184078,-0.23659,-0.214896
37.696,-0.174874,-0.0184078,-0.212931,-0.193406
37.698,-0.174874,-0.0184078,-0.191638,-0.174066
37.7,-0.174874,-0.0153398,-0.172474,-0.00326104
37.702,-0.174874,-0.0153398,-0.155226,-0.00293494
37.704,-0.171806,-0.0153398,0.0136943,-0.00264144
37.706,-0.171806,-0.0153398,0.0123249,-0.0023773
37.708,-0.171806,-0.0153398,0.0110924,-0.00213957
37.71,-0.171806,-0.0153398,0.00998314,-0.00192561
37.712,-0.171806,-0.0122718,0.00898483,0.151665
37.714,-0.168738,-0.0122718,0.161484,0.136499
37.716,-0.168738,-0.0122718,0.145336,0.122849
37.718,-0.168738,-0.00920388,0.130802,0.263962
37.72,-0.168738,-0.00920388,0.117722,0.237566
37.722,-0.168738,-0.00920388,0.10595,0.213809
37.724,-0.168738,-0.00920388,0.0953549,0.192428
37.726,-0.168738,-0.00920388,0.0858194,0.173185
37.728,-0.16567,-0.00920388,0.230636,0.155867
37.73,-0.16567,-0.00920388,0.207572,0.14028
37.732,-0.16567,-0.00613592,0.186815,0.27965
37.734,-0.162602,-0.00306796,0.321531,0.405083
37.736,-0.162602,-0.00306796,0.289378,0.364575
37.738,-0.159534,-0.00306796,0.413839,0.328117
37.74,-0.159534,0,0.372455,0.448704
37.742,-0.159534,0,0.335209,0.403833
37.744,-0.159534,0,0.301688,0.36345
37.746,-0.159534,0,0.271519,0.327105
37.748,-0.159534,0,0.244368,0.294395
37.75,-0.159534,0,0.219931,0.264955
37.752,-0.159534,0,0.197938,0.23846
37.754,-0.159534,0,0.178144,0.214614
37.756,-0.159534,0,0.16033,0.193152
37.758,-0.159534,-0.00306796,0.144297,0.020439
37.76,-0.159534,-0.00306796,0.129867,0.0183951
37.762,-0.162602,-0.00306796,-0.0365179,0.0165556
37.764,-0.162602,-0.00306796,-0.0328661,0.0149
37.766,-0.162602,-0.00306796,-0.0295795,0.01341
37.768,-0.159534,-0.00306796,0.126777,0.012069
37.77,-0.159534,-0.00306796,0.114099,0.0108621
37.772,-0.159534,-0.00306796,0.102689,0.00977589
37.774,-0.159534,0,0.0924201,0.162196
37.776,-0.159534,0,0.0831781,0.145977
37.778,-0.159534,0,0.0748603,0.131379
37.78,-0.156466,0.00306796,0.220772,0.271639
37.782,-0.156466,0.00306796,0.198695,0.244475
37.784,-0.156466,0.00306796,0.178826,0.220028
37.786,-0.156466,0.00306796,0.160943,0.198025
37.788,-0.156466,0.00306796,0.144849,0.178223
37.79,-0.156466,0.00306796,0.130364,0.1604
37.792,-0.153398,0.00306796,0.270726,0.14436
37.794,-0.153398,0.00613592,0.243653,0.283322
37.796,-0.153398,0.00613592,0.219288,0.25499
37.798,-0.153398,0.00613592,0.197359,0.229491
37.8,-0.153398,0.00613592,0.177623,0.206542
37.802,-0.153398,0.00613592,0.159861,0.185888
37.804,-0.15033,0.00920388,0.297273,0.320697
37.806,-0.15033,0.00920388,0.267545,0.288627
37.808,-0.15033,0.00920388,0.240791,0.259765
37.81,-0.15033,0.00920388,0.216712,0.233788
37.812,-0.15033,0.00920388,0.195041,0.210409
37.814,-0.15033,0.00920388,0.175537,0.189368
37.816,-0.147262,0.0122718,0.311381,0.32383
37.818,-0.147262,0.0122718,0.280243,0.291447
37.82,-0.147262,0.0122718,0.252219,0.262302
37.822,-0.147262,0.0153398,0.226997,0.38947
37.824,-0.144194,0.0153398,0.357695,0.350523
37.826,-0.144194,0.0153398,0.321926,0.315471
37.828,-0.144194,0.0184078,0.289733,0.437322
37.83,-0.144194,0.0184078,0.26076,0.393589
37.832,-0.144194,0.0184078,0.234684,0.354231
37.834,-0.141126,0.0184078,0.364613,0.318807
37.836,-0.141126,0.0214757,0.328152,0.440325
37.838,-0.141126,0.0214757,0.295337,0.396292
37.84,-0.138058,0.0214757,0.419201,0.356663
37.842,-0.138058,0.0245437,0.377281,0.474395
37.844,-0.138058,0.0245437,0.339553,0.426955
37.846,-0.13499,0.0245437,0.458996,0.38426
37.848,-0.13499,0.0276117,0.413096,0.499232
37.85,-0.13499,0.0276117,0.371787,0.449309
37.852,-0.13499,0.0276117,0.334608,0.404378
37.854,-0.13499,0.0306796,0.301147,0.517338
37.856,-0.13499,0.0306796,0.271032,0.465604
37.858,-0.13499,0.0306796,0.243929,0.419044
37.86,-0.131922,0.0306796,0.372934,0.37714
37.862,-0.131922,0.0306796,0.335641,0.339426
37.864,-0.131922,0.0337476,0.302077,0.458881
37.866,-0.131922,0.0337476,0.271869,0.412993
37.868,-0.13499,0.0337476,0.0912842,0.371694
37.87,-0.13499,0.0337476,0.0821557,0.334524
37.872,-0.13499,0.0337476,0.0739402,0.301072
37.874,-0.13499,0.0306796,0.0665462,0.117567
37.876,-0.13499,0.0306796,0.0598915,0.10581
37.878,-0.13499,0.0306796,0.0539024,0.095229
37.88,-0.13499,0.0306796,0.0485121,0.0857061
37.882,-0.138058,0.0306796,-0.109737,0.0771355
37.884,-0.138058,0.0337476,-0.0987634,0.22282
37.886,-0.138058,0.0306796,-0.0888871,0.0471399
37.888,-0.138058,0.0306796,-0.0799984,0.0424259
37.89,-0.141126,0.0306796,-0.225397,0.0381833
37.892,-0.141126,0.0306796,-0.202857,0.034365
37.894,-0.141126,0.0306796,-0.182571,0.0309285
37.896,-0.144194,0.0306796,-0.317712,0.0278356
37.898,-0.144194,0.0306796,-0.285941,0.0250521
37.9,-0.144194,0.0276117,-0.257347,-0.130851
37.902,-0.144194,0.0276117,-0.231612,-0.117766
37.904,-0.147262,0.0276117,-0.361849,-0.105989
37.906,-0.147262,0.0276117,-0.325664,-0.0953905
37.908,-0.147262,0.0276117,-0.293098,-0.0858515
37.91,-0.15033,0.0276117,-0.417186,-0.0772663
37.912,-0.15033,0.0276117,-0.375467,-0.0695397
37.914,-0.153398,0.0245437,-0.491319,-0.215984
37.916,-0.153398,0.0245437,-0.442187,-0.194385
37.918,-0.153398,0.0245437,-0.397968,-0.174947
37.92,-0.153398,0.0245437,-0.358171,-0.157452
37.922,-0.153398,0.0245437,-0.322354,-0.141707
37.924,-0.156466,0.0276117,-0.443517,0.0258618
37.926,-0.156466,0.0276117,-0.399165,0.0232756
37.928,-0.156466,0.0276117,-0.359249,0.0209481
37.93,-0.156466,0.0276117,-0.323324,0.0188533
37.932,-0.156466,0.0306796,-0.290991,0.170366
37.934,-0.156466,0.0306796,-0.261892,0.153329
37.936,-0.159534,0.0306796,-0.389101,0.137996
37.938,-0.159534,0.0276117,-0.350191,-0.0292013
37.94,-0.162602,0.0276117,-0.46857,-0.0262811
37.942,-0.16567,0.0276117,-0.575111,-0.023653
37.944,-0.16567,0.0245437,-0.5176,-0.174686
37.946,-0.168738,0.0214757,-0.619238,-0.310615
37.948,-0.171806,0.0214757,-0.710712,-0.279554
37.95,-0.177942,0.0184078,-0.946437,-0.404996
37.952,-0.18101,0.0153398,-1.00519,-0.517895
37.954,-0.184078,0.0122718,-1.05807,-0.619503
37.956,-0.187146,0.00920388,-1.10566,-0.710951
37.958,-0.193282,0.00306796,-1.30189,-0.946652
37.96,-0.19635,0,-1.3251,-1.00539
37.962,-0.199418,-0.00306796,-1.34599,-1.05824
37.964,-0.205553,-0.00613592,-1.51819,-1.10582
37.966,-0.208621,-0.00920388,-1.51977,-1.14863
37.968,-0.211689,-0.0122718,-1.52119,-1.18717
37.97,-0.217825,-0.0153398,-1.67586,-1.22185
37.972,-0.220893,-0.0184078,-1.66168,-1.25306
37.974,-0.223961,-0.0214757,-1.64891,-1.28116
37.976,-0.227029,-0.0245437,-1.63741,-1.30644
37.978,-0.230097,-0.0276117,-1.62707,-1.32919
37.98,-0.230097,-0.0276117,-1.46436,-1.19627
37.982,-0.233165,-0.0276117,-1.47133,-1.07665
37.984,-0.233165,-0.0306796,-1.32419,-1.12238
37.986,-0.236233,-0.0306796,-1.34517,-1.01014
37.988,-0.236233,-0.0306796,-1.21065,-0.909127
37.99,-0.239301,-0.0306796,-1.24299,-0.818214
37.992,-0.239301,-0.0306796,-1.11869,-0.736393
37.994,-0.239301,-0.0306796,-1.00682,-0.662754
37.996,-0.242369,-0.0306796,-1.05954,-0.596478
37.998,-0.242369,-0.0306796,-0.953582,-0.53683
38,-0.242369,-0.0306796,-0.858224,-0.483147
38.002,-0.245437,-0.0306796,-0.9258,-0.434833
38.004,-0.245437,-0.0306796,-0.83322,-0.391349
38.006,-0.248505,-0.0337476,-0.903296,-0.505613
38.008,-0.251573,-0.0337476,-0.966364,-0.455051
38.01,-0.251573,-0.0337476,-0.869728,-0.409546
38.012,-0.254641,-0.0368155,-0.936153,-0.52199
38.014,-0.257709,-0.0368155,-0.995936,-0.469791
38.016,-0.257709,-0.0398835,-0.896342,-0.57621
38.018,-0.260777,-0.0398835,-0.960106,-0.518589
38.02,-0.260777,-0.0429515,-0.864096,-0.620128
38.022,-0.263845,-0.0429515,-0.931084,-0.558115
38.024,-0.266913,-0.0429515,-0.991374,-0.502304
38.026,-0.266913,-0.0460194,-0.892236,-0.605471
38.028,-0.266913,-0.0460194,-0.803013,-0.544924
38.03,-0.266913,-0.0460194,-0.722711,-0.490432
38.032,-0.269981,-0.0460194,-0.803838,-0.441389
38.034,-0.269981,-0.0460194,-0.723455,-0.39725
38.036,-0.269981,-0.0460194,-0.651109,-0.357525
38.038,-0.269981,-0.0460194,-0.585998,-0.321772
38.04,-0.269981,-0.0460194,-0.527398,-0.289595
38.042,-0.269981,-0.0460194,-0.474659,-0.260636
38.044,-0.269981,-0.0460194,-0.427193,-0.234572
38.046,-0.273049,-0.0460194,-0.537871,-0.211115
38.048,-0.273049,-0.0460194,-0.484084,-0.190003
38.05,-0.273049,-0.0460194,-0.435676,-0.171003
38.052,-0.276117,-0.0460194,-0.545506,-0.153903
38.054,-0.276117,-0.0490874,-0.490956,-0.29191
38.056,-0.279185,-0.0490874,-0.595258,-0.262719
38.058,-0.279185,-0.0521553,-0.535732,-0.389846
38.06,-0.279185,-0.0521553,-0.482159,-0.350861
38.062,-0.282252,-0.0552233,-0.587341,-0.469173
38.064,-0.282252,-0.0552233,-0.528607,-0.422256
38.066,-0.282252,-0.0552233,-0.475746,-0.38003
38.068,-0.282252,-0.0552233,-0.428172,-0.342027
38.07,-0.279185,-0.0521553,-0.231957,-0.154426
38.072,-0.279185,-0.0521553,-0.208761,-0.138984
38.074,-0.279185,-0.0490874,-0.187885,0.0283128
38.076,-0.276117,-0.0460194,-0.0156983,0.17888
38.078,-0.273049,-0.0460194,0.13927,0.160992
38.08,-0.273049,-0.0429515,0.125343,0.298291
38.082,-0.269981,-0.0398835,0.266206,0.42186
38.084,-0.266913,-0.0368155,0.392984,0.533072
38.086,-0.266913,-0.0337476,0.353686,0.633163
38.088,-0.263845,-0.0306796,0.471715,0.723244
38.09,-0.260777,-0.0306796,0.577942,0.65092
38.092,-0.257709,-0.0276117,0.673546,0.739226
38.094,-0.257709,-0.0245437,0.606191,0.818702
38.096,-0.254641,-0.0245437,0.69897,0.736831
38.098,-0.254641,-0.0214757,0.629073,0.816546
38.1,-0.251573,-0.0214757,0.719564,0.734892
38.102,-0.248505,-0.0184078,0.801005,0.814801
38.104,-0.248505,-0.0153398,0.720905,0.886719
38.106,-0.245437,-0.0153398,0.802212,0.798047
38.108,-0.242369,-0.0122718,0.875389,0.87164
38.11,-0.242369,-0.0122718,0.78785,0.784476
38.112,-0.239301,-0.00920388,0.862463,0.859427
38.114,-0.239301,-0.00920388,0.776217,0.773484
38.116,-0.236233,-0.00613592,0.851993,0.849534
38.118,-0.233165,-0.00306796,0.920192,0.917978
38.12,-0.230097,-0.00306796,0.981571,0.826181
38.122,-0.230097,0,0.883414,0.896961
38.124,-0.227029,0.00306796,0.948471,0.960663
38.126,-0.227029,0.00306796,0.853624,0.864596
38.128,-0.223961,0.00613592,0.921659,0.931535
38.13,-0.220893,0.00613592,0.982891,0.838381
38.132,-0.220893,0.00920388,0.884602,0.907941
38.134,-0.217825,0.00920388,0.94954,0.817147
38.136,-0.217825,0.0122718,0.854586,0.88883
38.138,-0.217825,0.0122718,0.769128,0.799947
38.14,-0.217825,0.0122718,0.692215,0.719953
38.142,-0.214757,0.0122718,0.776391,0.647957
38.144,-0.214757,0.0122718,0.698752,0.583162
38.146,-0.214757,0.0122718,0.628877,0.524846
38.148,-0.214757,0.0153398,0.565989,0.625759
38.15,-0.211689,0.0153398,0.662788,0.563183
38.152,-0.211689,0.0153398,0.59651,0.506865
38.154,-0.211689,0.0153398,0.536859,0.456178
38.156,-0.211689,0.0153398,0.483173,0.410561
38.158,-0.211689,0.0153398,0.434856,0.369504
38.16,-0.211689,0.0153398,0.39137,0.332554
38.162,-0.211689,0.0153398,0.352233,0.299299
38.164,-0.211689,0.0153398,0.31701,0.269369
38.166,-0.211689,0.0153398,0.285309,0.242432
38.168,-0.208621,0.0153398,0.410176,0.218189
38.17,-0.208621,0.0184078,0.369158,0.349768
38.172,-0.208621,0.0184078,0.332242,0.314791
38.174,-0.208621,0.0184078,0.299018,0.283312
38.176,-0.205553,0.0214757,0.422514,0.408379
38.178,-0.205553,0.0214757,0.380263,0.367541
38.18,-0.205553,0.0214757,0.342237,0.330787
38.182,-0.205553,0.0214757,0.308013,0.297708
38.184,-0.205553,0.0245437,0.277212,0.421335
38.186,-0.205553,0.0245437,0.249491,0.379202
38.188,-0.202485,0.0245437,0.37794,0.341282
38.19,-0.205553,0.0245437,0.186748,0.307154
38.192,-0.202485,0.0245437,0.321471,0.276438
38.194,-0.202485,0.0245437,0.289324,0.248794
38.196,-0.202485,0.0245437,0.260391,0.223915
38.198,-0.202485,0.0245437,0.234352,0.201523
38.2,-0.202485,0.0245437,0.210917,0.181371
38.202,-0.202485,0.0245437,0.189825,0.163234
38.204,-0.202485,0.0245437,0.170843,0.146911
38.206,-0.202485,0.0245437,0.153759,0.13222
38.208,-0.202485,0.0245437,0.138383,0.118998
38.21,-0.205553,0.0245437,-0.0288537,0.107098
38.212,-0.205553,0.0245437,-0.0259683,0.096388
38.214,-0.205553,0.0245437,-0.0233715,0.0867492
38.216,-0.205553,0.0245437,-0.0210343,0.0780743
38.218,-0.208621,0.0214757,-0.172329,-0.0831312
38.22,-0.208621,0.0214757,-0.155096,-0.0748181
38.222,-0.211689,0.0184078,-0.292985,-0.220734
38.224,-0.214757,0.0153398,-0.417084,-0.352059
38.226,-0.217825,0.0122718,-0.528774,-0.470251
38.228,-0.217825,0.0122718,-0.475896,-0.423226
38.23,-0.220893,0.00920388,-0.581705,-0.534302
38.232,-0.220893,0.00920388,-0.523534,-0.480871
38.234,-0.223961,0.00613592,-0.624579,-0.586182
38.236,-0.227029,0.00306796,-0.715519,-0.680962
38.238,-0.227029,0.00306796,-0.643967,-0.612866
38.24,-0.230097,0.00306796,-0.732969,-0.551579
38.242,-0.230097,0,-0.659672,-0.649819
38.244,-0.230097,0,-0.593705,-0.584838
38.246,-0.230097,0,-0.534334,-0.526354
38.248,-0.230097,0,-0.480901,-0.473718
38.25,-0.230097,0.00306796,-0.432811,-0.272948
38.252,-0.230097,0.00306796,-0.38953,-0.245654
38.254,-0.230097,0.00306796,-0.350577,-0.221088
38.256,-0.230097,0.00306796,-0.315519,-0.198979
38.258,-0.230097,0.00613592,-0.283967,-0.0256834
38.26,-0.230097,0.00613592,-0.25557,-0.0231151
38.262,-0.230097,0.00613592,-0.230013,-0.0208036
38.264,-0.230097,0.00613592,-0.207012,-0.0187232
38.266,-0.230097,0.00613592,-0.186311,-0.0168509
38.268,-0.230097,0.00613592,-0.16768,-0.0151658
38.27,-0.230097,0.00613592,-0.150912,-0.0136492
38.272,-0.233165,0.00613592,-0.289219,-0.0122843
38.274,-0.233165,0.00306796,-0.260297,-0.164454
38.276,-0.236233,0.00306796,-0.387665,-0.148009
38.278,-0.236233,0,-0.348899,-0.286606
38.28,-0.239301,0,-0.467407,-0.257945
38.282,-0.242369,-0.00306796,-0.574064,-0.385549
38.284,-0.245437,-0.00613592,-0.670056,-0.500392
38.286,-0.248505,-0.00920388,-0.756448,-0.603751
38.288,-0.248505,-0.00920388,-0.680804,-0.543376
38.29,-0.251573,-0.0122718,-0.766121,-0.642436
38.292,-0.254641,-0.0153398,-0.842907,-0.731591
38.294,-0.257709,-0.0184078,-0.912015,-0.81183
38.296,-0.257709,-0.0184078,-0.820813,-0.730647
38.298,-0.260777,-0.0214757,-0.89213,-0.81098
38.3,-0.263845,-0.0245437,-0.956315,-0.88328
38.302,-0.266913,-0.0245437,-1.01408,-0.794952
38.304,-0.266913,-0.0276117,-0.912673,-0.868855
38.306,-0.266913,-0.0276117,-0.821406,-0.78197
38.308,-0.269981,-0.0306796,-0.892664,-0.857171
38.31,-0.269981,-0.0306796,-0.803397,-0.771454
38.312,-0.269981,-0.0306796,-0.723057,-0.694308
38.314,-0.273049,-0.0306796,-0.80415,-0.624877
38.316,-0.273049,-0.0337476,-0.723735,-0.715788
38.318,-0.273049,-0.0337476,-0.651361,-0.644209
38.32,-0.273049,-0.0337476,-0.586225,-0.579788
38.322,-0.273049,-0.0337476,-0.527603,-0.521809
38.324,-0.276117,-0.0337476,-0.62824,-0.469628
38.326,-0.276117,-0.0337476,-0.565416,-0.422666
38.328,-0.276117,-0.0337476,-0.508875,-0.380399
38.33,-0.276117,-0.0337476,-0.457987,-0.342359
38.332,-0.276117,-0.0337476,-0.412189,-0.308123
38.334,-0.279185,-0.0337476,-0.524368,-0.277311
38.336,-0.279185,-0.0368155,-0.471931,-0.402978
38.338,-0.279185,-0.0368155,-0.424738,-0.36268
38.34,-0.279185,-0.0368155,-0.382264,-0.326412
38.342,-0.282252,-0.0368155,-0.497436,-0.293771
38.344,-0.282252,-0.0398835,-0.447692,-0.417792
38.346,-0.282252,-0.0398835,-0.402923,-0.376013
38.348,-0.28532,-0.0429515,-0.516029,-0.491809
38.35,-0.28532,-0.0429515,-0.464426,-0.442629
38.352,-0.28532,-0.0429515,-0.417983,-0.398366
38.354,-0.28532,-0.0429515,-0.376185,-0.358529
38.356,-0.28532,-0.0429515,-0.338566,-0.322676
38.358,-0.28532,-0.0429515,-0.30471,-0.290409
38.36,-0.282252,-0.0429515,-0.120841,-0.261368
38.362,-0.282252,-0.0429515,-0.108757,-0.235231
38.364,-0.282252,-0.0398835,-0.097881,-0.0583098
38.366,-0.282252,-0.0398835,-0.0880929,-0.0524788
38.368,-0.279185,-0.0398835,0.0741144,-0.0472309
38.37,-0.279185,-0.0398835,0.066703,-0.0425078
38.372,-0.279185,-0.0368155,0.0600327,0.115141
38.374,-0.276117,-0.0368155,0.207428,0.103627
38.376,-0.276117,-0.0337476,0.186685,0.246662
38.378,-0.273049,-0.0337476,0.321414,0.221996
38.38,-0.273049,-0.0337476,0.289273,0.199796
38.382,-0.269981,-0.0306796,0.413744,0.333215
38.384,-0.269981,-0.0306796,0.372369,0.299893
38.386,-0.266913,-0.0276117,0.48853,0.423302
38.388,-0.266913,-0.0276117,0.439677,0.380972
38.39,-0.263845,-0.0276117,0.549108,0.342875
38.392,-0.263845,-0.0245437,0.494197,0.461985
38.394,-0.260777,-0.0245437,0.598175,0.415787
38.396,-0.260777,-0.0245437,0.538358,0.374208
38.398,-0.257709,-0.0245437,0.63792,0.336787
38.4,-0.257709,-0.0214757,0.574128,0.456507
38.402,-0.254641,-0.0214757,0.670113,0.410856
38.404,-0.254641,-0.0184078,0.603102,0.523168
38.406,-0.254641,-0.0184078,0.542792,0.470852
38.408,-0.251573,-0.0153398,0.641911,0.577165
38.41,-0.248505,-0.0153398,0.731118,0.519448
38.412,-0.248505,-0.0122718,0.658006,0.620901
38.414,-0.245437,-0.0122718,0.745603,0.558811
38.416,-0.242369,-0.00920388,0.824441,0.656328
38.418,-0.242369,-0.00920388,0.741997,0.590695
38.42,-0.239301,-0.00613592,0.821195,0.685024
38.422,-0.236233,-0.00613592,0.892474,0.616522
38.424,-0.236233,-0.00306796,0.803227,0.708267
38.426,-0.233165,-0.00306796,0.876302,0.637441
38.428,-0.230097,0,0.94207,0.727095
38.43,-0.230097,0,0.847863,0.654385
38.432,-0.227029,0.00306796,0.916475,0.742345
38.434,-0.223961,0.00306796,0.978225,0.66811
38.436,-0.223961,0.00613592,0.880403,0.754697
38.438,-0.220893,0.00920388,0.945761,0.832626
38.44,-0.217825,0.00920388,1.00458,0.749363
38.442,-0.217825,0.0122718,0.904124,0.827825
38.444,-0.214757,0.0122718,0.96711,0.745042
38.446,-0.214757,0.0122718,0.870399,0.670538
38.448,-0.211689,0.0153398,0.936757,0.756882
38.45,-0.211689,0.0153398,0.843081,0.681194
38.452,-0.211689,0.0153398,0.758773,0.613075
38.454,-0.208621,0.0153398,0.836294,0.551767
38.456,-0.208621,0.0153398,0.752665,0.496591
38.458,-0.208621,0.0153398,0.677398,0.446932
38.46,-0.208621,0.0122718,0.609658,0.24884
38.462,-0.208621,0.0122718,0.548693,0.223956
38.464,-0.208621,0.0122718,0.493823,0.201561
38.466,-0.208621,0.0122718,0.444441,0.181405
38.468,-0.208621,0.0122718,0.399997,0.163264
38.47,-0.208621,0.00920388,0.359997,-0.00646038
38.472,-0.211689,0.00920388,0.170599,-0.00581435
38.474,-0.208621,0.00920388,0.306938,-0.00523291
38.476,-0.208621,0.00920388,0.276244,-0.00470962
38.478,-0.208621,0.00920388,0.248619,-0.00423866
38.48,-0.208621,0.00920388,0.223757,-0.00381479
38.482,-0.208621,0.00920388,0.201382,-0.00343331
38.484,-0.208621,0.00920388,0.181244,-0.00308998
38.486,-0.205553,0.0122718,0.316517,0.150617
38.488,-0.205553,0.0122718,0.284866,0.135555
38.49,-0.205553,0.0122718,0.256379,0.122
38.492,-0.205553,0.0122718,0.230741,0.1098
38.494,-0.202485,0.0122718,0.361065,0.0988199
38.496,-0.202485,0.0122718,0.324959,0.0889379
38.498,-0.202485,0.0122718,0.292463,0.0800441
38.5,-0.199418,0.0153398,0.416615,0.225438
38.502,-0.199418,0.0153398,0.374953,0.202894
38.504,-0.19635,0.0153398,0.490856,0.182605
38.506,-0.19635,0.0184078,0.44177,0.317742
38.508,-0.193282,0.0184078,0.550991,0.285968
38.51,-0.193282,0.0214757,0.495892,0.410769
38.512,-0.190214,0.0214757,0.599701,0.369692
38.514,-0.187146,0.0245437,0.693129,0.486121
38.516,-0.187146,0.0276117,0.623816,0.590907
38.518,-0.184078,0.0276117,0.714833,0.531816
38.52,-0.18101,0.0306796,0.796747,0.632033
38.522,-0.18101,0.0337476,0.717073,0.722228
38.524,-0.177942,0.0337476,0.798763,0.650005
38.526,-0.174874,0.0368155,0.872285,0.738402
38.528,-0.171806,0.0398835,0.938455,0.81796
38.53,-0.171806,0.0429515,0.844609,0.889562
38.532,-0.168738,0.0460194,0.913546,0.954004
38.534,-0.16567,0.0460194,0.97559,0.858604
38.536,-0.16567,0.0490874,0.878031,0.926141
38.538,-0.162602,0.0521553,0.943626,0.986925
38.54,-0.162602,0.0521553,0.849263,0.888233
38.542,-0.159534,0.0552233,0.917735,0.952808
38.544,-0.159534,0.0552233,0.825962,0.857527
38.546,-0.159534,0.0552233,0.743365,0.771774
38.548,-0.159534,0.0552233,0.669029,0.694597
38.55,-0.159534,0.0552233,0.602126,0.625137
38.552,-0.159534,0.0552233,0.541913,0.562623
38.554,-0.159534,0.0552233,0.487722,0.506361
38.556,-0.162602,0.0521553,0.285552,0.302327
38.558,-0.162602,0.0521553,0.256997,0.272094
38.56,-0.16567,0.0490874,0.0778988,0.0914867
38.562,-0.16567,0.0490874,0.070109,0.082338
38.564,-0.168738,0.0460194,-0.0903,-0.0792939
38.566,-0.168738,0.0460194,-0.08127,-0.0713645
38.568,-0.171806,0.0429515,-0.226541,-0.217626
38.57,-0.174874,0.0398835,-0.357285,-0.349262
38.572,-0.177942,0.0368155,-0.474955,-0.467733
38.574,-0.18101,0.0368155,-0.580857,-0.42096
38.576,-0.18101,0.0337476,-0.522772,-0.532262
38.578,-0.184078,0.0337476,-0.623892,-0.479036
38.58,-0.184078,0.0306796,-0.561503,-0.58453
38.582,-0.187146,0.0276117,-0.658751,-0.679476
38.584,-0.187146,0.0276117,-0.592876,-0.611528
38.586,-0.190214,0.0276117,-0.686986,-0.550375
38.588,-0.190214,0.0276117,-0.618288,-0.495338
38.59,-0.193282,0.0276117,-0.709857,-0.445804
38.592,-0.193282,0.0276117,-0.638871,-0.401223
38.594,-0.193282,0.0245437,-0.574984,-0.514499
38.596,-0.193282,0.0245437,-0.517486,-0.463049
38.598,-0.19635,0.0245437,-0.619135,-0.416744
38.6,-0.19635,0.0245437,-0.557222,-0.37507
38.602,-0.199418,0.0245437,-0.654898,-0.337563
38.604,-0.199418,0.0214757,-0.589408,-0.457205
38.606,-0.202485,0.0214757,-0.683865,-0.411484
38.608,-0.202485,0.0214757,-0.615479,-0.370336
38.61,-0.205553,0.0184078,-0.707329,-0.4867
38.612,-0.205553,0.0184078,-0.636596,-0.43803
38.614,-0.208621,0.0153398,-0.726334,-0.547625
38.616,-0.211689,0.0153398,-0.807099,-0.492863
38.618,-0.211689,0.0153398,-0.726389,-0.443577
38.62,-0.214757,0.0122718,-0.807148,-0.552617
38.622,-0.217825,0.0122718,-0.879832,-0.497355
38.624,-0.217825,0.00920388,-0.791848,-0.601018
38.626,-0.220893,0.00613592,-0.866062,-0.694314
38.628,-0.223961,0.00613592,-0.932854,-0.624883
38.63,-0.230097,0.00306796,-1.14636,-0.715793
38.632,-0.230097,0,-1.03173,-0.797611
38.634,-0.236233,-0.00306796,-1.23535,-0.871248
38.636,-0.239301,-0.00613592,-1.26521,-0.937522
38.638,-0.242369,-0.0122718,-1.29209,-1.15057
38.64,-0.248505,-0.0153398,-1.46968,-1.18891
38.642,-0.251573,-0.0184078,-1.47611,-1.22341
38.644,-0.254641,-0.0214757,-1.4819,-1.25447
38.646,-0.257709,-0.0245437,-1.4871,-1.28242
38.648,-0.260777,-0.0276117,-1.49179,-1.30758
38.65,-0.263845,-0.0306796,-1.49601,-1.33022
38.652,-0.266913,-0.0337476,-1.49981,-1.35059
38.654,-0.269981,-0.0337476,-1.50322,-1.21554
38.656,-0.269981,-0.0368155,-1.3529,-1.24738
38.658,-0.273049,-0.0368155,-1.37101,-1.12264
38.66,-0.276117,-0.0398835,-1.38731,-1.16378
38.662,-0.279185,-0.0429515,-1.40197,-1.2008
38.664,-0.282252,-0.0460194,-1.41518,-1.23411
38.666,-0.28532,-0.0460194,-1.42706,-1.1107
38.668,-0.288388,-0.0490874,-1.43775,-1.15303
38.67,-0.291456,-0.0521553,-1.44737,-1.19113
38.672,-0.291456,-0.0552233,-1.30263,-1.22541
38.674,-0.294524,-0.0552233,-1.32577,-1.10287
38.676,-0.297592,-0.0582913,-1.34659,-1.14598
38.678,-0.30066,-0.0613592,-1.36533,-1.18478
38.68,-0.303728,-0.0644272,-1.38219,-1.2197
38.682,-0.306796,-0.0674952,-1.39737,-1.25113
38.684,-0.309864,-0.0674952,-1.41103,-1.12602
38.686,-0.312932,-0.0705631,-1.42333,-1.16681
38.688,-0.316,-0.0736311,-1.43439,-1.20353
38.69,-0.316,-0.076699,-1.29095,-1.23657
38.692,-0.319068,-0.079767,-1.31526,-1.26632
38.694,-0.322136,-0.079767,-1.33713,-1.13968
38.696,-0.322136,-0.082835,-1.20342,-1.17911
38.698,-0.325204,-0.0859029,-1.23647,-1.2146
38.7,-0.325204,-0.0859029,-1.11283,-1.09314
38.702,-0.328272,-0.0859029,-1.15494,-0.983826
38.704,-0.328272,-0.0889709,-1.03945,-1.03884
38.706,-0.328272,-0.0889709,-0.935502,-0.934957
38.708,-0.328272,-0.0889709,-0.841952,-0.841462
38.71,-0.328272,-0.0889709,-0.757757,-0.757316
38.712,-0.328272,-0.0889709,-0.681981,-0.681584
38.714,-0.328272,-0.0889709,-0.613783,-0.613426
38.716,-0.328272,-0.0889709,-0.552405,-0.552083
38.718,-0.328272,-0.0889709,-0.497164,-0.496875
38.72,-0.325204,-0.0889709,-0.29405,-0.447187
38.722,-0.325204,-0.0859029,-0.264645,-0.24907
38.724,-0.322136,-0.0859029,-0.0847822,-0.224163
38.726,-0.322136,-0.0859029,-0.076304,-0.201747
38.728,-0.319068,-0.082835,0.0847245,-0.0281743
38.73,-0.319068,-0.082835,0.076252,-0.0253568
38.732,-0.316,-0.082835,0.222025,-0.0228212
38.734,-0.316,-0.079767,0.199822,0.132859
38.736,-0.312932,-0.076699,0.333238,0.272971
38.738,-0.309864,-0.076699,0.453312,0.245674
38.74,-0.309864,-0.076699,0.407981,0.221107
38.742,-0.306796,-0.0736311,0.520581,0.352394
38.744,-0.303728,-0.0736311,0.621921,0.317155
38.746,-0.30066,-0.0705631,0.713127,0.438837
38.748,-0.30066,-0.0705631,0.641814,0.394954
38.75,-0.294524,-0.0674952,0.884429,0.508856
38.752,-0.294524,-0.0644272,0.795986,0.611369
38.754,-0.291456,-0.0644272,0.869786,0.550232
38.756,-0.288388,-0.0613592,0.936205,0.648607
38.758,-0.28532,-0.0613592,0.995983,0.583746
38.76,-0.282252,-0.0582913,1.04978,0.67877
38.762,-0.279185,-0.0582913,1.0982,0.610893
38.764,-0.276117,-0.0552233,1.14178,0.703201
38.766,-0.273049,-0.0521553,1.181,0.786279
38.768,-0.266913,-0.0490874,1.3697,0.861049
38.77,-0.266913,-0.0460194,1.23273,0.928343
38.772,-0.260777,-0.0429515,1.41625,0.988906
38.774,-0.257709,-0.0398835,1.42802,1.04341
38.776,-0.251573,-0.0368155,1.59202,1.09247
38.778,-0.248505,-0.0337476,1.58621,1.13662
38.78,-0.242369,-0.0306796,1.73439,1.17636
38.782,-0.239301,-0.0276117,1.71435,1.21212
38.784,-0.233165,-0.0245437,1.84971,1.24431
38.786,-0.230097,-0.0214757,1.81814,1.27327
38.788,-0.223961,-0.0153398,1.94312,1.45274
38.79,-0.220893,-0.0122718,1.9022,1.46087
38.792,-0.217825,-0.00920388,1.86538,1.46818
38.794,-0.211689,-0.00613592,1.98564,1.47476
38.796,-0.208621,-0.00306796,1.94047,1.48068
38.798,-0.202485,-0.00306796,2.05322,1.33261
38.8,-0.199418,0,2.0013,1.35275
38.802,-0.193282,0.00306796,2.10797,1.37087
38.804,-0.190214,0.00613592,2.05057,1.38718
38.806,-0.184078,0.0122718,2.15231,1.55526
38.808,-0.18101,0.0153398,2.09047,1.55313
38.81,-0.174874,0.0184078,2.18822,1.55122
38.812,-0.171806,0.0214757,2.1228,1.54949
38.814,-0.168738,0.0276117,2.06392,1.70134
38.816,-0.162602,0.0306796,2.16432,1.6846
38.818,-0.159534,0.0337476,2.10129,1.66954
38.82,-0.153398,0.0368155,2.19795,1.65599
38.822,-0.15033,0.0368155,2.13156,1.49039
38.824,-0.147262,0.0398835,2.0718,1.49475
38.826,-0.144194,0.0429515,2.01802,1.49867
38.828,-0.141126,0.0460194,1.96961,1.5022
38.83,-0.138058,0.0460194,1.92605,1.35198
38.832,-0.13499,0.0490874,1.88684,1.37018
38.834,-0.131922,0.0490874,1.85156,1.23316
38.836,-0.131922,0.0490874,1.6664,1.10985
38.838,-0.128854,0.0490874,1.65316,0.998862
38.84,-0.125786,0.0490874,1.64124,0.898976
38.842,-0.122718,0.0521553,1.63052,0.962476
38.844,-0.122718,0.0521553,1.46746,0.866229
38.846,-0.119651,0.0552233,1.47412,0.933004
38.848,-0.116583,0.0552233,1.4801,0.839704
38.85,-0.113515,0.0582913,1.48549,0.909131
38.852,-0.113515,0.0582913,1.33694,0.818218
38.854,-0.110447,0.0613592,1.35665,0.889794
38.856,-0.107379,0.0613592,1.37438,0.800815
38.858,-0.104311,0.0644272,1.39034,0.874132
38.86,-0.101243,0.0644272,1.4047,0.786718
38.862,-0.0981748,0.0674952,1.41763,0.861445
38.864,-0.0951068,0.0705631,1.42927,0.928698
38.866,-0.0951068,0.0736311,1.28634,0.989226
38.868,-0.0920388,0.0736311,1.3111,0.890304
38.87,-0.0920388,0.076699,1.17999,0.954672
38.872,-0.0889709,0.076699,1.21539,0.859204
38.874,-0.0889709,0.076699,1.09385,0.773284
38.876,-0.0889709,0.076699,0.984467,0.695956
38.878,-0.0859029,0.076699,1.03942,0.62636
38.88,-0.0889709,0.076699,0.782079,0.563724
38.882,-0.0889709,0.0736311,0.703871,0.353954
38.884,-0.0889709,0.0736311,0.633484,0.318558
38.886,-0.0889709,0.0736311,0.570135,0.286702
38.888,-0.0889709,0.0736311,0.513122,0.258032
38.89,-0.0889709,0.0705631,0.46181,0.0788308
38.892,-0.0920388,0.0705631,0.262231,0.0709477
38.894,-0.0920388,0.0674952,0.236008,-0.0895451
38.896,-0.0920388,0.0674952,0.212407,-0.0805906
38.898,-0.0951068,0.0674952,0.0377681,-0.0725315
38.9,-0.0951068,0.0644272,0.0339913,-0.218676
38.902,-0.0951068,0.0644272,0.0305921,-0.196809
38.904,-0.0951068,0.0613592,0.0275329,-0.330526
38.906,-0.0981748,0.0613592,-0.128618,-0.297473
38.908,-0.0981748,0.0613592,-0.115757,-0.267726
38.91,-0.0981748,0.0613592,-0.104181,-0.240953
38.912,-0.0981748,0.0613592,-0.0937629,-0.216858
38.914,-0.0981748,0.0613592,-0.0843866,-0.195172
38.916,-0.0981748,0.0613592,-0.0759479,-0.175655
38.918,-0.0981748,0.0613592,-0.0683531,-0.15809
38.92,-0.0981748,0.0613592,-0.0615178,-0.142281
38.922,-0.0981748,0.0613592,-0.055366,-0.128053
38.924,-0.0981748,0.0613592,-0.0498294,-0.115247
38.926,-0.0981748,0.0613592,-0.0448465,-0.103723
38.928,-0.101243,0.0582913,-0.19376,-0.246748
38.93,-0.101243,0.0582913,-0.174384,-0.222074
38.932,-0.104311,0.0582913,-0.310344,-0.199866
38.934,-0.107379,0.0552233,-0.432707,-0.333278
38.936,-0.107379,0.0552233,-0.389437,-0.29995
38.938,-0.110447,0.0521553,-0.503891,-0.423353
38.94,-0.113515,0.0490874,-0.6069,-0.534416
38.942,-0.116583,0.0490874,-0.699608,-0.480974
38.944,-0.119651,0.0460194,-0.783045,-0.586275
38.946,-0.122718,0.0398835,-0.858139,-0.834444
38.948,-0.128854,0.0368155,-1.07912,-0.904397
38.95,-0.131922,0.0337476,-1.12461,-0.967356
38.952,-0.13499,0.0306796,-1.16554,-1.02402
38.954,-0.141126,0.0245437,-1.35579,-1.22841
38.956,-0.144194,0.0214757,-1.37361,-1.25897
38.958,-0.147262,0.0184078,-1.38964,-1.28647
38.96,-0.15033,0.0153398,-1.40408,-1.31122
38.962,-0.153398,0.0122718,-1.41707,-1.3335
38.964,-0.156466,0.00920388,-1.42876,-1.35355
38.966,-0.159534,0.00613592,-1.43928,-1.37159
38.968,-0.162602,0.00613592,-1.44875,-1.23443
38.97,-0.16567,0.00306796,-1.45727,-1.26439
38.972,-0.168738,0,-1.46494,-1.29134
38.974,-0.168738,0,-1.31845,-1.16221
38.976,-0.171806,-0.00306796,-1.34,-1.19939
38.978,-0.174874,-0.00306796,-1.3594,-1.07945
38.98,-0.177942,-0.00613592,-1.37686,-1.1249
38.982,-0.18101,-0.00613592,-1.39257,-1.01241
38.984,-0.18101,-0.00920388,-1.25331,-1.06457
38.986,-0.184078,-0.00920388,-1.28138,-0.958112
38.988,-0.187146,-0.0122718,-1.30664,-1.0157
38.99,-0.187146,-0.0122718,-1.17598,-0.914129
38.992,-0.190214,-0.0153398,-1.21178,-0.976114
38.994,-0.193282,-0.0153398,-1.244,-0.878503
38.996,-0.19635,-0.0184078,-1.273,-0.94405
38.998,-0.199418,-0.0245437,-1.29909,-1.15644
39,-0.205553,-0.0276117,-1.47598,-1.1942
39.002,-0.208621,-0.0306796,-1.48178,-1.22817
39.004,-0.211689,-0.0337476,-1.487,-1.25875
39.006,-0.217825,-0.0368155,-1.6451,-1.28628
39.008,-0.220893,-0.0398835,-1.63399,-1.31105
39.01,-0.223961,-0.0429515,-1.62398,-1.33334
39.012,-0.227029,-0.0490874,-1.61498,-1.5068
39.014,-0.230097,-0.0521553,-1.60688,-1.50952
39.016,-0.233165,-0.0521553,-1.59959,-1.35857
39.018,-0.239301,-0.0552233,-1.74643,-1.37611
39.02,-0.242369,-0.0582913,-1.72519,-1.3919
39.022,-0.245437,-0.0613592,-1.70607,-1.40611
39.024,-0.248505,-0.0644272,-1.68886,-1.41889
39.026,-0.251573,-0.0705631,-1.67337,-1.5838
39.028,-0.254641,-0.0736311,-1.65943,-1.57882
39.03,-0.257709,-0.0736311,-1.64689,-1.42094
39.032,-0.257709,-0.076699,-1.4822,-1.43224
39.034,-0.260777,-0.079767,-1.48738,-1.44241
39.036,-0.263845,-0.079767,-1.49204,-1.29817
39.038,-0.266913,-0.082835,-1.49623,-1.32175
39.04,-0.266913,-0.082835,-1.34661,-1.18958
39.042,-0.266913,-0.0859029,-1.21195,-1.22402
39.044,-0.269981,-0.0859029,-1.24415,-1.10162
39.046,-0.269981,-0.0889709,-1.11973,-1.14485
39.048,-0.269981,-0.0889709,-1.00776,-1.03037
39.05,-0.273049,-0.0889709,-1.06038,-0.927331
39.052,-0.273049,-0.0920388,-0.954345,-0.987996
39.054,-0.276117,-0.0920388,-1.01231,-0.889196
39.056,-0.276117,-0.0920388,-0.911078,-0.800277
39.058,-0.276117,-0.0951068,-0.81997,-0.873647
39.06,-0.276117,-0.0951068,-0.737973,-0.786283
39.062,-0.276117,-0.0951068,-0.664176,-0.707654
39.064,-0.276117,-0.0951068,-0.597758,-0.636889
39.066,-0.276117,-0.0981748,-0.537982,-0.726598
39.068,-0.276117,-0.0951068,-0.484184,-0.50054
39.07,-0.276117,-0.0951068,-0.435766,-0.450486
39.072,-0.276117,-0.0951068,-0.392189,-0.405438
39.074,-0.273049,-0.0951068,-0.199572,-0.364894
39.076,-0.273049,-0.0951068,-0.179615,-0.328404
39.078,-0.269981,-0.0920388,-0.00825533,-0.142166
39.08,-0.266913,-0.0920388,0.145968,-0.127949
39.082,-0.266913,-0.0889709,0.131371,0.0382437
39.084,-0.263845,-0.0859029,0.271632,0.187817
39.086,-0.260777,-0.0859029,0.397867,0.169036
39.088,-0.257709,-0.082835,0.511479,0.30553
39.09,-0.254641,-0.079767,0.613729,0.428375
39.092,-0.251573,-0.076699,0.705754,0.538936
39.094,-0.248505,-0.0736311,0.788577,0.63844
39.096,-0.245437,-0.0736311,0.863117,0.574596
39.098,-0.239301,-0.0705631,1.0836,0.670535
39.1,-0.236233,-0.0644272,1.12864,0.910277
39.102,-0.233165,-0.0613592,1.16917,0.972648
39.104,-0.230097,-0.0582913,1.20565,1.02878
39.106,-0.223961,-0.0582913,1.39189,0.925903
39.108,-0.220893,-0.0552233,1.40609,0.986711
39.11,-0.217825,-0.0521553,1.41888,1.04144
39.112,-0.214757,-0.0490874,1.43039,1.09069
39.114,-0.211689,-0.0490874,1.44075,0.981623
39.116,-0.208621,-0.0460194,1.45007,1.03686
39.118,-0.205553,-0.0429515,1.45847,1.08657
39.12,-0.202485,-0.0429515,1.46602,0.977914
39.122,-0.19635,-0.0398835,1.62621,1.03352
39.124,-0.193282,-0.0368155,1.61699,1.08357
39.126,-0.190214,-0.0337476,1.60869,1.12861
39.128,-0.187146,-0.0337476,1.60122,1.01575
39.13,-0.184078,-0.0306796,1.59449,1.06757
39.132,-0.18101,-0.0276117,1.58844,1.11421
39.134,-0.177942,-0.0276117,1.583,1.00279
39.136,-0.174874,-0.0245437,1.57809,1.05591
39.138,-0.171806,-0.0245437,1.57368,0.950318
39.14,-0.168738,-0.0214757,1.56971,1.00868
39.142,-0.16567,-0.0184078,1.56614,1.06121
39.144,-0.162602,-0.0184078,1.56292,0.955093
39.146,-0.159534,-0.0153398,1.56003,1.01298
39.148,-0.159534,-0.0153398,1.40403,0.911684
39.15,-0.156466,-0.0153398,1.41702,0.820515
39.152,-0.156466,-0.0153398,1.27532,0.738464
39.154,-0.153398,-0.0184078,1.30119,0.511219
39.156,-0.153398,-0.0184078,1.17107,0.460097
39.158,-0.15033,-0.0184078,1.20736,0.414088
39.16,-0.15033,-0.0184078,1.08662,0.372679
39.162,-0.147262,-0.0184078,1.13136,0.335411
39.164,-0.147262,-0.0184078,1.01822,0.30187
39.166,-0.144194,-0.0184078,1.0698,0.271683
39.168,-0.141126,-0.0184078,1.11622,0.244515
39.17,-0.141126,-0.0153398,1.0046,0.373461
39.172,-0.13499,-0.0153398,1.21093,0.336115
39.174,-0.13499,-0.0122718,1.08984,0.455902
39.176,-0.131922,-0.0122718,1.13425,0.410311
39.178,-0.128854,-0.00920388,1.17423,0.522678
39.18,-0.122718,-0.00920388,1.3636,0.470411
39.182,-0.122718,-0.00613592,1.22724,0.576768
39.184,-0.119651,-0.00613592,1.25791,0.519091
39.186,-0.116583,-0.00306796,1.28552,0.62058
39.188,-0.113515,-0.00306796,1.31037,0.558522
39.19,-0.110447,0,1.33273,0.656068
39.192,-0.107379,0,1.35285,0.590461
39.194,-0.107379,0,1.21757,0.531415
39.196,-0.104311,0,1.24921,0.478273
39.198,-0.104311,0,1.12429,0.430446
39.2,-0.101243,0,1.16526,0.387401
39.202,-0.0981748,0,1.20213,0.348661
39.204,-0.0981748,0,1.08192,0.313795
39.206,-0.0951068,0,1.12712,0.282416
39.208,-0.0951068,0,1.01441,0.254174
39.21,-0.0920388,0,1.06637,0.228757
39.212,-0.0920388,0,0.959731,0.205881
39.214,-0.0889709,0,1.01716,0.185293
39.216,-0.0859029,0.00306796,1.06884,0.320162
39.218,-0.0859029,0.00306796,0.961955,0.288146
39.22,-0.082835,0.00306796,1.01916,0.259331
39.222,-0.079767,0.00306796,1.07064,0.233398
39.224,-0.079767,0.00306796,0.963576,0.210058
39.226,-0.076699,0.00306796,1.02062,0.189052
39.228,-0.0736311,0.00613592,1.07195,0.323545
39.23,-0.0705631,0.00613592,1.11816,0.291191
39.232,-0.0674952,0.00920388,1.15974,0.41547
39.234,-0.0644272,0.00920388,1.19716,0.373923
39.236,-0.0613592,0.0122718,1.23084,0.489928
39.238,-0.0582913,0.0153398,1.26116,0.594334
39.24,-0.0521553,0.0153398,1.44184,0.5349
39.242,-0.0490874,0.0184078,1.45105,0.634808
39.244,-0.0460194,0.0184078,1.45935,0.571328
39.246,-0.0429515,0.0214757,1.46681,0.667593
39.248,-0.0429515,0.0245437,1.32013,0.754232
39.25,-0.0368155,0.0245437,1.49491,0.678808
39.252,-0.0337476,0.0276117,1.49882,0.764326
39.254,-0.0337476,0.0276117,1.34894,0.687893
39.256,-0.0276117,0.0306796,1.52084,0.772502
39.258,-0.0276117,0.0306796,1.36876,0.695252
39.26,-0.0245437,0.0337476,1.38528,0.779125
39.262,-0.0214757,0.0337476,1.40015,0.701212
39.264,-0.0184078,0.0368155,1.41353,0.784489
39.266,-0.0153398,0.0368155,1.42558,0.70604
39.268,-0.0122718,0.0398835,1.43642,0.788834
39.27,-0.0122718,0.0398835,1.29277,0.709951
39.272,-0.00920388,0.0398835,1.3169,0.638956
39.274,-0.00920388,0.0398835,1.18521,0.57506
39.276,-0.00920388,0.0398835,1.06669,0.517554
39.278,-0.00613592,0.0398835,1.11341,0.465799
39.28,-0.00613592,0.0398835,1.00207,0.419219
39.282,-0.00306796,0.0398835,1.05526,0.377297
39.284,-0.00306796,0.0398835,0.949738,0.339567
39.286,-0.00306796,0.0398835,0.854764,0.305611
39.288,-0,0.0398835,0.922686,0.275049
39.29,-0,0.0398835,0.830417,0.247545
39.292,-0,0.0398835,0.747375,0.22279
39.294,0.00306796,0.0398835,0.826036,0.200511
39.296,0.00306796,0.0398835,0.743432,0.18046
39.298,0.00306796,0.0398835,0.669089,0.162414
39.3,0.00613592,0.0398835,0.755578,0.146173
39.302,0.00613592,0.0368155,0.68002,-0.0218428
39.304,0.00920388,0.0368155,0.765416,-0.0196585
39.306,0.00920388,0.0398835,0.688875,0.135705
39.308,0.0122718,0.0398835,0.773385,0.122135
39.31,0.0122718,0.0398835,0.696047,0.109921
39.312,0.0122718,0.0398835,0.626442,0.0989293
39.314,0.0153398,0.0429515,0.717196,0.242434
39.316,0.0153398,0.0429515,0.645476,0.218191
39.318,0.0153398,0.0398835,0.580929,0.0429738
39.32,0.0153398,0.0398835,0.522836,0.0386764
39.322,0.0153398,0.0398835,0.470552,0.0348088
39.324,0.0153398,0.0398835,0.423497,0.0313279
39.326,0.0153398,0.0368155,0.381147,-0.125203
39.328,0.0153398,0.0368155,0.343033,-0.112683
39.33,0.0153398,0.0368155,0.308729,-0.101414
39.332,0.0153398,0.0368155,0.277856,-0.091273
39.334,0.0153398,0.0368155,0.250071,-0.0821457
39.336,0.0153398,0.0368155,0.225064,-0.0739311
39.338,0.0153398,0.0337476,0.202557,-0.219936
39.34,0.0153398,0.0337476,0.182302,-0.197942
39.342,0.0153398,0.0337476,0.164071,-0.178148
39.344,0.0153398,0.0337476,0.147664,-0.160333
39.346,0.0153398,0.0337476,0.132898,-0.1443
39.348,0.0153398,0.0337476,0.119608,-0.12987
39.35,0.0153398,0.0306796,0.107647,-0.270281
39.352,0.0153398,0.0306796,0.0968826,-0.243253
39.354,0.0153398,0.0306796,0.0871943,-0.218928
39.356,0.0153398,0.0276117,0.0784749,-0.350433
39.358,0.0153398,0.0276117,0.0706274,-0.31539
39.36,0.0153398,0.0276117,0.0635646,-0.283851
39.362,0.0153398,0.0276117,0.0572082,-0.255466
39.364,0.0153398,0.0276117,0.0514874,-0.229919
39.366,0.0153398,0.0245437,0.0463386,-0.360325
39.368,0.0153398,0.0245437,0.0417048,-0.324293
39.37,0.0122718,0.0245437,-0.115864,-0.291863
39.372,0.0122718,0.0214757,-0.104277,-0.416075
39.374,0.0122718,0.0184078,-0.0938497,-0.527866
39.376,0.00920388,0.0184078,-0.237863,-0.475079
39.378,0.00920388,0.0153398,-0.214077,-0.580969
39.38,0.00613592,0.0153398,-0.346067,-0.522872
39.382,0.00613592,0.0122718,-0.31146,-0.623983
39.384,0.00306796,0.00920388,-0.433712,-0.714983
39.386,0.00306796,0.00613592,-0.390341,-0.796883
39.388,-0,0.00613592,-0.504705,-0.717195
39.39,-0,0.00306796,-0.454235,-0.798873
39.392,-0,0.00306796,-0.408811,-0.718986
39.394,-0.00306796,0,-0.521328,-0.800485
39.396,-0.00306796,0,-0.469195,-0.720437
39.398,-0.00306796,0,-0.422276,-0.648393
39.4,-0.00306796,0,-0.380048,-0.583554
39.402,-0.00306796,0,-0.342043,-0.525198
39.404,-0.00306796,0,-0.307839,-0.472679
39.406,-0.00613592,-0.00306796,-0.430453,-0.578809
39.408,-0.00613592,-0.00306796,-0.387408,-0.520928
39.41,-0.00613592,-0.00306796,-0.348667,-0.468835
39.412,-0.00613592,-0.00306796,-0.3138,-0.421952
39.414,-0.00306796,-0.00306796,-0.129022,-0.379756
39.416,-0.00306796,-0.00306796,-0.11612,-0.341781
39.418,-0.00306796,-0.00306796,-0.104508,-0.307603
39.42,-0.00306796,-0.00306796,-0.0940572,-0.276842
39.422,-0.00306796,-0.00306796,-0.0846515,-0.249158
39.424,-0.00306796,0,-0.0761863,-0.0708443
39.426,-0.00306796,0,-0.0685677,-0.0637599
39.428,-0.00306796,0,-0.0617109,-0.0573839
39.43,-0.00306796,-0.00306796,-0.0555398,-0.205044
39.432,-0.00306796,-0.00306796,-0.0499859,-0.184539
39.434,-0.00306796,-0.00306796,-0.0449873,-0.166085
39.436,-0.00306796,-0.00306796,-0.0404885,-0.149477
39.438,-0.00306796,-0.00613592,-0.0364397,-0.287927
39.44,-0.00306796,-0.00613592,-0.0327957,-0.259134
39.442,-0.00306796,-0.00613592,-0.0295162,-0.233221
39.444,-0.00306796,-0.00613592,-0.0265645,-0.209899
39.446,-0.00306796,-0.00613592,-0.0239081,-0.188909
39.448,-0.00306796,-0.00613592,-0.0215173,-0.170018
39.45,-0.00306796,-0.00613592,-0.0193655,-0.153016
39.452,-0.00613592,-0.00613592,-0.170827,-0.137715
39.454,-0.00613592,-0.00920388,-0.153744,-0.277341
39.456,-0.00613592,-0.00920388,-0.13837,-0.249607
39.458,-0.00613592,-0.00920388,-0.124533,-0.224646
39.46,-0.00920388,-0.0122718,-0.265478,-0.35558
39.462,-0.00920388,-0.0122718,-0.23893,-0.320022
39.464,-0.00920388,-0.0122718,-0.215037,-0.28802
39.466,-0.00920388,-0.0153398,-0.193533,-0.412616
39.468,-0.00920388,-0.0153398,-0.17418,-0.371354
39.47,-0.0122718,-0.0184078,-0.31016,-0.487617
39.472,-0.0122718,-0.0184078,-0.279144,-0.438855
39.474,-0.0122718,-0.0184078,-0.25123,-0.39497
39.476,-0.0122718,-0.0214757,-0.226107,-0.508871
39.478,-0.0153398,-0.0214757,-0.356894,-0.457984
39.48,-0.0153398,-0.0214757,-0.321205,-0.412185
39.482,-0.0153398,-0.0245437,-0.289084,-0.524365
39.484,-0.0153398,-0.0245437,-0.260176,-0.471928
39.486,-0.0153398,-0.0245437,-0.234158,-0.424736
39.488,-0.0153398,-0.0245437,-0.210742,-0.382262
39.49,-0.0153398,-0.0245437,-0.189668,-0.344036
39.492,-0.0153398,-0.0245437,-0.170701,-0.309632
39.494,-0.0184078,-0.0245437,-0.307029,-0.278669
39.496,-0.0184078,-0.0276117,-0.276326,-0.4042
39.498,-0.0184078,-0.0276117,-0.248694,-0.36378
39.5,-0.0184078,-0.0306796,-0.223824,-0.4808
39.502,-0.0184078,-0.0306796,-0.201442,-0.43272
39.504,-0.0184078,-0.0306796,-0.181298,-0.389448
39.506,-0.0184078,-0.0306796,-0.163168,-0.350503
39.508,-0.0184078,-0.0337476,-0.146851,-0.468851
39.51,-0.0184078,-0.0337476,-0.132166,-0.421966
39.512,-0.0184078,-0.0337476,-0.118949,-0.379769
39.514,-0.0153398,-0.0337476,0.0463436,-0.341792
39.516,-0.0153398,-0.0306796,0.0417092,-0.154215
39.518,-0.0122718,-0.0306796,0.190936,-0.138794
39.52,-0.0122718,-0.0276117,0.171843,0.0284838
39.522,-0.00920388,-0.0276117,0.308057,0.0256354
39.524,-0.00613592,-0.0245437,0.430649,0.17647
39.526,-0.00306796,-0.0214757,0.540982,0.312221
39.528,-0,-0.0184078,0.640282,0.434397
39.53,0.00306796,-0.0153398,0.729652,0.544355
39.532,0.00613592,-0.0122718,0.810085,0.643318
39.534,0.00920388,-0.00920388,0.882474,0.732384
39.536,0.0122718,-0.00613592,0.947625,0.812544
39.538,0.0153398,-0.00306796,1.00626,0.884688
39.54,0.0184078,0,1.05903,0.949617
39.542,0.0214757,0,1.10653,0.854655
39.544,0.0245437,0.00306796,1.14927,0.922588
39.546,0.0276117,0.00613592,1.18774,0.983727
39.548,0.0306796,0.00920388,1.22237,1.03875
39.55,0.0306796,0.00920388,1.10013,0.934877
39.552,0.0337476,0.0122718,1.14352,0.994788
39.554,0.0368155,0.0153398,1.18256,1.04871
39.556,0.0398835,0.0153398,1.2177,0.943836
39.558,0.0429515,0.0184078,1.24933,1.00285
39.56,0.0429515,0.0214757,1.1244,1.05596
39.562,0.0460194,0.0214757,1.16536,0.950367
39.564,0.0490874,0.0245437,1.20222,1.00873
39.566,0.0521553,0.0276117,1.2354,1.06125
39.568,0.0521553,0.0276117,1.11186,0.955128
39.57,0.0552233,0.0306796,1.15407,1.01301
39.572,0.0582913,0.0306796,1.19206,0.911712
39.574,0.0613592,0.0337476,1.22625,0.973939
39.576,0.0613592,0.0337476,1.10363,0.876545
39.578,0.0613592,0.0368155,0.993264,0.942289
39.58,0.0644272,0.0368155,1.04734,0.84806
39.582,0.0644272,0.0398835,0.942602,0.916652
39.584,0.0644272,0.0398835,0.848342,0.824987
39.586,0.0674952,0.0398835,0.916906,0.742488
39.588,0.0674952,0.0398835,0.825215,0.668239
39.59,0.0674952,0.0368155,0.742694,0.448017
39.592,0.0674952,0.0368155,0.668424,0.403216
39.594,0.0674952,0.0368155,0.601582,0.362894
39.596,0.0674952,0.0368155,0.541424,0.326605
39.598,0.0674952,0.0368155,0.487281,0.293944
39.6,0.0674952,0.0368155,0.438553,0.26455
39.602,0.0674952,0.0368155,0.394698,0.238095
39.604,0.0674952,0.0368155,0.355228,0.214285
39.606,0.0674952,0.0368155,0.319705,0.192857
39.608,0.0674952,0.0368155,0.287735,0.173571
39.61,0.0705631,0.0368155,0.412359,0.156214
39.612,0.0705631,0.0398835,0.371123,0.293991
39.614,0.0705631,0.0398835,0.334011,0.264592
39.616,0.0705631,0.0398835,0.30061,0.238132
39.618,0.0736311,0.0398835,0.423947,0.214319
39.62,0.0736311,0.0429515,0.381552,0.346285
39.622,0.0736311,0.0429515,0.343397,0.311657
39.624,0.0736311,0.0429515,0.309057,0.280491
39.626,0.076699,0.0460194,0.43155,0.40584
39.628,0.076699,0.0460194,0.388395,0.365256
39.63,0.076699,0.0460194,0.349555,0.32873
39.632,0.076699,0.0460194,0.3146,0.295857
39.634,0.076699,0.0460194,0.28314,0.266272
39.636,0.076699,0.0460194,0.254826,0.239645
39.638,0.076699,0.0460194,0.229343,0.21568
39.64,0.076699,0.0460194,0.206409,0.194112
39.642,0.0736311,0.0460194,0.0323699,0.174701
39.644,0.0736311,0.0460194,0.0291329,0.157231
39.646,0.0736311,0.0429515,0.0262196,-0.0118904
39.648,0.0705631,0.0429515,-0.1298,-0.0107013
39.65,0.0674952,0.0429515,-0.270218,-0.00963121
39.652,0.0674952,0.0398835,-0.243197,-0.162066
39.654,0.0644272,0.0398835,-0.372275,-0.14586
39.656,0.0613592,0.0368155,-0.488446,-0.284672
39.658,0.0613592,0.0337476,-0.439601,-0.409603
39.66,0.0582913,0.0306796,-0.549039,-0.52204
39.662,0.0552233,0.0306796,-0.647533,-0.469836
39.664,0.0521553,0.0276117,-0.736178,-0.576251
39.666,0.0521553,0.0245437,-0.66256,-0.672024
39.668,0.0490874,0.0245437,-0.749702,-0.604821
39.67,0.0490874,0.0214757,-0.674732,-0.697737
39.672,0.0460194,0.0214757,-0.760657,-0.627964
39.674,0.0460194,0.0214757,-0.684591,-0.565167
39.676,0.0429515,0.0214757,-0.76953,-0.508651
39.678,0.0429515,0.0214757,-0.692577,-0.457785
39.68,0.0398835,0.0214757,-0.776717,-0.412007
39.682,0.0398835,0.0184078,-0.699046,-0.524204
39.684,0.0398835,0.0184078,-0.629141,-0.471784
39.686,0.0368155,0.0184078,-0.719625,-0.424605
39.688,0.0368155,0.0153398,-0.647663,-0.535543
39.69,0.0337476,0.0153398,-0.736294,-0.481989
39.692,0.0337476,0.0153398,-0.662665,-0.43379
39.694,0.0306796,0.0153398,-0.749797,-0.390411
39.696,0.0306796,0.0153398,-0.674817,-0.35137
39.698,0.0276117,0.0122718,-0.760733,-0.469631
39.7,0.0276117,0.0122718,-0.68466,-0.422668
39.702,0.0245437,0.00920388,-0.769592,-0.533799
39.704,0.0245437,0.00920388,-0.692633,-0.480419
39.706,0.0214757,0.00920388,-0.776768,-0.432377
39.708,0.0184078,0.00613592,-0.852489,-0.542538
39.71,0.0184078,0.00613592,-0.76724,-0.488284
39.712,0.0153398,0.00613592,-0.843914,-0.439455
39.714,0.0153398,0.00306796,-0.759523,-0.548908
39.716,0.0122718,0.00306796,-0.836969,-0.494017
39.718,0.00920388,0.00306796,-0.90667,-0.444615
39.72,0.00613592,0,-0.969401,-0.553552
39.722,0.00306796,0,-1.02586,-0.498197
39.724,0.00306796,-0.00306796,-0.923273,-0.601775
39.726,-0,-0.00306796,-0.984344,-0.541598
39.728,-0.00306796,-0.00613592,-1.03931,-0.640836
39.73,-0.00613592,-0.00920388,-1.08877,-0.73015
39.732,-0.00920388,-0.0122718,-1.1333,-0.810534
39.734,-0.00920388,-0.0122718,-1.01997,-0.72948
39.736,-0.0122718,-0.0153398,-1.07137,-0.80993
39.738,-0.0153398,-0.0184078,-1.11763,-0.882335
39.74,-0.0184078,-0.0214757,-1.15926,-0.9475
39.742,-0.0214757,-0.0214757,-1.19674,-0.85275
39.744,-0.0214757,-0.0245437,-1.07706,-0.920873
39.746,-0.0245437,-0.0245437,-1.12275,-0.828786
39.748,-0.0245437,-0.0245437,-1.01048,-0.745907
39.75,-0.0276117,-0.0245437,-1.06283,-0.671316
39.752,-0.0276117,-0.0245437,-0.956546,-0.604185
39.754,-0.0276117,-0.0245437,-0.860891,-0.543766
39.756,-0.0306796,-0.0245437,-0.9282,-0.48939
39.758,-0.0306796,-0.0276117,-0.83538,-0.593849
39.76,-0.0306796,-0.0245437,-0.751842,-0.381066
39.762,-0.0337476,-0.0245437,-0.830056,-0.342959
39.764,-0.0337476,-0.0276117,-0.74705,-0.462061
39.766,-0.0337476,-0.0276117,-0.672345,-0.415855
39.768,-0.0337476,-0.0276117,-0.605111,-0.37427
39.77,-0.0368155,-0.0276117,-0.697998,-0.336843
39.772,-0.0368155,-0.0276117,-0.628198,-0.303158
39.774,-0.0398835,-0.0276117,-0.718776,-0.272843
39.776,-0.0398835,-0.0276117,-0.646899,-0.245558
39.778,-0.0429515,-0.0306796,-0.735607,-0.374401
39.78,-0.0460194,-0.0306796,-0.815444,-0.336961
39.782,-0.0460194,-0.0337476,-0.7339,-0.456663
39.784,-0.0490874,-0.0368155,-0.813908,-0.564394
39.786,-0.0521553,-0.0368155,-0.885915,-0.507955
39.788,-0.0521553,-0.0398835,-0.797324,-0.610558
39.79,-0.0552233,-0.0429515,-0.870989,-0.7029
39.792,-0.0582913,-0.0429515,-0.937289,-0.63261
39.794,-0.0613592,-0.0460194,-0.996958,-0.722747
39.796,-0.0613592,-0.0460194,-0.897262,-0.650472
39.798,-0.0644272,-0.0490874,-0.960934,-0.738823
39.8,-0.0674952,-0.0521553,-1.01824,-0.818339
39.802,-0.0705631,-0.0552233,-1.06981,-0.889903
39.804,-0.0736311,-0.0582913,-1.11623,-0.954311
39.806,-0.076699,-0.0613592,-1.158,-1.01228
39.808,-0.079767,-0.0613592,-1.1956,-0.91105
39.81,-0.079767,-0.0644272,-1.07604,-0.973343
39.812,-0.082835,-0.0674952,-1.12184,-1.02941
39.814,-0.082835,-0.0705631,-1.00965,-1.07986
39.816,-0.0859029,-0.0705631,-1.06209,-0.971878
39.818,-0.0859029,-0.0705631,-0.955877,-0.87469
39.82,-0.0889709,-0.0736311,-1.01369,-0.940619
39.822,-0.0889709,-0.0736311,-0.912318,-0.846557
39.824,-0.0889709,-0.0736311,-0.821087,-0.761902
39.826,-0.0889709,-0.0736311,-0.738978,-0.685711
39.828,-0.0920388,-0.0736311,-0.818478,-0.61714
39.83,-0.0920388,-0.076699,-0.73663,-0.708824
39.832,-0.0920388,-0.076699,-0.662967,-0.637942
39.834,-0.0920388,-0.076699,-0.596671,-0.574148
39.836,-0.0920388,-0.076699,-0.537004,-0.516733
39.838,-0.0920388,-0.076699,-0.483303,-0.46506
39.84,-0.0889709,-0.0736311,-0.281575,-0.265156
39.842,-0.0889709,-0.0736311,-0.253417,-0.23864
39.844,-0.0889709,-0.0736311,-0.228076,-0.214776
39.846,-0.0859029,-0.0736311,-0.0518699,-0.193298
39.848,-0.0859029,-0.0705631,-0.0466829,-0.0205705
39.85,-0.082835,-0.0705631,0.111383,-0.0185134
39.852,-0.082835,-0.0674952,0.100245,0.136736
39.854,-0.079767,-0.0644272,0.243619,0.27646
39.856,-0.076699,-0.0644272,0.372655,0.248814
39.858,-0.076699,-0.0613592,0.335389,0.377331
39.86,-0.0736311,-0.0613592,0.455249,0.339598
39.862,-0.0705631,-0.0582913,0.563122,0.459036
39.864,-0.0674952,-0.0552233,0.660208,0.566531
39.866,-0.0674952,-0.0552233,0.594187,0.509878
39.868,-0.0613592,-0.0521553,0.841564,0.612288
39.87,-0.0613592,-0.0490874,0.757408,0.704457
39.872,-0.0582913,-0.0490874,0.835065,0.634011
39.874,-0.0552233,-0.0460194,0.904957,0.724008
39.876,-0.0521553,-0.0429515,0.967859,0.805006
39.878,-0.0521553,-0.0429515,0.871073,0.724505
39.88,-0.0490874,-0.0429515,0.937364,0.652055
39.882,-0.0460194,-0.0398835,0.997026,0.740247
39.884,-0.0460194,-0.0398835,0.897323,0.666222
39.886,-0.0429515,-0.0368155,0.960989,0.752998
39.888,-0.0398835,-0.0368155,1.01829,0.677698
39.89,-0.0368155,-0.0337476,1.06986,0.763327
39.892,-0.0337476,-0.0337476,1.11627,0.686994
39.894,-0.0337476,-0.0306796,1.00464,0.771693
39.896,-0.0306796,-0.0306796,1.05758,0.694523
39.898,-0.0276117,-0.0276117,1.10522,0.778469
39.9,-0.0245437,-0.0245437,1.14809,0.85402
39.902,-0.0214757,-0.0245437,1.18668,0.768618
39.904,-0.0184078,-0.0214757,1.22141,0.845155
39.906,-0.0184078,-0.0214757,1.09927,0.760639
39.908,-0.0153398,-0.0184078,1.14274,0.837973
39.91,-0.0122718,-0.0153398,1.18187,0.907574
39.912,-0.00920388,-0.0153398,1.21708,0.816817
39.914,-0.00613592,-0.0122718,1.24877,0.888533
39.916,-0.00613592,-0.0122718,1.12389,0.79968
39.918,-0.00306796,-0.00920388,1.1649,0.87311
39.92,-0,-0.00920388,1.20181,0.785799
39.922,0.00306796,-0.00920388,1.23503,0.707219
39.924,0.00306796,-0.00613592,1.11152,0.789895
39.926,0.00613592,-0.00613592,1.15377,0.710906
39.928,0.00920388,-0.00306796,1.19179,0.793213
39.93,0.0122718,-0.00306796,1.22601,0.713892
39.932,0.0122718,0,1.10341,0.795901
39.934,0.0153398,0,1.14647,0.716311
39.936,0.0153398,0,1.03182,0.64468
39.938,0.0184078,0,1.08203,0.580212
39.94,0.0184078,0.00306796,0.973831,0.675589
39.942,0.0214757,0.00306796,1.02985,0.60803
39.944,0.0245437,0.00306796,1.08026,0.547227
39.946,0.0245437,0.00306796,0.972234,0.492504
39.948,0.0276117,0.00306796,1.02841,0.443254
39.95,0.0276117,0.00306796,0.925568,0.398928
39.952,0.0306796,0.00613592,0.986409,0.512434
39.954,0.0337476,0.00613592,1.04117,0.46119
39.956,0.0337476,0.00920388,0.93705,0.568469
39.958,0.0368155,0.00920388,0.996743,0.511622
39.96,0.0398835,0.0122718,1.05047,0.613858
39.962,0.0429515,0.0122718,1.09882,0.552472
39.964,0.0460194,0.0153398,1.14233,0.650623
39.966,0.0490874,0.0184078,1.1815,0.738959
39.968,0.0490874,0.0184078,1.06335,0.665063
39.97,0.0521553,0.0214757,1.11041,0.751955
39.972,0.0552233,0.0214757,1.15277,0.676759
39.974,0.0552233,0.0245437,1.03749,0.762481
39.976,0.0582913,0.0245437,1.08714,0.686233
39.978,0.0613592,0.0245437,1.13182,0.61761
39.98,0.0613592,0.0276117,1.01864,0.709247
39.982,0.0613592,0.0276117,0.916778,0.638322
39.984,0.0613592,0.0276117,0.8251,0.57449
39.986,0.0644272,0.0276117,0.895988,0.517041
39.988,0.0644272,0.0276117,0.80639,0.465337
39.99,0.0644272,0.0245437,0.725751,0.265405
39.992,0.0644272,0.0245437,0.653176,0.238865
39.994,0.0644272,0.0245437,0.587858,0.214978
39.996,0.0644272,0.0245437,0.529072,0.19348
39.998,0.0644272,0.0214757,0.476165,0.0207343
40,0.0644272,0.0214757,0.428548,0.0186609
40.002,0.0644272,0.0214757,0.385694,0.0167948
40.004,0.0644272,0.0214757,0.347124,0.0151153
40.006,0.0644272,0.0184078,0.312412,-0.139794
40.008,0.0674952,0.0214757,0.434569,0.0275832
40.01,0.0674952,0.0214757,0.391112,0.0248249
40.012,0.0674952,0.0214757,0.352001,0.0223424
40.014,0.0705631,0.0214757,0.470199,0.0201082
40.016,0.0705631,0.0245437,0.423179,0.171495
40.018,0.0705631,0.0245437,0.380861,0.154346
40.02,0.0705631,0.0245437,0.342775,0.138911
40.022,0.0705631,0.0214757,0.308497,-0.0283779
40.024,0.0705631,0.0214757,0.277648,-0.0255401
40.026,0.0705631,0.0184078,0.249883,-0.176384
40.028,0.0674952,0.0184078,0.0714965,-0.158746
40.03,0.0674952,0.0153398,0.0643468,-0.296269
40.032,0.0674952,0.0122718,0.0579122,-0.42004
40.034,0.0644272,0.0122718,-0.101277,-0.378036
40.036,0.0644272,0.00920388,-0.0911494,-0.493631
40.038,0.0644272,0.00920388,-0.0820345,-0.444268
40.04,0.0613592,0.00920388,-0.227229,-0.399841
40.042,0.0613592,0.00613592,-0.204506,-0.513255
40.044,0.0613592,0.00306796,-0.184056,-0.615328
40.046,0.0582913,0.00306796,-0.319048,-0.553795
40.048,0.0582913,0,-0.287143,-0.651813
40.05,0.0582913,0,-0.258429,-0.586632
40.052,0.0552233,-0.00306796,-0.385984,-0.681367
40.054,0.0552233,-0.00306796,-0.347386,-0.61323
40.056,0.0552233,-0.00306796,-0.312647,-0.551907
40.058,0.0552233,-0.00613592,-0.281382,-0.650115
40.06,0.0521553,-0.00613592,-0.406642,-0.585103
40.062,0.0521553,-0.00613592,-0.365978,-0.526593
40.064,0.0521553,-0.00920388,-0.32938,-0.627332
40.066,0.0521553,-0.00920388,-0.296442,-0.564598
40.068,0.0521553,-0.00920388,-0.266798,-0.508139
40.07,0.0521553,-0.00920388,-0.240118,-0.457325
40.072,0.0521553,-0.0122718,-0.216106,-0.56499
40.074,0.0521553,-0.0122718,-0.194496,-0.508491
40.076,0.0521553,-0.0122718,-0.175046,-0.457642
40.078,0.0521553,-0.0122718,-0.157542,-0.411878
40.08,0.0552233,-0.0122718,0.0116107,-0.37069
40.082,0.0552233,-0.0122718,0.0104496,-0.333621
40.084,0.0582913,-0.00920388,0.162803,-0.146861
40.086,0.0582913,-0.00920388,0.146522,-0.132175
40.088,0.0613592,-0.00613592,0.285268,0.0344407
40.09,0.0613592,-0.00613592,0.256741,0.0309966
40.092,0.0644272,-0.00306796,0.384465,0.181295
40.094,0.0644272,-0.00306796,0.346019,0.163166
40.096,0.0644272,-0.00306796,0.311417,0.146849
40.098,0.0674952,-0.00306796,0.433673,0.132164
40.1,0.0674952,0,0.390306,0.272346
40.102,0.0674952,0,0.351275,0.245111
40.104,0.0705631,0,0.469546,0.2206
40.106,0.0705631,0,0.422591,0.19854
40.108,0.0705631,0,0.380332,0.178686
40.11,0.0705631,0,0.342299,0.160817
40.112,0.0705631,0,0.308069,0.144736
40.114,0.0705631,0,0.277262,0.130262
40.116,0.0674952,-0.00306796,0.0961379,-0.0361622
40.118,0.0674952,-0.00306796,0.0865241,-0.0325459
40.12,0.0674952,-0.00613592,0.0778717,-0.182689
40.122,0.0644272,-0.00613592,-0.0833136,-0.16442
40.124,0.0644272,-0.00920388,-0.0749822,-0.301377
40.126,0.0613592,-0.0122718,-0.220882,-0.424637
40.128,0.0613592,-0.0122718,-0.198794,-0.382173
40.13,0.0582913,-0.0153398,-0.332313,-0.497354
40.132,0.0582913,-0.0184078,-0.299081,-0.601017
40.134,0.0552233,-0.0214757,-0.422571,-0.694313
40.136,0.0552233,-0.0214757,-0.380314,-0.624882
40.138,0.0552233,-0.0245437,-0.342283,-0.715792
40.14,0.0552233,-0.0245437,-0.308054,-0.644213
40.142,0.0552233,-0.0245437,-0.277249,-0.579791
40.144,0.0552233,-0.0245437,-0.249524,-0.521812
40.146,0.0552233,-0.0245437,-0.224572,-0.469631
40.148,0.0552233,-0.0245437,-0.202115,-0.422668
40.15,0.0552233,-0.0245437,-0.181903,-0.380401
40.152,0.0552233,-0.0245437,-0.163713,-0.342361
40.154,0.0582913,-0.0245437,0.0060566,-0.308125
40.156,0.0582913,-0.0245437,0.00545094,-0.277312
40.158,0.0582913,-0.0245437,0.00490584,-0.249581
40.16,0.0582913,-0.0245437,0.00441526,-0.224623
40.162,0.0613592,-0.0245437,0.157372,-0.202161
40.164,0.0613592,-0.0245437,0.141635,-0.181945
40.166,0.0613592,-0.0245437,0.127471,-0.16375
40.168,0.0613592,-0.0245437,0.114724,-0.147375
40.17,0.0613592,-0.0245437,0.103252,-0.132638
40.172,0.0644272,-0.0245437,0.246325,-0.119374
40.174,0.0644272,-0.0245437,0.221692,-0.107436
40.176,0.0644272,-0.0214757,0.199523,0.0567052
40.178,0.0674952,-0.0214757,0.332969,0.0510347
40.18,0.0674952,-0.0214757,0.299672,0.0459312
40.182,0.0674952,-0.0214757,0.269705,0.0413381
40.184,0.0705631,-0.0214757,0.396132,0.0372043
40.186,0.0705631,-0.0214757,0.356519,0.0334839
40.188,0.0736311,-0.0184078,0.474265,0.183534
40.19,0.0736311,-0.0184078,0.426839,0.16518
40.192,0.076699,-0.0153398,0.537553,0.30206
40.194,0.076699,-0.0153398,0.483798,0.271854
40.196,0.076699,-0.0153398,0.435418,0.244669
40.198,0.079767,-0.0153398,0.545274,0.220202
40.2,0.079767,-0.0153398,0.490747,0.198182
40.202,0.082835,-0.0153398,0.59507,0.178364
40.204,0.082835,-0.0122718,0.535563,0.313925
40.206,0.082835,-0.0153398,0.482007,0.129135
40.208,0.0859029,-0.0153398,0.587204,0.116221
40.21,0.0859029,-0.0122718,0.528484,0.257997
40.212,0.0859029,-0.0153398,0.475635,0.0787994
40.214,0.0859029,-0.0153398,0.428072,0.0709194
40.216,0.0859029,-0.0153398,0.385265,0.0638275
40.218,0.0889709,-0.0153398,0.500136,0.0574447
40.22,0.0889709,-0.0153398,0.450123,0.0517003
40.222,0.0889709,-0.0153398,0.40511,0.0465302
40.224,0.0889709,-0.0153398,0.364599,0.0418772
40.226,0.0920388,-0.0153398,0.481537,0.0376895
40.228,0.0920388,-0.0153398,0.433384,0.0339205
40.23,0.0951068,-0.0153398,0.543443,0.0305285
40.232,0.0951068,-0.0122718,0.489099,0.180874
40.234,0.0981748,-0.0122718,0.593587,0.162786
40.236,0.0981748,-0.0122718,0.534229,0.146508
40.238,0.101243,-0.0122718,0.634204,0.131857
40.24,0.101243,-0.00920388,0.570783,0.272069
40.242,0.101243,-0.00920388,0.513705,0.244862
40.244,0.104311,-0.00920388,0.615733,0.220376
40.246,0.104311,-0.00920388,0.554159,0.198339
40.248,0.104311,-0.00920388,0.498743,0.178505
40.25,0.107379,-0.00920388,0.602267,0.160654
40.252,0.107379,-0.00920388,0.54204,0.144589
40.254,0.110447,-0.00920388,0.641234,0.13013
40.256,0.110447,-0.00613592,0.577111,0.270515
40.258,0.113515,-0.00613592,0.672798,0.243464
40.26,0.113515,-0.00306796,0.605518,0.372515
40.262,0.116583,-0.00306796,0.698364,0.335264
40.264,0.116583,-0.00306796,0.628528,0.301737
40.266,0.119651,-0.00306796,0.719073,0.271564
40.268,0.119651,0,0.647166,0.397805
40.27,0.122718,0,0.735847,0.358025
40.272,0.122718,0,0.662263,0.322222
40.274,0.125786,0.00306796,0.749435,0.443398
40.276,0.125786,0.00306796,0.674491,0.399058
40.278,0.128854,0.00306796,0.76044,0.359153
40.28,0.131922,0.00306796,0.837794,0.323237
40.282,0.131922,0.00306796,0.754015,0.290914
40.284,0.13499,0.00613592,0.832011,0.41522
40.286,0.13499,0.00613592,0.74881,0.373698
40.288,0.138058,0.00613592,0.827327,0.336328
40.29,0.138058,0.00920388,0.744595,0.456094
40.292,0.141126,0.00920388,0.823533,0.410484
40.294,0.141126,0.00920388,0.74118,0.369436
40.296,0.144194,0.0122718,0.82046,0.48589
40.298,0.147262,0.0122718,0.891812,0.437301
40.3,0.147262,0.0122718,0.802631,0.393571
40.302,0.147262,0.0122718,0.722368,0.354214
40.304,0.15033,0.0153398,0.803529,0.472191
40.306,0.15033,0.0153398,0.723176,0.424972
40.308,0.15033,0.0153398,0.650859,0.382474
40.31,0.15033,0.0153398,0.585773,0.344227
40.312,0.153398,0.0153398,0.680593,0.309804
40.314,0.153398,0.0153398,0.612534,0.278824
40.316,0.153398,0.0153398,0.551281,0.250942
40.318,0.15033,0.0122718,0.342755,0.0724493
40.32,0.15033,0.0122718,0.308479,0.0652044
40.322,0.15033,0.00920388,0.277631,-0.0947142
40.324,0.15033,0.00920388,0.249868,-0.0852427
40.326,0.15033,0.00613592,0.224881,-0.230117
40.328,0.147262,0.00613592,0.0489951,-0.207105
40.33,0.147262,0.00306796,0.0440956,-0.339792
40.332,0.147262,0.00306796,0.039686,-0.305813
40.334,0.147262,0,0.0357174,-0.42863
40.336,0.147262,0,0.0321457,-0.385767
40.338,0.147262,-0.00306796,0.0289311,-0.500588
40.34,0.144194,-0.00306796,-0.12736,-0.45053
40.342,0.144194,-0.00306796,-0.114624,-0.405477
40.344,0.147262,-0.00306796,0.0502364,-0.364929
40.346,0.147262,-0.00306796,0.0452128,-0.328436
40.348,0.147262,-0.00306796,0.0406915,-0.295592
40.35,0.147262,-0.00306796,0.0366223,-0.266033
40.352,0.147262,-0.00306796,0.0329601,-0.23943
40.354,0.15033,-0.00306796,0.183062,-0.215487
40.356,0.15033,-0.00306796,0.164756,-0.193938
40.358,0.15033,-0.00306796,0.14828,-0.174544
40.36,0.15033,-0.00306796,0.133452,-0.15709
40.362,0.153398,-0.00306796,0.273505,-0.141381
40.364,0.153398,-0.00306796,0.246155,-0.127243
40.366,0.153398,-0.00306796,0.221539,-0.114519
40.368,0.153398,-0.00306796,0.199385,-0.103067
40.37,0.156466,-0.00306796,0.332845,-0.09276
40.372,0.156466,-0.00306796,0.29956,-0.083484
40.374,0.156466,-0.00306796,0.269604,-0.0751356
40.376,0.156466,-0.00306796,0.242644,-0.0676221
40.378,0.159534,-0.00306796,0.371778,-0.0608599
40.38,0.159534,0,0.3346,0.0986242
40.382,0.159534,0,0.30114,0.0887618
40.384,0.162602,0,0.424424,0.0798856
40.386,0.162602,0.00306796,0.381982,0.225295
40.388,0.162602,0.00306796,0.343783,0.202766
40.39,0.16567,0.00306796,0.462803,0.182489
40.392,0.168738,0.00613592,0.569921,0.317638
40.394,0.168738,0.00613592,0.512929,0.285874
40.396,0.171806,0.00920388,0.615034,0.410685
40.398,0.171806,0.00920388,0.553531,0.369617
40.4,0.174874,0.0122718,0.651576,0.486053
40.402,0.174874,0.0122718,0.586418,0.437448
40.404,0.177942,0.0122718,0.681174,0.393703
40.406,0.177942,0.0122718,0.613057,0.354333
40.408,0.18101,0.0153398,0.705149,0.472297
40.41,0.18101,0.0153398,0.634634,0.425068
40.412,0.184078,0.0153398,0.724569,0.382561
40.414,0.184078,0.0153398,0.652112,0.344305
40.416,0.184078,0.0153398,0.586901,0.309874
40.418,0.187146,0.0184078,0.681609,0.432285
40.42,0.187146,0.0184078,0.613448,0.389056
40.422,0.187146,0.0184078,0.552103,0.350151
40.424,0.187146,0.0184078,0.496893,0.315136
40.426,0.190214,0.0184078,0.600602,0.283622
40.428,0.190214,0.0184078,0.540541,0.25526
40.43,0.190214,0.0184078,0.486487,0.229734
40.432,0.190214,0.0214757,0.437839,0.360159
40.434,0.190214,0.0214757,0.394055,0.324143
40.436,0.190214,0.0214757,0.354649,0.291729
40.438,0.190214,0.0184078,0.319184,0.109158
40.44,0.193282,0.0184078,0.440664,0.0982418
40.442,0.190214,0.0184078,0.2432,0.0884176
40.444,0.190214,0.0184078,0.21888,0.0795759
40.446,0.190214,0.0184078,0.196992,0.0716183
40.448,0.190214,0.0184078,0.177292,0.0644565
40.45,0.190214,0.0153398,0.159563,-0.0953873
40.452,0.190214,0.0153398,0.143607,-0.0858485
40.454,0.190214,0.0153398,0.129246,-0.0772637
40.456,0.190214,0.0153398,0.116322,-0.0695373
40.458,0.190214,0.0153398,0.104689,-0.0625836
40.46,0.190214,0.0153398,0.0942205,-0.0563252
40.462,0.190214,0.0153398,0.0847984,-0.0506927
40.464,0.193282,0.0153398,0.229717,-0.0456234
40.466,0.193282,0.0153398,0.206745,-0.0410611
40.468,0.193282,0.0153398,0.18607,-0.036955
40.47,0.193282,0.0184078,0.167463,0.120139
40.472,0.193282,0.0184078,0.150717,0.108125
40.474,0.193282,0.0184078,0.135645,0.0973123
40.476,0.193282,0.0184078,0.122081,0.087581
40.478,0.193282,0.0184078,0.109873,0.0788229
40.48,0.193282,0.0184078,0.0988855,0.0709406
40.482,0.193282,0.0153398,0.0889969,-0.0895515
40.484,0.193282,0.0153398,0.0800972,-0.0805964
40.486,0.193282,0.0153398,0.0720875,-0.0725367
40.488,0.193282,0.0153398,0.0648788,-0.065283
40.49,0.193282,0.0153398,0.0583909,-0.0587547
40.492,0.193282,0.0153398,0.0525518,-0.0528793
40.494,0.193282,0.0153398,0.0472966,-0.0475913
40.496,0.193282,0.0153398,0.042567,-0.0428322
40.498,0.19635,0.0153398,0.191708,-0.038549
40.5,0.19635,0.0184078,0.172538,0.118704
40.502,0.19635,0.0184078,0.155284,0.106834
40.504,0.19635,0.0184078,0.139755,0.0961502
40.506,0.19635,0.0184078,0.12578,0.0865352
40.508,0.19635,0.0214757,0.113202,0.23128
40.51,0.19635,0.0184078,0.101882,0.0547537
40.512,0.19635,0.0214757,0.0916935,0.202676
40.514,0.19635,0.0214757,0.0825242,0.182409
40.516,0.19635,0.0184078,0.0742717,0.0107698
40.518,0.19635,0.0184078,0.0668446,0.00969284
40.52,0.19635,0.0184078,0.0601601,0.00872356
40.522,0.193282,0.0184078,-0.099254,0.0078512
40.524,0.193282,0.0184078,-0.0893286,0.00706608
40.526,0.193282,0.0153398,-0.0803957,-0.147039
40.528,0.190214,0.0153398,-0.225754,-0.132335
40.53,0.190214,0.0153398,-0.203179,-0.119101
40.532,0.187146,0.0122718,-0.336259,-0.260589
40.534,0.187146,0.0122718,-0.302633,-0.23453
40.536,0.184078,0.00920388,-0.425768,-0.364475
40.538,0.184078,0.00613592,-0.383191,-0.481426
40.54,0.18101,0.00306796,-0.49827,-0.586681
40.542,0.177942,0.00306796,-0.601841,-0.528013
40.544,0.174874,0,-0.695055,-0.62861
40.546,0.174874,0,-0.62555,-0.565749
40.548,0.171806,-0.00306796,-0.716393,-0.662572
40.55,0.168738,-0.00613592,-0.798152,-0.749713
40.552,0.16567,-0.00613592,-0.871734,-0.674742
40.554,0.16567,-0.00920388,-0.784561,-0.760666
40.556,0.162602,-0.0122718,-0.859503,-0.837997
40.558,0.159534,-0.0122718,-0.926951,-0.754197
40.56,0.159534,-0.0153398,-0.834256,-0.832176
40.562,0.156466,-0.0184078,-0.904228,-0.902356
40.564,0.153398,-0.0214757,-0.967203,-0.965519
40.566,0.15033,-0.0245437,-1.02388,-1.02236
40.568,0.15033,-0.0245437,-0.921493,-0.920128
40.57,0.147262,-0.0276117,-0.982742,-0.981514
40.572,0.147262,-0.0306796,-0.884468,-1.03676
40.574,0.144194,-0.0306796,-0.949419,-0.933084
40.576,0.141126,-0.0337476,-1.00788,-0.993174
40.578,0.141126,-0.0337476,-0.907088,-0.893857
40.58,0.141126,-0.0368155,-0.816379,-0.957869
40.582,0.138058,-0.0368155,-0.888139,-0.862082
40.584,0.138058,-0.0368155,-0.799325,-0.775874
40.586,0.138058,-0.0368155,-0.719393,-0.698287
40.588,0.138058,-0.0368155,-0.647453,-0.628458
40.59,0.138058,-0.0368155,-0.582708,-0.565612
40.592,0.138058,-0.0368155,-0.524437,-0.509051
40.594,0.13499,-0.0368155,-0.625392,-0.458146
40.596,0.13499,-0.0368155,-0.562852,-0.412331
40.598,0.13499,-0.0368155,-0.506567,-0.371098
40.6,0.13499,-0.0398835,-0.45591,-0.487386
40.602,0.13499,-0.0398835,-0.410319,-0.438648
40.604,0.131922,-0.0398835,-0.522686,-0.394783
40.606,0.131922,-0.0398835,-0.470417,-0.355305
40.608,0.131922,-0.0429515,-0.423375,-0.473172
40.61,0.131922,-0.0429515,-0.381038,-0.425855
40.612,0.131922,-0.0429515,-0.342934,-0.38327
40.614,0.128854,-0.0429515,-0.462039,-0.344943
40.616,0.128854,-0.0429515,-0.415835,-0.310448
40.618,0.128854,-0.0460194,-0.374251,-0.432802
40.62,0.131922,-0.0460194,-0.183428,-0.389521
40.622,0.131922,-0.0460194,-0.165085,-0.350569
40.624,0.131922,-0.0429515,-0.148577,-0.162114
40.626,0.131922,-0.0429515,-0.133719,-0.145903
40.628,0.13499,-0.0429515,0.0330509,-0.131313
40.63,0.13499,-0.0429515,0.0297458,-0.118181
40.632,0.13499,-0.0398835,0.0267712,0.0470349
40.634,0.13499,-0.0398835,0.0240941,0.0423314
40.636,0.138058,-0.0398835,0.175083,0.0380983
40.638,0.138058,-0.0398835,0.157574,0.0342884
40.64,0.138058,-0.0368155,0.141817,0.184258
40.642,0.141126,-0.0368155,0.281033,0.165832
40.644,0.141126,-0.0368155,0.25293,0.149249
40.646,0.144194,-0.0337476,0.381035,0.287722
40.648,0.147262,-0.0337476,0.49633,0.25895
40.65,0.147262,-0.0306796,0.446697,0.386453
40.652,0.15033,-0.0306796,0.555425,0.347808
40.654,0.15033,-0.0276117,0.499883,0.466425
40.656,0.153398,-0.0245437,0.603292,0.57318
40.658,0.156466,-0.0245437,0.696361,0.515862
40.66,0.159534,-0.0214757,0.780123,0.617674
40.662,0.159534,-0.0214757,0.702111,0.555907
40.664,0.162602,-0.0184078,0.785298,0.653714
40.666,0.16567,-0.0153398,0.860166,0.741741
40.668,0.168738,-0.0122718,0.927548,0.820965
40.67,0.171806,-0.0122718,0.988191,0.738868
40.672,0.171806,-0.00920388,0.889372,0.81838
40.674,0.174874,-0.00920388,0.953833,0.736542
40.676,0.174874,-0.00613592,0.858449,0.816286
40.678,0.177942,-0.00613592,0.926003,0.734657
40.68,0.18101,-0.00306796,0.9868,0.814589
40.682,0.184078,0,1.04152,0.886529
40.684,0.184078,0,0.937367,0.797876
40.686,0.187146,0,0.997028,0.718088
40.688,0.187146,0.00306796,0.897325,0.799677
40.69,0.187146,0.00306796,0.807593,0.71971
40.692,0.190214,0.00306796,0.880232,0.647739
40.694,0.190214,0.00306796,0.792208,0.582965
40.696,0.190214,0.00306796,0.712988,0.524668
40.698,0.190214,0.00306796,0.641689,0.472201
40.7,0.190214,0.00306796,0.57752,0.424981
40.702,0.190214,0.00306796,0.519768,0.382483
40.704,0.193282,0.00306796,0.621189,0.344235
40.706,0.193282,0.00306796,0.55907,0.309811
40.708,0.193282,0,0.503163,0.125432
40.71,0.19635,0,0.606245,0.112889
40.712,0.19635,0.00306796,0.545621,0.254998
40.714,0.19635,0.00613592,0.491058,0.382896
40.716,0.199418,0.00613592,0.595351,0.344607
40.718,0.202485,0.00613592,0.689214,0.310146
40.72,0.202485,0.00920388,0.620292,0.43253
40.722,0.205553,0.0122718,0.711661,0.542675
40.724,0.208621,0.0153398,0.793893,0.641805
40.726,0.211689,0.0153398,0.867902,0.577625
40.728,0.211689,0.0184078,0.781112,0.67326
40.73,0.214757,0.0184078,0.856399,0.605934
40.732,0.214757,0.0214757,0.770759,0.698739
40.734,0.217825,0.0214757,0.847081,0.628865
40.736,0.217825,0.0214757,0.762373,0.565979
40.738,0.220893,0.0245437,0.839534,0.662779
40.74,0.220893,0.0245437,0.75558,0.596501
40.742,0.223961,0.0276117,0.83342,0.690249
40.744,0.223961,0.0276117,0.750078,0.621224
40.746,0.227029,0.0306796,0.828469,0.7125
40.748,0.227029,0.0306796,0.745622,0.64125
40.75,0.230097,0.0337476,0.824458,0.730523
40.752,0.230097,0.0337476,0.742012,0.657471
40.754,0.230097,0.0368155,0.667811,0.745122
40.756,0.233165,0.0368155,0.754428,0.670609
40.758,0.233165,0.0368155,0.678985,0.603548
40.76,0.233165,0.0368155,0.611086,0.543194
40.762,0.233165,0.0368155,0.549978,0.488874
40.764,0.233165,0.0368155,0.49498,0.439987
40.766,0.233165,0.0368155,0.445482,0.395988
40.768,0.233165,0.0368155,0.400934,0.356389
40.77,0.230097,0.0337476,0.207442,0.167352
40.772,0.230097,0.0337476,0.186698,0.150617
40.774,0.230097,0.0337476,0.168028,0.135555
40.776,0.227029,0.0306796,-0.00217261,-0.0313982
40.778,0.227029,0.0306796,-0.00195535,-0.0282584
40.78,0.223961,0.0276117,-0.155158,-0.178831
40.782,0.223961,0.0276117,-0.139642,-0.160948
40.784,0.223961,0.0245437,-0.125678,-0.298251
40.786,0.220893,0.0214757,-0.266508,-0.421824
40.788,0.220893,0.0214757,-0.239857,-0.379642
40.79,0.220893,0.0214757,-0.215872,-0.341677
40.792,0.220893,0.0214757,-0.194284,-0.30751
40.794,0.217825,0.0214757,-0.328254,-0.276759
40.796,0.217825,0.0184078,-0.295429,-0.402481
40.798,0.217825,0.0184078,-0.265886,-0.362233
40.8,0.217825,0.0184078,-0.239297,-0.32601
40.802,0.214757,0.0184078,-0.368766,-0.293409
40.804,0.214757,0.0153398,-0.331889,-0.417466
40.806,0.211689,0.0153398,-0.452098,-0.375719
40.808,0.211689,0.0153398,-0.406888,-0.338147
40.81,0.208621,0.0122718,-0.519598,-0.457731
40.812,0.208621,0.0122718,-0.467638,-0.411958
40.814,0.205553,0.00920388,-0.574272,-0.52416
40.816,0.202485,0.00613592,-0.670243,-0.625142
40.818,0.199418,0.00306796,-0.756617,-0.716026
40.82,0.199418,0.00306796,-0.680955,-0.644423
40.822,0.19635,0,-0.766258,-0.733379
40.824,0.193282,0,-0.84303,-0.660041
40.826,0.193282,-0.00306796,-0.758727,-0.747435
40.828,0.190214,-0.00306796,-0.836252,-0.672692
40.83,0.190214,-0.00613592,-0.752627,-0.758821
40.832,0.187146,-0.00613592,-0.830763,-0.682938
40.834,0.187146,-0.00613592,-0.747686,-0.614645
40.836,0.184078,-0.00920388,-0.826316,-0.706578
40.838,0.184078,-0.00920388,-0.743684,-0.63592
40.84,0.18101,-0.00920388,-0.822714,-0.572328
40.842,0.18101,-0.0122718,-0.740442,-0.668494
40.844,0.18101,-0.0122718,-0.666398,-0.601644
40.846,0.177942,-0.0153398,-0.753156,-0.694878
40.848,0.177942,-0.0153398,-0.677841,-0.62539
40.85,0.174874,-0.0153398,-0.763455,-0.562851
40.852,0.174874,-0.0184078,-0.687109,-0.659964
40.854,0.171806,-0.0184078,-0.771796,-0.593968
40.856,0.171806,-0.0214757,-0.694617,-0.687969
40.858,0.168738,-0.0214757,-0.778553,-0.619172
40.86,0.168738,-0.0245437,-0.700698,-0.710653
40.862,0.16567,-0.0276117,-0.784026,-0.792986
40.864,0.16567,-0.0276117,-0.705624,-0.713687
40.866,0.162602,-0.0276117,-0.788459,-0.642318
40.868,0.162602,-0.0276117,-0.709613,-0.578087
40.87,0.162602,-0.0276117,-0.638652,-0.520278
40.872,0.162602,-0.0276117,-0.574787,-0.46825
40.874,0.162602,-0.0276117,-0.517308,-0.421425
40.876,0.159534,-0.0306796,-0.618975,-0.532681
40.878,0.159534,-0.0306796,-0.557078,-0.479413
40.88,0.159534,-0.0306796,-0.50137,-0.431471
40.882,0.159534,-0.0306796,-0.451233,-0.388324
40.884,0.159534,-0.0306796,-0.40611,-0.349492
40.886,0.159534,-0.0306796,-0.365499,-0.314543
40.888,0.159534,-0.0306796,-0.328949,-0.283088
40.89,0.159534,-0.0306796,-0.296054,-0.25478
40.892,0.156466,-0.0306796,-0.419847,-0.229302
40.894,0.156466,-0.0306796,-0.377862,-0.206371
40.896,0.156466,-0.0306796,-0.340076,-0.185734
40.898,0.156466,-0.0306796,-0.306068,-0.167161
40.9,0.159534,-0.0306796,-0.122063,-0.150445
40.902,0.156466,-0.0306796,-0.263255,-0.1354
40.904,0.156466,-0.0306796,-0.23693,-0.12186
40.906,0.156466,-0.0306796,-0.213237,-0.109674
40.908,0.156466,-0.0306796,-0.191913,-0.0987068
40.91,0.156466,-0.0306796,-0.172722,-0.0888361
40.912,0.156466,-0.0337476,-0.155449,-0.233351
40.914,0.156466,-0.0337476,-0.139905,-0.210016
40.916,0.153398,-0.0337476,-0.279312,-0.189014
40.918,0.153398,-0.0337476,-0.251381,-0.170113
40.92,0.153398,-0.0368155,-0.226243,-0.306499
40.922,0.153398,-0.0368155,-0.203619,-0.275849
40.924,0.153398,-0.0368155,-0.183257,-0.248265
40.926,0.153398,-0.0368155,-0.164931,-0.223438
40.928,0.153398,-0.0368155,-0.148438,-0.201094
40.93,0.153398,-0.0368155,-0.133594,-0.180985
40.932,0.153398,-0.0368155,-0.120235,-0.162886
40.934,0.156466,-0.0368155,0.0451868,-0.146598
40.936,0.156466,-0.0337476,0.0406681,0.0214601
40.938,0.156466,-0.0337476,0.0366013,0.0193141
40.94,0.156466,-0.0337476,0.0329412,0.0173827
40.942,0.156466,-0.0337476,0.0296471,0.0156444
40.944,0.156466,-0.0368155,0.0266824,-0.139318
40.946,0.153398,-0.0368155,-0.129384,-0.125386
40.948,0.153398,-0.0368155,-0.116446,-0.112848
40.95,0.153398,-0.0398835,-0.104801,-0.254961
40.952,0.153398,-0.0398835,-0.0943209,-0.229465
40.954,0.153398,-0.0398835,-0.0848888,-0.206518
40.956,0.153398,-0.0429515,-0.0763999,-0.339265
40.958,0.15033,-0.0429515,-0.222158,-0.305338
40.96,0.15033,-0.0429515,-0.199942,-0.274804
40.962,0.15033,-0.0429515,-0.179948,-0.247324
40.964,0.15033,-0.0429515,-0.161953,-0.222592
40.966,0.15033,-0.0429515,-0.145758,-0.200332
40.968,0.15033,-0.0460194,-0.131182,-0.333697
40.97,0.15033,-0.0460194,-0.118064,-0.300327
40.972,0.15033,-0.0460194,-0.106257,-0.270295
40.974,0.15033,-0.0460194,-0.0956317,-0.243265
40.976,0.15033,-0.0490874,-0.0860686,-0.372337
40.978,0.15033,-0.0490874,-0.0774617,-0.335103
40.98,0.15033,-0.0490874,-0.0697155,-0.301593
40.982,0.15033,-0.0490874,-0.062744,-0.271434
40.984,0.15033,-0.0490874,-0.0564696,-0.24429
40.986,0.153398,-0.0490874,0.102575,-0.219861
40.988,0.153398,-0.0490874,0.0923179,-0.197875
40.99,0.156466,-0.0490874,0.236484,-0.178088
40.992,0.156466,-0.0460194,0.212836,-0.00688071
40.994,0.159534,-0.0460194,0.34495,-0.00619264
40.996,0.162602,-0.0429515,0.463853,0.147825
40.998,0.162602,-0.0398835,0.417468,0.28644
41,0.16567,-0.0398835,0.529119,0.257796
41.002,0.168738,-0.0368155,0.629605,0.385415
41.004,0.171806,-0.0337476,0.720043,0.500271
41.006,0.174874,-0.0337476,0.801437,0.450244
41.008,0.174874,-0.0306796,0.721293,0.558618
41.01,0.177942,-0.0306796,0.802562,0.502756
41.012,0.177942,-0.0306796,0.722306,0.45248
41.014,0.18101,-0.0306796,0.803473,0.407232
41.016,0.18101,-0.0276117,0.723126,0.519907
41.018,0.184078,-0.0276117,0.804211,0.467917
41.02,0.184078,-0.0276117,0.72379,0.421125
41.022,0.187146,-0.0276117,0.804809,0.379012
41.024,0.187146,-0.0245437,0.724328,0.494509
41.026,0.190214,-0.0245437,0.805294,0.445058
41.028,0.193282,-0.0214757,0.878162,0.553951
41.03,0.19635,-0.0214757,0.943744,0.498555
41.032,0.199418,-0.0184078,1.00277,0.602098
41.034,0.202485,-0.0153398,1.05589,0.695286
41.036,0.205553,-0.0122718,1.1037,0.779156
41.038,0.211689,-0.00920388,1.30012,0.854638
41.04,0.214757,-0.00613592,1.32351,0.922573
41.042,0.217825,-0.00306796,1.34456,0.983713
41.044,0.223961,0,1.5169,1.03874
41.046,0.227029,0.00613592,1.51861,1.24166
41.048,0.230097,0.00613592,1.52014,1.1175
41.05,0.233165,0.00920388,1.52153,1.15914
41.052,0.236233,0.0122718,1.52277,1.19663
41.054,0.239301,0.0153398,1.52389,1.23036
41.056,0.242369,0.0153398,1.5249,1.10733
41.058,0.245437,0.0184078,1.52581,1.14999
41.06,0.248505,0.0214757,1.52663,1.18839
41.062,0.248505,0.0214757,1.37396,1.06955
41.064,0.251573,0.0214757,1.38997,0.962597
41.066,0.251573,0.0245437,1.25097,1.01974
41.068,0.254641,0.0245437,1.27927,0.917762
41.07,0.254641,0.0245437,1.15134,0.825986
41.072,0.257709,0.0245437,1.18961,0.743387
41.074,0.257709,0.0245437,1.07065,0.669048
41.076,0.257709,0.0245437,0.963582,0.602144
41.078,0.257709,0.0245437,0.867224,0.541929
41.08,0.257709,0.0245437,0.780501,0.487736
41.082,0.260777,0.0245437,0.855849,0.438963
41.084,0.260777,0.0245437,0.770264,0.395066
41.086,0.260777,0.0245437,0.693238,0.35556
41.088,0.263845,0.0245437,0.777312,0.320004
41.09,0.263845,0.0276117,0.699581,0.441401
41.092,0.263845,0.0276117,0.629623,0.397261
41.094,0.266913,0.0276117,0.720059,0.357535
41.096,0.266913,0.0276117,0.648053,0.321782
41.098,0.266913,0.0276117,0.583248,0.289603
41.1,0.269981,0.0276117,0.678321,0.260643
41.102,0.269981,0.0276117,0.610489,0.234579
41.104,0.269981,0.0276117,0.54944,0.211121
41.106,0.269981,0.0276117,0.494496,0.190009
41.108,0.269981,0.0276117,0.445046,0.171008
41.11,0.273049,0.0276117,0.55394,0.153907
41.112,0.273049,0.0276117,0.498546,0.138516
41.114,0.273049,0.0276117,0.448691,0.124665
41.116,0.273049,0.0306796,0.403822,0.265596
41.118,0.276117,0.0306796,0.516838,0.239037
41.12,0.276117,0.0306796,0.465154,0.215133
41.122,0.276117,0.0306796,0.418639,0.19362
41.124,0.279185,0.0306796,0.530173,0.174258
41.126,0.279185,0.0337476,0.477156,0.31023
41.128,0.279185,0.0337476,0.42944,0.279207
41.13,0.279185,0.0337476,0.386496,0.251286
41.132,0.282252,0.0306796,0.501245,0.0727597
41.134,0.282252,0.0337476,0.45112,0.218882
41.136,0.282252,0.0337476,0.406008,0.196994
41.138,0.282252,0.0337476,0.365407,0.177294
41.14,0.279185,0.0337476,0.175468,0.159565
41.142,0.279185,0.0337476,0.157922,0.143608
41.144,0.279185,0.0306796,0.142129,-0.0241506
41.146,0.279185,0.0306796,0.127917,-0.0217355
41.148,0.276117,0.0276117,-0.0382732,-0.17296
41.15,0.276117,0.0276117,-0.0344459,-0.155664
41.152,0.273049,0.0245437,-0.184399,-0.293496
41.154,0.273049,0.0245437,-0.165959,-0.264146
41.156,0.273049,0.0214757,-0.149364,-0.39113
41.158,0.269981,0.0184078,-0.287825,-0.505415
41.16,0.269981,0.0184078,-0.259043,-0.454873
41.162,0.269981,0.0184078,-0.233138,-0.409386
41.164,0.269981,0.0184078,-0.209825,-0.368447
41.166,0.269981,0.0184078,-0.188842,-0.331603
41.168,0.269981,0.0184078,-0.169958,-0.298442
41.17,0.269981,0.0184078,-0.152962,-0.268598
41.172,0.269981,0.0184078,-0.137666,-0.241738
41.174,0.269981,0.0184078,-0.123899,-0.217564
41.176,0.269981,0.0184078,-0.111509,-0.195808
41.178,0.266913,0.0184078,-0.253757,-0.176227
41.18,0.266913,0.0153398,-0.228381,-0.312003
41.182,0.263845,0.0153398,-0.358941,-0.280802
41.184,0.263845,0.0122718,-0.323047,-0.40612
41.186,0.263845,0.0122718,-0.290742,-0.365508
41.188,0.260777,0.00920388,-0.415066,-0.482355
41.19,0.260777,0.00920388,-0.373559,-0.43412
41.192,0.260777,0.00920388,-0.336203,-0.390708
41.194,0.257709,0.00613592,-0.455981,-0.505035
41.196,0.257709,0.00613592,-0.410383,-0.454532
41.198,0.257709,0.00613592,-0.369345,-0.409078
41.2,0.257709,0.00613592,-0.33241,-0.368171
41.202,0.254641,0.00613592,-0.452567,-0.331354
41.204,0.254641,0.00613592,-0.407311,-0.298218
41.206,0.254641,0.00306796,-0.36658,-0.421794
41.208,0.254641,0.00306796,-0.329922,-0.379615
41.21,0.254641,0.00306796,-0.296929,-0.341654
41.212,0.251573,0.00306796,-0.420635,-0.307488
41.214,0.251573,0.00306796,-0.378571,-0.276739
41.216,0.251573,0.00306796,-0.340714,-0.249065
41.218,0.251573,0.00306796,-0.306643,-0.224159
41.22,0.251573,0.00306796,-0.275978,-0.201743
41.222,0.251573,0.00306796,-0.248381,-0.181569
41.224,0.251573,0.00306796,-0.223542,-0.163412
41.226,0.251573,0.00306796,-0.201188,-0.147071
41.228,0.251573,0.00306796,-0.181069,-0.132364
41.23,0.251573,0.00306796,-0.162962,-0.119127
41.232,0.251573,0.00306796,-0.146666,-0.107214
41.234,0.251573,0.00306796,-0.132,-0.096493
41.236,0.251573,0.00306796,-0.1188,-0.0868437
41.238,0.248505,0.00306796,-0.260318,-0.0781594
41.24,0.248505,0.00306796,-0.234286,-0.0703434
41.242,0.248505,0.00306796,-0.210857,-0.0633091
41.244,0.248505,0.00306796,-0.189772,-0.0569782
41.246,0.248505,0.00306796,-0.170794,-0.0512804
41.248,0.248505,0.00306796,-0.153715,-0.0461523
41.25,0.248505,0.00306796,-0.138344,-0.0415371
41.252,0.248505,0.00306796,-0.124509,-0.0373834
41.254,0.248505,0.00306796,-0.112058,-0.033645
41.256,0.248505,0.00306796,-0.100852,-0.0302805
41.258,0.248505,0.00306796,-0.0907672,-0.0272525
41.26,0.245437,0.00306796,-0.235089,-0.0245272
41.262,0.245437,0.00306796,-0.21158,-0.0220745
41.264,0.245437,0.00306796,-0.190422,-0.0198671
41.266,0.245437,0.00306796,-0.17138,-0.0178804
41.268,0.245437,0.00306796,-0.154242,-0.0160923
41.27,0.245437,0.00306796,-0.138817,-0.0144831
41.272,0.242369,0.00306796,-0.278334,-0.0130348
41.274,0.242369,0.00306796,-0.2505,-0.0117313
41.276,0.242369,0,-0.22545,-0.163956
41.278,0.239301,0,-0.356303,-0.147561
41.28,0.239301,0,-0.320673,-0.132805
41.282,0.236233,0,-0.442004,-0.119524
41.284,0.236233,-0.00306796,-0.397803,-0.26097
41.286,0.233165,-0.00306796,-0.511421,-0.234873
41.288,0.233165,-0.00613592,-0.460279,-0.364784
41.29,0.233165,-0.00613592,-0.414251,-0.328305
41.292,0.233165,-0.00613592,-0.372826,-0.295475
41.294,0.233165,-0.00613592,-0.335543,-0.265927
41.296,0.230097,-0.00613592,-0.455387,-0.239335
41.298,0.230097,-0.00613592,-0.409848,-0.215401
41.3,0.230097,-0.00613592,-0.368864,-0.193861
41.302,0.230097,-0.00613592,-0.331977,-0.174475
41.304,0.227029,-0.00613592,-0.452178,-0.157027
41.306,0.227029,-0.00920388,-0.40696,-0.294723
41.308,0.227029,-0.00920388,-0.366264,-0.26525
41.31,0.227029,-0.00920388,-0.329637,-0.238725
41.312,0.227029,-0.00920388,-0.296674,-0.214853
41.314,0.227029,-0.00613592,-0.267006,-0.0399695
41.316,0.227029,-0.00613592,-0.240306,-0.0359725
41.318,0.227029,-0.00613592,-0.216275,-0.0323753
41.32,0.227029,-0.00613592,-0.194648,-0.0291378
41.322,0.227029,-0.00306796,-0.175183,0.127174
41.324,0.227029,-0.00306796,-0.157665,0.114457
41.326,0.227029,-0.00306796,-0.141898,0.103011
41.328,0.227029,-0.00306796,-0.127708,0.0927099
41.33,0.227029,-0.00306796,-0.114937,0.0834389
41.332,0.227029,-0.00306796,-0.103444,0.075095
41.334,0.227029,-0.00306796,-0.0930994,0.0675855
41.336,0.227029,-0.00306796,-0.0837894,0.060827
41.338,0.227029,-0.00306796,-0.0754105,0.0547443
41.34,0.227029,0,-0.0678694,0.202668
41.342,0.227029,0,-0.0610825,0.182401
41.344,0.227029,0,-0.0549742,0.164161
41.346,0.227029,0,-0.0494768,0.147745
41.348,0.227029,0,-0.0445291,0.13297
41.35,0.227029,0,-0.0400762,0.119673
41.352,0.227029,0,-0.0360686,0.107706
41.354,0.227029,0,-0.0324617,0.0969354
41.356,0.227029,0,-0.0292156,0.0872419
41.358,0.227029,0.00306796,-0.026294,0.231916
41.36,0.227029,0.00306796,-0.0236646,0.208724
41.362,0.223961,0.00306796,-0.174696,0.187852
41.364,0.223961,0.00306796,-0.157227,0.169067
41.366,0.223961,0.00306796,-0.141504,0.15216
41.368,0.223961,0.00306796,-0.127354,0.136944
41.37,0.223961,0.00306796,-0.114618,0.12325
41.372,0.223961,0.00306796,-0.103156,0.110925
41.374,0.223961,0.00306796,-0.0928407,0.0998321
41.376,0.227029,0.00306796,0.0698414,0.0898489
41.378,0.227029,0.00613592,0.0628573,0.234262
41.38,0.230097,0.00920388,0.20997,0.364234
41.382,0.230097,0.00920388,0.188973,0.327811
41.384,0.233165,0.0122718,0.323473,0.448428
41.386,0.233165,0.0153398,0.291126,0.556983
41.388,0.233165,0.0153398,0.262014,0.501285
41.39,0.236233,0.0184078,0.38921,0.604554
41.392,0.236233,0.0214757,0.350289,0.697497
41.394,0.236233,0.0214757,0.31526,0.627747
41.396,0.236233,0.0245437,0.283734,0.718371
41.398,0.236233,0.0245437,0.255361,0.646534
41.4,0.236233,0.0245437,0.229825,0.58188
41.402,0.236233,0.0245437,0.206842,0.523692
41.404,0.236233,0.0245437,0.186158,0.471323
41.406,0.236233,0.0245437,0.167542,0.424191
41.408,0.233165,0.0245437,-0.00261006,0.381772
41.41,0.233165,0.0245437,-0.00234905,0.343594
41.412,0.230097,0.0214757,-0.155512,0.155837
41.414,0.227029,0.0214757,-0.293359,0.140253
41.416,0.227029,0.0184078,-0.264023,-0.0271702
41.418,0.223961,0.0184078,-0.391019,-0.0244532
41.42,0.220893,0.0153398,-0.505315,-0.175406
41.422,0.217825,0.0122718,-0.608182,-0.311263
41.424,0.217825,0.0122718,-0.547364,-0.280137
41.426,0.211689,0.00920388,-0.799423,-0.405521
41.428,0.211689,0.00613592,-0.719481,-0.518367
41.43,0.208621,0.00613592,-0.800931,-0.466531
41.432,0.208621,0.00306796,-0.720838,-0.573276
41.434,0.205553,0.00306796,-0.802152,-0.515948
41.436,0.202485,0,-0.875335,-0.617751
41.438,0.202485,0,-0.787802,-0.555976
41.44,0.199418,0,-0.862419,-0.500379
41.442,0.199418,-0.00306796,-0.776178,-0.603739
41.444,0.19635,-0.00306796,-0.851958,-0.543365
41.446,0.19635,-0.00306796,-0.766762,-0.489028
41.448,0.193282,-0.00613592,-0.843484,-0.593524
41.45,0.193282,-0.00613592,-0.759136,-0.534171
41.452,0.190214,-0.00613592,-0.83662,-0.480754
41.454,0.190214,-0.00613592,-0.752958,-0.432679
41.456,0.187146,-0.00613592,-0.83106,-0.389411
41.458,0.187146,-0.00613592,-0.747954,-0.35047
41.46,0.184078,-0.00920388,-0.826557,-0.468821
41.462,0.184078,-0.00920388,-0.743901,-0.421939
41.464,0.184078,-0.00920388,-0.669511,-0.379745
41.466,0.18101,-0.00920388,-0.755958,-0.34177
41.468,0.18101,-0.0122718,-0.680362,-0.460991
41.47,0.177942,-0.0122718,-0.765724,-0.414892
41.472,0.174874,-0.0122718,-0.84255,-0.373403
41.474,0.174874,-0.0122718,-0.758295,-0.336063
41.476,0.171806,-0.0153398,-0.835863,-0.455855
41.478,0.168738,-0.0153398,-0.905675,-0.410269
41.48,0.168738,-0.0153398,-0.815108,-0.369242
41.482,0.16567,-0.0184078,-0.886995,-0.485716
41.484,0.162602,-0.0184078,-0.951694,-0.437144
41.486,0.159534,-0.0214757,-1.00992,-0.546828
41.488,0.156466,-0.0245437,-1.06233,-0.645543
41.49,0.153398,-0.0276117,-1.10949,-0.734387
41.492,0.15033,-0.0306796,-1.15194,-0.814346
41.494,0.147262,-0.0337476,-1.19015,-0.88631
41.496,0.144194,-0.0368155,-1.22453,-0.951077
41.498,0.138058,-0.0398835,-1.40887,-1.00937
41.5,0.138058,-0.0429515,-1.26799,-1.06183
41.502,0.13499,-0.0460194,-1.29458,-1.10904
41.504,0.128854,-0.0490874,-1.47192,-1.15154
41.506,0.125786,-0.0521553,-1.47813,-1.18978
41.508,0.122718,-0.0552233,-1.48371,-1.2242
41.51,0.122718,-0.0582913,-1.33534,-1.25518
41.512,0.119651,-0.0582913,-1.35521,-1.12966
41.514,0.116583,-0.0613592,-1.37308,-1.17009
41.516,0.113515,-0.0644272,-1.38917,-1.20648
41.518,0.110447,-0.0674952,-1.40365,-1.23923
41.52,0.110447,-0.0674952,-1.26329,-1.11531
41.522,0.107379,-0.0705631,-1.29036,-1.15718
41.524,0.107379,-0.0705631,-1.16132,-1.04146
41.526,0.104311,-0.0705631,-1.19859,-0.937313
41.528,0.104311,-0.0736311,-1.07873,-0.99698
41.53,0.101243,-0.0736311,-1.12425,-0.897282
41.532,0.101243,-0.0736311,-1.01183,-0.807553
41.534,0.101243,-0.0736311,-0.910646,-0.726798
41.536,0.101243,-0.0736311,-0.819581,-0.654118
41.538,0.101243,-0.0736311,-0.737623,-0.588706
41.54,0.101243,-0.0736311,-0.663861,-0.529836
41.542,0.0981748,-0.0736311,-0.750873,-0.476852
41.544,0.0981748,-0.0736311,-0.675786,-0.429167
41.546,0.0981748,-0.0736311,-0.608207,-0.38625
41.548,0.101243,-0.0736311,-0.393988,-0.347625
41.55,0.101243,-0.0736311,-0.354589,-0.312863
41.552,0.101243,-0.0736311,-0.319131,-0.281576
41.554,0.104311,-0.0705631,-0.133819,-0.100021
41.556,0.104311,-0.0705631,-0.120437,-0.0900187
41.558,0.107379,-0.0674952,0.0450044,0.0723813
41.56,0.110447,-0.0644272,0.193902,0.218541
41.562,0.113515,-0.0613592,0.32791,0.350085
41.564,0.116583,-0.0582913,0.448517,0.468475
41.566,0.119651,-0.0552233,0.557063,0.575025
41.568,0.122718,-0.0521553,0.654755,0.670921
41.57,0.125786,-0.0490874,0.742678,0.757227
41.572,0.128854,-0.0429515,0.821808,0.9883
41.574,0.131922,-0.0398835,0.893025,1.04287
41.576,0.13499,-0.0368155,0.957121,1.09198
41.578,0.138058,-0.0368155,1.01481,0.982782
41.58,0.141126,-0.0337476,1.06672,1.0379
41.582,0.144194,-0.0306796,1.11345,1.08751
41.584,0.147262,-0.0276117,1.1555,1.13216
41.586,0.15033,-0.0245437,1.19335,1.17234
41.588,0.153398,-0.0214757,1.22741,1.2085
41.59,0.156466,-0.0214757,1.25807,1.08765
41.592,0.159534,-0.0184078,1.28566,1.13229
41.594,0.162602,-0.0153398,1.31049,1.17246
41.596,0.16567,-0.0122718,1.33284,1.20861
41.598,0.171806,-0.00920388,1.50635,1.24115
41.6,0.171806,-0.00613592,1.35572,1.27043
41.602,0.177942,0,1.52694,1.45018
41.604,0.18101,0.00306796,1.52765,1.45856
41.606,0.184078,0.00613592,1.52828,1.4661
41.608,0.187146,0.00920388,1.52885,1.47289
41.61,0.190214,0.0122718,1.52936,1.479
41.612,0.19635,0.0153398,1.68322,1.4845
41.614,0.199418,0.0184078,1.6683,1.48945
41.616,0.202485,0.0214757,1.65487,1.4939
41.618,0.205553,0.0245437,1.64278,1.49791
41.62,0.208621,0.0306796,1.6319,1.65491
41.622,0.211689,0.0337476,1.62211,1.64282
41.624,0.217825,0.0368155,1.76669,1.63194
41.626,0.220893,0.0398835,1.74342,1.62214
41.628,0.220893,0.0429515,1.56908,1.61332
41.63,0.223961,0.0429515,1.56557,1.45199
41.632,0.227029,0.0460194,1.56241,1.46019
41.634,0.227029,0.0460194,1.40617,1.31417
41.636,0.230097,0.0490874,1.41895,1.33615
41.638,0.233165,0.0490874,1.43045,1.20254
41.64,0.233165,0.0521553,1.28741,1.23568
41.642,0.236233,0.0521553,1.31207,1.11211
41.644,0.236233,0.0552233,1.18086,1.1543
41.646,0.236233,0.0552233,1.06277,1.03887
41.648,0.236233,0.0552233,0.956496,0.934983
41.65,0.236233,0.0552233,0.860846,0.841485
41.652,0.239301,0.0552233,0.92816,0.757337
41.654,0.239301,0.0552233,0.835344,0.681603
41.656,0.236233,0.0552233,0.598411,0.613443
41.658,0.236233,0.0552233,0.53857,0.552098
